<?xml version="1.0" encoding="UTF-8"?>
<gpx creator="StravaGPX" version="1.1" xmlns="http://www.topografix.com/GPX/1/1" xmlns:xsi="http://www.w3.org/2001/XMLSchema-instance" xsi:schemaLocation="http://www.topografix.com/GPX/1/1 http://www.topografix.com/GPX/1/1/gpx.xsd">
 <metadata>
  <name>Alien mountain 2024</name>
  <desc>Hard</desc>
  <author>
   <name>Vladimir Sumarokov 🇰🇿🇷🇺🇹🇭</name>
   <link href="https://www.strava.com/athletes/16069938"/>
  </author>
  <copyright author="OpenStreetMap contributors">
   <year>2020</year>
   <license>https://www.openstreetmap.org/copyright</license>
  </copyright>
  <link href="https://www.strava.com/routes/3049666082736305490"/>
 </metadata>
 <trk>
  <name>Alien mountain 2024</name>
  <desc>Hard</desc>
  <link href="https://www.strava.com/routes/3049666082736305490"/>
  <type>cycling</type>
  <trkseg>
   <trkpt lat="12.652830000000002" lon="99.93841">
    <ele>23.26</ele>
   </trkpt>
   <trkpt lat="12.652450000000002" lon="99.93854">
    <ele>22.930000000000003</ele>
   </trkpt>
   <trkpt lat="12.652450000000002" lon="99.93865000000001">
    <ele>22.7</ele>
   </trkpt>
   <trkpt lat="12.65239" lon="99.93871000000001">
    <ele>22.7</ele>
   </trkpt>
   <trkpt lat="12.652310000000002" lon="99.93872">
    <ele>22.680000000000003</ele>
   </trkpt>
   <trkpt lat="12.652310000000002" lon="99.93891">
    <ele>22.680000000000003</ele>
   </trkpt>
   <trkpt lat="12.652386668604242" lon="99.93962999960414">
    <ele>20.93</ele>
   </trkpt>
   <trkpt lat="12.652463335274817" lon="99.9403499996408">
    <ele>20.220000000000002</ele>
   </trkpt>
   <trkpt lat="12.652540000000002" lon="99.94107000000001">
    <ele>19.990000000000002</ele>
   </trkpt>
   <trkpt lat="12.652400000000002" lon="99.94160000000001">
    <ele>19.450000000000003</ele>
   </trkpt>
   <trkpt lat="12.65196" lon="99.94203">
    <ele>19.42</ele>
   </trkpt>
   <trkpt lat="12.651840000000002" lon="99.94223000000001">
    <ele>19.23</ele>
   </trkpt>
   <trkpt lat="12.651790000000002" lon="99.9424">
    <ele>19.23</ele>
   </trkpt>
   <trkpt lat="12.651657503715445" lon="99.9432150012737">
    <ele>18.18</ele>
   </trkpt>
   <trkpt lat="12.651525004953418" lon="99.94403000170128">
    <ele>17.44</ele>
   </trkpt>
   <trkpt lat="12.65139250371395" lon="99.94484500128272">
    <ele>16.39</ele>
   </trkpt>
   <trkpt lat="12.65126" lon="99.94566">
    <ele>16.220000000000002</ele>
   </trkpt>
   <trkpt lat="12.65117" lon="99.94592000000002">
    <ele>16.17</ele>
   </trkpt>
   <trkpt lat="12.65102" lon="99.94609000000001">
    <ele>16.110000000000003</ele>
   </trkpt>
   <trkpt lat="12.65085" lon="99.94623000000001">
    <ele>16.12</ele>
   </trkpt>
   <trkpt lat="12.6507" lon="99.94628">
    <ele>16.200000000000003</ele>
   </trkpt>
   <trkpt lat="12.65047" lon="99.94628">
    <ele>16.200000000000003</ele>
   </trkpt>
   <trkpt lat="12.649885000058807" lon="99.94612499964852">
    <ele>16.080000000000002</ele>
   </trkpt>
   <trkpt lat="12.6493" lon="99.94597">
    <ele>16.470000000000002</ele>
   </trkpt>
   <trkpt lat="12.64924" lon="99.94604000000001">
    <ele>16.46</ele>
   </trkpt>
   <trkpt lat="12.64916" lon="99.94606">
    <ele>16.34</ele>
   </trkpt>
   <trkpt lat="12.64901" lon="99.94666000000001">
    <ele>15.260000000000002</ele>
   </trkpt>
   <trkpt lat="12.649080000000001" lon="99.9467">
    <ele>15.240000000000002</ele>
   </trkpt>
   <trkpt lat="12.6491" lon="99.94680000000001">
    <ele>14.48</ele>
   </trkpt>
   <trkpt lat="12.64905" lon="99.94685000000001">
    <ele>14.48</ele>
   </trkpt>
   <trkpt lat="12.648990000000001" lon="99.94686000000002">
    <ele>14.42</ele>
   </trkpt>
   <trkpt lat="12.648760000000001" lon="99.94675000000001">
    <ele>14.5</ele>
   </trkpt>
   <trkpt lat="12.648620000000001" lon="99.94672000000001">
    <ele>14.5</ele>
   </trkpt>
   <trkpt lat="12.648100000000001" lon="99.94654000000001">
    <ele>14.450000000000001</ele>
   </trkpt>
   <trkpt lat="12.64758000001001" lon="99.94642499976256">
    <ele>14.470000000000002</ele>
   </trkpt>
   <trkpt lat="12.647060000000002" lon="99.94631000000001">
    <ele>14.46</ele>
   </trkpt>
   <trkpt lat="12.646250000149372" lon="99.94611666544259">
    <ele>14.360000000000001</ele>
   </trkpt>
   <trkpt lat="12.645440000159383" lon="99.94592333211168">
    <ele>14.34</ele>
   </trkpt>
   <trkpt lat="12.644630000000001" lon="99.94573000000001">
    <ele>14.14</ele>
   </trkpt>
   <trkpt lat="12.643970000000001" lon="99.9457">
    <ele>14.16</ele>
   </trkpt>
   <trkpt lat="12.643320000000001" lon="99.94575">
    <ele>14.180000000000001</ele>
   </trkpt>
   <trkpt lat="12.642470000018859" lon="99.94593500062541">
    <ele>14.180000000000001</ele>
   </trkpt>
   <trkpt lat="12.641620000000001" lon="99.94612000000001">
    <ele>14.280000000000001</ele>
   </trkpt>
   <trkpt lat="12.641070000107005" lon="99.94616500008844">
    <ele>14.32</ele>
   </trkpt>
   <trkpt lat="12.64052" lon="99.94621000000001">
    <ele>14.24</ele>
   </trkpt>
   <trkpt lat="12.6398733333236" lon="99.94621666670052">
    <ele>14.300000000000002</ele>
   </trkpt>
   <trkpt lat="12.639226666647033" lon="99.94622333336729">
    <ele>14.31</ele>
   </trkpt>
   <trkpt lat="12.638580000000001" lon="99.94623000000001">
    <ele>14.350000000000001</ele>
   </trkpt>
   <trkpt lat="12.638060000000001" lon="99.94626000000001">
    <ele>14.280000000000001</ele>
   </trkpt>
   <trkpt lat="12.637580000000002" lon="99.94634">
    <ele>14.440000000000001</ele>
   </trkpt>
   <trkpt lat="12.636720000106928" lon="99.94653500064803">
    <ele>14.370000000000001</ele>
   </trkpt>
   <trkpt lat="12.635860000000001" lon="99.94673">
    <ele>14.560000000000002</ele>
   </trkpt>
   <trkpt lat="12.635530000000001" lon="99.94675000000001">
    <ele>14.640000000000002</ele>
   </trkpt>
   <trkpt lat="12.635390000000001" lon="99.94674">
    <ele>14.620000000000001</ele>
   </trkpt>
   <trkpt lat="12.635380000000001" lon="99.94674">
    <ele>14.610000000000001</ele>
   </trkpt>
   <trkpt lat="12.63503" lon="99.94673">
    <ele>14.540000000000001</ele>
   </trkpt>
   <trkpt lat="12.634530000000002" lon="99.94662000000001">
    <ele>14.540000000000001</ele>
   </trkpt>
   <trkpt lat="12.634220000000001" lon="99.94651">
    <ele>14.5</ele>
   </trkpt>
   <trkpt lat="12.633960000000002" lon="99.94639000000001">
    <ele>14.58</ele>
   </trkpt>
   <trkpt lat="12.63376" lon="99.94626000000001">
    <ele>14.770000000000001</ele>
   </trkpt>
   <trkpt lat="12.633150000476148" lon="99.94579999896422">
    <ele>14.700000000000001</ele>
   </trkpt>
   <trkpt lat="12.63254" lon="99.94534">
    <ele>15.4</ele>
   </trkpt>
   <trkpt lat="12.6325" lon="99.94523000000001">
    <ele>15.4</ele>
   </trkpt>
   <trkpt lat="12.632080000320734" lon="99.94489999955054">
    <ele>15.65</ele>
   </trkpt>
   <trkpt lat="12.631660000000002" lon="99.94457000000001">
    <ele>15.97</ele>
   </trkpt>
   <trkpt lat="12.63123" lon="99.94435000000001">
    <ele>15.950000000000003</ele>
   </trkpt>
   <trkpt lat="12.630970000000001" lon="99.94419">
    <ele>15.940000000000003</ele>
   </trkpt>
   <trkpt lat="12.630650000000001" lon="99.94406000000001">
    <ele>15.84</ele>
   </trkpt>
   <trkpt lat="12.630270000000001" lon="99.94396">
    <ele>15.99</ele>
   </trkpt>
   <trkpt lat="12.629980000000002" lon="99.94394000000001">
    <ele>15.99</ele>
   </trkpt>
   <trkpt lat="12.629760000000001" lon="99.94395000000002">
    <ele>16.07</ele>
   </trkpt>
   <trkpt lat="12.6295" lon="99.94399000000001">
    <ele>16.07</ele>
   </trkpt>
   <trkpt lat="12.6293" lon="99.94405">
    <ele>16.07</ele>
   </trkpt>
   <trkpt lat="12.628614000692187" lon="99.94435400326003">
    <ele>16.42</ele>
   </trkpt>
   <trkpt lat="12.627928001040251" lon="99.94465800488908">
    <ele>15.38</ele>
   </trkpt>
   <trkpt lat="12.62724200104422" lon="99.9449620048872">
    <ele>14.810000000000002</ele>
   </trkpt>
   <trkpt lat="12.626556000704117" lon="99.94526600325453">
    <ele>14.72</ele>
   </trkpt>
   <trkpt lat="12.62587" lon="99.94557">
    <ele>14.96</ele>
   </trkpt>
   <trkpt lat="12.62541" lon="99.9457">
    <ele>15.01</ele>
   </trkpt>
   <trkpt lat="12.625250000000001" lon="99.94573000000001">
    <ele>14.97</ele>
   </trkpt>
   <trkpt lat="12.625050000000002" lon="99.94574000000001">
    <ele>14.97</ele>
   </trkpt>
   <trkpt lat="12.624530000000002" lon="99.94574000000001">
    <ele>14.84</ele>
   </trkpt>
   <trkpt lat="12.62433" lon="99.94573000000001">
    <ele>14.76</ele>
   </trkpt>
   <trkpt lat="12.62395" lon="99.94567">
    <ele>14.620000000000001</ele>
   </trkpt>
   <trkpt lat="12.623334999907314" lon="99.94549499953673">
    <ele>14.46</ele>
   </trkpt>
   <trkpt lat="12.622720000000001" lon="99.94532000000001">
    <ele>14.8</ele>
   </trkpt>
   <trkpt lat="12.622037500231194" lon="99.9451124983368">
    <ele>14.88</ele>
   </trkpt>
   <trkpt lat="12.621355000302144" lon="99.94490499778058">
    <ele>14.96</ele>
   </trkpt>
   <trkpt lat="12.62067250021286" lon="99.94469749833128">
    <ele>15.18</ele>
   </trkpt>
   <trkpt lat="12.619990000000001" lon="99.94449">
    <ele>15.280000000000001</ele>
   </trkpt>
   <trkpt lat="12.619750000000002" lon="99.94446">
    <ele>15.3</ele>
   </trkpt>
   <trkpt lat="12.61931" lon="99.94444000000001">
    <ele>15.590000000000002</ele>
   </trkpt>
   <trkpt lat="12.619110000000001" lon="99.94446">
    <ele>15.67</ele>
   </trkpt>
   <trkpt lat="12.618440000000001" lon="99.94463">
    <ele>14.940000000000001</ele>
   </trkpt>
   <trkpt lat="12.617813333540198" lon="99.94488666793914">
    <ele>14.5</ele>
   </trkpt>
   <trkpt lat="12.617186666835293" lon="99.94514333462145">
    <ele>14.42</ele>
   </trkpt>
   <trkpt lat="12.616560000000002" lon="99.9454">
    <ele>14.46</ele>
   </trkpt>
   <trkpt lat="12.615950000000002" lon="99.94558">
    <ele>14.190000000000001</ele>
   </trkpt>
   <trkpt lat="12.61561" lon="99.94563000000001">
    <ele>14.16</ele>
   </trkpt>
   <trkpt lat="12.615210000000001" lon="99.94566">
    <ele>14.06</ele>
   </trkpt>
   <trkpt lat="12.614455999994862" lon="99.94566">
    <ele>13.73</ele>
   </trkpt>
   <trkpt lat="12.613701999989724" lon="99.94566">
    <ele>13.290000000000001</ele>
   </trkpt>
   <trkpt lat="12.612947999984582" lon="99.94566">
    <ele>13.110000000000001</ele>
   </trkpt>
   <trkpt lat="12.612193999979443" lon="99.94566">
    <ele>12.97</ele>
   </trkpt>
   <trkpt lat="12.611440000000002" lon="99.94566">
    <ele>12.950000000000001</ele>
   </trkpt>
   <trkpt lat="12.610793333283832" lon="99.94567000005127">
    <ele>13.040000000000001</ele>
   </trkpt>
   <trkpt lat="12.610146666567294" lon="99.94568000005205">
    <ele>13.290000000000001</ele>
   </trkpt>
   <trkpt lat="12.6095" lon="99.94569000000001">
    <ele>13.66</ele>
   </trkpt>
   <trkpt lat="12.60866" lon="99.94567">
    <ele>13.05</ele>
   </trkpt>
   <trkpt lat="12.607850000000001" lon="99.94559000000001">
    <ele>13.21</ele>
   </trkpt>
   <trkpt lat="12.607510000000001" lon="99.94552">
    <ele>13.430000000000001</ele>
   </trkpt>
   <trkpt lat="12.606837500117559" lon="99.94534499860802">
    <ele>13.420000000000002</ele>
   </trkpt>
   <trkpt lat="12.606165000121262" lon="99.94516999813486">
    <ele>13.64</ele>
   </trkpt>
   <trkpt lat="12.605492500011126" lon="99.9449949985804">
    <ele>13.74</ele>
   </trkpt>
   <trkpt lat="12.604820000000002" lon="99.94482">
    <ele>13.690000000000001</ele>
   </trkpt>
   <trkpt lat="12.60443" lon="99.94477">
    <ele>13.690000000000001</ele>
   </trkpt>
   <trkpt lat="12.60415" lon="99.94477">
    <ele>13.49</ele>
   </trkpt>
   <trkpt lat="12.603430000000001" lon="99.94487000000001">
    <ele>13.38</ele>
   </trkpt>
   <trkpt lat="12.602640000192258" lon="99.94504750163772">
    <ele>13.110000000000001</ele>
   </trkpt>
   <trkpt lat="12.601850000267424" lon="99.94522500218108">
    <ele>13.1</ele>
   </trkpt>
   <trkpt lat="12.60106000022551" lon="99.94540250163016">
    <ele>13.05</ele>
   </trkpt>
   <trkpt lat="12.600270000000002" lon="99.94558">
    <ele>13.05</ele>
   </trkpt>
   <trkpt lat="12.59998" lon="99.94563000000001">
    <ele>13.05</ele>
   </trkpt>
   <trkpt lat="12.599380000000002" lon="99.94566">
    <ele>13.15</ele>
   </trkpt>
   <trkpt lat="12.598970000000001" lon="99.94564000000001">
    <ele>13.15</ele>
   </trkpt>
   <trkpt lat="12.5981499999006" lon="99.94549499951174">
    <ele>13.9</ele>
   </trkpt>
   <trkpt lat="12.597330000000001" lon="99.94535">
    <ele>13.65</ele>
   </trkpt>
   <trkpt lat="12.596706666690359" lon="99.94525333286161">
    <ele>13.680000000000001</ele>
   </trkpt>
   <trkpt lat="12.596083333345998" lon="99.94515666619326">
    <ele>13.680000000000001</ele>
   </trkpt>
   <trkpt lat="12.595460000000001" lon="99.94506000000001">
    <ele>13.72</ele>
   </trkpt>
   <trkpt lat="12.594765000124154" lon="99.94492999966504">
    <ele>13.72</ele>
   </trkpt>
   <trkpt lat="12.59407" lon="99.94480000000001">
    <ele>13.860000000000001</ele>
   </trkpt>
   <trkpt lat="12.593750000000002" lon="99.94477">
    <ele>13.860000000000001</ele>
   </trkpt>
   <trkpt lat="12.593340000000001" lon="99.94476">
    <ele>13.840000000000002</ele>
   </trkpt>
   <trkpt lat="12.593010000000001" lon="99.94477">
    <ele>13.82</ele>
   </trkpt>
   <trkpt lat="12.592590000000001" lon="99.94483000000001">
    <ele>13.9</ele>
   </trkpt>
   <trkpt lat="12.59177" lon="99.94503">
    <ele>14.0</ele>
   </trkpt>
   <trkpt lat="12.590940000000542" lon="99.94525500075336">
    <ele>13.8</ele>
   </trkpt>
   <trkpt lat="12.590110000000001" lon="99.94548">
    <ele>13.670000000000002</ele>
   </trkpt>
   <trkpt lat="12.5896" lon="99.94568000000001">
    <ele>13.71</ele>
   </trkpt>
   <trkpt lat="12.58938" lon="99.9458">
    <ele>13.71</ele>
   </trkpt>
   <trkpt lat="12.589060000000002" lon="99.94602">
    <ele>13.61</ele>
   </trkpt>
   <trkpt lat="12.588780000000002" lon="99.94628">
    <ele>13.760000000000002</ele>
   </trkpt>
   <trkpt lat="12.58852" lon="99.94656">
    <ele>13.770000000000001</ele>
   </trkpt>
   <trkpt lat="12.58825" lon="99.94696">
    <ele>13.98</ele>
   </trkpt>
   <trkpt lat="12.587850000000001" lon="99.94767">
    <ele>13.88</ele>
   </trkpt>
   <trkpt lat="12.587510000000002" lon="99.94815000000001">
    <ele>13.66</ele>
   </trkpt>
   <trkpt lat="12.5873" lon="99.94836000000001">
    <ele>13.44</ele>
   </trkpt>
   <trkpt lat="12.58703" lon="99.94857">
    <ele>13.35</ele>
   </trkpt>
   <trkpt lat="12.58655" lon="99.94885000000001">
    <ele>13.290000000000001</ele>
   </trkpt>
   <trkpt lat="12.58605" lon="99.94900000000001">
    <ele>13.170000000000002</ele>
   </trkpt>
   <trkpt lat="12.58572" lon="99.94904000000001">
    <ele>13.31</ele>
   </trkpt>
   <trkpt lat="12.584930000001904" lon="99.94905571457593">
    <ele>13.930000000000001</ele>
   </trkpt>
   <trkpt lat="12.58414000000289" lon="99.94907142905511">
    <ele>13.71</ele>
   </trkpt>
   <trkpt lat="12.58335000000296" lon="99.94908714343757">
    <ele>13.600000000000001</ele>
   </trkpt>
   <trkpt lat="12.582560000002113" lon="99.94910285772328">
    <ele>13.520000000000001</ele>
   </trkpt>
   <trkpt lat="12.58177000000035" lon="99.94911857191227">
    <ele>13.500000000000002</ele>
   </trkpt>
   <trkpt lat="12.580979999997671" lon="99.94913428600455">
    <ele>13.61</ele>
   </trkpt>
   <trkpt lat="12.580190000000002" lon="99.94915">
    <ele>13.47</ele>
   </trkpt>
   <trkpt lat="12.579629999980309" lon="99.94917500005546">
    <ele>13.53</ele>
   </trkpt>
   <trkpt lat="12.579070000000002" lon="99.9492">
    <ele>13.510000000000002</ele>
   </trkpt>
   <trkpt lat="12.578790000000001" lon="99.94925">
    <ele>13.510000000000002</ele>
   </trkpt>
   <trkpt lat="12.578220000000002" lon="99.94943">
    <ele>13.66</ele>
   </trkpt>
   <trkpt lat="12.577415000855456" lon="99.94981750363434">
    <ele>13.670000000000002</ele>
   </trkpt>
   <trkpt lat="12.576610001153913" lon="99.95020500483922">
    <ele>13.53</ele>
   </trkpt>
   <trkpt lat="12.575805000895416" lon="99.9505925036149">
    <ele>13.47</ele>
   </trkpt>
   <trkpt lat="12.575000000000001" lon="99.95098">
    <ele>13.680000000000001</ele>
   </trkpt>
   <trkpt lat="12.574660000000002" lon="99.95114000000001">
    <ele>14.16</ele>
   </trkpt>
   <trkpt lat="12.5746" lon="99.95114000000001">
    <ele>14.16</ele>
   </trkpt>
   <trkpt lat="12.57454" lon="99.95111000000001">
    <ele>14.440000000000001</ele>
   </trkpt>
   <trkpt lat="12.574240000000001" lon="99.95092000000001">
    <ele>15.01</ele>
   </trkpt>
   <trkpt lat="12.57432" lon="99.95078000000001">
    <ele>15.070000000000002</ele>
   </trkpt>
   <trkpt lat="12.57435" lon="99.95065000000001">
    <ele>15.110000000000001</ele>
   </trkpt>
   <trkpt lat="12.574440000000001" lon="99.94992">
    <ele>15.510000000000002</ele>
   </trkpt>
   <trkpt lat="12.574480000000001" lon="99.94969">
    <ele>15.620000000000001</ele>
   </trkpt>
   <trkpt lat="12.574690000657291" lon="99.94912000031724">
    <ele>16.03</ele>
   </trkpt>
   <trkpt lat="12.574900000000001" lon="99.94855000000001">
    <ele>16.76</ele>
   </trkpt>
   <trkpt lat="12.575163335496029" lon="99.94778666822708">
    <ele>18.04</ele>
   </trkpt>
   <trkpt lat="12.575426668831039" lon="99.94702333488895">
    <ele>19.270000000000003</ele>
   </trkpt>
   <trkpt lat="12.575690000000002" lon="99.94626000000001">
    <ele>19.83</ele>
   </trkpt>
   <trkpt lat="12.575930000756001" lon="99.94563500050178">
    <ele>20.220000000000002</ele>
   </trkpt>
   <trkpt lat="12.576170000000001" lon="99.94501000000001">
    <ele>20.89</ele>
   </trkpt>
   <trkpt lat="12.576485000695309" lon="99.94442500060494">
    <ele>21.59</ele>
   </trkpt>
   <trkpt lat="12.5768" lon="99.94384000000001">
    <ele>22.480000000000004</ele>
   </trkpt>
   <trkpt lat="12.57689" lon="99.94358000000001">
    <ele>22.480000000000004</ele>
   </trkpt>
   <trkpt lat="12.577085001128118" lon="99.94280000059331">
    <ele>23.990000000000002</ele>
   </trkpt>
   <trkpt lat="12.577280000000002" lon="99.94202000000001">
    <ele>26.160000000000004</ele>
   </trkpt>
   <trkpt lat="12.577430000000001" lon="99.94173">
    <ele>26.78</ele>
   </trkpt>
   <trkpt lat="12.577793334233068" lon="99.9412266681465">
    <ele>27.49</ele>
   </trkpt>
   <trkpt lat="12.578156667526352" lon="99.94072333486866">
    <ele>28.96</ele>
   </trkpt>
   <trkpt lat="12.578520000000001" lon="99.94022000000001">
    <ele>30.660000000000004</ele>
   </trkpt>
   <trkpt lat="12.57868" lon="99.93995000000001">
    <ele>31.000000000000004</ele>
   </trkpt>
   <trkpt lat="12.578830000000002" lon="99.93949">
    <ele>31.160000000000004</ele>
   </trkpt>
   <trkpt lat="12.579053336002021" lon="99.93864333477097">
    <ele>31.22</ele>
   </trkpt>
   <trkpt lat="12.579276669344662" lon="99.9377966680691">
    <ele>31.490000000000002</ele>
   </trkpt>
   <trkpt lat="12.579500000000001" lon="99.93695000000001">
    <ele>32.59</ele>
   </trkpt>
   <trkpt lat="12.579600000000001" lon="99.93672000000001">
    <ele>32.59</ele>
   </trkpt>
   <trkpt lat="12.579770000000002" lon="99.93651000000001">
    <ele>32.68</ele>
   </trkpt>
   <trkpt lat="12.580125000266165" lon="99.93614000049891">
    <ele>33.190000000000005</ele>
   </trkpt>
   <trkpt lat="12.580480000000001" lon="99.93577">
    <ele>34.760000000000005</ele>
   </trkpt>
   <trkpt lat="12.580660000000002" lon="99.93556000000001">
    <ele>36.050000000000004</ele>
   </trkpt>
   <trkpt lat="12.580770000000001" lon="99.93532">
    <ele>38.18000000000001</ele>
   </trkpt>
   <trkpt lat="12.580860000000001" lon="99.93462000000001">
    <ele>40.61</ele>
   </trkpt>
   <trkpt lat="12.580920001863221" lon="99.93391000041683">
    <ele>44.4</ele>
   </trkpt>
   <trkpt lat="12.58098000185605" lon="99.93320000050174">
    <ele>47.2</ele>
   </trkpt>
   <trkpt lat="12.581040000000002" lon="99.93249">
    <ele>48.6</ele>
   </trkpt>
   <trkpt lat="12.581050000592667" lon="99.93192499999722">
    <ele>50.760000000000005</ele>
   </trkpt>
   <trkpt lat="12.58106" lon="99.93136000000001">
    <ele>53.480000000000004</ele>
   </trkpt>
   <trkpt lat="12.580990000580726" lon="99.9307999998388">
    <ele>57.970000000000006</ele>
   </trkpt>
   <trkpt lat="12.58092" lon="99.93024000000001">
    <ele>61.7</ele>
   </trkpt>
   <trkpt lat="12.58092" lon="99.92987000000001">
    <ele>68.73</ele>
   </trkpt>
   <trkpt lat="12.58097" lon="99.9295">
    <ele>70.41</ele>
   </trkpt>
   <trkpt lat="12.581140000000001" lon="99.92892">
    <ele>76.87</ele>
   </trkpt>
   <trkpt lat="12.581140000000001" lon="99.92880000000001">
    <ele>78.0</ele>
   </trkpt>
   <trkpt lat="12.58107" lon="99.92858000000001">
    <ele>79.34</ele>
   </trkpt>
   <trkpt lat="12.580835000364816" lon="99.9281599996827">
    <ele>80.78</ele>
   </trkpt>
   <trkpt lat="12.5806" lon="99.92774000000001">
    <ele>81.13000000000001</ele>
   </trkpt>
   <trkpt lat="12.580530000000001" lon="99.92769000000001">
    <ele>81.13000000000001</ele>
   </trkpt>
   <trkpt lat="12.580091435075575" lon="99.92692570645785">
    <ele>79.44000000000001</ele>
   </trkpt>
   <trkpt lat="12.579652867983901" lon="99.92616141552675">
    <ele>77.66000000000001</ele>
   </trkpt>
   <trkpt lat="12.579214298725054" lon="99.92539712720665">
    <ele>75.39000000000001</ele>
   </trkpt>
   <trkpt lat="12.578775727299135" lon="99.92463284149747">
    <ele>70.27</ele>
   </trkpt>
   <trkpt lat="12.578337153706228" lon="99.9238685583991">
    <ele>67.68</ele>
   </trkpt>
   <trkpt lat="12.577898577946407" lon="99.92310427791145">
    <ele>67.3</ele>
   </trkpt>
   <trkpt lat="12.57746" lon="99.92234">
    <ele>66.81</ele>
   </trkpt>
   <trkpt lat="12.577160000448956" lon="99.92183999939141">
    <ele>65.75999999999999</ele>
   </trkpt>
   <trkpt lat="12.576860000000002" lon="99.92134000000001">
    <ele>65.21000000000001</ele>
   </trkpt>
   <trkpt lat="12.576600000000001" lon="99.92086">
    <ele>64.49000000000001</ele>
   </trkpt>
   <trkpt lat="12.576450000000001" lon="99.92046">
    <ele>63.7</ele>
   </trkpt>
   <trkpt lat="12.576315000396065" lon="99.91997999963667">
    <ele>62.870000000000005</ele>
   </trkpt>
   <trkpt lat="12.57618" lon="99.91950000000001">
    <ele>62.35</ele>
   </trkpt>
   <trkpt lat="12.576000000492368" lon="99.91896499951082">
    <ele>61.410000000000004</ele>
   </trkpt>
   <trkpt lat="12.57582" lon="99.91843000000001">
    <ele>60.7</ele>
   </trkpt>
   <trkpt lat="12.575500001021812" lon="99.91768999909267">
    <ele>59.150000000000006</ele>
   </trkpt>
   <trkpt lat="12.575180000000001" lon="99.91695000000001">
    <ele>57.470000000000006</ele>
   </trkpt>
   <trkpt lat="12.574940000000002" lon="99.91629">
    <ele>57.32</ele>
   </trkpt>
   <trkpt lat="12.57488" lon="99.91596000000001">
    <ele>57.220000000000006</ele>
   </trkpt>
   <trkpt lat="12.574840000000002" lon="99.91525000000001">
    <ele>56.35</ele>
   </trkpt>
   <trkpt lat="12.57483" lon="99.91444000000001">
    <ele>55.620000000000005</ele>
   </trkpt>
   <trkpt lat="12.57482" lon="99.91409">
    <ele>55.370000000000005</ele>
   </trkpt>
   <trkpt lat="12.574790000000002" lon="99.91386000000001">
    <ele>55.18000000000001</ele>
   </trkpt>
   <trkpt lat="12.574640000817446" lon="99.91318999954191">
    <ele>54.38</ele>
   </trkpt>
   <trkpt lat="12.57449" lon="99.91252000000001">
    <ele>54.1</ele>
   </trkpt>
   <trkpt lat="12.574370000000002" lon="99.91207000000001">
    <ele>53.78</ele>
   </trkpt>
   <trkpt lat="12.574185003472502" lon="99.9112799982966">
    <ele>53.35</ele>
   </trkpt>
   <trkpt lat="12.574000004630516" lon="99.9104899977311">
    <ele>53.11000000000001</ele>
   </trkpt>
   <trkpt lat="12.573815003474083" lon="99.90969999830351">
    <ele>52.300000000000004</ele>
   </trkpt>
   <trkpt lat="12.573630000000001" lon="99.90891">
    <ele>51.660000000000004</ele>
   </trkpt>
   <trkpt lat="12.573465000852945" lon="99.90821999943212">
    <ele>51.0</ele>
   </trkpt>
   <trkpt lat="12.573300000000001" lon="99.90753000000001">
    <ele>50.24000000000001</ele>
   </trkpt>
   <trkpt lat="12.573200000000002" lon="99.9073">
    <ele>49.92</ele>
   </trkpt>
   <trkpt lat="12.57305" lon="99.90708000000001">
    <ele>49.720000000000006</ele>
   </trkpt>
   <trkpt lat="12.572480000663104" lon="99.90649499873142">
    <ele>49.21</ele>
   </trkpt>
   <trkpt lat="12.57191" lon="99.90591">
    <ele>48.64</ele>
   </trkpt>
   <trkpt lat="12.571375000636925" lon="99.90533499882851">
    <ele>48.13</ele>
   </trkpt>
   <trkpt lat="12.57084" lon="99.90476000000001">
    <ele>47.300000000000004</ele>
   </trkpt>
   <trkpt lat="12.57084" lon="99.90469">
    <ele>47.13</ele>
   </trkpt>
   <trkpt lat="12.570306667825506" lon="99.90414999783712">
    <ele>47.00000000000001</ele>
   </trkpt>
   <trkpt lat="12.569773334569916" lon="99.9036099979159">
    <ele>47.17</ele>
   </trkpt>
   <trkpt lat="12.56924" lon="99.90307000000001">
    <ele>46.92</ele>
   </trkpt>
   <trkpt lat="12.569020000000002" lon="99.90278">
    <ele>46.71</ele>
   </trkpt>
   <trkpt lat="12.568900000000001" lon="99.90256000000001">
    <ele>46.6</ele>
   </trkpt>
   <trkpt lat="12.56877" lon="99.90213000000001">
    <ele>46.28</ele>
   </trkpt>
   <trkpt lat="12.568600000000002" lon="99.90147">
    <ele>45.86000000000001</ele>
   </trkpt>
   <trkpt lat="12.568470000000001" lon="99.90106">
    <ele>45.730000000000004</ele>
   </trkpt>
   <trkpt lat="12.568410000000002" lon="99.90099000000001">
    <ele>45.730000000000004</ele>
   </trkpt>
   <trkpt lat="12.56825" lon="99.90053">
    <ele>45.33</ele>
   </trkpt>
   <trkpt lat="12.568190000000001" lon="99.90041000000001">
    <ele>45.33</ele>
   </trkpt>
   <trkpt lat="12.56803" lon="99.90014000000001">
    <ele>45.11000000000001</ele>
   </trkpt>
   <trkpt lat="12.567562501638324" lon="99.899597497042">
    <ele>44.36</ele>
   </trkpt>
   <trkpt lat="12.56709500218574" lon="99.8990549960576">
    <ele>43.620000000000005</ele>
   </trkpt>
   <trkpt lat="12.566627501642294" lon="99.89851249704674">
    <ele>42.75</ele>
   </trkpt>
   <trkpt lat="12.566160000000002" lon="99.89797000000002">
    <ele>42.56</ele>
   </trkpt>
   <trkpt lat="12.565670000759198" lon="99.89736499894664">
    <ele>41.480000000000004</ele>
   </trkpt>
   <trkpt lat="12.565180000000002" lon="99.89676000000001">
    <ele>41.17</ele>
   </trkpt>
   <trkpt lat="12.564900000000002" lon="99.89646">
    <ele>41.230000000000004</ele>
   </trkpt>
   <trkpt lat="12.56479" lon="99.89624">
    <ele>41.17</ele>
   </trkpt>
   <trkpt lat="12.564680000000001" lon="99.89594000000001">
    <ele>40.79</ele>
   </trkpt>
   <trkpt lat="12.564620000000001" lon="99.89565">
    <ele>40.440000000000005</ele>
   </trkpt>
   <trkpt lat="12.564510001034146" lon="99.89490499972003">
    <ele>40.21</ele>
   </trkpt>
   <trkpt lat="12.564400000000001" lon="99.89416000000001">
    <ele>40.64</ele>
   </trkpt>
   <trkpt lat="12.564380000000002" lon="99.89378">
    <ele>40.82</ele>
   </trkpt>
   <trkpt lat="12.56442" lon="99.89347000000001">
    <ele>40.870000000000005</ele>
   </trkpt>
   <trkpt lat="12.564570000000002" lon="99.89300000000001">
    <ele>40.63</ele>
   </trkpt>
   <trkpt lat="12.564680000000001" lon="99.89294000000001">
    <ele>40.480000000000004</ele>
   </trkpt>
   <trkpt lat="12.564860000000001" lon="99.89255000000001">
    <ele>40.300000000000004</ele>
   </trkpt>
   <trkpt lat="12.565240001078644" lon="99.89178500114254">
    <ele>40.18</ele>
   </trkpt>
   <trkpt lat="12.565620000000001" lon="99.89102000000001">
    <ele>40.300000000000004</ele>
   </trkpt>
   <trkpt lat="12.565965000765074" lon="99.89036000096648">
    <ele>40.32</ele>
   </trkpt>
   <trkpt lat="12.566310000000001" lon="99.8897">
    <ele>40.35</ele>
   </trkpt>
   <trkpt lat="12.56633" lon="99.88964000000001">
    <ele>39.92</ele>
   </trkpt>
   <trkpt lat="12.566320000000001" lon="99.88956">
    <ele>39.92</ele>
   </trkpt>
   <trkpt lat="12.56643" lon="99.88932000000001">
    <ele>39.78</ele>
   </trkpt>
   <trkpt lat="12.566550000000001" lon="99.88904000000001">
    <ele>39.43</ele>
   </trkpt>
   <trkpt lat="12.566630000000002" lon="99.88873000000001">
    <ele>39.61000000000001</ele>
   </trkpt>
   <trkpt lat="12.566630002178554" lon="99.88796333328955">
    <ele>39.99</ele>
   </trkpt>
   <trkpt lat="12.566630002178554" lon="99.88719666657907">
    <ele>39.88</ele>
   </trkpt>
   <trkpt lat="12.566630000000002" lon="99.88643">
    <ele>40.42</ele>
   </trkpt>
   <trkpt lat="12.56667" lon="99.88613000000001">
    <ele>40.56</ele>
   </trkpt>
   <trkpt lat="12.566770000000002" lon="99.8859">
    <ele>40.59</ele>
   </trkpt>
   <trkpt lat="12.566980000000001" lon="99.88566">
    <ele>40.449999999999996</ele>
   </trkpt>
   <trkpt lat="12.56723" lon="99.88552000000001">
    <ele>40.040000000000006</ele>
   </trkpt>
   <trkpt lat="12.567890000002256" lon="99.88534500046386">
    <ele>40.300000000000004</ele>
   </trkpt>
   <trkpt lat="12.568550000000002" lon="99.88517">
    <ele>40.95</ele>
   </trkpt>
   <trkpt lat="12.568740000000002" lon="99.88509">
    <ele>41.11</ele>
   </trkpt>
   <trkpt lat="12.56896" lon="99.8849">
    <ele>41.71</ele>
   </trkpt>
   <trkpt lat="12.569255000488296" lon="99.88441000049067">
    <ele>42.39</ele>
   </trkpt>
   <trkpt lat="12.569550000000001" lon="99.88392">
    <ele>42.54</ele>
   </trkpt>
   <trkpt lat="12.569880000000001" lon="99.88334">
    <ele>42.28</ele>
   </trkpt>
   <trkpt lat="12.56999" lon="99.88305000000001">
    <ele>42.61</ele>
   </trkpt>
   <trkpt lat="12.570224004512522" lon="99.88227000283715">
    <ele>43.0</ele>
   </trkpt>
   <trkpt lat="12.570458006769462" lon="99.88149000425364">
    <ele>43.45</ele>
   </trkpt>
   <trkpt lat="12.570692006770775" lon="99.88071000424941">
    <ele>43.58</ele>
   </trkpt>
   <trkpt lat="12.570926004516416" lon="99.87993000282452">
    <ele>43.92</ele>
   </trkpt>
   <trkpt lat="12.57116" lon="99.87915000000001">
    <ele>44.13</ele>
   </trkpt>
   <trkpt lat="12.571320000442585" lon="99.87871500002134">
    <ele>44.190000000000005</ele>
   </trkpt>
   <trkpt lat="12.571480000000001" lon="99.87828">
    <ele>43.95</ele>
   </trkpt>
   <trkpt lat="12.571700000562622" lon="99.87777500022626">
    <ele>44.03000000000001</ele>
   </trkpt>
   <trkpt lat="12.57192" lon="99.87727000000001">
    <ele>44.54</ele>
   </trkpt>
   <trkpt lat="12.572030000000002" lon="99.87713000000001">
    <ele>44.64000000000001</ele>
   </trkpt>
   <trkpt lat="12.572290000559834" lon="99.87658000055873">
    <ele>45.00000000000001</ele>
   </trkpt>
   <trkpt lat="12.572550000000001" lon="99.87603000000001">
    <ele>45.050000000000004</ele>
   </trkpt>
   <trkpt lat="12.572890000584547" lon="99.87546500075995">
    <ele>45.22</ele>
   </trkpt>
   <trkpt lat="12.57323" lon="99.87490000000001">
    <ele>45.22</ele>
   </trkpt>
   <trkpt lat="12.573250000000002" lon="99.87482000000001">
    <ele>45.2</ele>
   </trkpt>
   <trkpt lat="12.573720000000002" lon="99.87407">
    <ele>45.37</ele>
   </trkpt>
   <trkpt lat="12.57417" lon="99.87328000000001">
    <ele>46.03</ele>
   </trkpt>
   <trkpt lat="12.574473335053826" lon="99.8725966683059">
    <ele>46.44</ele>
   </trkpt>
   <trkpt lat="12.574776668375947" lon="99.87191333499787">
    <ele>46.50000000000001</ele>
   </trkpt>
   <trkpt lat="12.575080000000002" lon="99.87123000000001">
    <ele>46.78</ele>
   </trkpt>
   <trkpt lat="12.575330000000001" lon="99.87052000000001">
    <ele>46.910000000000004</ele>
   </trkpt>
   <trkpt lat="12.57544" lon="99.87007000000001">
    <ele>47.38</ele>
   </trkpt>
   <trkpt lat="12.575580001078457" lon="99.86930000053546">
    <ele>47.540000000000006</ele>
   </trkpt>
   <trkpt lat="12.57572" lon="99.86853">
    <ele>46.93000000000001</ele>
   </trkpt>
   <trkpt lat="12.57572" lon="99.86840000000001">
    <ele>46.93000000000001</ele>
   </trkpt>
   <trkpt lat="12.57567" lon="99.8683">
    <ele>46.93000000000001</ele>
   </trkpt>
   <trkpt lat="12.57549" lon="99.86804000000001">
    <ele>46.84</ele>
   </trkpt>
   <trkpt lat="12.57544" lon="99.86791000000001">
    <ele>46.7</ele>
   </trkpt>
   <trkpt lat="12.57544" lon="99.86781">
    <ele>46.39</ele>
   </trkpt>
   <trkpt lat="12.57548" lon="99.86764000000001">
    <ele>46.230000000000004</ele>
   </trkpt>
   <trkpt lat="12.57558" lon="99.86752000000001">
    <ele>46.230000000000004</ele>
   </trkpt>
   <trkpt lat="12.57572" lon="99.86741">
    <ele>45.95</ele>
   </trkpt>
   <trkpt lat="12.57581" lon="99.86731">
    <ele>45.93000000000001</ele>
   </trkpt>
   <trkpt lat="12.575890000000001" lon="99.86720000000001">
    <ele>46.00000000000001</ele>
   </trkpt>
   <trkpt lat="12.575940000000001" lon="99.86710000000001">
    <ele>46.00000000000001</ele>
   </trkpt>
   <trkpt lat="12.576010000000002" lon="99.86663000000001">
    <ele>46.02</ele>
   </trkpt>
   <trkpt lat="12.576" lon="99.86645000000001">
    <ele>46.160000000000004</ele>
   </trkpt>
   <trkpt lat="12.575920000000002" lon="99.86625000000001">
    <ele>46.18000000000001</ele>
   </trkpt>
   <trkpt lat="12.575790000000001" lon="99.86597">
    <ele>46.3</ele>
   </trkpt>
   <trkpt lat="12.575790000000001" lon="99.86579">
    <ele>46.3</ele>
   </trkpt>
   <trkpt lat="12.575840000000001" lon="99.86565">
    <ele>46.61000000000001</ele>
   </trkpt>
   <trkpt lat="12.575940000000001" lon="99.86550000000001">
    <ele>46.61000000000001</ele>
   </trkpt>
   <trkpt lat="12.57624" lon="99.86495000000001">
    <ele>47.41</ele>
   </trkpt>
   <trkpt lat="12.576310000000001" lon="99.86477000000001">
    <ele>47.64</ele>
   </trkpt>
   <trkpt lat="12.576390000000002" lon="99.86466000000001">
    <ele>47.830000000000005</ele>
   </trkpt>
   <trkpt lat="12.576530000583492" lon="99.86411500017005">
    <ele>47.96</ele>
   </trkpt>
   <trkpt lat="12.576670000000002" lon="99.86357000000001">
    <ele>47.71</ele>
   </trkpt>
   <trkpt lat="12.57694" lon="99.86309000000001">
    <ele>47.46</ele>
   </trkpt>
   <trkpt lat="12.577190000196017" lon="99.86270000051394">
    <ele>47.24</ele>
   </trkpt>
   <trkpt lat="12.577440000000001" lon="99.86231000000001">
    <ele>47.21</ele>
   </trkpt>
   <trkpt lat="12.57779" lon="99.8619">
    <ele>47.1</ele>
   </trkpt>
   <trkpt lat="12.578220000000002" lon="99.86152000000001">
    <ele>46.81</ele>
   </trkpt>
   <trkpt lat="12.578856667626868" lon="99.86101000253294">
    <ele>46.92</ele>
   </trkpt>
   <trkpt lat="12.579493334288816" lon="99.86050000253678">
    <ele>47.86000000000001</ele>
   </trkpt>
   <trkpt lat="12.58013" lon="99.85999000000001">
    <ele>48.790000000000006</ele>
   </trkpt>
   <trkpt lat="12.580785000710593" lon="99.85945000123789">
    <ele>48.07</ele>
   </trkpt>
   <trkpt lat="12.58144" lon="99.85891000000001">
    <ele>48.28</ele>
   </trkpt>
   <trkpt lat="12.581610000000001" lon="99.85867">
    <ele>48.550000000000004</ele>
   </trkpt>
   <trkpt lat="12.581980000000001" lon="99.85796">
    <ele>49.63000000000001</ele>
   </trkpt>
   <trkpt lat="12.582360000000001" lon="99.85723">
    <ele>49.43</ele>
   </trkpt>
   <trkpt lat="12.58247" lon="99.85694000000001">
    <ele>49.31</ele>
   </trkpt>
   <trkpt lat="12.58253" lon="99.85677000000001">
    <ele>49.410000000000004</ele>
   </trkpt>
   <trkpt lat="12.582550000000001" lon="99.85661">
    <ele>49.510000000000005</ele>
   </trkpt>
   <trkpt lat="12.582540000000002" lon="99.85646000000001">
    <ele>49.53</ele>
   </trkpt>
   <trkpt lat="12.582510000000001" lon="99.85628000000001">
    <ele>49.99000000000001</ele>
   </trkpt>
   <trkpt lat="12.58229800417058" lon="99.85552999750848">
    <ele>51.4</ele>
   </trkpt>
   <trkpt lat="12.582086006253855" lon="99.85477999625573">
    <ele>52.4</ele>
   </trkpt>
   <trkpt lat="12.581874006249862" lon="99.85402999624176">
    <ele>52.88</ele>
   </trkpt>
   <trkpt lat="12.581662004158646" lon="99.85327999746656">
    <ele>53.15</ele>
   </trkpt>
   <trkpt lat="12.58145" lon="99.85253">
    <ele>54.28</ele>
   </trkpt>
   <trkpt lat="12.5814" lon="99.85206000000001">
    <ele>54.330000000000005</ele>
   </trkpt>
   <trkpt lat="12.58145" lon="99.85149000000001">
    <ele>54.470000000000006</ele>
   </trkpt>
   <trkpt lat="12.581620001388439" lon="99.85062500057144">
    <ele>54.910000000000004</ele>
   </trkpt>
   <trkpt lat="12.581790000000002" lon="99.84976">
    <ele>54.8</ele>
   </trkpt>
   <trkpt lat="12.581890000000001" lon="99.84898000000001">
    <ele>54.95</ele>
   </trkpt>
   <trkpt lat="12.581850000639932" lon="99.84838999982102">
    <ele>55.160000000000004</ele>
   </trkpt>
   <trkpt lat="12.58181" lon="99.8478">
    <ele>55.81</ele>
   </trkpt>
   <trkpt lat="12.581850000000001" lon="99.84733000000001">
    <ele>55.910000000000004</ele>
   </trkpt>
   <trkpt lat="12.58191" lon="99.84703">
    <ele>55.940000000000005</ele>
   </trkpt>
   <trkpt lat="12.582174004963129" lon="99.84621200337382">
    <ele>55.93000000000001</ele>
   </trkpt>
   <trkpt lat="12.582438007443347" lon="99.8453940050651">
    <ele>56.190000000000005</ele>
   </trkpt>
   <trkpt lat="12.582702007440597" lon="99.84457600507385">
    <ele>56.27</ele>
   </trkpt>
   <trkpt lat="12.582966004954816" lon="99.84375800340001">
    <ele>56.940000000000005</ele>
   </trkpt>
   <trkpt lat="12.58323" lon="99.84294000000001">
    <ele>57.68</ele>
   </trkpt>
   <trkpt lat="12.583250000000001" lon="99.84273">
    <ele>57.68</ele>
   </trkpt>
   <trkpt lat="12.583445000579351" lon="99.84214500061141">
    <ele>57.99000000000001</ele>
   </trkpt>
   <trkpt lat="12.58364" lon="99.84156">
    <ele>58.2</ele>
   </trkpt>
   <trkpt lat="12.582970000218232" lon="99.84121999911443">
    <ele>58.02</ele>
   </trkpt>
   <trkpt lat="12.582300000000002" lon="99.84088000000001">
    <ele>58.17</ele>
   </trkpt>
   <trkpt lat="12.58225" lon="99.84079000000001">
    <ele>58.17</ele>
   </trkpt>
   <trkpt lat="12.581533334527453" lon="99.84042999497134">
    <ele>58.510000000000005</ele>
   </trkpt>
   <trkpt lat="12.580816668574009" lon="99.8400699919527">
    <ele>58.60000000000001</ele>
   </trkpt>
   <trkpt lat="12.580100002139696" lon="99.83970999094394">
    <ele>58.36</ele>
   </trkpt>
   <trkpt lat="12.579383335224557" lon="99.83934999194499">
    <ele>58.17</ele>
   </trkpt>
   <trkpt lat="12.578666667828607" lon="99.83898999495565">
    <ele>58.02</ele>
   </trkpt>
   <trkpt lat="12.577950000000001" lon="99.83863000000001">
    <ele>57.67</ele>
   </trkpt>
   <trkpt lat="12.577373333601336" lon="99.83832666526585">
    <ele>57.510000000000005</ele>
   </trkpt>
   <trkpt lat="12.576796666861366" lon="99.83802333189396">
    <ele>57.410000000000004</ele>
   </trkpt>
   <trkpt lat="12.576220000000001" lon="99.83772">
    <ele>57.64</ele>
   </trkpt>
   <trkpt lat="12.575508572813177" lon="99.83736713699308">
    <ele>57.690000000000005</ele>
   </trkpt>
   <trkpt lat="12.574797145164556" lon="99.83701427594096">
    <ele>57.580000000000005</ele>
   </trkpt>
   <trkpt lat="12.574085717054167" lon="99.8366614168435">
    <ele>57.650000000000006</ele>
   </trkpt>
   <trkpt lat="12.573374288482041" lon="99.83630855970056">
    <ele>57.730000000000004</ele>
   </trkpt>
   <trkpt lat="12.572662859448204" lon="99.83595570451205">
    <ele>57.67</ele>
   </trkpt>
   <trkpt lat="12.571951429952687" lon="99.83560285127781">
    <ele>56.64</ele>
   </trkpt>
   <trkpt lat="12.571240000000001" lon="99.83525">
    <ele>55.620000000000005</ele>
   </trkpt>
   <trkpt lat="12.570513334808952" lon="99.83485332773421">
    <ele>55.52</ele>
   </trkpt>
   <trkpt lat="12.569786669034537" lon="99.83445665771205">
    <ele>56.6</ele>
   </trkpt>
   <trkpt lat="12.56906000267679" lon="99.83405998993338">
    <ele>57.64</ele>
   </trkpt>
   <trkpt lat="12.568333335735755" lon="99.83366332439803">
    <ele>58.24000000000001</ele>
   </trkpt>
   <trkpt lat="12.567606668211464" lon="99.83326666110588">
    <ele>59.03000000000001</ele>
   </trkpt>
   <trkpt lat="12.566880000000001" lon="99.83287000000001">
    <ele>59.29</ele>
   </trkpt>
   <trkpt lat="12.56614000100998" lon="99.83244999638933">
    <ele>59.43</ele>
   </trkpt>
   <trkpt lat="12.565400001366164" lon="99.83202999519699">
    <ele>59.43</ele>
   </trkpt>
   <trkpt lat="12.564660001068594" lon="99.83160999642278">
    <ele>59.43</ele>
   </trkpt>
   <trkpt lat="12.563920000000001" lon="99.83119">
    <ele>59.550000000000004</ele>
   </trkpt>
   <trkpt lat="12.563282000979935" lon="99.83082399635992">
    <ele>59.49000000000001</ele>
   </trkpt>
   <trkpt lat="12.562644001463488" lon="99.83045799453633">
    <ele>59.29</ele>
   </trkpt>
   <trkpt lat="12.562006001450689" lon="99.8300919945291">
    <ele>59.160000000000004</ele>
   </trkpt>
   <trkpt lat="12.561368000941561" lon="99.82972599633815">
    <ele>59.18</ele>
   </trkpt>
   <trkpt lat="12.560730000000001" lon="99.82936000000001">
    <ele>59.160000000000004</ele>
   </trkpt>
   <trkpt lat="12.560450000000001" lon="99.8293">
    <ele>59.160000000000004</ele>
   </trkpt>
   <trkpt lat="12.559760001675523" lon="99.82891285091678">
    <ele>59.35000000000001</ele>
   </trkpt>
   <trkpt lat="12.559070002795794" lon="99.828525703911">
    <ele>59.410000000000004</ele>
   </trkpt>
   <trkpt lat="12.558380003360854" lon="99.82813855898252">
    <ele>59.56</ele>
   </trkpt>
   <trkpt lat="12.557690003370734" lon="99.8277514161312">
    <ele>59.64000000000001</ele>
   </trkpt>
   <trkpt lat="12.557000002825468" lon="99.82736427535696">
    <ele>59.71000000000001</ele>
   </trkpt>
   <trkpt lat="12.556310001725093" lon="99.82697713665962">
    <ele>60.010000000000005</ele>
   </trkpt>
   <trkpt lat="12.555620000000001" lon="99.82659000000001">
    <ele>59.64000000000001</ele>
   </trkpt>
   <trkpt lat="12.55572" lon="99.82644">
    <ele>59.46000000000001</ele>
   </trkpt>
   <trkpt lat="12.55578" lon="99.82626">
    <ele>59.39</ele>
   </trkpt>
   <trkpt lat="12.555865000559141" lon="99.8257200000566">
    <ele>59.440000000000005</ele>
   </trkpt>
   <trkpt lat="12.555950000000001" lon="99.82518">
    <ele>59.10000000000001</ele>
   </trkpt>
   <trkpt lat="12.55602" lon="99.82501">
    <ele>58.910000000000004</ele>
   </trkpt>
   <trkpt lat="12.556070000420728" lon="99.8245449999013">
    <ele>58.06000000000001</ele>
   </trkpt>
   <trkpt lat="12.556120000000002" lon="99.82408000000001">
    <ele>56.730000000000004</ele>
   </trkpt>
   <trkpt lat="12.556220001856214" lon="99.82337333383514">
    <ele>55.970000000000006</ele>
   </trkpt>
   <trkpt lat="12.556320001862959" lon="99.82266666712087">
    <ele>54.910000000000004</ele>
   </trkpt>
   <trkpt lat="12.556420000000001" lon="99.82196">
    <ele>54.510000000000005</ele>
   </trkpt>
   <trkpt lat="12.556533336058209" lon="99.82110333403641">
    <ele>54.2</ele>
   </trkpt>
   <trkpt lat="12.556646669398402" lon="99.82024666731797">
    <ele>53.74</ele>
   </trkpt>
   <trkpt lat="12.55676" lon="99.81939000000001">
    <ele>53.33</ele>
   </trkpt>
   <trkpt lat="12.55676" lon="99.8187">
    <ele>53.28</ele>
   </trkpt>
   <trkpt lat="12.556705000633723" lon="99.81811499987467">
    <ele>53.32000000000001</ele>
   </trkpt>
   <trkpt lat="12.556650000000001" lon="99.81753">
    <ele>53.43000000000001</ele>
   </trkpt>
   <trkpt lat="12.556575005489742" lon="99.81675999887796">
    <ele>53.540000000000006</ele>
   </trkpt>
   <trkpt lat="12.556500008783582" lon="99.81598999820488">
    <ele>53.65</ele>
   </trkpt>
   <trkpt lat="12.556425009881536" lon="99.81521999798076">
    <ele>53.88</ele>
   </trkpt>
   <trkpt lat="12.556350008783621" lon="99.81444999820565">
    <ele>54.040000000000006</ele>
   </trkpt>
   <trkpt lat="12.556275005489848" lon="99.81367999887952">
    <ele>54.19</ele>
   </trkpt>
   <trkpt lat="12.5562" lon="99.81291">
    <ele>54.53</ele>
   </trkpt>
   <trkpt lat="12.556260000000002" lon="99.81253000000001">
    <ele>54.690000000000005</ele>
   </trkpt>
   <trkpt lat="12.55638" lon="99.81219">
    <ele>54.690000000000005</ele>
   </trkpt>
   <trkpt lat="12.556780001529813" lon="99.81155000197">
    <ele>55.18000000000001</ele>
   </trkpt>
   <trkpt lat="12.557180001542594" lon="99.8109100019496">
    <ele>55.81</ele>
   </trkpt>
   <trkpt lat="12.557580000000002" lon="99.81027">
    <ele>56.43000000000001</ele>
   </trkpt>
   <trkpt lat="12.55798000161922" lon="99.80961000204336">
    <ele>56.96</ele>
   </trkpt>
   <trkpt lat="12.558380001624961" lon="99.80895000203395">
    <ele>57.82</ele>
   </trkpt>
   <trkpt lat="12.55878" lon="99.80829000000001">
    <ele>57.99000000000001</ele>
   </trkpt>
   <trkpt lat="12.559125000727716" lon="99.80765500088702">
    <ele>57.53</ele>
   </trkpt>
   <trkpt lat="12.559470000000001" lon="99.80702000000001">
    <ele>57.43</ele>
   </trkpt>
   <trkpt lat="12.559755000433325" lon="99.806560000443">
    <ele>57.42</ele>
   </trkpt>
   <trkpt lat="12.56004" lon="99.80610000000001">
    <ele>57.42</ele>
   </trkpt>
   <trkpt lat="12.56057" lon="99.80536000000001">
    <ele>57.620000000000005</ele>
   </trkpt>
   <trkpt lat="12.560986667746118" lon="99.80483000166831">
    <ele>57.970000000000006</ele>
   </trkpt>
   <trkpt lat="12.561403334451542" lon="99.80430000161904">
    <ele>60.36</ele>
   </trkpt>
   <trkpt lat="12.56182" lon="99.80377000000001">
    <ele>63.96</ele>
   </trkpt>
   <trkpt lat="12.56193" lon="99.80365">
    <ele>64.88000000000001</ele>
   </trkpt>
   <trkpt lat="12.562660000000001" lon="99.80329">
    <ele>67.03</ele>
   </trkpt>
   <trkpt lat="12.562750000000001" lon="99.80327000000001">
    <ele>67.23</ele>
   </trkpt>
   <trkpt lat="12.562880000000002" lon="99.80315">
    <ele>67.48</ele>
   </trkpt>
   <trkpt lat="12.563" lon="99.80295000000001">
    <ele>67.75</ele>
   </trkpt>
   <trkpt lat="12.563120000000001" lon="99.80268000000001">
    <ele>68.22</ele>
   </trkpt>
   <trkpt lat="12.563310000000001" lon="99.80205000000001">
    <ele>69.98</ele>
   </trkpt>
   <trkpt lat="12.563360000000001" lon="99.80171000000001">
    <ele>70.9</ele>
   </trkpt>
   <trkpt lat="12.563390000000002" lon="99.80083">
    <ele>73.92</ele>
   </trkpt>
   <trkpt lat="12.56343" lon="99.80048000000001">
    <ele>76.02</ele>
   </trkpt>
   <trkpt lat="12.563530000000002" lon="99.80003">
    <ele>77.04</ele>
   </trkpt>
   <trkpt lat="12.563670000000002" lon="99.79956000000001">
    <ele>76.63</ele>
   </trkpt>
   <trkpt lat="12.564000000664377" lon="99.79894500085732">
    <ele>73.52</ele>
   </trkpt>
   <trkpt lat="12.564330000000002" lon="99.79833">
    <ele>71.69</ele>
   </trkpt>
   <trkpt lat="12.564400000000001" lon="99.79813000000001">
    <ele>71.66</ele>
   </trkpt>
   <trkpt lat="12.56441" lon="99.79785000000001">
    <ele>71.51</ele>
   </trkpt>
   <trkpt lat="12.564372503317651" lon="99.79707749967157">
    <ele>71.46000000000001</ele>
   </trkpt>
   <trkpt lat="12.56433500442384" lon="99.79630499956846">
    <ele>71.32000000000001</ele>
   </trkpt>
   <trkpt lat="12.564297503318576" lon="99.79553249969075">
    <ele>71.34</ele>
   </trkpt>
   <trkpt lat="12.56426" lon="99.79476000000001">
    <ele>71.89000000000001</ele>
   </trkpt>
   <trkpt lat="12.564232005507032" lon="99.79389799962301">
    <ele>76.41000000000001</ele>
   </trkpt>
   <trkpt lat="12.56420400826052" lon="99.79303599943376">
    <ele>79.26</ele>
   </trkpt>
   <trkpt lat="12.564176008260466" lon="99.79217399943225">
    <ele>80.13000000000001</ele>
   </trkpt>
   <trkpt lat="12.564148005506878" lon="99.79131199961854">
    <ele>80.09</ele>
   </trkpt>
   <trkpt lat="12.56412" lon="99.79045">
    <ele>81.96000000000001</ele>
   </trkpt>
   <trkpt lat="12.56408" lon="99.79007000000001">
    <ele>83.07000000000001</ele>
   </trkpt>
   <trkpt lat="12.564010000000001" lon="99.78965000000001">
    <ele>84.06</ele>
   </trkpt>
   <trkpt lat="12.56389" lon="99.78912000000001">
    <ele>86.35000000000001</ele>
   </trkpt>
   <trkpt lat="12.56381" lon="99.78887">
    <ele>86.81000000000002</ele>
   </trkpt>
   <trkpt lat="12.5637" lon="99.78861">
    <ele>88.17000000000002</ele>
   </trkpt>
   <trkpt lat="12.56357" lon="99.78842">
    <ele>88.17000000000002</ele>
   </trkpt>
   <trkpt lat="12.563060001033447" lon="99.7878966646096">
    <ele>90.59</ele>
   </trkpt>
   <trkpt lat="12.562550001052053" lon="99.7873733312954">
    <ele>91.42</ele>
   </trkpt>
   <trkpt lat="12.562040000000001" lon="99.78685">
    <ele>92.44000000000001</ele>
   </trkpt>
   <trkpt lat="12.561750000000002" lon="99.78646">
    <ele>92.36000000000001</ele>
   </trkpt>
   <trkpt lat="12.561560000000002" lon="99.78599000000001">
    <ele>90.81</ele>
   </trkpt>
   <trkpt lat="12.56151" lon="99.78564000000001">
    <ele>89.88</ele>
   </trkpt>
   <trkpt lat="12.561530000000001" lon="99.78535000000001">
    <ele>89.58</ele>
   </trkpt>
   <trkpt lat="12.56174" lon="99.78467">
    <ele>90.31</ele>
   </trkpt>
   <trkpt lat="12.561770000000001" lon="99.78438000000001">
    <ele>91.04</ele>
   </trkpt>
   <trkpt lat="12.561750000000002" lon="99.78386">
    <ele>92.73</ele>
   </trkpt>
   <trkpt lat="12.561800000000002" lon="99.78363">
    <ele>93.04</ele>
   </trkpt>
   <trkpt lat="12.561940000000002" lon="99.78346">
    <ele>93.6</ele>
   </trkpt>
   <trkpt lat="12.562130000000002" lon="99.78338000000001">
    <ele>95.07</ele>
   </trkpt>
   <trkpt lat="12.562460000000002" lon="99.78337">
    <ele>95.55000000000001</ele>
   </trkpt>
   <trkpt lat="12.562650000000001" lon="99.78329000000001">
    <ele>95.86000000000001</ele>
   </trkpt>
   <trkpt lat="12.56277" lon="99.78317000000001">
    <ele>96.07000000000001</ele>
   </trkpt>
   <trkpt lat="12.56287" lon="99.78295000000001">
    <ele>96.84</ele>
   </trkpt>
   <trkpt lat="12.563020000000002" lon="99.7827">
    <ele>98.89</ele>
   </trkpt>
   <trkpt lat="12.56324" lon="99.78244000000001">
    <ele>102.07000000000001</ele>
   </trkpt>
   <trkpt lat="12.56347" lon="99.78232000000001">
    <ele>103.9</ele>
   </trkpt>
   <trkpt lat="12.56381" lon="99.78227000000001">
    <ele>106.63</ele>
   </trkpt>
   <trkpt lat="12.56398" lon="99.7822">
    <ele>107.2</ele>
   </trkpt>
   <trkpt lat="12.564330000000002" lon="99.78197">
    <ele>109.2</ele>
   </trkpt>
   <trkpt lat="12.564430000000002" lon="99.78184">
    <ele>109.38000000000001</ele>
   </trkpt>
   <trkpt lat="12.564490000000001" lon="99.78165000000001">
    <ele>109.22000000000001</ele>
   </trkpt>
   <trkpt lat="12.564480000000001" lon="99.78147000000001">
    <ele>108.76</ele>
   </trkpt>
   <trkpt lat="12.56431" lon="99.78082">
    <ele>106.06000000000002</ele>
   </trkpt>
   <trkpt lat="12.564240000000002" lon="99.78025000000001">
    <ele>102.53</ele>
   </trkpt>
   <trkpt lat="12.564300000000001" lon="99.77974">
    <ele>99.14</ele>
   </trkpt>
   <trkpt lat="12.564390000000001" lon="99.77936000000001">
    <ele>97.86</ele>
   </trkpt>
   <trkpt lat="12.564540000000001" lon="99.77905000000001">
    <ele>97.36</ele>
   </trkpt>
   <trkpt lat="12.564936667483499" lon="99.77859000138177">
    <ele>97.76</ele>
   </trkpt>
   <trkpt lat="12.56533333418282" lon="99.77813000134392">
    <ele>98.55000000000001</ele>
   </trkpt>
   <trkpt lat="12.56573" lon="99.77767000000001">
    <ele>99.46000000000001</ele>
   </trkpt>
   <trkpt lat="12.566325000121948" lon="99.77760500013802">
    <ele>99.53</ele>
   </trkpt>
   <trkpt lat="12.566920000000001" lon="99.77754">
    <ele>99.51</ele>
   </trkpt>
   <trkpt lat="12.567675000513074" lon="99.77724000263898">
    <ele>99.39</ele>
   </trkpt>
   <trkpt lat="12.568430000692548" lon="99.77694000351535">
    <ele>98.51</ele>
   </trkpt>
   <trkpt lat="12.569185000538399" lon="99.77664000262904">
    <ele>96.73</ele>
   </trkpt>
   <trkpt lat="12.56994" lon="99.77634">
    <ele>94.56</ele>
   </trkpt>
   <trkpt lat="12.570389999884998" lon="99.77622000024795">
    <ele>94.24000000000001</ele>
   </trkpt>
   <trkpt lat="12.57084" lon="99.77610000000001">
    <ele>93.46</ele>
   </trkpt>
   <trkpt lat="12.57172666661774" lon="99.77605666696851">
    <ele>90.44</ele>
   </trkpt>
   <trkpt lat="12.572613333228517" lon="99.77601333363793">
    <ele>87.96000000000001</ele>
   </trkpt>
   <trkpt lat="12.573500000000001" lon="99.77597000000002">
    <ele>87.43</ele>
   </trkpt>
   <trkpt lat="12.573960000147588" lon="99.77586500015902">
    <ele>86.95000000000002</ele>
   </trkpt>
   <trkpt lat="12.574420000000002" lon="99.77576">
    <ele>86.28</ele>
   </trkpt>
   <trkpt lat="12.575092500347544" lon="99.77551000196382">
    <ele>85.37</ele>
   </trkpt>
   <trkpt lat="12.57576500046329" lon="99.77526000261852">
    <ele>82.75</ele>
   </trkpt>
   <trkpt lat="12.57643750034723" lon="99.77501000196403">
    <ele>82.08</ele>
   </trkpt>
   <trkpt lat="12.577110000000001" lon="99.77476000000001">
    <ele>82.71000000000001</ele>
   </trkpt>
   <trkpt lat="12.577860000000001" lon="99.77472">
    <ele>82.84</ele>
   </trkpt>
   <trkpt lat="12.578516666717606" lon="99.77470666673385">
    <ele>83.37000000000002</ele>
   </trkpt>
   <trkpt lat="12.579173333434552" lon="99.77469333339948">
    <ele>83.25</ele>
   </trkpt>
   <trkpt lat="12.579830000000001" lon="99.77468">
    <ele>81.95</ele>
   </trkpt>
   <trkpt lat="12.58012" lon="99.77464">
    <ele>80.78</ele>
   </trkpt>
   <trkpt lat="12.580900000089551" lon="99.77450500040051">
    <ele>78.88000000000001</ele>
   </trkpt>
   <trkpt lat="12.58168" lon="99.77437">
    <ele>75.95</ele>
   </trkpt>
   <trkpt lat="12.582020000000002" lon="99.77414">
    <ele>75.43</ele>
   </trkpt>
   <trkpt lat="12.582440000000002" lon="99.77347">
    <ele>75.44000000000001</ele>
   </trkpt>
   <trkpt lat="12.582630000000002" lon="99.77332000000001">
    <ele>75.58000000000001</ele>
   </trkpt>
   <trkpt lat="12.58295" lon="99.77331000000001">
    <ele>75.45</ele>
   </trkpt>
   <trkpt lat="12.58346" lon="99.77353000000001">
    <ele>75.37</ele>
   </trkpt>
   <trkpt lat="12.584035000332593" lon="99.77392999912871">
    <ele>75.2</ele>
   </trkpt>
   <trkpt lat="12.584610000000001" lon="99.77433">
    <ele>75.07000000000001</ele>
   </trkpt>
   <trkpt lat="12.584980000144789" lon="99.77460999959581">
    <ele>74.98</ele>
   </trkpt>
   <trkpt lat="12.585350000000002" lon="99.77489000000001">
    <ele>75.21000000000001</ele>
   </trkpt>
   <trkpt lat="12.58571" lon="99.77524000000001">
    <ele>76.21</ele>
   </trkpt>
   <trkpt lat="12.585870000000002" lon="99.77586000000001">
    <ele>75.93</ele>
   </trkpt>
   <trkpt lat="12.586415000701132" lon="99.77644999880658">
    <ele>73.10000000000001</ele>
   </trkpt>
   <trkpt lat="12.586960000000001" lon="99.77704000000001">
    <ele>71.85000000000001</ele>
   </trkpt>
   <trkpt lat="12.587300000436752" lon="99.77743999963444">
    <ele>71.44</ele>
   </trkpt>
   <trkpt lat="12.58764" lon="99.77784000000001">
    <ele>71.21000000000001</ele>
   </trkpt>
   <trkpt lat="12.58819" lon="99.77812">
    <ele>71.21000000000001</ele>
   </trkpt>
   <trkpt lat="12.588400000000002" lon="99.77863">
    <ele>70.99000000000001</ele>
   </trkpt>
   <trkpt lat="12.588370000000001" lon="99.77891000000001">
    <ele>70.73</ele>
   </trkpt>
   <trkpt lat="12.588270000000001" lon="99.77928000000001">
    <ele>70.67000000000002</ele>
   </trkpt>
   <trkpt lat="12.588260000000002" lon="99.77959000000001">
    <ele>70.41</ele>
   </trkpt>
   <trkpt lat="12.588672502825673" lon="99.7803024965609">
    <ele>70.43</ele>
   </trkpt>
   <trkpt lat="12.58908500376668" lon="99.78101499541285">
    <ele>70.07000000000001</ele>
   </trkpt>
   <trkpt lat="12.58949750282296" lon="99.781727496556">
    <ele>69.87</ele>
   </trkpt>
   <trkpt lat="12.589910000000001" lon="99.78244000000001">
    <ele>69.5</ele>
   </trkpt>
   <trkpt lat="12.59032000027708" lon="99.78277999950839">
    <ele>69.59</ele>
   </trkpt>
   <trkpt lat="12.59073" lon="99.78312000000001">
    <ele>69.52000000000001</ele>
   </trkpt>
   <trkpt lat="12.591393333572348" lon="99.7833566654537">
    <ele>69.94</ele>
   </trkpt>
   <trkpt lat="12.592056666936715" lon="99.7835933321314">
    <ele>71.08</ele>
   </trkpt>
   <trkpt lat="12.592720000000002" lon="99.78383000000001">
    <ele>74.68</ele>
   </trkpt>
   <trkpt lat="12.593050000000002" lon="99.78383000000001">
    <ele>78.27000000000001</ele>
   </trkpt>
   <trkpt lat="12.593800000000002" lon="99.78347000000001">
    <ele>80.89999999999999</ele>
   </trkpt>
   <trkpt lat="12.593955002553678" lon="99.78279250124348">
    <ele>81.36</ele>
   </trkpt>
   <trkpt lat="12.594110003402626" lon="99.78211500166799">
    <ele>81.09</ele>
   </trkpt>
   <trkpt lat="12.594265002546829" lon="99.78143750127352">
    <ele>79.27000000000001</ele>
   </trkpt>
   <trkpt lat="12.594420000000001" lon="99.78076000000001">
    <ele>78.27000000000001</ele>
   </trkpt>
   <trkpt lat="12.59448" lon="99.78038000000001">
    <ele>78.17</ele>
   </trkpt>
   <trkpt lat="12.59448" lon="99.77994000000001">
    <ele>77.76</ele>
   </trkpt>
   <trkpt lat="12.59445" lon="99.77950000000001">
    <ele>77.92</ele>
   </trkpt>
   <trkpt lat="12.594366669675326" lon="99.77859999941798">
    <ele>78.9</ele>
   </trkpt>
   <trkpt lat="12.59428333634225" lon="99.77769999942083">
    <ele>81.38000000000001</ele>
   </trkpt>
   <trkpt lat="12.5942" lon="99.77680000000001">
    <ele>81.69000000000001</ele>
   </trkpt>
   <trkpt lat="12.594150002517404" lon="99.77597666634163">
    <ele>78.79</ele>
   </trkpt>
   <trkpt lat="12.59410000251716" lon="99.77515333300433">
    <ele>76.80000000000001</ele>
   </trkpt>
   <trkpt lat="12.594050000000001" lon="99.77433">
    <ele>77.92</ele>
   </trkpt>
   <trkpt lat="12.593982504538092" lon="99.77342749929453">
    <ele>78.85000000000001</ele>
   </trkpt>
   <trkpt lat="12.593915006051134" lon="99.7725249990641">
    <ele>79.67999999999999</ele>
   </trkpt>
   <trkpt lat="12.59384750453914" lon="99.77162249930876">
    <ele>80.13000000000001</ele>
   </trkpt>
   <trkpt lat="12.59378" lon="99.77072000000001">
    <ele>79.59</ele>
   </trkpt>
   <trkpt lat="12.593703336228723" lon="99.76983666611007">
    <ele>78.23</ele>
   </trkpt>
   <trkpt lat="12.593626669559576" lon="99.76895333274823">
    <ele>77.29</ele>
   </trkpt>
   <trkpt lat="12.59355" lon="99.76807000000001">
    <ele>77.22000000000001</ele>
   </trkpt>
   <trkpt lat="12.593460001032405" lon="99.7673199996359">
    <ele>77.9</ele>
   </trkpt>
   <trkpt lat="12.59337" lon="99.76657">
    <ele>78.48</ele>
   </trkpt>
   <trkpt lat="12.593250000000001" lon="99.76580000000001">
    <ele>79.31</ele>
   </trkpt>
   <trkpt lat="12.593080006473123" lon="99.76496499723261">
    <ele>80.80000000000001</ele>
   </trkpt>
   <trkpt lat="12.592910010356931" lon="99.7641299955721">
    <ele>81.44000000000001</ele>
   </trkpt>
   <trkpt lat="12.59274001165147" lon="99.76329499501854">
    <ele>82.71000000000001</ele>
   </trkpt>
   <trkpt lat="12.592570010356777" lon="99.76245999557189">
    <ele>83.03</ele>
   </trkpt>
   <trkpt lat="12.592400006472893" lon="99.76162499723213">
    <ele>83.52000000000001</ele>
   </trkpt>
   <trkpt lat="12.59223" lon="99.76079000000001">
    <ele>84.67</ele>
   </trkpt>
   <trkpt lat="12.592113336061058" lon="99.75993333257244">
    <ele>83.62000000000002</ele>
   </trkpt>
   <trkpt lat="12.59199666939689" lon="99.75907666592421">
    <ele>82.84</ele>
   </trkpt>
   <trkpt lat="12.591880000000002" lon="99.75822000000001">
    <ele>83.93</ele>
   </trkpt>
   <trkpt lat="12.591890000000001" lon="99.75823000000001">
    <ele>83.91000000000001</ele>
   </trkpt>
   <trkpt lat="12.59179250309263" lon="99.75748499915908">
    <ele>85.32000000000001</ele>
   </trkpt>
   <trkpt lat="12.591695004124249" lon="99.75673999888454">
    <ele>87.4</ele>
   </trkpt>
   <trkpt lat="12.591597503094876" lon="99.75599499917637">
    <ele>89.97000000000001</ele>
   </trkpt>
   <trkpt lat="12.591500000000002" lon="99.75525">
    <ele>92.7</ele>
   </trkpt>
   <trkpt lat="12.591385001271691" lon="99.7544249996877">
    <ele>94.27000000000001</ele>
   </trkpt>
   <trkpt lat="12.591270000000002" lon="99.7536">
    <ele>95.26</ele>
   </trkpt>
   <trkpt lat="12.591163335113714" lon="99.75290666606024">
    <ele>95.75</ele>
   </trkpt>
   <trkpt lat="12.591056668442453" lon="99.75221333269708">
    <ele>96.04</ele>
   </trkpt>
   <trkpt lat="12.590950000000001" lon="99.75152000000001">
    <ele>96.22000000000001</ele>
   </trkpt>
   <trkpt lat="12.59083401140001" lon="99.7506939966394">
    <ele>96.2</ele>
   </trkpt>
   <trkpt lat="12.590718020266639" lon="99.74986799402578">
    <ele>96.32000000000001</ele>
   </trkpt>
   <trkpt lat="12.59060202659992" lon="99.74904199215915">
    <ele>96.54</ele>
   </trkpt>
   <trkpt lat="12.590486030399877" lon="99.74821599103952">
    <ele>96.89</ele>
   </trkpt>
   <trkpt lat="12.590370031666538" lon="99.7473899906669">
    <ele>97.37</ele>
   </trkpt>
   <trkpt lat="12.590254030399926" lon="99.7465639910413">
    <ele>97.99000000000001</ele>
   </trkpt>
   <trkpt lat="12.59013802660007" lon="99.74573799216272">
    <ele>98.4</ele>
   </trkpt>
   <trkpt lat="12.590022020266996" lon="99.74491199403118">
    <ele>98.94000000000001</ele>
   </trkpt>
   <trkpt lat="12.58990601140073" lon="99.7440859966467">
    <ele>99.36</ele>
   </trkpt>
   <trkpt lat="12.58979" lon="99.74326">
    <ele>99.77000000000001</ele>
   </trkpt>
   <trkpt lat="12.589671435675903" lon="99.74246142636686">
    <ele>100.06</ele>
   </trkpt>
   <trkpt lat="12.589552868984091" lon="99.74166285347187">
    <ele>100.68</ele>
   </trkpt>
   <trkpt lat="12.5894342999246" lon="99.74086428131501">
    <ele>101.46000000000001</ele>
   </trkpt>
   <trkpt lat="12.58931572849745" lon="99.74006570989633">
    <ele>102.45000000000002</ele>
   </trkpt>
   <trkpt lat="12.58919715470266" lon="99.7392671392158">
    <ele>102.88000000000001</ele>
   </trkpt>
   <trkpt lat="12.589078578540265" lon="99.73846856927345">
    <ele>103.39</ele>
   </trkpt>
   <trkpt lat="12.58896" lon="99.73767000000001">
    <ele>103.99000000000001</ele>
   </trkpt>
   <trkpt lat="12.588880000000001" lon="99.73696000000001">
    <ele>104.24000000000001</ele>
   </trkpt>
   <trkpt lat="12.588773339373287" lon="99.73615333166063">
    <ele>104.86000000000001</ele>
   </trkpt>
   <trkpt lat="12.588666676330776" lon="99.73534666399198">
    <ele>106.00000000000001</ele>
   </trkpt>
   <trkpt lat="12.588560010872499" lon="99.73453999699406">
    <ele>106.73</ele>
   </trkpt>
   <trkpt lat="12.58845334299847" lon="99.73373333066687">
    <ele>106.92000000000002</ele>
   </trkpt>
   <trkpt lat="12.588346672708722" lon="99.73292666501041">
    <ele>106.97000000000001</ele>
   </trkpt>
   <trkpt lat="12.58824" lon="99.73212000000001">
    <ele>106.57000000000001</ele>
   </trkpt>
   <trkpt lat="12.588170000000002" lon="99.73202">
    <ele>106.57000000000001</ele>
   </trkpt>
   <trkpt lat="12.588070000000002" lon="99.73117">
    <ele>105.7</ele>
   </trkpt>
   <trkpt lat="12.587990000000001" lon="99.73108">
    <ele>105.59</ele>
   </trkpt>
   <trkpt lat="12.588840000000001" lon="99.73108">
    <ele>106.79</ele>
   </trkpt>
   <trkpt lat="12.588930000000001" lon="99.73112">
    <ele>106.79</ele>
   </trkpt>
   <trkpt lat="12.589674999983018" lon="99.73112999997072">
    <ele>107.35000000000001</ele>
   </trkpt>
   <trkpt lat="12.590420000000002" lon="99.73114000000001">
    <ele>107.23</ele>
   </trkpt>
   <trkpt lat="12.591134999981467" lon="99.73113750002098">
    <ele>106.86000000000001</ele>
   </trkpt>
   <trkpt lat="12.59184999996291" lon="99.73113500002802">
    <ele>106.59</ele>
   </trkpt>
   <trkpt lat="12.592564999944331" lon="99.7311325000211">
    <ele>106.42000000000002</ele>
   </trkpt>
   <trkpt lat="12.593280000000002" lon="99.73113000000001">
    <ele>106.38</ele>
   </trkpt>
   <trkpt lat="12.59368" lon="99.73114000000001">
    <ele>106.39000000000001</ele>
   </trkpt>
   <trkpt lat="12.59445" lon="99.73112">
    <ele>106.47000000000001</ele>
   </trkpt>
   <trkpt lat="12.594840000000001" lon="99.73104000000001">
    <ele>106.41</ele>
   </trkpt>
   <trkpt lat="12.59564000069842" lon="99.73073800376122">
    <ele>106.71000000000001</ele>
   </trkpt>
   <trkpt lat="12.59644000105807" lon="99.73043600563803">
    <ele>107.84</ele>
   </trkpt>
   <trkpt lat="12.597240001078932" lon="99.7301340056303">
    <ele>109.56</ele>
   </trkpt>
   <trkpt lat="12.598040000760982" lon="99.7298320037379">
    <ele>111.76</ele>
   </trkpt>
   <trkpt lat="12.598840000000001" lon="99.72953000000001">
    <ele>115.45</ele>
   </trkpt>
   <trkpt lat="12.599495000322129" lon="99.72929750177497">
    <ele>117.58</ele>
   </trkpt>
   <trkpt lat="12.600150000443412" lon="99.72906500236171">
    <ele>118.79</ele>
   </trkpt>
   <trkpt lat="12.600805000363843" lon="99.72883250176021">
    <ele>119.77000000000001</ele>
   </trkpt>
   <trkpt lat="12.601460000000001" lon="99.72860000000001">
    <ele>120.50000000000001</ele>
   </trkpt>
   <trkpt lat="12.602251001376874" lon="99.72831300797398">
    <ele>121.3</ele>
   </trkpt>
   <trkpt lat="12.603042002447658" lon="99.72802601417635">
    <ele>121.99000000000001</ele>
   </trkpt>
   <trkpt lat="12.60383300321233" lon="99.727739018607">
    <ele>122.83000000000001</ele>
   </trkpt>
   <trkpt lat="12.604624003670873" lon="99.7274520212658">
    <ele>125.11</ele>
   </trkpt>
   <trkpt lat="12.605415003823259" lon="99.72716502215265">
    <ele>126.96000000000001</ele>
   </trkpt>
   <trkpt lat="12.606206003669474" lon="99.72687802126738">
    <ele>127.8</ele>
   </trkpt>
   <trkpt lat="12.60699700320949" lon="99.72659101860991">
    <ele>128.06</ele>
   </trkpt>
   <trkpt lat="12.607788002443288" lon="99.72630401418007">
    <ele>128.45000000000002</ele>
   </trkpt>
   <trkpt lat="12.608579001370844" lon="99.72601700797776">
    <ele>128.5</ele>
   </trkpt>
   <trkpt lat="12.60937" lon="99.72573000000001">
    <ele>127.16000000000003</ele>
   </trkpt>
   <trkpt lat="12.610186845107528" lon="99.72543054351449">
    <ele>125.08</ele>
   </trkpt>
   <trkpt lat="12.611003689881608" lon="99.72513108511882">
    <ele>122.82000000000001</ele>
   </trkpt>
   <trkpt lat="12.611820534322211" lon="99.72483162481282">
    <ele>121.21000000000001</ele>
   </trkpt>
   <trkpt lat="12.612637378429318" lon="99.72453216259636">
    <ele>120.72</ele>
   </trkpt>
   <trkpt lat="12.6134542222029" lon="99.72423269846932">
    <ele>119.96000000000001</ele>
   </trkpt>
   <trkpt lat="12.614271065642937" lon="99.72393323243153">
    <ele>119.87</ele>
   </trkpt>
   <trkpt lat="12.6150879087494" lon="99.72363376448288">
    <ele>120.47</ele>
   </trkpt>
   <trkpt lat="12.615904751522269" lon="99.72333429462321">
    <ele>121.32000000000001</ele>
   </trkpt>
   <trkpt lat="12.616721593961516" lon="99.72303482285238">
    <ele>121.4</ele>
   </trkpt>
   <trkpt lat="12.617538436067118" lon="99.72273534917028">
    <ele>121.25000000000001</ele>
   </trkpt>
   <trkpt lat="12.618355277839052" lon="99.72243587357673">
    <ele>121.28000000000002</ele>
   </trkpt>
   <trkpt lat="12.619172119277291" lon="99.72213639607162">
    <ele>121.4</ele>
   </trkpt>
   <trkpt lat="12.61998896038181" lon="99.7218369166548">
    <ele>121.31000000000002</ele>
   </trkpt>
   <trkpt lat="12.620805801152587" lon="99.72153743532614">
    <ele>121.13000000000001</ele>
   </trkpt>
   <trkpt lat="12.621622641589596" lon="99.72123795208549">
    <ele>120.64000000000001</ele>
   </trkpt>
   <trkpt lat="12.622439481692817" lon="99.72093846693268">
    <ele>119.68</ele>
   </trkpt>
   <trkpt lat="12.623256321462216" lon="99.72063897986764">
    <ele>118.85000000000001</ele>
   </trkpt>
   <trkpt lat="12.624073160897778" lon="99.7203394908902">
    <ele>118.30000000000001</ele>
   </trkpt>
   <trkpt lat="12.62489" lon="99.72004000000001">
    <ele>116.12000000000002</ele>
   </trkpt>
   <trkpt lat="12.625359999986427" lon="99.71987500032574">
    <ele>116.14</ele>
   </trkpt>
   <trkpt lat="12.62583" lon="99.71971">
    <ele>117.15</ele>
   </trkpt>
   <trkpt lat="12.62645" lon="99.71955000000001">
    <ele>118.03</ele>
   </trkpt>
   <trkpt lat="12.627019999952093" lon="99.71953500003471">
    <ele>118.45000000000002</ele>
   </trkpt>
   <trkpt lat="12.627590000000001" lon="99.71952">
    <ele>117.86</ele>
   </trkpt>
   <trkpt lat="12.62844499997366" lon="99.71955499988182">
    <ele>116.82000000000001</ele>
   </trkpt>
   <trkpt lat="12.6293" lon="99.71959000000001">
    <ele>115.57000000000001</ele>
   </trkpt>
   <trkpt lat="12.630150000003862" lon="99.71960285688643">
    <ele>114.96000000000001</ele>
   </trkpt>
   <trkpt lat="12.631000000007106" lon="99.71961571385832">
    <ele>115.34</ele>
   </trkpt>
   <trkpt lat="12.631850000009736" lon="99.71962857091572">
    <ele>115.49000000000001</ele>
   </trkpt>
   <trkpt lat="12.632700000011749" lon="99.71964142805857">
    <ele>115.32000000000001</ele>
   </trkpt>
   <trkpt lat="12.633550000013146" lon="99.71965428528696">
    <ele>115.15000000000002</ele>
   </trkpt>
   <trkpt lat="12.634400000013928" lon="99.71966714260084">
    <ele>115.17</ele>
   </trkpt>
   <trkpt lat="12.635250000000001" lon="99.71968000000001">
    <ele>115.52000000000001</ele>
   </trkpt>
   <trkpt lat="12.635265000786497" lon="99.719030000059">
    <ele>116.02000000000001</ele>
   </trkpt>
   <trkpt lat="12.635280000000002" lon="99.71838000000001">
    <ele>117.60000000000001</ele>
   </trkpt>
   <trkpt lat="12.635320000000002" lon="99.71796">
    <ele>118.68</ele>
   </trkpt>
   <trkpt lat="12.635433335340633" lon="99.71722666729205">
    <ele>120.18</ele>
   </trkpt>
   <trkpt lat="12.635546668677833" lon="99.71649333393371">
    <ele>121.77</ele>
   </trkpt>
   <trkpt lat="12.635660000000001" lon="99.71576">
    <ele>123.4</ele>
   </trkpt>
   <trkpt lat="12.635814294063303" lon="99.71489571741543">
    <ele>125.23</ele>
   </trkpt>
   <trkpt lat="12.63596858534372" lon="99.71403143378733">
    <ele>127.2</ele>
   </trkpt>
   <trkpt lat="12.636122873841211" lon="99.71316714911566">
    <ele>128.5</ele>
   </trkpt>
   <trkpt lat="12.636277159555734" lon="99.71230286340048">
    <ele>129.99</ele>
   </trkpt>
   <trkpt lat="12.636431442487252" lon="99.71143857664175">
    <ele>131.54000000000002</ele>
   </trkpt>
   <trkpt lat="12.636585722635727" lon="99.71057428883951">
    <ele>133.01000000000002</ele>
   </trkpt>
   <trkpt lat="12.636740000000001" lon="99.70971">
    <ele>134.74</ele>
   </trkpt>
   <trkpt lat="12.636890001124756" lon="99.70893500042465">
    <ele>136.53</ele>
   </trkpt>
   <trkpt lat="12.63704" lon="99.70816">
    <ele>137.62</ele>
   </trkpt>
   <trkpt lat="12.637070000000001" lon="99.70741000000001">
    <ele>138.64000000000001</ele>
   </trkpt>
   <trkpt lat="12.637056669274518" lon="99.70657333322893">
    <ele>141.3</ele>
   </trkpt>
   <trkpt lat="12.637043335940911" lon="99.70573666654512">
    <ele>142.87000000000003</ele>
   </trkpt>
   <trkpt lat="12.637030000000001" lon="99.70490000000001">
    <ele>142.13</ele>
   </trkpt>
   <trkpt lat="12.636603758137129" lon="99.70410999077589">
    <ele>138.22</ele>
   </trkpt>
   <trkpt lat="12.636177513949" lon="99.70331998418706">
    <ele>136.77</ele>
   </trkpt>
   <trkpt lat="12.635751267435694" lon="99.70252998023344">
    <ele>138.74</ele>
   </trkpt>
   <trkpt lat="12.635325018597303" lon="99.70173997891489">
    <ele>142.9</ele>
   </trkpt>
   <trkpt lat="12.634898767433917" lon="99.70094998023139">
    <ele>147.8</ele>
   </trkpt>
   <trkpt lat="12.63447251394562" lon="99.70015998418279">
    <ele>150.98</ele>
   </trkpt>
   <trkpt lat="12.634046258132503" lon="99.69936999076907">
    <ele>151.56</ele>
   </trkpt>
   <trkpt lat="12.63362" lon="99.69858">
    <ele>152.05</ele>
   </trkpt>
   <trkpt lat="12.633490000000002" lon="99.69804">
    <ele>152.91000000000003</ele>
   </trkpt>
   <trkpt lat="12.63347" lon="99.69758">
    <ele>153.48</ele>
   </trkpt>
   <trkpt lat="12.633545000400659" lon="99.6971050002632">
    <ele>155.42</ele>
   </trkpt>
   <trkpt lat="12.63362" lon="99.69663000000001">
    <ele>157.45000000000002</ele>
   </trkpt>
   <trkpt lat="12.633795001486451" lon="99.69574000055243">
    <ele>159.91000000000003</ele>
   </trkpt>
   <trkpt lat="12.633970000000001" lon="99.69485">
    <ele>161.15</ele>
   </trkpt>
   <trkpt lat="12.634098003924521" lon="99.69412400146702">
    <ele>162.12</ele>
   </trkpt>
   <trkpt lat="12.634226005885676" lon="99.69339800220692">
    <ele>163.04000000000002</ele>
   </trkpt>
   <trkpt lat="12.63435400588344" lon="99.69267200221971">
    <ele>164.02</ele>
   </trkpt>
   <trkpt lat="12.6344820039178" lon="99.69194600150537">
    <ele>165.26000000000002</ele>
   </trkpt>
   <trkpt lat="12.63461" lon="99.69122">
    <ele>168.99</ele>
   </trkpt>
   <trkpt lat="12.634970001251212" lon="99.69039000124273">
    <ele>175.66</ele>
   </trkpt>
   <trkpt lat="12.635330000000002" lon="99.68956000000001">
    <ele>179.36</ele>
   </trkpt>
   <trkpt lat="12.635750001077101" lon="99.68880500121323">
    <ele>182.67000000000002</ele>
   </trkpt>
   <trkpt lat="12.636170000000002" lon="99.68805">
    <ele>185.14000000000001</ele>
   </trkpt>
   <trkpt lat="12.63656800430736" lon="99.68729000472821">
    <ele>186.86</ele>
   </trkpt>
   <trkpt lat="12.636966006462771" lon="99.68653000708923">
    <ele>190.29000000000002</ele>
   </trkpt>
   <trkpt lat="12.63736400646616" lon="99.68577000708297">
    <ele>197.42000000000002</ele>
   </trkpt>
   <trkpt lat="12.637762004317452" lon="99.68501000470937">
    <ele>204.02</ele>
   </trkpt>
   <trkpt lat="12.638160000000001" lon="99.68425">
    <ele>208.89000000000001</ele>
   </trkpt>
   <trkpt lat="12.638390000000001" lon="99.68399000000001">
    <ele>209.58</ele>
   </trkpt>
   <trkpt lat="12.638610000000002" lon="99.68378000000001">
    <ele>209.61</ele>
   </trkpt>
   <trkpt lat="12.638890000000002" lon="99.68327000000001">
    <ele>208.77</ele>
   </trkpt>
   <trkpt lat="12.63901" lon="99.68237">
    <ele>207.75</ele>
   </trkpt>
   <trkpt lat="12.639265000384583" lon="99.68190000051885">
    <ele>206.18000000000004</ele>
   </trkpt>
   <trkpt lat="12.639520000000001" lon="99.68143">
    <ele>203.67000000000002</ele>
   </trkpt>
   <trkpt lat="12.639700000000001" lon="99.68094">
    <ele>199.72</ele>
   </trkpt>
   <trkpt lat="12.639920002435783" lon="99.6801300014291">
    <ele>194.65</ele>
   </trkpt>
   <trkpt lat="12.64014000242653" lon="99.67932000146322">
    <ele>193.32000000000002</ele>
   </trkpt>
   <trkpt lat="12.640360000000001" lon="99.67851">
    <ele>195.92000000000002</ele>
   </trkpt>
   <trkpt lat="12.640490000000002" lon="99.67787000000001">
    <ele>194.68</ele>
   </trkpt>
   <trkpt lat="12.640450000000001" lon="99.67754000000001">
    <ele>192.81</ele>
   </trkpt>
   <trkpt lat="12.64048" lon="99.67716000000001">
    <ele>191.94000000000003</ele>
   </trkpt>
   <trkpt lat="12.640540000000001" lon="99.67678000000001">
    <ele>191.26000000000002</ele>
   </trkpt>
   <trkpt lat="12.64075" lon="99.6761">
    <ele>191.29000000000002</ele>
   </trkpt>
   <trkpt lat="12.641100000000002" lon="99.67555">
    <ele>192.10000000000002</ele>
   </trkpt>
   <trkpt lat="12.64131" lon="99.67537000000002">
    <ele>192.3</ele>
   </trkpt>
   <trkpt lat="12.64169" lon="99.67512">
    <ele>192.47</ele>
   </trkpt>
   <trkpt lat="12.642100000000001" lon="99.67497">
    <ele>192.65</ele>
   </trkpt>
   <trkpt lat="12.64267" lon="99.67481000000001">
    <ele>191.60999999999999</ele>
   </trkpt>
   <trkpt lat="12.643490000187537" lon="99.67458333478987">
    <ele>188.3</ele>
   </trkpt>
   <trkpt lat="12.644310000183557" lon="99.67435666812433">
    <ele>186.00000000000003</ele>
   </trkpt>
   <trkpt lat="12.645130000000002" lon="99.67413">
    <ele>185.32000000000002</ele>
   </trkpt>
   <trkpt lat="12.64587750034065" lon="99.67389000210171">
    <ele>185.16000000000003</ele>
   </trkpt>
   <trkpt lat="12.646625000466557" lon="99.67365000279838">
    <ele>184.92000000000002</ele>
   </trkpt>
   <trkpt lat="12.647372500377699" lon="99.67341000208992">
    <ele>184.89000000000001</ele>
   </trkpt>
   <trkpt lat="12.64812" lon="99.67317000000001">
    <ele>185.03000000000003</ele>
   </trkpt>
   <trkpt lat="12.648460000000002" lon="99.67304000000001">
    <ele>184.99</ele>
   </trkpt>
   <trkpt lat="12.648790000000002" lon="99.67284000000001">
    <ele>184.95</ele>
   </trkpt>
   <trkpt lat="12.64915000033529" lon="99.67243500053797">
    <ele>184.22000000000003</ele>
   </trkpt>
   <trkpt lat="12.649510000000001" lon="99.67203">
    <ele>182.94000000000003</ele>
   </trkpt>
   <trkpt lat="12.64977" lon="99.67182000000001">
    <ele>182.34</ele>
   </trkpt>
   <trkpt lat="12.65038" lon="99.67155000000001">
    <ele>182.91000000000003</ele>
   </trkpt>
   <trkpt lat="12.650680000000001" lon="99.67150000000001">
    <ele>184.06</ele>
   </trkpt>
   <trkpt lat="12.651534999958479" lon="99.67150000000002">
    <ele>185.19000000000003</ele>
   </trkpt>
   <trkpt lat="12.65239" lon="99.67150000000001">
    <ele>183.39000000000001</ele>
   </trkpt>
   <trkpt lat="12.652730000000002" lon="99.67146000000001">
    <ele>181.39000000000001</ele>
   </trkpt>
   <trkpt lat="12.65313" lon="99.67135">
    <ele>180.3</ele>
   </trkpt>
   <trkpt lat="12.65342" lon="99.67119000000001">
    <ele>179.67000000000002</ele>
   </trkpt>
   <trkpt lat="12.65366" lon="99.67099">
    <ele>179.38</ele>
   </trkpt>
   <trkpt lat="12.654200001871807" lon="99.67028333631252">
    <ele>178.84000000000003</ele>
   </trkpt>
   <trkpt lat="12.654740001880661" lon="99.66957666963435">
    <ele>177.82</ele>
   </trkpt>
   <trkpt lat="12.655280000000001" lon="99.66887000000001">
    <ele>177.11</ele>
   </trkpt>
   <trkpt lat="12.65564666779051" lon="99.66832000158787">
    <ele>176.62000000000003</ele>
   </trkpt>
   <trkpt lat="12.656013334452416" lon="99.66777000159507">
    <ele>174.58</ele>
   </trkpt>
   <trkpt lat="12.65638" lon="99.66722000000001">
    <ele>172.26000000000002</ele>
   </trkpt>
   <trkpt lat="12.655781670294413" lon="99.6665966593627">
    <ele>166.06</ele>
   </trkpt>
   <trkpt lat="12.655183339139143" lon="99.66597332164878">
    <ele>162.63000000000002</ele>
   </trkpt>
   <trkpt lat="12.654585006534269" lon="99.66534998685806">
    <ele>162.68</ele>
   </trkpt>
   <trkpt lat="12.653986672479864" lon="99.66472665499042">
    <ele>165.19</ele>
   </trkpt>
   <trkpt lat="12.65338833697601" lon="99.66410332604569">
    <ele>168.95000000000002</ele>
   </trkpt>
   <trkpt lat="12.652790000000001" lon="99.66348">
    <ele>172.86</ele>
   </trkpt>
   <trkpt lat="12.652560000000001" lon="99.66317000000001">
    <ele>174.41</ele>
   </trkpt>
   <trkpt lat="12.652370000000001" lon="99.66283000000001">
    <ele>175.76000000000002</ele>
   </trkpt>
   <trkpt lat="12.65224" lon="99.66250000000001">
    <ele>176.37000000000003</ele>
   </trkpt>
   <trkpt lat="12.652170000000002" lon="99.66213">
    <ele>177.07</ele>
   </trkpt>
   <trkpt lat="12.652170000000002" lon="99.66189000000001">
    <ele>177.42000000000002</ele>
   </trkpt>
   <trkpt lat="12.65221" lon="99.66153000000001">
    <ele>177.39000000000001</ele>
   </trkpt>
   <trkpt lat="12.65229" lon="99.66116000000001">
    <ele>176.85</ele>
   </trkpt>
   <trkpt lat="12.652450000000002" lon="99.66085000000001">
    <ele>175.54</ele>
   </trkpt>
   <trkpt lat="12.652950000640548" lon="99.66024000126029">
    <ele>171.41</ele>
   </trkpt>
   <trkpt lat="12.653450000000001" lon="99.65963">
    <ele>169.73000000000002</ele>
   </trkpt>
   <trkpt lat="12.653870000000001" lon="99.65916000000001">
    <ele>170.04000000000002</ele>
   </trkpt>
   <trkpt lat="12.654060000000001" lon="99.65889000000001">
    <ele>170.99</ele>
   </trkpt>
   <trkpt lat="12.65422" lon="99.65861000000001">
    <ele>172.12000000000003</ele>
   </trkpt>
   <trkpt lat="12.65436" lon="99.65825000000001">
    <ele>173.78</ele>
   </trkpt>
   <trkpt lat="12.654440000492965" lon="99.65774500004932">
    <ele>174.44</ele>
   </trkpt>
   <trkpt lat="12.654520000000002" lon="99.65724">
    <ele>174.02</ele>
   </trkpt>
   <trkpt lat="12.654560000000002" lon="99.65709000000001">
    <ele>173.58</ele>
   </trkpt>
   <trkpt lat="12.65469" lon="99.6568">
    <ele>172.11</ele>
   </trkpt>
   <trkpt lat="12.65479" lon="99.65666">
    <ele>171.09</ele>
   </trkpt>
   <trkpt lat="12.65516" lon="99.65627">
    <ele>169.39000000000001</ele>
   </trkpt>
   <trkpt lat="12.65572500044634" lon="99.6558650007962">
    <ele>168.93000000000004</ele>
   </trkpt>
   <trkpt lat="12.65629" lon="99.65546">
    <ele>171.34</ele>
   </trkpt>
   <trkpt lat="12.656590000000001" lon="99.65532">
    <ele>171.98000000000002</ele>
   </trkpt>
   <trkpt lat="12.656930000000001" lon="99.65519">
    <ele>172.72</ele>
   </trkpt>
   <trkpt lat="12.657670000000001" lon="99.65515">
    <ele>171.6</ele>
   </trkpt>
   <trkpt lat="12.658419999988093" lon="99.65512250024315">
    <ele>168.01000000000002</ele>
   </trkpt>
   <trkpt lat="12.659169999973367" lon="99.65509500032462">
    <ele>165.31</ele>
   </trkpt>
   <trkpt lat="12.659919999955815" lon="99.65506750024436">
    <ele>165.21</ele>
   </trkpt>
   <trkpt lat="12.660670000000001" lon="99.65504000000001">
    <ele>167.73000000000002</ele>
   </trkpt>
   <trkpt lat="12.661505000077772" lon="99.65503000003181">
    <ele>169.88</ele>
   </trkpt>
   <trkpt lat="12.66234" lon="99.65502000000001">
    <ele>169.15</ele>
   </trkpt>
   <trkpt lat="12.663020000000001" lon="99.65497">
    <ele>167.63</ele>
   </trkpt>
   <trkpt lat="12.663335000713644" lon="99.65557999928346">
    <ele>165.43</ele>
   </trkpt>
   <trkpt lat="12.66365" lon="99.65619000000001">
    <ele>164.36</ele>
   </trkpt>
   <trkpt lat="12.664041435070159" lon="99.65695142156783">
    <ele>164.42000000000002</ele>
   </trkpt>
   <trkpt lat="12.664432867975906" lon="99.65771284547334">
    <ele>164.26000000000002</ele>
   </trkpt>
   <trkpt lat="12.66482429871716" lon="99.6584742717167">
    <ele>164.43</ele>
   </trkpt>
   <trkpt lat="12.66521572729384" lon="99.65923570029791">
    <ele>164.77</ele>
   </trkpt>
   <trkpt lat="12.665607153705883" lon="99.65999713121708">
    <ele>165.09</ele>
   </trkpt>
   <trkpt lat="12.665998577953204" lon="99.66075856447425">
    <ele>165.0</ele>
   </trkpt>
   <trkpt lat="12.666390000000002" lon="99.66152000000001">
    <ele>165.04000000000002</ele>
   </trkpt>
   <trkpt lat="12.66651" lon="99.66169000000001">
    <ele>165.11</ele>
   </trkpt>
   <trkpt lat="12.666620000000002" lon="99.66177">
    <ele>165.11</ele>
   </trkpt>
   <trkpt lat="12.66702" lon="99.66191">
    <ele>166.01000000000002</ele>
   </trkpt>
   <trkpt lat="12.667180000000002" lon="99.66199">
    <ele>166.37</ele>
   </trkpt>
   <trkpt lat="12.667510000139531" lon="99.66231499952248">
    <ele>165.16</ele>
   </trkpt>
   <trkpt lat="12.667840000000002" lon="99.66264000000001">
    <ele>163.87</ele>
   </trkpt>
   <trkpt lat="12.668455000419561" lon="99.66311999883357">
    <ele>165.4</ele>
   </trkpt>
   <trkpt lat="12.669070000000001" lon="99.6636">
    <ele>164.84</ele>
   </trkpt>
   <trkpt lat="12.669340000000002" lon="99.66386000000001">
    <ele>165.09</ele>
   </trkpt>
   <trkpt lat="12.66971666787941" lon="99.66442666501193">
    <ele>166.53</ele>
   </trkpt>
   <trkpt lat="12.670093334559528" lon="99.66499333169881">
    <ele>167.09</ele>
   </trkpt>
   <trkpt lat="12.670470000000002" lon="99.66556000000001">
    <ele>168.29000000000002</ele>
   </trkpt>
   <trkpt lat="12.670980000000002" lon="99.66626000000001">
    <ele>170.28</ele>
   </trkpt>
   <trkpt lat="12.67115" lon="99.66661">
    <ele>170.55</ele>
   </trkpt>
   <trkpt lat="12.671230000000001" lon="99.66697">
    <ele>170.49</ele>
   </trkpt>
   <trkpt lat="12.671240000000001" lon="99.66723">
    <ele>171.41</ele>
   </trkpt>
   <trkpt lat="12.671090000000001" lon="99.66808">
    <ele>177.4</ele>
   </trkpt>
   <trkpt lat="12.67064" lon="99.66801000000001">
    <ele>177.98000000000002</ele>
   </trkpt>
   <trkpt lat="12.670150000000001" lon="99.66803">
    <ele>177.55</ele>
   </trkpt>
   <trkpt lat="12.669445000119586" lon="99.66817000037076">
    <ele>175.28000000000003</ele>
   </trkpt>
   <trkpt lat="12.668740000000001" lon="99.66831">
    <ele>173.91</ele>
   </trkpt>
   <trkpt lat="12.668055000968277" lon="99.6678949966566">
    <ele>172.36</ele>
   </trkpt>
   <trkpt lat="12.667370001293394" lon="99.66747999554369">
    <ele>170.62</ele>
   </trkpt>
   <trkpt lat="12.666685000975392" lon="99.66706499666108">
    <ele>168.11</ele>
   </trkpt>
   <trkpt lat="12.666" lon="99.66665">
    <ele>163.97</ele>
   </trkpt>
   <trkpt lat="12.665330000001772" lon="99.66641999936229">
    <ele>162.28</ele>
   </trkpt>
   <trkpt lat="12.664660000000001" lon="99.66619000000001">
    <ele>162.36</ele>
   </trkpt>
   <trkpt lat="12.663926666627992" lon="99.66612999965064">
    <ele>163.17000000000002</ele>
   </trkpt>
   <trkpt lat="12.663193333242546" lon="99.66606999964637">
    <ele>164.96</ele>
   </trkpt>
   <trkpt lat="12.662460000000001" lon="99.66601000000001">
    <ele>166.04000000000002</ele>
   </trkpt>
   <trkpt lat="12.66157400000004" lon="99.66598599966643">
    <ele>164.66</ele>
   </trkpt>
   <trkpt lat="12.66068799999793" lon="99.66596199949959">
    <ele>166.33</ele>
   </trkpt>
   <trkpt lat="12.659801999993668" lon="99.66593799949948">
    <ele>168.12</ele>
   </trkpt>
   <trkpt lat="12.65891599998726" lon="99.6659139996661">
    <ele>166.41</ele>
   </trkpt>
   <trkpt lat="12.658030000000002" lon="99.66589">
    <ele>167.58</ele>
   </trkpt>
   <trkpt lat="12.657480000000001" lon="99.66616">
    <ele>168.97</ele>
   </trkpt>
   <trkpt lat="12.656930000535834" lon="99.6666900011312">
    <ele>172.04000000000002</ele>
   </trkpt>
   <trkpt lat="12.65638" lon="99.66722000000001">
    <ele>173.38</ele>
   </trkpt>
   <trkpt lat="12.656013334466744" lon="99.66777000157357">
    <ele>175.37000000000003</ele>
   </trkpt>
   <trkpt lat="12.655646667804843" lon="99.6683200015664">
    <ele>176.88</ele>
   </trkpt>
   <trkpt lat="12.655280000000001" lon="99.66887000000001">
    <ele>177.29</ele>
   </trkpt>
   <trkpt lat="12.654740001854185" lon="99.66957666966898">
    <ele>178.19</ele>
   </trkpt>
   <trkpt lat="12.654200001845329" lon="99.67028333634715">
    <ele>178.84000000000003</ele>
   </trkpt>
   <trkpt lat="12.65366" lon="99.67099">
    <ele>179.50000000000003</ele>
   </trkpt>
   <trkpt lat="12.65342" lon="99.67119000000001">
    <ele>179.82</ele>
   </trkpt>
   <trkpt lat="12.65313" lon="99.67135">
    <ele>180.92000000000002</ele>
   </trkpt>
   <trkpt lat="12.652730000000002" lon="99.67146000000001">
    <ele>181.39000000000001</ele>
   </trkpt>
   <trkpt lat="12.65239" lon="99.67150000000001">
    <ele>183.91000000000003</ele>
   </trkpt>
   <trkpt lat="12.651535000041523" lon="99.67150000000002">
    <ele>185.22000000000003</ele>
   </trkpt>
   <trkpt lat="12.650680000000001" lon="99.67150000000001">
    <ele>183.16000000000003</ele>
   </trkpt>
   <trkpt lat="12.65038" lon="99.67155000000001">
    <ele>182.47000000000003</ele>
   </trkpt>
   <trkpt lat="12.64977" lon="99.67182000000001">
    <ele>182.62</ele>
   </trkpt>
   <trkpt lat="12.649510000000001" lon="99.67203">
    <ele>183.78000000000003</ele>
   </trkpt>
   <trkpt lat="12.649150000276387" lon="99.67243500060422">
    <ele>184.7</ele>
   </trkpt>
   <trkpt lat="12.648790000000002" lon="99.67284000000001">
    <ele>185.04</ele>
   </trkpt>
   <trkpt lat="12.648460000000002" lon="99.67304000000001">
    <ele>184.99</ele>
   </trkpt>
   <trkpt lat="12.64812" lon="99.67317000000001">
    <ele>185.11</ele>
   </trkpt>
   <trkpt lat="12.647372500303632" lon="99.67341000211368">
    <ele>184.88000000000002</ele>
   </trkpt>
   <trkpt lat="12.646625000392486" lon="99.67365000282216">
    <ele>184.92000000000002</ele>
   </trkpt>
   <trkpt lat="12.645877500266582" lon="99.67389000212548">
    <ele>185.16000000000003</ele>
   </trkpt>
   <trkpt lat="12.645130000000002" lon="99.67413">
    <ele>185.51</ele>
   </trkpt>
   <trkpt lat="12.644310000195512" lon="99.67435666812106">
    <ele>186.29000000000002</ele>
   </trkpt>
   <trkpt lat="12.643490000199492" lon="99.67458333478658">
    <ele>190.13000000000002</ele>
   </trkpt>
   <trkpt lat="12.64267" lon="99.67481000000001">
    <ele>192.15</ele>
   </trkpt>
   <trkpt lat="12.642100000000001" lon="99.67497">
    <ele>192.68</ele>
   </trkpt>
   <trkpt lat="12.64169" lon="99.67512">
    <ele>192.47</ele>
   </trkpt>
   <trkpt lat="12.64131" lon="99.67537000000002">
    <ele>192.3</ele>
   </trkpt>
   <trkpt lat="12.641100000000002" lon="99.67555">
    <ele>192.10000000000002</ele>
   </trkpt>
   <trkpt lat="12.64075" lon="99.6761">
    <ele>191.29000000000002</ele>
   </trkpt>
   <trkpt lat="12.640540000000001" lon="99.67678000000001">
    <ele>191.42000000000002</ele>
   </trkpt>
   <trkpt lat="12.64048" lon="99.67716000000001">
    <ele>192.81</ele>
   </trkpt>
   <trkpt lat="12.640450000000001" lon="99.67754000000001">
    <ele>194.08</ele>
   </trkpt>
   <trkpt lat="12.640490000000002" lon="99.67787000000001">
    <ele>195.68</ele>
   </trkpt>
   <trkpt lat="12.640360000000001" lon="99.67851">
    <ele>195.36</ele>
   </trkpt>
   <trkpt lat="12.640140002454334" lon="99.67932000136085">
    <ele>193.15</ele>
   </trkpt>
   <trkpt lat="12.639920002463588" lon="99.68013000132673">
    <ele>195.82000000000002</ele>
   </trkpt>
   <trkpt lat="12.639700000000001" lon="99.68094">
    <ele>200.31</ele>
   </trkpt>
   <trkpt lat="12.639520000000001" lon="99.68143">
    <ele>204.26000000000002</ele>
   </trkpt>
   <trkpt lat="12.639265000438593" lon="99.6819000004193">
    <ele>206.72</ele>
   </trkpt>
   <trkpt lat="12.63901" lon="99.68237">
    <ele>207.75</ele>
   </trkpt>
   <trkpt lat="12.638890000000002" lon="99.68327000000001">
    <ele>209.19</ele>
   </trkpt>
   <trkpt lat="12.638610000000002" lon="99.68378000000001">
    <ele>209.75000000000003</ele>
   </trkpt>
   <trkpt lat="12.638390000000001" lon="99.68399000000001">
    <ele>209.22</ele>
   </trkpt>
   <trkpt lat="12.638160000000001" lon="99.68425">
    <ele>207.89000000000001</ele>
   </trkpt>
   <trkpt lat="12.637762004300884" lon="99.68501000474105">
    <ele>202.63</ele>
   </trkpt>
   <trkpt lat="12.637364006449593" lon="99.68577000711463">
    <ele>197.42000000000002</ele>
   </trkpt>
   <trkpt lat="12.636966006446205" lon="99.68653000712088">
    <ele>189.28</ele>
   </trkpt>
   <trkpt lat="12.636568004290792" lon="99.68729000475987">
    <ele>186.45</ele>
   </trkpt>
   <trkpt lat="12.636170000000002" lon="99.68805">
    <ele>184.45</ele>
   </trkpt>
   <trkpt lat="12.635750001046517" lon="99.6888050012682">
    <ele>181.39000000000001</ele>
   </trkpt>
   <trkpt lat="12.635330000000002" lon="99.68956000000001">
    <ele>179.04</ele>
   </trkpt>
   <trkpt lat="12.634970001315123" lon="99.69039000109537">
    <ele>174.81000000000003</ele>
   </trkpt>
   <trkpt lat="12.63461" lon="99.69122">
    <ele>167.68</ele>
   </trkpt>
   <trkpt lat="12.634482003929072" lon="99.69194600144144">
    <ele>164.59</ele>
   </trkpt>
   <trkpt lat="12.634354005894714" lon="99.69267200215576">
    <ele>163.42000000000002</ele>
   </trkpt>
   <trkpt lat="12.634226005896949" lon="99.69339800214297">
    <ele>162.51000000000002</ele>
   </trkpt>
   <trkpt lat="12.634098003935796" lon="99.69412400140307">
    <ele>161.88000000000002</ele>
   </trkpt>
   <trkpt lat="12.633970000000001" lon="99.69485">
    <ele>161.15</ele>
   </trkpt>
   <trkpt lat="12.63379500146408" lon="99.69574000066619">
    <ele>159.31</ele>
   </trkpt>
   <trkpt lat="12.63362" lon="99.69663000000001">
    <ele>156.63000000000002</ele>
   </trkpt>
   <trkpt lat="12.633545000439762" lon="99.69710500001554">
    <ele>155.42</ele>
   </trkpt>
   <trkpt lat="12.63347" lon="99.69758">
    <ele>153.48</ele>
   </trkpt>
   <trkpt lat="12.633490000000002" lon="99.69804">
    <ele>152.63000000000002</ele>
   </trkpt>
   <trkpt lat="12.63362" lon="99.69858">
    <ele>151.9</ele>
   </trkpt>
   <trkpt lat="12.634046258137843" lon="99.69936999077899">
    <ele>151.56</ele>
   </trkpt>
   <trkpt lat="12.634472513950957" lon="99.70015998419271">
    <ele>150.37</ele>
   </trkpt>
   <trkpt lat="12.634898767439255" lon="99.70094998024129">
    <ele>146.23</ele>
   </trkpt>
   <trkpt lat="12.635325018602643" lon="99.7017399789248">
    <ele>141.52</ele>
   </trkpt>
   <trkpt lat="12.635751267441034" lon="99.70252998024333">
    <ele>138.44</ele>
   </trkpt>
   <trkpt lat="12.63617751395434" lon="99.70331998419698">
    <ele>136.62</ele>
   </trkpt>
   <trkpt lat="12.636603758142472" lon="99.70410999078581">
    <ele>138.90000000000003</ele>
   </trkpt>
   <trkpt lat="12.637030000000001" lon="99.70490000000001">
    <ele>142.75</ele>
   </trkpt>
   <trkpt lat="12.637043335941732" lon="99.7057366665965">
    <ele>142.29</ele>
   </trkpt>
   <trkpt lat="12.63705666927534" lon="99.70657333328029">
    <ele>140.75</ele>
   </trkpt>
   <trkpt lat="12.637070000000001" lon="99.70741000000001">
    <ele>138.03</ele>
   </trkpt>
   <trkpt lat="12.63704" lon="99.70816">
    <ele>137.41</ele>
   </trkpt>
   <trkpt lat="12.636890001113048" lon="99.70893500048514">
    <ele>136.04000000000002</ele>
   </trkpt>
   <trkpt lat="12.636740000000001" lon="99.70971">
    <ele>134.39000000000001</ele>
   </trkpt>
   <trkpt lat="12.636585722634608" lon="99.71057428884576">
    <ele>132.52</ele>
   </trkpt>
   <trkpt lat="12.636431442486131" lon="99.71143857664804">
    <ele>130.88000000000002</ele>
   </trkpt>
   <trkpt lat="12.636277159554615" lon="99.71230286340675">
    <ele>129.99</ele>
   </trkpt>
   <trkpt lat="12.636122873840089" lon="99.71316714912194">
    <ele>128.5</ele>
   </trkpt>
   <trkpt lat="12.635968585342601" lon="99.71403143379361">
    <ele>126.95</ele>
   </trkpt>
   <trkpt lat="12.635814294062184" lon="99.71489571742171">
    <ele>124.56</ele>
   </trkpt>
   <trkpt lat="12.635660000000001" lon="99.71576">
    <ele>122.59</ele>
   </trkpt>
   <trkpt lat="12.635546668666251" lon="99.71649333400869">
    <ele>120.97</ele>
   </trkpt>
   <trkpt lat="12.635433335329047" lon="99.71722666736702">
    <ele>119.66000000000001</ele>
   </trkpt>
   <trkpt lat="12.635320000000002" lon="99.71796">
    <ele>117.82000000000001</ele>
   </trkpt>
   <trkpt lat="12.635280000000002" lon="99.71838000000001">
    <ele>117.22</ele>
   </trkpt>
   <trkpt lat="12.63526500078746" lon="99.7190300000173">
    <ele>115.54</ele>
   </trkpt>
   <trkpt lat="12.635250000000001" lon="99.71968000000001">
    <ele>115.57000000000001</ele>
   </trkpt>
   <trkpt lat="12.63439999999983" lon="99.71966714260061">
    <ele>115.21000000000001</ele>
   </trkpt>
   <trkpt lat="12.633549999999053" lon="99.71965428528674">
    <ele>115.15000000000002</ele>
   </trkpt>
   <trkpt lat="12.632699999997653" lon="99.71964142805835">
    <ele>115.37000000000002</ele>
   </trkpt>
   <trkpt lat="12.631849999995639" lon="99.7196285709155">
    <ele>115.43</ele>
   </trkpt>
   <trkpt lat="12.63099999999301" lon="99.7196157138581">
    <ele>115.18</ele>
   </trkpt>
   <trkpt lat="12.630149999989765" lon="99.71960285688621">
    <ele>114.96000000000001</ele>
   </trkpt>
   <trkpt lat="12.6293" lon="99.71959000000001">
    <ele>115.69000000000001</ele>
   </trkpt>
   <trkpt lat="12.628445000030908" lon="99.71955499988417">
    <ele>116.82000000000001</ele>
   </trkpt>
   <trkpt lat="12.627590000000001" lon="99.71952">
    <ele>118.02000000000001</ele>
   </trkpt>
   <trkpt lat="12.627020000048748" lon="99.71953500003215">
    <ele>118.42000000000002</ele>
   </trkpt>
   <trkpt lat="12.62645" lon="99.71955000000001">
    <ele>117.60000000000001</ele>
   </trkpt>
   <trkpt lat="12.62583" lon="99.71971">
    <ele>116.55000000000001</ele>
   </trkpt>
   <trkpt lat="12.62536000011492" lon="99.71987500028064">
    <ele>116.04</ele>
   </trkpt>
   <trkpt lat="12.62489" lon="99.72004000000001">
    <ele>116.39</ele>
   </trkpt>
   <trkpt lat="12.624056668058161" lon="99.7203455635165">
    <ele>118.30000000000001</ele>
   </trkpt>
   <trkpt lat="12.623223335768781" lon="99.72065112504227">
    <ele>119.17000000000002</ele>
   </trkpt>
   <trkpt lat="12.622390003131887" lon="99.72095668457746">
    <ele>120.13000000000001</ele>
   </trkpt>
   <trkpt lat="12.621556670147502" lon="99.72126224212221">
    <ele>120.64000000000001</ele>
   </trkpt>
   <trkpt lat="12.620723336815654" lon="99.7215677976767">
    <ele>121.26</ele>
   </trkpt>
   <trkpt lat="12.61989000313637" lon="99.72187335124104">
    <ele>121.31000000000002</ele>
   </trkpt>
   <trkpt lat="12.619056669109673" lon="99.72217890281543">
    <ele>121.28000000000002</ele>
   </trkpt>
   <trkpt lat="12.618223334735593" lon="99.72248445239997">
    <ele>121.22</ele>
   </trkpt>
   <trkpt lat="12.61739" lon="99.72279">
    <ele>119.92000000000002</ele>
   </trkpt>
   <trkpt lat="12.61744" lon="99.72324">
    <ele>118.39</ele>
   </trkpt>
   <trkpt lat="12.61744" lon="99.72388000000001">
    <ele>115.97</ele>
   </trkpt>
   <trkpt lat="12.617477151222129" lon="99.7247457135312">
    <ele>114.43</ele>
   </trkpt>
   <trkpt lat="12.617514299655934" lon="99.72561142731372">
    <ele>111.25000000000001</ele>
   </trkpt>
   <trkpt lat="12.617551445301405" lon="99.72647714134747">
    <ele>110.69000000000001</ele>
   </trkpt>
   <trkpt lat="12.617588588158535" lon="99.72734285563253">
    <ele>108.85</ele>
   </trkpt>
   <trkpt lat="12.617625728227317" lon="99.7282085701688">
    <ele>107.33000000000001</ele>
   </trkpt>
   <trkpt lat="12.617662865507734" lon="99.72907428495631">
    <ele>104.91</ele>
   </trkpt>
   <trkpt lat="12.617700000000001" lon="99.72994000000001">
    <ele>103.59000000000002</ele>
   </trkpt>
   <trkpt lat="12.61769500363912" lon="99.7307475000221">
    <ele>102.15</ele>
   </trkpt>
   <trkpt lat="12.617690004852266" lon="99.73155500001268">
    <ele>101.98000000000002</ele>
   </trkpt>
   <trkpt lat="12.617685003639433" lon="99.73236249997169">
    <ele>101.51</ele>
   </trkpt>
   <trkpt lat="12.617680000000002" lon="99.73317">
    <ele>101.56</ele>
   </trkpt>
   <trkpt lat="12.617780000000002" lon="99.73332">
    <ele>101.54</ele>
   </trkpt>
   <trkpt lat="12.618234999914227" lon="99.73343999975701">
    <ele>100.25</ele>
   </trkpt>
   <trkpt lat="12.61869" lon="99.73356000000001">
    <ele>99.59</ele>
   </trkpt>
   <trkpt lat="12.61875" lon="99.73368">
    <ele>99.54</ele>
   </trkpt>
   <trkpt lat="12.618893335246705" lon="99.73439666587545">
    <ele>98.94000000000001</ele>
   </trkpt>
   <trkpt lat="12.619036668582357" lon="99.73511333255365">
    <ele>97.88000000000001</ele>
   </trkpt>
   <trkpt lat="12.619180000000002" lon="99.73583">
    <ele>97.5</ele>
   </trkpt>
   <trkpt lat="12.619250004179188" lon="99.7366949993277">
    <ele>97.01</ele>
   </trkpt>
   <trkpt lat="12.619320005574282" lon="99.73755999912858">
    <ele>96.97000000000001</ele>
   </trkpt>
   <trkpt lat="12.619390004185268" lon="99.73842499940268">
    <ele>95.9</ele>
   </trkpt>
   <trkpt lat="12.619460000000002" lon="99.73929000000001">
    <ele>94.51</ele>
   </trkpt>
   <trkpt lat="12.619615003267086" lon="99.74005499861295">
    <ele>93.97000000000001</ele>
   </trkpt>
   <trkpt lat="12.619770004356536" lon="99.74081999815257">
    <ele>92.28</ele>
   </trkpt>
   <trkpt lat="12.619925003268323" lon="99.74158499861889">
    <ele>90.52</ele>
   </trkpt>
   <trkpt lat="12.620080000000002" lon="99.74235">
    <ele>90.57000000000001</ele>
   </trkpt>
   <trkpt lat="12.620080000000002" lon="99.74233000000001">
    <ele>90.55</ele>
   </trkpt>
   <trkpt lat="12.620260002998771" lon="99.74322666543947">
    <ele>94.00000000000001</ele>
   </trkpt>
   <trkpt lat="12.620440003005656" lon="99.74412333214036">
    <ele>94.06</ele>
   </trkpt>
   <trkpt lat="12.62062" lon="99.74502000000001">
    <ele>92.63</ele>
   </trkpt>
   <trkpt lat="12.62076" lon="99.74551000000001">
    <ele>92.36000000000001</ele>
   </trkpt>
   <trkpt lat="12.621030000000001" lon="99.74607">
    <ele>93.11000000000001</ele>
   </trkpt>
   <trkpt lat="12.621403335799421" lon="99.74688333096918">
    <ele>91.22000000000001</ele>
   </trkpt>
   <trkpt lat="12.621776669137017" lon="99.74769666431172">
    <ele>89.8</ele>
   </trkpt>
   <trkpt lat="12.622150000000001" lon="99.74851000000001">
    <ele>89.82000000000001</ele>
   </trkpt>
   <trkpt lat="12.622240000000001" lon="99.74905000000001">
    <ele>90.9</ele>
   </trkpt>
   <trkpt lat="12.62221" lon="99.74957">
    <ele>90.21000000000001</ele>
   </trkpt>
   <trkpt lat="12.622090000000002" lon="99.75012000000001">
    <ele>90.69</ele>
   </trkpt>
   <trkpt lat="12.621993334714473" lon="99.75072666705356">
    <ele>90.87</ele>
   </trkpt>
   <trkpt lat="12.621896668059195" lon="99.75133333364872">
    <ele>91.00000000000001</ele>
   </trkpt>
   <trkpt lat="12.6218" lon="99.75194">
    <ele>90.9</ele>
   </trkpt>
   <trkpt lat="12.6218" lon="99.75280000000001">
    <ele>90.22000000000001</ele>
   </trkpt>
   <trkpt lat="12.621893012100111" lon="99.75364999721812">
    <ele>89.43</ele>
   </trkpt>
   <trkpt lat="12.621986021511342" lon="99.7544999950542">
    <ele>89.16</ele>
   </trkpt>
   <trkpt lat="12.622079028233664" lon="99.75534999350823">
    <ele>90.63</ele>
   </trkpt>
   <trkpt lat="12.62217203226706" lon="99.7561999925802">
    <ele>90.54</ele>
   </trkpt>
   <trkpt lat="12.622265033611505" lon="99.75704999227011">
    <ele>90.60000000000001</ele>
   </trkpt>
   <trkpt lat="12.622358032266979" lon="99.75789999257795">
    <ele>90.52</ele>
   </trkpt>
   <trkpt lat="12.62245102823346" lon="99.75874999350368">
    <ele>90.28000000000002</ele>
   </trkpt>
   <trkpt lat="12.622544021510926" lon="99.7595999950473">
    <ele>90.24</ele>
   </trkpt>
   <trkpt lat="12.622637012099343" lon="99.76044999720881">
    <ele>89.98</ele>
   </trkpt>
   <trkpt lat="12.62273" lon="99.7613">
    <ele>91.26</ele>
   </trkpt>
   <trkpt lat="12.622815001345582" lon="99.76214999972802">
    <ele>93.7</ele>
   </trkpt>
   <trkpt lat="12.622900000000001" lon="99.763">
    <ele>99.32000000000001</ele>
   </trkpt>
   <trkpt lat="12.622940000000002" lon="99.76297000000001">
    <ele>99.36</ele>
   </trkpt>
   <trkpt lat="12.623330000000001" lon="99.76276000000001">
    <ele>99.91000000000001</ele>
   </trkpt>
   <trkpt lat="12.623550000000002" lon="99.76269">
    <ele>100.83</ele>
   </trkpt>
   <trkpt lat="12.623780000000002" lon="99.76266000000001">
    <ele>101.14</ele>
   </trkpt>
   <trkpt lat="12.62428" lon="99.76267000000001">
    <ele>101.95000000000002</ele>
   </trkpt>
   <trkpt lat="12.625030000142925" lon="99.76277499970928">
    <ele>103.3</ele>
   </trkpt>
   <trkpt lat="12.62578" lon="99.76288000000001">
    <ele>102.76</ele>
   </trkpt>
   <trkpt lat="12.62602" lon="99.76293000000001">
    <ele>102.06000000000002</ele>
   </trkpt>
   <trkpt lat="12.62635" lon="99.76309">
    <ele>100.68</ele>
   </trkpt>
   <trkpt lat="12.627040000395347" lon="99.76350999890768">
    <ele>101.69</ele>
   </trkpt>
   <trkpt lat="12.627730000000001" lon="99.76393">
    <ele>99.53</ele>
   </trkpt>
   <trkpt lat="12.628450000117716" lon="99.76416499934322">
    <ele>97.67</ele>
   </trkpt>
   <trkpt lat="12.62917" lon="99.76440000000001">
    <ele>95.35000000000001</ele>
   </trkpt>
   <trkpt lat="12.629600000000002" lon="99.76457">
    <ele>94.4</ele>
   </trkpt>
   <trkpt lat="12.63025" lon="99.76486000000001">
    <ele>94.29</ele>
   </trkpt>
   <trkpt lat="12.63067000002441" lon="99.7651749993623">
    <ele>93.62</ele>
   </trkpt>
   <trkpt lat="12.63109" lon="99.76549000000001">
    <ele>92.25000000000001</ele>
   </trkpt>
   <trkpt lat="12.631290000000002" lon="99.76569">
    <ele>90.66</ele>
   </trkpt>
   <trkpt lat="12.63161500069817" lon="99.76628499931489">
    <ele>89.35000000000001</ele>
   </trkpt>
   <trkpt lat="12.63194" lon="99.76688000000001">
    <ele>89.52</ele>
   </trkpt>
   <trkpt lat="12.632100000000001" lon="99.76713000000001">
    <ele>89.74000000000001</ele>
   </trkpt>
   <trkpt lat="12.6323" lon="99.76733">
    <ele>89.94</ele>
   </trkpt>
   <trkpt lat="12.633080000000001" lon="99.76775">
    <ele>85.56</ele>
   </trkpt>
   <trkpt lat="12.633460000000001" lon="99.76799000000001">
    <ele>83.34</ele>
   </trkpt>
   <trkpt lat="12.633600000000001" lon="99.76804000000001">
    <ele>82.72</ele>
   </trkpt>
   <trkpt lat="12.63367" lon="99.76804000000001">
    <ele>81.56</ele>
   </trkpt>
   <trkpt lat="12.634210000018017" lon="99.76791500026665">
    <ele>78.64</ele>
   </trkpt>
   <trkpt lat="12.63475" lon="99.76779">
    <ele>78.21</ele>
   </trkpt>
   <trkpt lat="12.635551667013042" lon="99.76759500306039">
    <ele>78.33000000000001</ele>
   </trkpt>
   <trkpt lat="12.636353333884426" lon="99.76740000489748">
    <ele>77.91000000000001</ele>
   </trkpt>
   <trkpt lat="12.637155000614147" lon="99.76720500551123">
    <ele>77.73</ele>
   </trkpt>
   <trkpt lat="12.637956667202191" lon="99.76701000490151">
    <ele>80.03</ele>
   </trkpt>
   <trkpt lat="12.63875833364855" lon="99.76681500306827">
    <ele>82.12</ele>
   </trkpt>
   <trkpt lat="12.639560000000001" lon="99.76662">
    <ele>82.81</ele>
   </trkpt>
   <trkpt lat="12.639940000000001" lon="99.76652000000001">
    <ele>83.0</ele>
   </trkpt>
   <trkpt lat="12.640080000000001" lon="99.76651000000001">
    <ele>83.0</ele>
   </trkpt>
   <trkpt lat="12.640210000000002" lon="99.76656000000001">
    <ele>83.0</ele>
   </trkpt>
   <trkpt lat="12.640485000512736" lon="99.76706999950312">
    <ele>82.56</ele>
   </trkpt>
   <trkpt lat="12.64076" lon="99.76758000000001">
    <ele>82.4</ele>
   </trkpt>
   <trkpt lat="12.64084" lon="99.76768000000001">
    <ele>82.4</ele>
   </trkpt>
   <trkpt lat="12.64118" lon="99.76800000000001">
    <ele>82.49000000000001</ele>
   </trkpt>
   <trkpt lat="12.641770000000001" lon="99.76866000000001">
    <ele>82.46000000000001</ele>
   </trkpt>
   <trkpt lat="12.642190000000001" lon="99.76911000000001">
    <ele>81.79</ele>
   </trkpt>
   <trkpt lat="12.64231" lon="99.76920000000001">
    <ele>81.79</ele>
   </trkpt>
   <trkpt lat="12.642973333585324" lon="99.76944666539484">
    <ele>81.66000000000001</ele>
   </trkpt>
   <trkpt lat="12.643636666943854" lon="99.76969333207087">
    <ele>81.57000000000001</ele>
   </trkpt>
   <trkpt lat="12.644300000000001" lon="99.76994">
    <ele>81.43</ele>
   </trkpt>
   <trkpt lat="12.64484" lon="99.77016">
    <ele>81.38000000000001</ele>
   </trkpt>
   <trkpt lat="12.64536" lon="99.77047">
    <ele>80.93</ele>
   </trkpt>
   <trkpt lat="12.645800000000001" lon="99.77082000000001">
    <ele>80.59</ele>
   </trkpt>
   <trkpt lat="12.646165000174754" lon="99.77114499951574">
    <ele>80.33000000000001</ele>
   </trkpt>
   <trkpt lat="12.64653" lon="99.77147000000001">
    <ele>80.4</ele>
   </trkpt>
   <trkpt lat="12.647260000000001" lon="99.77126000000001">
    <ele>79.9</ele>
   </trkpt>
   <trkpt lat="12.647860000000001" lon="99.77121000000001">
    <ele>80.53999999999999</ele>
   </trkpt>
   <trkpt lat="12.648370000000002" lon="99.77121000000001">
    <ele>80.64</ele>
   </trkpt>
   <trkpt lat="12.648820000055156" lon="99.77128499987526">
    <ele>80.74000000000001</ele>
   </trkpt>
   <trkpt lat="12.649270000000001" lon="99.77136">
    <ele>80.88000000000001</ele>
   </trkpt>
   <trkpt lat="12.64976" lon="99.77146">
    <ele>80.82000000000001</ele>
   </trkpt>
   <trkpt lat="12.650384999949408" lon="99.77165999947029">
    <ele>80.76</ele>
   </trkpt>
   <trkpt lat="12.651010000000001" lon="99.77186">
    <ele>80.58000000000001</ele>
   </trkpt>
   <trkpt lat="12.651464999909786" lon="99.77192999985992">
    <ele>80.53999999999999</ele>
   </trkpt>
   <trkpt lat="12.65192" lon="99.772">
    <ele>80.32000000000001</ele>
   </trkpt>
   <trkpt lat="12.652330000000001" lon="99.772">
    <ele>80.2</ele>
   </trkpt>
   <trkpt lat="12.653110000000002" lon="99.77191">
    <ele>80.22</ele>
   </trkpt>
   <trkpt lat="12.653840000051394" lon="99.77178333405946">
    <ele>80.23</ele>
   </trkpt>
   <trkpt lat="12.654570000042938" lon="99.7716566673943">
    <ele>80.89999999999999</ele>
   </trkpt>
   <trkpt lat="12.6553" lon="99.77153000000001">
    <ele>81.37</ele>
   </trkpt>
   <trkpt lat="12.655790000000001" lon="99.77152000000001">
    <ele>81.92</ele>
   </trkpt>
   <trkpt lat="12.656440000000002" lon="99.77155">
    <ele>82.34</ele>
   </trkpt>
   <trkpt lat="12.65703" lon="99.77162000000001">
    <ele>82.57000000000001</ele>
   </trkpt>
   <trkpt lat="12.657420000000002" lon="99.77170000000001">
    <ele>82.60000000000001</ele>
   </trkpt>
   <trkpt lat="12.658050000000001" lon="99.77188000000001">
    <ele>82.47</ele>
   </trkpt>
   <trkpt lat="12.658725000225667" lon="99.77210999943468">
    <ele>82.66000000000001</ele>
   </trkpt>
   <trkpt lat="12.659400000000002" lon="99.77234000000001">
    <ele>82.17</ele>
   </trkpt>
   <trkpt lat="12.659860000000002" lon="99.77258">
    <ele>81.7</ele>
   </trkpt>
   <trkpt lat="12.660400000000001" lon="99.77292000000001">
    <ele>82.05000000000001</ele>
   </trkpt>
   <trkpt lat="12.660770000000001" lon="99.77321">
    <ele>83.16000000000001</ele>
   </trkpt>
   <trkpt lat="12.661080000000002" lon="99.77355000000001">
    <ele>83.91000000000001</ele>
   </trkpt>
   <trkpt lat="12.66139" lon="99.77404000000001">
    <ele>84.17</ele>
   </trkpt>
   <trkpt lat="12.661700000000002" lon="99.77434000000001">
    <ele>84.59000000000002</ele>
   </trkpt>
   <trkpt lat="12.662210000000002" lon="99.77459">
    <ele>85.38000000000001</ele>
   </trkpt>
   <trkpt lat="12.66267" lon="99.77474000000001">
    <ele>86.33</ele>
   </trkpt>
   <trkpt lat="12.663050000000002" lon="99.77475000000001">
    <ele>87.33</ele>
   </trkpt>
   <trkpt lat="12.663795000142967" lon="99.7747000001368">
    <ele>86.45000000000002</ele>
   </trkpt>
   <trkpt lat="12.66454" lon="99.77465000000001">
    <ele>82.53</ele>
   </trkpt>
   <trkpt lat="12.665414285977372" lon="99.77449571746111">
    <ele>79.32</ele>
   </trkpt>
   <trkpt lat="12.666288571865875" lon="99.77434143386408">
    <ele>77.14</ele>
   </trkpt>
   <trkpt lat="12.667162857665494" lon="99.77418714920886">
    <ele>75.54</ele>
   </trkpt>
   <trkpt lat="12.668037143376223" lon="99.77403286349538">
    <ele>74.68</ele>
   </trkpt>
   <trkpt lat="12.668911428998063" lon="99.77387857672352">
    <ele>73.31</ele>
   </trkpt>
   <trkpt lat="12.669785714531002" lon="99.77372428889322">
    <ele>72.76</ele>
   </trkpt>
   <trkpt lat="12.670660000000002" lon="99.77357">
    <ele>72.08</ele>
   </trkpt>
   <trkpt lat="12.671433333380838" lon="99.77345333404196">
    <ele>70.87</ele>
   </trkpt>
   <trkpt lat="12.672206666710833" lon="99.7733366673758">
    <ele>69.72</ele>
   </trkpt>
   <trkpt lat="12.67298" lon="99.77322000000001">
    <ele>68.19</ele>
   </trkpt>
   <trkpt lat="12.673666666699564" lon="99.77311666722471">
    <ele>67.29</ele>
   </trkpt>
   <trkpt lat="12.674353333359239" lon="99.77301333389245">
    <ele>67.11</ele>
   </trkpt>
   <trkpt lat="12.675040000000001" lon="99.77291000000001">
    <ele>66.85000000000001</ele>
   </trkpt>
   <trkpt lat="12.675760000092305" lon="99.77302399871036">
    <ele>66.42</ele>
   </trkpt>
   <trkpt lat="12.676480000136051" lon="99.7731379980651">
    <ele>66.52000000000001</ele>
   </trkpt>
   <trkpt lat="12.677200000131235" lon="99.77325199806428">
    <ele>66.18</ele>
   </trkpt>
   <trkpt lat="12.677920000077858" lon="99.77336599870797">
    <ele>65.34</ele>
   </trkpt>
   <trkpt lat="12.678640000000001" lon="99.77348">
    <ele>64.96000000000001</ele>
   </trkpt>
   <trkpt lat="12.679160000000001" lon="99.77364000000001">
    <ele>64.93</ele>
   </trkpt>
   <trkpt lat="12.67956" lon="99.77383">
    <ele>65.01</ele>
   </trkpt>
   <trkpt lat="12.68015666720358" lon="99.77420333159382">
    <ele>64.60000000000001</ele>
   </trkpt>
   <trkpt lat="12.680753333886214" lon="99.7745766649371">
    <ele>64.07000000000001</ele>
   </trkpt>
   <trkpt lat="12.681350000000002" lon="99.77495">
    <ele>63.74</ele>
   </trkpt>
   <trkpt lat="12.68172" lon="99.77522">
    <ele>63.55000000000001</ele>
   </trkpt>
   <trkpt lat="12.682230000416082" lon="99.77565999916544">
    <ele>63.12000000000001</ele>
   </trkpt>
   <trkpt lat="12.68274" lon="99.77610000000001">
    <ele>62.470000000000006</ele>
   </trkpt>
   <trkpt lat="12.683000000000002" lon="99.77629">
    <ele>61.92</ele>
   </trkpt>
   <trkpt lat="12.683605001313524" lon="99.7767724965663">
    <ele>61.14000000000001</ele>
   </trkpt>
   <trkpt lat="12.68421000175667" lon="99.77725499542586">
    <ele>60.67</ele>
   </trkpt>
   <trkpt lat="12.6848150013294" lon="99.77773749657881">
    <ele>60.36</ele>
   </trkpt>
   <trkpt lat="12.68542" lon="99.77822">
    <ele>59.63</ele>
   </trkpt>
   <trkpt lat="12.68593" lon="99.77858">
    <ele>59.440000000000005</ele>
   </trkpt>
   <trkpt lat="12.686620000542087" lon="99.77888749750423">
    <ele>59.14</ele>
   </trkpt>
   <trkpt lat="12.68731000073059" lon="99.7791949966757">
    <ele>59.03000000000001</ele>
   </trkpt>
   <trkpt lat="12.688000000565484" lon="99.77950249751453">
    <ele>58.52</ele>
   </trkpt>
   <trkpt lat="12.688690000000001" lon="99.77981000000001">
    <ele>58.0</ele>
   </trkpt>
   <trkpt lat="12.689290000000002" lon="99.78049000000001">
    <ele>57.6</ele>
   </trkpt>
   <trkpt lat="12.689843335030497" lon="99.7811599971079">
    <ele>57.24</ele>
   </trkpt>
   <trkpt lat="12.69039666838195" lon="99.78182999712976">
    <ele>56.68</ele>
   </trkpt>
   <trkpt lat="12.69095" lon="99.78250000000001">
    <ele>56.49</ele>
   </trkpt>
   <trkpt lat="12.691230000000001" lon="99.78290000000001">
    <ele>56.120000000000005</ele>
   </trkpt>
   <trkpt lat="12.691350000000002" lon="99.78312000000001">
    <ele>56.120000000000005</ele>
   </trkpt>
   <trkpt lat="12.69162" lon="99.78370000000001">
    <ele>56.02</ele>
   </trkpt>
   <trkpt lat="12.691795000451084" lon="99.78415499985304">
    <ele>56.0</ele>
   </trkpt>
   <trkpt lat="12.691970000000001" lon="99.78461000000001">
    <ele>55.95</ele>
   </trkpt>
   <trkpt lat="12.692210001701497" lon="99.7852866653577">
    <ele>55.830000000000005</ele>
   </trkpt>
   <trkpt lat="12.69245000169007" lon="99.78596333199211">
    <ele>55.830000000000005</ele>
   </trkpt>
   <trkpt lat="12.69269" lon="99.78664">
    <ele>55.720000000000006</ele>
   </trkpt>
   <trkpt lat="12.692987507714768" lon="99.78740749371967">
    <ele>55.71</ele>
   </trkpt>
   <trkpt lat="12.69328501322577" lon="99.78817498923449">
    <ele>55.88</ele>
   </trkpt>
   <trkpt lat="12.693582516532944" lon="99.78894248654456">
    <ele>56.0</ele>
   </trkpt>
   <trkpt lat="12.693880017636237" lon="99.78970998564984">
    <ele>55.940000000000005</ele>
   </trkpt>
   <trkpt lat="12.694177516535584" lon="99.79047748655043">
    <ele>55.980000000000004</ele>
   </trkpt>
   <trkpt lat="12.694475013230932" lon="99.79124498924634">
    <ele>55.81</ele>
   </trkpt>
   <trkpt lat="12.694772507722218" lon="99.79201249373759">
    <ele>55.190000000000005</ele>
   </trkpt>
   <trkpt lat="12.695070000000001" lon="99.79278000000001">
    <ele>54.910000000000004</ele>
   </trkpt>
   <trkpt lat="12.695343338690806" lon="99.79353666260442">
    <ele>54.68000000000001</ele>
   </trkpt>
   <trkpt lat="12.695616675239238" lon="99.79429332683519">
    <ele>54.64</ele>
   </trkpt>
   <trkpt lat="12.69589000964524" lon="99.79504999269237">
    <ele>54.510000000000005</ele>
   </trkpt>
   <trkpt lat="12.69616334190876" lon="99.79580666017597">
    <ele>54.49</ele>
   </trkpt>
   <trkpt lat="12.696436672029748" lon="99.79656332928603">
    <ele>54.42</ele>
   </trkpt>
   <trkpt lat="12.696710000000001" lon="99.79732000000001">
    <ele>54.44</ele>
   </trkpt>
   <trkpt lat="12.696920001150708" lon="99.7980949994591">
    <ele>54.21</ele>
   </trkpt>
   <trkpt lat="12.697130000000001" lon="99.79887000000001">
    <ele>54.220000000000006</ele>
   </trkpt>
   <trkpt lat="12.697280000000001" lon="99.79924000000001">
    <ele>54.21</ele>
   </trkpt>
   <trkpt lat="12.69753" lon="99.79959000000001">
    <ele>54.07000000000001</ele>
   </trkpt>
   <trkpt lat="12.698067502415746" lon="99.800244995855">
    <ele>54.17</ele>
   </trkpt>
   <trkpt lat="12.69860500322582" lon="99.80089999447907">
    <ele>54.040000000000006</ele>
   </trkpt>
   <trkpt lat="12.699142502430151" lon="99.80155499587232">
    <ele>54.01</ele>
   </trkpt>
   <trkpt lat="12.69968" lon="99.80221">
    <ele>53.970000000000006</ele>
   </trkpt>
   <trkpt lat="12.700140003458495" lon="99.8028183278234">
    <ele>54.02</ele>
   </trkpt>
   <trkpt lat="12.700600005531765" lon="99.80342665784815">
    <ele>53.99</ele>
   </trkpt>
   <trkpt lat="12.701060006219752" lon="99.80403499007433">
    <ele>54.07000000000001</ele>
   </trkpt>
   <trkpt lat="12.701520005522397" lon="99.80464332450201">
    <ele>53.95</ele>
   </trkpt>
   <trkpt lat="12.70198000343965" lon="99.8052516611313">
    <ele>54.080000000000005</ele>
   </trkpt>
   <trkpt lat="12.702440000000001" lon="99.80586000000001">
    <ele>54.38</ele>
   </trkpt>
   <trkpt lat="12.702890000000002" lon="99.80641000000001">
    <ele>54.68000000000001</ele>
   </trkpt>
   <trkpt lat="12.703343337187539" lon="99.8070516609443">
    <ele>55.2</ele>
   </trkpt>
   <trkpt lat="12.703796672833523" lon="99.80769332417748">
    <ele>55.64</ele>
   </trkpt>
   <trkpt lat="12.704250006937887" lon="99.80833498969965">
    <ele>55.89</ele>
   </trkpt>
   <trkpt lat="12.704703339500577" lon="99.80897665751091">
    <ele>56.650000000000006</ele>
   </trkpt>
   <trkpt lat="12.705156670521527" lon="99.80961832761132">
    <ele>57.18</ele>
   </trkpt>
   <trkpt lat="12.705610000000002" lon="99.81026000000001">
    <ele>57.830000000000005</ele>
   </trkpt>
   <trkpt lat="12.706070003007916" lon="99.81089399540548">
    <ele>58.42000000000001</ele>
   </trkpt>
   <trkpt lat="12.706530004510588" lon="99.81152799310625">
    <ele>58.800000000000004</ele>
   </trkpt>
   <trkpt lat="12.706990004507956" lon="99.81216199310244">
    <ele>59.260000000000005</ele>
   </trkpt>
   <trkpt lat="12.70745000299996" lon="99.81279599539415">
    <ele>59.730000000000004</ele>
   </trkpt>
   <trkpt lat="12.707910000000002" lon="99.81343000000001">
    <ele>60.25000000000001</ele>
   </trkpt>
   <trkpt lat="12.708245000367448" lon="99.81381499959565">
    <ele>60.02</ele>
   </trkpt>
   <trkpt lat="12.708580000000001" lon="99.81420000000001">
    <ele>59.730000000000004</ele>
   </trkpt>
   <trkpt lat="12.70915500186814" lon="99.81477749607294">
    <ele>59.660000000000004</ele>
   </trkpt>
   <trkpt lat="12.709730002487083" lon="99.81535499476">
    <ele>60.10000000000001</ele>
   </trkpt>
   <trkpt lat="12.710305001856758" lon="99.81593249606131">
    <ele>60.54</ele>
   </trkpt>
   <trkpt lat="12.710880000000001" lon="99.81651000000001">
    <ele>61.34</ele>
   </trkpt>
   <trkpt lat="12.711500001552995" lon="99.81715999679547">
    <ele>61.74</ele>
   </trkpt>
   <trkpt lat="12.712120001523175" lon="99.81780999676411">
    <ele>62.24</ele>
   </trkpt>
   <trkpt lat="12.712740000000002" lon="99.81846">
    <ele>62.63</ele>
   </trkpt>
   <trkpt lat="12.713320000813033" lon="99.81911499851464">
    <ele>63.07</ele>
   </trkpt>
   <trkpt lat="12.7139" lon="99.81977">
    <ele>63.96</ele>
   </trkpt>
   <trkpt lat="12.714220000000001" lon="99.82023000000001">
    <ele>64.10000000000001</ele>
   </trkpt>
   <trkpt lat="12.71438" lon="99.82059000000001">
    <ele>64.46000000000001</ele>
   </trkpt>
   <trkpt lat="12.714490000000001" lon="99.82106">
    <ele>64.57000000000001</ele>
   </trkpt>
   <trkpt lat="12.714630000945338" lon="99.82177999946968">
    <ele>65.37</ele>
   </trkpt>
   <trkpt lat="12.714770000000001" lon="99.8225">
    <ele>66.07000000000001</ele>
   </trkpt>
   <trkpt lat="12.71493500146707" lon="99.82337999951419">
    <ele>67.15</ele>
   </trkpt>
   <trkpt lat="12.715100000000001" lon="99.82426000000001">
    <ele>67.43</ele>
   </trkpt>
   <trkpt lat="12.715203334771546" lon="99.82487999948177">
    <ele>67.31</ele>
   </trkpt>
   <trkpt lat="12.715306668102611" lon="99.82549999946812">
    <ele>67.67</ele>
   </trkpt>
   <trkpt lat="12.71541" lon="99.82612">
    <ele>68.45</ele>
   </trkpt>
   <trkpt lat="12.715553335566746" lon="99.82689333241855">
    <ele>69.58</ele>
   </trkpt>
   <trkpt lat="12.71569666889236" lon="99.82766666571018">
    <ele>70.11</ele>
   </trkpt>
   <trkpt lat="12.715840000000002" lon="99.82844000000001">
    <ele>72.43</ele>
   </trkpt>
   <trkpt lat="12.715930000406141" lon="99.82889999988629">
    <ele>73.00000000000001</ele>
   </trkpt>
   <trkpt lat="12.71602" lon="99.82936000000001">
    <ele>73.95</ele>
   </trkpt>
   <trkpt lat="12.71622000196649" lon="99.83008666547673">
    <ele>74.75000000000001</ele>
   </trkpt>
   <trkpt lat="12.71642000195407" lon="99.83081333209822">
    <ele>75.42</ele>
   </trkpt>
   <trkpt lat="12.71662" lon="99.83154">
    <ele>75.69000000000001</ele>
   </trkpt>
   <trkpt lat="12.716818578394774" lon="99.83232713916215">
    <ele>76.43</ele>
   </trkpt>
   <trkpt lat="12.717017154467452" lon="99.83311427955557">
    <ele>76.87</ele>
   </trkpt>
   <trkpt lat="12.717215728218001" lon="99.8339014211803">
    <ele>77.24</ele>
   </trkpt>
   <trkpt lat="12.717414299646375" lon="99.83468856403631">
    <ele>77.28</ele>
   </trkpt>
   <trkpt lat="12.717612868752534" lon="99.83547570812365">
    <ele>77.83000000000001</ele>
   </trkpt>
   <trkpt lat="12.71781143553644" lon="99.83626285344229">
    <ele>78.95</ele>
   </trkpt>
   <trkpt lat="12.718010000000001" lon="99.83705">
    <ele>80.28</ele>
   </trkpt>
   <trkpt lat="12.718198004260481" lon="99.83780399776096">
    <ele>81.62</ele>
   </trkpt>
   <trkpt lat="12.71838600639007" lon="99.83855799663871">
    <ele>82.13000000000001</ele>
   </trkpt>
   <trkpt lat="12.71857400638874" lon="99.83931199663323">
    <ele>82.95</ele>
   </trkpt>
   <trkpt lat="12.718762004256451" lon="99.84006599774452">
    <ele>83.67</ele>
   </trkpt>
   <trkpt lat="12.718950000000001" lon="99.84082000000001">
    <ele>84.89</ele>
   </trkpt>
   <trkpt lat="12.719100000846394" lon="99.84148499968495">
    <ele>86.01</ele>
   </trkpt>
   <trkpt lat="12.71925" lon="99.84215">
    <ele>86.72</ele>
   </trkpt>
   <trkpt lat="12.719345000616789" lon="99.84271999983379">
    <ele>87.11</ele>
   </trkpt>
   <trkpt lat="12.71944" lon="99.84329000000001">
    <ele>87.81000000000002</ele>
   </trkpt>
   <trkpt lat="12.71953000186754" lon="99.84399666613102">
    <ele>88.43</ele>
   </trkpt>
   <trkpt lat="12.71962000186315" lon="99.84470333276315">
    <ele>88.83</ele>
   </trkpt>
   <trkpt lat="12.719710000000001" lon="99.84541">
    <ele>89.26</ele>
   </trkpt>
   <trkpt lat="12.719830000000002" lon="99.846">
    <ele>89.77</ele>
   </trkpt>
   <trkpt lat="12.719930000000002" lon="99.84627">
    <ele>90.3</ele>
   </trkpt>
   <trkpt lat="12.72029" lon="99.84683000000001">
    <ele>91.07000000000001</ele>
   </trkpt>
   <trkpt lat="12.720600000396011" lon="99.8472649995267">
    <ele>91.76</ele>
   </trkpt>
   <trkpt lat="12.720910000000002" lon="99.8477">
    <ele>91.87</ele>
   </trkpt>
   <trkpt lat="12.720970000000001" lon="99.84790000000001">
    <ele>91.98</ele>
   </trkpt>
   <trkpt lat="12.721010000000001" lon="99.84813000000001">
    <ele>91.98</ele>
   </trkpt>
   <trkpt lat="12.721006668794608" lon="99.8488833332694">
    <ele>91.64000000000001</ele>
   </trkpt>
   <trkpt lat="12.721003335461642" lon="99.84963666651899">
    <ele>91.37</ele>
   </trkpt>
   <trkpt lat="12.721000000000002" lon="99.85039">
    <ele>91.24</ele>
   </trkpt>
   <trkpt lat="12.721060001929311" lon="99.85110666637323">
    <ele>91.47000000000001</ele>
   </trkpt>
   <trkpt lat="12.721120001933116" lon="99.85182333308529">
    <ele>91.66</ele>
   </trkpt>
   <trkpt lat="12.72118" lon="99.85254">
    <ele>92.1</ele>
   </trkpt>
   <trkpt lat="12.72063333442185" lon="99.85308666905325">
    <ele>92.53</ele>
   </trkpt>
   <trkpt lat="12.720086667723375" lon="99.85363333575167">
    <ele>93.52000000000001</ele>
   </trkpt>
   <trkpt lat="12.71954" lon="99.85418000000001">
    <ele>94.45</ele>
   </trkpt>
   <trkpt lat="12.718910001410551" lon="99.85478666964799">
    <ele>96.67</ele>
   </trkpt>
   <trkpt lat="12.718280001441533" lon="99.85539333628473">
    <ele>98.31</ele>
   </trkpt>
   <trkpt lat="12.71765" lon="99.85600000000001">
    <ele>98.04</ele>
   </trkpt>
   <trkpt lat="12.717350000000001" lon="99.85623000000001">
    <ele>97.23</ele>
   </trkpt>
   <trkpt lat="12.717020000000002" lon="99.85642000000001">
    <ele>96.96000000000001</ele>
   </trkpt>
   <trkpt lat="12.716205000486696" lon="99.85672000289583">
    <ele>95.28</ele>
   </trkpt>
   <trkpt lat="12.715390000636098" lon="99.85702000386573">
    <ele>88.96000000000001</ele>
   </trkpt>
   <trkpt lat="12.714575000448237" lon="99.85732000290982">
    <ele>84.79</ele>
   </trkpt>
   <trkpt lat="12.71376" lon="99.85762000000001">
    <ele>80.94000000000001</ele>
   </trkpt>
   <trkpt lat="12.712940000122666" lon="99.85789000087632">
    <ele>79.27000000000001</ele>
   </trkpt>
   <trkpt lat="12.71212" lon="99.85816000000001">
    <ele>77.84</ele>
   </trkpt>
   <trkpt lat="12.711620000000002" lon="99.85836">
    <ele>76.02</ele>
   </trkpt>
   <trkpt lat="12.710868573006245" lon="99.85873429235518">
    <ele>75.21000000000001</ele>
   </trkpt>
   <trkpt lat="12.710117145487676" lon="99.85910858249594">
    <ele>75.02</ele>
   </trkpt>
   <trkpt lat="12.709365717444326" lon="99.85948287042235">
    <ele>72.46000000000001</ele>
   </trkpt>
   <trkpt lat="12.708614288876236" lon="99.85985715613465">
    <ele>71.45</ele>
   </trkpt>
   <trkpt lat="12.707862859783434" lon="99.86023143963295">
    <ele>70.12</ele>
   </trkpt>
   <trkpt lat="12.707111430165961" lon="99.86060572091739">
    <ele>69.04</ele>
   </trkpt>
   <trkpt lat="12.706360000000002" lon="99.86098000000001">
    <ele>67.96000000000001</ele>
   </trkpt>
   <trkpt lat="12.70559000159511" lon="99.86135572111093">
    <ele>67.31</ele>
   </trkpt>
   <trkpt lat="12.704820002661595" lon="99.86173143994499">
    <ele>66.96000000000001</ele>
   </trkpt>
   <trkpt lat="12.704050003199496" lon="99.86210715650233">
    <ele>66.60000000000001</ele>
   </trkpt>
   <trkpt lat="12.703280003208844" lon="99.86248287078314">
    <ele>65.48</ele>
   </trkpt>
   <trkpt lat="12.70251000268968" lon="99.86285858278754">
    <ele>64.49000000000001</ele>
   </trkpt>
   <trkpt lat="12.701740001642037" lon="99.86323429251574">
    <ele>63.660000000000004</ele>
   </trkpt>
   <trkpt lat="12.700970000000002" lon="99.86361000000001">
    <ele>63.0</ele>
   </trkpt>
   <trkpt lat="12.700330000538246" lon="99.86393000243496">
    <ele>62.37</ele>
   </trkpt>
   <trkpt lat="12.699690000693181" lon="99.86425000325877">
    <ele>61.75000000000001</ele>
   </trkpt>
   <trkpt lat="12.699050000464824" lon="99.86457000247157">
    <ele>60.81</ele>
   </trkpt>
   <trkpt lat="12.69841" lon="99.86489">
    <ele>59.96000000000001</ele>
   </trkpt>
   <trkpt lat="12.697680000730315" lon="99.86525250312548">
    <ele>58.800000000000004</ele>
   </trkpt>
   <trkpt lat="12.696950000968837" lon="99.86561500416964">
    <ele>58.09</ele>
   </trkpt>
   <trkpt lat="12.69622000071559" lon="99.86597750313264">
    <ele>57.25</ele>
   </trkpt>
   <trkpt lat="12.695490000000001" lon="99.86634000000001">
    <ele>56.85</ele>
   </trkpt>
   <trkpt lat="12.69474500027666" lon="99.86668500098551">
    <ele>56.24</ele>
   </trkpt>
   <trkpt lat="12.694" lon="99.86703000000001">
    <ele>55.940000000000005</ele>
   </trkpt>
   <trkpt lat="12.693850000000001" lon="99.86708">
    <ele>55.940000000000005</ele>
   </trkpt>
   <trkpt lat="12.693690000000002" lon="99.86720000000001">
    <ele>55.980000000000004</ele>
   </trkpt>
   <trkpt lat="12.693020000827564" lon="99.86753000347016">
    <ele>57.81000000000001</ele>
   </trkpt>
   <trkpt lat="12.692350001247704" lon="99.86786000520199">
    <ele>58.5</ele>
   </trkpt>
   <trkpt lat="12.691680001260437" lon="99.86819000519561">
    <ele>60.660000000000004</ele>
   </trkpt>
   <trkpt lat="12.691010000865793" lon="99.86852000345111">
    <ele>61.51</ele>
   </trkpt>
   <trkpt lat="12.69034" lon="99.86885000000001">
    <ele>61.35</ele>
   </trkpt>
   <trkpt lat="12.689800000215907" lon="99.86911500052088">
    <ele>61.35</ele>
   </trkpt>
   <trkpt lat="12.68926" lon="99.86938">
    <ele>61.31</ele>
   </trkpt>
   <trkpt lat="12.688704999944878" lon="99.86963500063736">
    <ele>60.95</ele>
   </trkpt>
   <trkpt lat="12.68815" lon="99.86989000000001">
    <ele>60.65</ele>
   </trkpt>
   <trkpt lat="12.687780000000002" lon="99.87013">
    <ele>59.800000000000004</ele>
   </trkpt>
   <trkpt lat="12.68722666692741" lon="99.87041000123394">
    <ele>58.830000000000005</ele>
   </trkpt>
   <trkpt lat="12.686673333561629" lon="99.87069000125032">
    <ele>58.190000000000005</ele>
   </trkpt>
   <trkpt lat="12.68612" lon="99.87097000000001">
    <ele>57.870000000000005</ele>
   </trkpt>
   <trkpt lat="12.685896667883787" lon="99.8715433343703">
    <ele>57.230000000000004</ele>
   </trkpt>
   <trkpt lat="12.685673334538428" lon="99.87211666773449">
    <ele>56.86000000000001</ele>
   </trkpt>
   <trkpt lat="12.685450000000001" lon="99.87269">
    <ele>56.2</ele>
   </trkpt>
   <trkpt lat="12.685350000000001" lon="99.87310000000001">
    <ele>55.720000000000006</ele>
   </trkpt>
   <trkpt lat="12.685340000000002" lon="99.87377000000001">
    <ele>55.23</ele>
   </trkpt>
   <trkpt lat="12.68529" lon="99.87413000000001">
    <ele>55.14</ele>
   </trkpt>
   <trkpt lat="12.685080000000001" lon="99.87438">
    <ele>54.74</ele>
   </trkpt>
   <trkpt lat="12.684546667632036" lon="99.87489000214377">
    <ele>53.77</ele>
   </trkpt>
   <trkpt lat="12.684013334291574" lon="99.87540000215056">
    <ele>53.07000000000001</ele>
   </trkpt>
   <trkpt lat="12.683480000000001" lon="99.87591">
    <ele>52.52</ele>
   </trkpt>
   <trkpt lat="12.682926002051481" lon="99.87643400456204">
    <ele>52.29</ele>
   </trkpt>
   <trkpt lat="12.682372003076457" lon="99.87695800684365">
    <ele>52.4</ele>
   </trkpt>
   <trkpt lat="12.681818003074975" lon="99.8774820068449">
    <ele>52.52</ele>
   </trkpt>
   <trkpt lat="12.68126400204709" lon="99.8780060045659">
    <ele>52.46000000000001</ele>
   </trkpt>
   <trkpt lat="12.680710000000001" lon="99.87853000000001">
    <ele>52.660000000000004</ele>
   </trkpt>
   <trkpt lat="12.680090003016176" lon="99.87909834025315">
    <ele>52.57000000000001</ele>
   </trkpt>
   <trkpt lat="12.679470004825045" lon="99.87966667773884">
    <ele>52.71000000000001</ele>
   </trkpt>
   <trkpt lat="12.678850005426673" lon="99.88023501245725">
    <ele>52.65</ele>
   </trkpt>
   <trkpt lat="12.67823000482113" lon="99.88080334440855">
    <ele>52.56</ele>
   </trkpt>
   <trkpt lat="12.677610003008482" lon="99.88137167359282">
    <ele>52.440000000000005</ele>
   </trkpt>
   <trkpt lat="12.676990000000002" lon="99.88194000000001">
    <ele>53.35</ele>
   </trkpt>
   <trkpt lat="12.676900000000002" lon="99.88212000000001">
    <ele>53.63</ele>
   </trkpt>
   <trkpt lat="12.676440000000001" lon="99.88256000000001">
    <ele>53.74</ele>
   </trkpt>
   <trkpt lat="12.675820000000002" lon="99.88314000000001">
    <ele>53.230000000000004</ele>
   </trkpt>
   <trkpt lat="12.675640000000001" lon="99.88323000000001">
    <ele>53.19</ele>
   </trkpt>
   <trkpt lat="12.675070000000002" lon="99.88374">
    <ele>53.64000000000001</ele>
   </trkpt>
   <trkpt lat="12.67443182472653" lon="99.88433183300165">
    <ele>54.96</ele>
   </trkpt>
   <trkpt lat="12.673793648144429" lon="99.88492366303836">
    <ele>56.03</ele>
   </trkpt>
   <trkpt lat="12.673155470253768" lon="99.88551549011028">
    <ele>58.14</ele>
   </trkpt>
   <trkpt lat="12.672517291054623" lon="99.88610731421758">
    <ele>59.59</ele>
   </trkpt>
   <trkpt lat="12.671879110547069" lon="99.8866991353604">
    <ele>60.75000000000001</ele>
   </trkpt>
   <trkpt lat="12.671240928731182" lon="99.88729095353895">
    <ele>62.01</ele>
   </trkpt>
   <trkpt lat="12.670602745607033" lon="99.88788276875333">
    <ele>64.19000000000001</ele>
   </trkpt>
   <trkpt lat="12.669964561174696" lon="99.88847458100375">
    <ele>65.66000000000001</ele>
   </trkpt>
   <trkpt lat="12.669326375434254" lon="99.88906639029035">
    <ele>67.57000000000001</ele>
   </trkpt>
   <trkpt lat="12.66868818838577" lon="99.88965819661333">
    <ele>69.07000000000001</ele>
   </trkpt>
   <trkpt lat="12.668050000000001" lon="99.89025000000001">
    <ele>70.72</ele>
   </trkpt>
   <trkpt lat="12.66759" lon="99.89081">
    <ele>72.67000000000002</ele>
   </trkpt>
   <trkpt lat="12.66755" lon="99.89098000000001">
    <ele>73.06</ele>
   </trkpt>
   <trkpt lat="12.667575000495983" lon="99.89148500035087">
    <ele>73.42</ele>
   </trkpt>
   <trkpt lat="12.6676" lon="99.89199">
    <ele>74.68</ele>
   </trkpt>
   <trkpt lat="12.667640687714913" lon="99.89288733132983">
    <ele>75.46</ele>
   </trkpt>
   <trkpt lat="12.667681372422992" lon="99.8937846629461">
    <ele>74.24</ele>
   </trkpt>
   <trkpt lat="12.667722054124217" lon="99.8946819948488">
    <ele>69.87</ele>
   </trkpt>
   <trkpt lat="12.667762732818584" lon="99.89557932703791">
    <ele>64.78</ele>
   </trkpt>
   <trkpt lat="12.66780340850608" lon="99.89647665951338">
    <ele>61.64000000000001</ele>
   </trkpt>
   <trkpt lat="12.667844081186693" lon="99.89737399227522">
    <ele>59.02</ele>
   </trkpt>
   <trkpt lat="12.66788475086041" lon="99.8982713253234">
    <ele>58.650000000000006</ele>
   </trkpt>
   <trkpt lat="12.667925417527222" lon="99.8991686586579">
    <ele>58.97</ele>
   </trkpt>
   <trkpt lat="12.667966081187119" lon="99.90006599227873">
    <ele>59.300000000000004</ele>
   </trkpt>
   <trkpt lat="12.668006741840093" lon="99.9009633261858">
    <ele>60.08</ele>
   </trkpt>
   <trkpt lat="12.668047399486127" lon="99.90186066037916">
    <ele>60.050000000000004</ele>
   </trkpt>
   <trkpt lat="12.668088054125212" lon="99.90275799485876">
    <ele>58.07</ele>
   </trkpt>
   <trkpt lat="12.668128705757338" lon="99.90365532962458">
    <ele>55.470000000000006</ele>
   </trkpt>
   <trkpt lat="12.668169354382496" lon="99.90455266467659">
    <ele>52.32000000000001</ele>
   </trkpt>
   <trkpt lat="12.66821" lon="99.90545">
    <ele>49.96</ele>
   </trkpt>
   <trkpt lat="12.668260004438991" lon="99.90633999951035">
    <ele>49.0</ele>
   </trkpt>
   <trkpt lat="12.668310005919935" lon="99.90722999936987">
    <ele>49.2</ele>
   </trkpt>
   <trkpt lat="12.668360004442833" lon="99.90811999957856">
    <ele>50.910000000000004</ele>
   </trkpt>
   <trkpt lat="12.668410000000002" lon="99.90901000000001">
    <ele>52.96000000000001</ele>
   </trkpt>
   <trkpt lat="12.668450006239802" lon="99.90992399943177">
    <ele>53.57000000000001</ele>
   </trkpt>
   <trkpt lat="12.668490009359832" lon="99.91083799915043">
    <ele>53.86000000000001</ele>
   </trkpt>
   <trkpt lat="12.668530009360083" lon="99.91175199915595">
    <ele>53.49</ele>
   </trkpt>
   <trkpt lat="12.668570006240545" lon="99.91266599944832">
    <ele>52.0</ele>
   </trkpt>
   <trkpt lat="12.668610000000001" lon="99.91358000000001">
    <ele>49.870000000000005</ele>
   </trkpt>
   <trkpt lat="12.668640000446656" lon="99.91406999991497">
    <ele>47.5</ele>
   </trkpt>
   <trkpt lat="12.66867" lon="99.91456000000001">
    <ele>46.11000000000001</ele>
   </trkpt>
   <trkpt lat="12.66871251654524" lon="99.91545749835265">
    <ele>42.06</ele>
   </trkpt>
   <trkpt lat="12.668755030082284" lon="99.91635499700467">
    <ele>39.35</ele>
   </trkpt>
   <trkpt lat="12.66879754061112" lon="99.91725249595609">
    <ele>36.26</ele>
   </trkpt>
   <trkpt lat="12.668840048131736" lon="99.91814999520687">
    <ele>35.31</ele>
   </trkpt>
   <trkpt lat="12.668882552644124" lon="99.919047494757">
    <ele>33.35</ele>
   </trkpt>
   <trkpt lat="12.668925054148268" lon="99.91994499460644">
    <ele>32.1</ele>
   </trkpt>
   <trkpt lat="12.66896755264416" lon="99.92084249475516">
    <ele>30.36</ele>
   </trkpt>
   <trkpt lat="12.669010048131788" lon="99.9217399952032">
    <ele>29.51</ele>
   </trkpt>
   <trkpt lat="12.669052540611137" lon="99.92263749595047">
    <ele>29.290000000000003</ele>
   </trkpt>
   <trkpt lat="12.6690950300822" lon="99.92353499699698">
    <ele>28.78</ele>
   </trkpt>
   <trkpt lat="12.669137516544964" lon="99.92443249834272">
    <ele>28.16</ele>
   </trkpt>
   <trkpt lat="12.66918" lon="99.92533">
    <ele>27.380000000000003</ele>
   </trkpt>
   <trkpt lat="12.669220004664941" lon="99.92624249957859">
    <ele>26.930000000000003</ele>
   </trkpt>
   <trkpt lat="12.669260006220172" lon="99.9271549994436">
    <ele>25.800000000000004</ele>
   </trkpt>
   <trkpt lat="12.669300004665674" lon="99.92806749959502">
    <ele>25.16</ele>
   </trkpt>
   <trkpt lat="12.669340000000002" lon="99.92898000000001">
    <ele>24.53</ele>
   </trkpt>
   <trkpt lat="12.669400003047913" lon="99.92988333291278">
    <ele>23.87</ele>
   </trkpt>
   <trkpt lat="12.669460003048231" lon="99.93078666625088">
    <ele>23.450000000000003</ele>
   </trkpt>
   <trkpt lat="12.66952" lon="99.93169">
    <ele>22.430000000000003</ele>
   </trkpt>
   <trkpt lat="12.669660001440565" lon="99.93231333260144">
    <ele>21.980000000000004</ele>
   </trkpt>
   <trkpt lat="12.669800001429989" lon="99.93293666588767">
    <ele>21.51</ele>
   </trkpt>
   <trkpt lat="12.66994" lon="99.93356000000001">
    <ele>21.42</ele>
   </trkpt>
   <trkpt lat="12.670150000000001" lon="99.93424">
    <ele>21.02</ele>
   </trkpt>
   <trkpt lat="12.670240000000002" lon="99.93466000000001">
    <ele>20.970000000000002</ele>
   </trkpt>
   <trkpt lat="12.670375001030834" lon="99.93539999965289">
    <ele>20.28</ele>
   </trkpt>
   <trkpt lat="12.67051" lon="99.93614000000001">
    <ele>19.810000000000002</ele>
   </trkpt>
   <trkpt lat="12.670670000000001" lon="99.93644">
    <ele>19.680000000000003</ele>
   </trkpt>
   <trkpt lat="12.670980000262347" lon="99.93684999943302">
    <ele>19.24</ele>
   </trkpt>
   <trkpt lat="12.67129" lon="99.93726000000001">
    <ele>18.9</ele>
   </trkpt>
   <trkpt lat="12.671380000000001" lon="99.93742">
    <ele>18.9</ele>
   </trkpt>
   <trkpt lat="12.671520000000001" lon="99.93795000000001">
    <ele>18.490000000000002</ele>
   </trkpt>
   <trkpt lat="12.67154" lon="99.93828">
    <ele>18.46</ele>
   </trkpt>
   <trkpt lat="12.671500000000002" lon="99.93857000000001">
    <ele>18.230000000000004</ele>
   </trkpt>
   <trkpt lat="12.6713" lon="99.93941000000001">
    <ele>17.46</ele>
   </trkpt>
   <trkpt lat="12.671195000626113" lon="99.9399900002509">
    <ele>17.19</ele>
   </trkpt>
   <trkpt lat="12.671090000000001" lon="99.94057000000001">
    <ele>16.810000000000002</ele>
   </trkpt>
   <trkpt lat="12.671050000000001" lon="99.94097000000001">
    <ele>16.51</ele>
   </trkpt>
   <trkpt lat="12.671080000000002" lon="99.94142000000001">
    <ele>15.96</ele>
   </trkpt>
   <trkpt lat="12.671240001386245" lon="99.94227499957525">
    <ele>15.46</ele>
   </trkpt>
   <trkpt lat="12.6714" lon="99.94313000000001">
    <ele>15.290000000000001</ele>
   </trkpt>
   <trkpt lat="12.671510000000001" lon="99.94314000000001">
    <ele>15.360000000000001</ele>
   </trkpt>
   <trkpt lat="12.671570000000001" lon="99.94317000000001">
    <ele>15.070000000000002</ele>
   </trkpt>
   <trkpt lat="12.671610000000001" lon="99.94322000000001">
    <ele>15.070000000000002</ele>
   </trkpt>
   <trkpt lat="12.67163" lon="99.94329">
    <ele>15.070000000000002</ele>
   </trkpt>
   <trkpt lat="12.67162" lon="99.94342">
    <ele>15.110000000000001</ele>
   </trkpt>
   <trkpt lat="12.67158" lon="99.94347">
    <ele>15.22</ele>
   </trkpt>
   <trkpt lat="12.671470000000001" lon="99.94353000000001">
    <ele>15.22</ele>
   </trkpt>
   <trkpt lat="12.671370000000001" lon="99.94351">
    <ele>15.01</ele>
   </trkpt>
   <trkpt lat="12.67111" lon="99.94361">
    <ele>14.980000000000002</ele>
   </trkpt>
   <trkpt lat="12.670609999995268" lon="99.94373500025374">
    <ele>15.01</ele>
   </trkpt>
   <trkpt lat="12.670110000000001" lon="99.94386000000002">
    <ele>14.950000000000001</ele>
   </trkpt>
   <trkpt lat="12.669640000000001" lon="99.94405">
    <ele>14.820000000000002</ele>
   </trkpt>
   <trkpt lat="12.669220000000001" lon="99.94426000000001">
    <ele>14.49</ele>
   </trkpt>
   <trkpt lat="12.668700000000001" lon="99.94460000000001">
    <ele>14.350000000000001</ele>
   </trkpt>
   <trkpt lat="12.668450000000002" lon="99.94479000000001">
    <ele>14.21</ele>
   </trkpt>
   <trkpt lat="12.668170000000002" lon="99.94507">
    <ele>14.15</ele>
   </trkpt>
   <trkpt lat="12.667580000795247" lon="99.94574000159946">
    <ele>14.22</ele>
   </trkpt>
   <trkpt lat="12.66699" lon="99.94641000000001">
    <ele>14.780000000000001</ele>
   </trkpt>
   <trkpt lat="12.66698" lon="99.94644000000001">
    <ele>14.780000000000001</ele>
   </trkpt>
   <trkpt lat="12.666910000000001" lon="99.94649000000001">
    <ele>14.58</ele>
   </trkpt>
   <trkpt lat="12.66685" lon="99.94647">
    <ele>14.58</ele>
   </trkpt>
   <trkpt lat="12.66623" lon="99.94659000000001">
    <ele>14.440000000000001</ele>
   </trkpt>
   <trkpt lat="12.665930000000001" lon="99.94658000000001">
    <ele>14.290000000000001</ele>
   </trkpt>
   <trkpt lat="12.665350000000002" lon="99.94646">
    <ele>14.040000000000001</ele>
   </trkpt>
   <trkpt lat="12.66487" lon="99.94644000000001">
    <ele>13.8</ele>
   </trkpt>
   <trkpt lat="12.66459" lon="99.94649000000001">
    <ele>13.8</ele>
   </trkpt>
   <trkpt lat="12.664240000000001" lon="99.94659000000001">
    <ele>13.97</ele>
   </trkpt>
   <trkpt lat="12.6635" lon="99.94699000000001">
    <ele>13.920000000000002</ele>
   </trkpt>
   <trkpt lat="12.662963333536881" lon="99.94726333452216">
    <ele>13.860000000000001</ele>
   </trkpt>
   <trkpt lat="12.662426666794861" lon="99.94753666789384">
    <ele>14.0</ele>
   </trkpt>
   <trkpt lat="12.661890000000001" lon="99.94781">
    <ele>14.280000000000001</ele>
   </trkpt>
   <trkpt lat="12.66136" lon="99.94802000000001">
    <ele>14.46</ele>
   </trkpt>
   <trkpt lat="12.660950000000001" lon="99.94812">
    <ele>14.74</ele>
   </trkpt>
   <trkpt lat="12.6606" lon="99.94816">
    <ele>15.030000000000001</ele>
   </trkpt>
   <trkpt lat="12.660350000000001" lon="99.94815000000001">
    <ele>15.14</ele>
   </trkpt>
   <trkpt lat="12.659656666644251" lon="99.94805333279986">
    <ele>15.09</ele>
   </trkpt>
   <trkpt lat="12.658963333253624" lon="99.94795666612521">
    <ele>15.040000000000001</ele>
   </trkpt>
   <trkpt lat="12.658270000000002" lon="99.94786">
    <ele>14.96</ele>
   </trkpt>
   <trkpt lat="12.657680000000001" lon="99.94780000000002">
    <ele>14.790000000000001</ele>
   </trkpt>
   <trkpt lat="12.656893333339259" lon="99.9477799998768">
    <ele>14.49</ele>
   </trkpt>
   <trkpt lat="12.656106666677026" lon="99.94775999987692">
    <ele>14.260000000000002</ele>
   </trkpt>
   <trkpt lat="12.655320000000001" lon="99.94774000000001">
    <ele>14.470000000000002</ele>
   </trkpt>
   <trkpt lat="12.654643333386248" lon="99.9477166665447">
    <ele>14.42</ele>
   </trkpt>
   <trkpt lat="12.653966666770465" lon="99.9476933332131">
    <ele>14.25</ele>
   </trkpt>
   <trkpt lat="12.65329" lon="99.94767">
    <ele>14.16</ele>
   </trkpt>
   <trkpt lat="12.652400000000002" lon="99.94755">
    <ele>14.200000000000001</ele>
   </trkpt>
   <trkpt lat="12.65180000012082" lon="99.94740999935294">
    <ele>14.24</ele>
   </trkpt>
   <trkpt lat="12.651200000168531" lon="99.9472699993641">
    <ele>14.190000000000001</ele>
   </trkpt>
   <trkpt lat="12.6506" lon="99.94713">
    <ele>14.040000000000001</ele>
   </trkpt>
   <trkpt lat="12.64993500011924" lon="99.9469999996785">
    <ele>14.010000000000002</ele>
   </trkpt>
   <trkpt lat="12.649270000000001" lon="99.94687">
    <ele>14.42</ele>
   </trkpt>
   <trkpt lat="12.64905" lon="99.94685000000001">
    <ele>15.18</ele>
   </trkpt>
   <trkpt lat="12.648990000000001" lon="99.94686000000002">
    <ele>15.18</ele>
   </trkpt>
   <trkpt lat="12.64892" lon="99.94682">
    <ele>15.18</ele>
   </trkpt>
   <trkpt lat="12.648900000000001" lon="99.94674">
    <ele>15.4</ele>
   </trkpt>
   <trkpt lat="12.648950000000001" lon="99.94667000000001">
    <ele>15.540000000000001</ele>
   </trkpt>
   <trkpt lat="12.64901" lon="99.94666000000001">
    <ele>15.540000000000001</ele>
   </trkpt>
   <trkpt lat="12.64916" lon="99.94606">
    <ele>16.470000000000002</ele>
   </trkpt>
   <trkpt lat="12.64924" lon="99.94604000000001">
    <ele>16.28</ele>
   </trkpt>
   <trkpt lat="12.6493" lon="99.94597">
    <ele>16.200000000000003</ele>
   </trkpt>
   <trkpt lat="12.649885000030787" lon="99.9461249996411">
    <ele>16.080000000000002</ele>
   </trkpt>
   <trkpt lat="12.65047" lon="99.94628">
    <ele>16.200000000000003</ele>
   </trkpt>
   <trkpt lat="12.6507" lon="99.94628">
    <ele>16.110000000000003</ele>
   </trkpt>
   <trkpt lat="12.65085" lon="99.94623000000001">
    <ele>16.110000000000003</ele>
   </trkpt>
   <trkpt lat="12.65102" lon="99.94609000000001">
    <ele>16.17</ele>
   </trkpt>
   <trkpt lat="12.65117" lon="99.94592000000002">
    <ele>16.220000000000002</ele>
   </trkpt>
   <trkpt lat="12.65126" lon="99.94566">
    <ele>16.25</ele>
   </trkpt>
   <trkpt lat="12.65139250371688" lon="99.9448450012647">
    <ele>16.76</ele>
   </trkpt>
   <trkpt lat="12.651525004956346" lon="99.94403000168326">
    <ele>17.730000000000004</ele>
   </trkpt>
   <trkpt lat="12.651657503718372" lon="99.9432150012557">
    <ele>18.94</ele>
   </trkpt>
   <trkpt lat="12.651790000000002" lon="99.9424">
    <ele>19.360000000000003</ele>
   </trkpt>
   <trkpt lat="12.651840000000002" lon="99.94223000000001">
    <ele>19.42</ele>
   </trkpt>
   <trkpt lat="12.65196" lon="99.94203">
    <ele>19.41</ele>
   </trkpt>
   <trkpt lat="12.652400000000002" lon="99.94160000000001">
    <ele>19.990000000000002</ele>
   </trkpt>
   <trkpt lat="12.652540000000002" lon="99.94107000000001">
    <ele>19.990000000000002</ele>
   </trkpt>
   <trkpt lat="12.652463335263102" lon="99.94034999953078">
    <ele>20.44</ele>
   </trkpt>
   <trkpt lat="12.652386668592523" lon="99.93962999949409">
    <ele>21.310000000000002</ele>
   </trkpt>
   <trkpt lat="12.652310000000002" lon="99.93891">
    <ele>22.680000000000003</ele>
   </trkpt>
   <trkpt lat="12.652310000000002" lon="99.93872">
    <ele>22.930000000000003</ele>
   </trkpt>
   <trkpt lat="12.65239" lon="99.93871000000001">
    <ele>22.930000000000003</ele>
   </trkpt>
   <trkpt lat="12.652450000000002" lon="99.93865000000001">
    <ele>22.930000000000003</ele>
   </trkpt>
   <trkpt lat="12.652450000000002" lon="99.93854">
    <ele>23.340000000000003</ele>
   </trkpt>
   <trkpt lat="12.652790000000001" lon="99.93844000000001">
    <ele>23.340000000000003</ele>
   </trkpt>
   <trkpt lat="12.652970000000002" lon="99.93834000000001">
    <ele>23.69</ele>
   </trkpt>
   <trkpt lat="12.65324" lon="99.93806000000001">
    <ele>24.01</ele>
   </trkpt>
   <trkpt lat="12.65337" lon="99.93781000000001">
    <ele>24.01</ele>
   </trkpt>
  </trkseg>
 </trk>
</gpx>
