<?xml version="1.0" encoding="UTF-8"?>
<gpx creator="StravaGPX" version="1.1" xmlns="http://www.topografix.com/GPX/1/1" xmlns:xsi="http://www.w3.org/2001/XMLSchema-instance" xsi:schemaLocation="http://www.topografix.com/GPX/1/1 http://www.topografix.com/GPX/1/1/gpx.xsd">
 <metadata>
  <name>Springfields reverse with roadies</name>
  <author>
   <name>Vladimir Sumarokov 🇰🇿🇷🇺🇹🇭</name>
   <link href="https://www.strava.com/athletes/16069938"/>
  </author>
  <copyright author="OpenStreetMap contributors">
   <year>2020</year>
   <license>https://www.openstreetmap.org/copyright</license>
  </copyright>
  <link href="https://www.strava.com/routes/3194249088337856878"/>
 </metadata>
 <trk>
  <name>Springfields reverse with roadies</name>
  <link href="https://www.strava.com/routes/3194249088337856878"/>
  <type>cycling</type>
  <trkseg>
   <trkpt lat="12.648660000000001" lon="99.936">
    <ele>31.42</ele>
   </trkpt>
   <trkpt lat="12.648530000000001" lon="99.93609000000001">
    <ele>30.740000000000002</ele>
   </trkpt>
   <trkpt lat="12.64845" lon="99.93621">
    <ele>30.220000000000002</ele>
   </trkpt>
   <trkpt lat="12.648430000000001" lon="99.93638000000001">
    <ele>30.04</ele>
   </trkpt>
   <trkpt lat="12.648470000000001" lon="99.93652">
    <ele>29.830000000000002</ele>
   </trkpt>
   <trkpt lat="12.648840000000002" lon="99.93708000000001">
    <ele>28.560000000000002</ele>
   </trkpt>
   <trkpt lat="12.648950000000001" lon="99.93734">
    <ele>28.180000000000003</ele>
   </trkpt>
   <trkpt lat="12.64901" lon="99.93761">
    <ele>27.290000000000003</ele>
   </trkpt>
   <trkpt lat="12.64905" lon="99.93793000000001">
    <ele>26.160000000000004</ele>
   </trkpt>
   <trkpt lat="12.64905" lon="99.93829000000001">
    <ele>25.51</ele>
   </trkpt>
   <trkpt lat="12.648940000000001" lon="99.93879000000001">
    <ele>23.860000000000003</ele>
   </trkpt>
   <trkpt lat="12.648950000000001" lon="99.93896000000001">
    <ele>23.57</ele>
   </trkpt>
   <trkpt lat="12.64902" lon="99.93909000000001">
    <ele>23.430000000000003</ele>
   </trkpt>
   <trkpt lat="12.6491" lon="99.93918000000001">
    <ele>23.21</ele>
   </trkpt>
   <trkpt lat="12.64925" lon="99.93924000000001">
    <ele>23.090000000000003</ele>
   </trkpt>
   <trkpt lat="12.64938" lon="99.93925">
    <ele>22.9</ele>
   </trkpt>
   <trkpt lat="12.649510000000001" lon="99.93920000000001">
    <ele>22.840000000000003</ele>
   </trkpt>
   <trkpt lat="12.649600000000001" lon="99.93909000000001">
    <ele>22.860000000000003</ele>
   </trkpt>
   <trkpt lat="12.649650000000001" lon="99.93889000000001">
    <ele>22.990000000000002</ele>
   </trkpt>
   <trkpt lat="12.649695000488279" lon="99.93837500016262">
    <ele>24.360000000000003</ele>
   </trkpt>
   <trkpt lat="12.649740000000001" lon="99.93786000000001">
    <ele>25.640000000000004</ele>
   </trkpt>
   <trkpt lat="12.64986" lon="99.93768000000001">
    <ele>26.240000000000002</ele>
   </trkpt>
   <trkpt lat="12.649960000000002" lon="99.93764">
    <ele>26.37</ele>
   </trkpt>
   <trkpt lat="12.650070000000001" lon="99.93764">
    <ele>26.580000000000002</ele>
   </trkpt>
   <trkpt lat="12.650210000000001" lon="99.93767000000001">
    <ele>26.62</ele>
   </trkpt>
   <trkpt lat="12.650620000000002" lon="99.93790000000001">
    <ele>26.19</ele>
   </trkpt>
   <trkpt lat="12.651100000000001" lon="99.9381">
    <ele>25.560000000000002</ele>
   </trkpt>
   <trkpt lat="12.651665000106" lon="99.93830999954399">
    <ele>23.970000000000002</ele>
   </trkpt>
   <trkpt lat="12.652230000000001" lon="99.93852000000001">
    <ele>23.24</ele>
   </trkpt>
   <trkpt lat="12.652330000000001" lon="99.93847000000001">
    <ele>23.23</ele>
   </trkpt>
   <trkpt lat="12.65239" lon="99.93848000000001">
    <ele>22.930000000000003</ele>
   </trkpt>
   <trkpt lat="12.652450000000002" lon="99.93854">
    <ele>22.930000000000003</ele>
   </trkpt>
   <trkpt lat="12.652450000000002" lon="99.93865000000001">
    <ele>22.7</ele>
   </trkpt>
   <trkpt lat="12.65239" lon="99.93871000000001">
    <ele>22.7</ele>
   </trkpt>
   <trkpt lat="12.652310000000002" lon="99.93872">
    <ele>22.680000000000003</ele>
   </trkpt>
   <trkpt lat="12.652310000000002" lon="99.93891">
    <ele>22.680000000000003</ele>
   </trkpt>
   <trkpt lat="12.652386668604242" lon="99.93962999960414">
    <ele>20.93</ele>
   </trkpt>
   <trkpt lat="12.652463335274817" lon="99.9403499996408">
    <ele>20.220000000000002</ele>
   </trkpt>
   <trkpt lat="12.652540000000002" lon="99.94107000000001">
    <ele>19.990000000000002</ele>
   </trkpt>
   <trkpt lat="12.652400000000002" lon="99.94160000000001">
    <ele>19.450000000000003</ele>
   </trkpt>
   <trkpt lat="12.65196" lon="99.94203">
    <ele>19.42</ele>
   </trkpt>
   <trkpt lat="12.651840000000002" lon="99.94223000000001">
    <ele>19.23</ele>
   </trkpt>
   <trkpt lat="12.651790000000002" lon="99.9424">
    <ele>19.23</ele>
   </trkpt>
   <trkpt lat="12.651685000795416" lon="99.94305000022109">
    <ele>18.94</ele>
   </trkpt>
   <trkpt lat="12.651580000000001" lon="99.9437">
    <ele>17.68</ele>
   </trkpt>
   <trkpt lat="12.651473334935316" lon="99.94435333381853">
    <ele>17.05</ele>
   </trkpt>
   <trkpt lat="12.651366668278582" lon="99.94500666709098">
    <ele>16.39</ele>
   </trkpt>
   <trkpt lat="12.65126" lon="99.94566">
    <ele>16.220000000000002</ele>
   </trkpt>
   <trkpt lat="12.65117" lon="99.94592000000002">
    <ele>16.17</ele>
   </trkpt>
   <trkpt lat="12.65102" lon="99.94609000000001">
    <ele>16.110000000000003</ele>
   </trkpt>
   <trkpt lat="12.65085" lon="99.94623000000001">
    <ele>16.12</ele>
   </trkpt>
   <trkpt lat="12.6507" lon="99.94628">
    <ele>16.200000000000003</ele>
   </trkpt>
   <trkpt lat="12.65047" lon="99.94628">
    <ele>16.200000000000003</ele>
   </trkpt>
   <trkpt lat="12.649885000058807" lon="99.94612499964852">
    <ele>16.080000000000002</ele>
   </trkpt>
   <trkpt lat="12.6493" lon="99.94597">
    <ele>16.470000000000002</ele>
   </trkpt>
   <trkpt lat="12.64924" lon="99.94604000000001">
    <ele>16.46</ele>
   </trkpt>
   <trkpt lat="12.64916" lon="99.94606">
    <ele>16.34</ele>
   </trkpt>
   <trkpt lat="12.64901" lon="99.94666000000001">
    <ele>15.260000000000002</ele>
   </trkpt>
   <trkpt lat="12.649080000000001" lon="99.9467">
    <ele>15.240000000000002</ele>
   </trkpt>
   <trkpt lat="12.6491" lon="99.94680000000001">
    <ele>14.48</ele>
   </trkpt>
   <trkpt lat="12.64905" lon="99.94685000000001">
    <ele>14.48</ele>
   </trkpt>
   <trkpt lat="12.64902" lon="99.94686000000002">
    <ele>14.48</ele>
   </trkpt>
   <trkpt lat="12.648990000000001" lon="99.94686000000002">
    <ele>14.42</ele>
   </trkpt>
   <trkpt lat="12.648760000000001" lon="99.94675000000001">
    <ele>14.5</ele>
   </trkpt>
   <trkpt lat="12.648620000000001" lon="99.94672000000001">
    <ele>14.5</ele>
   </trkpt>
   <trkpt lat="12.648100000000001" lon="99.94654000000001">
    <ele>14.450000000000001</ele>
   </trkpt>
   <trkpt lat="12.64758000001001" lon="99.94642499976256">
    <ele>14.470000000000002</ele>
   </trkpt>
   <trkpt lat="12.647060000000002" lon="99.94631000000001">
    <ele>14.46</ele>
   </trkpt>
   <trkpt lat="12.646250000149372" lon="99.94611666544259">
    <ele>14.360000000000001</ele>
   </trkpt>
   <trkpt lat="12.645440000159383" lon="99.94592333211168">
    <ele>14.34</ele>
   </trkpt>
   <trkpt lat="12.644630000000001" lon="99.94573000000001">
    <ele>14.14</ele>
   </trkpt>
   <trkpt lat="12.643970000000001" lon="99.9457">
    <ele>14.16</ele>
   </trkpt>
   <trkpt lat="12.643320000000001" lon="99.94575">
    <ele>14.180000000000001</ele>
   </trkpt>
   <trkpt lat="12.642470000018859" lon="99.94593500062541">
    <ele>14.180000000000001</ele>
   </trkpt>
   <trkpt lat="12.641620000000001" lon="99.94612000000001">
    <ele>14.280000000000001</ele>
   </trkpt>
   <trkpt lat="12.641070000107005" lon="99.94616500008844">
    <ele>14.32</ele>
   </trkpt>
   <trkpt lat="12.64052" lon="99.94621000000001">
    <ele>14.24</ele>
   </trkpt>
   <trkpt lat="12.6398733333236" lon="99.94621666670052">
    <ele>14.300000000000002</ele>
   </trkpt>
   <trkpt lat="12.639226666647033" lon="99.94622333336729">
    <ele>14.31</ele>
   </trkpt>
   <trkpt lat="12.638580000000001" lon="99.94623000000001">
    <ele>14.350000000000001</ele>
   </trkpt>
   <trkpt lat="12.638060000000001" lon="99.94626000000001">
    <ele>14.280000000000001</ele>
   </trkpt>
   <trkpt lat="12.637580000000002" lon="99.94634">
    <ele>14.440000000000001</ele>
   </trkpt>
   <trkpt lat="12.636720000106928" lon="99.94653500064803">
    <ele>14.370000000000001</ele>
   </trkpt>
   <trkpt lat="12.635860000000001" lon="99.94673">
    <ele>14.560000000000002</ele>
   </trkpt>
   <trkpt lat="12.63541" lon="99.94675000000001">
    <ele>14.640000000000002</ele>
   </trkpt>
   <trkpt lat="12.63503" lon="99.94673">
    <ele>14.530000000000001</ele>
   </trkpt>
   <trkpt lat="12.6348" lon="99.94667000000001">
    <ele>14.530000000000001</ele>
   </trkpt>
   <trkpt lat="12.63479" lon="99.94667000000001">
    <ele>14.530000000000001</ele>
   </trkpt>
   <trkpt lat="12.634530000000002" lon="99.94662000000001">
    <ele>14.530000000000001</ele>
   </trkpt>
   <trkpt lat="12.634220000000001" lon="99.94651">
    <ele>14.5</ele>
   </trkpt>
   <trkpt lat="12.633960000000002" lon="99.94639000000001">
    <ele>14.58</ele>
   </trkpt>
   <trkpt lat="12.63376" lon="99.94626000000001">
    <ele>14.770000000000001</ele>
   </trkpt>
   <trkpt lat="12.633150000476148" lon="99.94579999896422">
    <ele>14.700000000000001</ele>
   </trkpt>
   <trkpt lat="12.63254" lon="99.94534">
    <ele>15.4</ele>
   </trkpt>
   <trkpt lat="12.6325" lon="99.94523000000001">
    <ele>15.4</ele>
   </trkpt>
   <trkpt lat="12.632080000320734" lon="99.94489999955054">
    <ele>15.65</ele>
   </trkpt>
   <trkpt lat="12.631660000000002" lon="99.94457000000001">
    <ele>15.97</ele>
   </trkpt>
   <trkpt lat="12.63123" lon="99.94435000000001">
    <ele>15.950000000000003</ele>
   </trkpt>
   <trkpt lat="12.630970000000001" lon="99.94419">
    <ele>15.940000000000003</ele>
   </trkpt>
   <trkpt lat="12.630650000000001" lon="99.94406000000001">
    <ele>15.84</ele>
   </trkpt>
   <trkpt lat="12.630270000000001" lon="99.94396">
    <ele>15.99</ele>
   </trkpt>
   <trkpt lat="12.629980000000002" lon="99.94394000000001">
    <ele>15.99</ele>
   </trkpt>
   <trkpt lat="12.629760000000001" lon="99.94395000000002">
    <ele>16.07</ele>
   </trkpt>
   <trkpt lat="12.6295" lon="99.94399000000001">
    <ele>16.07</ele>
   </trkpt>
   <trkpt lat="12.6293" lon="99.94405">
    <ele>16.07</ele>
   </trkpt>
   <trkpt lat="12.628614000692187" lon="99.94435400326003">
    <ele>16.42</ele>
   </trkpt>
   <trkpt lat="12.627928001040251" lon="99.94465800488908">
    <ele>15.38</ele>
   </trkpt>
   <trkpt lat="12.62724200104422" lon="99.9449620048872">
    <ele>14.810000000000002</ele>
   </trkpt>
   <trkpt lat="12.626556000704117" lon="99.94526600325453">
    <ele>14.72</ele>
   </trkpt>
   <trkpt lat="12.62587" lon="99.94557">
    <ele>14.96</ele>
   </trkpt>
   <trkpt lat="12.62541" lon="99.9457">
    <ele>15.01</ele>
   </trkpt>
   <trkpt lat="12.625250000000001" lon="99.94573000000001">
    <ele>14.97</ele>
   </trkpt>
   <trkpt lat="12.625050000000002" lon="99.94574000000001">
    <ele>14.97</ele>
   </trkpt>
   <trkpt lat="12.624530000000002" lon="99.94574000000001">
    <ele>14.84</ele>
   </trkpt>
   <trkpt lat="12.62433" lon="99.94573000000001">
    <ele>14.76</ele>
   </trkpt>
   <trkpt lat="12.62395" lon="99.94567">
    <ele>14.620000000000001</ele>
   </trkpt>
   <trkpt lat="12.623334999907314" lon="99.94549499953673">
    <ele>14.46</ele>
   </trkpt>
   <trkpt lat="12.622720000000001" lon="99.94532000000001">
    <ele>14.8</ele>
   </trkpt>
   <trkpt lat="12.622037500231194" lon="99.9451124983368">
    <ele>14.88</ele>
   </trkpt>
   <trkpt lat="12.621355000302144" lon="99.94490499778058">
    <ele>14.96</ele>
   </trkpt>
   <trkpt lat="12.62067250021286" lon="99.94469749833128">
    <ele>15.18</ele>
   </trkpt>
   <trkpt lat="12.619990000000001" lon="99.94449">
    <ele>15.280000000000001</ele>
   </trkpt>
   <trkpt lat="12.619750000000002" lon="99.94446">
    <ele>15.3</ele>
   </trkpt>
   <trkpt lat="12.61931" lon="99.94444000000001">
    <ele>15.590000000000002</ele>
   </trkpt>
   <trkpt lat="12.619110000000001" lon="99.94446">
    <ele>15.67</ele>
   </trkpt>
   <trkpt lat="12.618440000000001" lon="99.94463">
    <ele>14.940000000000001</ele>
   </trkpt>
   <trkpt lat="12.617813333540198" lon="99.94488666793914">
    <ele>14.5</ele>
   </trkpt>
   <trkpt lat="12.617186666835293" lon="99.94514333462145">
    <ele>14.42</ele>
   </trkpt>
   <trkpt lat="12.616560000000002" lon="99.9454">
    <ele>14.46</ele>
   </trkpt>
   <trkpt lat="12.615950000000002" lon="99.94558">
    <ele>14.190000000000001</ele>
   </trkpt>
   <trkpt lat="12.61561" lon="99.94563000000001">
    <ele>14.16</ele>
   </trkpt>
   <trkpt lat="12.615210000000001" lon="99.94566">
    <ele>14.06</ele>
   </trkpt>
   <trkpt lat="12.614455999994862" lon="99.94566">
    <ele>13.73</ele>
   </trkpt>
   <trkpt lat="12.613701999989724" lon="99.94566">
    <ele>13.290000000000001</ele>
   </trkpt>
   <trkpt lat="12.612947999984582" lon="99.94566">
    <ele>13.110000000000001</ele>
   </trkpt>
   <trkpt lat="12.612193999979443" lon="99.94566">
    <ele>12.97</ele>
   </trkpt>
   <trkpt lat="12.611440000000002" lon="99.94566">
    <ele>12.950000000000001</ele>
   </trkpt>
   <trkpt lat="12.610793333283832" lon="99.94567000005127">
    <ele>13.040000000000001</ele>
   </trkpt>
   <trkpt lat="12.610146666567294" lon="99.94568000005205">
    <ele>13.290000000000001</ele>
   </trkpt>
   <trkpt lat="12.6095" lon="99.94569000000001">
    <ele>13.66</ele>
   </trkpt>
   <trkpt lat="12.60866" lon="99.94567">
    <ele>13.05</ele>
   </trkpt>
   <trkpt lat="12.607850000000001" lon="99.94559000000001">
    <ele>13.21</ele>
   </trkpt>
   <trkpt lat="12.607510000000001" lon="99.94552">
    <ele>13.430000000000001</ele>
   </trkpt>
   <trkpt lat="12.606837500117559" lon="99.94534499860802">
    <ele>13.420000000000002</ele>
   </trkpt>
   <trkpt lat="12.606165000121262" lon="99.94516999813486">
    <ele>13.64</ele>
   </trkpt>
   <trkpt lat="12.605492500011126" lon="99.9449949985804">
    <ele>13.74</ele>
   </trkpt>
   <trkpt lat="12.604820000000002" lon="99.94482">
    <ele>13.690000000000001</ele>
   </trkpt>
   <trkpt lat="12.60443" lon="99.94477">
    <ele>13.690000000000001</ele>
   </trkpt>
   <trkpt lat="12.60415" lon="99.94477">
    <ele>13.49</ele>
   </trkpt>
   <trkpt lat="12.603430000000001" lon="99.94487000000001">
    <ele>13.38</ele>
   </trkpt>
   <trkpt lat="12.602640000192258" lon="99.94504750163772">
    <ele>13.110000000000001</ele>
   </trkpt>
   <trkpt lat="12.601850000267424" lon="99.94522500218108">
    <ele>13.1</ele>
   </trkpt>
   <trkpt lat="12.60106000022551" lon="99.94540250163016">
    <ele>13.05</ele>
   </trkpt>
   <trkpt lat="12.600270000000002" lon="99.94558">
    <ele>13.05</ele>
   </trkpt>
   <trkpt lat="12.59998" lon="99.94563000000001">
    <ele>13.05</ele>
   </trkpt>
   <trkpt lat="12.599380000000002" lon="99.94566">
    <ele>13.15</ele>
   </trkpt>
   <trkpt lat="12.598970000000001" lon="99.94564000000001">
    <ele>13.15</ele>
   </trkpt>
   <trkpt lat="12.5981499999006" lon="99.94549499951174">
    <ele>13.9</ele>
   </trkpt>
   <trkpt lat="12.597330000000001" lon="99.94535">
    <ele>13.65</ele>
   </trkpt>
   <trkpt lat="12.596706666690359" lon="99.94525333286161">
    <ele>13.680000000000001</ele>
   </trkpt>
   <trkpt lat="12.596083333345998" lon="99.94515666619326">
    <ele>13.680000000000001</ele>
   </trkpt>
   <trkpt lat="12.595460000000001" lon="99.94506000000001">
    <ele>13.72</ele>
   </trkpt>
   <trkpt lat="12.594765000124154" lon="99.94492999966504">
    <ele>13.72</ele>
   </trkpt>
   <trkpt lat="12.59407" lon="99.94480000000001">
    <ele>13.860000000000001</ele>
   </trkpt>
   <trkpt lat="12.593750000000002" lon="99.94477">
    <ele>13.860000000000001</ele>
   </trkpt>
   <trkpt lat="12.593340000000001" lon="99.94476">
    <ele>13.840000000000002</ele>
   </trkpt>
   <trkpt lat="12.593010000000001" lon="99.94477">
    <ele>13.82</ele>
   </trkpt>
   <trkpt lat="12.592590000000001" lon="99.94483000000001">
    <ele>13.9</ele>
   </trkpt>
   <trkpt lat="12.59177" lon="99.94503">
    <ele>14.0</ele>
   </trkpt>
   <trkpt lat="12.590940000000542" lon="99.94525500075336">
    <ele>13.8</ele>
   </trkpt>
   <trkpt lat="12.590110000000001" lon="99.94548">
    <ele>13.670000000000002</ele>
   </trkpt>
   <trkpt lat="12.5896" lon="99.94568000000001">
    <ele>13.71</ele>
   </trkpt>
   <trkpt lat="12.58938" lon="99.9458">
    <ele>13.71</ele>
   </trkpt>
   <trkpt lat="12.589060000000002" lon="99.94602">
    <ele>13.61</ele>
   </trkpt>
   <trkpt lat="12.588780000000002" lon="99.94628">
    <ele>13.760000000000002</ele>
   </trkpt>
   <trkpt lat="12.58852" lon="99.94656">
    <ele>13.770000000000001</ele>
   </trkpt>
   <trkpt lat="12.58825" lon="99.94696">
    <ele>13.98</ele>
   </trkpt>
   <trkpt lat="12.587850000000001" lon="99.94767">
    <ele>13.88</ele>
   </trkpt>
   <trkpt lat="12.587510000000002" lon="99.94815000000001">
    <ele>13.66</ele>
   </trkpt>
   <trkpt lat="12.5873" lon="99.94836000000001">
    <ele>13.44</ele>
   </trkpt>
   <trkpt lat="12.58703" lon="99.94857">
    <ele>13.35</ele>
   </trkpt>
   <trkpt lat="12.58655" lon="99.94885000000001">
    <ele>13.290000000000001</ele>
   </trkpt>
   <trkpt lat="12.58605" lon="99.94900000000001">
    <ele>13.170000000000002</ele>
   </trkpt>
   <trkpt lat="12.58572" lon="99.94904000000001">
    <ele>13.31</ele>
   </trkpt>
   <trkpt lat="12.584851428563123" lon="99.9490585718059">
    <ele>13.930000000000001</ele>
   </trkpt>
   <trkpt lat="12.583982857124967" lon="99.94907714348608">
    <ele>13.71</ele>
   </trkpt>
   <trkpt lat="12.583114285685534" lon="99.9490957150406">
    <ele>13.49</ele>
   </trkpt>
   <trkpt lat="12.582245714244817" lon="99.94911428646941">
    <ele>13.520000000000001</ele>
   </trkpt>
   <trkpt lat="12.58137714280282" lon="99.94913285777253">
    <ele>13.49</ele>
   </trkpt>
   <trkpt lat="12.580508571359543" lon="99.94915142895">
    <ele>13.540000000000001</ele>
   </trkpt>
   <trkpt lat="12.579640000000001" lon="99.94917000000001">
    <ele>13.53</ele>
   </trkpt>
   <trkpt lat="12.579070000000002" lon="99.9492">
    <ele>13.510000000000002</ele>
   </trkpt>
   <trkpt lat="12.578790000000001" lon="99.94925">
    <ele>13.510000000000002</ele>
   </trkpt>
   <trkpt lat="12.578220000000002" lon="99.94943">
    <ele>13.66</ele>
   </trkpt>
   <trkpt lat="12.577415000855456" lon="99.94981750363434">
    <ele>13.670000000000002</ele>
   </trkpt>
   <trkpt lat="12.576610001153913" lon="99.95020500483922">
    <ele>13.53</ele>
   </trkpt>
   <trkpt lat="12.575805000895416" lon="99.9505925036149">
    <ele>13.47</ele>
   </trkpt>
   <trkpt lat="12.575000000000001" lon="99.95098">
    <ele>13.680000000000001</ele>
   </trkpt>
   <trkpt lat="12.574660000000002" lon="99.95114000000001">
    <ele>14.16</ele>
   </trkpt>
   <trkpt lat="12.5746" lon="99.95114000000001">
    <ele>14.16</ele>
   </trkpt>
   <trkpt lat="12.57454" lon="99.95111000000001">
    <ele>14.440000000000001</ele>
   </trkpt>
   <trkpt lat="12.574240000000001" lon="99.95092000000001">
    <ele>15.02</ele>
   </trkpt>
   <trkpt lat="12.57412" lon="99.95100000000001">
    <ele>15.06</ele>
   </trkpt>
   <trkpt lat="12.573870000000001" lon="99.95106000000001">
    <ele>15.200000000000001</ele>
   </trkpt>
   <trkpt lat="12.573183333409668" lon="99.95122666756413">
    <ele>15.580000000000002</ele>
   </trkpt>
   <trkpt lat="12.572496666716328" lon="99.95139333423725">
    <ele>15.790000000000001</ele>
   </trkpt>
   <trkpt lat="12.571810000000001" lon="99.95156000000001">
    <ele>15.770000000000003</ele>
   </trkpt>
   <trkpt lat="12.57196" lon="99.95229">
    <ele>14.370000000000001</ele>
   </trkpt>
   <trkpt lat="12.572030000000002" lon="99.95246">
    <ele>13.850000000000001</ele>
   </trkpt>
   <trkpt lat="12.572140000000001" lon="99.95299000000001">
    <ele>13.32</ele>
   </trkpt>
   <trkpt lat="12.572210000000002" lon="99.9531">
    <ele>13.0</ele>
   </trkpt>
   <trkpt lat="12.572360000000002" lon="99.95321000000001">
    <ele>12.89</ele>
   </trkpt>
   <trkpt lat="12.57239" lon="99.95327">
    <ele>12.89</ele>
   </trkpt>
   <trkpt lat="12.57239" lon="99.95337">
    <ele>12.89</ele>
   </trkpt>
   <trkpt lat="12.572320000000001" lon="99.95352000000001">
    <ele>11.920000000000002</ele>
   </trkpt>
   <trkpt lat="12.5723" lon="99.95368">
    <ele>11.920000000000002</ele>
   </trkpt>
   <trkpt lat="12.572500000000002" lon="99.95429000000001">
    <ele>11.13</ele>
   </trkpt>
   <trkpt lat="12.572775001063857" lon="99.95503999925431">
    <ele>9.06</ele>
   </trkpt>
   <trkpt lat="12.57305" lon="99.95579000000001">
    <ele>7.74</ele>
   </trkpt>
   <trkpt lat="12.572280000000001" lon="99.95621000000001">
    <ele>7.220000000000001</ele>
   </trkpt>
   <trkpt lat="12.571523333875678" lon="99.95660000230825">
    <ele>7.300000000000001</ele>
   </trkpt>
   <trkpt lat="12.570766667187401" lon="99.95699000231933">
    <ele>7.65</ele>
   </trkpt>
   <trkpt lat="12.570010000000002" lon="99.95738000000001">
    <ele>8.360000000000001</ele>
   </trkpt>
   <trkpt lat="12.569780000000002" lon="99.95745000000001">
    <ele>8.5</ele>
   </trkpt>
   <trkpt lat="12.569020000120144" lon="99.95759500041335">
    <ele>8.88</ele>
   </trkpt>
   <trkpt lat="12.56826" lon="99.95774">
    <ele>9.15</ele>
   </trkpt>
   <trkpt lat="12.567850000134255" lon="99.95795000030813">
    <ele>9.27</ele>
   </trkpt>
   <trkpt lat="12.567440000000001" lon="99.95816">
    <ele>9.39</ele>
   </trkpt>
   <trkpt lat="12.566880000326131" lon="99.95846000131125">
    <ele>9.55</ele>
   </trkpt>
   <trkpt lat="12.566320000318674" lon="99.9587600013152">
    <ele>9.670000000000002</ele>
   </trkpt>
   <trkpt lat="12.565760000000001" lon="99.95906000000001">
    <ele>9.61</ele>
   </trkpt>
   <trkpt lat="12.565225000012353" lon="99.95933000062386">
    <ele>9.600000000000001</ele>
   </trkpt>
   <trkpt lat="12.56469" lon="99.95960000000001">
    <ele>9.92</ele>
   </trkpt>
   <trkpt lat="12.56451" lon="99.95967">
    <ele>9.92</ele>
   </trkpt>
   <trkpt lat="12.564000000000002" lon="99.95984000000001">
    <ele>9.940000000000001</ele>
   </trkpt>
   <trkpt lat="12.563320000000001" lon="99.96001000000001">
    <ele>9.65</ele>
   </trkpt>
   <trkpt lat="12.562530000154057" lon="99.96015600179497">
    <ele>9.53</ele>
   </trkpt>
   <trkpt lat="12.561740000229133" lon="99.96030200269276">
    <ele>9.57</ele>
   </trkpt>
   <trkpt lat="12.560950000225223" lon="99.96044800269341">
    <ele>9.57</ele>
   </trkpt>
   <trkpt lat="12.56016000014235" lon="99.960594001797">
    <ele>9.56</ele>
   </trkpt>
   <trkpt lat="12.559370000000001" lon="99.96074">
    <ele>9.61</ele>
   </trkpt>
   <trkpt lat="12.558596666772567" lon="99.96089333425167">
    <ele>9.7</ele>
   </trkpt>
   <trkpt lat="12.55782333345804" lon="99.96104666758124">
    <ele>9.8</ele>
   </trkpt>
   <trkpt lat="12.55705" lon="99.9612">
    <ele>9.75</ele>
   </trkpt>
   <trkpt lat="12.55620166690181" lon="99.96135500255318">
    <ele>9.79</ele>
   </trkpt>
   <trkpt lat="12.555353333714644" lon="99.96151000408405">
    <ele>9.56</ele>
   </trkpt>
   <trkpt lat="12.554505000438501" lon="99.96166500459269">
    <ele>9.670000000000002</ele>
   </trkpt>
   <trkpt lat="12.553656667073387" lon="99.96182000407919">
    <ele>9.61</ele>
   </trkpt>
   <trkpt lat="12.552808333619323" lon="99.96197500254362">
    <ele>9.7</ele>
   </trkpt>
   <trkpt lat="12.551960000000001" lon="99.96213">
    <ele>9.53</ele>
   </trkpt>
   <trkpt lat="12.55108" lon="99.96231">
    <ele>9.53</ele>
   </trkpt>
   <trkpt lat="12.550263333804748" lon="99.96246250532204">
    <ele>9.600000000000001</ele>
   </trkpt>
   <trkpt lat="12.549446667523402" lon="99.96261500967626">
    <ele>9.71</ele>
   </trkpt>
   <trkpt lat="12.548630001155967" lon="99.96276751306274">
    <ele>9.840000000000002</ele>
   </trkpt>
   <trkpt lat="12.547813334702441" lon="99.96292001548154">
    <ele>9.930000000000001</ele>
   </trkpt>
   <trkpt lat="12.546996668162839" lon="99.96307251693277">
    <ele>10.040000000000001</ele>
   </trkpt>
   <trkpt lat="12.546180001537163" lon="99.96322501741645">
    <ele>10.05</ele>
   </trkpt>
   <trkpt lat="12.545363334825423" lon="99.96337751693268">
    <ele>10.13</ele>
   </trkpt>
   <trkpt lat="12.54454666802762" lon="99.96353001548152">
    <ele>10.43</ele>
   </trkpt>
   <trkpt lat="12.543730001143764" lon="99.96368251306308">
    <ele>10.68</ele>
   </trkpt>
   <trkpt lat="12.542913334173862" lon="99.96383500967737">
    <ele>10.85</ele>
   </trkpt>
   <trkpt lat="12.54209666711792" lon="99.96398750532448">
    <ele>10.870000000000001</ele>
   </trkpt>
   <trkpt lat="12.54128" lon="99.96414000000001">
    <ele>11.160000000000002</ele>
   </trkpt>
   <trkpt lat="12.54058" lon="99.96426000000001">
    <ele>11.590000000000002</ele>
   </trkpt>
   <trkpt lat="12.54024" lon="99.96428">
    <ele>11.590000000000002</ele>
   </trkpt>
   <trkpt lat="12.539950000000001" lon="99.96425">
    <ele>11.760000000000002</ele>
   </trkpt>
   <trkpt lat="12.539700000000002" lon="99.96417000000001">
    <ele>11.8</ele>
   </trkpt>
   <trkpt lat="12.539470000000001" lon="99.96405000000001">
    <ele>11.9</ele>
   </trkpt>
   <trkpt lat="12.53931" lon="99.96394000000001">
    <ele>12.13</ele>
   </trkpt>
   <trkpt lat="12.53916" lon="99.9638">
    <ele>12.66</ele>
   </trkpt>
   <trkpt lat="12.53903" lon="99.96365">
    <ele>13.06</ele>
   </trkpt>
   <trkpt lat="12.538910000000001" lon="99.96346000000001">
    <ele>13.61</ele>
   </trkpt>
   <trkpt lat="12.53875" lon="99.96308">
    <ele>14.610000000000001</ele>
   </trkpt>
   <trkpt lat="12.538546669094217" lon="99.96226999872484">
    <ele>16.18</ele>
   </trkpt>
   <trkpt lat="12.538343335761724" lon="99.96145999872822">
    <ele>15.55</ele>
   </trkpt>
   <trkpt lat="12.53814" lon="99.96065">
    <ele>11.760000000000002</ele>
   </trkpt>
   <trkpt lat="12.538060000000002" lon="99.96047000000002">
    <ele>9.860000000000001</ele>
   </trkpt>
   <trkpt lat="12.537930000000001" lon="99.96024000000001">
    <ele>9.45</ele>
   </trkpt>
   <trkpt lat="12.537770000000002" lon="99.96005000000001">
    <ele>8.780000000000001</ele>
   </trkpt>
   <trkpt lat="12.537500000000001" lon="99.95982000000001">
    <ele>7.620000000000001</ele>
   </trkpt>
   <trkpt lat="12.537170000000001" lon="99.95966000000001">
    <ele>7.3100000000000005</ele>
   </trkpt>
   <trkpt lat="12.53683" lon="99.95959">
    <ele>7.180000000000001</ele>
   </trkpt>
   <trkpt lat="12.53659" lon="99.95959">
    <ele>7.25</ele>
   </trkpt>
   <trkpt lat="12.536380000000001" lon="99.95962000000002">
    <ele>7.25</ele>
   </trkpt>
   <trkpt lat="12.535940000000002" lon="99.95972">
    <ele>7.680000000000001</ele>
   </trkpt>
   <trkpt lat="12.535275000021493" lon="99.9599200005319">
    <ele>7.83</ele>
   </trkpt>
   <trkpt lat="12.53461" lon="99.96012">
    <ele>7.83</ele>
   </trkpt>
   <trkpt lat="12.534650000000001" lon="99.96028000000001">
    <ele>7.83</ele>
   </trkpt>
   <trkpt lat="12.535250000000001" lon="99.96011000000001">
    <ele>7.670000000000001</ele>
   </trkpt>
   <trkpt lat="12.53588" lon="99.95984000000001">
    <ele>7.3100000000000005</ele>
   </trkpt>
   <trkpt lat="12.536480000000001" lon="99.95970000000001">
    <ele>7.04</ele>
   </trkpt>
   <trkpt lat="12.53668" lon="99.95969000000001">
    <ele>7.0</ele>
   </trkpt>
   <trkpt lat="12.53686" lon="99.95970000000001">
    <ele>7.0</ele>
   </trkpt>
   <trkpt lat="12.537210000000002" lon="99.95978000000001">
    <ele>7.07</ele>
   </trkpt>
   <trkpt lat="12.537370000000001" lon="99.95986">
    <ele>7.07</ele>
   </trkpt>
   <trkpt lat="12.53757" lon="99.95999">
    <ele>7.150000000000001</ele>
   </trkpt>
   <trkpt lat="12.537740000000001" lon="99.96016">
    <ele>6.99</ele>
   </trkpt>
   <trkpt lat="12.53786" lon="99.96033000000001">
    <ele>6.99</ele>
   </trkpt>
   <trkpt lat="12.537980000000001" lon="99.96055000000001">
    <ele>7.3100000000000005</ele>
   </trkpt>
   <trkpt lat="12.538070000000001" lon="99.96076000000001">
    <ele>7.3100000000000005</ele>
   </trkpt>
   <trkpt lat="12.538240000000002" lon="99.96164">
    <ele>8.100000000000001</ele>
   </trkpt>
   <trkpt lat="12.538300000000001" lon="99.96175000000001">
    <ele>8.180000000000001</ele>
   </trkpt>
   <trkpt lat="12.53842" lon="99.96179000000001">
    <ele>8.200000000000001</ele>
   </trkpt>
   <trkpt lat="12.53851" lon="99.96177">
    <ele>8.190000000000001</ele>
   </trkpt>
   <trkpt lat="12.538580000000001" lon="99.96171000000001">
    <ele>8.190000000000001</ele>
   </trkpt>
   <trkpt lat="12.53861" lon="99.96159000000002">
    <ele>8.190000000000001</ele>
   </trkpt>
   <trkpt lat="12.538440000000001" lon="99.96078000000001">
    <ele>8.17</ele>
   </trkpt>
   <trkpt lat="12.538380000000002" lon="99.96057">
    <ele>8.34</ele>
   </trkpt>
   <trkpt lat="12.53805" lon="99.96005000000001">
    <ele>8.26</ele>
   </trkpt>
   <trkpt lat="12.537870000000002" lon="99.95986">
    <ele>8.32</ele>
   </trkpt>
   <trkpt lat="12.53766" lon="99.95969000000001">
    <ele>8.47</ele>
   </trkpt>
   <trkpt lat="12.537420000000001" lon="99.95956000000001">
    <ele>8.48</ele>
   </trkpt>
   <trkpt lat="12.537310000000002" lon="99.95941">
    <ele>8.56</ele>
   </trkpt>
   <trkpt lat="12.537230000000001" lon="99.95935000000001">
    <ele>8.56</ele>
   </trkpt>
   <trkpt lat="12.53711" lon="99.95931">
    <ele>8.56</ele>
   </trkpt>
   <trkpt lat="12.536740000000002" lon="99.95928">
    <ele>8.56</ele>
   </trkpt>
   <trkpt lat="12.53617" lon="99.95939000000001">
    <ele>8.68</ele>
   </trkpt>
   <trkpt lat="12.53593" lon="99.95948000000001">
    <ele>8.370000000000001</ele>
   </trkpt>
   <trkpt lat="12.535870000000001" lon="99.95945">
    <ele>8.370000000000001</ele>
   </trkpt>
   <trkpt lat="12.53584" lon="99.95948000000001">
    <ele>8.370000000000001</ele>
   </trkpt>
   <trkpt lat="12.535680000933539" lon="99.95877499962646">
    <ele>8.33</ele>
   </trkpt>
   <trkpt lat="12.535520000000002" lon="99.95807">
    <ele>9.39</ele>
   </trkpt>
   <trkpt lat="12.53546" lon="99.95764000000001">
    <ele>9.58</ele>
   </trkpt>
   <trkpt lat="12.535530000000001" lon="99.95714000000001">
    <ele>9.860000000000001</ele>
   </trkpt>
   <trkpt lat="12.53568000149797" lon="99.95624000052197">
    <ele>10.42</ele>
   </trkpt>
   <trkpt lat="12.53583" lon="99.95534">
    <ele>10.84</ele>
   </trkpt>
   <trkpt lat="12.53588" lon="99.95503000000001">
    <ele>11.19</ele>
   </trkpt>
   <trkpt lat="12.535870000000001" lon="99.95485000000001">
    <ele>11.32</ele>
   </trkpt>
   <trkpt lat="12.53578" lon="99.95443">
    <ele>11.750000000000002</ele>
   </trkpt>
   <trkpt lat="12.53559333516811" lon="99.95372999907148">
    <ele>12.21</ele>
   </trkpt>
   <trkpt lat="12.535406668524264" lon="99.9530299991571">
    <ele>12.83</ele>
   </trkpt>
   <trkpt lat="12.53522" lon="99.95233">
    <ele>13.120000000000001</ele>
   </trkpt>
   <trkpt lat="12.535053334962106" lon="99.9516633324124">
    <ele>13.620000000000001</ele>
   </trkpt>
   <trkpt lat="12.53488666828078" lon="99.95099666568713">
    <ele>14.040000000000001</ele>
   </trkpt>
   <trkpt lat="12.534720000000002" lon="99.95033000000001">
    <ele>14.59</ele>
   </trkpt>
   <trkpt lat="12.534630000000002" lon="99.95007000000001">
    <ele>14.71</ele>
   </trkpt>
   <trkpt lat="12.534490000000002" lon="99.94984000000001">
    <ele>14.71</ele>
   </trkpt>
   <trkpt lat="12.533963334956145" lon="99.94917333058275">
    <ele>15.620000000000001</ele>
   </trkpt>
   <trkpt lat="12.533436668268987" lon="99.94850666389023">
    <ele>16.34</ele>
   </trkpt>
   <trkpt lat="12.532910000000001" lon="99.94784000000001">
    <ele>17.150000000000002</ele>
   </trkpt>
   <trkpt lat="12.532410004306747" lon="99.9472171356135">
    <ele>17.490000000000002</ele>
   </trkpt>
   <trkpt lat="12.531910007179222" lon="99.94659427364348">
    <ele>18.05</ele>
   </trkpt>
   <trkpt lat="12.53141000861748" lon="99.94597141408983">
    <ele>19.01</ele>
   </trkpt>
   <trkpt lat="12.530910008621591" lon="99.94534855695247">
    <ele>19.73</ele>
   </trkpt>
   <trkpt lat="12.530410007191618" lon="99.94472570223125">
    <ele>20.75</ele>
   </trkpt>
   <trkpt lat="12.52991000432763" lon="99.94410284992614">
    <ele>20.75</ele>
   </trkpt>
   <trkpt lat="12.52941" lon="99.94348000000001">
    <ele>22.09</ele>
   </trkpt>
   <trkpt lat="12.52890000382879" lon="99.94283666031023">
    <ele>22.740000000000002</ele>
   </trkpt>
   <trkpt lat="12.528390006127859" lon="99.94219332316555">
    <ele>23.91</ele>
   </trkpt>
   <trkpt lat="12.527880006897266" lon="99.94154998856588">
    <ele>24.610000000000003</ele>
   </trkpt>
   <trkpt lat="12.527370006137097" lon="99.94090665651107">
    <ele>25.7</ele>
   </trkpt>
   <trkpt lat="12.526860003847418" lon="99.94026332700106">
    <ele>27.55</ele>
   </trkpt>
   <trkpt lat="12.52635" lon="99.93962">
    <ele>28.610000000000003</ele>
   </trkpt>
   <trkpt lat="12.526070000365248" lon="99.93924499973406">
    <ele>28.85</ele>
   </trkpt>
   <trkpt lat="12.52579" lon="99.93887000000001">
    <ele>29.380000000000003</ele>
   </trkpt>
   <trkpt lat="12.52575" lon="99.93875000000001">
    <ele>29.380000000000003</ele>
   </trkpt>
   <trkpt lat="12.525192502739099" lon="99.93804749544947">
    <ele>30.430000000000003</ele>
   </trkpt>
   <trkpt lat="12.524635003654678" lon="99.937344993936">
    <ele>31.240000000000002</ele>
   </trkpt>
   <trkpt lat="12.524077502746835" lon="99.93664249545947">
    <ele>31.52</ele>
   </trkpt>
   <trkpt lat="12.523520000000001" lon="99.93594">
    <ele>31.87</ele>
   </trkpt>
   <trkpt lat="12.523070002472231" lon="99.93536199597176">
    <ele>32.050000000000004</ele>
   </trkpt>
   <trkpt lat="12.522620003710205" lon="99.93478399396017">
    <ele>32.6</ele>
   </trkpt>
   <trkpt lat="12.522170003713978" lon="99.93420599396516">
    <ele>32.99</ele>
   </trkpt>
   <trkpt lat="12.521720002483596" lon="99.93362799598664">
    <ele>33.97</ele>
   </trkpt>
   <trkpt lat="12.521270000000001" lon="99.93305000000001">
    <ele>35.11</ele>
   </trkpt>
   <trkpt lat="12.520765000626378" lon="99.93243999873252">
    <ele>35.24</ele>
   </trkpt>
   <trkpt lat="12.52026" lon="99.93183">
    <ele>34.02</ele>
   </trkpt>
   <trkpt lat="12.519730008915497" lon="99.93116748503377">
    <ele>33.080000000000005</ele>
   </trkpt>
   <trkpt lat="12.519200016209826" lon="99.93050497278921">
    <ele>33.620000000000005</ele>
   </trkpt>
   <trkpt lat="12.518670021883075" lon="99.92984246326617">
    <ele>34.690000000000005</ele>
   </trkpt>
   <trkpt lat="12.518140025935319" lon="99.92917995646454">
    <ele>37.230000000000004</ele>
   </trkpt>
   <trkpt lat="12.517610028366633" lon="99.92851745238423">
    <ele>38.68000000000001</ele>
   </trkpt>
   <trkpt lat="12.517080029177098" lon="99.92785495102507">
    <ele>38.89</ele>
   </trkpt>
   <trkpt lat="12.516550028366787" lon="99.92719245238698">
    <ele>38.6</ele>
   </trkpt>
   <trkpt lat="12.516020025935779" lon="99.9265299564698">
    <ele>38.25000000000001</ele>
   </trkpt>
   <trkpt lat="12.515490021884158" lon="99.92586746327342">
    <ele>38.09</ele>
   </trkpt>
   <trkpt lat="12.514960016211996" lon="99.92520497279774">
    <ele>38.27</ele>
   </trkpt>
   <trkpt lat="12.51443000891937" lon="99.92454248504262">
    <ele>38.150000000000006</ele>
   </trkpt>
   <trkpt lat="12.513900000000001" lon="99.92388000000001">
    <ele>37.25000000000001</ele>
   </trkpt>
   <trkpt lat="12.513420002108912" lon="99.92326749662377">
    <ele>36.43000000000001</ele>
   </trkpt>
   <trkpt lat="12.512940002832833" lon="99.92265499552519">
    <ele>36.24</ele>
   </trkpt>
   <trkpt lat="12.512460002171819" lon="99.92204249670421">
    <ele>36.19</ele>
   </trkpt>
   <trkpt lat="12.511980000000001" lon="99.92143000000002">
    <ele>35.9</ele>
   </trkpt>
   <trkpt lat="12.511485005335466" lon="99.92078749138193">
    <ele>35.620000000000005</ele>
   </trkpt>
   <trkpt lat="12.510990009147145" lon="99.92014498522737">
    <ele>35.35</ele>
   </trkpt>
   <trkpt lat="12.510495011435097" lon="99.91950248153618">
    <ele>34.93</ele>
   </trkpt>
   <trkpt lat="12.5100000121994" lon="99.91885998030833">
    <ele>33.800000000000004</ele>
   </trkpt>
   <trkpt lat="12.509505011440117" lon="99.91821748154365">
    <ele>33.11</ele>
   </trkpt>
   <trkpt lat="12.509010009157315" lon="99.91757498524208">
    <ele>32.470000000000006</ele>
   </trkpt>
   <trkpt lat="12.508515005351061" lon="99.9169324914035">
    <ele>31.82</ele>
   </trkpt>
   <trkpt lat="12.50802" lon="99.91629">
    <ele>30.27</ele>
   </trkpt>
   <trkpt lat="12.507490917921357" lon="99.91559816764924">
    <ele>27.85</ele>
   </trkpt>
   <trkpt lat="12.506961834076519" lon="99.91490633813282">
    <ele>26.590000000000003</ele>
   </trkpt>
   <trkpt lat="12.506432748465565" lon="99.91421451145062">
    <ele>26.070000000000004</ele>
   </trkpt>
   <trkpt lat="12.505903661088588" lon="99.91352268760257">
    <ele>26.12</ele>
   </trkpt>
   <trkpt lat="12.505374571945664" lon="99.91283086658848">
    <ele>26.2</ele>
   </trkpt>
   <trkpt lat="12.504845481036881" lon="99.91213904840825">
    <ele>26.13</ele>
   </trkpt>
   <trkpt lat="12.504316388362325" lon="99.91144723306175">
    <ele>26.19</ele>
   </trkpt>
   <trkpt lat="12.50378729392208" lon="99.91075542054884">
    <ele>26.12</ele>
   </trkpt>
   <trkpt lat="12.503258197716226" lon="99.91006361086943">
    <ele>26.03</ele>
   </trkpt>
   <trkpt lat="12.502729099744853" lon="99.90937180402335">
    <ele>26.240000000000002</ele>
   </trkpt>
   <trkpt lat="12.5022" lon="99.90868">
    <ele>26.150000000000002</ele>
   </trkpt>
   <trkpt lat="12.501810000417102" lon="99.90818999922816">
    <ele>26.18</ele>
   </trkpt>
   <trkpt lat="12.501420000000001" lon="99.9077">
    <ele>26.12</ele>
   </trkpt>
   <trkpt lat="12.501110000316743" lon="99.90727999948454">
    <ele>26.11</ele>
   </trkpt>
   <trkpt lat="12.500800000000002" lon="99.90686000000001">
    <ele>26.26</ele>
   </trkpt>
   <trkpt lat="12.500710000000002" lon="99.90681000000001">
    <ele>26.29</ele>
   </trkpt>
   <trkpt lat="12.500620000000001" lon="99.90663">
    <ele>26.28</ele>
   </trkpt>
   <trkpt lat="12.50055" lon="99.90636">
    <ele>26.140000000000004</ele>
   </trkpt>
   <trkpt lat="12.50055" lon="99.90596000000001">
    <ele>26.1</ele>
   </trkpt>
   <trkpt lat="12.500583335718026" lon="99.90515666676473">
    <ele>26.220000000000002</ele>
   </trkpt>
   <trkpt lat="12.500616669055894" lon="99.90435333332216">
    <ele>26.29</ele>
   </trkpt>
   <trkpt lat="12.50065" lon="99.90355000000001">
    <ele>27.06</ele>
   </trkpt>
   <trkpt lat="12.500680000000001" lon="99.90272">
    <ele>27.92</ele>
   </trkpt>
   <trkpt lat="12.50074" lon="99.90247000000001">
    <ele>28.23</ele>
   </trkpt>
   <trkpt lat="12.50083" lon="99.90230000000001">
    <ele>28.3</ele>
   </trkpt>
   <trkpt lat="12.501313755327198" lon="99.90165750842286">
    <ele>27.520000000000003</ele>
   </trkpt>
   <trkpt lat="12.501797509131839" lon="99.90101501444023">
    <ele>25.77</ele>
   </trkpt>
   <trkpt lat="12.502281261413849" lon="99.90037251805201">
    <ele>25.43</ele>
   </trkpt>
   <trkpt lat="12.502765012173166" lon="99.8997300192581">
    <ele>26.250000000000004</ele>
   </trkpt>
   <trkpt lat="12.50324876140972" lon="99.89908751805841">
    <ele>26.42</ele>
   </trkpt>
   <trkpt lat="12.50373250912345" lon="99.89844501445286">
    <ele>26.8</ele>
   </trkpt>
   <trkpt lat="12.504216255314285" lon="99.89780250844133">
    <ele>27.12</ele>
   </trkpt>
   <trkpt lat="12.504700000000001" lon="99.89716000000001">
    <ele>27.91</ele>
   </trkpt>
   <trkpt lat="12.505180000000001" lon="99.89656000000001">
    <ele>28.430000000000003</ele>
   </trkpt>
   <trkpt lat="12.505688576466529" lon="99.89588572224449">
    <ele>30.0</ele>
   </trkpt>
   <trkpt lat="12.506197151255567" lon="99.89521144183396">
    <ele>30.45</ele>
   </trkpt>
   <trkpt lat="12.506705724367034" lon="99.89453715876836">
    <ele>30.53</ele>
   </trkpt>
   <trkpt lat="12.507214295800862" lon="99.89386287304754">
    <ele>30.070000000000004</ele>
   </trkpt>
   <trkpt lat="12.50772286555697" lon="99.89318858467138">
    <ele>29.16</ele>
   </trkpt>
   <trkpt lat="12.508231433635276" lon="99.89251429363982">
    <ele>28.89</ele>
   </trkpt>
   <trkpt lat="12.508740000000001" lon="99.89184">
    <ele>29.23</ele>
   </trkpt>
   <trkpt lat="12.509260003434113" lon="99.8911580054922">
    <ele>29.52</ele>
   </trkpt>
   <trkpt lat="12.50978000515166" lon="99.89047600823788">
    <ele>30.28</ele>
   </trkpt>
   <trkpt lat="12.51030000515256" lon="99.88979400823693">
    <ele>30.980000000000004</ele>
   </trkpt>
   <trkpt lat="12.510820003436734" lon="99.88911200548922">
    <ele>31.84</ele>
   </trkpt>
   <trkpt lat="12.51134" lon="99.88843000000001">
    <ele>32.550000000000004</ele>
   </trkpt>
   <trkpt lat="12.511857502210708" lon="99.88779750380877">
    <ele>33.1</ele>
   </trkpt>
   <trkpt lat="12.512375002944692" lon="99.88716500508204">
    <ele>33.34</ele>
   </trkpt>
   <trkpt lat="12.512892502201888" lon="99.88653250381972">
    <ele>33.89</ele>
   </trkpt>
   <trkpt lat="12.51341" lon="99.8859">
    <ele>34.28</ele>
   </trkpt>
   <trkpt lat="12.513860000679529" lon="99.88529500104943">
    <ele>34.53</ele>
   </trkpt>
   <trkpt lat="12.514310000000002" lon="99.88469">
    <ele>35.95</ele>
   </trkpt>
   <trkpt lat="12.514810003877894" lon="99.88404167294892">
    <ele>39.800000000000004</ele>
   </trkpt>
   <trkpt lat="12.515310006203874" lon="99.88339334338617">
    <ele>42.9</ele>
   </trkpt>
   <trkpt lat="12.51581000697787" lon="99.88274501131168">
    <ele>44.53000000000001</ele>
   </trkpt>
   <trkpt lat="12.516310006199822" lon="99.8820966767253">
    <ele>44.25000000000001</ele>
   </trkpt>
   <trkpt lat="12.516810003869649" lon="99.88144833962694">
    <ele>42.34</ele>
   </trkpt>
   <trkpt lat="12.51731" lon="99.88080000000001">
    <ele>38.91</ele>
   </trkpt>
   <trkpt lat="12.517826671104983" lon="99.88010667360764">
    <ele>36.88</ele>
   </trkpt>
   <trkpt lat="12.518343340434742" lon="99.87941334443904">
    <ele>37.46</ele>
   </trkpt>
   <trkpt lat="12.518860007989204" lon="99.87872001249411">
    <ele>38.25000000000001</ele>
   </trkpt>
   <trkpt lat="12.519376673768278" lon="99.87802667777272">
    <ele>38.71</ele>
   </trkpt>
   <trkpt lat="12.519893337771888" lon="99.87733334027475">
    <ele>39.0</ele>
   </trkpt>
   <trkpt lat="12.520410000000002" lon="99.87664000000001">
    <ele>39.23</ele>
   </trkpt>
   <trkpt lat="12.52049" lon="99.87644">
    <ele>39.290000000000006</ele>
   </trkpt>
   <trkpt lat="12.521035000943822" lon="99.8757450014022">
    <ele>39.42</ele>
   </trkpt>
   <trkpt lat="12.52158" lon="99.87505">
    <ele>39.690000000000005</ele>
   </trkpt>
   <trkpt lat="12.52189000041873" lon="99.87463500036398">
    <ele>39.800000000000004</ele>
   </trkpt>
   <trkpt lat="12.522200000000002" lon="99.87422000000001">
    <ele>39.78</ele>
   </trkpt>
   <trkpt lat="12.522722012101736" lon="99.87353601937988">
    <ele>39.760000000000005</ele>
   </trkpt>
   <trkpt lat="12.523244022475152" lon="99.87285203599153">
    <ele>39.88</ele>
   </trkpt>
   <trkpt lat="12.523766031120175" lon="99.87216804983483">
    <ele>39.910000000000004</ele>
   </trkpt>
   <trkpt lat="12.52428803803672" lon="99.87148406090964">
    <ele>40.03</ele>
   </trkpt>
   <trkpt lat="12.524810043224708" lon="99.87080006921589">
    <ele>40.050000000000004</ele>
   </trkpt>
   <trkpt lat="12.52533204668405" lon="99.87011607475343">
    <ele>40.300000000000004</ele>
   </trkpt>
   <trkpt lat="12.525854048414674" lon="99.8694320775221">
    <ele>40.540000000000006</ele>
   </trkpt>
   <trkpt lat="12.526376048416493" lon="99.86874807752184">
    <ele>40.82</ele>
   </trkpt>
   <trkpt lat="12.526898046689427" lon="99.86806407475252">
    <ele>41.13</ele>
   </trkpt>
   <trkpt lat="12.527420043233393" lon="99.867380069214">
    <ele>41.32</ele>
   </trkpt>
   <trkpt lat="12.52794203804832" lon="99.86669606090615">
    <ele>41.690000000000005</ele>
   </trkpt>
   <trkpt lat="12.528464031134112" lon="99.86601204982887">
    <ele>41.97</ele>
   </trkpt>
   <trkpt lat="12.52898602249069" lon="99.86532803598203">
    <ele>42.17</ele>
   </trkpt>
   <trkpt lat="12.529508012117981" lon="99.8646440193655">
    <ele>42.370000000000005</ele>
   </trkpt>
   <trkpt lat="12.530030000000002" lon="99.86396">
    <ele>42.5</ele>
   </trkpt>
   <trkpt lat="12.530518007292136" lon="99.86329801127727">
    <ele>42.760000000000005</ele>
   </trkpt>
   <trkpt lat="12.531006012964367" lon="99.8626360200482">
    <ele>42.97</ele>
   </trkpt>
   <trkpt lat="12.531494017016623" lon="99.86197402631275">
    <ele>42.99</ele>
   </trkpt>
   <trkpt lat="12.53198201944883" lon="99.86131203007079">
    <ele>43.24</ele>
   </trkpt>
   <trkpt lat="12.532470020260925" lon="99.86065003132225">
    <ele>43.49</ele>
   </trkpt>
   <trkpt lat="12.53295801945282" lon="99.85998803006697">
    <ele>43.65</ele>
   </trkpt>
   <trkpt lat="12.533446017024465" lon="99.85932602630488">
    <ele>43.95</ele>
   </trkpt>
   <trkpt lat="12.533934012975775" lon="99.8586640200359">
    <ele>44.190000000000005</ele>
   </trkpt>
   <trkpt lat="12.534422007306686" lon="99.8580020112599">
    <ele>44.190000000000005</ele>
   </trkpt>
   <trkpt lat="12.534910000000002" lon="99.85734000000001">
    <ele>44.36</ele>
   </trkpt>
   <trkpt lat="12.535431345826625" lon="99.85664535301174">
    <ele>44.50000000000001</ele>
   </trkpt>
   <trkpt lat="12.535952689868918" lon="99.85595070321271">
    <ele>44.870000000000005</ele>
   </trkpt>
   <trkpt lat="12.53647403212679" lon="99.85525605060283">
    <ele>45.15</ele>
   </trkpt>
   <trkpt lat="12.536995372600165" lon="99.85456139518195">
    <ele>45.36000000000001</ele>
   </trkpt>
   <trkpt lat="12.537516711288957" lon="99.85386673694995">
    <ele>45.51</ele>
   </trkpt>
   <trkpt lat="12.538038048193082" lon="99.8531720759067">
    <ele>45.51</ele>
   </trkpt>
   <trkpt lat="12.538559383312453" lon="99.8524774120521">
    <ele>45.44</ele>
   </trkpt>
   <trkpt lat="12.539080716646989" lon="99.85178274538603">
    <ele>45.56</ele>
   </trkpt>
   <trkpt lat="12.539602048196606" lon="99.85108807590834">
    <ele>45.59</ele>
   </trkpt>
   <trkpt lat="12.540123377961221" lon="99.85039340361892">
    <ele>45.62</ele>
   </trkpt>
   <trkpt lat="12.540644705940748" lon="99.84969872851764">
    <ele>45.910000000000004</ele>
   </trkpt>
   <trkpt lat="12.541166032135104" lon="99.84900405060439">
    <ele>46.17</ele>
   </trkpt>
   <trkpt lat="12.541687356544207" lon="99.84830936987906">
    <ele>46.410000000000004</ele>
   </trkpt>
   <trkpt lat="12.542208679167969" lon="99.84761468634149">
    <ele>46.900000000000006</ele>
   </trkpt>
   <trkpt lat="12.54273" lon="99.84692000000001">
    <ele>47.34</ele>
   </trkpt>
   <trkpt lat="12.543170000000002" lon="99.84636">
    <ele>47.67</ele>
   </trkpt>
   <trkpt lat="12.543545000407777" lon="99.84598500039849">
    <ele>47.900000000000006</ele>
   </trkpt>
   <trkpt lat="12.543920000000002" lon="99.84561000000001">
    <ele>48.150000000000006</ele>
   </trkpt>
   <trkpt lat="12.544250000000002" lon="99.84538">
    <ele>48.510000000000005</ele>
   </trkpt>
   <trkpt lat="12.544865000050995" lon="99.8451000007116">
    <ele>48.7</ele>
   </trkpt>
   <trkpt lat="12.545480000000001" lon="99.84482000000001">
    <ele>49.150000000000006</ele>
   </trkpt>
   <trkpt lat="12.545670000000001" lon="99.84467000000001">
    <ele>49.18</ele>
   </trkpt>
   <trkpt lat="12.545720000000001" lon="99.84438000000002">
    <ele>49.150000000000006</ele>
   </trkpt>
   <trkpt lat="12.545642004456097" lon="99.84360399905222">
    <ele>49.400000000000006</ele>
   </trkpt>
   <trkpt lat="12.545564006683753" lon="99.84282799857456">
    <ele>49.46</ele>
   </trkpt>
   <trkpt lat="12.545486006682989" lon="99.84205199856709">
    <ele>49.46</ele>
   </trkpt>
   <trkpt lat="12.54540800445381" lon="99.84127599902978">
    <ele>49.730000000000004</ele>
   </trkpt>
   <trkpt lat="12.545330000000002" lon="99.8405">
    <ele>50.39</ele>
   </trkpt>
   <trkpt lat="12.545370000000002" lon="99.83994000000001">
    <ele>50.56</ele>
   </trkpt>
   <trkpt lat="12.545430000000001" lon="99.83973">
    <ele>51.330000000000005</ele>
   </trkpt>
   <trkpt lat="12.54555" lon="99.83952000000001">
    <ele>51.330000000000005</ele>
   </trkpt>
   <trkpt lat="12.545660000000002" lon="99.83938">
    <ele>51.330000000000005</ele>
   </trkpt>
   <trkpt lat="12.546030000949537" lon="99.83887666809709">
    <ele>51.980000000000004</ele>
   </trkpt>
   <trkpt lat="12.546400000961514" lon="99.83837333474749">
    <ele>52.550000000000004</ele>
   </trkpt>
   <trkpt lat="12.54677" lon="99.83787000000001">
    <ele>53.09</ele>
   </trkpt>
   <trkpt lat="12.54717500256161" lon="99.83719000321858">
    <ele>54.00000000000001</ele>
   </trkpt>
   <trkpt lat="12.547580003411861" lon="99.83651000429764">
    <ele>54.37</ele>
   </trkpt>
   <trkpt lat="12.547985002550687" lon="99.83583000323709">
    <ele>54.470000000000006</ele>
   </trkpt>
   <trkpt lat="12.548390000000001" lon="99.83515000000001">
    <ele>54.68000000000001</ele>
   </trkpt>
   <trkpt lat="12.548855000705343" lon="99.83456500096626">
    <ele>54.55</ele>
   </trkpt>
   <trkpt lat="12.549320000000002" lon="99.83398000000001">
    <ele>54.470000000000006</ele>
   </trkpt>
   <trkpt lat="12.549848002668831" lon="99.83337800495637">
    <ele>54.57000000000001</ele>
   </trkpt>
   <trkpt lat="12.550376003996131" lon="99.83277600744286">
    <ele>54.62</ele>
   </trkpt>
   <trkpt lat="12.550904003981834" lon="99.83217400745934">
    <ele>55.1</ele>
   </trkpt>
   <trkpt lat="12.551432002625884" lon="99.83157200500571">
    <ele>55.43000000000001</ele>
   </trkpt>
   <trkpt lat="12.551960000000001" lon="99.83097000000001">
    <ele>55.84</ele>
   </trkpt>
   <trkpt lat="12.552492002887295" lon="99.83034600515596">
    <ele>56.32</ele>
   </trkpt>
   <trkpt lat="12.553024004332933" lon="99.82972200773177">
    <ele>56.75</ele>
   </trkpt>
   <trkpt lat="12.55355600433684" lon="99.8290980077274">
    <ele>56.95</ele>
   </trkpt>
   <trkpt lat="12.554088002898961" lon="99.82847400514268">
    <ele>57.910000000000004</ele>
   </trkpt>
   <trkpt lat="12.554620000000002" lon="99.82785000000001">
    <ele>58.39</ele>
   </trkpt>
   <trkpt lat="12.554760000000002" lon="99.82763000000001">
    <ele>58.45</ele>
   </trkpt>
   <trkpt lat="12.555190000581208" lon="99.82711000077175">
    <ele>58.85000000000001</ele>
   </trkpt>
   <trkpt lat="12.555620000000001" lon="99.82659000000001">
    <ele>59.64000000000001</ele>
   </trkpt>
   <trkpt lat="12.55572" lon="99.82644">
    <ele>59.95</ele>
   </trkpt>
   <trkpt lat="12.556450000671399" lon="99.82685666431802">
    <ele>59.2</ele>
   </trkpt>
   <trkpt lat="12.557180000699807" lon="99.82727333100084">
    <ele>59.78000000000001</ele>
   </trkpt>
   <trkpt lat="12.557910000000001" lon="99.82769">
    <ele>59.61</ele>
   </trkpt>
   <trkpt lat="12.557900000000002" lon="99.82769">
    <ele>59.61</ele>
   </trkpt>
   <trkpt lat="12.558552500756313" lon="99.82805999718144">
    <ele>59.42000000000001</ele>
   </trkpt>
   <trkpt lat="12.559205001005527" lon="99.8284299962402">
    <ele>59.46000000000001</ele>
   </trkpt>
   <trkpt lat="12.559857500747608" lon="99.82879999717638">
    <ele>59.370000000000005</ele>
   </trkpt>
   <trkpt lat="12.56051" lon="99.82917">
    <ele>59.2</ele>
   </trkpt>
   <trkpt lat="12.560730000000001" lon="99.82936000000001">
    <ele>59.21000000000001</ele>
   </trkpt>
   <trkpt lat="12.56136800100542" lon="99.82972599637478">
    <ele>59.18</ele>
   </trkpt>
   <trkpt lat="12.562006001514545" lon="99.83009199456572">
    <ele>59.230000000000004</ele>
   </trkpt>
   <trkpt lat="12.562644001527346" lon="99.83045799457295">
    <ele>59.32</ele>
   </trkpt>
   <trkpt lat="12.563282001043792" lon="99.83082399639656">
    <ele>59.5</ele>
   </trkpt>
   <trkpt lat="12.563920000000001" lon="99.83119">
    <ele>59.550000000000004</ele>
   </trkpt>
   <trkpt lat="12.564660000951278" lon="99.83160999635622">
    <ele>59.46000000000001</ele>
   </trkpt>
   <trkpt lat="12.565400001248848" lon="99.83202999513041">
    <ele>59.330000000000005</ele>
   </trkpt>
   <trkpt lat="12.566140000892664" lon="99.83244999632277">
    <ele>59.54</ele>
   </trkpt>
   <trkpt lat="12.566880000000001" lon="99.83287000000001">
    <ele>59.150000000000006</ele>
   </trkpt>
   <trkpt lat="12.567606668107507" lon="99.8332666610491">
    <ele>58.59</ele>
   </trkpt>
   <trkpt lat="12.568333335631793" lon="99.83366332434126">
    <ele>58.13000000000001</ele>
   </trkpt>
   <trkpt lat="12.56906000257283" lon="99.83405998987661">
    <ele>57.49</ele>
   </trkpt>
   <trkpt lat="12.569786668930572" lon="99.83445665765528">
    <ele>56.09</ele>
   </trkpt>
   <trkpt lat="12.570513334704993" lon="99.83485332767745">
    <ele>55.46</ele>
   </trkpt>
   <trkpt lat="12.571240000000001" lon="99.83525">
    <ele>55.61000000000001</ele>
   </trkpt>
   <trkpt lat="12.571951429957169" lon="99.83560285128006">
    <ele>57.09</ele>
   </trkpt>
   <trkpt lat="12.572662859452686" lon="99.83595570451428">
    <ele>57.74</ele>
   </trkpt>
   <trkpt lat="12.573374288486525" lon="99.8363085597028">
    <ele>57.61</ele>
   </trkpt>
   <trkpt lat="12.57408571705865" lon="99.83666141684571">
    <ele>57.63000000000001</ele>
   </trkpt>
   <trkpt lat="12.574797145169041" lon="99.8370142759432">
    <ele>57.650000000000006</ele>
   </trkpt>
   <trkpt lat="12.575508572817661" lon="99.83736713699531">
    <ele>57.660000000000004</ele>
   </trkpt>
   <trkpt lat="12.576220000000001" lon="99.83772">
    <ele>57.46</ele>
   </trkpt>
   <trkpt lat="12.576796667081263" lon="99.83802333200963">
    <ele>57.400000000000006</ele>
   </trkpt>
   <trkpt lat="12.577373333821232" lon="99.83832666538149">
    <ele>57.67</ele>
   </trkpt>
   <trkpt lat="12.577950000000001" lon="99.83863000000001">
    <ele>57.900000000000006</ele>
   </trkpt>
   <trkpt lat="12.57865333449237" lon="99.83898332849448">
    <ele>58.07</ele>
   </trkpt>
   <trkpt lat="12.57935666852161" lon="99.83933665892455">
    <ele>58.31000000000001</ele>
   </trkpt>
   <trkpt lat="12.58006000208769" lon="99.83968999129038">
    <ele>58.42000000000001</ele>
   </trkpt>
   <trkpt lat="12.580763335190582" lon="99.84004332559203">
    <ele>58.63</ele>
   </trkpt>
   <trkpt lat="12.581466667830256" lon="99.84039666182964">
    <ele>58.52</ele>
   </trkpt>
   <trkpt lat="12.582170000000001" lon="99.84075000000001">
    <ele>58.17</ele>
   </trkpt>
   <trkpt lat="12.58225" lon="99.84079000000001">
    <ele>58.17</ele>
   </trkpt>
   <trkpt lat="12.582360000000001" lon="99.8408">
    <ele>57.93</ele>
   </trkpt>
   <trkpt lat="12.583060000274367" lon="99.84114999906906">
    <ele>57.7</ele>
   </trkpt>
   <trkpt lat="12.583760000000002" lon="99.84150000000001">
    <ele>58.72</ele>
   </trkpt>
   <trkpt lat="12.58384" lon="99.84158000000001">
    <ele>58.400000000000006</ele>
   </trkpt>
   <trkpt lat="12.584490000078207" lon="99.84171499966733">
    <ele>57.43</ele>
   </trkpt>
   <trkpt lat="12.58514" lon="99.84185000000001">
    <ele>57.27</ele>
   </trkpt>
   <trkpt lat="12.585650000000001" lon="99.84197">
    <ele>56.99</ele>
   </trkpt>
   <trkpt lat="12.586170000000001" lon="99.84205000000001">
    <ele>56.52</ele>
   </trkpt>
   <trkpt lat="12.58641" lon="99.84201">
    <ele>56.09</ele>
   </trkpt>
   <trkpt lat="12.5867" lon="99.84181000000001">
    <ele>55.85</ele>
   </trkpt>
   <trkpt lat="12.587230000605919" lon="99.84139000177383">
    <ele>55.46</ele>
   </trkpt>
   <trkpt lat="12.587760000557024" lon="99.84097000181261">
    <ele>55.010000000000005</ele>
   </trkpt>
   <trkpt lat="12.58829" lon="99.84055000000001">
    <ele>54.63</ele>
   </trkpt>
   <trkpt lat="12.588820000635911" lon="99.84012333512831">
    <ele>54.2</ele>
   </trkpt>
   <trkpt lat="12.589350000595973" lon="99.83969666849383">
    <ele>54.19</ele>
   </trkpt>
   <trkpt lat="12.58988" lon="99.83927000000001">
    <ele>54.17</ele>
   </trkpt>
   <trkpt lat="12.590392501183016" lon="99.8388125027267">
    <ele>54.220000000000006</ele>
   </trkpt>
   <trkpt lat="12.590905001588888" lon="99.83835500362537">
    <ele>54.080000000000005</ele>
   </trkpt>
   <trkpt lat="12.591417501217585" lon="99.83789750269597">
    <ele>53.96</ele>
   </trkpt>
   <trkpt lat="12.591930000000001" lon="99.83744000000002">
    <ele>54.01</ele>
   </trkpt>
   <trkpt lat="12.592485000510383" lon="99.83691000115756">
    <ele>54.57000000000001</ele>
   </trkpt>
   <trkpt lat="12.59304" lon="99.83638">
    <ele>56.080000000000005</ele>
   </trkpt>
   <trkpt lat="12.593665000710963" lon="99.83581000129094">
    <ele>58.77</ele>
   </trkpt>
   <trkpt lat="12.59429" lon="99.83524000000001">
    <ele>59.88</ele>
   </trkpt>
   <trkpt lat="12.594690000280291" lon="99.83490500046236">
    <ele>60.33</ele>
   </trkpt>
   <trkpt lat="12.59509" lon="99.83457000000001">
    <ele>60.49</ele>
   </trkpt>
   <trkpt lat="12.59561333414064" lon="99.83411333516892">
    <ele>60.65</ele>
   </trkpt>
   <trkpt lat="12.596136667506656" lon="99.83365666847376">
    <ele>60.730000000000004</ele>
   </trkpt>
   <trkpt lat="12.596660000000002" lon="99.8332">
    <ele>60.65</ele>
   </trkpt>
   <trkpt lat="12.59717" lon="99.83284">
    <ele>60.59</ele>
   </trkpt>
   <trkpt lat="12.597715000038752" lon="99.83256500063592">
    <ele>60.59</ele>
   </trkpt>
   <trkpt lat="12.598260000000002" lon="99.83229000000001">
    <ele>60.47</ele>
   </trkpt>
   <trkpt lat="12.59896500067526" lon="99.83194500284071">
    <ele>60.480000000000004</ele>
   </trkpt>
   <trkpt lat="12.599670000908306" lon="99.8316000037838">
    <ele>60.49</ele>
   </trkpt>
   <trkpt lat="12.60037500069911" lon="99.83125500282917">
    <ele>60.480000000000004</ele>
   </trkpt>
   <trkpt lat="12.601080000000001" lon="99.83091">
    <ele>60.54</ele>
   </trkpt>
   <trkpt lat="12.601594999934349" lon="99.83067000056275">
    <ele>60.50000000000001</ele>
   </trkpt>
   <trkpt lat="12.602110000000001" lon="99.83043">
    <ele>60.550000000000004</ele>
   </trkpt>
   <trkpt lat="12.602540000000001" lon="99.83029">
    <ele>60.59</ele>
   </trkpt>
   <trkpt lat="12.603150000000001" lon="99.83021000000001">
    <ele>60.440000000000005</ele>
   </trkpt>
   <trkpt lat="12.603870000028257" lon="99.83013250065387">
    <ele>60.18</ele>
   </trkpt>
   <trkpt lat="12.60459000003419" lon="99.83005500087224">
    <ele>59.480000000000004</ele>
   </trkpt>
   <trkpt lat="12.605310000017795" lon="99.82997750065503">
    <ele>59.09</ele>
   </trkpt>
   <trkpt lat="12.60603" lon="99.82990000000001">
    <ele>59.22</ele>
   </trkpt>
   <trkpt lat="12.60613" lon="99.82987000000001">
    <ele>59.150000000000006</ele>
   </trkpt>
   <trkpt lat="12.606827500002003" lon="99.8298075005123">
    <ele>59.02</ele>
   </trkpt>
   <trkpt lat="12.607524999989487" lon="99.82974500068424">
    <ele>58.85000000000001</ele>
   </trkpt>
   <trkpt lat="12.608222499962446" lon="99.82968250051586">
    <ele>58.67000000000001</ele>
   </trkpt>
   <trkpt lat="12.608920000000001" lon="99.82962">
    <ele>58.800000000000004</ele>
   </trkpt>
   <trkpt lat="12.60908" lon="99.82962">
    <ele>58.830000000000005</ele>
   </trkpt>
   <trkpt lat="12.609960000000001" lon="99.82965000000002">
    <ele>58.730000000000004</ele>
   </trkpt>
   <trkpt lat="12.610793333378016" lon="99.82970666630011">
    <ele>58.800000000000004</ele>
   </trkpt>
   <trkpt lat="12.611626666744085" lon="99.829763332969">
    <ele>58.93</ele>
   </trkpt>
   <trkpt lat="12.61246" lon="99.82982000000001">
    <ele>59.510000000000005</ele>
   </trkpt>
   <trkpt lat="12.612710000000002" lon="99.82978000000001">
    <ele>59.63</ele>
   </trkpt>
   <trkpt lat="12.613410000189678" lon="99.82950500073255">
    <ele>60.39000000000001</ele>
   </trkpt>
   <trkpt lat="12.61411" lon="99.82923000000001">
    <ele>61.25000000000001</ele>
   </trkpt>
   <trkpt lat="12.614640000000001" lon="99.82910000000001">
    <ele>61.69</ele>
   </trkpt>
   <trkpt lat="12.615414000067755" lon="99.82900400116115">
    <ele>61.870000000000005</ele>
   </trkpt>
   <trkpt lat="12.616188000101227" lon="99.82890800174184">
    <ele>61.45</ele>
   </trkpt>
   <trkpt lat="12.616962000100413" lon="99.82881200174197">
    <ele>61.120000000000005</ele>
   </trkpt>
   <trkpt lat="12.617736000065316" lon="99.82871600116155">
    <ele>60.89000000000001</ele>
   </trkpt>
   <trkpt lat="12.61851" lon="99.82862000000002">
    <ele>60.49</ele>
   </trkpt>
   <trkpt lat="12.61884" lon="99.82853000000001">
    <ele>60.32000000000001</ele>
   </trkpt>
   <trkpt lat="12.61908" lon="99.82834000000001">
    <ele>60.14000000000001</ele>
   </trkpt>
   <trkpt lat="12.61944" lon="99.82798000000001">
    <ele>60.120000000000005</ele>
   </trkpt>
   <trkpt lat="12.620042002723144" lon="99.82737600567576">
    <ele>59.870000000000005</ele>
   </trkpt>
   <trkpt lat="12.620644004088774" lon="99.82677200850978">
    <ele>59.93</ele>
   </trkpt>
   <trkpt lat="12.621246004096816" lon="99.82616800850194">
    <ele>60.32000000000001</ele>
   </trkpt>
   <trkpt lat="12.621848002747193" lon="99.82556400565207">
    <ele>60.95</ele>
   </trkpt>
   <trkpt lat="12.62245" lon="99.82496">
    <ele>61.24</ele>
   </trkpt>
   <trkpt lat="12.62291750143414" lon="99.82445500275723">
    <ele>61.160000000000004</ele>
   </trkpt>
   <trkpt lat="12.6233850019191" lon="99.82395000366893">
    <ele>61.17</ele>
   </trkpt>
   <trkpt lat="12.62385250145484" lon="99.823445002735">
    <ele>61.160000000000004</ele>
   </trkpt>
   <trkpt lat="12.62432" lon="99.82294">
    <ele>61.22</ele>
   </trkpt>
   <trkpt lat="12.624640000000001" lon="99.82268">
    <ele>61.26</ele>
   </trkpt>
   <trkpt lat="12.62504" lon="99.82243000000001">
    <ele>61.26</ele>
   </trkpt>
   <trkpt lat="12.625670000275141" lon="99.82220000110443">
    <ele>61.1</ele>
   </trkpt>
   <trkpt lat="12.626300000353359" lon="99.82197000107591">
    <ele>61.08</ele>
   </trkpt>
   <trkpt lat="12.626930000000002" lon="99.82174">
    <ele>61.190000000000005</ele>
   </trkpt>
   <trkpt lat="12.62775666693695" lon="99.82148333498492">
    <ele>61.14000000000001</ele>
   </trkpt>
   <trkpt lat="12.628583333628615" lon="99.82122666831053">
    <ele>61.620000000000005</ele>
   </trkpt>
   <trkpt lat="12.629410000000002" lon="99.82097">
    <ele>61.910000000000004</ele>
   </trkpt>
   <trkpt lat="12.629510000000002" lon="99.82097">
    <ele>61.900000000000006</ele>
   </trkpt>
   <trkpt lat="12.62963" lon="99.82101">
    <ele>61.93000000000001</ele>
   </trkpt>
   <trkpt lat="12.629710000000001" lon="99.82107">
    <ele>62.00000000000001</ele>
   </trkpt>
   <trkpt lat="12.629800000000001" lon="99.82135000000001">
    <ele>62.09</ele>
   </trkpt>
   <trkpt lat="12.629890000000001" lon="99.82186000000002">
    <ele>62.43000000000001</ele>
   </trkpt>
   <trkpt lat="12.629890000000001" lon="99.82185000000001">
    <ele>62.43000000000001</ele>
   </trkpt>
   <trkpt lat="12.630030001981709" lon="99.82257666595044">
    <ele>61.980000000000004</ele>
   </trkpt>
   <trkpt lat="12.630170001997028" lon="99.82330333269658">
    <ele>61.57000000000001</ele>
   </trkpt>
   <trkpt lat="12.630310000000001" lon="99.82403000000001">
    <ele>60.96000000000001</ele>
   </trkpt>
   <trkpt lat="12.63047" lon="99.82430000000001">
    <ele>60.440000000000005</ele>
   </trkpt>
   <trkpt lat="12.63062" lon="99.82447">
    <ele>59.99</ele>
   </trkpt>
   <trkpt lat="12.630790000000001" lon="99.82458000000001">
    <ele>59.870000000000005</ele>
   </trkpt>
   <trkpt lat="12.63108" lon="99.82471000000001">
    <ele>59.63</ele>
   </trkpt>
   <trkpt lat="12.631300000000001" lon="99.82476000000001">
    <ele>59.63</ele>
   </trkpt>
   <trkpt lat="12.63217" lon="99.82485000000001">
    <ele>59.580000000000005</ele>
   </trkpt>
   <trkpt lat="12.632270000000002" lon="99.82489000000001">
    <ele>59.63</ele>
   </trkpt>
   <trkpt lat="12.632340000000001" lon="99.82495">
    <ele>59.71000000000001</ele>
   </trkpt>
   <trkpt lat="12.632410000000002" lon="99.82504">
    <ele>59.60000000000001</ele>
   </trkpt>
   <trkpt lat="12.632460000000002" lon="99.82517000000001">
    <ele>59.60000000000001</ele>
   </trkpt>
   <trkpt lat="12.632460000000002" lon="99.82534000000001">
    <ele>59.300000000000004</ele>
   </trkpt>
   <trkpt lat="12.6323842941712" lon="99.82621000154995">
    <ele>58.980000000000004</ele>
   </trkpt>
   <trkpt lat="12.632308585523278" lon="99.82708000258461">
    <ele>58.71</ele>
   </trkpt>
   <trkpt lat="12.632232874056257" lon="99.82795000310398">
    <ele>58.7</ele>
   </trkpt>
   <trkpt lat="12.632157159770152" lon="99.82882000310802">
    <ele>59.71000000000001</ele>
   </trkpt>
   <trkpt lat="12.632081442664989" lon="99.82969000259675">
    <ele>58.81000000000001</ele>
   </trkpt>
   <trkpt lat="12.63200572274078" lon="99.8305600015701">
    <ele>58.06000000000001</ele>
   </trkpt>
   <trkpt lat="12.63193" lon="99.83143000000001">
    <ele>57.900000000000006</ele>
   </trkpt>
   <trkpt lat="12.631820002094026" lon="99.8321800006518">
    <ele>57.67</ele>
   </trkpt>
   <trkpt lat="12.63171000209307" lon="99.83293000065827">
    <ele>57.540000000000006</ele>
   </trkpt>
   <trkpt lat="12.6316" lon="99.83368">
    <ele>57.230000000000004</ele>
   </trkpt>
   <trkpt lat="12.63161" lon="99.83406000000001">
    <ele>57.230000000000004</ele>
   </trkpt>
   <trkpt lat="12.631730000000001" lon="99.83451000000001">
    <ele>57.21</ele>
   </trkpt>
   <trkpt lat="12.63200400364619" lon="99.83520999698924">
    <ele>57.040000000000006</ele>
   </trkpt>
   <trkpt lat="12.632278005467409" lon="99.83590999547891">
    <ele>56.96</ele>
   </trkpt>
   <trkpt lat="12.632552005463621" lon="99.8366099954691">
    <ele>56.93</ele>
   </trkpt>
   <trkpt lat="12.632826003634777" lon="99.83730999695979">
    <ele>56.93</ele>
   </trkpt>
   <trkpt lat="12.6331" lon="99.83801000000001">
    <ele>56.550000000000004</ele>
   </trkpt>
   <trkpt lat="12.63343000267866" lon="99.83870249731636">
    <ele>56.57</ele>
   </trkpt>
   <trkpt lat="12.633760003571057" lon="99.8393949964207">
    <ele>56.53</ele>
   </trkpt>
   <trkpt lat="12.63409000267714" lon="99.84008749731302">
    <ele>56.38</ele>
   </trkpt>
   <trkpt lat="12.63442" lon="99.84078000000001">
    <ele>56.290000000000006</ele>
   </trkpt>
   <trkpt lat="12.63468000032128" lon="99.8411649996753">
    <ele>55.980000000000004</ele>
   </trkpt>
   <trkpt lat="12.63494" lon="99.84155000000001">
    <ele>55.870000000000005</ele>
   </trkpt>
   <trkpt lat="12.63527" lon="99.84181000000001">
    <ele>55.75000000000001</ele>
   </trkpt>
   <trkpt lat="12.636035000867974" lon="99.84211499543547">
    <ele>56.43000000000001</ele>
   </trkpt>
   <trkpt lat="12.636800001389386" lon="99.84241999269682">
    <ele>57.120000000000005</ele>
   </trkpt>
   <trkpt lat="12.637565001564214" lon="99.84272499178418">
    <ele>57.120000000000005</ele>
   </trkpt>
   <trkpt lat="12.638330001392431" lon="99.84302999269768">
    <ele>57.17</ele>
   </trkpt>
   <trkpt lat="12.639095000874017" lon="99.84333499543744">
    <ele>57.150000000000006</ele>
   </trkpt>
   <trkpt lat="12.63986" lon="99.84364000000001">
    <ele>57.120000000000005</ele>
   </trkpt>
   <trkpt lat="12.640692669592314" lon="99.8439746513927">
    <ele>57.03</ele>
   </trkpt>
   <trkpt lat="12.641525338767247" lon="99.84430930496686">
    <ele>57.06</ele>
   </trkpt>
   <trkpt lat="12.642358007524775" lon="99.84464396072265">
    <ele>57.09</ele>
   </trkpt>
   <trkpt lat="12.643190675864862" lon="99.84497861866025">
    <ele>56.980000000000004</ele>
   </trkpt>
   <trkpt lat="12.644023343787477" lon="99.84531327877981">
    <ele>56.760000000000005</ele>
   </trkpt>
   <trkpt lat="12.64485601129259" lon="99.84564794108148">
    <ele>56.720000000000006</ele>
   </trkpt>
   <trkpt lat="12.645688678380175" lon="99.84598260556542">
    <ele>56.440000000000005</ele>
   </trkpt>
   <trkpt lat="12.646521345050195" lon="99.84631727223181">
    <ele>56.32</ele>
   </trkpt>
   <trkpt lat="12.647354011302617" lon="99.8466519410808">
    <ele>56.13</ele>
   </trkpt>
   <trkpt lat="12.648186677137415" lon="99.84698661211256">
    <ele>55.84</ele>
   </trkpt>
   <trkpt lat="12.649019342554558" lon="99.84732128532724">
    <ele>55.92</ele>
   </trkpt>
   <trkpt lat="12.649852007554008" lon="99.84765596072502">
    <ele>55.790000000000006</ele>
   </trkpt>
   <trkpt lat="12.650684672135739" lon="99.84799063830603">
    <ele>55.46</ele>
   </trkpt>
   <trkpt lat="12.65151733629972" lon="99.84832531807047">
    <ele>55.43000000000001</ele>
   </trkpt>
   <trkpt lat="12.65235" lon="99.84866000000001">
    <ele>55.370000000000005</ele>
   </trkpt>
   <trkpt lat="12.652700000000001" lon="99.84885000000001">
    <ele>54.92</ele>
   </trkpt>
   <trkpt lat="12.653020000000001" lon="99.84908000000001">
    <ele>54.59</ele>
   </trkpt>
   <trkpt lat="12.653210000000001" lon="99.84930000000001">
    <ele>54.55</ele>
   </trkpt>
   <trkpt lat="12.653200000000002" lon="99.84930000000001">
    <ele>54.55</ele>
   </trkpt>
   <trkpt lat="12.653720001406182" lon="99.84991666413885">
    <ele>53.88</ele>
   </trkpt>
   <trkpt lat="12.654240001393765" lon="99.85053333079074">
    <ele>53.51</ele>
   </trkpt>
   <trkpt lat="12.654760000000001" lon="99.85115">
    <ele>54.720000000000006</ele>
   </trkpt>
   <trkpt lat="12.654755001316426" lon="99.85031000002218">
    <ele>54.400000000000006</ele>
   </trkpt>
   <trkpt lat="12.654750000000002" lon="99.84947000000001">
    <ele>54.78</ele>
   </trkpt>
   <trkpt lat="12.654764004633426" lon="99.84868200015664">
    <ele>54.61000000000001</ele>
   </trkpt>
   <trkpt lat="12.654778006950282" lon="99.84789400022677">
    <ele>54.64</ele>
   </trkpt>
   <trkpt lat="12.654792006950574" lon="99.84710600021043">
    <ele>54.650000000000006</ele>
   </trkpt>
   <trkpt lat="12.654806004634299" lon="99.84631800010766">
    <ele>54.89</ele>
   </trkpt>
   <trkpt lat="12.65482" lon="99.84553000000001">
    <ele>55.120000000000005</ele>
   </trkpt>
   <trkpt lat="12.654830003536906" lon="99.84473500009105">
    <ele>55.24</ele>
   </trkpt>
   <trkpt lat="12.654840004715897" lon="99.84394000011977">
    <ele>55.440000000000005</ele>
   </trkpt>
   <trkpt lat="12.654850003536966" lon="99.84314500008617">
    <ele>55.61000000000001</ele>
   </trkpt>
   <trkpt lat="12.654860000000001" lon="99.84235000000001">
    <ele>55.64</ele>
   </trkpt>
   <trkpt lat="12.654885000686342" lon="99.84174499997295">
    <ele>55.800000000000004</ele>
   </trkpt>
   <trkpt lat="12.654910000000001" lon="99.84114000000001">
    <ele>56.0</ele>
   </trkpt>
   <trkpt lat="12.65492" lon="99.84058">
    <ele>56.150000000000006</ele>
   </trkpt>
   <trkpt lat="12.654980000000002" lon="99.84015000000001">
    <ele>56.220000000000006</ele>
   </trkpt>
   <trkpt lat="12.655112503165913" lon="99.83939750118927">
    <ele>56.36000000000001</ele>
   </trkpt>
   <trkpt lat="12.65524500421924" lon="99.838645001597">
    <ele>56.56</ele>
   </trkpt>
   <trkpt lat="12.655377503159954" lon="99.83789250122325">
    <ele>56.7</ele>
   </trkpt>
   <trkpt lat="12.655510000000001" lon="99.83714">
    <ele>56.900000000000006</ele>
   </trkpt>
   <trkpt lat="12.65563750345189" lon="99.83635500115702">
    <ele>57.31</ele>
   </trkpt>
   <trkpt lat="12.655765004604676" lon="99.83557000152952">
    <ele>57.57</ele>
   </trkpt>
   <trkpt lat="12.655892503458334" lon="99.8347850011175">
    <ele>57.82</ele>
   </trkpt>
   <trkpt lat="12.656020000000002" lon="99.834">
    <ele>58.0</ele>
   </trkpt>
   <trkpt lat="12.65618000147222" lon="99.8331100005886">
    <ele>58.220000000000006</ele>
   </trkpt>
   <trkpt lat="12.656340000000002" lon="99.83222">
    <ele>58.32</ele>
   </trkpt>
   <trkpt lat="12.656410000000001" lon="99.83200000000001">
    <ele>58.46</ele>
   </trkpt>
   <trkpt lat="12.656650000538743" lon="99.83146000051981">
    <ele>58.53</ele>
   </trkpt>
   <trkpt lat="12.65689" lon="99.83092">
    <ele>58.75</ele>
   </trkpt>
   <trkpt lat="12.65727" lon="99.83015">
    <ele>59.03000000000001</ele>
   </trkpt>
   <trkpt lat="12.65751666787832" lon="99.82958000110386">
    <ele>59.06</ele>
   </trkpt>
   <trkpt lat="12.65776333454429" lon="99.82901000110552">
    <ele>59.24000000000001</ele>
   </trkpt>
   <trkpt lat="12.65801" lon="99.82844000000001">
    <ele>59.45</ele>
   </trkpt>
   <trkpt lat="12.658200000451025" lon="99.82796500027865">
    <ele>59.620000000000005</ele>
   </trkpt>
   <trkpt lat="12.65839" lon="99.82749000000001">
    <ele>59.95</ele>
   </trkpt>
   <trkpt lat="12.658570000418361" lon="99.82699000048645">
    <ele>60.10000000000001</ele>
   </trkpt>
   <trkpt lat="12.658750000000001" lon="99.82649">
    <ele>60.29</ele>
   </trkpt>
   <trkpt lat="12.65891" lon="99.82598">
    <ele>60.64000000000001</ele>
   </trkpt>
   <trkpt lat="12.65914" lon="99.82515000000001">
    <ele>61.03000000000001</ele>
   </trkpt>
   <trkpt lat="12.65984" lon="99.8254">
    <ele>60.10000000000001</ele>
   </trkpt>
   <trkpt lat="12.66018" lon="99.82548000000001">
    <ele>60.07000000000001</ele>
   </trkpt>
   <trkpt lat="12.660940000048093" lon="99.82560333259688">
    <ele>60.17000000000001</ele>
   </trkpt>
   <trkpt lat="12.661700000039417" lon="99.8257266659288">
    <ele>59.88</ele>
   </trkpt>
   <trkpt lat="12.662460000000001" lon="99.82585">
    <ele>59.7</ele>
   </trkpt>
   <trkpt lat="12.663093333402191" lon="99.8259699994068">
    <ele>59.68</ele>
   </trkpt>
   <trkpt lat="12.663726666750627" lon="99.82608999940965">
    <ele>59.71000000000001</ele>
   </trkpt>
   <trkpt lat="12.66436" lon="99.82621">
    <ele>59.43</ele>
   </trkpt>
   <trkpt lat="12.66482" lon="99.82631">
    <ele>58.88</ele>
   </trkpt>
   <trkpt lat="12.66543" lon="99.82648">
    <ele>58.650000000000006</ele>
   </trkpt>
   <trkpt lat="12.66615500019954" lon="99.82680999905985">
    <ele>58.17</ele>
   </trkpt>
   <trkpt lat="12.66688" lon="99.82714000000001">
    <ele>58.190000000000005</ele>
   </trkpt>
   <trkpt lat="12.666860000000002" lon="99.82714000000001">
    <ele>58.18</ele>
   </trkpt>
   <trkpt lat="12.66734000010351" lon="99.82735999959179">
    <ele>58.14</ele>
   </trkpt>
   <trkpt lat="12.66782" lon="99.82758000000001">
    <ele>58.09</ele>
   </trkpt>
   <trkpt lat="12.668520000000001" lon="99.82780000000001">
    <ele>57.940000000000005</ele>
   </trkpt>
   <trkpt lat="12.669020000000002" lon="99.82785000000001">
    <ele>57.84</ele>
   </trkpt>
   <trkpt lat="12.66919" lon="99.82783">
    <ele>57.800000000000004</ele>
   </trkpt>
   <trkpt lat="12.669619999898929" lon="99.827690000281">
    <ele>57.59</ele>
   </trkpt>
   <trkpt lat="12.670050000000002" lon="99.82755">
    <ele>57.42</ele>
   </trkpt>
   <trkpt lat="12.67032" lon="99.82744000000001">
    <ele>57.32</ele>
   </trkpt>
   <trkpt lat="12.671110001037098" lon="99.82717667319793">
    <ele>57.0</ele>
   </trkpt>
   <trkpt lat="12.671900001815194" lon="99.82691334476323">
    <ele>56.85</ele>
   </trkpt>
   <trkpt lat="12.672690002334264" lon="99.82665001469579">
    <ele>56.7</ele>
   </trkpt>
   <trkpt lat="12.673480002594294" lon="99.8263866829955">
    <ele>56.67</ele>
   </trkpt>
   <trkpt lat="12.67427000259526" lon="99.82612334966224">
    <ele>56.510000000000005</ele>
   </trkpt>
   <trkpt lat="12.675060002337155" lon="99.82586001469592">
    <ele>56.56</ele>
   </trkpt>
   <trkpt lat="12.67585000181995" lon="99.82559667809637">
    <ele>56.38</ele>
   </trkpt>
   <trkpt lat="12.676640001043628" lon="99.82533333986355">
    <ele>55.99</ele>
   </trkpt>
   <trkpt lat="12.677430000000001" lon="99.82507000000001">
    <ele>55.86000000000001</ele>
   </trkpt>
   <trkpt lat="12.678153333560623" lon="99.82483666798436">
    <ele>55.410000000000004</ele>
   </trkpt>
   <trkpt lat="12.678876666917779" lon="99.82460333464334">
    <ele>55.31</ele>
   </trkpt>
   <trkpt lat="12.6796" lon="99.82437">
    <ele>55.690000000000005</ele>
   </trkpt>
   <trkpt lat="12.68045000038435" lon="99.82411000260211">
    <ele>55.540000000000006</ele>
   </trkpt>
   <trkpt lat="12.681300000516028" lon="99.82385000346848">
    <ele>55.34</ele>
   </trkpt>
   <trkpt lat="12.682150000395014" lon="99.82359000259899">
    <ele>55.27</ele>
   </trkpt>
   <trkpt lat="12.683000000000002" lon="99.82333000000001">
    <ele>54.85</ele>
   </trkpt>
   <trkpt lat="12.683796000425883" lon="99.82309000300333">
    <ele>54.95</ele>
   </trkpt>
   <trkpt lat="12.68459200063642" lon="99.82285000450585">
    <ele>54.68000000000001</ele>
   </trkpt>
   <trkpt lat="12.685388000631592" lon="99.8226100045074">
    <ele>54.98</ele>
   </trkpt>
   <trkpt lat="12.686184000411393" lon="99.82237000300792">
    <ele>54.71</ele>
   </trkpt>
   <trkpt lat="12.686980000000002" lon="99.82213">
    <ele>54.470000000000006</ele>
   </trkpt>
   <trkpt lat="12.687762500203322" lon="99.82192000194897">
    <ele>54.55</ele>
   </trkpt>
   <trkpt lat="12.688545000241719" lon="99.8217100026066">
    <ele>55.32</ele>
   </trkpt>
   <trkpt lat="12.68932750011518" lon="99.82150000197272">
    <ele>55.1</ele>
   </trkpt>
   <trkpt lat="12.69011" lon="99.82129">
    <ele>54.92</ele>
   </trkpt>
   <trkpt lat="12.690710000332608" lon="99.82100000135905">
    <ele>54.68000000000001</ele>
   </trkpt>
   <trkpt lat="12.691310000350631" lon="99.82071000135036">
    <ele>54.46</ele>
   </trkpt>
   <trkpt lat="12.691910000000002" lon="99.82042000000001">
    <ele>54.27</ele>
   </trkpt>
   <trkpt lat="12.692507500631605" lon="99.82009000231398">
    <ele>54.150000000000006</ele>
   </trkpt>
   <trkpt lat="12.693105000855805" lon="99.81976000307782">
    <ele>53.85</ele>
   </trkpt>
   <trkpt lat="12.693702500672584" lon="99.81943000229143">
    <ele>54.050000000000004</ele>
   </trkpt>
   <trkpt lat="12.694300000000002" lon="99.8191">
    <ele>54.1</ele>
   </trkpt>
   <trkpt lat="12.694823333743164" lon="99.81879666787694">
    <ele>53.99</ele>
   </trkpt>
   <trkpt lat="12.695346667142049" lon="99.81849333450563">
    <ele>54.14000000000001</ele>
   </trkpt>
   <trkpt lat="12.695870000000001" lon="99.81819">
    <ele>54.830000000000005</ele>
   </trkpt>
   <trkpt lat="12.696370000000002" lon="99.81781000000001">
    <ele>55.730000000000004</ele>
   </trkpt>
   <trkpt lat="12.696800000000001" lon="99.81765000000001">
    <ele>55.64</ele>
   </trkpt>
   <trkpt lat="12.697573333465717" lon="99.8174466679093">
    <ele>55.99</ele>
   </trkpt>
   <trkpt lat="12.698346666776702" lon="99.81724333458186">
    <ele>56.43000000000001</ele>
   </trkpt>
   <trkpt lat="12.69912" lon="99.81704">
    <ele>56.74</ele>
   </trkpt>
   <trkpt lat="12.699470000000002" lon="99.8169">
    <ele>56.81</ele>
   </trkpt>
   <trkpt lat="12.700270000097756" lon="99.81671333451577">
    <ele>57.040000000000006</ele>
   </trkpt>
   <trkpt lat="12.70107000006508" lon="99.81652666785675">
    <ele>57.61</ele>
   </trkpt>
   <trkpt lat="12.701870000000001" lon="99.81634000000001">
    <ele>57.92</ele>
   </trkpt>
   <trkpt lat="12.70237" lon="99.81620000000001">
    <ele>58.2</ele>
   </trkpt>
   <trkpt lat="12.702889999974643" lon="99.8160700002802">
    <ele>58.39</ele>
   </trkpt>
   <trkpt lat="12.703410000000002" lon="99.81594000000001">
    <ele>58.7</ele>
   </trkpt>
   <trkpt lat="12.703690000000002" lon="99.81588">
    <ele>58.7</ele>
   </trkpt>
   <trkpt lat="12.704485000074593" lon="99.81566500067578">
    <ele>58.940000000000005</ele>
   </trkpt>
   <trkpt lat="12.705280000000002" lon="99.81545000000001">
    <ele>59.18</ele>
   </trkpt>
   <trkpt lat="12.705774999862662" lon="99.81533000027359">
    <ele>58.870000000000005</ele>
   </trkpt>
   <trkpt lat="12.706270000000002" lon="99.81521000000001">
    <ele>58.830000000000005</ele>
   </trkpt>
   <trkpt lat="12.706740000000002" lon="99.81505000000001">
    <ele>58.75</ele>
   </trkpt>
   <trkpt lat="12.707570000261159" lon="99.81471500107374">
    <ele>58.690000000000005</ele>
   </trkpt>
   <trkpt lat="12.708400000000001" lon="99.81438000000001">
    <ele>59.580000000000005</ele>
   </trkpt>
   <trkpt lat="12.70851" lon="99.8143">
    <ele>59.68</ele>
   </trkpt>
   <trkpt lat="12.708580000000001" lon="99.81420000000001">
    <ele>59.730000000000004</ele>
   </trkpt>
   <trkpt lat="12.70915500186814" lon="99.81477749607294">
    <ele>59.660000000000004</ele>
   </trkpt>
   <trkpt lat="12.709730002487083" lon="99.81535499476">
    <ele>60.10000000000001</ele>
   </trkpt>
   <trkpt lat="12.710305001856758" lon="99.81593249606131">
    <ele>60.54</ele>
   </trkpt>
   <trkpt lat="12.710880000000001" lon="99.81651000000001">
    <ele>61.34</ele>
   </trkpt>
   <trkpt lat="12.711500001552995" lon="99.81715999679547">
    <ele>61.74</ele>
   </trkpt>
   <trkpt lat="12.712120001523175" lon="99.81780999676411">
    <ele>62.14000000000001</ele>
   </trkpt>
   <trkpt lat="12.712740000000002" lon="99.81846">
    <ele>62.620000000000005</ele>
   </trkpt>
   <trkpt lat="12.713320000813033" lon="99.81911499851464">
    <ele>63.07</ele>
   </trkpt>
   <trkpt lat="12.7139" lon="99.81977">
    <ele>63.96</ele>
   </trkpt>
   <trkpt lat="12.714220000000001" lon="99.82023000000001">
    <ele>64.10000000000001</ele>
   </trkpt>
   <trkpt lat="12.71438" lon="99.82059000000001">
    <ele>64.46000000000001</ele>
   </trkpt>
   <trkpt lat="12.714490000000001" lon="99.82106">
    <ele>64.57000000000001</ele>
   </trkpt>
   <trkpt lat="12.714630000945338" lon="99.82177999946968">
    <ele>65.37</ele>
   </trkpt>
   <trkpt lat="12.714770000000001" lon="99.8225">
    <ele>66.07000000000001</ele>
   </trkpt>
   <trkpt lat="12.71493500146707" lon="99.82337999951419">
    <ele>67.15</ele>
   </trkpt>
   <trkpt lat="12.715100000000001" lon="99.82426000000001">
    <ele>67.43</ele>
   </trkpt>
   <trkpt lat="12.715203334771546" lon="99.82487999948177">
    <ele>67.31</ele>
   </trkpt>
   <trkpt lat="12.715306668102611" lon="99.82549999946812">
    <ele>67.49000000000001</ele>
   </trkpt>
   <trkpt lat="12.71541" lon="99.82612">
    <ele>68.45</ele>
   </trkpt>
   <trkpt lat="12.715553335566746" lon="99.82689333241855">
    <ele>69.58</ele>
   </trkpt>
   <trkpt lat="12.71569666889236" lon="99.82766666571018">
    <ele>70.11</ele>
   </trkpt>
   <trkpt lat="12.715840000000002" lon="99.82844000000001">
    <ele>72.2</ele>
   </trkpt>
   <trkpt lat="12.715930000406141" lon="99.82889999988629">
    <ele>73.00000000000001</ele>
   </trkpt>
   <trkpt lat="12.71602" lon="99.82936000000001">
    <ele>73.95</ele>
   </trkpt>
   <trkpt lat="12.71622000196649" lon="99.83008666547673">
    <ele>74.3</ele>
   </trkpt>
   <trkpt lat="12.71642000195407" lon="99.83081333209822">
    <ele>74.95</ele>
   </trkpt>
   <trkpt lat="12.71662" lon="99.83154">
    <ele>75.68</ele>
   </trkpt>
   <trkpt lat="12.71683183151894" lon="99.83238362932335">
    <ele>76.43</ele>
   </trkpt>
   <trkpt lat="12.717043660370527" lon="99.83322726005441">
    <ele>76.87</ele>
   </trkpt>
   <trkpt lat="12.717255486554716" lon="99.8340708921932">
    <ele>77.22000000000001</ele>
   </trkpt>
   <trkpt lat="12.71746731007145" lon="99.83491452573975">
    <ele>77.31</ele>
   </trkpt>
   <trkpt lat="12.717679130920686" lon="99.83575816069403">
    <ele>78.0</ele>
   </trkpt>
   <trkpt lat="12.717890949102369" lon="99.83660179705608">
    <ele>79.81</ele>
   </trkpt>
   <trkpt lat="12.71810276461645" lon="99.83744543482591">
    <ele>80.88000000000001</ele>
   </trkpt>
   <trkpt lat="12.718314577462879" lon="99.83828907400351">
    <ele>82.13000000000001</ele>
   </trkpt>
   <trkpt lat="12.718526387641603" lon="99.83913271458889">
    <ele>82.85000000000001</ele>
   </trkpt>
   <trkpt lat="12.718738195152579" lon="99.83997635658208">
    <ele>83.67</ele>
   </trkpt>
   <trkpt lat="12.718950000000001" lon="99.84082000000001">
    <ele>84.89</ele>
   </trkpt>
   <trkpt lat="12.719100000846394" lon="99.84148499968495">
    <ele>86.01</ele>
   </trkpt>
   <trkpt lat="12.71925" lon="99.84215">
    <ele>86.72</ele>
   </trkpt>
   <trkpt lat="12.719345000616789" lon="99.84271999983379">
    <ele>87.11</ele>
   </trkpt>
   <trkpt lat="12.71944" lon="99.84329000000001">
    <ele>87.81000000000002</ele>
   </trkpt>
   <trkpt lat="12.71953000186754" lon="99.84399666613102">
    <ele>88.43</ele>
   </trkpt>
   <trkpt lat="12.71962000186315" lon="99.84470333276315">
    <ele>88.83</ele>
   </trkpt>
   <trkpt lat="12.719710000000001" lon="99.84541">
    <ele>89.26</ele>
   </trkpt>
   <trkpt lat="12.719830000000002" lon="99.846">
    <ele>89.77</ele>
   </trkpt>
   <trkpt lat="12.719930000000002" lon="99.84627">
    <ele>90.3</ele>
   </trkpt>
   <trkpt lat="12.720060000000002" lon="99.84647000000001">
    <ele>90.39000000000001</ele>
   </trkpt>
   <trkpt lat="12.720070000000002" lon="99.84648000000001">
    <ele>90.4</ele>
   </trkpt>
   <trkpt lat="12.72029" lon="99.84683000000001">
    <ele>91.07000000000001</ele>
   </trkpt>
   <trkpt lat="12.720600000396011" lon="99.8472649995267">
    <ele>91.25000000000001</ele>
   </trkpt>
   <trkpt lat="12.720910000000002" lon="99.8477">
    <ele>91.87</ele>
   </trkpt>
   <trkpt lat="12.720970000000001" lon="99.84790000000001">
    <ele>91.87</ele>
   </trkpt>
   <trkpt lat="12.721010000000001" lon="99.84813000000001">
    <ele>91.98</ele>
   </trkpt>
   <trkpt lat="12.721006668794608" lon="99.8488833332694">
    <ele>91.64000000000001</ele>
   </trkpt>
   <trkpt lat="12.721003335461642" lon="99.84963666651899">
    <ele>91.44000000000001</ele>
   </trkpt>
   <trkpt lat="12.721000000000002" lon="99.85039">
    <ele>91.24</ele>
   </trkpt>
   <trkpt lat="12.721060001929311" lon="99.85110666637323">
    <ele>91.34</ele>
   </trkpt>
   <trkpt lat="12.721120001933116" lon="99.85182333308529">
    <ele>91.57000000000001</ele>
   </trkpt>
   <trkpt lat="12.72118" lon="99.85254">
    <ele>92.09</ele>
   </trkpt>
   <trkpt lat="12.72063333442185" lon="99.85308666905325">
    <ele>92.53</ele>
   </trkpt>
   <trkpt lat="12.720086667723375" lon="99.85363333575167">
    <ele>93.52000000000001</ele>
   </trkpt>
   <trkpt lat="12.71954" lon="99.85418000000001">
    <ele>94.38000000000001</ele>
   </trkpt>
   <trkpt lat="12.718910001410551" lon="99.85478666964799">
    <ele>96.17</ele>
   </trkpt>
   <trkpt lat="12.718280001441533" lon="99.85539333628473">
    <ele>98.19000000000001</ele>
   </trkpt>
   <trkpt lat="12.71765" lon="99.85600000000001">
    <ele>98.04</ele>
   </trkpt>
   <trkpt lat="12.717350000000001" lon="99.85623000000001">
    <ele>97.67</ele>
   </trkpt>
   <trkpt lat="12.717020000000002" lon="99.85642000000001">
    <ele>96.96000000000001</ele>
   </trkpt>
   <trkpt lat="12.716205000486696" lon="99.85672000289583">
    <ele>95.56</ele>
   </trkpt>
   <trkpt lat="12.715390000636098" lon="99.85702000386573">
    <ele>88.96000000000001</ele>
   </trkpt>
   <trkpt lat="12.714575000448237" lon="99.85732000290982">
    <ele>85.92</ele>
   </trkpt>
   <trkpt lat="12.71376" lon="99.85762000000001">
    <ele>81.25</ele>
   </trkpt>
   <trkpt lat="12.712940000122666" lon="99.85789000087632">
    <ele>79.47000000000001</ele>
   </trkpt>
   <trkpt lat="12.71212" lon="99.85816000000001">
    <ele>77.84</ele>
   </trkpt>
   <trkpt lat="12.711620000000002" lon="99.85836">
    <ele>76.51</ele>
   </trkpt>
   <trkpt lat="12.710868573006245" lon="99.85873429235518">
    <ele>75.21000000000001</ele>
   </trkpt>
   <trkpt lat="12.710117145487676" lon="99.85910858249594">
    <ele>75.28</ele>
   </trkpt>
   <trkpt lat="12.709365717444326" lon="99.85948287042235">
    <ele>72.96000000000001</ele>
   </trkpt>
   <trkpt lat="12.708614288876236" lon="99.85985715613465">
    <ele>71.45</ele>
   </trkpt>
   <trkpt lat="12.707862859783434" lon="99.86023143963295">
    <ele>70.12</ele>
   </trkpt>
   <trkpt lat="12.707111430165961" lon="99.86060572091739">
    <ele>69.04</ele>
   </trkpt>
   <trkpt lat="12.706360000000002" lon="99.86098000000001">
    <ele>68.27000000000001</ele>
   </trkpt>
   <trkpt lat="12.70559000159511" lon="99.86135572111093">
    <ele>67.5</ele>
   </trkpt>
   <trkpt lat="12.704820002661595" lon="99.86173143994499">
    <ele>67.03</ele>
   </trkpt>
   <trkpt lat="12.704050003199496" lon="99.86210715650233">
    <ele>66.60000000000001</ele>
   </trkpt>
   <trkpt lat="12.703280003208844" lon="99.86248287078314">
    <ele>65.48</ele>
   </trkpt>
   <trkpt lat="12.70251000268968" lon="99.86285858278754">
    <ele>64.72</ele>
   </trkpt>
   <trkpt lat="12.701740001642037" lon="99.86323429251574">
    <ele>63.97</ele>
   </trkpt>
   <trkpt lat="12.700970000000002" lon="99.86361000000001">
    <ele>63.0</ele>
   </trkpt>
   <trkpt lat="12.700330000538246" lon="99.86393000243496">
    <ele>62.37</ele>
   </trkpt>
   <trkpt lat="12.699690000693181" lon="99.86425000325877">
    <ele>61.75000000000001</ele>
   </trkpt>
   <trkpt lat="12.699050000464824" lon="99.86457000247157">
    <ele>60.81</ele>
   </trkpt>
   <trkpt lat="12.69841" lon="99.86489">
    <ele>60.25000000000001</ele>
   </trkpt>
   <trkpt lat="12.697680000730315" lon="99.86525250312548">
    <ele>58.800000000000004</ele>
   </trkpt>
   <trkpt lat="12.696950000968837" lon="99.86561500416964">
    <ele>57.940000000000005</ele>
   </trkpt>
   <trkpt lat="12.69622000071559" lon="99.86597750313264">
    <ele>57.35</ele>
   </trkpt>
   <trkpt lat="12.695490000000001" lon="99.86634000000001">
    <ele>56.85</ele>
   </trkpt>
   <trkpt lat="12.69474500027666" lon="99.86668500098551">
    <ele>56.24</ele>
   </trkpt>
   <trkpt lat="12.694" lon="99.86703000000001">
    <ele>56.0</ele>
   </trkpt>
   <trkpt lat="12.693850000000001" lon="99.86708">
    <ele>55.940000000000005</ele>
   </trkpt>
   <trkpt lat="12.693690000000002" lon="99.86720000000001">
    <ele>55.980000000000004</ele>
   </trkpt>
   <trkpt lat="12.693020000827564" lon="99.86753000347016">
    <ele>56.75</ele>
   </trkpt>
   <trkpt lat="12.692350001247704" lon="99.86786000520199">
    <ele>58.5</ele>
   </trkpt>
   <trkpt lat="12.691680001260437" lon="99.86819000519561">
    <ele>60.660000000000004</ele>
   </trkpt>
   <trkpt lat="12.691010000865793" lon="99.86852000345111">
    <ele>61.51</ele>
   </trkpt>
   <trkpt lat="12.69034" lon="99.86885000000001">
    <ele>61.4</ele>
   </trkpt>
   <trkpt lat="12.689800000215907" lon="99.86911500052088">
    <ele>61.35</ele>
   </trkpt>
   <trkpt lat="12.68926" lon="99.86938">
    <ele>61.32000000000001</ele>
   </trkpt>
   <trkpt lat="12.688704999944878" lon="99.86963500063736">
    <ele>61.24</ele>
   </trkpt>
   <trkpt lat="12.68815" lon="99.86989000000001">
    <ele>60.65</ele>
   </trkpt>
   <trkpt lat="12.687780000000002" lon="99.87013">
    <ele>59.95</ele>
   </trkpt>
   <trkpt lat="12.68722666692741" lon="99.87041000123394">
    <ele>59.410000000000004</ele>
   </trkpt>
   <trkpt lat="12.686673333561629" lon="99.87069000125032">
    <ele>58.830000000000005</ele>
   </trkpt>
   <trkpt lat="12.68612" lon="99.87097000000001">
    <ele>58.050000000000004</ele>
   </trkpt>
   <trkpt lat="12.685896667883787" lon="99.8715433343703">
    <ele>57.230000000000004</ele>
   </trkpt>
   <trkpt lat="12.685673334538428" lon="99.87211666773449">
    <ele>56.86000000000001</ele>
   </trkpt>
   <trkpt lat="12.685450000000001" lon="99.87269">
    <ele>56.38</ele>
   </trkpt>
   <trkpt lat="12.685350000000001" lon="99.87310000000001">
    <ele>56.080000000000005</ele>
   </trkpt>
   <trkpt lat="12.685340000000002" lon="99.87377000000001">
    <ele>55.38</ele>
   </trkpt>
   <trkpt lat="12.68529" lon="99.87413000000001">
    <ele>55.14</ele>
   </trkpt>
   <trkpt lat="12.685080000000001" lon="99.87438">
    <ele>54.74</ele>
   </trkpt>
   <trkpt lat="12.684546667632036" lon="99.87489000214377">
    <ele>53.77</ele>
   </trkpt>
   <trkpt lat="12.684013334291574" lon="99.87540000215056">
    <ele>53.07000000000001</ele>
   </trkpt>
   <trkpt lat="12.683480000000001" lon="99.87591">
    <ele>52.57000000000001</ele>
   </trkpt>
   <trkpt lat="12.682926002051481" lon="99.87643400456204">
    <ele>52.300000000000004</ele>
   </trkpt>
   <trkpt lat="12.682372003076457" lon="99.87695800684365">
    <ele>52.4</ele>
   </trkpt>
   <trkpt lat="12.681818003074975" lon="99.8774820068449">
    <ele>52.52</ele>
   </trkpt>
   <trkpt lat="12.68126400204709" lon="99.8780060045659">
    <ele>52.46000000000001</ele>
   </trkpt>
   <trkpt lat="12.680710000000001" lon="99.87853000000001">
    <ele>52.660000000000004</ele>
   </trkpt>
   <trkpt lat="12.680090003016176" lon="99.87909834025315">
    <ele>52.57000000000001</ele>
   </trkpt>
   <trkpt lat="12.679470004825045" lon="99.87966667773884">
    <ele>52.71000000000001</ele>
   </trkpt>
   <trkpt lat="12.678850005426673" lon="99.88023501245725">
    <ele>52.65</ele>
   </trkpt>
   <trkpt lat="12.67823000482113" lon="99.88080334440855">
    <ele>52.56</ele>
   </trkpt>
   <trkpt lat="12.677610003008482" lon="99.88137167359282">
    <ele>52.43000000000001</ele>
   </trkpt>
   <trkpt lat="12.676990000000002" lon="99.88194000000001">
    <ele>53.160000000000004</ele>
   </trkpt>
   <trkpt lat="12.676900000000002" lon="99.88212000000001">
    <ele>53.35</ele>
   </trkpt>
   <trkpt lat="12.676440000000001" lon="99.88256000000001">
    <ele>53.900000000000006</ele>
   </trkpt>
   <trkpt lat="12.675820000000002" lon="99.88314000000001">
    <ele>53.230000000000004</ele>
   </trkpt>
   <trkpt lat="12.675640000000001" lon="99.88323000000001">
    <ele>53.230000000000004</ele>
   </trkpt>
   <trkpt lat="12.675070000000002" lon="99.88374">
    <ele>53.470000000000006</ele>
   </trkpt>
   <trkpt lat="12.674453642470796" lon="99.8843118320139">
    <ele>54.43000000000001</ele>
   </trkpt>
   <trkpt lat="12.673837283719914" lon="99.884883661261">
    <ele>56.03</ele>
   </trkpt>
   <trkpt lat="12.67322092374742" lon="99.88545548774141">
    <ele>57.68</ele>
   </trkpt>
   <trkpt lat="12.67260456255338" lon="99.88602731145532">
    <ele>59.17000000000001</ele>
   </trkpt>
   <trkpt lat="12.671988200137859" lon="99.88659913240285">
    <ele>60.38</ele>
   </trkpt>
   <trkpt lat="12.671371836500931" lon="99.88717095058415">
    <ele>62.01</ele>
   </trkpt>
   <trkpt lat="12.670755471642659" lon="99.88774276599936">
    <ele>62.75</ele>
   </trkpt>
   <trkpt lat="12.670139105563115" lon="99.88831457864865">
    <ele>65.14999999999999</ele>
   </trkpt>
   <trkpt lat="12.669522738262357" lon="99.88888638853213">
    <ele>66.81</ele>
   </trkpt>
   <trkpt lat="12.668906369740462" lon="99.88945819564998">
    <ele>68.26</ele>
   </trkpt>
   <trkpt lat="12.66829" lon="99.89003000000001">
    <ele>69.84</ele>
   </trkpt>
   <trkpt lat="12.668050000000001" lon="99.89025000000001">
    <ele>70.72</ele>
   </trkpt>
   <trkpt lat="12.66759" lon="99.89081">
    <ele>72.38</ele>
   </trkpt>
   <trkpt lat="12.66755" lon="99.89098000000001">
    <ele>72.67000000000002</ele>
   </trkpt>
   <trkpt lat="12.667575000495983" lon="99.89148500035087">
    <ele>73.42</ele>
   </trkpt>
   <trkpt lat="12.6676" lon="99.89199">
    <ele>74.68</ele>
   </trkpt>
   <trkpt lat="12.667640687714913" lon="99.89288733132983">
    <ele>75.46</ele>
   </trkpt>
   <trkpt lat="12.667681372422992" lon="99.8937846629461">
    <ele>74.68</ele>
   </trkpt>
   <trkpt lat="12.667722054124217" lon="99.8946819948488">
    <ele>69.87</ele>
   </trkpt>
   <trkpt lat="12.667762732818584" lon="99.89557932703791">
    <ele>67.16000000000001</ele>
   </trkpt>
   <trkpt lat="12.66780340850608" lon="99.89647665951338">
    <ele>62.400000000000006</ele>
   </trkpt>
   <trkpt lat="12.667844081186693" lon="99.89737399227522">
    <ele>59.28000000000001</ele>
   </trkpt>
   <trkpt lat="12.66788475086041" lon="99.8982713253234">
    <ele>58.620000000000005</ele>
   </trkpt>
   <trkpt lat="12.667925417527222" lon="99.8991686586579">
    <ele>58.95</ele>
   </trkpt>
   <trkpt lat="12.667966081187119" lon="99.90006599227873">
    <ele>59.300000000000004</ele>
   </trkpt>
   <trkpt lat="12.668006741840093" lon="99.9009633261858">
    <ele>60.08</ele>
   </trkpt>
   <trkpt lat="12.668047399486127" lon="99.90186066037916">
    <ele>60.14000000000001</ele>
   </trkpt>
   <trkpt lat="12.668088054125212" lon="99.90275799485876">
    <ele>58.07</ele>
   </trkpt>
   <trkpt lat="12.668128705757338" lon="99.90365532962458">
    <ele>55.470000000000006</ele>
   </trkpt>
   <trkpt lat="12.668169354382496" lon="99.90455266467659">
    <ele>53.01</ele>
   </trkpt>
   <trkpt lat="12.66821" lon="99.90545">
    <ele>50.99000000000001</ele>
   </trkpt>
   <trkpt lat="12.668256669301048" lon="99.90628999968101">
    <ele>49.150000000000006</ele>
   </trkpt>
   <trkpt lat="12.668303335967082" lon="99.90712999966958">
    <ele>49.0</ele>
   </trkpt>
   <trkpt lat="12.66835" lon="99.90797">
    <ele>50.400000000000006</ele>
   </trkpt>
   <trkpt lat="12.667576666697288" lon="99.90800333353444">
    <ele>50.690000000000005</ele>
   </trkpt>
   <trkpt lat="12.666803333390433" lon="99.90803666686662">
    <ele>52.620000000000005</ele>
   </trkpt>
   <trkpt lat="12.666030000000001" lon="99.90807000000001">
    <ele>56.02</ele>
   </trkpt>
   <trkpt lat="12.66567" lon="99.90813000000001">
    <ele>56.71</ele>
   </trkpt>
   <trkpt lat="12.665215000027889" lon="99.90833000037749">
    <ele>57.95</ele>
   </trkpt>
   <trkpt lat="12.664760000000001" lon="99.90853000000001">
    <ele>58.120000000000005</ele>
   </trkpt>
   <trkpt lat="12.664135000028956" lon="99.90879500069286">
    <ele>57.38000000000001</ele>
   </trkpt>
   <trkpt lat="12.66351" lon="99.90906000000001">
    <ele>56.24</ele>
   </trkpt>
   <trkpt lat="12.663200000000002" lon="99.90925000000001">
    <ele>55.46</ele>
   </trkpt>
   <trkpt lat="12.662780000162957" lon="99.90962500070646">
    <ele>53.76</ele>
   </trkpt>
   <trkpt lat="12.662360000000001" lon="99.91000000000001">
    <ele>52.63</ele>
   </trkpt>
   <trkpt lat="12.661990000000001" lon="99.91040000000001">
    <ele>51.2</ele>
   </trkpt>
   <trkpt lat="12.66167" lon="99.91077000000001">
    <ele>50.43</ele>
   </trkpt>
   <trkpt lat="12.661280000000001" lon="99.91114">
    <ele>49.480000000000004</ele>
   </trkpt>
   <trkpt lat="12.66112" lon="99.91124">
    <ele>49.36</ele>
   </trkpt>
   <trkpt lat="12.66064" lon="99.91143000000001">
    <ele>49.43</ele>
   </trkpt>
   <trkpt lat="12.6605" lon="99.91151">
    <ele>49.650000000000006</ele>
   </trkpt>
   <trkpt lat="12.66041" lon="99.9116">
    <ele>49.690000000000005</ele>
   </trkpt>
   <trkpt lat="12.660340000000001" lon="99.91173">
    <ele>49.7</ele>
   </trkpt>
   <trkpt lat="12.660110000000001" lon="99.91229000000001">
    <ele>49.67</ele>
   </trkpt>
   <trkpt lat="12.659980000000001" lon="99.91245">
    <ele>49.67</ele>
   </trkpt>
   <trkpt lat="12.659830000000001" lon="99.91261000000002">
    <ele>49.63000000000001</ele>
   </trkpt>
   <trkpt lat="12.659370000000001" lon="99.91256000000001">
    <ele>50.11</ele>
   </trkpt>
   <trkpt lat="12.659" lon="99.91254">
    <ele>50.52</ele>
   </trkpt>
   <trkpt lat="12.65858" lon="99.91263000000001">
    <ele>51.04</ele>
   </trkpt>
   <trkpt lat="12.658290000000001" lon="99.91263000000001">
    <ele>51.7</ele>
   </trkpt>
   <trkpt lat="12.657890000000002" lon="99.91259000000001">
    <ele>52.39000000000001</ele>
   </trkpt>
   <trkpt lat="12.65731" lon="99.91271">
    <ele>52.300000000000004</ele>
   </trkpt>
   <trkpt lat="12.656670000000002" lon="99.91268000000001">
    <ele>51.86</ele>
   </trkpt>
   <trkpt lat="12.656500000000001" lon="99.91273000000001">
    <ele>51.440000000000005</ele>
   </trkpt>
   <trkpt lat="12.656270000000001" lon="99.91287000000001">
    <ele>51.06</ele>
   </trkpt>
   <trkpt lat="12.655860000061226" lon="99.913075000338">
    <ele>50.53</ele>
   </trkpt>
   <trkpt lat="12.655450000000002" lon="99.91328000000001">
    <ele>49.480000000000004</ele>
   </trkpt>
   <trkpt lat="12.655170000000002" lon="99.91353000000001">
    <ele>48.480000000000004</ele>
   </trkpt>
   <trkpt lat="12.654840000250726" lon="99.91385000035592">
    <ele>47.36000000000001</ele>
   </trkpt>
   <trkpt lat="12.65451" lon="99.91417000000001">
    <ele>46.73</ele>
   </trkpt>
   <trkpt lat="12.65427" lon="99.91439000000001">
    <ele>46.06</ele>
   </trkpt>
   <trkpt lat="12.65403" lon="99.91452000000001">
    <ele>45.81</ele>
   </trkpt>
   <trkpt lat="12.653580000000002" lon="99.91468">
    <ele>45.52</ele>
   </trkpt>
   <trkpt lat="12.65343" lon="99.91478000000001">
    <ele>45.34</ele>
   </trkpt>
   <trkpt lat="12.653160000000002" lon="99.91501000000001">
    <ele>45.300000000000004</ele>
   </trkpt>
   <trkpt lat="12.653" lon="99.91509">
    <ele>45.300000000000004</ele>
   </trkpt>
   <trkpt lat="12.65262" lon="99.91518">
    <ele>45.37</ele>
   </trkpt>
   <trkpt lat="12.652370000000001" lon="99.91519000000001">
    <ele>45.37</ele>
   </trkpt>
   <trkpt lat="12.652280000000001" lon="99.9153">
    <ele>45.14000000000001</ele>
   </trkpt>
   <trkpt lat="12.652220000000002" lon="99.91545">
    <ele>45.14000000000001</ele>
   </trkpt>
   <trkpt lat="12.65221" lon="99.91596000000001">
    <ele>44.730000000000004</ele>
   </trkpt>
   <trkpt lat="12.652130000000001" lon="99.91635000000001">
    <ele>44.71000000000001</ele>
   </trkpt>
   <trkpt lat="12.6521" lon="99.91665">
    <ele>44.76</ele>
   </trkpt>
   <trkpt lat="12.652170000000002" lon="99.91709">
    <ele>44.68000000000001</ele>
   </trkpt>
   <trkpt lat="12.65215" lon="99.91745">
    <ele>44.7</ele>
   </trkpt>
   <trkpt lat="12.65197" lon="99.91769000000001">
    <ele>44.74</ele>
   </trkpt>
   <trkpt lat="12.65169" lon="99.91799">
    <ele>44.56</ele>
   </trkpt>
   <trkpt lat="12.6516" lon="99.91819000000001">
    <ele>44.300000000000004</ele>
   </trkpt>
   <trkpt lat="12.6516" lon="99.91836">
    <ele>43.97</ele>
   </trkpt>
   <trkpt lat="12.65169000075726" lon="99.91899499981331">
    <ele>41.470000000000006</ele>
   </trkpt>
   <trkpt lat="12.65178" lon="99.91963000000001">
    <ele>41.470000000000006</ele>
   </trkpt>
   <trkpt lat="12.651470000000002" lon="99.91962000000001">
    <ele>42.22</ele>
   </trkpt>
   <trkpt lat="12.65149" lon="99.91927000000001">
    <ele>46.00000000000001</ele>
   </trkpt>
   <trkpt lat="12.651010000000001" lon="99.91924">
    <ele>42.660000000000004</ele>
   </trkpt>
   <trkpt lat="12.65102" lon="99.91901000000001">
    <ele>42.57</ele>
   </trkpt>
   <trkpt lat="12.65098" lon="99.91888">
    <ele>42.52</ele>
   </trkpt>
   <trkpt lat="12.650900000000002" lon="99.91883000000001">
    <ele>42.52</ele>
   </trkpt>
   <trkpt lat="12.6508" lon="99.91882000000001">
    <ele>42.370000000000005</ele>
   </trkpt>
   <trkpt lat="12.65033" lon="99.91898">
    <ele>41.7</ele>
   </trkpt>
   <trkpt lat="12.649970000000001" lon="99.91904000000001">
    <ele>41.510000000000005</ele>
   </trkpt>
   <trkpt lat="12.649310000000002" lon="99.91912">
    <ele>41.660000000000004</ele>
   </trkpt>
   <trkpt lat="12.64872" lon="99.91915">
    <ele>43.07</ele>
   </trkpt>
   <trkpt lat="12.648620000000001" lon="99.9196">
    <ele>42.510000000000005</ele>
   </trkpt>
   <trkpt lat="12.648600000000002" lon="99.91979">
    <ele>42.510000000000005</ele>
   </trkpt>
   <trkpt lat="12.648715001527789" lon="99.92069499959786">
    <ele>41.800000000000004</ele>
   </trkpt>
   <trkpt lat="12.64883" lon="99.92160000000001">
    <ele>41.800000000000004</ele>
   </trkpt>
   <trkpt lat="12.64878" lon="99.92189">
    <ele>42.0</ele>
   </trkpt>
   <trkpt lat="12.648620000000001" lon="99.9222">
    <ele>42.02</ele>
   </trkpt>
   <trkpt lat="12.64859" lon="99.92253000000001">
    <ele>41.92</ele>
   </trkpt>
   <trkpt lat="12.648790000000002" lon="99.92273">
    <ele>41.74</ele>
   </trkpt>
   <trkpt lat="12.64901" lon="99.92282">
    <ele>41.650000000000006</ele>
   </trkpt>
   <trkpt lat="12.649595000004059" lon="99.92296999964655">
    <ele>41.27</ele>
   </trkpt>
   <trkpt lat="12.65018" lon="99.92312000000001">
    <ele>40.89</ele>
   </trkpt>
   <trkpt lat="12.6507" lon="99.92334000000001">
    <ele>40.89</ele>
   </trkpt>
   <trkpt lat="12.650970000000001" lon="99.92360000000001">
    <ele>41.07</ele>
   </trkpt>
   <trkpt lat="12.651140000000002" lon="99.92388000000001">
    <ele>40.95</ele>
   </trkpt>
   <trkpt lat="12.65122" lon="99.92413">
    <ele>40.96</ele>
   </trkpt>
   <trkpt lat="12.65127" lon="99.92478000000001">
    <ele>41.45</ele>
   </trkpt>
   <trkpt lat="12.651380000000001" lon="99.92523000000001">
    <ele>41.75</ele>
   </trkpt>
   <trkpt lat="12.65159" lon="99.92564">
    <ele>41.75</ele>
   </trkpt>
   <trkpt lat="12.65196" lon="99.92619">
    <ele>41.74</ele>
   </trkpt>
   <trkpt lat="12.6523" lon="99.92677">
    <ele>41.43</ele>
   </trkpt>
   <trkpt lat="12.65266333532505" lon="99.92749666464174">
    <ele>39.95</ele>
   </trkpt>
   <trkpt lat="12.653026668680427" lon="99.92822333135246">
    <ele>37.28</ele>
   </trkpt>
   <trkpt lat="12.653390000000002" lon="99.92895000000001">
    <ele>35.47</ele>
   </trkpt>
   <trkpt lat="12.653620000000002" lon="99.92933000000001">
    <ele>35.160000000000004</ele>
   </trkpt>
   <trkpt lat="12.653920000000001" lon="99.92964">
    <ele>34.45</ele>
   </trkpt>
   <trkpt lat="12.654160000000001" lon="99.92993000000001">
    <ele>33.5</ele>
   </trkpt>
   <trkpt lat="12.65455" lon="99.93059000000001">
    <ele>32.25</ele>
   </trkpt>
   <trkpt lat="12.654700000000002" lon="99.93077000000001">
    <ele>31.42</ele>
   </trkpt>
   <trkpt lat="12.654910000000001" lon="99.93089">
    <ele>31.13</ele>
   </trkpt>
   <trkpt lat="12.655270000000002" lon="99.93114000000001">
    <ele>31.1</ele>
   </trkpt>
   <trkpt lat="12.655520000000001" lon="99.93151">
    <ele>31.380000000000006</ele>
   </trkpt>
   <trkpt lat="12.655660000000001" lon="99.93193000000001">
    <ele>31.44</ele>
   </trkpt>
   <trkpt lat="12.655710000000001" lon="99.93233000000001">
    <ele>31.400000000000002</ele>
   </trkpt>
   <trkpt lat="12.65567" lon="99.93268">
    <ele>31.3</ele>
   </trkpt>
   <trkpt lat="12.655430001054325" lon="99.93343500073853">
    <ele>30.78</ele>
   </trkpt>
   <trkpt lat="12.655190000000001" lon="99.93419000000002">
    <ele>29.790000000000003</ele>
   </trkpt>
   <trkpt lat="12.654870002376649" lon="99.93484250246675">
    <ele>29.48</ele>
   </trkpt>
   <trkpt lat="12.654550003164902" lon="99.93549500329699">
    <ele>28.990000000000002</ele>
   </trkpt>
   <trkpt lat="12.654230002364807" lon="99.93614750249075">
    <ele>28.57</ele>
   </trkpt>
   <trkpt lat="12.653910000000002" lon="99.9368">
    <ele>27.410000000000004</ele>
   </trkpt>
   <trkpt lat="12.65357500071475" lon="99.93743000087504">
    <ele>25.080000000000002</ele>
   </trkpt>
   <trkpt lat="12.65324" lon="99.93806000000001">
    <ele>23.8</ele>
   </trkpt>
   <trkpt lat="12.652970000000002" lon="99.93834000000001">
    <ele>23.340000000000003</ele>
   </trkpt>
   <trkpt lat="12.652790000000001" lon="99.93844000000001">
    <ele>23.340000000000003</ele>
   </trkpt>
   <trkpt lat="12.652450000000002" lon="99.93854">
    <ele>22.930000000000003</ele>
   </trkpt>
   <trkpt lat="12.652450000000002" lon="99.93865000000001">
    <ele>22.7</ele>
   </trkpt>
   <trkpt lat="12.65239" lon="99.93871000000001">
    <ele>22.680000000000003</ele>
   </trkpt>
   <trkpt lat="12.652310000000002" lon="99.93872">
    <ele>22.680000000000003</ele>
   </trkpt>
   <trkpt lat="12.652220000000002" lon="99.93865000000001">
    <ele>23.24</ele>
   </trkpt>
   <trkpt lat="12.652220000000002" lon="99.93857000000001">
    <ele>23.24</ele>
   </trkpt>
   <trkpt lat="12.652230000000001" lon="99.93852000000001">
    <ele>23.24</ele>
   </trkpt>
   <trkpt lat="12.651665000058486" lon="99.93830999952634">
    <ele>24.93</ele>
   </trkpt>
   <trkpt lat="12.651100000000001" lon="99.9381">
    <ele>25.560000000000002</ele>
   </trkpt>
   <trkpt lat="12.650620000000002" lon="99.93790000000001">
    <ele>26.19</ele>
   </trkpt>
   <trkpt lat="12.650210000000001" lon="99.93767000000001">
    <ele>26.580000000000002</ele>
   </trkpt>
   <trkpt lat="12.650070000000001" lon="99.93764">
    <ele>26.37</ele>
   </trkpt>
   <trkpt lat="12.649960000000002" lon="99.93764">
    <ele>26.37</ele>
   </trkpt>
   <trkpt lat="12.64986" lon="99.93768000000001">
    <ele>26.240000000000002</ele>
   </trkpt>
   <trkpt lat="12.649740000000001" lon="99.93786000000001">
    <ele>25.640000000000004</ele>
   </trkpt>
   <trkpt lat="12.64969500050083" lon="99.93837500001897">
    <ele>24.360000000000003</ele>
   </trkpt>
   <trkpt lat="12.649650000000001" lon="99.93889000000001">
    <ele>22.990000000000002</ele>
   </trkpt>
   <trkpt lat="12.649600000000001" lon="99.93909000000001">
    <ele>22.860000000000003</ele>
   </trkpt>
   <trkpt lat="12.649510000000001" lon="99.93920000000001">
    <ele>22.840000000000003</ele>
   </trkpt>
   <trkpt lat="12.64938" lon="99.93925">
    <ele>22.9</ele>
   </trkpt>
   <trkpt lat="12.64925" lon="99.93924000000001">
    <ele>23.090000000000003</ele>
   </trkpt>
   <trkpt lat="12.6491" lon="99.93918000000001">
    <ele>23.21</ele>
   </trkpt>
   <trkpt lat="12.64902" lon="99.93909000000001">
    <ele>23.430000000000003</ele>
   </trkpt>
   <trkpt lat="12.648950000000001" lon="99.93896000000001">
    <ele>23.57</ele>
   </trkpt>
   <trkpt lat="12.648940000000001" lon="99.93879000000001">
    <ele>23.860000000000003</ele>
   </trkpt>
   <trkpt lat="12.64905" lon="99.93829000000001">
    <ele>25.51</ele>
   </trkpt>
   <trkpt lat="12.64905" lon="99.93793000000001">
    <ele>26.160000000000004</ele>
   </trkpt>
   <trkpt lat="12.64901" lon="99.93761">
    <ele>27.290000000000003</ele>
   </trkpt>
   <trkpt lat="12.648950000000001" lon="99.93734">
    <ele>28.180000000000003</ele>
   </trkpt>
   <trkpt lat="12.648840000000002" lon="99.93708000000001">
    <ele>28.560000000000002</ele>
   </trkpt>
   <trkpt lat="12.648470000000001" lon="99.93652">
    <ele>29.830000000000002</ele>
   </trkpt>
   <trkpt lat="12.648430000000001" lon="99.93638000000001">
    <ele>30.04</ele>
   </trkpt>
   <trkpt lat="12.64845" lon="99.93621">
    <ele>30.45</ele>
   </trkpt>
   <trkpt lat="12.648530000000001" lon="99.93609000000001">
    <ele>30.740000000000002</ele>
   </trkpt>
   <trkpt lat="12.64872" lon="99.93597000000001">
    <ele>31.87</ele>
   </trkpt>
   <trkpt lat="12.64883" lon="99.93593000000001">
    <ele>32.13</ele>
   </trkpt>
  </trkseg>
 </trk>
</gpx>
