<?xml version="1.0" encoding="UTF-8"?>
<gpx xmlns="http://www.topografix.com/GPX/1/1" xmlns:route="http://gpx-routes.example.com/1.0" xmlns:xsi="http://www.w3.org/2001/XMLSchema-instance" xsi:schemaLocation="http://www.topografix.com/GPX/1/1 http://www.topografix.com/GPX/1/1/gpx.xsd" version="1.1" creator="https://www.komoot.de">
  <metadata>
    <name>MHS Day2: Pai to MHS</name>
    <desc>Distance: 114.3 km | Elevation: +2529m / -2783m</desc>
    <author>
      <link href="https://www.komoot.de">
        <text>komoot</text>
        <type>text/html</type>
      </link>
    </author>
    <extensions>
      <route:distance>114.3</route:distance>
      <route:elevation>2529</route:elevation>
    </extensions>
  </metadata>
  <trk>
    <name>MHS Day2: Pai to MHS</name>
    <trkseg>
      <trkpt lat="19.355422" lon="98.438994">
        <ele>505.05375</ele>
        <time>2025-09-03T05:25:50.877000Z</time>
      </trkpt>
      <trkpt lat="19.355495" lon="98.439096">
        <ele>505.05375</ele>
        <time>2025-09-03T05:25:53.745000Z</time>
      </trkpt>
      <trkpt lat="19.355628" lon="98.439272">
        <ele>505.05375</ele>
        <time>2025-09-03T05:25:58.776000Z</time>
      </trkpt>
      <trkpt lat="19.355687" lon="98.439331">
        <ele>505.05375</ele>
        <time>2025-09-03T05:26:00.646000Z</time>
      </trkpt>
      <trkpt lat="19.355973" lon="98.439531">
        <ele>505.05375</ele>
        <time>2025-09-03T05:26:08.902000Z</time>
      </trkpt>
      <trkpt lat="19.356111" lon="98.439606">
        <ele>505.062541</ele>
        <time>2025-09-03T05:26:12.825000Z</time>
      </trkpt>
      <trkpt lat="19.356365" lon="98.439744">
        <ele>505.254717</ele>
        <time>2025-09-03T05:26:20.294000Z</time>
      </trkpt>
      <trkpt lat="19.35658" lon="98.439861">
        <ele>505.417439</ele>
        <time>2025-09-03T05:26:26.592000Z</time>
      </trkpt>
      <trkpt lat="19.356742" lon="98.439949">
        <ele>505.540003</ele>
        <time>2025-09-03T05:26:31.382000Z</time>
      </trkpt>
      <trkpt lat="19.356812" lon="98.439987">
        <ele>505.592955</ele>
        <time>2025-09-03T05:26:33.430000Z</time>
      </trkpt>
      <trkpt lat="19.357277" lon="98.440234">
        <ele>505.943153</ele>
        <time>2025-09-03T05:26:46.725000Z</time>
      </trkpt>
      <trkpt lat="19.35806" lon="98.440625">
        <ele>506.317296</ele>
        <time>2025-09-03T05:27:07.019000Z</time>
      </trkpt>
      <trkpt lat="19.358974" lon="98.441051">
        <ele>506.452523</ele>
        <time>2025-09-03T05:27:30.334000Z</time>
      </trkpt>
      <trkpt lat="19.359369" lon="98.441235">
        <ele>506.516568</ele>
        <time>2025-09-03T05:27:40.263000Z</time>
      </trkpt>
      <trkpt lat="19.359731" lon="98.441404">
        <ele>506.685925</ele>
        <time>2025-09-03T05:27:49.653000Z</time>
      </trkpt>
      <trkpt lat="19.360039" lon="98.441548">
        <ele>506.830053</ele>
        <time>2025-09-03T05:27:58.255000Z</time>
      </trkpt>
      <trkpt lat="19.36043" lon="98.441754">
        <ele>507.016999</ele>
        <time>2025-09-03T05:28:09.227000Z</time>
      </trkpt>
      <trkpt lat="19.36063" lon="98.441496">
        <ele>507.151882</ele>
        <time>2025-09-03T05:28:18.921000Z</time>
      </trkpt>
      <trkpt lat="19.36079" lon="98.441289">
        <ele>507.259975</ele>
        <time>2025-09-03T05:28:26.877000Z</time>
      </trkpt>
      <trkpt lat="19.361307" lon="98.440731">
        <ele>507.633176</ele>
        <time>2025-09-03T05:28:50.751000Z</time>
      </trkpt>
      <trkpt lat="19.361631" lon="98.440161">
        <ele>507.953752</ele>
        <time>2025-09-03T05:29:10.282000Z</time>
      </trkpt>
      <trkpt lat="19.362177" lon="98.440417">
        <ele>508.166452</ele>
        <time>2025-09-03T05:29:24.565000Z</time>
      </trkpt>
      <trkpt lat="19.362301" lon="98.440453">
        <ele>508.134127</ele>
        <time>2025-09-03T05:29:27.633000Z</time>
      </trkpt>
      <trkpt lat="19.36241" lon="98.440451">
        <ele>508.106717</ele>
        <time>2025-09-03T05:29:30.188000Z</time>
      </trkpt>
      <trkpt lat="19.36255" lon="98.440382">
        <ele>508.067898</ele>
        <time>2025-09-03T05:29:33.750000Z</time>
      </trkpt>
      <trkpt lat="19.362831" lon="98.440081">
        <ele>507.967452</ele>
        <time>2025-09-03T05:29:42.708000Z</time>
      </trkpt>
      <trkpt lat="19.363219" lon="98.43987">
        <ele>507.857808</ele>
        <time>2025-09-03T05:29:51.916000Z</time>
      </trkpt>
      <trkpt lat="19.363664" lon="98.439673">
        <ele>507.717542</ele>
        <time>2025-09-03T05:30:01.236000Z</time>
      </trkpt>
      <trkpt lat="19.36404" lon="98.439567">
        <ele>507.389287</ele>
        <time>2025-09-03T05:30:08.463000Z</time>
      </trkpt>
      <trkpt lat="19.364648" lon="98.439543">
        <ele>506.87597</ele>
        <time>2025-09-03T05:30:20.066000Z</time>
      </trkpt>
      <trkpt lat="19.364914" lon="98.439507">
        <ele>506.649727</ele>
        <time>2025-09-03T05:30:25.254000Z</time>
      </trkpt>
      <trkpt lat="19.365306" lon="98.439435">
        <ele>506.314073</ele>
        <time>2025-09-03T05:30:33.179000Z</time>
      </trkpt>
      <trkpt lat="19.365535" lon="98.439421">
        <ele>506.28724</ele>
        <time>2025-09-03T05:30:38.019000Z</time>
      </trkpt>
      <trkpt lat="19.365963" lon="98.439447">
        <ele>506.491187</ele>
        <time>2025-09-03T05:30:47.892000Z</time>
      </trkpt>
      <trkpt lat="19.366267" lon="98.439441">
        <ele>506.635835</ele>
        <time>2025-09-03T05:30:55.300000Z</time>
      </trkpt>
      <trkpt lat="19.366425" lon="98.439429">
        <ele>506.711193</ele>
        <time>2025-09-03T05:30:59.148000Z</time>
      </trkpt>
      <trkpt lat="19.366775" lon="98.439389">
        <ele>506.878664</ele>
        <time>2025-09-03T05:31:07.717000Z</time>
      </trkpt>
      <trkpt lat="19.367229" lon="98.439259">
        <ele>507.150399</ele>
        <time>2025-09-03T05:31:20.049000Z</time>
      </trkpt>
      <trkpt lat="19.367606" lon="98.439066">
        <ele>507.837965</ele>
        <time>2025-09-03T05:31:31.918000Z</time>
      </trkpt>
      <trkpt lat="19.367802" lon="98.438934">
        <ele>508.219326</ele>
        <time>2025-09-03T05:31:38.819000Z</time>
      </trkpt>
      <trkpt lat="19.367941" lon="98.438803">
        <ele>508.524784</ele>
        <time>2025-09-03T05:31:44.439000Z</time>
      </trkpt>
      <trkpt lat="19.368053" lon="98.438647">
        <ele>508.828509</ele>
        <time>2025-09-03T05:31:49.989000Z</time>
      </trkpt>
      <trkpt lat="19.36836" lon="98.437955">
        <ele>510.01328</ele>
        <time>2025-09-03T05:32:11.456000Z</time>
      </trkpt>
      <trkpt lat="19.36839" lon="98.437682">
        <ele>510.364608</ele>
        <time>2025-09-03T05:32:18.799000Z</time>
      </trkpt>
      <trkpt lat="19.368373" lon="98.436881">
        <ele>511.376139</ele>
        <time>2025-09-03T05:32:39.510000Z</time>
      </trkpt>
      <trkpt lat="19.368382" lon="98.436609">
        <ele>511.719754</ele>
        <time>2025-09-03T05:32:46.462000Z</time>
      </trkpt>
      <trkpt lat="19.368421" lon="98.435404">
        <ele>514.10401</ele>
        <time>2025-09-03T05:33:16.953000Z</time>
      </trkpt>
      <trkpt lat="19.368431" lon="98.434921">
        <ele>515.372617</ele>
        <time>2025-09-03T05:33:31.227000Z</time>
      </trkpt>
      <trkpt lat="19.36846" lon="98.434723">
        <ele>515.898771</ele>
        <time>2025-09-03T05:33:37.714000Z</time>
      </trkpt>
      <trkpt lat="19.36861" lon="98.434392">
        <ele>516.863015</ele>
        <time>2025-09-03T05:33:50.468000Z</time>
      </trkpt>
      <trkpt lat="19.369705" lon="98.433069">
        <ele>524.933872</ele>
        <time>2025-09-03T05:35:04.657000Z</time>
      </trkpt>
      <trkpt lat="19.371275" lon="98.431431">
        <ele>534.809859</ele>
        <time>2025-09-03T05:36:32.672000Z</time>
      </trkpt>
      <trkpt lat="19.372524" lon="98.430117">
        <ele>541.331268</ele>
        <time>2025-09-03T05:37:37.238000Z</time>
      </trkpt>
      <trkpt lat="19.372718" lon="98.429922">
        <ele>542.266668</ele>
        <time>2025-09-03T05:37:46.816000Z</time>
      </trkpt>
      <trkpt lat="19.3729" lon="98.429738">
        <ele>543.146624</ele>
        <time>2025-09-03T05:37:55.810000Z</time>
      </trkpt>
      <trkpt lat="19.37368" lon="98.429074">
        <ele>546.64675</ele>
        <time>2025-09-03T05:38:31.805000Z</time>
      </trkpt>
      <trkpt lat="19.374031" lon="98.428825">
        <ele>548.026872</ele>
        <time>2025-09-03T05:38:47.586000Z</time>
      </trkpt>
      <trkpt lat="19.37435" lon="98.428658">
        <ele>549.053473</ele>
        <time>2025-09-03T05:39:00.549000Z</time>
      </trkpt>
      <trkpt lat="19.374706" lon="98.428511">
        <ele>550.155888</ele>
        <time>2025-09-03T05:39:14.229000Z</time>
      </trkpt>
      <trkpt lat="19.375137" lon="98.428367">
        <ele>551.459839</ele>
        <time>2025-09-03T05:39:29.546000Z</time>
      </trkpt>
      <trkpt lat="19.375512" lon="98.428296">
        <ele>552.559017</ele>
        <time>2025-09-03T05:39:41.461000Z</time>
      </trkpt>
      <trkpt lat="19.375887" lon="98.428224">
        <ele>553.083627</ele>
        <time>2025-09-03T05:39:52.218000Z</time>
      </trkpt>
      <trkpt lat="19.376476" lon="98.428116">
        <ele>553.707545</ele>
        <time>2025-09-03T05:40:07.447000Z</time>
      </trkpt>
      <trkpt lat="19.379093" lon="98.42762">
        <ele>556.971423</ele>
        <time>2025-09-03T05:41:14.237000Z</time>
      </trkpt>
      <trkpt lat="19.382257" lon="98.426927">
        <ele>572.125498</ele>
        <time>2025-09-03T05:43:34.100000Z</time>
      </trkpt>
      <trkpt lat="19.382702" lon="98.426832">
        <ele>574.06593</ele>
        <time>2025-09-03T05:43:51.524000Z</time>
      </trkpt>
      <trkpt lat="19.382909" lon="98.426789">
        <ele>574.349208</ele>
        <time>2025-09-03T05:43:58.981000Z</time>
      </trkpt>
      <trkpt lat="19.384462" lon="98.426447">
        <ele>576.346985</ele>
        <time>2025-09-03T05:44:40.241000Z</time>
      </trkpt>
      <trkpt lat="19.386427" lon="98.426078">
        <ele>574.178742</ele>
        <time>2025-09-03T05:45:17.655000Z</time>
      </trkpt>
      <trkpt lat="19.386644" lon="98.426033">
        <ele>573.767789</ele>
        <time>2025-09-03T05:45:21.828000Z</time>
      </trkpt>
      <trkpt lat="19.387032" lon="98.425862">
        <ele>572.98683</ele>
        <time>2025-09-03T05:45:29.574000Z</time>
      </trkpt>
      <trkpt lat="19.387546" lon="98.425567">
        <ele>571.900511</ele>
        <time>2025-09-03T05:45:39.963000Z</time>
      </trkpt>
      <trkpt lat="19.390077" lon="98.423941">
        <ele>564.47426</ele>
        <time>2025-09-03T05:46:28.561000Z</time>
      </trkpt>
      <trkpt lat="19.390309" lon="98.423719">
        <ele>563.948596</ele>
        <time>2025-09-03T05:46:34.250000Z</time>
      </trkpt>
      <trkpt lat="19.390551" lon="98.423331">
        <ele>563.210613</ele>
        <time>2025-09-03T05:46:42.715000Z</time>
      </trkpt>
      <trkpt lat="19.391089" lon="98.42228">
        <ele>565.330398</ele>
        <time>2025-09-03T05:47:12.336000Z</time>
      </trkpt>
      <trkpt lat="19.391856" lon="98.420738">
        <ele>572.290839</ele>
        <time>2025-09-03T05:48:20.293000Z</time>
      </trkpt>
      <trkpt lat="19.392048" lon="98.420344">
        <ele>574.806047</ele>
        <time>2025-09-03T05:48:42.648000Z</time>
      </trkpt>
      <trkpt lat="19.392196" lon="98.420113">
        <ele>576.389831</ele>
        <time>2025-09-03T05:48:56.844000Z</time>
      </trkpt>
      <trkpt lat="19.392394" lon="98.419892">
        <ele>578.118535</ele>
        <time>2025-09-03T05:49:11.641000Z</time>
      </trkpt>
      <trkpt lat="19.392706" lon="98.419647">
        <ele>578.520142</ele>
        <time>2025-09-03T05:49:29.543000Z</time>
      </trkpt>
      <trkpt lat="19.392983" lon="98.41949">
        <ele>578.55339</ele>
        <time>2025-09-03T05:49:40.016000Z</time>
      </trkpt>
      <trkpt lat="19.393452" lon="98.419212">
        <ele>578.610267</ele>
        <time>2025-09-03T05:49:50.289000Z</time>
      </trkpt>
      <trkpt lat="19.394274" lon="98.418724">
        <ele>577.701766</ele>
        <time>2025-09-03T05:50:04.716000Z</time>
      </trkpt>
      <trkpt lat="19.396575" lon="98.417358">
        <ele>571.904206</ele>
        <time>2025-09-03T05:50:49.232000Z</time>
      </trkpt>
      <trkpt lat="19.396892" lon="98.417152">
        <ele>571.477313</ele>
        <time>2025-09-03T05:50:58.509000Z</time>
      </trkpt>
      <trkpt lat="19.399489" lon="98.415593">
        <ele>573.699784</ele>
        <time>2025-09-03T05:52:29.447000Z</time>
      </trkpt>
      <trkpt lat="19.39966" lon="98.415524">
        <ele>573.516636</ele>
        <time>2025-09-03T05:52:32.990000Z</time>
      </trkpt>
      <trkpt lat="19.400004" lon="98.415471">
        <ele>573.168679</ele>
        <time>2025-09-03T05:52:38.884000Z</time>
      </trkpt>
      <trkpt lat="19.400372" lon="98.415501">
        <ele>572.658669</ele>
        <time>2025-09-03T05:52:44.564000Z</time>
      </trkpt>
      <trkpt lat="19.401771" lon="98.415777">
        <ele>561.54991</ele>
        <time>2025-09-03T05:53:04.305000Z</time>
      </trkpt>
      <trkpt lat="19.403036" lon="98.416026">
        <ele>553.606546</ele>
        <time>2025-09-03T05:53:22.402000Z</time>
      </trkpt>
      <trkpt lat="19.403442" lon="98.416072">
        <ele>551.339697</ele>
        <time>2025-09-03T05:53:28.804000Z</time>
      </trkpt>
      <trkpt lat="19.403749" lon="98.41606">
        <ele>549.634149</ele>
        <time>2025-09-03T05:53:33.919000Z</time>
      </trkpt>
      <trkpt lat="19.404035" lon="98.416007">
        <ele>548.47238</ele>
        <time>2025-09-03T05:53:39.100000Z</time>
      </trkpt>
      <trkpt lat="19.40572" lon="98.415433">
        <ele>544.508813</ele>
        <time>2025-09-03T05:54:10.011000Z</time>
      </trkpt>
      <trkpt lat="19.406111" lon="98.415273">
        <ele>544.017139</ele>
        <time>2025-09-03T05:54:16.666000Z</time>
      </trkpt>
      <trkpt lat="19.406937" lon="98.414838">
        <ele>542.935176</ele>
        <time>2025-09-03T05:54:32.539000Z</time>
      </trkpt>
      <trkpt lat="19.408053" lon="98.414143">
        <ele>547.196329</ele>
        <time>2025-09-03T05:55:17.305000Z</time>
      </trkpt>
      <trkpt lat="19.408232" lon="98.414059">
        <ele>548.16124</ele>
        <time>2025-09-03T05:55:27.749000Z</time>
      </trkpt>
      <trkpt lat="19.408602" lon="98.413976">
        <ele>550.02546</ele>
        <time>2025-09-03T05:55:48.499000Z</time>
      </trkpt>
      <trkpt lat="19.409336" lon="98.414044">
        <ele>553.1553</ele>
        <time>2025-09-03T05:56:26.882000Z</time>
      </trkpt>
      <trkpt lat="19.409769" lon="98.414006">
        <ele>554.821931</ele>
        <time>2025-09-03T05:56:44.145000Z</time>
      </trkpt>
      <trkpt lat="19.409897" lon="98.414021">
        <ele>555.315918</ele>
        <time>2025-09-03T05:56:48.518000Z</time>
      </trkpt>
      <trkpt lat="19.410013" lon="98.414075">
        <ele>555.801885</ele>
        <time>2025-09-03T05:56:52.605000Z</time>
      </trkpt>
      <trkpt lat="19.410103" lon="98.414166">
        <ele>556.278935</ele>
        <time>2025-09-03T05:56:56.406000Z</time>
      </trkpt>
      <trkpt lat="19.410303" lon="98.414723">
        <ele>558.38903</ele>
        <time>2025-09-03T05:57:11.267000Z</time>
      </trkpt>
      <trkpt lat="19.410397" lon="98.414845">
        <ele>558.773423</ele>
        <time>2025-09-03T05:57:14.807000Z</time>
      </trkpt>
      <trkpt lat="19.410521" lon="98.414929">
        <ele>559.154112</ele>
        <time>2025-09-03T05:57:18.227000Z</time>
      </trkpt>
      <trkpt lat="19.410936" lon="98.41499">
        <ele>560.238028</ele>
        <time>2025-09-03T05:57:28.827000Z</time>
      </trkpt>
      <trkpt lat="19.411066" lon="98.415044">
        <ele>560.599242</ele>
        <time>2025-09-03T05:57:32.983000Z</time>
      </trkpt>
      <trkpt lat="19.411173" lon="98.415135">
        <ele>560.954112</ele>
        <time>2025-09-03T05:57:37.534000Z</time>
      </trkpt>
      <trkpt lat="19.411472" lon="98.415578">
        <ele>562.283323</ele>
        <time>2025-09-03T05:57:57.919000Z</time>
      </trkpt>
      <trkpt lat="19.411572" lon="98.415631">
        <ele>562.572556</ele>
        <time>2025-09-03T05:58:02.779000Z</time>
      </trkpt>
      <trkpt lat="19.411678" lon="98.415639">
        <ele>562.847482</ele>
        <time>2025-09-03T05:58:07.543000Z</time>
      </trkpt>
      <trkpt lat="19.411785" lon="98.415593">
        <ele>563.097478</ele>
        <time>2025-09-03T05:58:12.506000Z</time>
      </trkpt>
      <trkpt lat="19.412548" lon="98.41496">
        <ele>564.991961</ele>
        <time>2025-09-03T05:58:47.719000Z</time>
      </trkpt>
      <trkpt lat="19.412901" lon="98.414792">
        <ele>565.748591</ele>
        <time>2025-09-03T05:58:57.868000Z</time>
      </trkpt>
      <trkpt lat="19.413609" lon="98.414677">
        <ele>565.818572</ele>
        <time>2025-09-03T05:59:10.810000Z</time>
      </trkpt>
      <trkpt lat="19.4147" lon="98.414204">
        <ele>563.648465</ele>
        <time>2025-09-03T05:59:30.443000Z</time>
      </trkpt>
      <trkpt lat="19.416657" lon="98.413678">
        <ele>563.295791</ele>
        <time>2025-09-03T06:00:14.279000Z</time>
      </trkpt>
      <trkpt lat="19.417484" lon="98.413426">
        <ele>564.854571</ele>
        <time>2025-09-03T06:00:42.832000Z</time>
      </trkpt>
      <trkpt lat="19.417784" lon="98.413281">
        <ele>565.486432</ele>
        <time>2025-09-03T06:00:54.351000Z</time>
      </trkpt>
      <trkpt lat="19.417912" lon="98.413174">
        <ele>565.798809</ele>
        <time>2025-09-03T06:00:59.838000Z</time>
      </trkpt>
      <trkpt lat="19.418017" lon="98.413037">
        <ele>566.117887</ele>
        <time>2025-09-03T06:01:05.205000Z</time>
      </trkpt>
      <trkpt lat="19.418169" lon="98.412694">
        <ele>566.717736</ele>
        <time>2025-09-03T06:01:15.875000Z</time>
      </trkpt>
      <trkpt lat="19.419016" lon="98.411053">
        <ele>564.957247</ele>
        <time>2025-09-03T06:01:49.140000Z</time>
      </trkpt>
      <trkpt lat="19.419092" lon="98.410779">
        <ele>564.281794</ele>
        <time>2025-09-03T06:01:53.541000Z</time>
      </trkpt>
      <trkpt lat="19.419115" lon="98.410535">
        <ele>563.695036</ele>
        <time>2025-09-03T06:01:57.347000Z</time>
      </trkpt>
      <trkpt lat="19.419065" lon="98.410298">
        <ele>563.113921</ele>
        <time>2025-09-03T06:02:01.108000Z</time>
      </trkpt>
      <trkpt lat="19.419003" lon="98.410191">
        <ele>562.813426</ele>
        <time>2025-09-03T06:02:03.050000Z</time>
      </trkpt>
      <trkpt lat="19.418801" lon="98.410108">
        <ele>562.263784</ele>
        <time>2025-09-03T06:02:06.568000Z</time>
      </trkpt>
      <trkpt lat="19.418158" lon="98.410016">
        <ele>560.617605</ele>
        <time>2025-09-03T06:02:17.164000Z</time>
      </trkpt>
      <trkpt lat="19.417976" lon="98.409955">
        <ele>560.641064</ele>
        <time>2025-09-03T06:02:20.454000Z</time>
      </trkpt>
      <trkpt lat="19.417872" lon="98.409886">
        <ele>560.948771</ele>
        <time>2025-09-03T06:02:22.795000Z</time>
      </trkpt>
      <trkpt lat="19.417795" lon="98.409779">
        <ele>561.267148</ele>
        <time>2025-09-03T06:02:25.406000Z</time>
      </trkpt>
      <trkpt lat="19.417759" lon="98.409611">
        <ele>561.674682</ele>
        <time>2025-09-03T06:02:29.113000Z</time>
      </trkpt>
      <trkpt lat="19.417811" lon="98.408955">
        <ele>563.231928</ele>
        <time>2025-09-03T06:02:47.139000Z</time>
      </trkpt>
      <trkpt lat="19.418118" lon="98.407536">
        <ele>569.501471</ele>
        <time>2025-09-03T06:03:53.556000Z</time>
      </trkpt>
      <trkpt lat="19.418196" lon="98.407346">
        <ele>570.771635</ele>
        <time>2025-09-03T06:04:04.308000Z</time>
      </trkpt>
      <trkpt lat="19.418397" lon="98.407024">
        <ele>573.138508</ele>
        <time>2025-09-03T06:04:23.641000Z</time>
      </trkpt>
      <trkpt lat="19.419167" lon="98.406194">
        <ele>578.33339</ele>
        <time>2025-09-03T06:05:12.307000Z</time>
      </trkpt>
      <trkpt lat="19.419344" lon="98.405888">
        <ele>579.374481</ele>
        <time>2025-09-03T06:05:23.796000Z</time>
      </trkpt>
      <trkpt lat="19.419611" lon="98.405309">
        <ele>581.243696</ele>
        <time>2025-09-03T06:05:42.171000Z</time>
      </trkpt>
      <trkpt lat="19.419779" lon="98.404828">
        <ele>581.957567</ele>
        <time>2025-09-03T06:05:54.499000Z</time>
      </trkpt>
      <trkpt lat="19.419932" lon="98.404233">
        <ele>581.478878</ele>
        <time>2025-09-03T06:06:07.813000Z</time>
      </trkpt>
      <trkpt lat="19.420277" lon="98.403394">
        <ele>580.768451</ele>
        <time>2025-09-03T06:06:24.318000Z</time>
      </trkpt>
      <trkpt lat="19.420666" lon="98.402737">
        <ele>578.849908</ele>
        <time>2025-09-03T06:06:36.025000Z</time>
      </trkpt>
      <trkpt lat="19.420904" lon="98.40257">
        <ele>577.963097</ele>
        <time>2025-09-03T06:06:40.360000Z</time>
      </trkpt>
      <trkpt lat="19.42177" lon="98.402318">
        <ele>575.172661</ele>
        <time>2025-09-03T06:06:54.513000Z</time>
      </trkpt>
      <trkpt lat="19.421919" lon="98.402242">
        <ele>575.548249</ele>
        <time>2025-09-03T06:06:57.487000Z</time>
      </trkpt>
      <trkpt lat="19.422501" lon="98.40183">
        <ele>578.29749</ele>
        <time>2025-09-03T06:07:17.374000Z</time>
      </trkpt>
      <trkpt lat="19.422869" lon="98.401501">
        <ele>580.188559</ele>
        <time>2025-09-03T06:07:40.249000Z</time>
      </trkpt>
      <trkpt lat="19.42297" lon="98.401372">
        <ele>580.809763</ele>
        <time>2025-09-03T06:07:49.025000Z</time>
      </trkpt>
      <trkpt lat="19.423597" lon="98.400266">
        <ele>586.433065</ele>
        <time>2025-09-03T06:08:56.103000Z</time>
      </trkpt>
      <trkpt lat="19.423927" lon="98.399815">
        <ele>589.060825</ele>
        <time>2025-09-03T06:09:16.953000Z</time>
      </trkpt>
      <trkpt lat="19.425007" lon="98.398877">
        <ele>590.315237</ele>
        <time>2025-09-03T06:09:45.001000Z</time>
      </trkpt>
      <trkpt lat="19.425112" lon="98.398831">
        <ele>590.250355</ele>
        <time>2025-09-03T06:09:47.136000Z</time>
      </trkpt>
      <trkpt lat="19.42536" lon="98.398816">
        <ele>590.108493</ele>
        <time>2025-09-03T06:09:51.962000Z</time>
      </trkpt>
      <trkpt lat="19.425758" lon="98.3989">
        <ele>589.876737</ele>
        <time>2025-09-03T06:10:00.261000Z</time>
      </trkpt>
      <trkpt lat="19.426031" lon="98.398877">
        <ele>589.500072</ele>
        <time>2025-09-03T06:10:05.665000Z</time>
      </trkpt>
      <trkpt lat="19.426167" lon="98.398824">
        <ele>589.295874</ele>
        <time>2025-09-03T06:10:08.427000Z</time>
      </trkpt>
      <trkpt lat="19.42647" lon="98.398579">
        <ele>588.758873</ele>
        <time>2025-09-03T06:10:15.396000Z</time>
      </trkpt>
      <trkpt lat="19.426563" lon="98.398556">
        <ele>588.624292</ele>
        <time>2025-09-03T06:10:17.076000Z</time>
      </trkpt>
      <trkpt lat="19.426662" lon="98.398572">
        <ele>588.483161</ele>
        <time>2025-09-03T06:10:18.806000Z</time>
      </trkpt>
      <trkpt lat="19.427012" lon="98.398961">
        <ele>587.768606</ele>
        <time>2025-09-03T06:10:27.464000Z</time>
      </trkpt>
      <trkpt lat="19.427603" lon="98.399335">
        <ele>588.475861</ele>
        <time>2025-09-03T06:10:40.509000Z</time>
      </trkpt>
      <trkpt lat="19.427895" lon="98.399472">
        <ele>589.431494</ele>
        <time>2025-09-03T06:10:48.942000Z</time>
      </trkpt>
      <trkpt lat="19.428045" lon="98.399502">
        <ele>589.888336</ele>
        <time>2025-09-03T06:10:53.825000Z</time>
      </trkpt>
      <trkpt lat="19.428343" lon="98.39948">
        <ele>590.782362</ele>
        <time>2025-09-03T06:11:04.948000Z</time>
      </trkpt>
      <trkpt lat="19.429331" lon="98.39877">
        <ele>596.165419</ele>
        <time>2025-09-03T06:12:03.227000Z</time>
      </trkpt>
      <trkpt lat="19.430002" lon="98.398351">
        <ele>601.076351</ele>
        <time>2025-09-03T06:12:39.731000Z</time>
      </trkpt>
      <trkpt lat="19.430155" lon="98.39829">
        <ele>602.107204</ele>
        <time>2025-09-03T06:12:47.276000Z</time>
      </trkpt>
      <trkpt lat="19.430845" lon="98.398198">
        <ele>606.36143</ele>
        <time>2025-09-03T06:13:20.385000Z</time>
      </trkpt>
      <trkpt lat="19.430956" lon="98.398137">
        <ele>607.10721</ele>
        <time>2025-09-03T06:13:26.295000Z</time>
      </trkpt>
      <trkpt lat="19.431067" lon="98.397916">
        <ele>608.515777</ele>
        <time>2025-09-03T06:13:37.239000Z</time>
      </trkpt>
      <trkpt lat="19.431107" lon="98.397305">
        <ele>611.96122</ele>
        <time>2025-09-03T06:14:03.058000Z</time>
      </trkpt>
      <trkpt lat="19.431164" lon="98.397145">
        <ele>612.92338</ele>
        <time>2025-09-03T06:14:10.306000Z</time>
      </trkpt>
      <trkpt lat="19.431671" lon="98.396451">
        <ele>617.961344</ele>
        <time>2025-09-03T06:14:48.914000Z</time>
      </trkpt>
      <trkpt lat="19.431828" lon="98.3961">
        <ele>620.217524</ele>
        <time>2025-09-03T06:15:06.467000Z</time>
      </trkpt>
      <trkpt lat="19.432003" lon="98.395184">
        <ele>625.645439</ele>
        <time>2025-09-03T06:15:48.649000Z</time>
      </trkpt>
      <trkpt lat="19.432066" lon="98.395039">
        <ele>626.389038</ele>
        <time>2025-09-03T06:15:55.571000Z</time>
      </trkpt>
      <trkpt lat="19.43227" lon="98.394757">
        <ele>627.915187</ele>
        <time>2025-09-03T06:16:10.471000Z</time>
      </trkpt>
      <trkpt lat="19.432785" lon="98.394299">
        <ele>630.97569</ele>
        <time>2025-09-03T06:16:37.849000Z</time>
      </trkpt>
      <trkpt lat="19.432953" lon="98.393994">
        <ele>632.492395</ele>
        <time>2025-09-03T06:16:50.508000Z</time>
      </trkpt>
      <trkpt lat="19.433153" lon="98.393086">
        <ele>634.453074</ele>
        <time>2025-09-03T06:17:22.028000Z</time>
      </trkpt>
      <trkpt lat="19.433321" lon="98.392552">
        <ele>634.84464</ele>
        <time>2025-09-03T06:17:37.390000Z</time>
      </trkpt>
      <trkpt lat="19.434608" lon="98.389905">
        <ele>632.926063</ele>
        <time>2025-09-03T06:18:26.686000Z</time>
      </trkpt>
      <trkpt lat="19.43527" lon="98.388684">
        <ele>636.014723</ele>
        <time>2025-09-03T06:19:11.105000Z</time>
      </trkpt>
      <trkpt lat="19.435389" lon="98.388287">
        <ele>637.63677</ele>
        <time>2025-09-03T06:19:28.343000Z</time>
      </trkpt>
      <trkpt lat="19.435392" lon="98.386784">
        <ele>645.958048</ele>
        <time>2025-09-03T06:20:35.680000Z</time>
      </trkpt>
      <trkpt lat="19.435331" lon="98.386006">
        <ele>650.343758</ele>
        <time>2025-09-03T06:21:09.586000Z</time>
      </trkpt>
      <trkpt lat="19.435333" lon="98.385655">
        <ele>652.324973</ele>
        <time>2025-09-03T06:21:24.388000Z</time>
      </trkpt>
      <trkpt lat="19.435377" lon="98.385319">
        <ele>654.239684</ele>
        <time>2025-09-03T06:21:38.758000Z</time>
      </trkpt>
      <trkpt lat="19.435484" lon="98.384984">
        <ele>656.236066</ele>
        <time>2025-09-03T06:21:54.085000Z</time>
      </trkpt>
      <trkpt lat="19.435659" lon="98.384679">
        <ele>658.326298</ele>
        <time>2025-09-03T06:22:09.952000Z</time>
      </trkpt>
      <trkpt lat="19.435925" lon="98.384427">
        <ele>660.808061</ele>
        <time>2025-09-03T06:22:27.414000Z</time>
      </trkpt>
      <trkpt lat="19.436899" lon="98.383786">
        <ele>668.783886</ele>
        <time>2025-09-03T06:23:27.112000Z</time>
      </trkpt>
      <trkpt lat="19.437117" lon="98.383557">
        <ele>670.909375</ele>
        <time>2025-09-03T06:23:42.436000Z</time>
      </trkpt>
      <trkpt lat="19.437178" lon="98.383397">
        <ele>672.024229</ele>
        <time>2025-09-03T06:23:50.283000Z</time>
      </trkpt>
      <trkpt lat="19.437224" lon="98.38284">
        <ele>675.636147</ele>
        <time>2025-09-03T06:24:14.257000Z</time>
      </trkpt>
      <trkpt lat="19.437215" lon="98.38226">
        <ele>679.383377</ele>
        <time>2025-09-03T06:24:39.671000Z</time>
      </trkpt>
      <trkpt lat="19.437246" lon="98.381856">
        <ele>682.001789</ele>
        <time>2025-09-03T06:24:58.365000Z</time>
      </trkpt>
      <trkpt lat="19.437199" lon="98.380071">
        <ele>698.623101</ele>
        <time>2025-09-03T06:26:42.377000Z</time>
      </trkpt>
      <trkpt lat="19.43725" lon="98.379773">
        <ele>701.597212</ele>
        <time>2025-09-03T06:27:03.233000Z</time>
      </trkpt>
      <trkpt lat="19.437391" lon="98.379506">
        <ele>704.877129</ele>
        <time>2025-09-03T06:27:24.471000Z</time>
      </trkpt>
      <trkpt lat="19.437849" lon="98.378975">
        <ele>712.590053</ele>
        <time>2025-09-03T06:28:13.752000Z</time>
      </trkpt>
      <trkpt lat="19.437906" lon="98.378816">
        <ele>714.413219</ele>
        <time>2025-09-03T06:28:24.955000Z</time>
      </trkpt>
      <trkpt lat="19.437911" lon="98.378661">
        <ele>716.075494</ele>
        <time>2025-09-03T06:28:34.818000Z</time>
      </trkpt>
      <trkpt lat="19.437889" lon="98.378475">
        <ele>718.084679</ele>
        <time>2025-09-03T06:28:46.286000Z</time>
      </trkpt>
      <trkpt lat="19.437679" lon="98.377766">
        <ele>724.633928</ele>
        <time>2025-09-03T06:29:27.557000Z</time>
      </trkpt>
      <trkpt lat="19.437313" lon="98.376889">
        <ele>731.95373</ele>
        <time>2025-09-03T06:30:14.879000Z</time>
      </trkpt>
      <trkpt lat="19.436831" lon="98.37505">
        <ele>746.072362</ele>
        <time>2025-09-03T06:31:49.468000Z</time>
      </trkpt>
      <trkpt lat="19.436613" lon="98.373883">
        <ele>753.906867</ele>
        <time>2025-09-03T06:32:51.733000Z</time>
      </trkpt>
      <trkpt lat="19.436596" lon="98.373532">
        <ele>756.042816</ele>
        <time>2025-09-03T06:33:08.976000Z</time>
      </trkpt>
      <trkpt lat="19.436709" lon="98.372288">
        <ele>762.486995</ele>
        <time>2025-09-03T06:33:57.569000Z</time>
      </trkpt>
      <trkpt lat="19.436945" lon="98.370992">
        <ele>766.667079</ele>
        <time>2025-09-03T06:34:36.941000Z</time>
      </trkpt>
      <trkpt lat="19.436953" lon="98.370625">
        <ele>768.171736</ele>
        <time>2025-09-03T06:34:49.463000Z</time>
      </trkpt>
      <trkpt lat="19.436642" lon="98.36897">
        <ele>776.811796</ele>
        <time>2025-09-03T06:36:03.516000Z</time>
      </trkpt>
      <trkpt lat="19.436607" lon="98.368428">
        <ele>779.328883</ele>
        <time>2025-09-03T06:36:26.708000Z</time>
      </trkpt>
      <trkpt lat="19.436623" lon="98.367932">
        <ele>781.606682</ele>
        <time>2025-09-03T06:36:45.611000Z</time>
      </trkpt>
      <trkpt lat="19.436573" lon="98.367779">
        <ele>782.34987</ele>
        <time>2025-09-03T06:36:51.553000Z</time>
      </trkpt>
      <trkpt lat="19.436308" lon="98.367398">
        <ele>784.522723</ele>
        <time>2025-09-03T06:37:08.837000Z</time>
      </trkpt>
      <trkpt lat="19.436243" lon="98.367085">
        <ele>785.982709</ele>
        <time>2025-09-03T06:37:20.798000Z</time>
      </trkpt>
      <trkpt lat="19.436295" lon="98.36678">
        <ele>787.326753</ele>
        <time>2025-09-03T06:37:32.954000Z</time>
      </trkpt>
      <trkpt lat="19.436373" lon="98.366643">
        <ele>788.020719</ele>
        <time>2025-09-03T06:37:39.397000Z</time>
      </trkpt>
      <trkpt lat="19.436586" lon="98.366414">
        <ele>789.415524</ele>
        <time>2025-09-03T06:37:52.770000Z</time>
      </trkpt>
      <trkpt lat="19.436756" lon="98.366063">
        <ele>791.12661</ele>
        <time>2025-09-03T06:38:09.480000Z</time>
      </trkpt>
      <trkpt lat="19.436913" lon="98.365933">
        <ele>792.042587</ele>
        <time>2025-09-03T06:38:18.054000Z</time>
      </trkpt>
      <trkpt lat="19.437302" lon="98.365849">
        <ele>793.868096</ele>
        <time>2025-09-03T06:38:33.727000Z</time>
      </trkpt>
      <trkpt lat="19.437553" lon="98.365689">
        <ele>794.388564</ele>
        <time>2025-09-03T06:38:43.694000Z</time>
      </trkpt>
      <trkpt lat="19.437643" lon="98.365582">
        <ele>794.56339</ele>
        <time>2025-09-03T06:38:47.718000Z</time>
      </trkpt>
      <trkpt lat="19.43775" lon="98.365292">
        <ele>794.943097</ele>
        <time>2025-09-03T06:38:55.285000Z</time>
      </trkpt>
      <trkpt lat="19.437929" lon="98.364194">
        <ele>796.301773</ele>
        <time>2025-09-03T06:39:19.268000Z</time>
      </trkpt>
      <trkpt lat="19.437922" lon="98.363911">
        <ele>796.890624</ele>
        <time>2025-09-03T06:39:26.356000Z</time>
      </trkpt>
      <trkpt lat="19.437668" lon="98.363209">
        <ele>798.680349</ele>
        <time>2025-09-03T06:39:47.806000Z</time>
      </trkpt>
      <trkpt lat="19.437658" lon="98.362943">
        <ele>799.314003</ele>
        <time>2025-09-03T06:39:56.270000Z</time>
      </trkpt>
      <trkpt lat="19.437742" lon="98.362599">
        <ele>800.159822</ele>
        <time>2025-09-03T06:40:07.933000Z</time>
      </trkpt>
      <trkpt lat="19.437939" lon="98.362263">
        <ele>801.334093</ele>
        <time>2025-09-03T06:40:21.681000Z</time>
      </trkpt>
      <trkpt lat="19.438259" lon="98.361882">
        <ele>804.204615</ele>
        <time>2025-09-03T06:40:41.580000Z</time>
      </trkpt>
      <trkpt lat="19.438377" lon="98.361691">
        <ele>805.48929</ele>
        <time>2025-09-03T06:40:51.354000Z</time>
      </trkpt>
      <trkpt lat="19.438437" lon="98.36147">
        <ele>806.783175</ele>
        <time>2025-09-03T06:41:01.656000Z</time>
      </trkpt>
      <trkpt lat="19.438474" lon="98.361188">
        <ele>808.385032</ele>
        <time>2025-09-03T06:41:15.209000Z</time>
      </trkpt>
      <trkpt lat="19.438458" lon="98.360941">
        <ele>809.777965</ele>
        <time>2025-09-03T06:41:27.571000Z</time>
      </trkpt>
      <trkpt lat="19.438406" lon="98.360722">
        <ele>811.048551</ele>
        <time>2025-09-03T06:41:38.982000Z</time>
      </trkpt>
      <trkpt lat="19.438101" lon="98.35999">
        <ele>815.156843</ele>
        <time>2025-09-03T06:42:16.601000Z</time>
      </trkpt>
      <trkpt lat="19.438036" lon="98.359631">
        <ele>817.005068</ele>
        <time>2025-09-03T06:42:31.243000Z</time>
      </trkpt>
      <trkpt lat="19.437994" lon="98.358992">
        <ele>820.243634</ele>
        <time>2025-09-03T06:42:53.557000Z</time>
      </trkpt>
      <trkpt lat="19.437783" lon="98.358082">
        <ele>825.469752</ele>
        <time>2025-09-03T06:43:29.002000Z</time>
      </trkpt>
      <trkpt lat="19.437537" lon="98.357313">
        <ele>830.120637</ele>
        <time>2025-09-03T06:44:06.912000Z</time>
      </trkpt>
      <trkpt lat="19.437462" lon="98.357121">
        <ele>831.310909</ele>
        <time>2025-09-03T06:44:17.406000Z</time>
      </trkpt>
      <trkpt lat="19.437144" lon="98.356506">
        <ele>835.834725</ele>
        <time>2025-09-03T06:44:53.152000Z</time>
      </trkpt>
      <trkpt lat="19.437106" lon="98.356339">
        <ele>836.979569</ele>
        <time>2025-09-03T06:45:01.534000Z</time>
      </trkpt>
      <trkpt lat="19.436989" lon="98.35456">
        <ele>847.773991</ele>
        <time>2025-09-03T06:46:24.253000Z</time>
      </trkpt>
      <trkpt lat="19.437005" lon="98.354197">
        <ele>849.523005</ele>
        <time>2025-09-03T06:46:39.920000Z</time>
      </trkpt>
      <trkpt lat="19.437036" lon="98.354065">
        <ele>850.177721</ele>
        <time>2025-09-03T06:46:45.432000Z</time>
      </trkpt>
      <trkpt lat="19.437128" lon="98.353927">
        <ele>850.991126</ele>
        <time>2025-09-03T06:46:52.066000Z</time>
      </trkpt>
      <trkpt lat="19.437263" lon="98.353832">
        <ele>851.818052</ele>
        <time>2025-09-03T06:46:58.539000Z</time>
      </trkpt>
      <trkpt lat="19.437423" lon="98.353786">
        <ele>852.664147</ele>
        <time>2025-09-03T06:47:04.819000Z</time>
      </trkpt>
      <trkpt lat="19.437652" lon="98.353785">
        <ele>853.832937</ele>
        <time>2025-09-03T06:47:13.010000Z</time>
      </trkpt>
      <trkpt lat="19.437807" lon="98.353812">
        <ele>854.461295</ele>
        <time>2025-09-03T06:47:18.146000Z</time>
      </trkpt>
      <trkpt lat="19.43792" lon="98.353896">
        <ele>854.928156</ele>
        <time>2025-09-03T06:47:22.401000Z</time>
      </trkpt>
      <trkpt lat="19.438007" lon="98.35403">
        <ele>855.447174</ele>
        <time>2025-09-03T06:47:26.997000Z</time>
      </trkpt>
      <trkpt lat="19.438278" lon="98.354748">
        <ele>857.91444</ele>
        <time>2025-09-03T06:47:50.040000Z</time>
      </trkpt>
      <trkpt lat="19.438351" lon="98.354886">
        <ele>858.419233</ele>
        <time>2025-09-03T06:47:55.284000Z</time>
      </trkpt>
      <trkpt lat="19.438578" lon="98.355122">
        <ele>859.494694</ele>
        <time>2025-09-03T06:48:07.471000Z</time>
      </trkpt>
      <trkpt lat="19.438864" lon="98.355283">
        <ele>861.066219</ele>
        <time>2025-09-03T06:48:20.963000Z</time>
      </trkpt>
      <trkpt lat="19.43958" lon="98.355539">
        <ele>866.786201</ele>
        <time>2025-09-03T06:48:57.147000Z</time>
      </trkpt>
      <trkpt lat="19.439682" lon="98.355591">
        <ele>867.642945</ele>
        <time>2025-09-03T06:49:03.209000Z</time>
      </trkpt>
      <trkpt lat="19.440145" lon="98.355947">
        <ele>871.972269</ele>
        <time>2025-09-03T06:49:35.924000Z</time>
      </trkpt>
      <trkpt lat="19.440263" lon="98.355954">
        <ele>872.866938</ele>
        <time>2025-09-03T06:49:43.092000Z</time>
      </trkpt>
      <trkpt lat="19.440353" lon="98.355909">
        <ele>873.620181</ele>
        <time>2025-09-03T06:49:49.221000Z</time>
      </trkpt>
      <trkpt lat="19.440547" lon="98.355693">
        <ele>876.684947</ele>
        <time>2025-09-03T06:50:06.968000Z</time>
      </trkpt>
      <trkpt lat="19.441576" lon="98.354039">
        <ele>897.7043</ele>
        <time>2025-09-03T06:52:16.213000Z</time>
      </trkpt>
      <trkpt lat="19.441933" lon="98.35365">
        <ele>903.478304</ele>
        <time>2025-09-03T06:52:50.691000Z</time>
      </trkpt>
      <trkpt lat="19.44199" lon="98.353444">
        <ele>905.761937</ele>
        <time>2025-09-03T06:53:04.591000Z</time>
      </trkpt>
      <trkpt lat="19.441902" lon="98.35323">
        <ele>908.245309</ele>
        <time>2025-09-03T06:53:19.791000Z</time>
      </trkpt>
      <trkpt lat="19.441708" lon="98.353017">
        <ele>911.395302</ele>
        <time>2025-09-03T06:53:38.865000Z</time>
      </trkpt>
      <trkpt lat="19.44157" lon="98.35294">
        <ele>913.154316</ele>
        <time>2025-09-03T06:53:49.290000Z</time>
      </trkpt>
      <trkpt lat="19.441004" lon="98.352734">
        <ele>917.857028</ele>
        <time>2025-09-03T06:54:27.444000Z</time>
      </trkpt>
      <trkpt lat="19.440796" lon="98.352566">
        <ele>919.722752</ele>
        <time>2025-09-03T06:54:42.297000Z</time>
      </trkpt>
      <trkpt lat="19.440731" lon="98.352444">
        <ele>920.665653</ele>
        <time>2025-09-03T06:54:49.259000Z</time>
      </trkpt>
      <trkpt lat="19.440704" lon="98.352307">
        <ele>921.607437</ele>
        <time>2025-09-03T06:54:55.832000Z</time>
      </trkpt>
      <trkpt lat="19.440762" lon="98.35204">
        <ele>923.451122</ele>
        <time>2025-09-03T06:55:07.521000Z</time>
      </trkpt>
      <trkpt lat="19.440838" lon="98.351926">
        <ele>924.390565</ele>
        <time>2025-09-03T06:55:13.039000Z</time>
      </trkpt>
      <trkpt lat="19.441094" lon="98.351689">
        <ele>926.8155</ele>
        <time>2025-09-03T06:55:25.946000Z</time>
      </trkpt>
      <trkpt lat="19.441139" lon="98.351575">
        <ele>927.326249</ele>
        <time>2025-09-03T06:55:30.084000Z</time>
      </trkpt>
      <trkpt lat="19.44113" lon="98.351018">
        <ele>928.572308</ele>
        <time>2025-09-03T06:55:47.677000Z</time>
      </trkpt>
      <trkpt lat="19.441029" lon="98.35059">
        <ele>929.559163</ele>
        <time>2025-09-03T06:56:01.456000Z</time>
      </trkpt>
      <trkpt lat="19.440878" lon="98.350369">
        <ele>930.169609</ele>
        <time>2025-09-03T06:56:09.702000Z</time>
      </trkpt>
      <trkpt lat="19.440594" lon="98.350125">
        <ele>931.036598</ele>
        <time>2025-09-03T06:56:20.571000Z</time>
      </trkpt>
      <trkpt lat="19.440483" lon="98.349873">
        <ele>931.539872</ele>
        <time>2025-09-03T06:56:27.553000Z</time>
      </trkpt>
      <trkpt lat="19.440275" lon="98.348904">
        <ele>932.592942</ele>
        <time>2025-09-03T06:56:47.701000Z</time>
      </trkpt>
      <trkpt lat="19.440246" lon="98.348621">
        <ele>932.89459</ele>
        <time>2025-09-03T06:56:53.308000Z</time>
      </trkpt>
      <trkpt lat="19.440243" lon="98.347462">
        <ele>938.739798</ele>
        <time>2025-09-03T06:57:31.224000Z</time>
      </trkpt>
      <trkpt lat="19.440317" lon="98.347127">
        <ele>941.621794</ele>
        <time>2025-09-03T06:57:49.737000Z</time>
      </trkpt>
      <trkpt lat="19.440474" lon="98.346799">
        <ele>944.702872</ele>
        <time>2025-09-03T06:58:12.705000Z</time>
      </trkpt>
      <trkpt lat="19.440689" lon="98.346478">
        <ele>948.000849</ele>
        <time>2025-09-03T06:58:40.921000Z</time>
      </trkpt>
      <trkpt lat="19.441115" lon="98.345441">
        <ele>962.309382</ele>
        <time>2025-09-03T07:00:09.484000Z</time>
      </trkpt>
      <trkpt lat="19.441267" lon="98.345204">
        <ele>966.152779</ele>
        <time>2025-09-03T07:00:31.169000Z</time>
      </trkpt>
      <trkpt lat="19.441534" lon="98.344937">
        <ele>971.371401</ele>
        <time>2025-09-03T07:01:00.184000Z</time>
      </trkpt>
      <trkpt lat="19.441721" lon="98.344327">
        <ele>978.045033</ele>
        <time>2025-09-03T07:01:47.162000Z</time>
      </trkpt>
      <trkpt lat="19.441843" lon="98.343167">
        <ele>987.620122</ele>
        <time>2025-09-03T07:02:53.819000Z</time>
      </trkpt>
      <trkpt lat="19.441925" lon="98.343007">
        <ele>989.114013</ele>
        <time>2025-09-03T07:02:59.854000Z</time>
      </trkpt>
      <trkpt lat="19.441992" lon="98.342953">
        <ele>989.846119</ele>
        <time>2025-09-03T07:03:02.397000Z</time>
      </trkpt>
      <trkpt lat="19.442078" lon="98.342946">
        <ele>990.596482</ele>
        <time>2025-09-03T07:03:04.811000Z</time>
      </trkpt>
      <trkpt lat="19.442261" lon="98.34306">
        <ele>991.448836</ele>
        <time>2025-09-03T07:03:10.305000Z</time>
      </trkpt>
      <trkpt lat="19.442343" lon="98.343175">
        <ele>991.973953</ele>
        <time>2025-09-03T07:03:13.526000Z</time>
      </trkpt>
      <trkpt lat="19.442442" lon="98.343449">
        <ele>993.042661</ele>
        <time>2025-09-03T07:03:20.400000Z</time>
      </trkpt>
      <trkpt lat="19.442576" lon="98.343655">
        <ele>993.954149</ele>
        <time>2025-09-03T07:03:26.627000Z</time>
      </trkpt>
      <trkpt lat="19.442755" lon="98.343755">
        <ele>994.735593</ele>
        <time>2025-09-03T07:03:32.947000Z</time>
      </trkpt>
      <trkpt lat="19.443026" lon="98.343694">
        <ele>995.805631</ele>
        <time>2025-09-03T07:03:43.603000Z</time>
      </trkpt>
      <trkpt lat="19.443127" lon="98.343602">
        <ele>996.319889</ele>
        <time>2025-09-03T07:03:49.598000Z</time>
      </trkpt>
      <trkpt lat="19.443295" lon="98.343373">
        <ele>997.376632</ele>
        <time>2025-09-03T07:04:03.388000Z</time>
      </trkpt>
      <trkpt lat="19.443466" lon="98.3429">
        <ele>1000.947783</ele>
        <time>2025-09-03T07:04:30.624000Z</time>
      </trkpt>
      <trkpt lat="19.443718" lon="98.342885">
        <ele>1002.961771</ele>
        <time>2025-09-03T07:04:45.474000Z</time>
      </trkpt>
      <trkpt lat="19.443846" lon="98.342908">
        <ele>1003.9977</ele>
        <time>2025-09-03T07:04:52.892000Z</time>
      </trkpt>
      <trkpt lat="19.444237" lon="98.343098">
        <ele>1007.429615</ele>
        <time>2025-09-03T07:05:15.915000Z</time>
      </trkpt>
      <trkpt lat="19.444441" lon="98.343297">
        <ele>1009.641358</ele>
        <time>2025-09-03T07:05:29.928000Z</time>
      </trkpt>
      <trkpt lat="19.444653" lon="98.343609">
        <ele>1012.783211</ele>
        <time>2025-09-03T07:05:48.557000Z</time>
      </trkpt>
      <trkpt lat="19.444801" lon="98.343671">
        <ele>1014.596011</ele>
        <time>2025-09-03T07:05:57.268000Z</time>
      </trkpt>
      <trkpt lat="19.44491" lon="98.343533">
        <ele>1016.529789</ele>
        <time>2025-09-03T07:06:07.227000Z</time>
      </trkpt>
      <trkpt lat="19.444962" lon="98.343266">
        <ele>1019.458504</ele>
        <time>2025-09-03T07:06:23.738000Z</time>
      </trkpt>
      <trkpt lat="19.444986" lon="98.342801">
        <ele>1024.461124</ele>
        <time>2025-09-03T07:06:55.513000Z</time>
      </trkpt>
      <trkpt lat="19.444958" lon="98.342557">
        <ele>1027.101569</ele>
        <time>2025-09-03T07:07:13.438000Z</time>
      </trkpt>
      <trkpt lat="19.444767" lon="98.34216">
        <ele>1031.889248</ele>
        <time>2025-09-03T07:07:46.139000Z</time>
      </trkpt>
      <trkpt lat="19.444721" lon="98.341656">
        <ele>1037.219814</ele>
        <time>2025-09-03T07:08:21.257000Z</time>
      </trkpt>
      <trkpt lat="19.444626" lon="98.341443">
        <ele>1039.694548</ele>
        <time>2025-09-03T07:08:36.582000Z</time>
      </trkpt>
      <trkpt lat="19.444109" lon="98.341107">
        <ele>1046.448305</ele>
        <time>2025-09-03T07:09:15.718000Z</time>
      </trkpt>
      <trkpt lat="19.443783" lon="98.340672">
        <ele>1052.284243</ele>
        <time>2025-09-03T07:09:48.044000Z</time>
      </trkpt>
      <trkpt lat="19.443604" lon="98.34052">
        <ele>1054.672685</ele>
        <time>2025-09-03T07:10:02.017000Z</time>
      </trkpt>
      <trkpt lat="19.443348" lon="98.340489">
        <ele>1057.341104</ele>
        <time>2025-09-03T07:10:17.674000Z</time>
      </trkpt>
      <trkpt lat="19.442793" lon="98.340588">
        <ele>1063.169545</ele>
        <time>2025-09-03T07:10:52.703000Z</time>
      </trkpt>
      <trkpt lat="19.442501" lon="98.340527">
        <ele>1066.251675</ele>
        <time>2025-09-03T07:11:12.081000Z</time>
      </trkpt>
      <trkpt lat="19.442097" lon="98.340337">
        <ele>1070.828562</ele>
        <time>2025-09-03T07:11:42.019000Z</time>
      </trkpt>
      <trkpt lat="19.441174" lon="98.340215">
        <ele>1079.917022</ele>
        <time>2025-09-03T07:12:43.324000Z</time>
      </trkpt>
      <trkpt lat="19.44087" lon="98.340115">
        <ele>1083.021533</ele>
        <time>2025-09-03T07:13:02.662000Z</time>
      </trkpt>
      <trkpt lat="19.440405" lon="98.339825">
        <ele>1088.283207</ele>
        <time>2025-09-03T07:13:33.381000Z</time>
      </trkpt>
      <trkpt lat="19.439913" lon="98.339596">
        <ele>1091.712467</ele>
        <time>2025-09-03T07:14:01.281000Z</time>
      </trkpt>
      <trkpt lat="19.439625" lon="98.339429">
        <ele>1093.72443</ele>
        <time>2025-09-03T07:14:17.038000Z</time>
      </trkpt>
      <trkpt lat="19.439142" lon="98.33907">
        <ele>1097.339758</ele>
        <time>2025-09-03T07:14:42.889000Z</time>
      </trkpt>
      <trkpt lat="19.438965" lon="98.338811">
        <ele>1099.18859</ele>
        <time>2025-09-03T07:14:55.473000Z</time>
      </trkpt>
      <trkpt lat="19.438923" lon="98.33865">
        <ele>1099.943071</ele>
        <time>2025-09-03T07:15:01.887000Z</time>
      </trkpt>
      <trkpt lat="19.438906" lon="98.33801">
        <ele>1102.018352</ele>
        <time>2025-09-03T07:15:25.985000Z</time>
      </trkpt>
      <trkpt lat="19.438664" lon="98.3373">
        <ele>1104.465423</ele>
        <time>2025-09-03T07:15:52.519000Z</time>
      </trkpt>
      <trkpt lat="19.438492" lon="98.337155">
        <ele>1105.220689</ele>
        <time>2025-09-03T07:15:59.820000Z</time>
      </trkpt>
      <trkpt lat="19.438456" lon="98.337071">
        <ele>1105.519763</ele>
        <time>2025-09-03T07:16:02.510000Z</time>
      </trkpt>
      <trkpt lat="19.438456" lon="98.336972">
        <ele>1105.840656</ele>
        <time>2025-09-03T07:16:05.304000Z</time>
      </trkpt>
      <trkpt lat="19.438528" lon="98.336758">
        <ele>1105.534561</ele>
        <time>2025-09-03T07:16:11.030000Z</time>
      </trkpt>
      <trkpt lat="19.438685" lon="98.336583">
        <ele>1105.18553</ele>
        <time>2025-09-03T07:16:16.008000Z</time>
      </trkpt>
      <trkpt lat="19.43882" lon="98.33656">
        <ele>1104.976012</ele>
        <time>2025-09-03T07:16:18.616000Z</time>
      </trkpt>
      <trkpt lat="19.439102" lon="98.336613">
        <ele>1104.537158</ele>
        <time>2025-09-03T07:16:23.530000Z</time>
      </trkpt>
      <trkpt lat="19.439341" lon="98.336736">
        <ele>1104.13008</ele>
        <time>2025-09-03T07:16:27.719000Z</time>
      </trkpt>
      <trkpt lat="19.439428" lon="98.336842">
        <ele>1103.92702</ele>
        <time>2025-09-03T07:16:29.780000Z</time>
      </trkpt>
      <trkpt lat="19.439709" lon="98.337613">
        <ele>1104.436457</ele>
        <time>2025-09-03T07:16:42.367000Z</time>
      </trkpt>
      <trkpt lat="19.439909" lon="98.337956">
        <ele>1106.557065</ele>
        <time>2025-09-03T07:16:52.203000Z</time>
      </trkpt>
      <trkpt lat="19.440067" lon="98.338055">
        <ele>1107.580433</ele>
        <time>2025-09-03T07:16:59.006000Z</time>
      </trkpt>
      <trkpt lat="19.440153" lon="98.338017">
        <ele>1108.099964</ele>
        <time>2025-09-03T07:17:02.993000Z</time>
      </trkpt>
      <trkpt lat="19.440792" lon="98.337392">
        <ele>1112.947462</ele>
        <time>2025-09-03T07:17:58.127000Z</time>
      </trkpt>
      <trkpt lat="19.440935" lon="98.337117">
        <ele>1115.346665</ele>
        <time>2025-09-03T07:18:21.014000Z</time>
      </trkpt>
      <trkpt lat="19.440962" lon="98.33698">
        <ele>1116.457291</ele>
        <time>2025-09-03T07:18:31.068000Z</time>
      </trkpt>
      <trkpt lat="19.440954" lon="98.33659">
        <ele>1119.55279</ele>
        <time>2025-09-03T07:18:57.240000Z</time>
      </trkpt>
      <trkpt lat="19.441017" lon="98.336331">
        <ele>1121.675308</ele>
        <time>2025-09-03T07:19:13.070000Z</time>
      </trkpt>
      <trkpt lat="19.441124" lon="98.336255">
        <ele>1122.75903</ele>
        <time>2025-09-03T07:19:20.364000Z</time>
      </trkpt>
      <trkpt lat="19.441244" lon="98.336217">
        <ele>1123.812901</ele>
        <time>2025-09-03T07:19:26.835000Z</time>
      </trkpt>
      <trkpt lat="19.441734" lon="98.33624">
        <ele>1127.940331</ele>
        <time>2025-09-03T07:19:46.168000Z</time>
      </trkpt>
      <trkpt lat="19.441853" lon="98.336217">
        <ele>1128.633523</ele>
        <time>2025-09-03T07:19:49.562000Z</time>
      </trkpt>
      <trkpt lat="19.442137" lon="98.336087">
        <ele>1130.016421</ele>
        <time>2025-09-03T07:19:56.899000Z</time>
      </trkpt>
      <trkpt lat="19.442217" lon="98.336087">
        <ele>1130.374073</ele>
        <time>2025-09-03T07:19:58.611000Z</time>
      </trkpt>
      <trkpt lat="19.442637" lon="98.336339">
        <ele>1132.531451</ele>
        <time>2025-09-03T07:20:11.514000Z</time>
      </trkpt>
      <trkpt lat="19.442753" lon="98.336369">
        <ele>1133.065246</ele>
        <time>2025-09-03T07:20:15.633000Z</time>
      </trkpt>
      <trkpt lat="19.442949" lon="98.336346">
        <ele>1133.946843</ele>
        <time>2025-09-03T07:20:23.410000Z</time>
      </trkpt>
      <trkpt lat="19.443024" lon="98.336293">
        <ele>1134.349767</ele>
        <time>2025-09-03T07:20:27.431000Z</time>
      </trkpt>
      <trkpt lat="19.443094" lon="98.336095">
        <ele>1135.241213</ele>
        <time>2025-09-03T07:20:37.460000Z</time>
      </trkpt>
      <trkpt lat="19.443073" lon="98.335858">
        <ele>1136.244736</ele>
        <time>2025-09-03T07:20:50.436000Z</time>
      </trkpt>
      <trkpt lat="19.442965" lon="98.335667">
        <ele>1138.929822</ele>
        <time>2025-09-03T07:21:04.099000Z</time>
      </trkpt>
      <trkpt lat="19.442663" lon="98.335446">
        <ele>1143.836499</ele>
        <time>2025-09-03T07:21:31.365000Z</time>
      </trkpt>
      <trkpt lat="19.442589" lon="98.335355">
        <ele>1145.351751</ele>
        <time>2025-09-03T07:21:40.611000Z</time>
      </trkpt>
      <trkpt lat="19.442541" lon="98.335233">
        <ele>1147.018696</ele>
        <time>2025-09-03T07:21:51.074000Z</time>
      </trkpt>
      <trkpt lat="19.442532" lon="98.33511">
        <ele>1148.574376</ele>
        <time>2025-09-03T07:22:00.956000Z</time>
      </trkpt>
      <trkpt lat="19.442686" lon="98.33463">
        <ele>1154.967867</ele>
        <time>2025-09-03T07:22:42.300000Z</time>
      </trkpt>
      <trkpt lat="19.442612" lon="98.33437">
        <ele>1158.392522</ele>
        <time>2025-09-03T07:23:03.623000Z</time>
      </trkpt>
      <trkpt lat="19.442482" lon="98.334088">
        <ele>1162.053534</ele>
        <time>2025-09-03T07:23:26.451000Z</time>
      </trkpt>
      <trkpt lat="19.442089" lon="98.333546">
        <ele>1169.388764</ele>
        <time>2025-09-03T07:24:10.749000Z</time>
      </trkpt>
      <trkpt lat="19.442055" lon="98.333417">
        <ele>1170.825798</ele>
        <time>2025-09-03T07:24:18.991000Z</time>
      </trkpt>
      <trkpt lat="19.442141" lon="98.332646">
        <ele>1179.155223</ele>
        <time>2025-09-03T07:25:07.131000Z</time>
      </trkpt>
      <trkpt lat="19.442062" lon="98.332333">
        <ele>1181.785991</ele>
        <time>2025-09-03T07:25:25.915000Z</time>
      </trkpt>
      <trkpt lat="19.441929" lon="98.332074">
        <ele>1183.471021</ele>
        <time>2025-09-03T07:25:41.661000Z</time>
      </trkpt>
      <trkpt lat="19.441748" lon="98.331883">
        <ele>1185.018183</ele>
        <time>2025-09-03T07:25:55.303000Z</time>
      </trkpt>
      <trkpt lat="19.441637" lon="98.331837">
        <ele>1185.740279</ele>
        <time>2025-09-03T07:26:01.307000Z</time>
      </trkpt>
      <trkpt lat="19.441416" lon="98.331807">
        <ele>1187.090275</ele>
        <time>2025-09-03T07:26:12.164000Z</time>
      </trkpt>
      <trkpt lat="19.441366" lon="98.33186">
        <ele>1187.518627</ele>
        <time>2025-09-03T07:26:15.487000Z</time>
      </trkpt>
      <trkpt lat="19.441391" lon="98.332021">
        <ele>1188.450915</ele>
        <time>2025-09-03T07:26:22.437000Z</time>
      </trkpt>
      <trkpt lat="19.441454" lon="98.332097">
        <ele>1189.029083</ele>
        <time>2025-09-03T07:26:26.594000Z</time>
      </trkpt>
      <trkpt lat="19.441647" lon="98.332181">
        <ele>1190.293155</ele>
        <time>2025-09-03T07:26:34.963000Z</time>
      </trkpt>
      <trkpt lat="19.441733" lon="98.332249">
        <ele>1190.943143</ele>
        <time>2025-09-03T07:26:38.746000Z</time>
      </trkpt>
      <trkpt lat="19.441801" lon="98.332432">
        <ele>1191.635781</ele>
        <time>2025-09-03T07:26:44.153000Z</time>
      </trkpt>
      <trkpt lat="19.44178" lon="98.332501">
        <ele>1191.533836</ele>
        <time>2025-09-03T07:26:45.782000Z</time>
      </trkpt>
      <trkpt lat="19.441567" lon="98.332715">
        <ele>1191.096339</ele>
        <time>2025-09-03T07:26:51.498000Z</time>
      </trkpt>
      <trkpt lat="19.44142" lon="98.332913">
        <ele>1190.742013</ele>
        <time>2025-09-03T07:26:55.494000Z</time>
      </trkpt>
      <trkpt lat="19.441359" lon="98.333173">
        <ele>1190.365297</ele>
        <time>2025-09-03T07:26:59.505000Z</time>
      </trkpt>
      <trkpt lat="19.441431" lon="98.333669">
        <ele>1189.659684</ele>
        <time>2025-09-03T07:27:07.018000Z</time>
      </trkpt>
      <trkpt lat="19.44157" lon="98.334218">
        <ele>1189.626802</ele>
        <time>2025-09-03T07:27:16.393000Z</time>
      </trkpt>
      <trkpt lat="19.441559" lon="98.334431">
        <ele>1190.613703</ele>
        <time>2025-09-03T07:27:20.597000Z</time>
      </trkpt>
      <trkpt lat="19.441521" lon="98.3345">
        <ele>1190.983379</ele>
        <time>2025-09-03T07:27:22.379000Z</time>
      </trkpt>
      <trkpt lat="19.441366" lon="98.334485">
        <ele>1191.746992</ele>
        <time>2025-09-03T07:27:26.699000Z</time>
      </trkpt>
      <trkpt lat="19.44124" lon="98.334355">
        <ele>1192.609466</ele>
        <time>2025-09-03T07:27:32.467000Z</time>
      </trkpt>
      <trkpt lat="19.441219" lon="98.333943">
        <ele>1194.518332</ele>
        <time>2025-09-03T07:27:49.142000Z</time>
      </trkpt>
      <trkpt lat="19.441034" lon="98.333333">
        <ele>1197.482812</ele>
        <time>2025-09-03T07:28:25.161000Z</time>
      </trkpt>
      <trkpt lat="19.440983" lon="98.332715">
        <ele>1203.368773</ele>
        <time>2025-09-03T07:29:05.377000Z</time>
      </trkpt>
      <trkpt lat="19.44091" lon="98.332402">
        <ele>1206.667668</ele>
        <time>2025-09-03T07:29:26.192000Z</time>
      </trkpt>
      <trkpt lat="19.440519" lon="98.331815">
        <ele>1214.020682</ele>
        <time>2025-09-03T07:30:11.024000Z</time>
      </trkpt>
      <trkpt lat="19.440485" lon="98.331601">
        <ele>1216.241048</ele>
        <time>2025-09-03T07:30:24.188000Z</time>
      </trkpt>
      <trkpt lat="19.440609" lon="98.331265">
        <ele>1220.025183</ele>
        <time>2025-09-03T07:30:45.947000Z</time>
      </trkpt>
      <trkpt lat="19.440579" lon="98.331013">
        <ele>1222.718078</ele>
        <time>2025-09-03T07:31:01.236000Z</time>
      </trkpt>
      <trkpt lat="19.440474" lon="98.33096">
        <ele>1224.025493</ele>
        <time>2025-09-03T07:31:08.700000Z</time>
      </trkpt>
      <trkpt lat="19.440231" lon="98.330968">
        <ele>1226.758841</ele>
        <time>2025-09-03T07:31:24.398000Z</time>
      </trkpt>
      <trkpt lat="19.439764" lon="98.331128">
        <ele>1232.276513</ele>
        <time>2025-09-03T07:31:57.537000Z</time>
      </trkpt>
      <trkpt lat="19.439577" lon="98.331105">
        <ele>1234.393035</ele>
        <time>2025-09-03T07:32:10.633000Z</time>
      </trkpt>
      <trkpt lat="19.43935" lon="98.330861">
        <ele>1238.14769</ele>
        <time>2025-09-03T07:32:33.632000Z</time>
      </trkpt>
      <trkpt lat="19.439041" lon="98.33038">
        <ele>1246.065446</ele>
        <time>2025-09-03T07:33:14.057000Z</time>
      </trkpt>
      <trkpt lat="19.438877" lon="98.330022">
        <ele>1251.480019</ele>
        <time>2025-09-03T07:33:43.506000Z</time>
      </trkpt>
      <trkpt lat="19.43883" lon="98.329602">
        <ele>1257.233876</ele>
        <time>2025-09-03T07:34:16.335000Z</time>
      </trkpt>
      <trkpt lat="19.438934" lon="98.329335">
        <ele>1261.163869</ele>
        <time>2025-09-03T07:34:39.508000Z</time>
      </trkpt>
      <trkpt lat="19.439915" lon="98.328078">
        <ele>1286.036001</ele>
        <time>2025-09-03T07:37:00.951000Z</time>
      </trkpt>
      <trkpt lat="19.439949" lon="98.327947">
        <ele>1288.133969</ele>
        <time>2025-09-03T07:37:12.178000Z</time>
      </trkpt>
      <trkpt lat="19.439926" lon="98.327835">
        <ele>1289.903877</ele>
        <time>2025-09-03T07:37:21.390000Z</time>
      </trkpt>
      <trkpt lat="19.43964" lon="98.327398">
        <ele>1297.045884</ele>
        <time>2025-09-03T07:38:00.809000Z</time>
      </trkpt>
      <trkpt lat="19.439602" lon="98.327252">
        <ele>1298.894819</ele>
        <time>2025-09-03T07:38:11.282000Z</time>
      </trkpt>
      <trkpt lat="19.43961" lon="98.326962">
        <ele>1302.436505</ele>
        <time>2025-09-03T07:38:30.464000Z</time>
      </trkpt>
      <trkpt lat="19.439711" lon="98.326497">
        <ele>1308.261619</ele>
        <time>2025-09-03T07:39:01.490000Z</time>
      </trkpt>
      <trkpt lat="19.439761" lon="98.325786">
        <ele>1316.872789</ele>
        <time>2025-09-03T07:39:50.350000Z</time>
      </trkpt>
      <trkpt lat="19.439732" lon="98.325169">
        <ele>1323.389643</ele>
        <time>2025-09-03T07:40:35.659000Z</time>
      </trkpt>
      <trkpt lat="19.439804" lon="98.324895">
        <ele>1326.390212</ele>
        <time>2025-09-03T07:40:56.526000Z</time>
      </trkpt>
      <trkpt lat="19.439905" lon="98.324737">
        <ele>1328.403831</ele>
        <time>2025-09-03T07:41:10.111000Z</time>
      </trkpt>
      <trkpt lat="19.440021" lon="98.324662">
        <ele>1329.92367</ele>
        <time>2025-09-03T07:41:20.210000Z</time>
      </trkpt>
      <trkpt lat="19.440434" lon="98.324584">
        <ele>1334.616518</ele>
        <time>2025-09-03T07:41:47.479000Z</time>
      </trkpt>
      <trkpt lat="19.440971" lon="98.324382">
        <ele>1336.505656</ele>
        <time>2025-09-03T07:42:10.277000Z</time>
      </trkpt>
      <trkpt lat="19.44124" lon="98.324353">
        <ele>1336.571535</ele>
        <time>2025-09-03T07:42:15.634000Z</time>
      </trkpt>
      <trkpt lat="19.441402" lon="98.324366">
        <ele>1336.611119</ele>
        <time>2025-09-03T07:42:18.395000Z</time>
      </trkpt>
      <trkpt lat="19.44182" lon="98.324536">
        <ele>1336.720196</ele>
        <time>2025-09-03T07:42:25.649000Z</time>
      </trkpt>
      <trkpt lat="19.441977" lon="98.324652">
        <ele>1336.766818</ele>
        <time>2025-09-03T07:42:28.805000Z</time>
      </trkpt>
      <trkpt lat="19.442155" lon="98.32486">
        <ele>1336.831352</ele>
        <time>2025-09-03T07:42:33.353000Z</time>
      </trkpt>
      <trkpt lat="19.442357" lon="98.325051">
        <ele>1337.83899</ele>
        <time>2025-09-03T07:42:38.279000Z</time>
      </trkpt>
      <trkpt lat="19.442567" lon="98.325065">
        <ele>1338.796777</ele>
        <time>2025-09-03T07:42:42.798000Z</time>
      </trkpt>
      <trkpt lat="19.443133" lon="98.324806">
        <ele>1341.602776</ele>
        <time>2025-09-03T07:43:03.512000Z</time>
      </trkpt>
      <trkpt lat="19.443418" lon="98.324769">
        <ele>1342.909753</ele>
        <time>2025-09-03T07:43:17.966000Z</time>
      </trkpt>
      <trkpt lat="19.443655" lon="98.324849">
        <ele>1344.041887</ele>
        <time>2025-09-03T07:43:32.777000Z</time>
      </trkpt>
      <trkpt lat="19.443828" lon="98.324845">
        <ele>1344.829553</ele>
        <time>2025-09-03T07:43:44.005000Z</time>
      </trkpt>
      <trkpt lat="19.443945" lon="98.324747">
        <ele>1346.600024</ele>
        <time>2025-09-03T07:43:54.045000Z</time>
      </trkpt>
      <trkpt lat="19.444059" lon="98.324517">
        <ele>1350.268563</ele>
        <time>2025-09-03T07:44:11.439000Z</time>
      </trkpt>
      <trkpt lat="19.444106" lon="98.324253">
        <ele>1354.061714</ele>
        <time>2025-09-03T07:44:30.747000Z</time>
      </trkpt>
      <trkpt lat="19.444105" lon="98.324114">
        <ele>1356.024253</ele>
        <time>2025-09-03T07:44:41.466000Z</time>
      </trkpt>
      <trkpt lat="19.443962" lon="98.323232">
        <ele>1368.659565</ele>
        <time>2025-09-03T07:46:00.306000Z</time>
      </trkpt>
      <trkpt lat="19.443912" lon="98.322572">
        <ele>1378.141641</ele>
        <time>2025-09-03T07:46:55.157000Z</time>
      </trkpt>
      <trkpt lat="19.443857" lon="98.322474">
        <ele>1379.787404</ele>
        <time>2025-09-03T07:47:03.549000Z</time>
      </trkpt>
      <trkpt lat="19.443767" lon="98.322432">
        <ele>1381.292206</ele>
        <time>2025-09-03T07:47:10.954000Z</time>
      </trkpt>
      <trkpt lat="19.443666" lon="98.32247">
        <ele>1382.932283</ele>
        <time>2025-09-03T07:47:18.963000Z</time>
      </trkpt>
      <trkpt lat="19.443606" lon="98.322577">
        <ele>1384.728791</ele>
        <time>2025-09-03T07:47:27.641000Z</time>
      </trkpt>
      <trkpt lat="19.443587" lon="98.322739">
        <ele>1387.084628</ele>
        <time>2025-09-03T07:47:39.260000Z</time>
      </trkpt>
      <trkpt lat="19.44362" lon="98.32309">
        <ele>1392.175027</ele>
        <time>2025-09-03T07:48:05.269000Z</time>
      </trkpt>
      <trkpt lat="19.443565" lon="98.32326">
        <ele>1394.768676</ele>
        <time>2025-09-03T07:48:19.204000Z</time>
      </trkpt>
      <trkpt lat="19.443487" lon="98.323396">
        <ele>1397.0658</ele>
        <time>2025-09-03T07:48:31.847000Z</time>
      </trkpt>
      <trkpt lat="19.443384" lon="98.323465">
        <ele>1398.930254</ele>
        <time>2025-09-03T07:48:42.743000Z</time>
      </trkpt>
      <trkpt lat="19.443324" lon="98.323448">
        <ele>1399.895811</ele>
        <time>2025-09-03T07:48:48.293000Z</time>
      </trkpt>
      <trkpt lat="19.443262" lon="98.323358">
        <ele>1401.566138</ele>
        <time>2025-09-03T07:48:57.940000Z</time>
      </trkpt>
      <trkpt lat="19.443263" lon="98.323172">
        <ele>1404.353594</ele>
        <time>2025-09-03T07:49:14.516000Z</time>
      </trkpt>
      <trkpt lat="19.443073" lon="98.32245">
        <ele>1415.586992</ele>
        <time>2025-09-03T07:50:24.991000Z</time>
      </trkpt>
      <trkpt lat="19.443123" lon="98.322156">
        <ele>1420.063987</ele>
        <time>2025-09-03T07:50:53.826000Z</time>
      </trkpt>
      <trkpt lat="19.443541" lon="98.320949">
        <ele>1429.601112</ele>
        <time>2025-09-03T07:52:10.133000Z</time>
      </trkpt>
      <trkpt lat="19.443649" lon="98.320858">
        <ele>1429.898724</ele>
        <time>2025-09-03T07:52:12.751000Z</time>
      </trkpt>
      <trkpt lat="19.443748" lon="98.320804">
        <ele>1430.138919</ele>
        <time>2025-09-03T07:52:14.614000Z</time>
      </trkpt>
      <trkpt lat="19.444027" lon="98.320788">
        <ele>1430.741754</ele>
        <time>2025-09-03T07:52:18.858000Z</time>
      </trkpt>
      <trkpt lat="19.444555" lon="98.320611">
        <ele>1431.9365</ele>
        <time>2025-09-03T07:52:27.262000Z</time>
      </trkpt>
      <trkpt lat="19.44502" lon="98.320656">
        <ele>1431.88449</ele>
        <time>2025-09-03T07:52:35.247000Z</time>
      </trkpt>
      <trkpt lat="19.44511" lon="98.320595">
        <ele>1431.868567</ele>
        <time>2025-09-03T07:52:37.375000Z</time>
      </trkpt>
      <trkpt lat="19.445182" lon="98.320519">
        <ele>1431.853423</ele>
        <time>2025-09-03T07:52:39.669000Z</time>
      </trkpt>
      <trkpt lat="19.445215" lon="98.320408">
        <ele>1431.837063</ele>
        <time>2025-09-03T07:52:42.519000Z</time>
      </trkpt>
      <trkpt lat="19.445173" lon="98.319901">
        <ele>1431.765521</ele>
        <time>2025-09-03T07:52:56.599000Z</time>
      </trkpt>
      <trkpt lat="19.445214" lon="98.31974">
        <ele>1431.742079</ele>
        <time>2025-09-03T07:53:01.663000Z</time>
      </trkpt>
      <trkpt lat="19.445469" lon="98.319335">
        <ele>1431.466804</ele>
        <time>2025-09-03T07:53:16.309000Z</time>
      </trkpt>
      <trkpt lat="19.445874" lon="98.318895">
        <ele>1429.785582</ele>
        <time>2025-09-03T07:53:27.135000Z</time>
      </trkpt>
      <trkpt lat="19.445935" lon="98.318945">
        <ele>1429.562027</ele>
        <time>2025-09-03T07:53:32.521000Z</time>
      </trkpt>
      <trkpt lat="19.446002" lon="98.319005">
        <ele>1429.307748</ele>
        <time>2025-09-03T07:53:34.984000Z</time>
      </trkpt>
      <trkpt lat="19.446143" lon="98.318926">
        <ele>1428.845343</ele>
        <time>2025-09-03T07:53:39.443000Z</time>
      </trkpt>
      <trkpt lat="19.446275" lon="98.318883">
        <ele>1428.444938</ele>
        <time>2025-09-03T07:53:43.278000Z</time>
      </trkpt>
      <trkpt lat="19.446437" lon="98.319282">
        <ele>1427.257141</ele>
        <time>2025-09-03T07:54:11.779000Z</time>
      </trkpt>
      <trkpt lat="19.446448" lon="98.319341">
        <ele>1427.092697</ele>
        <time>2025-09-03T07:54:15.751000Z</time>
      </trkpt>
      <trkpt lat="19.446217" lon="98.319381">
        <ele>1426.407268</ele>
        <time>2025-09-03T07:54:32.025000Z</time>
      </trkpt>
      <trkpt lat="19.446448" lon="98.319341">
        <ele>1425.646004</ele>
        <time>2025-09-03T07:54:48.299000Z</time>
      </trkpt>
      <trkpt lat="19.446437" lon="98.319282">
        <ele>1425.461553</ele>
        <time>2025-09-03T07:54:52.269000Z</time>
      </trkpt>
      <trkpt lat="19.446275" lon="98.318883">
        <ele>1424.129243</ele>
        <time>2025-09-03T07:55:20.757000Z</time>
      </trkpt>
      <trkpt lat="19.446261" lon="98.318806">
        <ele>1423.888741</ele>
        <time>2025-09-03T07:55:25.846000Z</time>
      </trkpt>
      <trkpt lat="19.446231" lon="98.318724">
        <ele>1423.61899</ele>
        <time>2025-09-03T07:55:31.653000Z</time>
      </trkpt>
      <trkpt lat="19.446745" lon="98.318624">
        <ele>1421.919333</ele>
        <time>2025-09-03T07:55:40.279000Z</time>
      </trkpt>
      <trkpt lat="19.447231" lon="98.318436">
        <ele>1420.144305</ele>
        <time>2025-09-03T07:55:49.718000Z</time>
      </trkpt>
      <trkpt lat="19.447338" lon="98.318444">
        <ele>1419.711119</ele>
        <time>2025-09-03T07:55:51.753000Z</time>
      </trkpt>
      <trkpt lat="19.44784" lon="98.318676">
        <ele>1417.499682</ele>
        <time>2025-09-03T07:56:01.869000Z</time>
      </trkpt>
      <trkpt lat="19.447955" lon="98.31868">
        <ele>1417.035011</ele>
        <time>2025-09-03T07:56:03.768000Z</time>
      </trkpt>
      <trkpt lat="19.448059" lon="98.318647">
        <ele>1416.596616</ele>
        <time>2025-09-03T07:56:05.516000Z</time>
      </trkpt>
      <trkpt lat="19.448653" lon="98.318316">
        <ele>1413.886788</ele>
        <time>2025-09-03T07:56:15.342000Z</time>
      </trkpt>
      <trkpt lat="19.448763" lon="98.31823">
        <ele>1413.334622</ele>
        <time>2025-09-03T07:56:17.266000Z</time>
      </trkpt>
      <trkpt lat="19.449082" lon="98.317817">
        <ele>1411.275153</ele>
        <time>2025-09-03T07:56:24.339000Z</time>
      </trkpt>
      <trkpt lat="19.449203" lon="98.317718">
        <ele>1410.64994</ele>
        <time>2025-09-03T07:56:26.560000Z</time>
      </trkpt>
      <trkpt lat="19.449338" lon="98.317665">
        <ele>1410.061019</ele>
        <time>2025-09-03T07:56:28.717000Z</time>
      </trkpt>
      <trkpt lat="19.449636" lon="98.317645">
        <ele>1408.839446</ele>
        <time>2025-09-03T07:56:33.440000Z</time>
      </trkpt>
      <trkpt lat="19.450862" lon="98.317775">
        <ele>1404.834666</ele>
        <time>2025-09-03T07:56:57.211000Z</time>
      </trkpt>
      <trkpt lat="19.451133" lon="98.317759">
        <ele>1404.24745</ele>
        <time>2025-09-03T07:57:01.882000Z</time>
      </trkpt>
      <trkpt lat="19.451256" lon="98.317698">
        <ele>1403.953681</ele>
        <time>2025-09-03T07:57:04.232000Z</time>
      </trkpt>
      <trkpt lat="19.451679" lon="98.317228">
        <ele>1402.628227</ele>
        <time>2025-09-03T07:57:15.242000Z</time>
      </trkpt>
      <trkpt lat="19.451753" lon="98.317195">
        <ele>1402.45455</ele>
        <time>2025-09-03T07:57:16.574000Z</time>
      </trkpt>
      <trkpt lat="19.451986" lon="98.317204">
        <ele>1401.349265</ele>
        <time>2025-09-03T07:57:20.252000Z</time>
      </trkpt>
      <trkpt lat="19.452101" lon="98.317265">
        <ele>1399.998489</ele>
        <time>2025-09-03T07:57:22.239000Z</time>
      </trkpt>
      <trkpt lat="19.452375" lon="98.317522">
        <ele>1396.155836</ele>
        <time>2025-09-03T07:57:27.795000Z</time>
      </trkpt>
      <trkpt lat="19.452444" lon="98.317538">
        <ele>1395.413855</ele>
        <time>2025-09-03T07:57:28.831000Z</time>
      </trkpt>
      <trkpt lat="19.4525" lon="98.317526">
        <ele>1394.813677</ele>
        <time>2025-09-03T07:57:29.658000Z</time>
      </trkpt>
      <trkpt lat="19.452576" lon="98.317465">
        <ele>1393.812411</ele>
        <time>2025-09-03T07:57:31.040000Z</time>
      </trkpt>
      <trkpt lat="19.452895" lon="98.316871">
        <ele>1387.041141</ele>
        <time>2025-09-03T07:57:39.725000Z</time>
      </trkpt>
      <trkpt lat="19.452939" lon="98.31671">
        <ele>1385.380723</ele>
        <time>2025-09-03T07:57:41.758000Z</time>
      </trkpt>
      <trkpt lat="19.452974" lon="98.316251">
        <ele>1378.784363</ele>
        <time>2025-09-03T07:57:47.251000Z</time>
      </trkpt>
      <trkpt lat="19.45292" lon="98.315974">
        <ele>1373.598597</ele>
        <time>2025-09-03T07:57:50.615000Z</time>
      </trkpt>
      <trkpt lat="19.452865" lon="98.315863">
        <ele>1371.299714</ele>
        <time>2025-09-03T07:57:52.111000Z</time>
      </trkpt>
      <trkpt lat="19.452526" lon="98.315358">
        <ele>1359.93471</ele>
        <time>2025-09-03T07:57:59.496000Z</time>
      </trkpt>
      <trkpt lat="19.452484" lon="98.315254">
        <ele>1357.860508</ele>
        <time>2025-09-03T07:58:00.850000Z</time>
      </trkpt>
      <trkpt lat="19.452459" lon="98.315114">
        <ele>1355.248196</ele>
        <time>2025-09-03T07:58:02.574000Z</time>
      </trkpt>
      <trkpt lat="19.452495" lon="98.314979">
        <ele>1352.676099</ele>
        <time>2025-09-03T07:58:04.265000Z</time>
      </trkpt>
      <trkpt lat="19.45257" lon="98.314844">
        <ele>1349.803429</ele>
        <time>2025-09-03T07:58:06.177000Z</time>
      </trkpt>
      <trkpt lat="19.45267" lon="98.314724">
        <ele>1347.393513</ele>
        <time>2025-09-03T07:58:08.135000Z</time>
      </trkpt>
      <trkpt lat="19.453196" lon="98.314248">
        <ele>1339.105488</ele>
        <time>2025-09-03T07:58:17.161000Z</time>
      </trkpt>
      <trkpt lat="19.45327" lon="98.314124">
        <ele>1337.446943</ele>
        <time>2025-09-03T07:58:18.990000Z</time>
      </trkpt>
      <trkpt lat="19.453496" lon="98.313351">
        <ele>1328.30021</ele>
        <time>2025-09-03T07:58:29.276000Z</time>
      </trkpt>
      <trkpt lat="19.453707" lon="98.313083">
        <ele>1326.253142</ele>
        <time>2025-09-03T07:58:33.907000Z</time>
      </trkpt>
      <trkpt lat="19.453973" lon="98.312835">
        <ele>1325.473512</ele>
        <time>2025-09-03T07:58:39.267000Z</time>
      </trkpt>
      <trkpt lat="19.454282" lon="98.312635">
        <ele>1324.67665</ele>
        <time>2025-09-03T07:58:45.829000Z</time>
      </trkpt>
      <trkpt lat="19.45491" lon="98.312387">
        <ele>1323.201525</ele>
        <time>2025-09-03T07:59:04.463000Z</time>
      </trkpt>
      <trkpt lat="19.4552" lon="98.312237">
        <ele>1322.518603</ele>
        <time>2025-09-03T07:59:13.417000Z</time>
      </trkpt>
      <trkpt lat="19.455383" lon="98.312101">
        <ele>1322.08521</ele>
        <time>2025-09-03T07:59:18.761000Z</time>
      </trkpt>
      <trkpt lat="19.455451" lon="98.312033">
        <ele>1321.903943</ele>
        <time>2025-09-03T07:59:20.797000Z</time>
      </trkpt>
      <trkpt lat="19.455937" lon="98.311316">
        <ele>1320.289093</ele>
        <time>2025-09-03T07:59:35.231000Z</time>
      </trkpt>
      <trkpt lat="19.456057" lon="98.311009">
        <ele>1319.681341</ele>
        <time>2025-09-03T07:59:40.160000Z</time>
      </trkpt>
      <trkpt lat="19.456093" lon="98.310658">
        <ele>1318.515967</ele>
        <time>2025-09-03T07:59:45.399000Z</time>
      </trkpt>
      <trkpt lat="19.456088" lon="98.310432">
        <ele>1317.011448</ele>
        <time>2025-09-03T07:59:48.746000Z</time>
      </trkpt>
      <trkpt lat="19.456066" lon="98.310193">
        <ele>1315.413261</ele>
        <time>2025-09-03T07:59:52.310000Z</time>
      </trkpt>
      <trkpt lat="19.455985" lon="98.309936">
        <ele>1313.609816</ele>
        <time>2025-09-03T07:59:56.203000Z</time>
      </trkpt>
      <trkpt lat="19.4559" lon="98.309836">
        <ele>1312.713774</ele>
        <time>2025-09-03T07:59:58.074000Z</time>
      </trkpt>
      <trkpt lat="19.455757" lon="98.30978">
        <ele>1311.637813</ele>
        <time>2025-09-03T08:00:00.266000Z</time>
      </trkpt>
      <trkpt lat="19.455184" lon="98.309709">
        <ele>1307.565847</ele>
        <time>2025-09-03T08:00:08.190000Z</time>
      </trkpt>
      <trkpt lat="19.455064" lon="98.309655">
        <ele>1306.645748</ele>
        <time>2025-09-03T08:00:09.946000Z</time>
      </trkpt>
      <trkpt lat="19.454835" lon="98.309471">
        <ele>1302.410025</ele>
        <time>2025-09-03T08:00:13.777000Z</time>
      </trkpt>
      <trkpt lat="19.454767" lon="98.309373">
        <ele>1300.668625</ele>
        <time>2025-09-03T08:00:15.287000Z</time>
      </trkpt>
      <trkpt lat="19.454691" lon="98.309192">
        <ele>1297.832944</ele>
        <time>2025-09-03T08:00:17.736000Z</time>
      </trkpt>
      <trkpt lat="19.45462" lon="98.309098">
        <ele>1296.109216</ele>
        <time>2025-09-03T08:00:19.211000Z</time>
      </trkpt>
      <trkpt lat="19.454434" lon="98.308926">
        <ele>1292.363544</ele>
        <time>2025-09-03T08:00:22.399000Z</time>
      </trkpt>
      <trkpt lat="19.454332" lon="98.3089">
        <ele>1290.771253</ele>
        <time>2025-09-03T08:00:23.737000Z</time>
      </trkpt>
      <trkpt lat="19.454226" lon="98.308926">
        <ele>1289.119868</ele>
        <time>2025-09-03T08:00:25.136000Z</time>
      </trkpt>
      <trkpt lat="19.454025" lon="98.309125">
        <ele>1284.946229</ele>
        <time>2025-09-03T08:00:28.641000Z</time>
      </trkpt>
      <trkpt lat="19.453917" lon="98.309186">
        <ele>1283.088977</ele>
        <time>2025-09-03T08:00:30.199000Z</time>
      </trkpt>
      <trkpt lat="19.453788" lon="98.309188">
        <ele>1281.130749</ele>
        <time>2025-09-03T08:00:31.839000Z</time>
      </trkpt>
      <trkpt lat="19.453061" lon="98.308874">
        <ele>1272.073585</ele>
        <time>2025-09-03T08:00:42.007000Z</time>
      </trkpt>
      <trkpt lat="19.45285" lon="98.308859">
        <ele>1269.779109</ele>
        <time>2025-09-03T08:00:44.839000Z</time>
      </trkpt>
      <trkpt lat="19.45274" lon="98.308903">
        <ele>1268.503546</ele>
        <time>2025-09-03T08:00:46.442000Z</time>
      </trkpt>
      <trkpt lat="19.45265" lon="98.308999">
        <ele>1267.118578</ele>
        <time>2025-09-03T08:00:48.184000Z</time>
      </trkpt>
      <trkpt lat="19.452593" lon="98.309131">
        <ele>1265.633262</ele>
        <time>2025-09-03T08:00:50.104000Z</time>
      </trkpt>
      <trkpt lat="19.452592" lon="98.309279">
        <ele>1264.119094</ele>
        <time>2025-09-03T08:00:52.091000Z</time>
      </trkpt>
      <trkpt lat="19.45287" lon="98.309987">
        <ele>1257.584837</ele>
        <time>2025-09-03T08:01:03.024000Z</time>
      </trkpt>
      <trkpt lat="19.453055" lon="98.310588">
        <ele>1253.577647</ele>
        <time>2025-09-03T08:01:11.981000Z</time>
      </trkpt>
      <trkpt lat="19.453048" lon="98.310688">
        <ele>1252.94207</ele>
        <time>2025-09-03T08:01:13.350000Z</time>
      </trkpt>
      <trkpt lat="19.452982" lon="98.310859">
        <ele>1251.770928</ele>
        <time>2025-09-03T08:01:15.839000Z</time>
      </trkpt>
      <trkpt lat="19.4527" lon="98.311232">
        <ele>1248.740609</ele>
        <time>2025-09-03T08:01:22.158000Z</time>
      </trkpt>
      <trkpt lat="19.45268" lon="98.311304">
        <ele>1248.264857</ele>
        <time>2025-09-03T08:01:23.149000Z</time>
      </trkpt>
      <trkpt lat="19.4528" lon="98.311772">
        <ele>1244.094125</ele>
        <time>2025-09-03T08:01:29.417000Z</time>
      </trkpt>
      <trkpt lat="19.452766" lon="98.311948">
        <ele>1242.44358</ele>
        <time>2025-09-03T08:01:31.719000Z</time>
      </trkpt>
      <trkpt lat="19.452512" lon="98.312363">
        <ele>1237.898071</ele>
        <time>2025-09-03T08:01:38.095000Z</time>
      </trkpt>
      <trkpt lat="19.452216" lon="98.312669">
        <ele>1233.870505</ele>
        <time>2025-09-03T08:01:43.703000Z</time>
      </trkpt>
      <trkpt lat="19.452117" lon="98.312733">
        <ele>1232.740821</ele>
        <time>2025-09-03T08:01:45.273000Z</time>
      </trkpt>
      <trkpt lat="19.452022" lon="98.312751">
        <ele>1231.800536</ele>
        <time>2025-09-03T08:01:46.578000Z</time>
      </trkpt>
      <trkpt lat="19.451942" lon="98.312705">
        <ele>1230.913863</ele>
        <time>2025-09-03T08:01:47.797000Z</time>
      </trkpt>
      <trkpt lat="19.451916" lon="98.312642">
        <ele>1230.282051</ele>
        <time>2025-09-03T08:01:48.671000Z</time>
      </trkpt>
      <trkpt lat="19.452039" lon="98.312371">
        <ele>1227.954826</ele>
        <time>2025-09-03T08:01:52.492000Z</time>
      </trkpt>
      <trkpt lat="19.452222" lon="98.312074">
        <ele>1225.244612</ele>
        <time>2025-09-03T08:01:57.054000Z</time>
      </trkpt>
      <trkpt lat="19.452284" lon="98.311925">
        <ele>1224.000508</ele>
        <time>2025-09-03T08:01:59.226000Z</time>
      </trkpt>
      <trkpt lat="19.45229" lon="98.311675">
        <ele>1222.090154</ele>
        <time>2025-09-03T08:02:02.662000Z</time>
      </trkpt>
      <trkpt lat="19.452228" lon="98.311386">
        <ele>1219.826081</ele>
        <time>2025-09-03T08:02:06.847000Z</time>
      </trkpt>
      <trkpt lat="19.452267" lon="98.311013">
        <ele>1216.959292</ele>
        <time>2025-09-03T08:02:12.104000Z</time>
      </trkpt>
      <trkpt lat="19.452378" lon="98.310707">
        <ele>1213.983685</ele>
        <time>2025-09-03T08:02:16.470000Z</time>
      </trkpt>
      <trkpt lat="19.452341" lon="98.310486">
        <ele>1211.520778</ele>
        <time>2025-09-03T08:02:19.359000Z</time>
      </trkpt>
      <trkpt lat="19.452088" lon="98.310133">
        <ele>1206.655471</ele>
        <time>2025-09-03T08:02:24.900000Z</time>
      </trkpt>
      <trkpt lat="19.451682" lon="98.310064">
        <ele>1201.870566</ele>
        <time>2025-09-03T08:02:30.293000Z</time>
      </trkpt>
      <trkpt lat="19.451537" lon="98.310004">
        <ele>1200.059309</ele>
        <time>2025-09-03T08:02:32.338000Z</time>
      </trkpt>
      <trkpt lat="19.45132" lon="98.309902">
        <ele>1197.297161</ele>
        <time>2025-09-03T08:02:35.451000Z</time>
      </trkpt>
      <trkpt lat="19.45123" lon="98.30983">
        <ele>1195.985266</ele>
        <time>2025-09-03T08:02:36.933000Z</time>
      </trkpt>
      <trkpt lat="19.451174" lon="98.309712">
        <ele>1194.558038</ele>
        <time>2025-09-03T08:02:38.571000Z</time>
      </trkpt>
      <trkpt lat="19.451182" lon="98.309567">
        <ele>1193.490031</ele>
        <time>2025-09-03T08:02:40.376000Z</time>
      </trkpt>
      <trkpt lat="19.45132" lon="98.309128">
        <ele>1190.087415</ele>
        <time>2025-09-03T08:02:46.212000Z</time>
      </trkpt>
      <trkpt lat="19.451448" lon="98.308879">
        <ele>1188.002116</ele>
        <time>2025-09-03T08:02:49.877000Z</time>
      </trkpt>
      <trkpt lat="19.45147" lon="98.308739">
        <ele>1186.958502</ele>
        <time>2025-09-03T08:02:51.750000Z</time>
      </trkpt>
      <trkpt lat="19.451378" lon="98.308546">
        <ele>1185.368342</ele>
        <time>2025-09-03T08:02:54.723000Z</time>
      </trkpt>
      <trkpt lat="19.451153" lon="98.308224">
        <ele>1182.421426</ele>
        <time>2025-09-03T08:03:00.620000Z</time>
      </trkpt>
      <trkpt lat="19.451084" lon="98.307835">
        <ele>1179.877738</ele>
        <time>2025-09-03T08:03:07.041000Z</time>
      </trkpt>
      <trkpt lat="19.451096" lon="98.307721">
        <ele>1179.324374</ele>
        <time>2025-09-03T08:03:08.971000Z</time>
      </trkpt>
      <trkpt lat="19.451145" lon="98.307614">
        <ele>1178.75054</ele>
        <time>2025-09-03T08:03:10.955000Z</time>
      </trkpt>
      <trkpt lat="19.451231" lon="98.307538">
        <ele>1178.177823</ele>
        <time>2025-09-03T08:03:12.849000Z</time>
      </trkpt>
      <trkpt lat="19.451342" lon="98.3075">
        <ele>1177.581081</ele>
        <time>2025-09-03T08:03:14.773000Z</time>
      </trkpt>
      <trkpt lat="19.451731" lon="98.307614">
        <ele>1175.516332</ele>
        <time>2025-09-03T08:03:21.238000Z</time>
      </trkpt>
      <trkpt lat="19.451952" lon="98.307637">
        <ele>1174.380243</ele>
        <time>2025-09-03T08:03:24.531000Z</time>
      </trkpt>
      <trkpt lat="19.45204" lon="98.307576">
        <ele>1173.842387</ele>
        <time>2025-09-03T08:03:26.073000Z</time>
      </trkpt>
      <trkpt lat="19.452101" lon="98.307477">
        <ele>1173.271877</ele>
        <time>2025-09-03T08:03:27.695000Z</time>
      </trkpt>
      <trkpt lat="19.452194" lon="98.307019">
        <ele>1171.13062</ele>
        <time>2025-09-03T08:03:33.802000Z</time>
      </trkpt>
      <trkpt lat="19.452223" lon="98.306653">
        <ele>1169.937799</ele>
        <time>2025-09-03T08:03:38.519000Z</time>
      </trkpt>
      <trkpt lat="19.452199" lon="98.306097">
        <ele>1168.130227</ele>
        <time>2025-09-03T08:03:45.975000Z</time>
      </trkpt>
      <trkpt lat="19.452218" lon="98.30605">
        <ele>1167.964152</ele>
        <time>2025-09-03T08:03:46.761000Z</time>
      </trkpt>
      <trkpt lat="19.45228" lon="98.306003">
        <ele>1167.701667</ele>
        <time>2025-09-03T08:03:48.046000Z</time>
      </trkpt>
      <trkpt lat="19.45236" lon="98.305991">
        <ele>1167.423386</ele>
        <time>2025-09-03T08:03:49.578000Z</time>
      </trkpt>
      <trkpt lat="19.452479" lon="98.306043">
        <ele>1166.980096</ele>
        <time>2025-09-03T08:03:52.604000Z</time>
      </trkpt>
      <trkpt lat="19.452749" lon="98.306355">
        <ele>1165.604785</ele>
        <time>2025-09-03T08:04:07.892000Z</time>
      </trkpt>
      <trkpt lat="19.453301" lon="98.306866">
        <ele>1162.111779</ele>
        <time>2025-09-03T08:04:33.174000Z</time>
      </trkpt>
      <trkpt lat="19.453459" lon="98.306928">
        <ele>1161.263598</ele>
        <time>2025-09-03T08:04:35.986000Z</time>
      </trkpt>
      <trkpt lat="19.453545" lon="98.306889">
        <ele>1160.792695</ele>
        <time>2025-09-03T08:04:37.382000Z</time>
      </trkpt>
      <trkpt lat="19.453646" lon="98.306782">
        <ele>1160.073952</ele>
        <time>2025-09-03T08:04:39.434000Z</time>
      </trkpt>
      <trkpt lat="19.453713" lon="98.306653">
        <ele>1159.374802</ele>
        <time>2025-09-03T08:04:41.363000Z</time>
      </trkpt>
      <trkpt lat="19.453779" lon="98.306393">
        <ele>1158.096576</ele>
        <time>2025-09-03T08:04:44.788000Z</time>
      </trkpt>
      <trkpt lat="19.453905" lon="98.306126">
        <ele>1156.679183</ele>
        <time>2025-09-03T08:04:48.515000Z</time>
      </trkpt>
      <trkpt lat="19.454073" lon="98.305905">
        <ele>1154.608722</ele>
        <time>2025-09-03T08:04:52.017000Z</time>
      </trkpt>
      <trkpt lat="19.454296" lon="98.305783">
        <ele>1152.194413</ele>
        <time>2025-09-03T08:04:55.308000Z</time>
      </trkpt>
      <trkpt lat="19.454418" lon="98.305783">
        <ele>1151.020561</ele>
        <time>2025-09-03T08:04:56.917000Z</time>
      </trkpt>
      <trkpt lat="19.455019" lon="98.306058">
        <ele>1144.722644</ele>
        <time>2025-09-03T08:05:05.923000Z</time>
      </trkpt>
      <trkpt lat="19.45583" lon="98.306309">
        <ele>1136.405428</ele>
        <time>2025-09-03T08:05:18.153000Z</time>
      </trkpt>
      <trkpt lat="19.455963" lon="98.306312">
        <ele>1135.016998</ele>
        <time>2025-09-03T08:05:20.004000Z</time>
      </trkpt>
      <trkpt lat="19.456086" lon="98.306283">
        <ele>1133.701911</ele>
        <time>2025-09-03T08:05:21.729000Z</time>
      </trkpt>
      <trkpt lat="19.456121" lon="98.306237">
        <ele>1133.120221</ele>
        <time>2025-09-03T08:05:22.492000Z</time>
      </trkpt>
      <trkpt lat="19.45612" lon="98.30617">
        <ele>1132.460793</ele>
        <time>2025-09-03T08:05:23.349000Z</time>
      </trkpt>
      <trkpt lat="19.456056" lon="98.306084">
        <ele>1131.382626</ele>
        <time>2025-09-03T08:05:24.745000Z</time>
      </trkpt>
      <trkpt lat="19.455721" lon="98.305975">
        <ele>1127.725397</ele>
        <time>2025-09-03T08:05:29.445000Z</time>
      </trkpt>
      <trkpt lat="19.455422" lon="98.305813">
        <ele>1124.221101</ele>
        <time>2025-09-03T08:05:33.919000Z</time>
      </trkpt>
      <trkpt lat="19.454789" lon="98.30524">
        <ele>1114.701341</ele>
        <time>2025-09-03T08:05:44.903000Z</time>
      </trkpt>
      <trkpt lat="19.454064" lon="98.304661">
        <ele>1103.4782</ele>
        <time>2025-09-03T08:05:56.908000Z</time>
      </trkpt>
      <trkpt lat="19.453627" lon="98.304432">
        <ele>1097.60096</ele>
        <time>2025-09-03T08:06:03.371000Z</time>
      </trkpt>
      <trkpt lat="19.453062" lon="98.30424">
        <ele>1093.385993</ele>
        <time>2025-09-03T08:06:11.326000Z</time>
      </trkpt>
      <trkpt lat="19.452827" lon="98.304084">
        <ele>1091.416392</ele>
        <time>2025-09-03T08:06:15.172000Z</time>
      </trkpt>
      <trkpt lat="19.452765" lon="98.303954">
        <ele>1090.440494</ele>
        <time>2025-09-03T08:06:17.133000Z</time>
      </trkpt>
      <trkpt lat="19.452744" lon="98.303773">
        <ele>1089.21887</ele>
        <time>2025-09-03T08:06:19.661000Z</time>
      </trkpt>
      <trkpt lat="19.452755" lon="98.303593">
        <ele>1088.010559</ele>
        <time>2025-09-03T08:06:22.283000Z</time>
      </trkpt>
      <trkpt lat="19.452798" lon="98.30349">
        <ele>1087.255982</ele>
        <time>2025-09-03T08:06:23.971000Z</time>
      </trkpt>
      <trkpt lat="19.452876" lon="98.303432">
        <ele>1086.579208</ele>
        <time>2025-09-03T08:06:25.560000Z</time>
      </trkpt>
      <trkpt lat="19.452989" lon="98.303434">
        <ele>1085.776308</ele>
        <time>2025-09-03T08:06:27.491000Z</time>
      </trkpt>
      <trkpt lat="19.453094" lon="98.303478">
        <ele>1085.025314</ele>
        <time>2025-09-03T08:06:29.495000Z</time>
      </trkpt>
      <trkpt lat="19.453357" lon="98.303918">
        <ele>1084.980555</ele>
        <time>2025-09-03T08:06:40.418000Z</time>
      </trkpt>
      <trkpt lat="19.453533" lon="98.304009">
        <ele>1084.962714</ele>
        <time>2025-09-03T08:06:46.169000Z</time>
      </trkpt>
      <trkpt lat="19.453675" lon="98.304046">
        <ele>1084.94939</ele>
        <time>2025-09-03T08:06:50.725000Z</time>
      </trkpt>
      <trkpt lat="19.453996" lon="98.304009">
        <ele>1084.919969</ele>
        <time>2025-09-03T08:07:01.044000Z</time>
      </trkpt>
      <trkpt lat="19.454198" lon="98.304038">
        <ele>1084.901395</ele>
        <time>2025-09-03T08:07:07Z</time>
      </trkpt>
      <trkpt lat="19.454881" lon="98.304458">
        <ele>1082.071397</ele>
        <time>2025-09-03T08:07:21.777000Z</time>
      </trkpt>
      <trkpt lat="19.455255" lon="98.304635">
        <ele>1078.879982</ele>
        <time>2025-09-03T08:07:27.778000Z</time>
      </trkpt>
      <trkpt lat="19.455541" lon="98.304711">
        <ele>1076.582424</ele>
        <time>2025-09-03T08:07:31.883000Z</time>
      </trkpt>
      <trkpt lat="19.455772" lon="98.304687">
        <ele>1074.773733</ele>
        <time>2025-09-03T08:07:35.015000Z</time>
      </trkpt>
      <trkpt lat="19.45587" lon="98.304596">
        <ele>1073.758719</ele>
        <time>2025-09-03T08:07:36.759000Z</time>
      </trkpt>
      <trkpt lat="19.456491" lon="98.303569">
        <ele>1060.912451</ele>
        <time>2025-09-03T08:07:51.849000Z</time>
      </trkpt>
      <trkpt lat="19.456605" lon="98.303445">
        <ele>1058.823681</ele>
        <time>2025-09-03T08:07:53.991000Z</time>
      </trkpt>
      <trkpt lat="19.456957" lon="98.303197">
        <ele>1053.418221</ele>
        <time>2025-09-03T08:07:59.535000Z</time>
      </trkpt>
      <trkpt lat="19.457061" lon="98.303071">
        <ele>1051.398568</ele>
        <time>2025-09-03T08:08:01.611000Z</time>
      </trkpt>
      <trkpt lat="19.457235" lon="98.302505">
        <ele>1046.178412</ele>
        <time>2025-09-03T08:08:09.110000Z</time>
      </trkpt>
      <trkpt lat="19.457313" lon="98.301857">
        <ele>1042.564332</ele>
        <time>2025-09-03T08:08:17.716000Z</time>
      </trkpt>
      <trkpt lat="19.457373" lon="98.301722">
        <ele>1041.738647</ele>
        <time>2025-09-03T08:08:19.804000Z</time>
      </trkpt>
      <trkpt lat="19.457446" lon="98.30166">
        <ele>1041.189905</ele>
        <time>2025-09-03T08:08:21.229000Z</time>
      </trkpt>
      <trkpt lat="19.457668" lon="98.301629">
        <ele>1039.876084</ele>
        <time>2025-09-03T08:08:24.791000Z</time>
      </trkpt>
      <trkpt lat="19.457823" lon="98.301677">
        <ele>1038.928649</ele>
        <time>2025-09-03T08:08:27.604000Z</time>
      </trkpt>
      <trkpt lat="19.457977" lon="98.301774">
        <ele>1037.877716</ele>
        <time>2025-09-03T08:08:31.087000Z</time>
      </trkpt>
      <trkpt lat="19.458244" lon="98.301996">
        <ele>1037.47868</ele>
        <time>2025-09-03T08:08:39.933000Z</time>
      </trkpt>
      <trkpt lat="19.458422" lon="98.30221">
        <ele>1037.696383</ele>
        <time>2025-09-03T08:08:48.825000Z</time>
      </trkpt>
      <trkpt lat="19.458451" lon="98.302336">
        <ele>1037.795329</ele>
        <time>2025-09-03T08:08:53.126000Z</time>
      </trkpt>
      <trkpt lat="19.458454" lon="98.302631">
        <ele>1038.020393</ele>
        <time>2025-09-03T08:09:03.016000Z</time>
      </trkpt>
      <trkpt lat="19.458425" lon="98.302816">
        <ele>1038.163464</ele>
        <time>2025-09-03T08:09:08.993000Z</time>
      </trkpt>
      <trkpt lat="19.458203" lon="98.303449">
        <ele>1038.678694</ele>
        <time>2025-09-03T08:09:26.080000Z</time>
      </trkpt>
      <trkpt lat="19.458181" lon="98.303599">
        <ele>1038.355889</ele>
        <time>2025-09-03T08:09:28.719000Z</time>
      </trkpt>
      <trkpt lat="19.4582" lon="98.304067">
        <ele>1035.779329</ele>
        <time>2025-09-03T08:09:35.645000Z</time>
      </trkpt>
      <trkpt lat="19.458264" lon="98.304315">
        <ele>1034.365067</ele>
        <time>2025-09-03T08:09:39.081000Z</time>
      </trkpt>
      <trkpt lat="19.458427" lon="98.304518">
        <ele>1032.898474</ele>
        <time>2025-09-03T08:09:42.585000Z</time>
      </trkpt>
      <trkpt lat="19.458837" lon="98.304881">
        <ele>1029.782861</ele>
        <time>2025-09-03T08:09:50.212000Z</time>
      </trkpt>
      <trkpt lat="19.458954" lon="98.30493">
        <ele>1029.049048</ele>
        <time>2025-09-03T08:09:52.008000Z</time>
      </trkpt>
      <trkpt lat="19.459027" lon="98.304899">
        <ele>1028.59033</ele>
        <time>2025-09-03T08:09:53.108000Z</time>
      </trkpt>
      <trkpt lat="19.459063" lon="98.304812">
        <ele>1027.973505</ele>
        <time>2025-09-03T08:09:54.383000Z</time>
      </trkpt>
      <trkpt lat="19.459053" lon="98.30474">
        <ele>1027.364601</ele>
        <time>2025-09-03T08:09:55.334000Z</time>
      </trkpt>
      <trkpt lat="19.459003" lon="98.304659">
        <ele>1026.554579</ele>
        <time>2025-09-03T08:09:56.623000Z</time>
      </trkpt>
      <trkpt lat="19.458653" lon="98.304361">
        <ele>1022.571844</ele>
        <time>2025-09-03T08:10:02.968000Z</time>
      </trkpt>
      <trkpt lat="19.45859" lon="98.304228">
        <ele>1021.326535</ele>
        <time>2025-09-03T08:10:04.976000Z</time>
      </trkpt>
      <trkpt lat="19.4586" lon="98.304129">
        <ele>1020.493488</ele>
        <time>2025-09-03T08:10:06.327000Z</time>
      </trkpt>
      <trkpt lat="19.459049" lon="98.303025">
        <ele>1008.764168</ele>
        <time>2025-09-03T08:10:21.895000Z</time>
      </trkpt>
      <trkpt lat="19.459152" lon="98.302717">
        <ele>1003.567642</ele>
        <time>2025-09-03T08:10:25.875000Z</time>
      </trkpt>
      <trkpt lat="19.459261" lon="98.302553">
        <ele>1000.377057</ele>
        <time>2025-09-03T08:10:28.308000Z</time>
      </trkpt>
      <trkpt lat="19.459405" lon="98.302451">
        <ele>997.456731</ele>
        <time>2025-09-03T08:10:30.524000Z</time>
      </trkpt>
      <trkpt lat="19.459838" lon="98.302235">
        <ele>989.386926</ele>
        <time>2025-09-03T08:10:36.603000Z</time>
      </trkpt>
      <trkpt lat="19.459964" lon="98.302113">
        <ele>986.509637</ele>
        <time>2025-09-03T08:10:38.773000Z</time>
      </trkpt>
      <trkpt lat="19.460532" lon="98.301331">
        <ele>971.796792</ele>
        <time>2025-09-03T08:10:50.595000Z</time>
      </trkpt>
      <trkpt lat="19.460856" lon="98.301036">
        <ele>965.231174</ele>
        <time>2025-09-03T08:10:56.096000Z</time>
      </trkpt>
      <trkpt lat="19.46107" lon="98.30092">
        <ele>961.535954</ele>
        <time>2025-09-03T08:10:59.253000Z</time>
      </trkpt>
      <trkpt lat="19.461625" lon="98.300701">
        <ele>953.540434</ele>
        <time>2025-09-03T08:11:07.230000Z</time>
      </trkpt>
      <trkpt lat="19.461976" lon="98.300503">
        <ele>951.057214</ele>
        <time>2025-09-03T08:11:12.868000Z</time>
      </trkpt>
      <trkpt lat="19.462576" lon="98.300035">
        <ele>946.40514</ele>
        <time>2025-09-03T08:11:23.951000Z</time>
      </trkpt>
      <trkpt lat="19.462927" lon="98.29957">
        <ele>943.011556</ele>
        <time>2025-09-03T08:11:32.642000Z</time>
      </trkpt>
      <trkpt lat="19.462946" lon="98.299394">
        <ele>942.680045</ele>
        <time>2025-09-03T08:11:35.266000Z</time>
      </trkpt>
      <trkpt lat="19.462895" lon="98.299312">
        <ele>942.496215</ele>
        <time>2025-09-03T08:11:36.745000Z</time>
      </trkpt>
      <trkpt lat="19.4628" lon="98.299302">
        <ele>942.306735</ele>
        <time>2025-09-03T08:11:38.265000Z</time>
      </trkpt>
      <trkpt lat="19.462685" lon="98.299331">
        <ele>942.072124</ele>
        <time>2025-09-03T08:11:40.178000Z</time>
      </trkpt>
      <trkpt lat="19.462371" lon="98.299637">
        <ele>941.22577</ele>
        <time>2025-09-03T08:11:47.273000Z</time>
      </trkpt>
      <trkpt lat="19.462041" lon="98.299837">
        <ele>940.471402</ele>
        <time>2025-09-03T08:11:54.384000Z</time>
      </trkpt>
      <trkpt lat="19.461482" lon="98.300062">
        <ele>939.380225</ele>
        <time>2025-09-03T08:12:08.309000Z</time>
      </trkpt>
      <trkpt lat="19.460818" lon="98.300257">
        <ele>938.634041</ele>
        <time>2025-09-03T08:12:24.576000Z</time>
      </trkpt>
      <trkpt lat="19.460454" lon="98.300312">
        <ele>938.235841</ele>
        <time>2025-09-03T08:12:32.027000Z</time>
      </trkpt>
      <trkpt lat="19.460323" lon="98.300293">
        <ele>938.092645</ele>
        <time>2025-09-03T08:12:34.524000Z</time>
      </trkpt>
      <trkpt lat="19.460238" lon="98.300246">
        <ele>937.988829</ele>
        <time>2025-09-03T08:12:36.257000Z</time>
      </trkpt>
      <trkpt lat="19.460205" lon="98.300129">
        <ele>937.864123</ele>
        <time>2025-09-03T08:12:38.274000Z</time>
      </trkpt>
      <trkpt lat="19.460249" lon="98.299867">
        <ele>937.592371</ele>
        <time>2025-09-03T08:12:42.483000Z</time>
      </trkpt>
      <trkpt lat="19.460239" lon="98.299787">
        <ele>937.336819</ele>
        <time>2025-09-03T08:12:43.703000Z</time>
      </trkpt>
      <trkpt lat="19.460189" lon="98.299694">
        <ele>936.716164</ele>
        <time>2025-09-03T08:12:45.301000Z</time>
      </trkpt>
      <trkpt lat="19.460104" lon="98.299649">
        <ele>936.132028</ele>
        <time>2025-09-03T08:12:46.776000Z</time>
      </trkpt>
      <trkpt lat="19.459691" lon="98.299562">
        <ele>933.543006</ele>
        <time>2025-09-03T08:12:53.119000Z</time>
      </trkpt>
      <trkpt lat="19.459611" lon="98.299505">
        <ele>932.950415</ele>
        <time>2025-09-03T08:12:54.543000Z</time>
      </trkpt>
      <trkpt lat="19.459588" lon="98.299439">
        <ele>932.542484</ele>
        <time>2025-09-03T08:12:55.533000Z</time>
      </trkpt>
      <trkpt lat="19.459662" lon="98.299357">
        <ele>931.884435</ele>
        <time>2025-09-03T08:12:57.100000Z</time>
      </trkpt>
      <trkpt lat="19.459841" lon="98.299348">
        <ele>930.78258</ele>
        <time>2025-09-03T08:12:59.702000Z</time>
      </trkpt>
      <trkpt lat="19.460325" lon="98.299409">
        <ele>927.785666</ele>
        <time>2025-09-03T08:13:06.652000Z</time>
      </trkpt>
      <trkpt lat="19.460431" lon="98.299463">
        <ele>927.062614</ele>
        <time>2025-09-03T08:13:08.292000Z</time>
      </trkpt>
      <trkpt lat="19.460551" lon="98.299695">
        <ele>924.834018</ele>
        <time>2025-09-03T08:13:11.733000Z</time>
      </trkpt>
      <trkpt lat="19.46063" lon="98.299765">
        <ele>923.742733</ele>
        <time>2025-09-03T08:13:13.131000Z</time>
      </trkpt>
      <trkpt lat="19.460733" lon="98.299759">
        <ele>922.649192</ele>
        <time>2025-09-03T08:13:14.524000Z</time>
      </trkpt>
      <trkpt lat="19.460852" lon="98.299684">
        <ele>921.181752</ele>
        <time>2025-09-03T08:13:16.401000Z</time>
      </trkpt>
      <trkpt lat="19.461219" lon="98.299374">
        <ele>916.208096</ele>
        <time>2025-09-03T08:13:22.676000Z</time>
      </trkpt>
      <trkpt lat="19.461363" lon="98.299207">
        <ele>913.946113</ele>
        <time>2025-09-03T08:13:25.520000Z</time>
      </trkpt>
      <trkpt lat="19.461548" lon="98.298999">
        <ele>911.088056</ele>
        <time>2025-09-03T08:13:29.112000Z</time>
      </trkpt>
      <trkpt lat="19.461784" lon="98.298831">
        <ele>908.074948</ele>
        <time>2025-09-03T08:13:32.906000Z</time>
      </trkpt>
      <trkpt lat="19.46191" lon="98.298654">
        <ele>906.302311</ele>
        <time>2025-09-03T08:13:35.715000Z</time>
      </trkpt>
      <trkpt lat="19.461929" lon="98.298342">
        <ele>904.065749</ele>
        <time>2025-09-03T08:13:39.732000Z</time>
      </trkpt>
      <trkpt lat="19.46191" lon="98.298038">
        <ele>901.886294</ele>
        <time>2025-09-03T08:13:43.707000Z</time>
      </trkpt>
      <trkpt lat="19.461953" lon="98.2976">
        <ele>898.736095</ele>
        <time>2025-09-03T08:13:49.640000Z</time>
      </trkpt>
      <trkpt lat="19.46203" lon="98.297215">
        <ele>895.920697</ele>
        <time>2025-09-03T08:13:55.128000Z</time>
      </trkpt>
      <trkpt lat="19.462096" lon="98.297113">
        <ele>895.035737</ele>
        <time>2025-09-03T08:13:56.892000Z</time>
      </trkpt>
      <trkpt lat="19.462318" lon="98.297014">
        <ele>893.394427</ele>
        <time>2025-09-03T08:14:00.573000Z</time>
      </trkpt>
      <trkpt lat="19.463304" lon="98.2968">
        <ele>888.268675</ele>
        <time>2025-09-03T08:14:16.105000Z</time>
      </trkpt>
      <trkpt lat="19.463563" lon="98.296845">
        <ele>886.932009</ele>
        <time>2025-09-03T08:14:19.988000Z</time>
      </trkpt>
      <trkpt lat="19.463901" lon="98.296937">
        <ele>885.154795</ele>
        <time>2025-09-03T08:14:25.140000Z</time>
      </trkpt>
      <trkpt lat="19.464037" lon="98.296945">
        <ele>884.40353</ele>
        <time>2025-09-03T08:14:27.137000Z</time>
      </trkpt>
      <trkpt lat="19.464262" lon="98.296831">
        <ele>882.653913</ele>
        <time>2025-09-03T08:14:30.816000Z</time>
      </trkpt>
      <trkpt lat="19.464413" lon="98.296782">
        <ele>881.545931</ele>
        <time>2025-09-03T08:14:33.154000Z</time>
      </trkpt>
      <trkpt lat="19.464545" lon="98.296792">
        <ele>880.617385</ele>
        <time>2025-09-03T08:14:35.091000Z</time>
      </trkpt>
      <trkpt lat="19.464653" lon="98.296838">
        <ele>879.800775</ele>
        <time>2025-09-03T08:14:36.797000Z</time>
      </trkpt>
      <trkpt lat="19.464756" lon="98.296907">
        <ele>878.945981</ele>
        <time>2025-09-03T08:14:38.561000Z</time>
      </trkpt>
      <trkpt lat="19.465051" lon="98.297618">
        <ele>873.807038</ele>
        <time>2025-09-03T08:14:48.977000Z</time>
      </trkpt>
      <trkpt lat="19.465187" lon="98.297774">
        <ele>872.401453</ele>
        <time>2025-09-03T08:14:51.787000Z</time>
      </trkpt>
      <trkpt lat="19.465319" lon="98.297804">
        <ele>871.087897</ele>
        <time>2025-09-03T08:14:53.671000Z</time>
      </trkpt>
      <trkpt lat="19.465426" lon="98.2978">
        <ele>869.825995</ele>
        <time>2025-09-03T08:14:55.155000Z</time>
      </trkpt>
      <trkpt lat="19.46554" lon="98.297751">
        <ele>868.376231</ele>
        <time>2025-09-03T08:14:56.845000Z</time>
      </trkpt>
      <trkpt lat="19.465867" lon="98.297479">
        <ele>863.478277</ele>
        <time>2025-09-03T08:15:02.463000Z</time>
      </trkpt>
      <trkpt lat="19.465966" lon="98.297439">
        <ele>862.229649</ele>
        <time>2025-09-03T08:15:03.884000Z</time>
      </trkpt>
      <trkpt lat="19.466059" lon="98.297447">
        <ele>861.129937</ele>
        <time>2025-09-03T08:15:05.114000Z</time>
      </trkpt>
      <trkpt lat="19.466194" lon="98.297502">
        <ele>859.425459</ele>
        <time>2025-09-03T08:15:07.027000Z</time>
      </trkpt>
      <trkpt lat="19.466717" lon="98.297754">
        <ele>852.655027</ele>
        <time>2025-09-03T08:15:14.529000Z</time>
      </trkpt>
      <trkpt lat="19.466846" lon="98.297784">
        <ele>851.098493</ele>
        <time>2025-09-03T08:15:16.259000Z</time>
      </trkpt>
      <trkpt lat="19.466972" lon="98.297769">
        <ele>849.60422</ele>
        <time>2025-09-03T08:15:17.908000Z</time>
      </trkpt>
      <trkpt lat="19.467087" lon="98.297701">
        <ele>848.052546</ele>
        <time>2025-09-03T08:15:19.619000Z</time>
      </trkpt>
      <trkpt lat="19.467586" lon="98.296983">
        <ele>838.141387</ele>
        <time>2025-09-03T08:15:30.644000Z</time>
      </trkpt>
      <trkpt lat="19.467819" lon="98.296793">
        <ele>834.677707</ele>
        <time>2025-09-03T08:15:34.588000Z</time>
      </trkpt>
      <trkpt lat="19.46796" lon="98.296739">
        <ele>832.911</ele>
        <time>2025-09-03T08:15:36.634000Z</time>
      </trkpt>
      <trkpt lat="19.468336" lon="98.296671">
        <ele>828.981403</ele>
        <time>2025-09-03T08:15:41.985000Z</time>
      </trkpt>
      <trkpt lat="19.468445" lon="98.296594">
        <ele>828.177059</ele>
        <time>2025-09-03T08:15:43.874000Z</time>
      </trkpt>
      <trkpt lat="19.468532" lon="98.29643">
        <ele>827.087399</ele>
        <time>2025-09-03T08:15:46.499000Z</time>
      </trkpt>
      <trkpt lat="19.468635" lon="98.29608">
        <ele>824.96426</ele>
        <time>2025-09-03T08:15:51.701000Z</time>
      </trkpt>
      <trkpt lat="19.468694" lon="98.295677">
        <ele>822.602689</ele>
        <time>2025-09-03T08:15:57.523000Z</time>
      </trkpt>
      <trkpt lat="19.46875" lon="98.295557">
        <ele>821.827358</ele>
        <time>2025-09-03T08:15:59.422000Z</time>
      </trkpt>
      <trkpt lat="19.468847" lon="98.295461">
        <ele>821.012535</ele>
        <time>2025-09-03T08:16:01.409000Z</time>
      </trkpt>
      <trkpt lat="19.468991" lon="98.295426">
        <ele>820.105199</ele>
        <time>2025-09-03T08:16:03.592000Z</time>
      </trkpt>
      <trkpt lat="19.469173" lon="98.295442">
        <ele>818.983568</ele>
        <time>2025-09-03T08:16:06.281000Z</time>
      </trkpt>
      <trkpt lat="19.469929" lon="98.295564">
        <ele>813.909732</ele>
        <time>2025-09-03T08:16:17.233000Z</time>
      </trkpt>
      <trkpt lat="19.470627" lon="98.295595">
        <ele>809.239355</ele>
        <time>2025-09-03T08:16:27.106000Z</time>
      </trkpt>
      <trkpt lat="19.470775" lon="98.295559">
        <ele>808.224256</ele>
        <time>2025-09-03T08:16:29.299000Z</time>
      </trkpt>
      <trkpt lat="19.470888" lon="98.29551">
        <ele>807.408132</ele>
        <time>2025-09-03T08:16:31.082000Z</time>
      </trkpt>
      <trkpt lat="19.471113" lon="98.295286">
        <ele>805.656907</ele>
        <time>2025-09-03T08:16:35.645000Z</time>
      </trkpt>
      <trkpt lat="19.472216" lon="98.293946">
        <ele>797.315118</ele>
        <time>2025-09-03T08:17:01.488000Z</time>
      </trkpt>
      <trkpt lat="19.472525" lon="98.2938">
        <ele>795.094499</ele>
        <time>2025-09-03T08:17:06.623000Z</time>
      </trkpt>
      <trkpt lat="19.473957" lon="98.293375">
        <ele>785.224514</ele>
        <time>2025-09-03T08:17:27.876000Z</time>
      </trkpt>
      <trkpt lat="19.474149" lon="98.293344">
        <ele>783.691821</ele>
        <time>2025-09-03T08:17:30.596000Z</time>
      </trkpt>
      <trkpt lat="19.474565" lon="98.293367">
        <ele>780.404348</ele>
        <time>2025-09-03T08:17:36.429000Z</time>
      </trkpt>
      <trkpt lat="19.474987" lon="98.293451">
        <ele>777.015845</ele>
        <time>2025-09-03T08:17:42.447000Z</time>
      </trkpt>
      <trkpt lat="19.475712" lon="98.293489">
        <ele>771.278885</ele>
        <time>2025-09-03T08:17:52.624000Z</time>
      </trkpt>
      <trkpt lat="19.475845" lon="98.293458">
        <ele>770.180981</ele>
        <time>2025-09-03T08:17:54.538000Z</time>
      </trkpt>
      <trkpt lat="19.475973" lon="98.293382">
        <ele>768.998286</ele>
        <time>2025-09-03T08:17:56.593000Z</time>
      </trkpt>
      <trkpt lat="19.476225" lon="98.293123">
        <ele>766.16917</ele>
        <time>2025-09-03T08:18:01.507000Z</time>
      </trkpt>
      <trkpt lat="19.476721" lon="98.292513">
        <ele>760.046142</ele>
        <time>2025-09-03T08:18:12.143000Z</time>
      </trkpt>
      <trkpt lat="19.477215" lon="98.292062">
        <ele>755.118396</ele>
        <time>2025-09-03T08:18:21.268000Z</time>
      </trkpt>
      <trkpt lat="19.477348" lon="98.291994">
        <ele>754.091584</ele>
        <time>2025-09-03T08:18:23.351000Z</time>
      </trkpt>
      <trkpt lat="19.477507" lon="98.291963">
        <ele>752.967275</ele>
        <time>2025-09-03T08:18:25.610000Z</time>
      </trkpt>
      <trkpt lat="19.477688" lon="98.291971">
        <ele>751.707396</ele>
        <time>2025-09-03T08:18:28.159000Z</time>
      </trkpt>
      <trkpt lat="19.478735" lon="98.292169">
        <ele>744.555727</ele>
        <time>2025-09-03T08:18:43.468000Z</time>
      </trkpt>
      <trkpt lat="19.479107" lon="98.292268">
        <ele>743.737134</ele>
        <time>2025-09-03T08:18:49.421000Z</time>
      </trkpt>
      <trkpt lat="19.479448" lon="98.292474">
        <ele>742.899554</ele>
        <time>2025-09-03T08:18:56.072000Z</time>
      </trkpt>
      <trkpt lat="19.479859" lon="98.292938">
        <ele>741.618445</ele>
        <time>2025-09-03T08:19:08.256000Z</time>
      </trkpt>
      <trkpt lat="19.480127" lon="98.293295">
        <ele>740.742528</ele>
        <time>2025-09-03T08:19:19.013000Z</time>
      </trkpt>
      <trkpt lat="19.480892" lon="98.294463">
        <ele>738.851107</ele>
        <time>2025-09-03T08:19:46.577000Z</time>
      </trkpt>
      <trkpt lat="19.480986" lon="98.294541">
        <ele>738.68275</ele>
        <time>2025-09-03T08:19:48.527000Z</time>
      </trkpt>
      <trkpt lat="19.481107" lon="98.294601">
        <ele>738.494328</ele>
        <time>2025-09-03T08:19:50.672000Z</time>
      </trkpt>
      <trkpt lat="19.481346" lon="98.294648">
        <ele>737.770735</ele>
        <time>2025-09-03T08:19:54.442000Z</time>
      </trkpt>
      <trkpt lat="19.481636" lon="98.294649">
        <ele>736.21952</ele>
        <time>2025-09-03T08:19:58.807000Z</time>
      </trkpt>
      <trkpt lat="19.482221" lon="98.294565">
        <ele>733.061819</ele>
        <time>2025-09-03T08:20:07.368000Z</time>
      </trkpt>
      <trkpt lat="19.482593" lon="98.294412">
        <ele>730.927651</ele>
        <time>2025-09-03T08:20:13.084000Z</time>
      </trkpt>
      <trkpt lat="19.483017" lon="98.294031">
        <ele>728.329551</ele>
        <time>2025-09-03T08:20:21.408000Z</time>
      </trkpt>
      <trkpt lat="19.48316" lon="98.293947">
        <ele>727.915075</ele>
        <time>2025-09-03T08:20:24.036000Z</time>
      </trkpt>
      <trkpt lat="19.48333" lon="98.293893">
        <ele>727.465111</ele>
        <time>2025-09-03T08:20:26.966000Z</time>
      </trkpt>
      <trkpt lat="19.483559" lon="98.293875">
        <ele>726.882867</ele>
        <time>2025-09-03T08:20:30.911000Z</time>
      </trkpt>
      <trkpt lat="19.483685" lon="98.293865">
        <ele>726.562488</ele>
        <time>2025-09-03T08:20:33.127000Z</time>
      </trkpt>
      <trkpt lat="19.483915" lon="98.293848">
        <ele>725.977886</ele>
        <time>2025-09-03T08:20:37.257000Z</time>
      </trkpt>
      <trkpt lat="19.484216" lon="98.293749">
        <ele>725.178824</ele>
        <time>2025-09-03T08:20:43.098000Z</time>
      </trkpt>
      <trkpt lat="19.484455" lon="98.293504">
        <ele>724.336074</ele>
        <time>2025-09-03T08:20:49.498000Z</time>
      </trkpt>
      <trkpt lat="19.484987" lon="98.292635">
        <ele>722.189329</ele>
        <time>2025-09-03T08:21:06.845000Z</time>
      </trkpt>
      <trkpt lat="19.48604" lon="98.291353">
        <ele>718.755156</ele>
        <time>2025-09-03T08:21:33.845000Z</time>
      </trkpt>
      <trkpt lat="19.486261" lon="98.29116">
        <ele>718.149713</ele>
        <time>2025-09-03T08:21:38.967000Z</time>
      </trkpt>
      <trkpt lat="19.486404" lon="98.291125">
        <ele>717.839321</ele>
        <time>2025-09-03T08:21:41.603000Z</time>
      </trkpt>
      <trkpt lat="19.487242" lon="98.291181">
        <ele>716.029658</ele>
        <time>2025-09-03T08:21:56.833000Z</time>
      </trkpt>
      <trkpt lat="19.487967" lon="98.29122">
        <ele>714.345272</ele>
        <time>2025-09-03T08:22:09.492000Z</time>
      </trkpt>
      <trkpt lat="19.488132" lon="98.291135">
        <ele>713.919662</ele>
        <time>2025-09-03T08:22:12.652000Z</time>
      </trkpt>
      <trkpt lat="19.48819" lon="98.291019">
        <ele>713.632446</ele>
        <time>2025-09-03T08:22:14.777000Z</time>
      </trkpt>
      <trkpt lat="19.488273" lon="98.290346">
        <ele>712.087866</ele>
        <time>2025-09-03T08:22:25.652000Z</time>
      </trkpt>
      <trkpt lat="19.488378" lon="98.289949">
        <ele>710.586544</ele>
        <time>2025-09-03T08:22:31.901000Z</time>
      </trkpt>
      <trkpt lat="19.488468" lon="98.289751">
        <ele>709.786181</ele>
        <time>2025-09-03T08:22:35.146000Z</time>
      </trkpt>
      <trkpt lat="19.488729" lon="98.2894">
        <ele>708.158438</ele>
        <time>2025-09-03T08:22:41.604000Z</time>
      </trkpt>
      <trkpt lat="19.489151" lon="98.289003">
        <ele>705.979881</ele>
        <time>2025-09-03T08:22:50.262000Z</time>
      </trkpt>
      <trkpt lat="19.489509" lon="98.288835">
        <ele>704.969095</ele>
        <time>2025-09-03T08:22:56.300000Z</time>
      </trkpt>
      <trkpt lat="19.490698" lon="98.288698">
        <ele>703.162646</ele>
        <time>2025-09-03T08:23:17.682000Z</time>
      </trkpt>
      <trkpt lat="19.491018" lon="98.288561">
        <ele>702.641433</ele>
        <time>2025-09-03T08:23:27.103000Z</time>
      </trkpt>
      <trkpt lat="19.491846" lon="98.287881">
        <ele>702.198818</ele>
        <time>2025-09-03T08:23:56.001000Z</time>
      </trkpt>
      <trkpt lat="19.49284" lon="98.287248">
        <ele>699.728988</ele>
        <time>2025-09-03T08:24:16.717000Z</time>
      </trkpt>
      <trkpt lat="19.493173" lon="98.286996">
        <ele>697.284292</ele>
        <time>2025-09-03T08:24:22.728000Z</time>
      </trkpt>
      <trkpt lat="19.493318" lon="98.286836">
        <ele>696.033864</ele>
        <time>2025-09-03T08:24:25.707000Z</time>
      </trkpt>
      <trkpt lat="19.493872" lon="98.28589">
        <ele>690.082059</ele>
        <time>2025-09-03T08:24:40.386000Z</time>
      </trkpt>
      <trkpt lat="19.494116" lon="98.285593">
        <ele>688.377043</ele>
        <time>2025-09-03T08:24:45.767000Z</time>
      </trkpt>
      <trkpt lat="19.494274" lon="98.285455">
        <ele>687.437423</ele>
        <time>2025-09-03T08:24:48.823000Z</time>
      </trkpt>
      <trkpt lat="19.495186" lon="98.284914">
        <ele>682.771126</ele>
        <time>2025-09-03T08:25:06.172000Z</time>
      </trkpt>
      <trkpt lat="19.495464" lon="98.284616">
        <ele>681.894556</ele>
        <time>2025-09-03T08:25:13.342000Z</time>
      </trkpt>
      <trkpt lat="19.495554" lon="98.284433">
        <ele>681.463002</ele>
        <time>2025-09-03T08:25:16.787000Z</time>
      </trkpt>
      <trkpt lat="19.495798" lon="98.283609">
        <ele>679.657201</ele>
        <time>2025-09-03T08:25:30.852000Z</time>
      </trkpt>
      <trkpt lat="19.49595" lon="98.28322">
        <ele>678.8143</ele>
        <time>2025-09-03T08:25:37.528000Z</time>
      </trkpt>
      <trkpt lat="19.496115" lon="98.282106">
        <ele>677.150756</ele>
        <time>2025-09-03T08:25:56.510000Z</time>
      </trkpt>
      <trkpt lat="19.496193" lon="98.281908">
        <ele>676.834185</ele>
        <time>2025-09-03T08:26:00.497000Z</time>
      </trkpt>
      <trkpt lat="19.496654" lon="98.281137">
        <ele>675.360724</ele>
        <time>2025-09-03T08:26:17.351000Z</time>
      </trkpt>
      <trkpt lat="19.496847" lon="98.280725">
        <ele>674.539367</ele>
        <time>2025-09-03T08:26:25.476000Z</time>
      </trkpt>
      <trkpt lat="19.497053" lon="98.28013">
        <ele>673.407738</ele>
        <time>2025-09-03T08:26:35.888000Z</time>
      </trkpt>
      <trkpt lat="19.497223" lon="98.279779">
        <ele>672.703228</ele>
        <time>2025-09-03T08:26:42.010000Z</time>
      </trkpt>
      <trkpt lat="19.49739" lon="98.279555">
        <ele>671.982484</ele>
        <time>2025-09-03T08:26:46.387000Z</time>
      </trkpt>
      <trkpt lat="19.497578" lon="98.27935">
        <ele>671.251965</ele>
        <time>2025-09-03T08:26:50.749000Z</time>
      </trkpt>
      <trkpt lat="19.497745" lon="98.279199">
        <ele>670.657399</ele>
        <time>2025-09-03T08:26:54.297000Z</time>
      </trkpt>
      <trkpt lat="19.497908" lon="98.2791">
        <ele>670.148473</ele>
        <time>2025-09-03T08:26:57.349000Z</time>
      </trkpt>
      <trkpt lat="19.49869" lon="98.278879">
        <ele>667.955683</ele>
        <time>2025-09-03T08:27:10.920000Z</time>
      </trkpt>
      <trkpt lat="19.49947" lon="98.27849">
        <ele>667.875744</ele>
        <time>2025-09-03T08:27:27.543000Z</time>
      </trkpt>
      <trkpt lat="19.499895" lon="98.278345">
        <ele>667.91238</ele>
        <time>2025-09-03T08:27:38.585000Z</time>
      </trkpt>
      <trkpt lat="19.501511" lon="98.27797">
        <ele>669.45185</ele>
        <time>2025-09-03T08:28:26.826000Z</time>
      </trkpt>
      <trkpt lat="19.501943" lon="98.277835">
        <ele>670.058366</ele>
        <time>2025-09-03T08:28:38.971000Z</time>
      </trkpt>
      <trkpt lat="19.502838" lon="98.277554">
        <ele>670.225091</ele>
        <time>2025-09-03T08:29:01.525000Z</time>
      </trkpt>
      <trkpt lat="19.503148" lon="98.27746">
        <ele>670.153515</ele>
        <time>2025-09-03T08:29:08.288000Z</time>
      </trkpt>
      <trkpt lat="19.503842" lon="98.277278">
        <ele>669.99481</ele>
        <time>2025-09-03T08:29:22.012000Z</time>
      </trkpt>
      <trkpt lat="19.503963" lon="98.277187">
        <ele>669.988554</ele>
        <time>2025-09-03T08:29:24.927000Z</time>
      </trkpt>
      <trkpt lat="19.504028" lon="98.277075">
        <ele>670.001358</ele>
        <time>2025-09-03T08:29:27.416000Z</time>
      </trkpt>
      <trkpt lat="19.504113" lon="98.27685">
        <ele>670.024956</ele>
        <time>2025-09-03T08:29:32.168000Z</time>
      </trkpt>
      <trkpt lat="19.504366" lon="98.276184">
        <ele>670.09486</ele>
        <time>2025-09-03T08:29:46.787000Z</time>
      </trkpt>
      <trkpt lat="19.504559" lon="98.275818">
        <ele>670.135688</ele>
        <time>2025-09-03T08:29:56.237000Z</time>
      </trkpt>
      <trkpt lat="19.505459" lon="98.274689">
        <ele>670.805108</ele>
        <time>2025-09-03T08:30:34.411000Z</time>
      </trkpt>
      <trkpt lat="19.50556" lon="98.274529">
        <ele>670.910428</ele>
        <time>2025-09-03T08:30:38.840000Z</time>
      </trkpt>
      <trkpt lat="19.505852" lon="98.273865">
        <ele>670.768172</ele>
        <time>2025-09-03T08:30:53.522000Z</time>
      </trkpt>
      <trkpt lat="19.505943" lon="98.273735">
        <ele>670.383815</ele>
        <time>2025-09-03T08:30:56.434000Z</time>
      </trkpt>
      <trkpt lat="19.506187" lon="98.27356">
        <ele>669.642142</ele>
        <time>2025-09-03T08:31:01.832000Z</time>
      </trkpt>
      <trkpt lat="19.507978" lon="98.272903">
        <ele>662.426467</ele>
        <time>2025-09-03T08:31:32.306000Z</time>
      </trkpt>
      <trkpt lat="19.508236" lon="98.272842">
        <ele>660.862249</ele>
        <time>2025-09-03T08:31:36.159000Z</time>
      </trkpt>
      <trkpt lat="19.508892" lon="98.272919">
        <ele>656.956561</ele>
        <time>2025-09-03T08:31:45.537000Z</time>
      </trkpt>
      <trkpt lat="19.509106" lon="98.272835">
        <ele>655.449824</ele>
        <time>2025-09-03T08:31:48.691000Z</time>
      </trkpt>
      <trkpt lat="19.509392" lon="98.272652">
        <ele>652.754412</ele>
        <time>2025-09-03T08:31:53.277000Z</time>
      </trkpt>
      <trkpt lat="19.509512" lon="98.272636">
        <ele>651.778357</ele>
        <time>2025-09-03T08:31:54.932000Z</time>
      </trkpt>
      <trkpt lat="19.510211" lon="98.272785">
        <ele>646.02447</ele>
        <time>2025-09-03T08:32:04.732000Z</time>
      </trkpt>
      <trkpt lat="19.51054" lon="98.272794">
        <ele>643.368456</ele>
        <time>2025-09-03T08:32:09.359000Z</time>
      </trkpt>
      <trkpt lat="19.510839" lon="98.27272">
        <ele>641.421492</ele>
        <time>2025-09-03T08:32:13.784000Z</time>
      </trkpt>
      <trkpt lat="19.511129" lon="98.272583">
        <ele>641.017857</ele>
        <time>2025-09-03T08:32:18.526000Z</time>
      </trkpt>
      <trkpt lat="19.512017" lon="98.271936">
        <ele>639.648156</ele>
        <time>2025-09-03T08:32:40.168000Z</time>
      </trkpt>
      <trkpt lat="19.512255" lon="98.271669">
        <ele>639.269042</ele>
        <time>2025-09-03T08:32:52.367000Z</time>
      </trkpt>
      <trkpt lat="19.512609" lon="98.271177">
        <ele>640.270823</ele>
        <time>2025-09-03T08:33:13.339000Z</time>
      </trkpt>
      <trkpt lat="19.512827" lon="98.270943">
        <ele>640.803319</ele>
        <time>2025-09-03T08:33:24.231000Z</time>
      </trkpt>
      <trkpt lat="19.513107" lon="98.270721">
        <ele>641.403531</ele>
        <time>2025-09-03T08:33:35.275000Z</time>
      </trkpt>
      <trkpt lat="19.513586" lon="98.27047">
        <ele>642.320872</ele>
        <time>2025-09-03T08:33:48.448000Z</time>
      </trkpt>
      <trkpt lat="19.514322" lon="98.270157">
        <ele>640.010779</ele>
        <time>2025-09-03T08:34:02.192000Z</time>
      </trkpt>
      <trkpt lat="19.514614" lon="98.270111">
        <ele>639.149352</ele>
        <time>2025-09-03T08:34:06.852000Z</time>
      </trkpt>
      <trkpt lat="19.514912" lon="98.270165">
        <ele>638.267165</ele>
        <time>2025-09-03T08:34:11.505000Z</time>
      </trkpt>
      <trkpt lat="19.515634" lon="98.270475">
        <ele>636.62754</ele>
        <time>2025-09-03T08:34:23.478000Z</time>
      </trkpt>
      <trkpt lat="19.515963" lon="98.270508">
        <ele>636.228971</ele>
        <time>2025-09-03T08:34:28.850000Z</time>
      </trkpt>
      <trkpt lat="19.516302" lon="98.27047">
        <ele>635.817836</ele>
        <time>2025-09-03T08:34:35.071000Z</time>
      </trkpt>
      <trkpt lat="19.516636" lon="98.270347">
        <ele>635.391429</ele>
        <time>2025-09-03T08:34:43.533000Z</time>
      </trkpt>
      <trkpt lat="19.517078" lon="98.270119">
        <ele>634.94308</ele>
        <time>2025-09-03T08:34:58.841000Z</time>
      </trkpt>
      <trkpt lat="19.517218" lon="98.270007">
        <ele>635.020621</ele>
        <time>2025-09-03T08:35:04.625000Z</time>
      </trkpt>
      <trkpt lat="19.517317" lon="98.269849">
        <ele>635.099704</ele>
        <time>2025-09-03T08:35:10.618000Z</time>
      </trkpt>
      <trkpt lat="19.517533" lon="98.269298">
        <ele>635.348446</ele>
        <time>2025-09-03T08:35:27.673000Z</time>
      </trkpt>
      <trkpt lat="19.518028" lon="98.268646">
        <ele>635.697412</ele>
        <time>2025-09-03T08:35:42.921000Z</time>
      </trkpt>
      <trkpt lat="19.518385" lon="98.267944">
        <ele>633.828659</ele>
        <time>2025-09-03T08:35:55.001000Z</time>
      </trkpt>
      <trkpt lat="19.51845" lon="98.26767">
        <ele>633.161177</ele>
        <time>2025-09-03T08:35:59.295000Z</time>
      </trkpt>
      <trkpt lat="19.518419" lon="98.267372">
        <ele>632.452912</ele>
        <time>2025-09-03T08:36:03.888000Z</time>
      </trkpt>
      <trkpt lat="19.517265" lon="98.264276">
        <ele>627.089294</ele>
        <time>2025-09-03T08:37:02.041000Z</time>
      </trkpt>
      <trkpt lat="19.517168" lon="98.26384">
        <ele>626.303318</ele>
        <time>2025-09-03T08:37:09.838000Z</time>
      </trkpt>
      <trkpt lat="19.517149" lon="98.263458">
        <ele>625.632173</ele>
        <time>2025-09-03T08:37:16.288000Z</time>
      </trkpt>
      <trkpt lat="19.517314" lon="98.26232">
        <ele>622.917914</ele>
        <time>2025-09-03T08:37:33.601000Z</time>
      </trkpt>
      <trkpt lat="19.517504" lon="98.261468">
        <ele>620.749201</ele>
        <time>2025-09-03T08:37:47.971000Z</time>
      </trkpt>
      <trkpt lat="19.51759" lon="98.26098">
        <ele>619.957794</ele>
        <time>2025-09-03T08:37:56.527000Z</time>
      </trkpt>
      <trkpt lat="19.517627" lon="98.260511">
        <ele>619.278113</ele>
        <time>2025-09-03T08:38:05.273000Z</time>
      </trkpt>
      <trkpt lat="19.517691" lon="98.259033">
        <ele>616.605999</ele>
        <time>2025-09-03T08:38:30.632000Z</time>
      </trkpt>
      <trkpt lat="19.517744" lon="98.258889">
        <ele>616.205246</ele>
        <time>2025-09-03T08:38:33.061000Z</time>
      </trkpt>
      <trkpt lat="19.517836" lon="98.258788">
        <ele>615.841128</ele>
        <time>2025-09-03T08:38:35.239000Z</time>
      </trkpt>
      <trkpt lat="19.51824" lon="98.258497">
        <ele>614.498083</ele>
        <time>2025-09-03T08:38:43.162000Z</time>
      </trkpt>
      <trkpt lat="19.51833" lon="98.258388">
        <ele>614.122426</ele>
        <time>2025-09-03T08:38:45.373000Z</time>
      </trkpt>
      <trkpt lat="19.518369" lon="98.25827">
        <ele>613.798267</ele>
        <time>2025-09-03T08:38:47.288000Z</time>
      </trkpt>
      <trkpt lat="19.518391" lon="98.258133">
        <ele>613.437997</ele>
        <time>2025-09-03T08:38:49.420000Z</time>
      </trkpt>
      <trkpt lat="19.518359" lon="98.257941">
        <ele>612.932543</ele>
        <time>2025-09-03T08:38:52.416000Z</time>
      </trkpt>
      <trkpt lat="19.518193" lon="98.257582">
        <ele>611.956698</ele>
        <time>2025-09-03T08:38:58.556000Z</time>
      </trkpt>
      <trkpt lat="19.518042" lon="98.257393">
        <ele>611.354569</ele>
        <time>2025-09-03T08:39:02.356000Z</time>
      </trkpt>
      <trkpt lat="19.517825" lon="98.25719">
        <ele>610.608615</ele>
        <time>2025-09-03T08:39:07.069000Z</time>
      </trkpt>
      <trkpt lat="19.517572" lon="98.257023">
        <ele>609.840328</ele>
        <time>2025-09-03T08:39:11.984000Z</time>
      </trkpt>
      <trkpt lat="19.516982" lon="98.256758">
        <ele>608.208962</ele>
        <time>2025-09-03T08:39:23.225000Z</time>
      </trkpt>
      <trkpt lat="19.516005" lon="98.256319">
        <ele>606.823039</ele>
        <time>2025-09-03T08:39:44.434000Z</time>
      </trkpt>
      <trkpt lat="19.515807" lon="98.256179">
        <ele>606.512231</ele>
        <time>2025-09-03T08:39:49.063000Z</time>
      </trkpt>
      <trkpt lat="19.515697" lon="98.256053">
        <ele>606.300782</ele>
        <time>2025-09-03T08:39:52.094000Z</time>
      </trkpt>
      <trkpt lat="19.515616" lon="98.255857">
        <ele>606.037293</ele>
        <time>2025-09-03T08:39:55.769000Z</time>
      </trkpt>
      <trkpt lat="19.515581" lon="98.25565">
        <ele>605.677637</ele>
        <time>2025-09-03T08:39:59.310000Z</time>
      </trkpt>
      <trkpt lat="19.515595" lon="98.255473">
        <ele>605.24364</ele>
        <time>2025-09-03T08:40:02.210000Z</time>
      </trkpt>
      <trkpt lat="19.515955" lon="98.254268">
        <ele>602.15502</ele>
        <time>2025-09-03T08:40:21.825000Z</time>
      </trkpt>
      <trkpt lat="19.516023" lon="98.253972">
        <ele>601.410612</ele>
        <time>2025-09-03T08:40:26.575000Z</time>
      </trkpt>
      <trkpt lat="19.51611" lon="98.253279">
        <ele>600.59402</ele>
        <time>2025-09-03T08:40:38.115000Z</time>
      </trkpt>
      <trkpt lat="19.516119" lon="98.252732">
        <ele>600.04365</ele>
        <time>2025-09-03T08:40:47.927000Z</time>
      </trkpt>
      <trkpt lat="19.516064" lon="98.251846">
        <ele>599.6314</ele>
        <time>2025-09-03T08:41:04.878000Z</time>
      </trkpt>
      <trkpt lat="19.515994" lon="98.251142">
        <ele>601.234994</ele>
        <time>2025-09-03T08:41:24.903000Z</time>
      </trkpt>
      <trkpt lat="19.515983" lon="98.251024">
        <ele>601.503599</ele>
        <time>2025-09-03T08:41:28.757000Z</time>
      </trkpt>
      <trkpt lat="19.515939" lon="98.25071">
        <ele>602.222709</ele>
        <time>2025-09-03T08:41:39.652000Z</time>
      </trkpt>
      <trkpt lat="19.515907" lon="98.250315">
        <ele>603.120787</ele>
        <time>2025-09-03T08:41:54.243000Z</time>
      </trkpt>
      <trkpt lat="19.51595" lon="98.249935">
        <ele>603.63259</ele>
        <time>2025-09-03T08:42:08.233000Z</time>
      </trkpt>
      <trkpt lat="19.516155" lon="98.249217">
        <ele>603.686</ele>
        <time>2025-09-03T08:42:30.638000Z</time>
      </trkpt>
      <trkpt lat="19.516234" lon="98.249031">
        <ele>603.700524</ele>
        <time>2025-09-03T08:42:34.480000Z</time>
      </trkpt>
      <trkpt lat="19.516436" lon="98.248718">
        <ele>603.72753</ele>
        <time>2025-09-03T08:42:40.757000Z</time>
      </trkpt>
      <trkpt lat="19.516562" lon="98.248597">
        <ele>603.740367</ele>
        <time>2025-09-03T08:42:43.569000Z</time>
      </trkpt>
      <trkpt lat="19.516798" lon="98.248419">
        <ele>603.546516</ele>
        <time>2025-09-03T08:42:48.192000Z</time>
      </trkpt>
      <trkpt lat="19.517412" lon="98.248123">
        <ele>601.530881</ele>
        <time>2025-09-03T08:42:58.652000Z</time>
      </trkpt>
      <trkpt lat="19.517805" lon="98.247894">
        <ele>600.190823</ele>
        <time>2025-09-03T08:43:05.749000Z</time>
      </trkpt>
      <trkpt lat="19.518875" lon="98.247193">
        <ele>598.674018</ele>
        <time>2025-09-03T08:43:28.824000Z</time>
      </trkpt>
      <trkpt lat="19.519242" lon="98.246945">
        <ele>598.869357</ele>
        <time>2025-09-03T08:43:40.520000Z</time>
      </trkpt>
      <trkpt lat="19.520653" lon="98.245967">
        <ele>600.136787</ele>
        <time>2025-09-03T08:44:31.838000Z</time>
      </trkpt>
      <trkpt lat="19.520986" lon="98.245709">
        <ele>600.538141</ele>
        <time>2025-09-03T08:44:41.459000Z</time>
      </trkpt>
      <trkpt lat="19.521349" lon="98.24536">
        <ele>600.870442</ele>
        <time>2025-09-03T08:44:51.356000Z</time>
      </trkpt>
      <trkpt lat="19.521924" lon="98.244602">
        <ele>600.053894</ele>
        <time>2025-09-03T08:45:09.440000Z</time>
      </trkpt>
      <trkpt lat="19.522176" lon="98.244241">
        <ele>599.676902</ele>
        <time>2025-09-03T08:45:17.765000Z</time>
      </trkpt>
      <trkpt lat="19.522374" lon="98.243862">
        <ele>599.288718</ele>
        <time>2025-09-03T08:45:25.483000Z</time>
      </trkpt>
      <trkpt lat="19.522419" lon="98.243668">
        <ele>598.954847</ele>
        <time>2025-09-03T08:45:29.037000Z</time>
      </trkpt>
      <trkpt lat="19.522438" lon="98.243354">
        <ele>598.429035</ele>
        <time>2025-09-03T08:45:34.486000Z</time>
      </trkpt>
      <trkpt lat="19.52244" lon="98.243215">
        <ele>598.196723</ele>
        <time>2025-09-03T08:45:36.815000Z</time>
      </trkpt>
      <trkpt lat="19.522466" lon="98.24305">
        <ele>597.917161</ele>
        <time>2025-09-03T08:45:39.562000Z</time>
      </trkpt>
      <trkpt lat="19.522625" lon="98.242432">
        <ele>596.846624</ele>
        <time>2025-09-03T08:45:49.893000Z</time>
      </trkpt>
      <trkpt lat="19.522757" lon="98.242103">
        <ele>596.249084</ele>
        <time>2025-09-03T08:45:55.874000Z</time>
      </trkpt>
      <trkpt lat="19.522965" lon="98.241778">
        <ele>595.598346</ele>
        <time>2025-09-03T08:46:02.836000Z</time>
      </trkpt>
      <trkpt lat="19.52313" lon="98.241649">
        <ele>595.238703</ele>
        <time>2025-09-03T08:46:06.672000Z</time>
      </trkpt>
      <trkpt lat="19.523315" lon="98.241561">
        <ele>594.882949</ele>
        <time>2025-09-03T08:46:10.412000Z</time>
      </trkpt>
      <trkpt lat="19.523775" lon="98.241478">
        <ele>594.06419</ele>
        <time>2025-09-03T08:46:18.847000Z</time>
      </trkpt>
      <trkpt lat="19.524145" lon="98.241348">
        <ele>593.380271</ele>
        <time>2025-09-03T08:46:25.711000Z</time>
      </trkpt>
      <trkpt lat="19.524906" lon="98.240929">
        <ele>591.965739</ele>
        <time>2025-09-03T08:46:40.573000Z</time>
      </trkpt>
      <trkpt lat="19.525459" lon="98.240532">
        <ele>590.888425</ele>
        <time>2025-09-03T08:46:52.639000Z</time>
      </trkpt>
      <trkpt lat="19.525616" lon="98.240372">
        <ele>590.537184</ele>
        <time>2025-09-03T08:46:56.801000Z</time>
      </trkpt>
      <trkpt lat="19.525877" lon="98.23999">
        <ele>589.978014</ele>
        <time>2025-09-03T08:47:05.536000Z</time>
      </trkpt>
      <trkpt lat="19.52607" lon="98.23954">
        <ele>589.665373</ele>
        <time>2025-09-03T08:47:14.769000Z</time>
      </trkpt>
      <trkpt lat="19.526264" lon="98.238785">
        <ele>589.170515</ele>
        <time>2025-09-03T08:47:29.060000Z</time>
      </trkpt>
      <trkpt lat="19.526503" lon="98.237595">
        <ele>590.301018</ele>
        <time>2025-09-03T08:47:54.639000Z</time>
      </trkpt>
      <trkpt lat="19.526678" lon="98.237221">
        <ele>591.076017</ele>
        <time>2025-09-03T08:48:07.530000Z</time>
      </trkpt>
      <trkpt lat="19.526957" lon="98.236885">
        <ele>591.907155</ele>
        <time>2025-09-03T08:48:23.315000Z</time>
      </trkpt>
      <trkpt lat="19.527656" lon="98.236288">
        <ele>593.548054</ele>
        <time>2025-09-03T08:48:56.455000Z</time>
      </trkpt>
      <trkpt lat="19.528173" lon="98.235634">
        <ele>594.972174</ele>
        <time>2025-09-03T08:49:19.392000Z</time>
      </trkpt>
      <trkpt lat="19.529434" lon="98.233605">
        <ele>594.894954</ele>
        <time>2025-09-03T08:50:05.610000Z</time>
      </trkpt>
      <trkpt lat="19.529588" lon="98.233213">
        <ele>594.957633</ele>
        <time>2025-09-03T08:50:15.353000Z</time>
      </trkpt>
      <trkpt lat="19.529795" lon="98.23233">
        <ele>595.091923</ele>
        <time>2025-09-03T08:50:37.100000Z</time>
      </trkpt>
      <trkpt lat="19.529964" lon="98.231827">
        <ele>594.982552</ele>
        <time>2025-09-03T08:50:48.258000Z</time>
      </trkpt>
      <trkpt lat="19.530172" lon="98.231499">
        <ele>594.296171</ele>
        <time>2025-09-03T08:50:55.483000Z</time>
      </trkpt>
      <trkpt lat="19.531523" lon="98.22982">
        <ele>590.506613</ele>
        <time>2025-09-03T08:51:30.968000Z</time>
      </trkpt>
      <trkpt lat="19.533407" lon="98.22802">
        <ele>586.744616</ele>
        <time>2025-09-03T08:52:18.234000Z</time>
      </trkpt>
      <trkpt lat="19.533735" lon="98.22776">
        <ele>586.174096</ele>
        <time>2025-09-03T08:52:26.161000Z</time>
      </trkpt>
      <trkpt lat="19.534496" lon="98.227364">
        <ele>584.656318</ele>
        <time>2025-09-03T08:52:41.977000Z</time>
      </trkpt>
      <trkpt lat="19.535215" lon="98.226845">
        <ele>583.094607</ele>
        <time>2025-09-03T08:52:57.036000Z</time>
      </trkpt>
      <trkpt lat="19.535479" lon="98.226524">
        <ele>582.251872</ele>
        <time>2025-09-03T08:53:03.712000Z</time>
      </trkpt>
      <trkpt lat="19.53582" lon="98.225716">
        <ele>580.500669</ele>
        <time>2025-09-03T08:53:17.890000Z</time>
      </trkpt>
      <trkpt lat="19.536238" lon="98.225014">
        <ele>579.189818</ele>
        <time>2025-09-03T08:53:32.214000Z</time>
      </trkpt>
      <trkpt lat="19.536304" lon="98.224815">
        <ele>579.053792</ele>
        <time>2025-09-03T08:53:36.218000Z</time>
      </trkpt>
      <trkpt lat="19.536411" lon="98.224167">
        <ele>578.629607</ele>
        <time>2025-09-03T08:53:49.981000Z</time>
      </trkpt>
      <trkpt lat="19.536642" lon="98.223328">
        <ele>578.083157</ele>
        <time>2025-09-03T08:54:06.495000Z</time>
      </trkpt>
      <trkpt lat="19.536743" lon="98.223078">
        <ele>577.963827</ele>
        <time>2025-09-03T08:54:11.325000Z</time>
      </trkpt>
      <trkpt lat="19.536787" lon="98.222946">
        <ele>577.902401</ele>
        <time>2025-09-03T08:54:13.921000Z</time>
      </trkpt>
      <trkpt lat="19.536997" lon="98.22258">
        <ele>577.714415</ele>
        <time>2025-09-03T08:54:22.184000Z</time>
      </trkpt>
      <trkpt lat="19.537223" lon="98.222243">
        <ele>577.532959</ele>
        <time>2025-09-03T08:54:30.060000Z</time>
      </trkpt>
      <trkpt lat="19.537596" lon="98.221682">
        <ele>577.369183</ele>
        <time>2025-09-03T08:54:43.616000Z</time>
      </trkpt>
      <trkpt lat="19.53776" lon="98.221435">
        <ele>577.59669</ele>
        <time>2025-09-03T08:54:50.829000Z</time>
      </trkpt>
      <trkpt lat="19.537991" lon="98.221199">
        <ele>577.852895</ele>
        <time>2025-09-03T08:54:59.684000Z</time>
      </trkpt>
      <trkpt lat="19.538326" lon="98.221024">
        <ele>578.151228</ele>
        <time>2025-09-03T08:55:09.565000Z</time>
      </trkpt>
      <trkpt lat="19.538715" lon="98.220917">
        <ele>578.472301</ele>
        <time>2025-09-03T08:55:19.592000Z</time>
      </trkpt>
      <trkpt lat="19.539587" lon="98.220863">
        <ele>579.337969</ele>
        <time>2025-09-03T08:55:42.938000Z</time>
      </trkpt>
      <trkpt lat="19.540008" lon="98.220924">
        <ele>579.803815</ele>
        <time>2025-09-03T08:55:54.877000Z</time>
      </trkpt>
      <trkpt lat="19.540785" lon="98.221092">
        <ele>580.673183</ele>
        <time>2025-09-03T08:56:16.338000Z</time>
      </trkpt>
      <trkpt lat="19.541176" lon="98.221062">
        <ele>580.53875</ele>
        <time>2025-09-03T08:56:25.831000Z</time>
      </trkpt>
      <trkpt lat="19.541363" lon="98.221001">
        <ele>580.459229</ele>
        <time>2025-09-03T08:56:30.233000Z</time>
      </trkpt>
      <trkpt lat="19.541718" lon="98.220818">
        <ele>580.298804</ele>
        <time>2025-09-03T08:56:38.481000Z</time>
      </trkpt>
      <trkpt lat="19.542042" lon="98.220528">
        <ele>580.126511</ele>
        <time>2025-09-03T08:56:46.748000Z</time>
      </trkpt>
      <trkpt lat="19.542559" lon="98.219825">
        <ele>579.227842</ele>
        <time>2025-09-03T08:57:02.372000Z</time>
      </trkpt>
      <trkpt lat="19.542778" lon="98.219405">
        <ele>578.459745</ele>
        <time>2025-09-03T08:57:10.595000Z</time>
      </trkpt>
      <trkpt lat="19.544007" lon="98.216196">
        <ele>573.050454</ele>
        <time>2025-09-03T08:58:08.257000Z</time>
      </trkpt>
      <trkpt lat="19.544201" lon="98.215691">
        <ele>572.699763</ele>
        <time>2025-09-03T08:58:18.499000Z</time>
      </trkpt>
      <trkpt lat="19.54434" lon="98.215096">
        <ele>572.305562</ele>
        <time>2025-09-03T08:58:32.216000Z</time>
      </trkpt>
      <trkpt lat="19.54453" lon="98.213648">
        <ele>571.910718</ele>
        <time>2025-09-03T08:59:03.601000Z</time>
      </trkpt>
      <trkpt lat="19.544527" lon="98.213318">
        <ele>571.837341</ele>
        <time>2025-09-03T08:59:09.555000Z</time>
      </trkpt>
      <trkpt lat="19.544434" lon="98.212585">
        <ele>572.200063</ele>
        <time>2025-09-03T08:59:22.703000Z</time>
      </trkpt>
      <trkpt lat="19.54438" lon="98.211685">
        <ele>573.039566</ele>
        <time>2025-09-03T08:59:43.568000Z</time>
      </trkpt>
      <trkpt lat="19.544302" lon="98.211319">
        <ele>573.388877</ele>
        <time>2025-09-03T08:59:55.534000Z</time>
      </trkpt>
      <trkpt lat="19.54423" lon="98.211136">
        <ele>573.692732</ele>
        <time>2025-09-03T09:00:02.275000Z</time>
      </trkpt>
      <trkpt lat="19.544014" lon="98.210815">
        <ele>576.029393</ele>
        <time>2025-09-03T09:00:15.899000Z</time>
      </trkpt>
      <trkpt lat="19.543651" lon="98.210476">
        <ele>579.069196</ele>
        <time>2025-09-03T09:00:34.992000Z</time>
      </trkpt>
      <trkpt lat="19.543068" lon="98.210028">
        <ele>583.594177</ele>
        <time>2025-09-03T09:01:10.751000Z</time>
      </trkpt>
      <trkpt lat="19.543014" lon="98.209927">
        <ele>584.282105</ele>
        <time>2025-09-03T09:01:17.377000Z</time>
      </trkpt>
      <trkpt lat="19.542992" lon="98.209808">
        <ele>585.152872</ele>
        <time>2025-09-03T09:01:24.707000Z</time>
      </trkpt>
      <trkpt lat="19.543005" lon="98.209709">
        <ele>586.378427</ele>
        <time>2025-09-03T09:01:31.046000Z</time>
      </trkpt>
      <trkpt lat="19.54307" lon="98.209632">
        <ele>587.645895</ele>
        <time>2025-09-03T09:01:37.948000Z</time>
      </trkpt>
      <trkpt lat="19.543207" lon="98.209536">
        <ele>589.781891</ele>
        <time>2025-09-03T09:01:50.230000Z</time>
      </trkpt>
      <trkpt lat="19.543963" lon="98.209208">
        <ele>600.408149</ele>
        <time>2025-09-03T09:02:58.659000Z</time>
      </trkpt>
      <trkpt lat="19.54413" lon="98.209076">
        <ele>603.117412</ele>
        <time>2025-09-03T09:03:15.860000Z</time>
      </trkpt>
      <trkpt lat="19.54428" lon="98.208885">
        <ele>606.165802</ele>
        <time>2025-09-03T09:03:33.877000Z</time>
      </trkpt>
      <trkpt lat="19.54431" lon="98.208755">
        <ele>607.8068</ele>
        <time>2025-09-03T09:03:42.923000Z</time>
      </trkpt>
      <trkpt lat="19.54431" lon="98.208633">
        <ele>608.936566</ele>
        <time>2025-09-03T09:03:50.784000Z</time>
      </trkpt>
      <trkpt lat="19.544275" lon="98.208527">
        <ele>609.830569</ele>
        <time>2025-09-03T09:03:57.696000Z</time>
      </trkpt>
      <trkpt lat="19.544215" lon="98.208464">
        <ele>610.543502</ele>
        <time>2025-09-03T09:04:02.925000Z</time>
      </trkpt>
      <trkpt lat="19.543858" lon="98.208374">
        <ele>613.642725</ele>
        <time>2025-09-03T09:04:24.079000Z</time>
      </trkpt>
      <trkpt lat="19.543598" lon="98.208275">
        <ele>615.975838</ele>
        <time>2025-09-03T09:04:37.921000Z</time>
      </trkpt>
      <trkpt lat="19.543236" lon="98.207985">
        <ele>619.80685</ele>
        <time>2025-09-03T09:04:59.110000Z</time>
      </trkpt>
      <trkpt lat="19.542921" lon="98.207626">
        <ele>623.767069</ele>
        <time>2025-09-03T09:05:22.383000Z</time>
      </trkpt>
      <trkpt lat="19.542759" lon="98.207352">
        <ele>626.894377</ele>
        <time>2025-09-03T09:05:39.523000Z</time>
      </trkpt>
      <trkpt lat="19.542679" lon="98.207054">
        <ele>629.890149</ele>
        <time>2025-09-03T09:05:56.938000Z</time>
      </trkpt>
      <trkpt lat="19.542685" lon="98.206886">
        <ele>631.515588</ele>
        <time>2025-09-03T09:06:06.747000Z</time>
      </trkpt>
      <trkpt lat="19.542844" lon="98.206316">
        <ele>637.262866</ele>
        <time>2025-09-03T09:06:42.548000Z</time>
      </trkpt>
      <trkpt lat="19.542813" lon="98.206216">
        <ele>638.280661</ele>
        <time>2025-09-03T09:06:49.280000Z</time>
      </trkpt>
      <trkpt lat="19.542427" lon="98.205894">
        <ele>644.082578</ele>
        <time>2025-09-03T09:07:24.664000Z</time>
      </trkpt>
      <trkpt lat="19.54239" lon="98.205821">
        <ele>645.317253</ele>
        <time>2025-09-03T09:07:30.616000Z</time>
      </trkpt>
      <trkpt lat="19.542387" lon="98.205727">
        <ele>646.718247</ele>
        <time>2025-09-03T09:07:37.485000Z</time>
      </trkpt>
      <trkpt lat="19.542421" lon="98.205658">
        <ele>647.878066</ele>
        <time>2025-09-03T09:07:43.234000Z</time>
      </trkpt>
      <trkpt lat="19.54253" lon="98.205612">
        <ele>649.732193</ele>
        <time>2025-09-03T09:07:52.548000Z</time>
      </trkpt>
      <trkpt lat="19.54265" lon="98.205612">
        <ele>651.628934</ele>
        <time>2025-09-03T09:08:02.417000Z</time>
      </trkpt>
      <trkpt lat="19.543857" lon="98.205902">
        <ele>670.945147</ele>
        <time>2025-09-03T09:09:56.460000Z</time>
      </trkpt>
      <trkpt lat="19.544125" lon="98.205887">
        <ele>673.974905</ele>
        <time>2025-09-03T09:10:21.377000Z</time>
      </trkpt>
      <trkpt lat="19.544222" lon="98.205833">
        <ele>675.211525</ele>
        <time>2025-09-03T09:10:30.983000Z</time>
      </trkpt>
      <trkpt lat="19.544308" lon="98.205704">
        <ele>676.892643</ele>
        <time>2025-09-03T09:10:43.523000Z</time>
      </trkpt>
      <trkpt lat="19.544537" lon="98.205162">
        <ele>683.211953</ele>
        <time>2025-09-03T09:11:24.865000Z</time>
      </trkpt>
      <trkpt lat="19.544619" lon="98.20504">
        <ele>684.806204</ele>
        <time>2025-09-03T09:11:33.888000Z</time>
      </trkpt>
      <trkpt lat="19.545732" lon="98.204053">
        <ele>692.141883</ele>
        <time>2025-09-03T09:12:28.911000Z</time>
      </trkpt>
      <trkpt lat="19.545778" lon="98.203926">
        <ele>692.348242</ele>
        <time>2025-09-03T09:12:31.226000Z</time>
      </trkpt>
      <trkpt lat="19.545768" lon="98.203661">
        <ele>692.75049</ele>
        <time>2025-09-03T09:12:35.725000Z</time>
      </trkpt>
      <trkpt lat="19.545796" lon="98.203451">
        <ele>693.072169</ele>
        <time>2025-09-03T09:12:39.344000Z</time>
      </trkpt>
      <trkpt lat="19.545885" lon="98.203262">
        <ele>693.392621</ele>
        <time>2025-09-03T09:12:43.023000Z</time>
      </trkpt>
      <trkpt lat="19.546081" lon="98.203041">
        <ele>693.806052</ele>
        <time>2025-09-03T09:12:48.513000Z</time>
      </trkpt>
      <trkpt lat="19.546244" lon="98.202946">
        <ele>694.061416</ele>
        <time>2025-09-03T09:12:52.211000Z</time>
      </trkpt>
      <trkpt lat="19.546589" lon="98.202743">
        <ele>694.603114</ele>
        <time>2025-09-03T09:13:01.865000Z</time>
      </trkpt>
      <trkpt lat="19.547152" lon="98.202331">
        <ele>695.542214</ele>
        <time>2025-09-03T09:13:24.801000Z</time>
      </trkpt>
      <trkpt lat="19.54733" lon="98.202268">
        <ele>695.799874</ele>
        <time>2025-09-03T09:13:31.931000Z</time>
      </trkpt>
      <trkpt lat="19.547548" lon="98.202243">
        <ele>696.052637</ele>
        <time>2025-09-03T09:13:39.897000Z</time>
      </trkpt>
      <trkpt lat="19.547678" lon="98.202269">
        <ele>696.144134</ele>
        <time>2025-09-03T09:13:44.436000Z</time>
      </trkpt>
      <trkpt lat="19.548443" lon="98.202522">
        <ele>696.698338</ele>
        <time>2025-09-03T09:14:05.093000Z</time>
      </trkpt>
      <trkpt lat="19.548613" lon="98.202553">
        <ele>696.81764</ele>
        <time>2025-09-03T09:14:08.388000Z</time>
      </trkpt>
      <trkpt lat="19.548967" lon="98.202538">
        <ele>697.062675</ele>
        <time>2025-09-03T09:14:15.101000Z</time>
      </trkpt>
      <trkpt lat="19.549589" lon="98.202439">
        <ele>698.444905</ele>
        <time>2025-09-03T09:14:28.361000Z</time>
      </trkpt>
      <trkpt lat="19.549715" lon="98.202398">
        <ele>698.881302</ele>
        <time>2025-09-03T09:14:31.723000Z</time>
      </trkpt>
      <trkpt lat="19.550137" lon="98.202166">
        <ele>700.455057</ele>
        <time>2025-09-03T09:14:46.358000Z</time>
      </trkpt>
      <trkpt lat="19.550251" lon="98.202132">
        <ele>700.84717</ele>
        <time>2025-09-03T09:14:50.679000Z</time>
      </trkpt>
      <trkpt lat="19.55036" lon="98.202136">
        <ele>701.208316</ele>
        <time>2025-09-03T09:14:54.877000Z</time>
      </trkpt>
      <trkpt lat="19.550533" lon="98.202268">
        <ele>701.913876</ele>
        <time>2025-09-03T09:15:03.695000Z</time>
      </trkpt>
      <trkpt lat="19.551147" lon="98.203282">
        <ele>709.790231</ele>
        <time>2025-09-03T09:16:04.675000Z</time>
      </trkpt>
      <trkpt lat="19.551193" lon="98.203331">
        <ele>710.365437</ele>
        <time>2025-09-03T09:16:08.445000Z</time>
      </trkpt>
      <trkpt lat="19.551289" lon="98.20336">
        <ele>711.246317</ele>
        <time>2025-09-03T09:16:14.185000Z</time>
      </trkpt>
      <trkpt lat="19.551334" lon="98.203333">
        <ele>711.702535</ele>
        <time>2025-09-03T09:16:17.163000Z</time>
      </trkpt>
      <trkpt lat="19.551353" lon="98.203287">
        <ele>712.120223</ele>
        <time>2025-09-03T09:16:20.009000Z</time>
      </trkpt>
      <trkpt lat="19.551362" lon="98.2031">
        <ele>713.677412</ele>
        <time>2025-09-03T09:16:30.328000Z</time>
      </trkpt>
      <trkpt lat="19.551123" lon="98.201416">
        <ele>732.635212</ele>
        <time>2025-09-03T09:18:12.064000Z</time>
      </trkpt>
      <trkpt lat="19.551067" lon="98.200539">
        <ele>744.090286</ele>
        <time>2025-09-03T09:19:24.882000Z</time>
      </trkpt>
      <trkpt lat="19.551098" lon="98.200188">
        <ele>750.749859</ele>
        <time>2025-09-03T09:20:00.544000Z</time>
      </trkpt>
      <trkpt lat="19.551247" lon="98.199257">
        <ele>768.588607</ele>
        <time>2025-09-03T09:21:41.645000Z</time>
      </trkpt>
      <trkpt lat="19.551155" lon="98.198364">
        <ele>781.441901</ele>
        <time>2025-09-03T09:23:04.282000Z</time>
      </trkpt>
      <trkpt lat="19.551182" lon="98.197517">
        <ele>786.218038</ele>
        <time>2025-09-03T09:23:43.062000Z</time>
      </trkpt>
      <trkpt lat="19.551287" lon="98.197159">
        <ele>788.331069</ele>
        <time>2025-09-03T09:23:49.680000Z</time>
      </trkpt>
      <trkpt lat="19.551475" lon="98.196793">
        <ele>790.66002</ele>
        <time>2025-09-03T09:23:56.041000Z</time>
      </trkpt>
      <trkpt lat="19.55176" lon="98.196007">
        <ele>794.992023</ele>
        <time>2025-09-03T09:24:11.614000Z</time>
      </trkpt>
      <trkpt lat="19.551819" lon="98.195236">
        <ele>798.970948</ele>
        <time>2025-09-03T09:24:52.684000Z</time>
      </trkpt>
      <trkpt lat="19.551933" lon="98.194901">
        <ele>801.437238</ele>
        <time>2025-09-03T09:25:20.463000Z</time>
      </trkpt>
      <trkpt lat="19.55246" lon="98.194229">
        <ele>811.249356</ele>
        <time>2025-09-03T09:26:34.377000Z</time>
      </trkpt>
      <trkpt lat="19.552626" lon="98.193916">
        <ele>815.280367</ele>
        <time>2025-09-03T09:27:00.284000Z</time>
      </trkpt>
      <trkpt lat="19.552927" lon="98.19352">
        <ele>820.990381</ele>
        <time>2025-09-03T09:27:27.475000Z</time>
      </trkpt>
      <trkpt lat="19.55307" lon="98.193436">
        <ele>821.489446</ele>
        <time>2025-09-03T09:27:34.009000Z</time>
      </trkpt>
      <trkpt lat="19.553289" lon="98.193451">
        <ele>821.073159</ele>
        <time>2025-09-03T09:27:40.643000Z</time>
      </trkpt>
      <trkpt lat="19.553635" lon="98.193337">
        <ele>820.385924</ele>
        <time>2025-09-03T09:27:47.546000Z</time>
      </trkpt>
      <trkpt lat="19.554094" lon="98.192993">
        <ele>819.320003</ele>
        <time>2025-09-03T09:27:56.262000Z</time>
      </trkpt>
      <trkpt lat="19.554457" lon="98.192612">
        <ele>818.351525</ele>
        <time>2025-09-03T09:28:03.808000Z</time>
      </trkpt>
      <trkpt lat="19.554684" lon="98.192253">
        <ele>815.567747</ele>
        <time>2025-09-03T09:28:09.809000Z</time>
      </trkpt>
      <trkpt lat="19.55489" lon="98.192078">
        <ele>813.624553</ele>
        <time>2025-09-03T09:28:13.670000Z</time>
      </trkpt>
      <trkpt lat="19.555138" lon="98.192017">
        <ele>811.74985</ele>
        <time>2025-09-03T09:28:17.356000Z</time>
      </trkpt>
      <trkpt lat="19.555553" lon="98.191986">
        <ele>808.686201</ele>
        <time>2025-09-03T09:28:23.324000Z</time>
      </trkpt>
      <trkpt lat="19.55698" lon="98.191795">
        <ele>794.464889</ele>
        <time>2025-09-03T09:28:42.893000Z</time>
      </trkpt>
      <trkpt lat="19.557548" lon="98.191643">
        <ele>787.894066</ele>
        <time>2025-09-03T09:28:50.596000Z</time>
      </trkpt>
      <trkpt lat="19.558793" lon="98.190842">
        <ele>775.765598</ele>
        <time>2025-09-03T09:29:09.970000Z</time>
      </trkpt>
      <trkpt lat="19.558933" lon="98.190679">
        <ele>774.171476</ele>
        <time>2025-09-03T09:29:13.225000Z</time>
      </trkpt>
      <trkpt lat="19.559055" lon="98.190926">
        <ele>772.155793</ele>
        <time>2025-09-03T09:29:18.120000Z</time>
      </trkpt>
      <trkpt lat="19.559164" lon="98.191414">
        <ele>772.964898</ele>
        <time>2025-09-03T09:29:32.971000Z</time>
      </trkpt>
      <trkpt lat="19.559275" lon="98.191719">
        <ele>774.746607</ele>
        <time>2025-09-03T09:29:47.481000Z</time>
      </trkpt>
      <trkpt lat="19.55954" lon="98.192146">
        <ele>777.532813</ele>
        <time>2025-09-03T09:30:14.477000Z</time>
      </trkpt>
      <trkpt lat="19.560057" lon="98.192642">
        <ele>781.582467</ele>
        <time>2025-09-03T09:30:51.331000Z</time>
      </trkpt>
      <trkpt lat="19.560515" lon="98.193138">
        <ele>786.073561</ele>
        <time>2025-09-03T09:31:23.945000Z</time>
      </trkpt>
      <trkpt lat="19.560846" lon="98.193436">
        <ele>789.052621</ele>
        <time>2025-09-03T09:31:45.005000Z</time>
      </trkpt>
      <trkpt lat="19.561483" lon="98.19413">
        <ele>795.698315</ele>
        <time>2025-09-03T09:32:29.477000Z</time>
      </trkpt>
      <trkpt lat="19.561874" lon="98.194641">
        <ele>801.024909</ele>
        <time>2025-09-03T09:33:01.646000Z</time>
      </trkpt>
      <trkpt lat="19.562471" lon="98.195259">
        <ele>808.186763</ele>
        <time>2025-09-03T09:33:51.274000Z</time>
      </trkpt>
      <trkpt lat="19.562715" lon="98.195442">
        <ele>811.434428</ele>
        <time>2025-09-03T09:34:10.784000Z</time>
      </trkpt>
      <trkpt lat="19.56358" lon="98.195946">
        <ele>823.756808</ele>
        <time>2025-09-03T09:35:20.441000Z</time>
      </trkpt>
      <trkpt lat="19.564436" lon="98.196182">
        <ele>835.084124</ele>
        <time>2025-09-03T09:36:29.954000Z</time>
      </trkpt>
      <trkpt lat="19.564691" lon="98.196297">
        <ele>838.861318</ele>
        <time>2025-09-03T09:36:52.998000Z</time>
      </trkpt>
      <trkpt lat="19.564915" lon="98.196495">
        <ele>842.835517</ele>
        <time>2025-09-03T09:37:17.420000Z</time>
      </trkpt>
      <trkpt lat="19.565481" lon="98.197166">
        <ele>854.404093</ele>
        <time>2025-09-03T09:38:24.082000Z</time>
      </trkpt>
      <trkpt lat="19.56568" lon="98.197288">
        <ele>856.939153</ele>
        <time>2025-09-03T09:38:39.841000Z</time>
      </trkpt>
      <trkpt lat="19.566006" lon="98.197403">
        <ele>859.477334</ele>
        <time>2025-09-03T09:39:01.318000Z</time>
      </trkpt>
      <trkpt lat="19.567234" lon="98.197586">
        <ele>868.639264</ele>
        <time>2025-09-03T09:39:57.798000Z</time>
      </trkpt>
      <trkpt lat="19.567543" lon="98.197659">
        <ele>871.557905</ele>
        <time>2025-09-03T09:40:10.523000Z</time>
      </trkpt>
      <trkpt lat="19.568052" lon="98.1978">
        <ele>876.990626</ele>
        <time>2025-09-03T09:40:36.062000Z</time>
      </trkpt>
      <trkpt lat="19.568321" lon="98.197929">
        <ele>880.039116</ele>
        <time>2025-09-03T09:40:53.246000Z</time>
      </trkpt>
      <trkpt lat="19.568508" lon="98.198143">
        <ele>882.879179</ele>
        <time>2025-09-03T09:41:11.664000Z</time>
      </trkpt>
      <trkpt lat="19.568726" lon="98.198952">
        <ele>893.045789</ele>
        <time>2025-09-03T09:42:19.448000Z</time>
      </trkpt>
      <trkpt lat="19.568848" lon="98.199196">
        <ele>897.523806</ele>
        <time>2025-09-03T09:42:45.639000Z</time>
      </trkpt>
      <trkpt lat="19.569317" lon="98.199646">
        <ele>908.40184</ele>
        <time>2025-09-03T09:43:50.806000Z</time>
      </trkpt>
      <trkpt lat="19.569475" lon="98.199837">
        <ele>912.522197</ele>
        <time>2025-09-03T09:44:14.236000Z</time>
      </trkpt>
      <trkpt lat="19.569597" lon="98.200043">
        <ele>916.46662</ele>
        <time>2025-09-03T09:44:35.048000Z</time>
      </trkpt>
      <trkpt lat="19.569632" lon="98.200165">
        <ele>918.534048</ele>
        <time>2025-09-03T09:44:45.230000Z</time>
      </trkpt>
      <trkpt lat="19.569553" lon="98.200554">
        <ele>921.126795</ele>
        <time>2025-09-03T09:45:12.680000Z</time>
      </trkpt>
      <trkpt lat="19.569569" lon="98.200668">
        <ele>921.782272</ele>
        <time>2025-09-03T09:45:19.348000Z</time>
      </trkpt>
      <trkpt lat="19.569639" lon="98.200767">
        <ele>922.486186</ele>
        <time>2025-09-03T09:45:25.902000Z</time>
      </trkpt>
      <trkpt lat="19.570101" lon="98.201096">
        <ele>925.844235</ele>
        <time>2025-09-03T09:45:49.188000Z</time>
      </trkpt>
      <trkpt lat="19.570337" lon="98.201202">
        <ele>927.39097</ele>
        <time>2025-09-03T09:45:56.543000Z</time>
      </trkpt>
      <trkpt lat="19.57056" lon="98.201187">
        <ele>928.739633</ele>
        <time>2025-09-03T09:46:01.885000Z</time>
      </trkpt>
      <trkpt lat="19.570721" lon="98.201012">
        <ele>930.022208</ele>
        <time>2025-09-03T09:46:06.684000Z</time>
      </trkpt>
      <trkpt lat="19.5709" lon="98.200501">
        <ele>931.678106</ele>
        <time>2025-09-03T09:46:17.582000Z</time>
      </trkpt>
      <trkpt lat="19.570976" lon="98.200394">
        <ele>932.085105</ele>
        <time>2025-09-03T09:46:20.616000Z</time>
      </trkpt>
      <trkpt lat="19.571158" lon="98.200256">
        <ele>932.806154</ele>
        <time>2025-09-03T09:46:26.993000Z</time>
      </trkpt>
      <trkpt lat="19.571363" lon="98.200226">
        <ele>933.47325</ele>
        <time>2025-09-03T09:46:34.020000Z</time>
      </trkpt>
      <trkpt lat="19.571457" lon="98.200264">
        <ele>933.797509</ele>
        <time>2025-09-03T09:46:37.834000Z</time>
      </trkpt>
      <trkpt lat="19.57185" lon="98.200592">
        <ele>935.409194</ele>
        <time>2025-09-03T09:46:59.922000Z</time>
      </trkpt>
      <trkpt lat="19.572399" lon="98.201141">
        <ele>943.158128</ele>
        <time>2025-09-03T09:47:45.003000Z</time>
      </trkpt>
      <trkpt lat="19.57254" lon="98.201401">
        <ele>946.328398</ele>
        <time>2025-09-03T09:48:05.044000Z</time>
      </trkpt>
      <trkpt lat="19.572617" lon="98.20182">
        <ele>950.839783</ele>
        <time>2025-09-03T09:48:35.674000Z</time>
      </trkpt>
      <trkpt lat="19.572739" lon="98.202034">
        <ele>953.483057</ele>
        <time>2025-09-03T09:48:53.795000Z</time>
      </trkpt>
      <trkpt lat="19.573202" lon="98.202423">
        <ele>959.881244</ele>
        <time>2025-09-03T09:49:38.626000Z</time>
      </trkpt>
      <trkpt lat="19.573393" lon="98.202667">
        <ele>963.055538</ele>
        <time>2025-09-03T09:49:59.582000Z</time>
      </trkpt>
      <trkpt lat="19.573692" lon="98.203285">
        <ele>970.007237</ele>
        <time>2025-09-03T09:50:41.051000Z</time>
      </trkpt>
      <trkpt lat="19.5739" lon="98.203507">
        <ele>973.140066</ele>
        <time>2025-09-03T09:50:57.921000Z</time>
      </trkpt>
      <trkpt lat="19.574129" lon="98.20369">
        <ele>975.508566</ele>
        <time>2025-09-03T09:51:13.593000Z</time>
      </trkpt>
      <trkpt lat="19.57436" lon="98.203796">
        <ele>976.691703</ele>
        <time>2025-09-03T09:51:26.915000Z</time>
      </trkpt>
      <trkpt lat="19.575109" lon="98.203941">
        <ele>980.271012</ele>
        <time>2025-09-03T09:52:04.013000Z</time>
      </trkpt>
      <trkpt lat="19.575655" lon="98.204231">
        <ele>983.141354</ele>
        <time>2025-09-03T09:52:24.390000Z</time>
      </trkpt>
      <trkpt lat="19.575882" lon="98.204308">
        <ele>981.782796</ele>
        <time>2025-09-03T09:52:28.887000Z</time>
      </trkpt>
      <trkpt lat="19.576229" lon="98.204353">
        <ele>978.542156</ele>
        <time>2025-09-03T09:52:34.328000Z</time>
      </trkpt>
      <trkpt lat="19.576458" lon="98.204506">
        <ele>976.033715</ele>
        <time>2025-09-03T09:52:38.176000Z</time>
      </trkpt>
      <trkpt lat="19.576525" lon="98.204636">
        <ele>974.739496</ele>
        <time>2025-09-03T09:52:40.093000Z</time>
      </trkpt>
      <trkpt lat="19.576559" lon="98.205063">
        <ele>970.99669</ele>
        <time>2025-09-03T09:52:45.483000Z</time>
      </trkpt>
      <trkpt lat="19.576637" lon="98.205185">
        <ele>969.70895</ele>
        <time>2025-09-03T09:52:47.294000Z</time>
      </trkpt>
      <trkpt lat="19.576696" lon="98.205215">
        <ele>969.102489</ele>
        <time>2025-09-03T09:52:48.146000Z</time>
      </trkpt>
      <trkpt lat="19.576952" lon="98.205116">
        <ele>966.423463</ele>
        <time>2025-09-03T09:52:51.638000Z</time>
      </trkpt>
      <trkpt lat="19.577047" lon="98.205139">
        <ele>964.739307</ele>
        <time>2025-09-03T09:52:52.884000Z</time>
      </trkpt>
      <trkpt lat="19.577232" lon="98.205383">
        <ele>959.639022</ele>
        <time>2025-09-03T09:52:56.632000Z</time>
      </trkpt>
      <trkpt lat="19.577307" lon="98.205406">
        <ele>958.289697</ele>
        <time>2025-09-03T09:52:57.613000Z</time>
      </trkpt>
      <trkpt lat="19.577606" lon="98.205391">
        <ele>953.116016</ele>
        <time>2025-09-03T09:53:01.409000Z</time>
      </trkpt>
      <trkpt lat="19.578299" lon="98.205666">
        <ele>940.328409</ele>
        <time>2025-09-03T09:53:10.840000Z</time>
      </trkpt>
      <trkpt lat="19.578627" lon="98.205727">
        <ele>935.217567</ele>
        <time>2025-09-03T09:53:15.151000Z</time>
      </trkpt>
      <trkpt lat="19.579639" lon="98.205643">
        <ele>928.017257</ele>
        <time>2025-09-03T09:53:29.300000Z</time>
      </trkpt>
      <trkpt lat="19.580393" lon="98.205772">
        <ele>922.890895</ele>
        <time>2025-09-03T09:53:42.183000Z</time>
      </trkpt>
      <trkpt lat="19.581454" lon="98.205874">
        <ele>922.470697</ele>
        <time>2025-09-03T09:54:02.817000Z</time>
      </trkpt>
      <trkpt lat="19.580393" lon="98.205772">
        <ele>923.969975</ele>
        <time>2025-09-03T09:54:30.630000Z</time>
      </trkpt>
      <trkpt lat="19.579639" lon="98.205643">
        <ele>927.572942</ele>
        <time>2025-09-03T09:54:55.509000Z</time>
      </trkpt>
      <trkpt lat="19.578627" lon="98.205727">
        <ele>936.34429</ele>
        <time>2025-09-03T09:55:52.343000Z</time>
      </trkpt>
      <trkpt lat="19.578299" lon="98.205666">
        <ele>941.644</ele>
        <time>2025-09-03T09:56:20.487000Z</time>
      </trkpt>
      <trkpt lat="19.577606" lon="98.205391">
        <ele>953.418892</ele>
        <time>2025-09-03T09:57:32.108000Z</time>
      </trkpt>
      <trkpt lat="19.577307" lon="98.205406">
        <ele>958.182843</ele>
        <time>2025-09-03T09:58:04.027000Z</time>
      </trkpt>
      <trkpt lat="19.577232" lon="98.205383">
        <ele>959.402358</ele>
        <time>2025-09-03T09:58:12.166000Z</time>
      </trkpt>
      <trkpt lat="19.577047" lon="98.205139">
        <ele>963.167539</ele>
        <time>2025-09-03T09:58:42.380000Z</time>
      </trkpt>
      <trkpt lat="19.576952" lon="98.205116">
        <ele>964.410832</ele>
        <time>2025-09-03T09:58:51.907000Z</time>
      </trkpt>
      <trkpt lat="19.576696" lon="98.205215">
        <ele>967.887349</ele>
        <time>2025-09-03T09:59:16.791000Z</time>
      </trkpt>
      <trkpt lat="19.576637" lon="98.205185">
        <ele>968.722096</ele>
        <time>2025-09-03T09:59:22.355000Z</time>
      </trkpt>
      <trkpt lat="19.576559" lon="98.205063">
        <ele>970.49457</ele>
        <time>2025-09-03T09:59:33.531000Z</time>
      </trkpt>
      <trkpt lat="19.576525" lon="98.204636">
        <ele>975.646253</ele>
        <time>2025-09-03T10:00:01.452000Z</time>
      </trkpt>
      <trkpt lat="19.576458" lon="98.204506">
        <ele>977.427646</ele>
        <time>2025-09-03T10:00:09.635000Z</time>
      </trkpt>
      <trkpt lat="19.576229" lon="98.204353">
        <ele>980.880322</ele>
        <time>2025-09-03T10:00:23.517000Z</time>
      </trkpt>
      <trkpt lat="19.575882" lon="98.204308">
        <ele>981.715337</ele>
        <time>2025-09-03T10:00:37.189000Z</time>
      </trkpt>
      <trkpt lat="19.575655" lon="98.204231">
        <ele>981.178418</ele>
        <time>2025-09-03T10:00:43.628000Z</time>
      </trkpt>
      <trkpt lat="19.575109" lon="98.203941">
        <ele>979.802836</ele>
        <time>2025-09-03T10:00:53.803000Z</time>
      </trkpt>
      <trkpt lat="19.57436" lon="98.203796">
        <ele>977.701322</ele>
        <time>2025-09-03T10:01:04.808000Z</time>
      </trkpt>
      <trkpt lat="19.574129" lon="98.20369">
        <ele>975.303254</ele>
        <time>2025-09-03T10:01:08.363000Z</time>
      </trkpt>
      <trkpt lat="19.5739" lon="98.203507">
        <ele>972.571782</ele>
        <time>2025-09-03T10:01:12.377000Z</time>
      </trkpt>
      <trkpt lat="19.573692" lon="98.203285">
        <ele>969.760933</ele>
        <time>2025-09-03T10:01:16.455000Z</time>
      </trkpt>
      <trkpt lat="19.573393" lon="98.202667">
        <ele>963.523704</ele>
        <time>2025-09-03T10:01:25.332000Z</time>
      </trkpt>
      <trkpt lat="19.573202" lon="98.202423">
        <ele>960.570965</ele>
        <time>2025-09-03T10:01:29.308000Z</time>
      </trkpt>
      <trkpt lat="19.572739" lon="98.202034">
        <ele>953.443518</ele>
        <time>2025-09-03T10:01:37.073000Z</time>
      </trkpt>
      <trkpt lat="19.572617" lon="98.20182">
        <ele>950.599002</ele>
        <time>2025-09-03T10:01:40.157000Z</time>
      </trkpt>
      <trkpt lat="19.57254" lon="98.201401">
        <ele>945.744149</ele>
        <time>2025-09-03T10:01:45.446000Z</time>
      </trkpt>
      <trkpt lat="19.572399" lon="98.201141">
        <ele>942.332516</ele>
        <time>2025-09-03T10:01:49.195000Z</time>
      </trkpt>
      <trkpt lat="19.57185" lon="98.200592">
        <ele>936.791877</ele>
        <time>2025-09-03T10:01:59.551000Z</time>
      </trkpt>
      <trkpt lat="19.571457" lon="98.200264">
        <ele>934.265255</ele>
        <time>2025-09-03T10:02:06.991000Z</time>
      </trkpt>
      <trkpt lat="19.571363" lon="98.200226">
        <ele>933.756918</ele>
        <time>2025-09-03T10:02:08.565000Z</time>
      </trkpt>
      <trkpt lat="19.571158" lon="98.200256">
        <ele>932.711119</ele>
        <time>2025-09-03T10:02:12.012000Z</time>
      </trkpt>
      <trkpt lat="19.570976" lon="98.200394">
        <ele>931.580738</ele>
        <time>2025-09-03T10:02:16.062000Z</time>
      </trkpt>
      <trkpt lat="19.5709" lon="98.200501">
        <ele>930.94269</ele>
        <time>2025-09-03T10:02:18.676000Z</time>
      </trkpt>
      <trkpt lat="19.570721" lon="98.201012">
        <ele>928.931537</ele>
        <time>2025-09-03T10:02:30.691000Z</time>
      </trkpt>
      <trkpt lat="19.57056" lon="98.201187">
        <ele>928.121188</ele>
        <time>2025-09-03T10:02:36.177000Z</time>
      </trkpt>
      <trkpt lat="19.570337" lon="98.201202">
        <ele>927.335482</ele>
        <time>2025-09-03T10:02:40.833000Z</time>
      </trkpt>
      <trkpt lat="19.570101" lon="98.201096">
        <ele>926.434382</ele>
        <time>2025-09-03T10:02:45.506000Z</time>
      </trkpt>
      <trkpt lat="19.569639" lon="98.200767">
        <ele>924.478044</ele>
        <time>2025-09-03T10:02:53.924000Z</time>
      </trkpt>
      <trkpt lat="19.569569" lon="98.200668">
        <ele>924.067956</ele>
        <time>2025-09-03T10:02:55.557000Z</time>
      </trkpt>
      <trkpt lat="19.569553" lon="98.200554">
        <ele>922.772984</ele>
        <time>2025-09-03T10:02:57.042000Z</time>
      </trkpt>
      <trkpt lat="19.569632" lon="98.200165">
        <ele>916.796214</ele>
        <time>2025-09-03T10:03:01.994000Z</time>
      </trkpt>
      <trkpt lat="19.569597" lon="98.200043">
        <ele>914.880778</ele>
        <time>2025-09-03T10:03:03.548000Z</time>
      </trkpt>
      <trkpt lat="19.569475" lon="98.199837">
        <ele>911.226338</ele>
        <time>2025-09-03T10:03:06.493000Z</time>
      </trkpt>
      <trkpt lat="19.569317" lon="98.199646">
        <ele>907.408898</ele>
        <time>2025-09-03T10:03:09.545000Z</time>
      </trkpt>
      <trkpt lat="19.568848" lon="98.199196">
        <ele>897.330588</ele>
        <time>2025-09-03T10:03:17.572000Z</time>
      </trkpt>
      <trkpt lat="19.568726" lon="98.198952">
        <ele>893.597422</ele>
        <time>2025-09-03T10:03:20.885000Z</time>
      </trkpt>
      <trkpt lat="19.568508" lon="98.198143">
        <ele>883.470602</ele>
        <time>2025-09-03T10:03:31.130000Z</time>
      </trkpt>
      <trkpt lat="19.568321" lon="98.197929">
        <ele>879.957979</ele>
        <time>2025-09-03T10:03:34.813000Z</time>
      </trkpt>
      <trkpt lat="19.568052" lon="98.1978">
        <ele>876.187571</ele>
        <time>2025-09-03T10:03:38.889000Z</time>
      </trkpt>
      <trkpt lat="19.567543" lon="98.197659">
        <ele>870.829787</ele>
        <time>2025-09-03T10:03:46.490000Z</time>
      </trkpt>
      <trkpt lat="19.567234" lon="98.197586">
        <ele>868.73072</ele>
        <time>2025-09-03T10:03:51.370000Z</time>
      </trkpt>
      <trkpt lat="19.566006" lon="98.197403">
        <ele>860.508214</ele>
        <time>2025-09-03T10:04:09.652000Z</time>
      </trkpt>
      <trkpt lat="19.56568" lon="98.197288">
        <ele>856.30249</ele>
        <time>2025-09-03T10:04:14.320000Z</time>
      </trkpt>
      <trkpt lat="19.565481" lon="98.197166">
        <ele>853.407675</ele>
        <time>2025-09-03T10:04:17.383000Z</time>
      </trkpt>
      <trkpt lat="19.564915" lon="98.196495">
        <ele>842.71868</ele>
        <time>2025-09-03T10:04:28.484000Z</time>
      </trkpt>
      <trkpt lat="19.564691" lon="98.196297">
        <ele>839.046646</ele>
        <time>2025-09-03T10:04:32.257000Z</time>
      </trkpt>
      <trkpt lat="19.564436" lon="98.196182">
        <ele>835.442658</ele>
        <time>2025-09-03T10:04:35.855000Z</time>
      </trkpt>
      <trkpt lat="19.56358" lon="98.195946">
        <ele>823.714685</ele>
        <time>2025-09-03T10:04:47.423000Z</time>
      </trkpt>
      <trkpt lat="19.562715" lon="98.195442">
        <ele>811.556822</ele>
        <time>2025-09-03T10:05:00.523000Z</time>
      </trkpt>
      <trkpt lat="19.562471" lon="98.195259">
        <ele>808.730424</ele>
        <time>2025-09-03T10:05:04.552000Z</time>
      </trkpt>
      <trkpt lat="19.561874" lon="98.194641">
        <ele>800.841223</ele>
        <time>2025-09-03T10:05:16.005000Z</time>
      </trkpt>
      <trkpt lat="19.561483" lon="98.19413">
        <ele>795.48296</ele>
        <time>2025-09-03T10:05:24.813000Z</time>
      </trkpt>
      <trkpt lat="19.560846" lon="98.193436">
        <ele>789.189774</ele>
        <time>2025-09-03T10:05:38Z</time>
      </trkpt>
      <trkpt lat="19.560515" lon="98.193138">
        <ele>786.197558</ele>
        <time>2025-09-03T10:05:44.282000Z</time>
      </trkpt>
      <trkpt lat="19.560057" lon="98.192642">
        <ele>781.226311</ele>
        <time>2025-09-03T10:05:53.667000Z</time>
      </trkpt>
      <trkpt lat="19.55954" lon="98.192146">
        <ele>775.622211</ele>
        <time>2025-09-03T10:06:03.507000Z</time>
      </trkpt>
      <trkpt lat="19.559275" lon="98.191719">
        <ele>771.74818</ele>
        <time>2025-09-03T10:06:10.207000Z</time>
      </trkpt>
      <trkpt lat="19.559164" lon="98.191414">
        <ele>769.174483</ele>
        <time>2025-09-03T10:06:14.435000Z</time>
      </trkpt>
      <trkpt lat="19.559055" lon="98.190926">
        <ele>764.864819</ele>
        <time>2025-09-03T10:06:20.851000Z</time>
      </trkpt>
      <trkpt lat="19.558933" lon="98.190679">
        <ele>762.468392</ele>
        <time>2025-09-03T10:06:24.419000Z</time>
      </trkpt>
      <trkpt lat="19.559223" lon="98.190163">
        <ele>757.305542</ele>
        <time>2025-09-03T10:06:32.153000Z</time>
      </trkpt>
      <trkpt lat="19.559301" lon="98.189911">
        <ele>755.026234</ele>
        <time>2025-09-03T10:06:35.608000Z</time>
      </trkpt>
      <trkpt lat="19.559568" lon="98.188019">
        <ele>742.694877</ele>
        <time>2025-09-03T10:07:01.525000Z</time>
      </trkpt>
      <trkpt lat="19.559633" lon="98.187741">
        <ele>741.492885</ele>
        <time>2025-09-03T10:07:05.572000Z</time>
      </trkpt>
      <trkpt lat="19.559727" lon="98.187477">
        <ele>741.072325</ele>
        <time>2025-09-03T10:07:09.670000Z</time>
      </trkpt>
      <trkpt lat="19.559948" lon="98.187134">
        <ele>740.453123</ele>
        <time>2025-09-03T10:07:15.980000Z</time>
      </trkpt>
      <trkpt lat="19.561354" lon="98.185478">
        <ele>741.166287</ele>
        <time>2025-09-03T10:08:08.563000Z</time>
      </trkpt>
      <trkpt lat="19.562758" lon="98.184334">
        <ele>745.499394</ele>
        <time>2025-09-03T10:09:18.528000Z</time>
      </trkpt>
      <trkpt lat="19.562944" lon="98.184135">
        <ele>746.196538</ele>
        <time>2025-09-03T10:09:26.700000Z</time>
      </trkpt>
      <trkpt lat="19.563089" lon="98.1838">
        <ele>747.113442</ele>
        <time>2025-09-03T10:09:35.571000Z</time>
      </trkpt>
      <trkpt lat="19.563108" lon="98.183411">
        <ele>747.219044</ele>
        <time>2025-09-03T10:09:42.923000Z</time>
      </trkpt>
      <trkpt lat="19.56304" lon="98.182686">
        <ele>746.416991</ele>
        <time>2025-09-03T10:09:54.968000Z</time>
      </trkpt>
      <trkpt lat="19.563068" lon="98.182304">
        <ele>745.9952</ele>
        <time>2025-09-03T10:10:01.227000Z</time>
      </trkpt>
      <trkpt lat="19.563128" lon="98.182106">
        <ele>745.76624</ele>
        <time>2025-09-03T10:10:04.718000Z</time>
      </trkpt>
      <trkpt lat="19.563772" lon="98.180649">
        <ele>745.205375</ele>
        <time>2025-09-03T10:10:37.610000Z</time>
      </trkpt>
      <trkpt lat="19.563833" lon="98.18026">
        <ele>745.149954</ele>
        <time>2025-09-03T10:10:46.316000Z</time>
      </trkpt>
      <trkpt lat="19.563742" lon="98.179726">
        <ele>745.17014</ele>
        <time>2025-09-03T10:10:57.762000Z</time>
      </trkpt>
      <trkpt lat="19.563705" lon="98.178833">
        <ele>745.342855</ele>
        <time>2025-09-03T10:11:16.403000Z</time>
      </trkpt>
      <trkpt lat="19.563732" lon="98.178673">
        <ele>745.374263</ele>
        <time>2025-09-03T10:11:19.811000Z</time>
      </trkpt>
      <trkpt lat="19.563797" lon="98.178551">
        <ele>745.401344</ele>
        <time>2025-09-03T10:11:22.766000Z</time>
      </trkpt>
      <trkpt lat="19.564011" lon="98.178368">
        <ele>745.4577</ele>
        <time>2025-09-03T10:11:29.097000Z</time>
      </trkpt>
      <trkpt lat="19.564321" lon="98.178268">
        <ele>745.730714</ele>
        <time>2025-09-03T10:11:37.161000Z</time>
      </trkpt>
      <trkpt lat="19.564465" lon="98.178177">
        <ele>745.938214</ele>
        <time>2025-09-03T10:11:41.668000Z</time>
      </trkpt>
      <trkpt lat="19.564711" lon="98.177918">
        <ele>746.367238</ele>
        <time>2025-09-03T10:11:51.797000Z</time>
      </trkpt>
      <trkpt lat="19.564796" lon="98.177757">
        <ele>746.582537</ele>
        <time>2025-09-03T10:11:57.190000Z</time>
      </trkpt>
      <trkpt lat="19.564838" lon="98.177582">
        <ele>746.793213</ele>
        <time>2025-09-03T10:12:02.675000Z</time>
      </trkpt>
      <trkpt lat="19.564831" lon="98.177406">
        <ele>746.99872</ele>
        <time>2025-09-03T10:12:08.058000Z</time>
      </trkpt>
      <trkpt lat="19.564503" lon="98.176407">
        <ele>745.671927</ele>
        <time>2025-09-03T10:12:33.919000Z</time>
      </trkpt>
      <trkpt lat="19.564468" lon="98.176079">
        <ele>744.170819</ele>
        <time>2025-09-03T10:12:39.107000Z</time>
      </trkpt>
      <trkpt lat="19.564493" lon="98.175911">
        <ele>743.397374</ele>
        <time>2025-09-03T10:12:41.563000Z</time>
      </trkpt>
      <trkpt lat="19.564707" lon="98.17527">
        <ele>740.304885</ele>
        <time>2025-09-03T10:12:50.646000Z</time>
      </trkpt>
      <trkpt lat="19.564737" lon="98.174942">
        <ele>738.712698</ele>
        <time>2025-09-03T10:12:54.853000Z</time>
      </trkpt>
      <trkpt lat="19.564505" lon="98.174049">
        <ele>732.734268</ele>
        <time>2025-09-03T10:13:06.731000Z</time>
      </trkpt>
      <trkpt lat="19.564497" lon="98.173866">
        <ele>731.551924</ele>
        <time>2025-09-03T10:13:09.168000Z</time>
      </trkpt>
      <trkpt lat="19.56457" lon="98.173309">
        <ele>727.922466</ele>
        <time>2025-09-03T10:13:17.179000Z</time>
      </trkpt>
      <trkpt lat="19.564467" lon="98.172722">
        <ele>725.791261</ele>
        <time>2025-09-03T10:13:28.014000Z</time>
      </trkpt>
      <trkpt lat="19.564339" lon="98.172348">
        <ele>724.897974</ele>
        <time>2025-09-03T10:13:37.331000Z</time>
      </trkpt>
      <trkpt lat="19.564335" lon="98.172127">
        <ele>724.401744</ele>
        <time>2025-09-03T10:13:42.071000Z</time>
      </trkpt>
      <trkpt lat="19.564413" lon="98.171883">
        <ele>723.823307</ele>
        <time>2025-09-03T10:13:46.915000Z</time>
      </trkpt>
      <trkpt lat="19.564489" lon="98.171761">
        <ele>723.494977</ele>
        <time>2025-09-03T10:13:49.363000Z</time>
      </trkpt>
      <trkpt lat="19.564898" lon="98.171524">
        <ele>722.289291</ele>
        <time>2025-09-03T10:13:56.610000Z</time>
      </trkpt>
      <trkpt lat="19.565331" lon="98.171143">
        <ele>717.74374</ele>
        <time>2025-09-03T10:14:04.451000Z</time>
      </trkpt>
      <trkpt lat="19.565775" lon="98.170631">
        <ele>712.445127</ele>
        <time>2025-09-03T10:14:13.317000Z</time>
      </trkpt>
      <trkpt lat="19.565874" lon="98.170342">
        <ele>710.103534</ele>
        <time>2025-09-03T10:14:17.305000Z</time>
      </trkpt>
      <trkpt lat="19.565882" lon="98.170174">
        <ele>708.822618</ele>
        <time>2025-09-03T10:14:19.520000Z</time>
      </trkpt>
      <trkpt lat="19.565754" lon="98.169594">
        <ele>705.581596</ele>
        <time>2025-09-03T10:14:27.764000Z</time>
      </trkpt>
      <trkpt lat="19.5653" lon="98.168182">
        <ele>698.281972</ele>
        <time>2025-09-03T10:14:49.922000Z</time>
      </trkpt>
      <trkpt lat="19.565168" lon="98.16787">
        <ele>696.474386</ele>
        <time>2025-09-03T10:14:54.512000Z</time>
      </trkpt>
      <trkpt lat="19.565071" lon="98.167725">
        <ele>695.534529</ele>
        <time>2025-09-03T10:14:56.868000Z</time>
      </trkpt>
      <trkpt lat="19.564817" lon="98.16748">
        <ele>693.609295</ele>
        <time>2025-09-03T10:15:01.639000Z</time>
      </trkpt>
      <trkpt lat="19.564507" lon="98.167305">
        <ele>691.639786</ele>
        <time>2025-09-03T10:15:06.585000Z</time>
      </trkpt>
      <trkpt lat="19.563932" lon="98.167183">
        <ele>688.624474</ele>
        <time>2025-09-03T10:15:15.440000Z</time>
      </trkpt>
      <trkpt lat="19.563374" lon="98.167145">
        <ele>691.648281</ele>
        <time>2025-09-03T10:15:29.960000Z</time>
      </trkpt>
      <trkpt lat="19.562891" lon="98.16716">
        <ele>694.261408</ele>
        <time>2025-09-03T10:15:51.536000Z</time>
      </trkpt>
      <trkpt lat="19.562609" lon="98.167084">
        <ele>695.834838</ele>
        <time>2025-09-03T10:16:07.866000Z</time>
      </trkpt>
      <trkpt lat="19.561836" lon="98.166458">
        <ele>705.145944</ele>
        <time>2025-09-03T10:17:16.956000Z</time>
      </trkpt>
      <trkpt lat="19.560898" lon="98.165306">
        <ele>723.098547</ele>
        <time>2025-09-03T10:19:10.385000Z</time>
      </trkpt>
      <trkpt lat="19.560818" lon="98.165161">
        <ele>724.465592</ele>
        <time>2025-09-03T10:19:20.837000Z</time>
      </trkpt>
      <trkpt lat="19.560663" lon="98.164703">
        <ele>728.42487</ele>
        <time>2025-09-03T10:19:47.539000Z</time>
      </trkpt>
      <trkpt lat="19.560581" lon="98.164566">
        <ele>729.74534</ele>
        <time>2025-09-03T10:19:55.434000Z</time>
      </trkpt>
      <trkpt lat="19.560081" lon="98.164055">
        <ele>735.738811</ele>
        <time>2025-09-03T10:20:26.896000Z</time>
      </trkpt>
      <trkpt lat="19.559706" lon="98.163536">
        <ele>740.877159</ele>
        <time>2025-09-03T10:20:58.005000Z</time>
      </trkpt>
      <trkpt lat="19.559593" lon="98.163422">
        <ele>742.159957</ele>
        <time>2025-09-03T10:21:06.856000Z</time>
      </trkpt>
      <trkpt lat="19.559059" lon="98.163055">
        <ele>747.394437</ele>
        <time>2025-09-03T10:21:46.423000Z</time>
      </trkpt>
      <trkpt lat="19.558626" lon="98.162567">
        <ele>751.896725</ele>
        <time>2025-09-03T10:22:26.944000Z</time>
      </trkpt>
      <trkpt lat="19.557995" lon="98.162117">
        <ele>751.069385</ele>
        <time>2025-09-03T10:22:50.473000Z</time>
      </trkpt>
      <trkpt lat="19.557909" lon="98.16201">
        <ele>750.925167</ele>
        <time>2025-09-03T10:22:52.560000Z</time>
      </trkpt>
      <trkpt lat="19.557854" lon="98.16188">
        <ele>750.779036</ele>
        <time>2025-09-03T10:22:54.574000Z</time>
      </trkpt>
      <trkpt lat="19.557833" lon="98.161736">
        <ele>750.62961</ele>
        <time>2025-09-03T10:22:56.603000Z</time>
      </trkpt>
      <trkpt lat="19.557846" lon="98.161224">
        <ele>750.104378</ele>
        <time>2025-09-03T10:23:03.543000Z</time>
      </trkpt>
      <trkpt lat="19.557982" lon="98.16083">
        <ele>749.435416</ele>
        <time>2025-09-03T10:23:09.125000Z</time>
      </trkpt>
      <trkpt lat="19.55812" lon="98.160505">
        <ele>748.81798</ele>
        <time>2025-09-03T10:23:13.969000Z</time>
      </trkpt>
      <trkpt lat="19.558223" lon="98.160122">
        <ele>748.12811</ele>
        <time>2025-09-03T10:23:20.248000Z</time>
      </trkpt>
      <trkpt lat="19.558253" lon="98.159752">
        <ele>747.484876</ele>
        <time>2025-09-03T10:23:28.987000Z</time>
      </trkpt>
      <trkpt lat="19.55826" lon="98.158958">
        <ele>749.489486</ele>
        <time>2025-09-03T10:23:57.451000Z</time>
      </trkpt>
      <trkpt lat="19.558296" lon="98.158776">
        <ele>750.967542</ele>
        <time>2025-09-03T10:24:05.309000Z</time>
      </trkpt>
      <trkpt lat="19.5584" lon="98.158569">
        <ele>752.832014</ele>
        <time>2025-09-03T10:24:15.911000Z</time>
      </trkpt>
      <trkpt lat="19.558569" lon="98.158137">
        <ele>756.549668</ele>
        <time>2025-09-03T10:24:40.595000Z</time>
      </trkpt>
      <trkpt lat="19.558645" lon="98.157349">
        <ele>763.708436</ele>
        <time>2025-09-03T10:25:33.357000Z</time>
      </trkpt>
      <trkpt lat="19.558643" lon="98.156891">
        <ele>770.620754</ele>
        <time>2025-09-03T10:26:08.325000Z</time>
      </trkpt>
      <trkpt lat="19.558603" lon="98.156456">
        <ele>777.217062</ele>
        <time>2025-09-03T10:26:43.705000Z</time>
      </trkpt>
      <trkpt lat="19.55855" lon="98.156247">
        <ele>780.483566</ele>
        <time>2025-09-03T10:27:01.655000Z</time>
      </trkpt>
      <trkpt lat="19.558462" lon="98.156036">
        <ele>783.966</ele>
        <time>2025-09-03T10:27:21.289000Z</time>
      </trkpt>
      <trkpt lat="19.557962" lon="98.155205">
        <ele>799.120807</ele>
        <time>2025-09-03T10:28:52.726000Z</time>
      </trkpt>
      <trkpt lat="19.557938" lon="98.155045">
        <ele>801.648285</ele>
        <time>2025-09-03T10:29:07.853000Z</time>
      </trkpt>
      <trkpt lat="19.557957" lon="98.154899">
        <ele>803.947551</ele>
        <time>2025-09-03T10:29:21.306000Z</time>
      </trkpt>
      <trkpt lat="19.558027" lon="98.15477">
        <ele>806.269821</ele>
        <time>2025-09-03T10:29:34.641000Z</time>
      </trkpt>
      <trkpt lat="19.558138" lon="98.154678">
        <ele>808.601534</ele>
        <time>2025-09-03T10:29:47.445000Z</time>
      </trkpt>
      <trkpt lat="19.55841" lon="98.154622">
        <ele>813.188596</ele>
        <time>2025-09-03T10:30:11.444000Z</time>
      </trkpt>
      <trkpt lat="19.558588" lon="98.154633">
        <ele>816.140471</ele>
        <time>2025-09-03T10:30:26.134000Z</time>
      </trkpt>
      <trkpt lat="19.559067" lon="98.154777">
        <ele>822.732604</ele>
        <time>2025-09-03T10:31:03.248000Z</time>
      </trkpt>
      <trkpt lat="19.559361" lon="98.154968">
        <ele>826.032544</ele>
        <time>2025-09-03T10:31:24.732000Z</time>
      </trkpt>
      <trkpt lat="19.559654" lon="98.155288">
        <ele>830.057422</ele>
        <time>2025-09-03T10:31:46.959000Z</time>
      </trkpt>
      <trkpt lat="19.559795" lon="98.155332">
        <ele>831.464354</ele>
        <time>2025-09-03T10:31:54.590000Z</time>
      </trkpt>
      <trkpt lat="19.559856" lon="98.15531">
        <ele>832.081105</ele>
        <time>2025-09-03T10:31:57.985000Z</time>
      </trkpt>
      <trkpt lat="19.559899" lon="98.155259">
        <ele>832.698428</ele>
        <time>2025-09-03T10:32:01.434000Z</time>
      </trkpt>
      <trkpt lat="19.559929" lon="98.155179">
        <ele>833.475116</ele>
        <time>2025-09-03T10:32:05.818000Z</time>
      </trkpt>
      <trkpt lat="19.559925" lon="98.155086">
        <ele>834.314898</ele>
        <time>2025-09-03T10:32:10.688000Z</time>
      </trkpt>
      <trkpt lat="19.559703" lon="98.154685">
        <ele>838.254634</ele>
        <time>2025-09-03T10:32:35.927000Z</time>
      </trkpt>
      <trkpt lat="19.559494" lon="98.15439">
        <ele>840.547972</ele>
        <time>2025-09-03T10:32:56.897000Z</time>
      </trkpt>
      <trkpt lat="19.559242" lon="98.154106">
        <ele>842.971908</ele>
        <time>2025-09-03T10:33:18.472000Z</time>
      </trkpt>
      <trkpt lat="19.558853" lon="98.153772">
        <ele>846.271469</ele>
        <time>2025-09-03T10:33:45.763000Z</time>
      </trkpt>
      <trkpt lat="19.558768" lon="98.153659">
        <ele>847.1699</ele>
        <time>2025-09-03T10:33:52.247000Z</time>
      </trkpt>
      <trkpt lat="19.55868" lon="98.153503">
        <ele>848.299656</ele>
        <time>2025-09-03T10:33:59.336000Z</time>
      </trkpt>
      <trkpt lat="19.558501" lon="98.152994">
        <ele>847.571809</ele>
        <time>2025-09-03T10:34:12.242000Z</time>
      </trkpt>
      <trkpt lat="19.558395" lon="98.152764">
        <ele>846.092008</ele>
        <time>2025-09-03T10:34:16.225000Z</time>
      </trkpt>
      <trkpt lat="19.558259" lon="98.152534">
        <ele>844.522632</ele>
        <time>2025-09-03T10:34:20.021000Z</time>
      </trkpt>
      <trkpt lat="19.558127" lon="98.152399">
        <ele>843.398218</ele>
        <time>2025-09-03T10:34:22.615000Z</time>
      </trkpt>
      <trkpt lat="19.558037" lon="98.152324">
        <ele>842.696342</ele>
        <time>2025-09-03T10:34:24.215000Z</time>
      </trkpt>
      <trkpt lat="19.557943" lon="98.152281">
        <ele>842.068502</ele>
        <time>2025-09-03T10:34:25.622000Z</time>
      </trkpt>
      <trkpt lat="19.557205" lon="98.152112">
        <ele>835.658189</ele>
        <time>2025-09-03T10:34:35.731000Z</time>
      </trkpt>
      <trkpt lat="19.557077" lon="98.152121">
        <ele>833.574367</ele>
        <time>2025-09-03T10:34:37.420000Z</time>
      </trkpt>
      <trkpt lat="19.556593" lon="98.152275">
        <ele>825.36637</ele>
        <time>2025-09-03T10:34:43.989000Z</time>
      </trkpt>
      <trkpt lat="19.556477" lon="98.152289">
        <ele>823.469892</ele>
        <time>2025-09-03T10:34:45.486000Z</time>
      </trkpt>
      <trkpt lat="19.55632" lon="98.152275">
        <ele>820.910558</ele>
        <time>2025-09-03T10:34:47.502000Z</time>
      </trkpt>
      <trkpt lat="19.556169" lon="98.152214">
        <ele>818.285966</ele>
        <time>2025-09-03T10:34:49.558000Z</time>
      </trkpt>
      <trkpt lat="19.555326" lon="98.151634">
        <ele>802.81693</ele>
        <time>2025-09-03T10:35:02.325000Z</time>
      </trkpt>
      <trkpt lat="19.554536" lon="98.151244">
        <ele>790.305787</ele>
        <time>2025-09-03T10:35:13.630000Z</time>
      </trkpt>
      <trkpt lat="19.554388" lon="98.151131">
        <ele>787.68774</ele>
        <time>2025-09-03T10:35:16.104000Z</time>
      </trkpt>
      <trkpt lat="19.554141" lon="98.150846">
        <ele>783.107471</ele>
        <time>2025-09-03T10:35:21.196000Z</time>
      </trkpt>
      <trkpt lat="19.553854" lon="98.150581">
        <ele>781.15997</ele>
        <time>2025-09-03T10:35:26.679000Z</time>
      </trkpt>
      <trkpt lat="19.553686" lon="98.150467">
        <ele>780.139151</ele>
        <time>2025-09-03T10:35:29.646000Z</time>
      </trkpt>
      <trkpt lat="19.552443" lon="98.149822">
        <ele>774.049522</ele>
        <time>2025-09-03T10:35:51.358000Z</time>
      </trkpt>
      <trkpt lat="19.552303" lon="98.149674">
        <ele>773.869233</ele>
        <time>2025-09-03T10:35:55.191000Z</time>
      </trkpt>
      <trkpt lat="19.552134" lon="98.149376">
        <ele>773.570216</ele>
        <time>2025-09-03T10:36:02.701000Z</time>
      </trkpt>
      <trkpt lat="19.551999" lon="98.149258">
        <ele>773.410649</ele>
        <time>2025-09-03T10:36:06.850000Z</time>
      </trkpt>
      <trkpt lat="19.551825" lon="98.149139">
        <ele>773.221791</ele>
        <time>2025-09-03T10:36:11.478000Z</time>
      </trkpt>
      <trkpt lat="19.551317" lon="98.14888">
        <ele>772.707607</ele>
        <time>2025-09-03T10:36:22.999000Z</time>
      </trkpt>
      <trkpt lat="19.551222" lon="98.148773">
        <ele>772.775511</ele>
        <time>2025-09-03T10:36:25.691000Z</time>
      </trkpt>
      <trkpt lat="19.551163" lon="98.148636">
        <ele>773.233869</ele>
        <time>2025-09-03T10:36:28.648000Z</time>
      </trkpt>
      <trkpt lat="19.55115" lon="98.148129">
        <ele>774.777224</ele>
        <time>2025-09-03T10:36:40.736000Z</time>
      </trkpt>
      <trkpt lat="19.551121" lon="98.147993">
        <ele>775.20153</ele>
        <time>2025-09-03T10:36:44.655000Z</time>
      </trkpt>
      <trkpt lat="19.551028" lon="98.147874">
        <ele>775.671969</ele>
        <time>2025-09-03T10:36:49.391000Z</time>
      </trkpt>
      <trkpt lat="19.550833" lon="98.147758">
        <ele>776.393841</ele>
        <time>2025-09-03T10:36:57.547000Z</time>
      </trkpt>
      <trkpt lat="19.550259" lon="98.147484">
        <ele>778.426268</ele>
        <time>2025-09-03T10:37:27.758000Z</time>
      </trkpt>
      <trkpt lat="19.549813" lon="98.147345">
        <ele>779.519016</ele>
        <time>2025-09-03T10:37:52.559000Z</time>
      </trkpt>
      <trkpt lat="19.549666" lon="98.147253">
        <ele>779.919625</ele>
        <time>2025-09-03T10:38:01.121000Z</time>
      </trkpt>
      <trkpt lat="19.549574" lon="98.147148">
        <ele>780.236779</ele>
        <time>2025-09-03T10:38:07.158000Z</time>
      </trkpt>
      <trkpt lat="19.549532" lon="98.147011">
        <ele>780.555466</ele>
        <time>2025-09-03T10:38:12.563000Z</time>
      </trkpt>
      <trkpt lat="19.549524" lon="98.146843">
        <ele>780.927568</ele>
        <time>2025-09-03T10:38:18.014000Z</time>
      </trkpt>
      <trkpt lat="19.549651" lon="98.14597">
        <ele>782.182755</ele>
        <time>2025-09-03T10:38:32.848000Z</time>
      </trkpt>
      <trkpt lat="19.549632" lon="98.145791">
        <ele>781.35646</ele>
        <time>2025-09-03T10:38:35.366000Z</time>
      </trkpt>
      <trkpt lat="19.549503" lon="98.145324">
        <ele>779.124118</ele>
        <time>2025-09-03T10:38:42.082000Z</time>
      </trkpt>
      <trkpt lat="19.5495" lon="98.145149">
        <ele>778.321231</ele>
        <time>2025-09-03T10:38:44.509000Z</time>
      </trkpt>
      <trkpt lat="19.549575" lon="98.144867">
        <ele>776.97712</ele>
        <time>2025-09-03T10:38:48.599000Z</time>
      </trkpt>
      <trkpt lat="19.549541" lon="98.144731">
        <ele>776.331685</ele>
        <time>2025-09-03T10:38:50.585000Z</time>
      </trkpt>
      <trkpt lat="19.549467" lon="98.144623">
        <ele>775.719158</ele>
        <time>2025-09-03T10:38:52.483000Z</time>
      </trkpt>
      <trkpt lat="19.549194" lon="98.14434">
        <ele>773.84834</ele>
        <time>2025-09-03T10:38:58.270000Z</time>
      </trkpt>
      <trkpt lat="19.548899" lon="98.143768">
        <ele>769.812403</ele>
        <time>2025-09-03T10:39:07.714000Z</time>
      </trkpt>
      <trkpt lat="19.548658" lon="98.143539">
        <ele>767.687627</ele>
        <time>2025-09-03T10:39:12.457000Z</time>
      </trkpt>
      <trkpt lat="19.548048" lon="98.143181">
        <ele>763.109133</ele>
        <time>2025-09-03T10:39:22.133000Z</time>
      </trkpt>
      <trkpt lat="19.547928" lon="98.143082">
        <ele>762.110781</ele>
        <time>2025-09-03T10:39:24.226000Z</time>
      </trkpt>
      <trkpt lat="19.547749" lon="98.14286">
        <ele>761.236247</ele>
        <time>2025-09-03T10:39:28.075000Z</time>
      </trkpt>
      <trkpt lat="19.547579" lon="98.14241">
        <ele>759.807432</ele>
        <time>2025-09-03T10:39:34.911000Z</time>
      </trkpt>
      <trkpt lat="19.547512" lon="98.142349">
        <ele>759.531344</ele>
        <time>2025-09-03T10:39:36.343000Z</time>
      </trkpt>
      <trkpt lat="19.547436" lon="98.142326">
        <ele>759.284185</ele>
        <time>2025-09-03T10:39:37.705000Z</time>
      </trkpt>
      <trkpt lat="19.547361" lon="98.142349">
        <ele>759.040032</ele>
        <time>2025-09-03T10:39:39.027000Z</time>
      </trkpt>
      <trkpt lat="19.547195" lon="98.142782">
        <ele>757.662355</ele>
        <time>2025-09-03T10:39:47.780000Z</time>
      </trkpt>
      <trkpt lat="19.547022" lon="98.143033">
        <ele>756.745875</ele>
        <time>2025-09-03T10:39:55.757000Z</time>
      </trkpt>
      <trkpt lat="19.546912" lon="98.1431">
        <ele>756.25262</ele>
        <time>2025-09-03T10:39:59.773000Z</time>
      </trkpt>
      <trkpt lat="19.546719" lon="98.14314">
        <ele>755.101392</ele>
        <time>2025-09-03T10:40:06.483000Z</time>
      </trkpt>
      <trkpt lat="19.546552" lon="98.143128">
        <ele>754.121485</ele>
        <time>2025-09-03T10:40:12.096000Z</time>
      </trkpt>
      <trkpt lat="19.545538" lon="98.142906">
        <ele>748.060196</ele>
        <time>2025-09-03T10:40:27.542000Z</time>
      </trkpt>
      <trkpt lat="19.545416" lon="98.142837">
        <ele>747.250859</ele>
        <time>2025-09-03T10:40:29.342000Z</time>
      </trkpt>
      <trkpt lat="19.545324" lon="98.142712">
        <ele>746.375838</ele>
        <time>2025-09-03T10:40:31.280000Z</time>
      </trkpt>
      <trkpt lat="19.545166" lon="98.142311">
        <ele>742.968723</ele>
        <time>2025-09-03T10:40:36.589000Z</time>
      </trkpt>
      <trkpt lat="19.544901" lon="98.141904">
        <ele>738.828617</ele>
        <time>2025-09-03T10:40:42.680000Z</time>
      </trkpt>
      <trkpt lat="19.544759" lon="98.141612">
        <ele>736.078675</ele>
        <time>2025-09-03T10:40:46.880000Z</time>
      </trkpt>
      <trkpt lat="19.544677" lon="98.141541">
        <ele>735.138795</ele>
        <time>2025-09-03T10:40:48.377000Z</time>
      </trkpt>
      <trkpt lat="19.54457" lon="98.141513">
        <ele>734.160093</ele>
        <time>2025-09-03T10:40:49.978000Z</time>
      </trkpt>
      <trkpt lat="19.544279" lon="98.141604">
        <ele>731.465926</ele>
        <time>2025-09-03T10:40:54.752000Z</time>
      </trkpt>
      <trkpt lat="19.544045" lon="98.141621">
        <ele>729.619879</ele>
        <time>2025-09-03T10:40:59.681000Z</time>
      </trkpt>
      <trkpt lat="19.543732" lon="98.141495">
        <ele>727.873905</ele>
        <time>2025-09-03T10:41:09.848000Z</time>
      </trkpt>
      <trkpt lat="19.543049" lon="98.141075">
        <ele>723.756796</ele>
        <time>2025-09-03T10:41:23.993000Z</time>
      </trkpt>
      <trkpt lat="19.542957" lon="98.140976">
        <ele>723.073421</ele>
        <time>2025-09-03T10:41:25.834000Z</time>
      </trkpt>
      <trkpt lat="19.542893" lon="98.140846">
        <ele>722.352531</ele>
        <time>2025-09-03T10:41:27.714000Z</time>
      </trkpt>
      <trkpt lat="19.542759" lon="98.140137">
        <ele>718.380588</ele>
        <time>2025-09-03T10:41:36.635000Z</time>
      </trkpt>
      <trkpt lat="19.542654" lon="98.139786">
        <ele>716.145215</ele>
        <time>2025-09-03T10:41:41.160000Z</time>
      </trkpt>
      <trkpt lat="19.542492" lon="98.139481">
        <ele>714.020022</ele>
        <time>2025-09-03T10:41:45.650000Z</time>
      </trkpt>
      <trkpt lat="19.542257" lon="98.139259">
        <ele>711.993415</ele>
        <time>2025-09-03T10:41:50.650000Z</time>
      </trkpt>
      <trkpt lat="19.542122" lon="98.139191">
        <ele>711.030862</ele>
        <time>2025-09-03T10:41:54.113000Z</time>
      </trkpt>
      <trkpt lat="19.541892" lon="98.139169">
        <ele>709.543388</ele>
        <time>2025-09-03T10:42:01.722000Z</time>
      </trkpt>
      <trkpt lat="19.54173" lon="98.13921">
        <ele>709.136186</ele>
        <time>2025-09-03T10:42:08.446000Z</time>
      </trkpt>
      <trkpt lat="19.541407" lon="98.139461">
        <ele>709.856944</ele>
        <time>2025-09-03T10:42:26.289000Z</time>
      </trkpt>
      <trkpt lat="19.54127" lon="98.139512">
        <ele>710.118325</ele>
        <time>2025-09-03T10:42:32.691000Z</time>
      </trkpt>
      <trkpt lat="19.541129" lon="98.139511">
        <ele>710.372175</ele>
        <time>2025-09-03T10:42:38.864000Z</time>
      </trkpt>
      <trkpt lat="19.541021" lon="98.139432">
        <ele>710.608331</ele>
        <time>2025-09-03T10:42:44.335000Z</time>
      </trkpt>
      <trkpt lat="19.540962" lon="98.139291">
        <ele>710.870076</ele>
        <time>2025-09-03T10:42:50.006000Z</time>
      </trkpt>
      <trkpt lat="19.54098" lon="98.139095">
        <ele>711.204189</ele>
        <time>2025-09-03T10:42:56.445000Z</time>
      </trkpt>
      <trkpt lat="19.541112" lon="98.138801">
        <ele>711.756712</ele>
        <time>2025-09-03T10:43:04.247000Z</time>
      </trkpt>
      <trkpt lat="19.541168" lon="98.138621">
        <ele>712.078315</ele>
        <time>2025-09-03T10:43:07.342000Z</time>
      </trkpt>
      <trkpt lat="19.541162" lon="98.138492">
        <ele>712.070474</ele>
        <time>2025-09-03T10:43:09.294000Z</time>
      </trkpt>
      <trkpt lat="19.541089" lon="98.138349">
        <ele>711.432364</ele>
        <time>2025-09-03T10:43:11.577000Z</time>
      </trkpt>
      <trkpt lat="19.540676" lon="98.138115">
        <ele>709.483094</ele>
        <time>2025-09-03T10:43:18.258000Z</time>
      </trkpt>
      <trkpt lat="19.540564" lon="98.138023">
        <ele>708.893395</ele>
        <time>2025-09-03T10:43:20.286000Z</time>
      </trkpt>
      <trkpt lat="19.540361" lon="98.137771">
        <ele>707.592636</ele>
        <time>2025-09-03T10:43:24.904000Z</time>
      </trkpt>
      <trkpt lat="19.540163" lon="98.137222">
        <ele>705.286196</ele>
        <time>2025-09-03T10:43:33.815000Z</time>
      </trkpt>
      <trkpt lat="19.540098" lon="98.137136">
        <ele>704.853646</ele>
        <time>2025-09-03T10:43:35.583000Z</time>
      </trkpt>
      <trkpt lat="19.539986" lon="98.137093">
        <ele>705.065128</ele>
        <time>2025-09-03T10:43:37.635000Z</time>
      </trkpt>
      <trkpt lat="19.539871" lon="98.137114">
        <ele>705.477478</ele>
        <time>2025-09-03T10:43:39.652000Z</time>
      </trkpt>
      <trkpt lat="19.539515" lon="98.137497">
        <ele>707.268952</ele>
        <time>2025-09-03T10:43:50.342000Z</time>
      </trkpt>
      <trkpt lat="19.539389" lon="98.137573">
        <ele>707.781107</ele>
        <time>2025-09-03T10:43:55.057000Z</time>
      </trkpt>
      <trkpt lat="19.538755" lon="98.13781">
        <ele>710.156437</ele>
        <time>2025-09-03T10:44:27.023000Z</time>
      </trkpt>
      <trkpt lat="19.538473" lon="98.137947">
        <ele>711.375237</ele>
        <time>2025-09-03T10:44:45.109000Z</time>
      </trkpt>
      <trkpt lat="19.538359" lon="98.138039">
        <ele>712.279397</ele>
        <time>2025-09-03T10:44:53.924000Z</time>
      </trkpt>
      <trkpt lat="19.538014" lon="98.138466">
        <ele>715.625586</ele>
        <time>2025-09-03T10:45:27.083000Z</time>
      </trkpt>
      <trkpt lat="19.537905" lon="98.138535">
        <ele>716.426836</ele>
        <time>2025-09-03T10:45:35.193000Z</time>
      </trkpt>
      <trkpt lat="19.537506" lon="98.138634">
        <ele>719.013621</ele>
        <time>2025-09-03T10:46:00.084000Z</time>
      </trkpt>
      <trkpt lat="19.537168" lon="98.138801">
        <ele>721.36735</ele>
        <time>2025-09-03T10:46:14.882000Z</time>
      </trkpt>
      <trkpt lat="19.537048" lon="98.138832">
        <ele>722.147023</ele>
        <time>2025-09-03T10:46:17.245000Z</time>
      </trkpt>
      <trkpt lat="19.5368" lon="98.138786">
        <ele>721.007938</ele>
        <time>2025-09-03T10:46:21.220000Z</time>
      </trkpt>
      <trkpt lat="19.536573" lon="98.138664">
        <ele>719.204834</ele>
        <time>2025-09-03T10:46:25.013000Z</time>
      </trkpt>
      <trkpt lat="19.536417" lon="98.138496">
        <ele>717.629815</ele>
        <time>2025-09-03T10:46:28.202000Z</time>
      </trkpt>
      <trkpt lat="19.536379" lon="98.138367">
        <ele>716.727235</ele>
        <time>2025-09-03T10:46:30.032000Z</time>
      </trkpt>
      <trkpt lat="19.536377" lon="98.138016">
        <ele>714.38317</ele>
        <time>2025-09-03T10:46:34.713000Z</time>
      </trkpt>
      <trkpt lat="19.536312" lon="98.13784">
        <ele>713.120792</ele>
        <time>2025-09-03T10:46:37.167000Z</time>
      </trkpt>
      <trkpt lat="19.536245" lon="98.137779">
        <ele>712.495212</ele>
        <time>2025-09-03T10:46:38.362000Z</time>
      </trkpt>
      <trkpt lat="19.536039" lon="98.137711">
        <ele>710.966476</ele>
        <time>2025-09-03T10:46:41.261000Z</time>
      </trkpt>
      <trkpt lat="19.535641" lon="98.137657">
        <ele>705.544733</ele>
        <time>2025-09-03T10:46:46.595000Z</time>
      </trkpt>
      <trkpt lat="19.535448" lon="98.137543">
        <ele>701.428775</ele>
        <time>2025-09-03T10:46:49.531000Z</time>
      </trkpt>
      <trkpt lat="19.5352" lon="98.137032">
        <ele>691.335132</ele>
        <time>2025-09-03T10:46:56.579000Z</time>
      </trkpt>
      <trkpt lat="19.53491" lon="98.136521">
        <ele>680.860043</ele>
        <time>2025-09-03T10:47:03.672000Z</time>
      </trkpt>
      <trkpt lat="19.534893" lon="98.136353">
        <ele>677.892831</ele>
        <time>2025-09-03T10:47:05.702000Z</time>
      </trkpt>
      <trkpt lat="19.534956" lon="98.135292">
        <ele>655.148108</ele>
        <time>2025-09-03T10:47:18.465000Z</time>
      </trkpt>
      <trkpt lat="19.534922" lon="98.134819">
        <ele>644.816566</ele>
        <time>2025-09-03T10:47:24.108000Z</time>
      </trkpt>
      <trkpt lat="19.534809" lon="98.13446">
        <ele>636.573227</ele>
        <time>2025-09-03T10:47:28.635000Z</time>
      </trkpt>
      <trkpt lat="19.53421" lon="98.13311">
        <ele>621.016803</ele>
        <time>2025-09-03T10:47:47.429000Z</time>
      </trkpt>
      <trkpt lat="19.534121" lon="98.132812">
        <ele>617.984108</ele>
        <time>2025-09-03T10:47:51.983000Z</time>
      </trkpt>
      <trkpt lat="19.534121" lon="98.132645">
        <ele>616.363982</ele>
        <time>2025-09-03T10:47:54.525000Z</time>
      </trkpt>
      <trkpt lat="19.534159" lon="98.132469">
        <ele>615.465555</ele>
        <time>2025-09-03T10:47:57.269000Z</time>
      </trkpt>
      <trkpt lat="19.53446" lon="98.131714">
        <ele>612.04502</ele>
        <time>2025-09-03T10:48:09.167000Z</time>
      </trkpt>
      <trkpt lat="19.534637" lon="98.131531">
        <ele>610.950882</ele>
        <time>2025-09-03T10:48:12.827000Z</time>
      </trkpt>
      <trkpt lat="19.53511" lon="98.131363">
        <ele>608.742532</ele>
        <time>2025-09-03T10:48:20.310000Z</time>
      </trkpt>
      <trkpt lat="19.535255" lon="98.131279">
        <ele>608.154537</ele>
        <time>2025-09-03T10:48:22.950000Z</time>
      </trkpt>
      <trkpt lat="19.53533" lon="98.131119">
        <ele>608.200295</ele>
        <time>2025-09-03T10:48:25.780000Z</time>
      </trkpt>
      <trkpt lat="19.535317" lon="98.131012">
        <ele>608.227921</ele>
        <time>2025-09-03T10:48:27.604000Z</time>
      </trkpt>
      <trkpt lat="19.535194" lon="98.130806">
        <ele>608.290367</ele>
        <time>2025-09-03T10:48:32.368000Z</time>
      </trkpt>
      <trkpt lat="19.534975" lon="98.1306">
        <ele>608.369886</ele>
        <time>2025-09-03T10:48:41.274000Z</time>
      </trkpt>
      <trkpt lat="19.534368" lon="98.130302">
        <ele>608.551611</ele>
        <time>2025-09-03T10:49:07.554000Z</time>
      </trkpt>
      <trkpt lat="19.534075" lon="98.130089">
        <ele>608.000922</ele>
        <time>2025-09-03T10:49:17.776000Z</time>
      </trkpt>
      <trkpt lat="19.533991" lon="98.129906">
        <ele>605.490354</ele>
        <time>2025-09-03T10:49:21.095000Z</time>
      </trkpt>
      <trkpt lat="19.534016" lon="98.129791">
        <ele>604.034718</ele>
        <time>2025-09-03T10:49:22.780000Z</time>
      </trkpt>
      <trkpt lat="19.53429" lon="98.129486">
        <ele>598.837638</ele>
        <time>2025-09-03T10:49:28.182000Z</time>
      </trkpt>
      <trkpt lat="19.534658" lon="98.128944">
        <ele>590.598561</ele>
        <time>2025-09-03T10:49:36.223000Z</time>
      </trkpt>
      <trkpt lat="19.534765" lon="98.128845">
        <ele>588.740649</ele>
        <time>2025-09-03T10:49:38.019000Z</time>
      </trkpt>
      <trkpt lat="19.53503" lon="98.128738">
        <ele>584.998582</ele>
        <time>2025-09-03T10:49:41.606000Z</time>
      </trkpt>
      <trkpt lat="19.53548" lon="98.128694">
        <ele>576.272483</ele>
        <time>2025-09-03T10:49:47.322000Z</time>
      </trkpt>
      <trkpt lat="19.535547" lon="98.128624">
        <ele>574.456865</ele>
        <time>2025-09-03T10:49:48.526000Z</time>
      </trkpt>
      <trkpt lat="19.535578" lon="98.128532">
        <ele>572.67886</ele>
        <time>2025-09-03T10:49:49.688000Z</time>
      </trkpt>
      <trkpt lat="19.535519" lon="98.128143">
        <ele>565.508768</ele>
        <time>2025-09-03T10:49:54.410000Z</time>
      </trkpt>
      <trkpt lat="19.535534" lon="98.127983">
        <ele>562.582724</ele>
        <time>2025-09-03T10:49:56.344000Z</time>
      </trkpt>
      <trkpt lat="19.5357" lon="98.127502">
        <ele>553.261073</ele>
        <time>2025-09-03T10:50:02.503000Z</time>
      </trkpt>
      <trkpt lat="19.535795" lon="98.126976">
        <ele>545.071581</ele>
        <time>2025-09-03T10:50:08.971000Z</time>
      </trkpt>
      <trkpt lat="19.53586" lon="98.126816">
        <ele>542.62149</ele>
        <time>2025-09-03T10:50:11.075000Z</time>
      </trkpt>
      <trkpt lat="19.536074" lon="98.126488">
        <ele>537.011647</ele>
        <time>2025-09-03T10:50:15.900000Z</time>
      </trkpt>
      <trkpt lat="19.536606" lon="98.125923">
        <ele>525.780534</ele>
        <time>2025-09-03T10:50:25.753000Z</time>
      </trkpt>
      <trkpt lat="19.537132" lon="98.125595">
        <ele>518.494759</ele>
        <time>2025-09-03T10:50:34.136000Z</time>
      </trkpt>
      <trkpt lat="19.537239" lon="98.125465">
        <ele>516.711698</ele>
        <time>2025-09-03T10:50:36.393000Z</time>
      </trkpt>
      <trkpt lat="19.537327" lon="98.125298">
        <ele>514.735116</ele>
        <time>2025-09-03T10:50:38.901000Z</time>
      </trkpt>
      <trkpt lat="19.537514" lon="98.124756">
        <ele>508.7725</ele>
        <time>2025-09-03T10:50:46.303000Z</time>
      </trkpt>
      <trkpt lat="19.53767" lon="98.124451">
        <ele>505.187538</ele>
        <time>2025-09-03T10:50:50.645000Z</time>
      </trkpt>
      <trkpt lat="19.537767" lon="98.124321">
        <ele>503.393585</ele>
        <time>2025-09-03T10:50:52.694000Z</time>
      </trkpt>
      <trkpt lat="19.538036" lon="98.12413">
        <ele>498.990861</ele>
        <time>2025-09-03T10:50:56.905000Z</time>
      </trkpt>
      <trkpt lat="19.538567" lon="98.123955">
        <ele>491.427548</ele>
        <time>2025-09-03T10:51:04.090000Z</time>
      </trkpt>
      <trkpt lat="19.538666" lon="98.123881">
        <ele>489.78032</ele>
        <time>2025-09-03T10:51:05.655000Z</time>
      </trkpt>
      <trkpt lat="19.538746" lon="98.123779">
        <ele>488.079171</ele>
        <time>2025-09-03T10:51:07.275000Z</time>
      </trkpt>
      <trkpt lat="19.538965" lon="98.123352">
        <ele>481.847253</ele>
        <time>2025-09-03T10:51:13.267000Z</time>
      </trkpt>
      <trkpt lat="19.539556" lon="98.122774">
        <ele>475.048362</ele>
        <time>2025-09-03T10:51:24.263000Z</time>
      </trkpt>
      <trkpt lat="19.540044" lon="98.122216">
        <ele>470.075065</ele>
        <time>2025-09-03T10:51:35.057000Z</time>
      </trkpt>
      <trkpt lat="19.540331" lon="98.122052">
        <ele>467.815349</ele>
        <time>2025-09-03T10:51:40.103000Z</time>
      </trkpt>
      <trkpt lat="19.540613" lon="98.122015">
        <ele>465.965142</ele>
        <time>2025-09-03T10:51:44.513000Z</time>
      </trkpt>
      <trkpt lat="19.540735" lon="98.121971">
        <ele>465.175549</ele>
        <time>2025-09-03T10:51:46.482000Z</time>
      </trkpt>
      <trkpt lat="19.540826" lon="98.121894">
        <ele>464.462333</ele>
        <time>2025-09-03T10:51:48.235000Z</time>
      </trkpt>
      <trkpt lat="19.540861" lon="98.121792">
        <ele>463.835467</ele>
        <time>2025-09-03T10:51:49.771000Z</time>
      </trkpt>
      <trkpt lat="19.540831" lon="98.121684">
        <ele>463.185253</ele>
        <time>2025-09-03T10:51:51.363000Z</time>
      </trkpt>
      <trkpt lat="19.540574" lon="98.121194">
        <ele>459.946852</ele>
        <time>2025-09-03T10:51:59.143000Z</time>
      </trkpt>
      <trkpt lat="19.540536" lon="98.121062">
        <ele>459.149797</ele>
        <time>2025-09-03T10:52:01.037000Z</time>
      </trkpt>
      <trkpt lat="19.540537" lon="98.120895">
        <ele>458.185374</ele>
        <time>2025-09-03T10:52:03.293000Z</time>
      </trkpt>
      <trkpt lat="19.540634" lon="98.120702">
        <ele>456.922232</ele>
        <time>2025-09-03T10:52:06.235000Z</time>
      </trkpt>
      <trkpt lat="19.541126" lon="98.120094">
        <ele>449.864095</ele>
        <time>2025-09-03T10:52:16.751000Z</time>
      </trkpt>
      <trkpt lat="19.541176" lon="98.119995">
        <ele>448.772665</ele>
        <time>2025-09-03T10:52:18.201000Z</time>
      </trkpt>
      <trkpt lat="19.541191" lon="98.119881">
        <ele>447.654171</ele>
        <time>2025-09-03T10:52:19.686000Z</time>
      </trkpt>
      <trkpt lat="19.54101" lon="98.119392">
        <ele>442.549144</ele>
        <time>2025-09-03T10:52:26.349000Z</time>
      </trkpt>
      <trkpt lat="19.540991" lon="98.119255">
        <ele>441.203563</ele>
        <time>2025-09-03T10:52:28.092000Z</time>
      </trkpt>
      <trkpt lat="19.541021" lon="98.118805">
        <ele>436.723049</ele>
        <time>2025-09-03T10:52:33.718000Z</time>
      </trkpt>
      <trkpt lat="19.540978" lon="98.118721">
        <ele>435.60996</ele>
        <time>2025-09-03T10:52:34.909000Z</time>
      </trkpt>
      <trkpt lat="19.540892" lon="98.118652">
        <ele>434.277806</ele>
        <time>2025-09-03T10:52:36.325000Z</time>
      </trkpt>
      <trkpt lat="19.540477" lon="98.118491">
        <ele>428.8182</ele>
        <time>2025-09-03T10:52:42.139000Z</time>
      </trkpt>
      <trkpt lat="19.540316" lon="98.118332">
        <ele>426.100665</ele>
        <time>2025-09-03T10:52:45.041000Z</time>
      </trkpt>
      <trkpt lat="19.540186" lon="98.118149">
        <ele>423.432201</ele>
        <time>2025-09-03T10:52:47.893000Z</time>
      </trkpt>
      <trkpt lat="19.540115" lon="98.117996">
        <ele>421.446367</ele>
        <time>2025-09-03T10:52:50.016000Z</time>
      </trkpt>
      <trkpt lat="19.539961" lon="98.117454">
        <ele>414.913818</ele>
        <time>2025-09-03T10:52:57.113000Z</time>
      </trkpt>
      <trkpt lat="19.539888" lon="98.117348">
        <ele>413.778134</ele>
        <time>2025-09-03T10:52:58.772000Z</time>
      </trkpt>
      <trkpt lat="19.539467" lon="98.117088">
        <ele>409.306904</ele>
        <time>2025-09-03T10:53:05.350000Z</time>
      </trkpt>
      <trkpt lat="19.5394" lon="98.116981">
        <ele>408.195622</ele>
        <time>2025-09-03T10:53:07.001000Z</time>
      </trkpt>
      <trkpt lat="19.539364" lon="98.116852">
        <ele>407.031817</ele>
        <time>2025-09-03T10:53:08.753000Z</time>
      </trkpt>
      <trkpt lat="19.539402" lon="98.116455">
        <ele>403.579926</ele>
        <time>2025-09-03T10:53:13.983000Z</time>
      </trkpt>
      <trkpt lat="19.539383" lon="98.116325">
        <ele>402.441926</ele>
        <time>2025-09-03T10:53:15.728000Z</time>
      </trkpt>
      <trkpt lat="19.539324" lon="98.116203">
        <ele>401.255729</ele>
        <time>2025-09-03T10:53:17.561000Z</time>
      </trkpt>
      <trkpt lat="19.53923" lon="98.116104">
        <ele>400.040046</ele>
        <time>2025-09-03T10:53:19.441000Z</time>
      </trkpt>
      <trkpt lat="19.538786" lon="98.115814">
        <ele>395.328672</ele>
        <time>2025-09-03T10:53:26.913000Z</time>
      </trkpt>
      <trkpt lat="19.538649" lon="98.115585">
        <ele>393.034792</ele>
        <time>2025-09-03T10:53:30.563000Z</time>
      </trkpt>
      <trkpt lat="19.538612" lon="98.115448">
        <ele>391.829565</ele>
        <time>2025-09-03T10:53:32.466000Z</time>
      </trkpt>
      <trkpt lat="19.538588" lon="98.115028">
        <ele>388.271157</ele>
        <time>2025-09-03T10:53:37.997000Z</time>
      </trkpt>
      <trkpt lat="19.53854" lon="98.114899">
        <ele>387.098267</ele>
        <time>2025-09-03T10:53:39.802000Z</time>
      </trkpt>
      <trkpt lat="19.53833" lon="98.11467">
        <ele>384.396103</ele>
        <time>2025-09-03T10:53:43.882000Z</time>
      </trkpt>
      <trkpt lat="19.537659" lon="98.114265">
        <ele>375.270402</ele>
        <time>2025-09-03T10:53:54.100000Z</time>
      </trkpt>
      <trkpt lat="19.537029" lon="98.114082">
        <ele>366.814147</ele>
        <time>2025-09-03T10:54:02.628000Z</time>
      </trkpt>
      <trkpt lat="19.536621" lon="98.114143">
        <ele>361.479885</ele>
        <time>2025-09-03T10:54:08.025000Z</time>
      </trkpt>
      <trkpt lat="19.536274" lon="98.114136">
        <ele>357.910094</ele>
        <time>2025-09-03T10:54:12.605000Z</time>
      </trkpt>
      <trkpt lat="19.536105" lon="98.114228">
        <ele>356.501149</ele>
        <time>2025-09-03T10:54:15.138000Z</time>
      </trkpt>
      <trkpt lat="19.535891" lon="98.11459">
        <ele>353.513864</ele>
        <time>2025-09-03T10:54:20.626000Z</time>
      </trkpt>
      <trkpt lat="19.535752" lon="98.114745">
        <ele>352.018142</ele>
        <time>2025-09-03T10:54:23.458000Z</time>
      </trkpt>
      <trkpt lat="19.535618" lon="98.114838">
        <ele>350.830432</ele>
        <time>2025-09-03T10:54:25.766000Z</time>
      </trkpt>
      <trkpt lat="19.535506" lon="98.114852">
        <ele>349.993904</ele>
        <time>2025-09-03T10:54:27.419000Z</time>
      </trkpt>
      <trkpt lat="19.535407" lon="98.114818">
        <ele>349.222044</ele>
        <time>2025-09-03T10:54:28.982000Z</time>
      </trkpt>
      <trkpt lat="19.535359" lon="98.114762">
        <ele>348.692867</ele>
        <time>2025-09-03T10:54:30.069000Z</time>
      </trkpt>
      <trkpt lat="19.535308" lon="98.114639">
        <ele>347.75347</ele>
        <time>2025-09-03T10:54:32.044000Z</time>
      </trkpt>
      <trkpt lat="19.535266" lon="98.113914">
        <ele>346.61013</ele>
        <time>2025-09-03T10:54:44.697000Z</time>
      </trkpt>
      <trkpt lat="19.535199" lon="98.113416">
        <ele>347.511812</ele>
        <time>2025-09-03T10:54:58.474000Z</time>
      </trkpt>
      <trkpt lat="19.535106" lon="98.112505">
        <ele>349.154274</ele>
        <time>2025-09-03T10:55:31.485000Z</time>
      </trkpt>
      <trkpt lat="19.535057" lon="98.112023">
        <ele>350.840271</ele>
        <time>2025-09-03T10:55:50.539000Z</time>
      </trkpt>
      <trkpt lat="19.535059" lon="98.111895">
        <ele>351.305505</ele>
        <time>2025-09-03T10:55:55.511000Z</time>
      </trkpt>
      <trkpt lat="19.535108" lon="98.111801">
        <ele>351.695887</ele>
        <time>2025-09-03T10:55:59.637000Z</time>
      </trkpt>
      <trkpt lat="19.535279" lon="98.111699">
        <ele>352.452329</ele>
        <time>2025-09-03T10:56:07.551000Z</time>
      </trkpt>
      <trkpt lat="19.536127" lon="98.11145">
        <ele>355.845201</ele>
        <time>2025-09-03T10:56:40.554000Z</time>
      </trkpt>
      <trkpt lat="19.536339" lon="98.11126">
        <ele>356.418587</ele>
        <time>2025-09-03T10:56:49.167000Z</time>
      </trkpt>
      <trkpt lat="19.536451" lon="98.111039">
        <ele>356.727749</ele>
        <time>2025-09-03T10:56:56.014000Z</time>
      </trkpt>
      <trkpt lat="19.536486" lon="98.110856">
        <ele>356.957816</ele>
        <time>2025-09-03T10:57:00.834000Z</time>
      </trkpt>
      <trkpt lat="19.536471" lon="98.110775">
        <ele>357.059524</ele>
        <time>2025-09-03T10:57:02.936000Z</time>
      </trkpt>
      <trkpt lat="19.536421" lon="98.1107">
        <ele>357.172713</ele>
        <time>2025-09-03T10:57:05.128000Z</time>
      </trkpt>
      <trkpt lat="19.535229" lon="98.110207">
        <ele>358.908669</ele>
        <time>2025-09-03T10:57:36.943000Z</time>
      </trkpt>
      <trkpt lat="19.535016" lon="98.110052">
        <ele>359.311203</ele>
        <time>2025-09-03T10:57:43.899000Z</time>
      </trkpt>
      <trkpt lat="19.534859" lon="98.109878">
        <ele>359.665025</ele>
        <time>2025-09-03T10:57:50.249000Z</time>
      </trkpt>
      <trkpt lat="19.534784" lon="98.109728">
        <ele>359.914435</ele>
        <time>2025-09-03T10:57:54.882000Z</time>
      </trkpt>
      <trkpt lat="19.534727" lon="98.109543">
        <ele>360.200319</ele>
        <time>2025-09-03T10:58:00.342000Z</time>
      </trkpt>
      <trkpt lat="19.534712" lon="98.10936">
        <ele>360.470127</ele>
        <time>2025-09-03T10:58:05.647000Z</time>
      </trkpt>
      <trkpt lat="19.53486" lon="98.108325">
        <ele>361.723434</ele>
        <time>2025-09-03T10:58:35.904000Z</time>
      </trkpt>
      <trkpt lat="19.535" lon="98.107759">
        <ele>362.228391</ele>
        <time>2025-09-03T10:58:50.819000Z</time>
      </trkpt>
      <trkpt lat="19.535262" lon="98.107109">
        <ele>362.838438</ele>
        <time>2025-09-03T10:59:06.293000Z</time>
      </trkpt>
      <trkpt lat="19.535525" lon="98.106769">
        <ele>362.963802</ele>
        <time>2025-09-03T10:59:15.002000Z</time>
      </trkpt>
      <trkpt lat="19.535934" lon="98.10642">
        <ele>362.960773</ele>
        <time>2025-09-03T10:59:25.775000Z</time>
      </trkpt>
      <trkpt lat="19.536032" lon="98.106224">
        <ele>362.959566</ele>
        <time>2025-09-03T10:59:30.097000Z</time>
      </trkpt>
      <trkpt lat="19.536258" lon="98.105446">
        <ele>362.955139</ele>
        <time>2025-09-03T10:59:47.633000Z</time>
      </trkpt>
      <trkpt lat="19.53635" lon="98.104889">
        <ele>363.737567</ele>
        <time>2025-09-03T11:00:01.837000Z</time>
      </trkpt>
      <trkpt lat="19.536375" lon="98.104393">
        <ele>364.453914</ele>
        <time>2025-09-03T11:00:14.869000Z</time>
      </trkpt>
      <trkpt lat="19.536333" lon="98.102356">
        <ele>368.632552</ele>
        <time>2025-09-03T11:01:13.500000Z</time>
      </trkpt>
      <trkpt lat="19.536285" lon="98.102051">
        <ele>369.406766</ele>
        <time>2025-09-03T11:01:24.300000Z</time>
      </trkpt>
      <trkpt lat="19.5362" lon="98.101791">
        <ele>370.095792</ele>
        <time>2025-09-03T11:01:34.170000Z</time>
      </trkpt>
      <trkpt lat="19.535995" lon="98.101456">
        <ele>370.649845</ele>
        <time>2025-09-03T11:01:48.160000Z</time>
      </trkpt>
      <trkpt lat="19.535681" lon="98.101108">
        <ele>370.974104</ele>
        <time>2025-09-03T11:02:03.188000Z</time>
      </trkpt>
      <trkpt lat="19.535572" lon="98.100944">
        <ele>371.109171</ele>
        <time>2025-09-03T11:02:08.567000Z</time>
      </trkpt>
      <trkpt lat="19.535521" lon="98.100815">
        <ele>371.203324</ele>
        <time>2025-09-03T11:02:12.013000Z</time>
      </trkpt>
      <trkpt lat="19.535496" lon="98.100669">
        <ele>371.303197</ele>
        <time>2025-09-03T11:02:15.308000Z</time>
      </trkpt>
      <trkpt lat="19.535524" lon="98.100525">
        <ele>371.402157</ele>
        <time>2025-09-03T11:02:18.215000Z</time>
      </trkpt>
      <trkpt lat="19.535587" lon="98.100388">
        <ele>371.504755</ele>
        <time>2025-09-03T11:02:20.998000Z</time>
      </trkpt>
      <trkpt lat="19.535694" lon="98.100258">
        <ele>371.620921</ele>
        <time>2025-09-03T11:02:23.959000Z</time>
      </trkpt>
      <trkpt lat="19.536415" lon="98.099739">
        <ele>370.03709</ele>
        <time>2025-09-03T11:02:38.189000Z</time>
      </trkpt>
      <trkpt lat="19.536648" lon="98.099533">
        <ele>369.242978</ele>
        <time>2025-09-03T11:02:43.139000Z</time>
      </trkpt>
      <trkpt lat="19.536735" lon="98.099417">
        <ele>368.877149</ele>
        <time>2025-09-03T11:02:45.469000Z</time>
      </trkpt>
      <trkpt lat="19.536816" lon="98.099251">
        <ele>368.415869</ele>
        <time>2025-09-03T11:02:48.429000Z</time>
      </trkpt>
      <trkpt lat="19.536856" lon="98.099075">
        <ele>367.969112</ele>
        <time>2025-09-03T11:02:51.302000Z</time>
      </trkpt>
      <trkpt lat="19.536854" lon="98.098679">
        <ele>367.076814</ele>
        <time>2025-09-03T11:02:57.676000Z</time>
      </trkpt>
      <trkpt lat="19.536789" lon="98.098267">
        <ele>367.316155</ele>
        <time>2025-09-03T11:03:04.396000Z</time>
      </trkpt>
      <trkpt lat="19.536457" lon="98.097179">
        <ele>367.971391</ele>
        <time>2025-09-03T11:03:28.361000Z</time>
      </trkpt>
      <trkpt lat="19.536304" lon="98.096756">
        <ele>369.566697</ele>
        <time>2025-09-03T11:03:44.687000Z</time>
      </trkpt>
      <trkpt lat="19.536208" lon="98.096491">
        <ele>372.562869</ele>
        <time>2025-09-03T11:03:58.067000Z</time>
      </trkpt>
      <trkpt lat="19.536133" lon="98.096283">
        <ele>374.913175</ele>
        <time>2025-09-03T11:04:10.265000Z</time>
      </trkpt>
      <trkpt lat="19.53603" lon="98.096146">
        <ele>376.762708</ele>
        <time>2025-09-03T11:04:20.942000Z</time>
      </trkpt>
      <trkpt lat="19.535898" lon="98.096039">
        <ele>378.622841</ele>
        <time>2025-09-03T11:04:32.589000Z</time>
      </trkpt>
      <trkpt lat="19.534714" lon="98.095383">
        <ele>394.560594</ele>
        <time>2025-09-03T11:06:24.552000Z</time>
      </trkpt>
      <trkpt lat="19.534475" lon="98.095329">
        <ele>397.804665</ele>
        <time>2025-09-03T11:06:45.897000Z</time>
      </trkpt>
      <trkpt lat="19.534237" lon="98.095383">
        <ele>401.035752</ele>
        <time>2025-09-03T11:07:05.995000Z</time>
      </trkpt>
      <trkpt lat="19.533924" lon="98.095581">
        <ele>405.873528</ele>
        <time>2025-09-03T11:07:33.200000Z</time>
      </trkpt>
      <trkpt lat="19.533815" lon="98.095581">
        <ele>407.320599</ele>
        <time>2025-09-03T11:07:40.633000Z</time>
      </trkpt>
      <trkpt lat="19.533722" lon="98.095543">
        <ele>408.643636</ele>
        <time>2025-09-03T11:07:47.213000Z</time>
      </trkpt>
      <trkpt lat="19.533653" lon="98.095474">
        <ele>409.902377</ele>
        <time>2025-09-03T11:07:53.224000Z</time>
      </trkpt>
      <trkpt lat="19.533611" lon="98.095375">
        <ele>411.260759</ele>
        <time>2025-09-03T11:07:59.495000Z</time>
      </trkpt>
      <trkpt lat="19.533602" lon="98.095253">
        <ele>412.659914</ele>
        <time>2025-09-03T11:08:06.306000Z</time>
      </trkpt>
      <trkpt lat="19.533632" lon="98.095123">
        <ele>413.976666</ele>
        <time>2025-09-03T11:08:13.491000Z</time>
      </trkpt>
      <trkpt lat="19.533942" lon="98.094564">
        <ele>420.357685</ele>
        <time>2025-09-03T11:08:45.096000Z</time>
      </trkpt>
      <trkpt lat="19.533928" lon="98.094475">
        <ele>421.245397</ele>
        <time>2025-09-03T11:08:49.412000Z</time>
      </trkpt>
      <trkpt lat="19.53388" lon="98.094429">
        <ele>421.920588</ele>
        <time>2025-09-03T11:08:52.659000Z</time>
      </trkpt>
      <trkpt lat="19.533743" lon="98.094453">
        <ele>423.370094</ele>
        <time>2025-09-03T11:09:00.020000Z</time>
      </trkpt>
      <trkpt lat="19.533217" lon="98.095047">
        <ele>431.821246</ele>
        <time>2025-09-03T11:09:52.337000Z</time>
      </trkpt>
      <trkpt lat="19.532759" lon="98.095451">
        <ele>444.169019</ele>
        <time>2025-09-03T11:10:50.817000Z</time>
      </trkpt>
      <trkpt lat="19.531729" lon="98.096115">
        <ele>468.825876</ele>
        <time>2025-09-03T11:13:07.920000Z</time>
      </trkpt>
      <trkpt lat="19.531464" lon="98.09623">
        <ele>472.627378</ele>
        <time>2025-09-03T11:13:39.677000Z</time>
      </trkpt>
      <trkpt lat="19.531164" lon="98.096237">
        <ele>476.611651</ele>
        <time>2025-09-03T11:14:09.479000Z</time>
      </trkpt>
      <trkpt lat="19.530998" lon="98.096199">
        <ele>478.866462</ele>
        <time>2025-09-03T11:14:24.661000Z</time>
      </trkpt>
      <trkpt lat="19.53072" lon="98.096031">
        <ele>483.114362</ele>
        <time>2025-09-03T11:14:49.339000Z</time>
      </trkpt>
      <trkpt lat="19.530333" lon="98.09568">
        <ele>489.874274</ele>
        <time>2025-09-03T11:15:17.527000Z</time>
      </trkpt>
      <trkpt lat="19.530039" lon="98.095512">
        <ele>491.13908</ele>
        <time>2025-09-03T11:15:28.627000Z</time>
      </trkpt>
      <trkpt lat="19.529238" lon="98.095337">
        <ele>486.260909</ele>
        <time>2025-09-03T11:15:41.557000Z</time>
      </trkpt>
      <trkpt lat="19.527941" lon="98.094917">
        <ele>472.942012</ele>
        <time>2025-09-03T11:15:59.589000Z</time>
      </trkpt>
      <trkpt lat="19.527766" lon="98.094881">
        <ele>470.151912</ele>
        <time>2025-09-03T11:16:01.902000Z</time>
      </trkpt>
      <trkpt lat="19.52745" lon="98.094885">
        <ele>465.205539</ele>
        <time>2025-09-03T11:16:05.964000Z</time>
      </trkpt>
      <trkpt lat="19.527237" lon="98.094925">
        <ele>461.819855</ele>
        <time>2025-09-03T11:16:08.746000Z</time>
      </trkpt>
      <trkpt lat="19.527019" lon="98.094985">
        <ele>458.294798</ele>
        <time>2025-09-03T11:16:11.620000Z</time>
      </trkpt>
      <trkpt lat="19.526836" lon="98.095079">
        <ele>455.112487</ele>
        <time>2025-09-03T11:16:14.225000Z</time>
      </trkpt>
      <trkpt lat="19.526665" lon="98.095283">
        <ele>450.895248</ele>
        <time>2025-09-03T11:16:17.507000Z</time>
      </trkpt>
      <trkpt lat="19.526504" lon="98.095707">
        <ele>443.557905</ele>
        <time>2025-09-03T11:16:22.988000Z</time>
      </trkpt>
      <trkpt lat="19.526371" lon="98.095785">
        <ele>440.969822</ele>
        <time>2025-09-03T11:16:24.921000Z</time>
      </trkpt>
      <trkpt lat="19.526239" lon="98.095795">
        <ele>438.716033</ele>
        <time>2025-09-03T11:16:26.618000Z</time>
      </trkpt>
      <trkpt lat="19.525273" lon="98.095726">
        <ele>422.367649</ele>
        <time>2025-09-03T11:16:39.090000Z</time>
      </trkpt>
      <trkpt lat="19.525149" lon="98.095685">
        <ele>420.972241</ele>
        <time>2025-09-03T11:16:40.789000Z</time>
      </trkpt>
      <trkpt lat="19.525044" lon="98.095604">
        <ele>419.577499</ele>
        <time>2025-09-03T11:16:42.490000Z</time>
      </trkpt>
      <trkpt lat="19.52495" lon="98.095496">
        <ele>418.088922</ele>
        <time>2025-09-03T11:16:44.318000Z</time>
      </trkpt>
      <trkpt lat="19.524638" lon="98.09499">
        <ele>411.966139</ele>
        <time>2025-09-03T11:16:51.940000Z</time>
      </trkpt>
      <trkpt lat="19.524585" lon="98.094926">
        <ele>411.103461</ele>
        <time>2025-09-03T11:16:53.034000Z</time>
      </trkpt>
      <trkpt lat="19.524451" lon="98.094833">
        <ele>409.383163</ele>
        <time>2025-09-03T11:16:55.239000Z</time>
      </trkpt>
      <trkpt lat="19.52424" lon="98.094824">
        <ele>407.114412</ele>
        <time>2025-09-03T11:16:58.177000Z</time>
      </trkpt>
      <trkpt lat="19.523014" lon="98.095039">
        <ele>398.831072</ele>
        <time>2025-09-03T11:17:15.991000Z</time>
      </trkpt>
      <trkpt lat="19.52284" lon="98.095033">
        <ele>397.956228</ele>
        <time>2025-09-03T11:17:18.613000Z</time>
      </trkpt>
      <trkpt lat="19.522724" lon="98.094989">
        <ele>397.337175</ele>
        <time>2025-09-03T11:17:20.477000Z</time>
      </trkpt>
      <trkpt lat="19.522627" lon="98.094905">
        <ele>396.707982</ele>
        <time>2025-09-03T11:17:22.394000Z</time>
      </trkpt>
      <trkpt lat="19.522502" lon="98.094714">
        <ele>395.606652</ele>
        <time>2025-09-03T11:17:25.746000Z</time>
      </trkpt>
      <trkpt lat="19.521788" lon="98.093508">
        <ele>397.489239</ele>
        <time>2025-09-03T11:17:53.524000Z</time>
      </trkpt>
      <trkpt lat="19.52172" lon="98.093387">
        <ele>397.891247</ele>
        <time>2025-09-03T11:17:59.801000Z</time>
      </trkpt>
      <trkpt lat="19.521679" lon="98.093305">
        <ele>398.156132</ele>
        <time>2025-09-03T11:18:03.977000Z</time>
      </trkpt>
      <trkpt lat="19.52152" lon="98.093029">
        <ele>399.079201</ele>
        <time>2025-09-03T11:18:20.265000Z</time>
      </trkpt>
      <trkpt lat="19.521409" lon="98.092865">
        <ele>399.655362</ele>
        <time>2025-09-03T11:18:31.517000Z</time>
      </trkpt>
      <trkpt lat="19.521341" lon="98.092686">
        <ele>401.209308</ele>
        <time>2025-09-03T11:18:43.145000Z</time>
      </trkpt>
      <trkpt lat="19.521314" lon="98.09249">
        <ele>402.875534</ele>
        <time>2025-09-03T11:18:55.795000Z</time>
      </trkpt>
      <trkpt lat="19.521416" lon="98.091824">
        <ele>408.551261</ele>
        <time>2025-09-03T11:19:41.013000Z</time>
      </trkpt>
      <trkpt lat="19.521418" lon="98.091676">
        <ele>409.796332</ele>
        <time>2025-09-03T11:19:50.067000Z</time>
      </trkpt>
      <trkpt lat="19.521355" lon="98.091378">
        <ele>412.365328</ele>
        <time>2025-09-03T11:20:05.593000Z</time>
      </trkpt>
      <trkpt lat="19.521241" lon="98.091004">
        <ele>415.671764</ele>
        <time>2025-09-03T11:20:22.062000Z</time>
      </trkpt>
      <trkpt lat="19.521232" lon="98.090899">
        <ele>415.960457</ele>
        <time>2025-09-03T11:20:26.055000Z</time>
      </trkpt>
      <trkpt lat="19.521232" lon="98.090641">
        <ele>416.537944</ele>
        <time>2025-09-03T11:20:35.320000Z</time>
      </trkpt>
      <trkpt lat="19.521283" lon="98.090233">
        <ele>417.459175</ele>
        <time>2025-09-03T11:20:48.428000Z</time>
      </trkpt>
      <trkpt lat="19.521265" lon="98.090005">
        <ele>417.971298</ele>
        <time>2025-09-03T11:20:54.790000Z</time>
      </trkpt>
      <trkpt lat="19.521167" lon="98.089779">
        <ele>418.528128</ele>
        <time>2025-09-03T11:21:01.047000Z</time>
      </trkpt>
      <trkpt lat="19.520683" lon="98.089015">
        <ele>420.325772</ele>
        <time>2025-09-03T11:21:22.739000Z</time>
      </trkpt>
      <trkpt lat="19.520588" lon="98.088912">
        <ele>420.500527</ele>
        <time>2025-09-03T11:21:26.354000Z</time>
      </trkpt>
      <trkpt lat="19.519033" lon="98.087616">
        <ele>424.362974</ele>
        <time>2025-09-03T11:22:21.272000Z</time>
      </trkpt>
      <trkpt lat="19.518707" lon="98.087433">
        <ele>425.711844</ele>
        <time>2025-09-03T11:22:35.384000Z</time>
      </trkpt>
      <trkpt lat="19.517704" lon="98.087036">
        <ele>429.364788</ele>
        <time>2025-09-03T11:23:21.798000Z</time>
      </trkpt>
      <trkpt lat="19.51731" lon="98.086816">
        <ele>430.399788</ele>
        <time>2025-09-03T11:23:39.181000Z</time>
      </trkpt>
      <trkpt lat="19.516997" lon="98.086571">
        <ele>431.303985</ele>
        <time>2025-09-03T11:23:51.782000Z</time>
      </trkpt>
      <trkpt lat="19.51688" lon="98.086418">
        <ele>431.735672</ele>
        <time>2025-09-03T11:23:56.972000Z</time>
      </trkpt>
      <trkpt lat="19.516343" lon="98.084922">
        <ele>433.34772</ele>
        <time>2025-09-03T11:24:29.203000Z</time>
      </trkpt>
      <trkpt lat="19.515991" lon="98.084028">
        <ele>433.659225</ele>
        <time>2025-09-03T11:24:51.650000Z</time>
      </trkpt>
      <trkpt lat="19.5158" lon="98.083605">
        <ele>434.380792</ele>
        <time>2025-09-03T11:25:04.086000Z</time>
      </trkpt>
      <trkpt lat="19.515593" lon="98.083282">
        <ele>434.981681</ele>
        <time>2025-09-03T11:25:14.691000Z</time>
      </trkpt>
      <trkpt lat="19.515459" lon="98.08313">
        <ele>435.301861</ele>
        <time>2025-09-03T11:25:20.427000Z</time>
      </trkpt>
      <trkpt lat="19.513723" lon="98.081505">
        <ele>440.102287</ele>
        <time>2025-09-03T11:26:30.504000Z</time>
      </trkpt>
      <trkpt lat="19.513241" lon="98.081154">
        <ele>441.389993</ele>
        <time>2025-09-03T11:26:51.621000Z</time>
      </trkpt>
      <trkpt lat="19.512468" lon="98.080742">
        <ele>443.247556</ele>
        <time>2025-09-03T11:27:21.028000Z</time>
      </trkpt>
      <trkpt lat="19.512281" lon="98.080597">
        <ele>443.744919</ele>
        <time>2025-09-03T11:27:27.967000Z</time>
      </trkpt>
      <trkpt lat="19.510765" lon="98.079015">
        <ele>445.144373</ele>
        <time>2025-09-03T11:28:15.056000Z</time>
      </trkpt>
      <trkpt lat="19.510455" lon="98.078699">
        <ele>445.681854</ele>
        <time>2025-09-03T11:28:28.550000Z</time>
      </trkpt>
      <trkpt lat="19.509837" lon="98.078211">
        <ele>446.685185</ele>
        <time>2025-09-03T11:28:52.359000Z</time>
      </trkpt>
      <trkpt lat="19.508831" lon="98.077587">
        <ele>446.759279</ele>
        <time>2025-09-03T11:29:20.833000Z</time>
      </trkpt>
      <trkpt lat="19.507646" lon="98.076797">
        <ele>444.601959</ele>
        <time>2025-09-03T11:29:45.451000Z</time>
      </trkpt>
      <trkpt lat="19.507517" lon="98.076648">
        <ele>443.999003</ele>
        <time>2025-09-03T11:29:48.482000Z</time>
      </trkpt>
      <trkpt lat="19.507093" lon="98.075966">
        <ele>441.564134</ele>
        <time>2025-09-03T11:30:00.369000Z</time>
      </trkpt>
      <trkpt lat="19.50666" lon="98.075117">
        <ele>439.262155</ele>
        <time>2025-09-03T11:30:15.537000Z</time>
      </trkpt>
      <trkpt lat="19.506484" lon="98.074796">
        <ele>439.086833</ele>
        <time>2025-09-03T11:30:22.382000Z</time>
      </trkpt>
      <trkpt lat="19.506385" lon="98.074692">
        <ele>439.017052</ele>
        <time>2025-09-03T11:30:25.277000Z</time>
      </trkpt>
      <trkpt lat="19.506298" lon="98.074643">
        <ele>438.967717</ele>
        <time>2025-09-03T11:30:27.424000Z</time>
      </trkpt>
      <trkpt lat="19.506173" lon="98.074633">
        <ele>438.904931</ele>
        <time>2025-09-03T11:30:30.221000Z</time>
      </trkpt>
      <trkpt lat="19.505756" lon="98.074669">
        <ele>438.695382</ele>
        <time>2025-09-03T11:30:40.228000Z</time>
      </trkpt>
      <trkpt lat="19.505237" lon="98.07468">
        <ele>438.591761</ele>
        <time>2025-09-03T11:30:52.748000Z</time>
      </trkpt>
      <trkpt lat="19.504971" lon="98.074638">
        <ele>439.074361</ele>
        <time>2025-09-03T11:30:58.668000Z</time>
      </trkpt>
      <trkpt lat="19.504704" lon="98.074486">
        <ele>439.618126</ele>
        <time>2025-09-03T11:31:06.272000Z</time>
      </trkpt>
      <trkpt lat="19.504444" lon="98.074287">
        <ele>440.193455</ele>
        <time>2025-09-03T11:31:15.410000Z</time>
      </trkpt>
      <trkpt lat="19.504343" lon="98.074173">
        <ele>440.458098</ele>
        <time>2025-09-03T11:31:19.948000Z</time>
      </trkpt>
      <trkpt lat="19.504294" lon="98.073934">
        <ele>440.871829</ele>
        <time>2025-09-03T11:31:27.393000Z</time>
      </trkpt>
      <trkpt lat="19.504526" lon="98.072529">
        <ele>444.344978</ele>
        <time>2025-09-03T11:32:15.279000Z</time>
      </trkpt>
      <trkpt lat="19.504604" lon="98.072353">
        <ele>444.893695</ele>
        <time>2025-09-03T11:32:21.674000Z</time>
      </trkpt>
      <trkpt lat="19.504712" lon="98.072211">
        <ele>445.40849</ele>
        <time>2025-09-03T11:32:27.556000Z</time>
      </trkpt>
      <trkpt lat="19.504899" lon="98.072083">
        <ele>446.074611</ele>
        <time>2025-09-03T11:32:35.025000Z</time>
      </trkpt>
      <trkpt lat="19.505568" lon="98.071704">
        <ele>448.06261</ele>
        <time>2025-09-03T11:32:59.057000Z</time>
      </trkpt>
      <trkpt lat="19.505681" lon="98.071568">
        <ele>448.459947</ele>
        <time>2025-09-03T11:33:04.255000Z</time>
      </trkpt>
      <trkpt lat="19.505732" lon="98.071433">
        <ele>448.778703</ele>
        <time>2025-09-03T11:33:08.476000Z</time>
      </trkpt>
      <trkpt lat="19.505779" lon="98.070801">
        <ele>450.168152</ele>
        <time>2025-09-03T11:33:26.981000Z</time>
      </trkpt>
      <trkpt lat="19.505848" lon="98.070458">
        <ele>450.936828</ele>
        <time>2025-09-03T11:33:37.390000Z</time>
      </trkpt>
      <trkpt lat="19.506083" lon="98.06958">
        <ele>452.871173</ele>
        <time>2025-09-03T11:34:05.416000Z</time>
      </trkpt>
      <trkpt lat="19.5061" lon="98.068955">
        <ele>454.187503</ele>
        <time>2025-09-03T11:34:25.293000Z</time>
      </trkpt>
      <trkpt lat="19.506064" lon="98.068273">
        <ele>455.223981</ele>
        <time>2025-09-03T11:34:43.953000Z</time>
      </trkpt>
      <trkpt lat="19.506026" lon="98.068014">
        <ele>455.134298</ele>
        <time>2025-09-03T11:34:49.821000Z</time>
      </trkpt>
      <trkpt lat="19.50591" lon="98.067785">
        <ele>455.045349</ele>
        <time>2025-09-03T11:34:55.147000Z</time>
      </trkpt>
      <trkpt lat="19.505802" lon="98.067666">
        <ele>454.988829</ele>
        <time>2025-09-03T11:34:58.300000Z</time>
      </trkpt>
      <trkpt lat="19.505637" lon="98.067581">
        <ele>454.92225</ele>
        <time>2025-09-03T11:35:01.854000Z</time>
      </trkpt>
      <trkpt lat="19.505291" lon="98.067529">
        <ele>454.795405</ele>
        <time>2025-09-03T11:35:08.260000Z</time>
      </trkpt>
      <trkpt lat="19.503223" lon="98.067686">
        <ele>453.100138</ele>
        <time>2025-09-03T11:35:47.998000Z</time>
      </trkpt>
      <trkpt lat="19.502985" lon="98.06768">
        <ele>452.956062</ele>
        <time>2025-09-03T11:35:53.040000Z</time>
      </trkpt>
      <trkpt lat="19.502812" lon="98.067646">
        <ele>453.080023</ele>
        <time>2025-09-03T11:35:56.641000Z</time>
      </trkpt>
      <trkpt lat="19.502622" lon="98.067565">
        <ele>453.224293</ele>
        <time>2025-09-03T11:36:00.795000Z</time>
      </trkpt>
      <trkpt lat="19.50249" lon="98.067419">
        <ele>453.358648</ele>
        <time>2025-09-03T11:36:04.811000Z</time>
      </trkpt>
      <trkpt lat="19.502363" lon="98.067213">
        <ele>453.522121</ele>
        <time>2025-09-03T11:36:09.960000Z</time>
      </trkpt>
      <trkpt lat="19.502261" lon="98.066974">
        <ele>453.69636</ele>
        <time>2025-09-03T11:36:15.947000Z</time>
      </trkpt>
      <trkpt lat="19.502188" lon="98.066641">
        <ele>453.923418</ele>
        <time>2025-09-03T11:36:24.189000Z</time>
      </trkpt>
      <trkpt lat="19.502105" lon="98.06616">
        <ele>454.645484</ele>
        <time>2025-09-03T11:36:37.130000Z</time>
      </trkpt>
      <trkpt lat="19.501847" lon="98.064671">
        <ele>462.341741</ele>
        <time>2025-09-03T11:37:36.865000Z</time>
      </trkpt>
      <trkpt lat="19.501764" lon="98.06456">
        <ele>463.061997</ele>
        <time>2025-09-03T11:37:44.350000Z</time>
      </trkpt>
      <trkpt lat="19.501682" lon="98.064491">
        <ele>463.626443</ele>
        <time>2025-09-03T11:37:50.424000Z</time>
      </trkpt>
      <trkpt lat="19.501572" lon="98.064461">
        <ele>464.510718</ele>
        <time>2025-09-03T11:37:57.240000Z</time>
      </trkpt>
      <trkpt lat="19.500998" lon="98.064499">
        <ele>470.017332</ele>
        <time>2025-09-03T11:38:34.220000Z</time>
      </trkpt>
      <trkpt lat="19.500645" lon="98.064446">
        <ele>473.430912</ele>
        <time>2025-09-03T11:38:58.448000Z</time>
      </trkpt>
      <trkpt lat="19.500311" lon="98.064331">
        <ele>476.793109</ele>
        <time>2025-09-03T11:39:21.973000Z</time>
      </trkpt>
      <trkpt lat="19.500046" lon="98.064094">
        <ele>480.111777</ele>
        <time>2025-09-03T11:39:43.262000Z</time>
      </trkpt>
      <trkpt lat="19.499836" lon="98.063789">
        <ele>481.778849</ele>
        <time>2025-09-03T11:40:02.033000Z</time>
      </trkpt>
      <trkpt lat="19.499712" lon="98.06366">
        <ele>482.240165</ele>
        <time>2025-09-03T11:40:09.767000Z</time>
      </trkpt>
      <trkpt lat="19.499287" lon="98.063332">
        <ele>483.636186</ele>
        <time>2025-09-03T11:40:27.964000Z</time>
      </trkpt>
      <trkpt lat="19.499111" lon="98.063011">
        <ele>484.565998</ele>
        <time>2025-09-03T11:40:36.474000Z</time>
      </trkpt>
      <trkpt lat="19.498634" lon="98.06144">
        <ele>485.271703</ele>
        <time>2025-09-03T11:41:05.466000Z</time>
      </trkpt>
      <trkpt lat="19.498054" lon="98.059845">
        <ele>484.719888</ele>
        <time>2025-09-03T11:41:43.632000Z</time>
      </trkpt>
      <trkpt lat="19.49725" lon="98.05748">
        <ele>483.564562</ele>
        <time>2025-09-03T11:42:31.994000Z</time>
      </trkpt>
      <trkpt lat="19.496955" lon="98.056754">
        <ele>483.142424</ele>
        <time>2025-09-03T11:42:45.974000Z</time>
      </trkpt>
      <trkpt lat="19.496769" lon="98.056297">
        <ele>482.939077</ele>
        <time>2025-09-03T11:42:54.692000Z</time>
      </trkpt>
      <trkpt lat="19.496378" lon="98.055672">
        <ele>482.632646</ele>
        <time>2025-09-03T11:43:09.413000Z</time>
      </trkpt>
      <trkpt lat="19.496132" lon="98.055351">
        <ele>482.938169</ele>
        <time>2025-09-03T11:43:19.504000Z</time>
      </trkpt>
      <trkpt lat="19.496027" lon="98.055275">
        <ele>483.268078</ele>
        <time>2025-09-03T11:43:23.099000Z</time>
      </trkpt>
      <trkpt lat="19.495897" lon="98.055229">
        <ele>483.623756</ele>
        <time>2025-09-03T11:43:27.139000Z</time>
      </trkpt>
      <trkpt lat="19.495624" lon="98.055222">
        <ele>484.332508</ele>
        <time>2025-09-03T11:43:35.802000Z</time>
      </trkpt>
      <trkpt lat="19.494675" lon="98.055199">
        <ele>486.796191</ele>
        <time>2025-09-03T11:44:10.656000Z</time>
      </trkpt>
      <trkpt lat="19.494423" lon="98.05513">
        <ele>487.403349</ele>
        <time>2025-09-03T11:44:19.968000Z</time>
      </trkpt>
      <trkpt lat="19.494171" lon="98.055">
        <ele>487.947898</ele>
        <time>2025-09-03T11:44:29.568000Z</time>
      </trkpt>
      <trkpt lat="19.494024" lon="98.054788">
        <ele>488.43001</ele>
        <time>2025-09-03T11:44:37.785000Z</time>
      </trkpt>
      <trkpt lat="19.493621" lon="98.053622">
        <ele>490.69759</ele>
        <time>2025-09-03T11:45:10.666000Z</time>
      </trkpt>
      <trkpt lat="19.493517" lon="98.053425">
        <ele>490.802044</ele>
        <time>2025-09-03T11:45:15.736000Z</time>
      </trkpt>
      <trkpt lat="19.493367" lon="98.053265">
        <ele>490.906436</ele>
        <time>2025-09-03T11:45:20.770000Z</time>
      </trkpt>
      <trkpt lat="19.49294" lon="98.053035">
        <ele>491.141453</ele>
        <time>2025-09-03T11:45:31.970000Z</time>
      </trkpt>
      <trkpt lat="19.490687" lon="98.052313">
        <ele>492.234444</ele>
        <time>2025-09-03T11:46:27.975000Z</time>
      </trkpt>
      <trkpt lat="19.490583" lon="98.052238">
        <ele>492.290834</ele>
        <time>2025-09-03T11:46:31.115000Z</time>
      </trkpt>
      <trkpt lat="19.490485" lon="98.052112">
        <ele>492.359883</ele>
        <time>2025-09-03T11:46:35.003000Z</time>
      </trkpt>
      <trkpt lat="19.490164" lon="98.051397">
        <ele>492.644103</ele>
        <time>2025-09-03T11:46:53.118000Z</time>
      </trkpt>
      <trkpt lat="19.48995" lon="98.051007">
        <ele>492.803791</ele>
        <time>2025-09-03T11:47:02.872000Z</time>
      </trkpt>
      <trkpt lat="19.489732" lon="98.050742">
        <ele>492.928254</ele>
        <time>2025-09-03T11:47:10.456000Z</time>
      </trkpt>
      <trkpt lat="19.489529" lon="98.050607">
        <ele>493.018194</ele>
        <time>2025-09-03T11:47:15.932000Z</time>
      </trkpt>
      <trkpt lat="19.489137" lon="98.050473">
        <ele>493.632555</ele>
        <time>2025-09-03T11:47:25.452000Z</time>
      </trkpt>
      <trkpt lat="19.488234" lon="98.050255">
        <ele>495.3903</ele>
        <time>2025-09-03T11:47:51.190000Z</time>
      </trkpt>
      <trkpt lat="19.487906" lon="98.050079">
        <ele>496.087971</ele>
        <time>2025-09-03T11:48:03.659000Z</time>
      </trkpt>
      <trkpt lat="19.487734" lon="98.049945">
        <ele>496.552718</ele>
        <time>2025-09-03T11:48:11.266000Z</time>
      </trkpt>
      <trkpt lat="19.487459" lon="98.049638">
        <ele>499.607568</ele>
        <time>2025-09-03T11:48:26.733000Z</time>
      </trkpt>
      <trkpt lat="19.487031" lon="98.049092">
        <ele>504.729871</ele>
        <time>2025-09-03T11:48:58.739000Z</time>
      </trkpt>
      <trkpt lat="19.486986" lon="98.048982">
        <ele>505.59485</ele>
        <time>2025-09-03T11:49:04.907000Z</time>
      </trkpt>
      <trkpt lat="19.486971" lon="98.048851">
        <ele>506.546767</ele>
        <time>2025-09-03T11:49:12.076000Z</time>
      </trkpt>
      <trkpt lat="19.487002" lon="98.048712">
        <ele>507.577124</ele>
        <time>2025-09-03T11:49:20.174000Z</time>
      </trkpt>
      <trkpt lat="19.487077" lon="98.048588">
        <ele>508.639874</ele>
        <time>2025-09-03T11:49:29.128000Z</time>
      </trkpt>
      <trkpt lat="19.487545" lon="98.048047">
        <ele>518.117268</ele>
        <time>2025-09-03T11:50:21.777000Z</time>
      </trkpt>
      <trkpt lat="19.487629" lon="98.047884">
        <ele>520.971369</ele>
        <time>2025-09-03T11:50:37.408000Z</time>
      </trkpt>
      <trkpt lat="19.487683" lon="98.047695">
        <ele>524.005608</ele>
        <time>2025-09-03T11:50:54.907000Z</time>
      </trkpt>
      <trkpt lat="19.487696" lon="98.04731">
        <ele>529.924556</ele>
        <time>2025-09-03T11:51:30.753000Z</time>
      </trkpt>
      <trkpt lat="19.487579" lon="98.046822">
        <ele>537.660885</ele>
        <time>2025-09-03T11:52:17.388000Z</time>
      </trkpt>
      <trkpt lat="19.487387" lon="98.04644">
        <ele>543.267951</ele>
        <time>2025-09-03T11:52:54.296000Z</time>
      </trkpt>
      <trkpt lat="19.48737" lon="98.046329">
        <ele>544.616912</ele>
        <time>2025-09-03T11:53:03.222000Z</time>
      </trkpt>
      <trkpt lat="19.487382" lon="98.046202">
        <ele>546.147976</ele>
        <time>2025-09-03T11:53:12.883000Z</time>
      </trkpt>
      <trkpt lat="19.487449" lon="98.046039">
        <ele>548.281026</ele>
        <time>2025-09-03T11:53:25.867000Z</time>
      </trkpt>
      <trkpt lat="19.487573" lon="98.045887">
        <ele>550.692258</ele>
        <time>2025-09-03T11:53:39.723000Z</time>
      </trkpt>
      <trkpt lat="19.4877" lon="98.04585">
        <ele>552.368104</ele>
        <time>2025-09-03T11:53:48.960000Z</time>
      </trkpt>
      <trkpt lat="19.487843" lon="98.045884">
        <ele>554.232847</ele>
        <time>2025-09-03T11:53:58.907000Z</time>
      </trkpt>
      <trkpt lat="19.487987" lon="98.045983">
        <ele>556.416349</ele>
        <time>2025-09-03T11:54:09.960000Z</time>
      </trkpt>
      <trkpt lat="19.488124" lon="98.045998">
        <ele>558.168859</ele>
        <time>2025-09-03T11:54:18.428000Z</time>
      </trkpt>
      <trkpt lat="19.488165" lon="98.045958">
        <ele>558.87766</ele>
        <time>2025-09-03T11:54:21.686000Z</time>
      </trkpt>
      <trkpt lat="19.488162" lon="98.045858">
        <ele>560.077814</ele>
        <time>2025-09-03T11:54:27.220000Z</time>
      </trkpt>
      <trkpt lat="19.488059" lon="98.04575">
        <ele>561.920656</ele>
        <time>2025-09-03T11:54:35.544000Z</time>
      </trkpt>
      <trkpt lat="19.487636" lon="98.045543">
        <ele>566.436334</ele>
        <time>2025-09-03T11:55:02.207000Z</time>
      </trkpt>
      <trkpt lat="19.487429" lon="98.045511">
        <ele>568.403638</ele>
        <time>2025-09-03T11:55:14.688000Z</time>
      </trkpt>
      <trkpt lat="19.487082" lon="98.045509">
        <ele>571.667061</ele>
        <time>2025-09-03T11:55:35.975000Z</time>
      </trkpt>
      <trkpt lat="19.486825" lon="98.045439">
        <ele>574.162434</ele>
        <time>2025-09-03T11:55:52.726000Z</time>
      </trkpt>
      <trkpt lat="19.486731" lon="98.045321">
        <ele>575.532095</ele>
        <time>2025-09-03T11:56:01.777000Z</time>
      </trkpt>
      <trkpt lat="19.486675" lon="98.045029">
        <ele>578.173946</ele>
        <time>2025-09-03T11:56:19.030000Z</time>
      </trkpt>
      <trkpt lat="19.486568" lon="98.043893">
        <ele>587.351847</ele>
        <time>2025-09-03T11:57:19.731000Z</time>
      </trkpt>
      <trkpt lat="19.486525" lon="98.043611">
        <ele>589.61723</ele>
        <time>2025-09-03T11:57:34.117000Z</time>
      </trkpt>
      <trkpt lat="19.48617" lon="98.042755">
        <ele>596.526459</ele>
        <time>2025-09-03T11:58:22.557000Z</time>
      </trkpt>
      <trkpt lat="19.486135" lon="98.042587">
        <ele>597.619773</ele>
        <time>2025-09-03T11:58:31.335000Z</time>
      </trkpt>
      <trkpt lat="19.486138" lon="98.04195">
        <ele>601.667643</ele>
        <time>2025-09-03T11:59:02.514000Z</time>
      </trkpt>
      <trkpt lat="19.486038" lon="98.041588">
        <ele>604.0647</ele>
        <time>2025-09-03T11:59:19.758000Z</time>
      </trkpt>
      <trkpt lat="19.485535" lon="98.040825">
        <ele>608.87581</ele>
        <time>2025-09-03T11:59:55.491000Z</time>
      </trkpt>
      <trkpt lat="19.484966" lon="98.039719">
        <ele>614.260121</ele>
        <time>2025-09-03T12:00:39.197000Z</time>
      </trkpt>
      <trkpt lat="19.484156" lon="98.038702">
        <ele>624.780321</ele>
        <time>2025-09-03T12:01:42.353000Z</time>
      </trkpt>
      <trkpt lat="19.484049" lon="98.03849">
        <ele>626.764446</ele>
        <time>2025-09-03T12:01:56.620000Z</time>
      </trkpt>
      <trkpt lat="19.484" lon="98.038249">
        <ele>628.79866</ele>
        <time>2025-09-03T12:02:11.818000Z</time>
      </trkpt>
      <trkpt lat="19.483988" lon="98.03706">
        <ele>645.57529</ele>
        <time>2025-09-03T12:03:42.683000Z</time>
      </trkpt>
      <trkpt lat="19.483943" lon="98.036599">
        <ele>652.684582</ele>
        <time>2025-09-03T12:04:25.022000Z</time>
      </trkpt>
      <trkpt lat="19.483977" lon="98.036449">
        <ele>655.051072</ele>
        <time>2025-09-03T12:04:39.457000Z</time>
      </trkpt>
      <trkpt lat="19.484275" lon="98.03605">
        <ele>662.691262</ele>
        <time>2025-09-03T12:05:26.725000Z</time>
      </trkpt>
      <trkpt lat="19.484307" lon="98.035894">
        <ele>665.00698</ele>
        <time>2025-09-03T12:05:41.417000Z</time>
      </trkpt>
      <trkpt lat="19.484309" lon="98.035741">
        <ele>667.22645</ele>
        <time>2025-09-03T12:05:55.181000Z</time>
      </trkpt>
      <trkpt lat="19.484184" lon="98.035355">
        <ele>673.146477</ele>
        <time>2025-09-03T12:06:30.002000Z</time>
      </trkpt>
      <trkpt lat="19.484186" lon="98.034798">
        <ele>681.225796</ele>
        <time>2025-09-03T12:07:12.521000Z</time>
      </trkpt>
      <trkpt lat="19.484133" lon="98.034668">
        <ele>683.280214</ele>
        <time>2025-09-03T12:07:22.437000Z</time>
      </trkpt>
      <trkpt lat="19.483936" lon="98.034424">
        <ele>687.663271</ele>
        <time>2025-09-03T12:07:43.852000Z</time>
      </trkpt>
      <trkpt lat="19.483355" lon="98.033859">
        <ele>693.055027</ele>
        <time>2025-09-03T12:08:32.027000Z</time>
      </trkpt>
      <trkpt lat="19.483095" lon="98.033684">
        <ele>695.161398</ele>
        <time>2025-09-03T12:08:46.682000Z</time>
      </trkpt>
      <trkpt lat="19.482946" lon="98.033623">
        <ele>696.253914</ele>
        <time>2025-09-03T12:08:53.201000Z</time>
      </trkpt>
      <trkpt lat="19.482607" lon="98.033569">
        <ele>698.598852</ele>
        <time>2025-09-03T12:09:05.022000Z</time>
      </trkpt>
      <trkpt lat="19.482136" lon="98.033577">
        <ele>700.658818</ele>
        <time>2025-09-03T12:09:17.959000Z</time>
      </trkpt>
      <trkpt lat="19.481874" lon="98.033524">
        <ele>701.461667</ele>
        <time>2025-09-03T12:09:24.801000Z</time>
      </trkpt>
      <trkpt lat="19.481764" lon="98.033447">
        <ele>701.858373</ele>
        <time>2025-09-03T12:09:28.193000Z</time>
      </trkpt>
      <trkpt lat="19.481684" lon="98.033325">
        <ele>702.280088</ele>
        <time>2025-09-03T12:09:31.980000Z</time>
      </trkpt>
      <trkpt lat="19.481644" lon="98.033173">
        <ele>702.727913</ele>
        <time>2025-09-03T12:09:36.174000Z</time>
      </trkpt>
      <trkpt lat="19.481638" lon="98.032997">
        <ele>703.227679</ele>
        <time>2025-09-03T12:09:41.207000Z</time>
      </trkpt>
      <trkpt lat="19.481911" lon="98.031128">
        <ele>708.507525</ele>
        <time>2025-09-03T12:10:59.704000Z</time>
      </trkpt>
      <trkpt lat="19.481894" lon="98.030968">
        <ele>708.952843</ele>
        <time>2025-09-03T12:11:04.760000Z</time>
      </trkpt>
      <trkpt lat="19.481838" lon="98.030815">
        <ele>709.406773</ele>
        <time>2025-09-03T12:11:09.083000Z</time>
      </trkpt>
      <trkpt lat="19.481731" lon="98.03067">
        <ele>709.91605</ele>
        <time>2025-09-03T12:11:12.966000Z</time>
      </trkpt>
      <trkpt lat="19.481453" lon="98.030449">
        <ele>708.97047</ele>
        <time>2025-09-03T12:11:18.968000Z</time>
      </trkpt>
      <trkpt lat="19.481138" lon="98.030342">
        <ele>706.121015</ele>
        <time>2025-09-03T12:11:23.915000Z</time>
      </trkpt>
      <trkpt lat="19.480822" lon="98.030388">
        <ele>703.37318</ele>
        <time>2025-09-03T12:11:28.395000Z</time>
      </trkpt>
      <trkpt lat="19.480312" lon="98.030617">
        <ele>698.602119</ele>
        <time>2025-09-03T12:11:35.846000Z</time>
      </trkpt>
      <trkpt lat="19.480183" lon="98.030609">
        <ele>697.488895</ele>
        <time>2025-09-03T12:11:37.568000Z</time>
      </trkpt>
      <trkpt lat="19.480064" lon="98.030563">
        <ele>696.397764</ele>
        <time>2025-09-03T12:11:39.229000Z</time>
      </trkpt>
      <trkpt lat="19.479752" lon="98.030304">
        <ele>691.316047</ele>
        <time>2025-09-03T12:11:44.439000Z</time>
      </trkpt>
      <trkpt lat="19.479639" lon="98.030258">
        <ele>689.383976</ele>
        <time>2025-09-03T12:11:46.010000Z</time>
      </trkpt>
      <trkpt lat="19.479517" lon="98.03025">
        <ele>687.432798</ele>
        <time>2025-09-03T12:11:47.599000Z</time>
      </trkpt>
      <trkpt lat="19.479162" lon="98.030365">
        <ele>681.507625</ele>
        <time>2025-09-03T12:11:52.392000Z</time>
      </trkpt>
      <trkpt lat="19.479038" lon="98.030365">
        <ele>679.528239</ele>
        <time>2025-09-03T12:11:53.987000Z</time>
      </trkpt>
      <trkpt lat="19.478766" lon="98.030273">
        <ele>674.970957</ele>
        <time>2025-09-03T12:11:57.657000Z</time>
      </trkpt>
      <trkpt lat="19.478178" lon="98.029953">
        <ele>664.765635</ele>
        <time>2025-09-03T12:12:06.109000Z</time>
      </trkpt>
      <trkpt lat="19.477734" lon="98.029564">
        <ele>657.322629</ele>
        <time>2025-09-03T12:12:13.508000Z</time>
      </trkpt>
      <trkpt lat="19.476675" lon="98.028503">
        <ele>642.403721</ele>
        <time>2025-09-03T12:12:33.114000Z</time>
      </trkpt>
      <trkpt lat="19.476492" lon="98.028351">
        <ele>642.016166</ele>
        <time>2025-09-03T12:12:37.015000Z</time>
      </trkpt>
      <trkpt lat="19.475685" lon="98.02787">
        <ele>640.472688</ele>
        <time>2025-09-03T12:13:03.262000Z</time>
      </trkpt>
      <trkpt lat="19.475537" lon="98.027793">
        <ele>640.197827</ele>
        <time>2025-09-03T12:13:09.631000Z</time>
      </trkpt>
      <trkpt lat="19.475349" lon="98.027756">
        <ele>639.845997</ele>
        <time>2025-09-03T12:13:16.648000Z</time>
      </trkpt>
      <trkpt lat="19.474825" lon="98.027771">
        <ele>638.696212</ele>
        <time>2025-09-03T12:13:30.891000Z</time>
      </trkpt>
      <trkpt lat="19.474491" lon="98.027733">
        <ele>637.959398</ele>
        <time>2025-09-03T12:13:36.805000Z</time>
      </trkpt>
      <trkpt lat="19.474335" lon="98.027672">
        <ele>637.594709</ele>
        <time>2025-09-03T12:13:39.439000Z</time>
      </trkpt>
      <trkpt lat="19.474072" lon="98.027451">
        <ele>636.858737</ele>
        <time>2025-09-03T12:13:44.509000Z</time>
      </trkpt>
      <trkpt lat="19.473835" lon="98.026978">
        <ele>635.587928</ele>
        <time>2025-09-03T12:13:51.921000Z</time>
      </trkpt>
      <trkpt lat="19.473719" lon="98.026855">
        <ele>635.023961</ele>
        <time>2025-09-03T12:13:54.309000Z</time>
      </trkpt>
      <trkpt lat="19.473568" lon="98.026764">
        <ele>634.42682</ele>
        <time>2025-09-03T12:13:56.853000Z</time>
      </trkpt>
      <trkpt lat="19.472563" lon="98.026505">
        <ele>630.87075</ele>
        <time>2025-09-03T12:14:13.646000Z</time>
      </trkpt>
      <trkpt lat="19.472179" lon="98.026375">
        <ele>629.534265</ele>
        <time>2025-09-03T12:14:21.786000Z</time>
      </trkpt>
      <trkpt lat="19.471744" lon="98.0261">
        <ele>628.026303</ele>
        <time>2025-09-03T12:14:31.906000Z</time>
      </trkpt>
      <trkpt lat="19.471466" lon="98.026009">
        <ele>627.159955</ele>
        <time>2025-09-03T12:14:37.515000Z</time>
      </trkpt>
      <trkpt lat="19.471312" lon="98.026032">
        <ele>626.696854</ele>
        <time>2025-09-03T12:14:40.317000Z</time>
      </trkpt>
      <trkpt lat="19.470648" lon="98.026344">
        <ele>624.534274</ele>
        <time>2025-09-03T12:14:51.608000Z</time>
      </trkpt>
      <trkpt lat="19.470293" lon="98.026443">
        <ele>620.805879</ele>
        <time>2025-09-03T12:14:56.804000Z</time>
      </trkpt>
      <trkpt lat="19.470108" lon="98.026459">
        <ele>618.874927</ele>
        <time>2025-09-03T12:14:59.361000Z</time>
      </trkpt>
      <trkpt lat="19.469513" lon="98.026375">
        <ele>612.630524</ele>
        <time>2025-09-03T12:15:07.418000Z</time>
      </trkpt>
      <trkpt lat="19.469099" lon="98.026276">
        <ele>608.215559</ele>
        <time>2025-09-03T12:15:12.996000Z</time>
      </trkpt>
      <trkpt lat="19.468283" lon="98.026212">
        <ele>600.848177</ele>
        <time>2025-09-03T12:15:23.770000Z</time>
      </trkpt>
      <trkpt lat="19.468125" lon="98.026153">
        <ele>599.433502</ele>
        <time>2025-09-03T12:15:26.010000Z</time>
      </trkpt>
      <trkpt lat="19.467926" lon="98.026032">
        <ele>597.496262</ele>
        <time>2025-09-03T12:15:29.163000Z</time>
      </trkpt>
      <trkpt lat="19.467495" lon="98.025642">
        <ele>592.711551</ele>
        <time>2025-09-03T12:15:37.411000Z</time>
      </trkpt>
      <trkpt lat="19.467316" lon="98.025551">
        <ele>591.035118</ele>
        <time>2025-09-03T12:15:40.607000Z</time>
      </trkpt>
      <trkpt lat="19.467119" lon="98.025497">
        <ele>590.768079</ele>
        <time>2025-09-03T12:15:44.113000Z</time>
      </trkpt>
      <trkpt lat="19.466753" lon="98.025482">
        <ele>591.183401</ele>
        <time>2025-09-03T12:15:51.495000Z</time>
      </trkpt>
      <trkpt lat="19.466417" lon="98.025574">
        <ele>591.576887</ele>
        <time>2025-09-03T12:16:01.053000Z</time>
      </trkpt>
      <trkpt lat="19.466126" lon="98.025711">
        <ele>591.937902</ele>
        <time>2025-09-03T12:16:11.999000Z</time>
      </trkpt>
      <trkpt lat="19.465855" lon="98.025772">
        <ele>592.252036</ele>
        <time>2025-09-03T12:16:22.171000Z</time>
      </trkpt>
      <trkpt lat="19.465752" lon="98.025734">
        <ele>592.375693</ele>
        <time>2025-09-03T12:16:26.204000Z</time>
      </trkpt>
      <trkpt lat="19.46567" lon="98.02565">
        <ele>592.504961</ele>
        <time>2025-09-03T12:16:30.373000Z</time>
      </trkpt>
      <trkpt lat="19.465448" lon="98.024994">
        <ele>592.504572</ele>
        <time>2025-09-03T12:16:53.470000Z</time>
      </trkpt>
      <trkpt lat="19.465367" lon="98.024884">
        <ele>592.4727</ele>
        <time>2025-09-03T12:16:57.746000Z</time>
      </trkpt>
      <trkpt lat="19.465145" lon="98.024773">
        <ele>592.413258</ele>
        <time>2025-09-03T12:17:04.954000Z</time>
      </trkpt>
      <trkpt lat="19.464779" lon="98.024742">
        <ele>592.324334</ele>
        <time>2025-09-03T12:17:13.185000Z</time>
      </trkpt>
      <trkpt lat="19.464668" lon="98.024696">
        <ele>592.295471</ele>
        <time>2025-09-03T12:17:15.307000Z</time>
      </trkpt>
      <trkpt lat="19.464361" lon="98.024445">
        <ele>592.201591</ele>
        <time>2025-09-03T12:17:21.384000Z</time>
      </trkpt>
      <trkpt lat="19.463743" lon="98.024277">
        <ele>585.386996</ele>
        <time>2025-09-03T12:17:30.291000Z</time>
      </trkpt>
      <trkpt lat="19.463533" lon="98.024109">
        <ele>582.551742</ele>
        <time>2025-09-03T12:17:33.816000Z</time>
      </trkpt>
      <trkpt lat="19.463263" lon="98.023766">
        <ele>578.010733</ele>
        <time>2025-09-03T12:17:39.397000Z</time>
      </trkpt>
      <trkpt lat="19.462488" lon="98.023262">
        <ele>567.335075</ele>
        <time>2025-09-03T12:17:51.220000Z</time>
      </trkpt>
      <trkpt lat="19.462219" lon="98.023193">
        <ele>563.783524</ele>
        <time>2025-09-03T12:17:54.819000Z</time>
      </trkpt>
      <trkpt lat="19.461746" lon="98.023201">
        <ele>557.712826</ele>
        <time>2025-09-03T12:18:01.019000Z</time>
      </trkpt>
      <trkpt lat="19.46142" lon="98.023132">
        <ele>553.446833</ele>
        <time>2025-09-03T12:18:05.418000Z</time>
      </trkpt>
      <trkpt lat="19.460067" lon="98.02255">
        <ele>539.725742</ele>
        <time>2025-09-03T12:18:25.577000Z</time>
      </trkpt>
      <trkpt lat="19.459925" lon="98.022553">
        <ele>538.511683</ele>
        <time>2025-09-03T12:18:27.625000Z</time>
      </trkpt>
      <trkpt lat="19.459795" lon="98.022586">
        <ele>537.369054</ele>
        <time>2025-09-03T12:18:29.543000Z</time>
      </trkpt>
      <trkpt lat="19.459684" lon="98.022659">
        <ele>536.252611</ele>
        <time>2025-09-03T12:18:31.401000Z</time>
      </trkpt>
      <trkpt lat="19.459391" lon="98.022987">
        <ele>532.476648</ele>
        <time>2025-09-03T12:18:37.486000Z</time>
      </trkpt>
      <trkpt lat="19.45929" lon="98.023064">
        <ele>531.331561</ele>
        <time>2025-09-03T12:18:39.244000Z</time>
      </trkpt>
      <trkpt lat="19.459177" lon="98.023102">
        <ele>530.240257</ele>
        <time>2025-09-03T12:18:40.912000Z</time>
      </trkpt>
      <trkpt lat="19.459055" lon="98.023094">
        <ele>529.114995</ele>
        <time>2025-09-03T12:18:42.633000Z</time>
      </trkpt>
      <trkpt lat="19.458649" lon="98.022926">
        <ele>525.103007</ele>
        <time>2025-09-03T12:18:48.663000Z</time>
      </trkpt>
      <trkpt lat="19.458374" lon="98.02285">
        <ele>522.486851</ele>
        <time>2025-09-03T12:18:52.520000Z</time>
      </trkpt>
      <trkpt lat="19.457932" lon="98.022804">
        <ele>518.398309</ele>
        <time>2025-09-03T12:18:58.483000Z</time>
      </trkpt>
      <trkpt lat="19.456978" lon="98.022453">
        <ele>509.129128</ele>
        <time>2025-09-03T12:19:12.062000Z</time>
      </trkpt>
      <trkpt lat="19.456451" lon="98.022194">
        <ele>503.79846</ele>
        <time>2025-09-03T12:19:20.194000Z</time>
      </trkpt>
      <trkpt lat="19.456233" lon="98.021941">
        <ele>500.796766</ele>
        <time>2025-09-03T12:19:24.888000Z</time>
      </trkpt>
      <trkpt lat="19.45605" lon="98.021592">
        <ele>497.070758</ele>
        <time>2025-09-03T12:19:30.428000Z</time>
      </trkpt>
      <trkpt lat="19.455938" lon="98.021449">
        <ele>495.336226</ele>
        <time>2025-09-03T12:19:32.959000Z</time>
      </trkpt>
      <trkpt lat="19.455774" lon="98.021389">
        <ele>493.619504</ele>
        <time>2025-09-03T12:19:35.421000Z</time>
      </trkpt>
      <trkpt lat="19.455578" lon="98.0214">
        <ele>491.677256</ele>
        <time>2025-09-03T12:19:38.166000Z</time>
      </trkpt>
      <trkpt lat="19.455443" lon="98.021347">
        <ele>490.25276</ele>
        <time>2025-09-03T12:19:40.133000Z</time>
      </trkpt>
      <trkpt lat="19.455341" lon="98.021261">
        <ele>488.963312</ele>
        <time>2025-09-03T12:19:41.896000Z</time>
      </trkpt>
      <trkpt lat="19.455264" lon="98.021098">
        <ele>487.262235</ele>
        <time>2025-09-03T12:19:44.195000Z</time>
      </trkpt>
      <trkpt lat="19.455253" lon="98.020897">
        <ele>485.383636</ele>
        <time>2025-09-03T12:19:46.696000Z</time>
      </trkpt>
      <trkpt lat="19.455397" lon="98.019989">
        <ele>473.544533</ele>
        <time>2025-09-03T12:19:57.878000Z</time>
      </trkpt>
      <trkpt lat="19.45541" lon="98.019623">
        <ele>468.470478</ele>
        <time>2025-09-03T12:20:02.316000Z</time>
      </trkpt>
      <trkpt lat="19.455358" lon="98.01931">
        <ele>464.067473</ele>
        <time>2025-09-03T12:20:06.187000Z</time>
      </trkpt>
      <trkpt lat="19.455238" lon="98.018982">
        <ele>459.193389</ele>
        <time>2025-09-03T12:20:10.536000Z</time>
      </trkpt>
      <trkpt lat="19.455164" lon="98.018906">
        <ele>457.679887</ele>
        <time>2025-09-03T12:20:11.907000Z</time>
      </trkpt>
      <trkpt lat="19.455065" lon="98.018867">
        <ele>456.594723</ele>
        <time>2025-09-03T12:20:13.315000Z</time>
      </trkpt>
      <trkpt lat="19.454657" lon="98.018929">
        <ele>453.552448</ele>
        <time>2025-09-03T12:20:18.938000Z</time>
      </trkpt>
      <trkpt lat="19.454332" lon="98.018929">
        <ele>451.153567</ele>
        <time>2025-09-03T12:20:23.553000Z</time>
      </trkpt>
      <trkpt lat="19.453957" lon="98.018883">
        <ele>448.367174</ele>
        <time>2025-09-03T12:20:29.157000Z</time>
      </trkpt>
      <trkpt lat="19.453571" lon="98.01889">
        <ele>445.517625</ele>
        <time>2025-09-03T12:20:35.030000Z</time>
      </trkpt>
      <trkpt lat="19.453194" lon="98.018829">
        <ele>442.838672</ele>
        <time>2025-09-03T12:20:40.861000Z</time>
      </trkpt>
      <trkpt lat="19.452517" lon="98.018601">
        <ele>438.251521</ele>
        <time>2025-09-03T12:20:51.387000Z</time>
      </trkpt>
      <trkpt lat="19.451901" lon="98.018578">
        <ele>434.270984</ele>
        <time>2025-09-03T12:21:00.149000Z</time>
      </trkpt>
      <trkpt lat="19.451668" lon="98.018616">
        <ele>432.748603</ele>
        <time>2025-09-03T12:21:03.437000Z</time>
      </trkpt>
      <trkpt lat="19.451557" lon="98.018669">
        <ele>432.008353</ele>
        <time>2025-09-03T12:21:05.134000Z</time>
      </trkpt>
      <trkpt lat="19.450905" lon="98.019234">
        <ele>427.749644</ele>
        <time>2025-09-03T12:21:17.141000Z</time>
      </trkpt>
      <trkpt lat="19.450792" lon="98.019287">
        <ele>427.124693</ele>
        <time>2025-09-03T12:21:19.009000Z</time>
      </trkpt>
      <trkpt lat="19.450533" lon="98.019264">
        <ele>425.810094</ele>
        <time>2025-09-03T12:21:23.104000Z</time>
      </trkpt>
      <trkpt lat="19.450436" lon="98.01918">
        <ele>425.176683</ele>
        <time>2025-09-03T12:21:25.137000Z</time>
      </trkpt>
      <trkpt lat="19.450357" lon="98.019051">
        <ele>424.443071</ele>
        <time>2025-09-03T12:21:27.548000Z</time>
      </trkpt>
      <trkpt lat="19.450241" lon="98.018715">
        <ele>423.006689</ele>
        <time>2025-09-03T12:21:33.442000Z</time>
      </trkpt>
      <trkpt lat="19.450171" lon="98.018347">
        <ele>422.638478</ele>
        <time>2025-09-03T12:21:40.245000Z</time>
      </trkpt>
      <trkpt lat="19.449955" lon="98.017204">
        <ele>421.495115</ele>
        <time>2025-09-03T12:22:02.108000Z</time>
      </trkpt>
      <trkpt lat="19.449986" lon="98.016975">
        <ele>421.268205</ele>
        <time>2025-09-03T12:22:06.170000Z</time>
      </trkpt>
      <trkpt lat="19.450056" lon="98.016876">
        <ele>421.321755</ele>
        <time>2025-09-03T12:22:08.412000Z</time>
      </trkpt>
      <trkpt lat="19.450525" lon="98.016548">
        <ele>422.473262</ele>
        <time>2025-09-03T12:22:20.254000Z</time>
      </trkpt>
      <trkpt lat="19.450754" lon="98.016258">
        <ele>423.204329</ele>
        <time>2025-09-03T12:22:29.584000Z</time>
      </trkpt>
      <trkpt lat="19.450903" lon="98.015923">
        <ele>423.9202</ele>
        <time>2025-09-03T12:22:40.803000Z</time>
      </trkpt>
      <trkpt lat="19.450975" lon="98.015304">
        <ele>425.863071</ele>
        <time>2025-09-03T12:23:05.186000Z</time>
      </trkpt>
      <trkpt lat="19.450954" lon="98.01487">
        <ele>429.358594</ele>
        <time>2025-09-03T12:23:26.116000Z</time>
      </trkpt>
      <trkpt lat="19.450644" lon="98.013924">
        <ele>437.414282</ele>
        <time>2025-09-03T12:24:22.830000Z</time>
      </trkpt>
      <trkpt lat="19.450628" lon="98.013573">
        <ele>440.242054</ele>
        <time>2025-09-03T12:24:44.088000Z</time>
      </trkpt>
      <trkpt lat="19.450876" lon="98.012253">
        <ele>453.468149</ele>
        <time>2025-09-03T12:26:05.823000Z</time>
      </trkpt>
      <trkpt lat="19.450838" lon="98.011764">
        <ele>458.289647</ele>
        <time>2025-09-03T12:26:36.108000Z</time>
      </trkpt>
      <trkpt lat="19.450733" lon="98.011459">
        <ele>460.39648</ele>
        <time>2025-09-03T12:26:56.001000Z</time>
      </trkpt>
      <trkpt lat="19.450668" lon="98.011108">
        <ele>462.387855</ele>
        <time>2025-09-03T12:27:16.995000Z</time>
      </trkpt>
      <trkpt lat="19.450607" lon="98.010238">
        <ele>467.244595</ele>
        <time>2025-09-03T12:27:56.103000Z</time>
      </trkpt>
      <trkpt lat="19.450552" lon="98.010094">
        <ele>468.109526</ele>
        <time>2025-09-03T12:28:01.077000Z</time>
      </trkpt>
      <trkpt lat="19.449678" lon="98.009369">
        <ele>468.160907</ele>
        <time>2025-09-03T12:28:21.543000Z</time>
      </trkpt>
      <trkpt lat="19.449589" lon="98.009247">
        <ele>467.916875</ele>
        <time>2025-09-03T12:28:23.827000Z</time>
      </trkpt>
      <trkpt lat="19.449392" lon="98.008797">
        <ele>467.131959</ele>
        <time>2025-09-03T12:28:31.417000Z</time>
      </trkpt>
      <trkpt lat="19.449124" lon="98.008447">
        <ele>466.490005</ele>
        <time>2025-09-03T12:28:38.844000Z</time>
      </trkpt>
      <trkpt lat="19.449047" lon="98.008194">
        <ele>466.253715</ele>
        <time>2025-09-03T12:28:43.437000Z</time>
      </trkpt>
      <trkpt lat="19.449075" lon="98.00736">
        <ele>465.511984</ele>
        <time>2025-09-03T12:28:59.338000Z</time>
      </trkpt>
      <trkpt lat="19.44924" lon="98.006926">
        <ele>465.096071</ele>
        <time>2025-09-03T12:29:08.676000Z</time>
      </trkpt>
      <trkpt lat="19.449349" lon="98.006715">
        <ele>464.879196</ele>
        <time>2025-09-03T12:29:13.360000Z</time>
      </trkpt>
      <trkpt lat="19.449359" lon="98.006626">
        <ele>464.736855</ele>
        <time>2025-09-03T12:29:15.087000Z</time>
      </trkpt>
      <trkpt lat="19.449343" lon="98.006538">
        <ele>464.594527</ele>
        <time>2025-09-03T12:29:16.763000Z</time>
      </trkpt>
      <trkpt lat="19.449305" lon="98.006477">
        <ele>464.478421</ele>
        <time>2025-09-03T12:29:18.141000Z</time>
      </trkpt>
      <trkpt lat="19.449224" lon="98.006447">
        <ele>464.33392</ele>
        <time>2025-09-03T12:29:19.787000Z</time>
      </trkpt>
      <trkpt lat="19.448925" lon="98.006561">
        <ele>463.798786</ele>
        <time>2025-09-03T12:29:25.807000Z</time>
      </trkpt>
      <trkpt lat="19.448832" lon="98.006569">
        <ele>463.64164</ele>
        <time>2025-09-03T12:29:27.572000Z</time>
      </trkpt>
      <trkpt lat="19.448734" lon="98.006523">
        <ele>463.461143</ele>
        <time>2025-09-03T12:29:29.577000Z</time>
      </trkpt>
      <trkpt lat="19.448519" lon="98.006241">
        <ele>462.88522</ele>
        <time>2025-09-03T12:29:35.946000Z</time>
      </trkpt>
      <trkpt lat="19.448418" lon="98.006195">
        <ele>462.700092</ele>
        <time>2025-09-03T12:29:37.938000Z</time>
      </trkpt>
      <trkpt lat="19.448036" lon="98.006134">
        <ele>462.049471</ele>
        <time>2025-09-03T12:29:44.598000Z</time>
      </trkpt>
      <trkpt lat="19.447767" lon="98.005997">
        <ele>461.348935</ele>
        <time>2025-09-03T12:29:49.443000Z</time>
      </trkpt>
      <trkpt lat="19.447508" lon="98.005814">
        <ele>460.489989</ele>
        <time>2025-09-03T12:29:54.251000Z</time>
      </trkpt>
      <trkpt lat="19.44739" lon="98.005691">
        <ele>460.033338</ele>
        <time>2025-09-03T12:29:56.737000Z</time>
      </trkpt>
      <trkpt lat="19.447075" lon="98.005089">
        <ele>458.241596</ele>
        <time>2025-09-03T12:30:06.627000Z</time>
      </trkpt>
      <trkpt lat="19.446993" lon="98.004982">
        <ele>457.882762</ele>
        <time>2025-09-03T12:30:08.745000Z</time>
      </trkpt>
      <trkpt lat="19.446884" lon="98.004946">
        <ele>457.567678</ele>
        <time>2025-09-03T12:30:10.724000Z</time>
      </trkpt>
      <trkpt lat="19.446594" lon="98.00499">
        <ele>457.237449</ele>
        <time>2025-09-03T12:30:16.876000Z</time>
      </trkpt>
      <trkpt lat="19.44632" lon="98.005127">
        <ele>459.396444</ele>
        <time>2025-09-03T12:30:26.927000Z</time>
      </trkpt>
      <trkpt lat="19.446196" lon="98.005249">
        <ele>460.601967</ele>
        <time>2025-09-03T12:30:34.213000Z</time>
      </trkpt>
      <trkpt lat="19.446095" lon="98.005402">
        <ele>461.857138</ele>
        <time>2025-09-03T12:30:42.992000Z</time>
      </trkpt>
      <trkpt lat="19.44585" lon="98.006103">
        <ele>466.881438</ele>
        <time>2025-09-03T12:31:27.295000Z</time>
      </trkpt>
      <trkpt lat="19.445757" lon="98.006247">
        <ele>468.054424</ele>
        <time>2025-09-03T12:31:38.867000Z</time>
      </trkpt>
      <trkpt lat="19.445622" lon="98.006355">
        <ele>469.259651</ele>
        <time>2025-09-03T12:31:50.690000Z</time>
      </trkpt>
      <trkpt lat="19.444958" lon="98.006782">
        <ele>472.639794</ele>
        <time>2025-09-03T12:32:36.427000Z</time>
      </trkpt>
      <trkpt lat="19.444679" lon="98.007172">
        <ele>474.535167</ele>
        <time>2025-09-03T12:32:53.285000Z</time>
      </trkpt>
      <trkpt lat="19.44446" lon="98.007416">
        <ele>475.839421</ele>
        <time>2025-09-03T12:33:00.778000Z</time>
      </trkpt>
      <trkpt lat="19.444382" lon="98.007561">
        <ele>476.485761</ele>
        <time>2025-09-03T12:33:03.681000Z</time>
      </trkpt>
      <trkpt lat="19.444246" lon="98.008011">
        <ele>475.484701</ele>
        <time>2025-09-03T12:33:10.954000Z</time>
      </trkpt>
      <trkpt lat="19.444162" lon="98.008118">
        <ele>474.771322</ele>
        <time>2025-09-03T12:33:12.980000Z</time>
      </trkpt>
      <trkpt lat="19.443748" lon="98.008333">
        <ele>472.266501</ele>
        <time>2025-09-03T12:33:19.914000Z</time>
      </trkpt>
      <trkpt lat="19.44361" lon="98.008326">
        <ele>471.515789</ele>
        <time>2025-09-03T12:33:21.956000Z</time>
      </trkpt>
      <trkpt lat="19.443536" lon="98.008298">
        <ele>471.088864</ele>
        <time>2025-09-03T12:33:23.113000Z</time>
      </trkpt>
      <trkpt lat="19.443457" lon="98.008193">
        <ele>470.400593</ele>
        <time>2025-09-03T12:33:24.980000Z</time>
      </trkpt>
      <trkpt lat="19.443421" lon="98.008087">
        <ele>469.823312</ele>
        <time>2025-09-03T12:33:26.534000Z</time>
      </trkpt>
      <trkpt lat="19.443457" lon="98.007774">
        <ele>468.207661</ele>
        <time>2025-09-03T12:33:30.803000Z</time>
      </trkpt>
      <trkpt lat="19.443438" lon="98.007675">
        <ele>467.69</ele>
        <time>2025-09-03T12:33:32.161000Z</time>
      </trkpt>
      <trkpt lat="19.443066" lon="98.007228">
        <ele>460.725482</ele>
        <time>2025-09-03T12:33:39.924000Z</time>
      </trkpt>
      <trkpt lat="19.443023" lon="98.007066">
        <ele>458.609099</ele>
        <time>2025-09-03T12:33:42.054000Z</time>
      </trkpt>
      <trkpt lat="19.442955" lon="98.006502">
        <ele>451.458837</ele>
        <time>2025-09-03T12:33:49.068000Z</time>
      </trkpt>
      <trkpt lat="19.442672" lon="98.005603">
        <ele>438.878275</ele>
        <time>2025-09-03T12:34:00.507000Z</time>
      </trkpt>
      <trkpt lat="19.44259" lon="98.005435">
        <ele>436.084623</ele>
        <time>2025-09-03T12:34:02.785000Z</time>
      </trkpt>
      <trkpt lat="19.442474" lon="98.005295">
        <ele>433.332386</ele>
        <time>2025-09-03T12:34:05.032000Z</time>
      </trkpt>
      <trkpt lat="19.442209" lon="98.00515">
        <ele>428.66238</ele>
        <time>2025-09-03T12:34:08.857000Z</time>
      </trkpt>
      <trkpt lat="19.441425" lon="98.004921">
        <ele>415.927015</ele>
        <time>2025-09-03T12:34:19.450000Z</time>
      </trkpt>
      <trkpt lat="19.44125" lon="98.004898">
        <ele>413.842348</ele>
        <time>2025-09-03T12:34:21.806000Z</time>
      </trkpt>
      <trkpt lat="19.440929" lon="98.004967">
        <ele>410.446197</ele>
        <time>2025-09-03T12:34:26.219000Z</time>
      </trkpt>
      <trkpt lat="19.440392" lon="98.005333">
        <ele>403.82716</ele>
        <time>2025-09-03T12:34:34.994000Z</time>
      </trkpt>
      <trkpt lat="19.440262" lon="98.005364">
        <ele>402.445525</ele>
        <time>2025-09-03T12:34:36.836000Z</time>
      </trkpt>
      <trkpt lat="19.440151" lon="98.005348">
        <ele>401.283978</ele>
        <time>2025-09-03T12:34:38.378000Z</time>
      </trkpt>
      <trkpt lat="19.439972" lon="98.005157">
        <ele>398.650956</ele>
        <time>2025-09-03T12:34:41.868000Z</time>
      </trkpt>
      <trkpt lat="19.439842" lon="98.004898">
        <ele>395.623719</ele>
        <time>2025-09-03T12:34:45.635000Z</time>
      </trkpt>
      <trkpt lat="19.439754" lon="98.004814">
        <ele>394.132076</ele>
        <time>2025-09-03T12:34:47.230000Z</time>
      </trkpt>
      <trkpt lat="19.43964" lon="98.004768">
        <ele>392.595401</ele>
        <time>2025-09-03T12:34:48.876000Z</time>
      </trkpt>
      <trkpt lat="19.4394" lon="98.004753">
        <ele>389.566539</ele>
        <time>2025-09-03T12:34:52.094000Z</time>
      </trkpt>
      <trkpt lat="19.439291" lon="98.004715">
        <ele>388.12101</ele>
        <time>2025-09-03T12:34:53.615000Z</time>
      </trkpt>
      <trkpt lat="19.439112" lon="98.004524">
        <ele>384.921876</ele>
        <time>2025-09-03T12:34:56.970000Z</time>
      </trkpt>
      <trkpt lat="19.43895" lon="98.004204">
        <ele>380.606997</ele>
        <time>2025-09-03T12:35:01.468000Z</time>
      </trkpt>
      <trkpt lat="19.438848" lon="98.004143">
        <ele>379.131699</ele>
        <time>2025-09-03T12:35:02.988000Z</time>
      </trkpt>
      <trkpt lat="19.438736" lon="98.00412">
        <ele>377.694465</ele>
        <time>2025-09-03T12:35:04.483000Z</time>
      </trkpt>
      <trkpt lat="19.438328" lon="98.004234">
        <ele>372.432276</ele>
        <time>2025-09-03T12:35:09.978000Z</time>
      </trkpt>
      <trkpt lat="19.438028" lon="98.004211">
        <ele>368.779616</ele>
        <time>2025-09-03T12:35:13.892000Z</time>
      </trkpt>
      <trkpt lat="19.437881" lon="98.004158">
        <ele>366.894115</ele>
        <time>2025-09-03T12:35:15.923000Z</time>
      </trkpt>
      <trkpt lat="19.437721" lon="98.003998">
        <ele>364.223439</ele>
        <time>2025-09-03T12:35:18.820000Z</time>
      </trkpt>
      <trkpt lat="19.437697" lon="98.003891">
        <ele>362.963924</ele>
        <time>2025-09-03T12:35:20.189000Z</time>
      </trkpt>
      <trkpt lat="19.437808" lon="98.003653">
        <ele>359.923305</ele>
        <time>2025-09-03T12:35:23.523000Z</time>
      </trkpt>
      <trkpt lat="19.437801" lon="98.003517">
        <ele>358.363558</ele>
        <time>2025-09-03T12:35:25.244000Z</time>
      </trkpt>
      <trkpt lat="19.437715" lon="98.003395">
        <ele>356.61925</ele>
        <time>2025-09-03T12:35:27.190000Z</time>
      </trkpt>
      <trkpt lat="19.437632" lon="98.003365">
        <ele>355.554371</ele>
        <time>2025-09-03T12:35:28.398000Z</time>
      </trkpt>
      <trkpt lat="19.4375" lon="98.003388">
        <ele>353.92989</ele>
        <time>2025-09-03T12:35:30.223000Z</time>
      </trkpt>
      <trkpt lat="19.437117" lon="98.003563">
        <ele>349.17682</ele>
        <time>2025-09-03T12:35:35.965000Z</time>
      </trkpt>
      <trkpt lat="19.436756" lon="98.00367">
        <ele>345.074758</ele>
        <time>2025-09-03T12:35:41.091000Z</time>
      </trkpt>
      <trkpt lat="19.436524" lon="98.003654">
        <ele>342.530477</ele>
        <time>2025-09-03T12:35:44.241000Z</time>
      </trkpt>
      <trkpt lat="19.436317" lon="98.003593">
        <ele>340.179307</ele>
        <time>2025-09-03T12:35:47.122000Z</time>
      </trkpt>
      <trkpt lat="19.43614" lon="98.003475">
        <ele>337.891301</ele>
        <time>2025-09-03T12:35:49.909000Z</time>
      </trkpt>
      <trkpt lat="19.436009" lon="98.00332">
        <ele>335.74329</ele>
        <time>2025-09-03T12:35:52.515000Z</time>
      </trkpt>
      <trkpt lat="19.435959" lon="98.003156">
        <ele>333.96456</ele>
        <time>2025-09-03T12:35:54.667000Z</time>
      </trkpt>
      <trkpt lat="19.435954" lon="98.00303">
        <ele>332.663091</ele>
        <time>2025-09-03T12:35:56.228000Z</time>
      </trkpt>
      <trkpt lat="19.436012" lon="98.002901">
        <ele>331.30443</ele>
        <time>2025-09-03T12:35:58.004000Z</time>
      </trkpt>
      <trkpt lat="19.436186" lon="98.00267">
        <ele>328.563173</ele>
        <time>2025-09-03T12:36:01.686000Z</time>
      </trkpt>
      <trkpt lat="19.436297" lon="98.002594">
        <ele>327.264052</ele>
        <time>2025-09-03T12:36:03.433000Z</time>
      </trkpt>
      <trkpt lat="19.436614" lon="98.002517">
        <ele>324.066459</ele>
        <time>2025-09-03T12:36:07.774000Z</time>
      </trkpt>
      <trkpt lat="19.436665" lon="98.002453">
        <ele>323.289548</ele>
        <time>2025-09-03T12:36:08.838000Z</time>
      </trkpt>
      <trkpt lat="19.436688" lon="98.00238">
        <ele>322.575909</ele>
        <time>2025-09-03T12:36:09.809000Z</time>
      </trkpt>
      <trkpt lat="19.436657" lon="98.002327">
        <ele>321.997638</ele>
        <time>2025-09-03T12:36:10.611000Z</time>
      </trkpt>
      <trkpt lat="19.43647" lon="98.002274">
        <ele>320.094442</ele>
        <time>2025-09-03T12:36:13.266000Z</time>
      </trkpt>
      <trkpt lat="19.436037" lon="98.002327">
        <ele>315.808746</ele>
        <time>2025-09-03T12:36:19.427000Z</time>
      </trkpt>
      <trkpt lat="19.435976" lon="98.002304">
        <ele>315.172185</ele>
        <time>2025-09-03T12:36:20.374000Z</time>
      </trkpt>
      <trkpt lat="19.435961" lon="98.002243">
        <ele>314.620048</ele>
        <time>2025-09-03T12:36:21.255000Z</time>
      </trkpt>
      <trkpt lat="19.43598" lon="98.00219">
        <ele>314.378706</ele>
        <time>2025-09-03T12:36:22.059000Z</time>
      </trkpt>
      <trkpt lat="19.436441" lon="98.0019">
        <ele>311.959341</ele>
        <time>2025-09-03T12:36:30.341000Z</time>
      </trkpt>
      <trkpt lat="19.436592" lon="98.001862">
        <ele>311.258852</ele>
        <time>2025-09-03T12:36:32.784000Z</time>
      </trkpt>
      <trkpt lat="19.43693" lon="98.0019">
        <ele>309.724692</ele>
        <time>2025-09-03T12:36:38.148000Z</time>
      </trkpt>
      <trkpt lat="19.437208" lon="98.001984">
        <ele>308.419956</ele>
        <time>2025-09-03T12:36:42.707000Z</time>
      </trkpt>
      <trkpt lat="19.437328" lon="98.001991">
        <ele>307.8775</ele>
        <time>2025-09-03T12:36:44.603000Z</time>
      </trkpt>
      <trkpt lat="19.437391" lon="98.001946">
        <ele>307.534649</ele>
        <time>2025-09-03T12:36:45.811000Z</time>
      </trkpt>
      <trkpt lat="19.437429" lon="98.001854">
        <ele>307.107146</ele>
        <time>2025-09-03T12:36:47.301000Z</time>
      </trkpt>
      <trkpt lat="19.43742" lon="98.001747">
        <ele>306.649904</ele>
        <time>2025-09-03T12:36:48.910000Z</time>
      </trkpt>
      <trkpt lat="19.437368" lon="98.001633">
        <ele>305.915045</ele>
        <time>2025-09-03T12:36:50.810000Z</time>
      </trkpt>
      <trkpt lat="19.43705" lon="98.001274">
        <ele>302.83681</ele>
        <time>2025-09-03T12:36:58.049000Z</time>
      </trkpt>
      <trkpt lat="19.436789" lon="98.001045">
        <ele>300.591744</ele>
        <time>2025-09-03T12:37:03.116000Z</time>
      </trkpt>
      <trkpt lat="19.436618" lon="98.000755">
        <ele>298.454178</ele>
        <time>2025-09-03T12:37:07.740000Z</time>
      </trkpt>
      <trkpt lat="19.436412" lon="98.000312">
        <ele>295.367243</ele>
        <time>2025-09-03T12:37:14.239000Z</time>
      </trkpt>
      <trkpt lat="19.436369" lon="98.000166">
        <ele>294.300949</ele>
        <time>2025-09-03T12:37:16.208000Z</time>
      </trkpt>
      <trkpt lat="19.436283" lon="97.999395">
        <ele>286.736499</ele>
        <time>2025-09-03T12:37:25.966000Z</time>
      </trkpt>
      <trkpt lat="19.436282" lon="97.998935">
        <ele>282.25457</ele>
        <time>2025-09-03T12:37:31.682000Z</time>
      </trkpt>
      <trkpt lat="19.436329" lon="97.998694">
        <ele>279.856748</ele>
        <time>2025-09-03T12:37:34.790000Z</time>
      </trkpt>
      <trkpt lat="19.436493" lon="97.998499">
        <ele>277.310969</ele>
        <time>2025-09-03T12:37:38.159000Z</time>
      </trkpt>
      <trkpt lat="19.436664" lon="97.998349">
        <ele>275.976799</ele>
        <time>2025-09-03T12:37:41.276000Z</time>
      </trkpt>
      <trkpt lat="19.43666" lon="97.998285">
        <ele>275.946892</ele>
        <time>2025-09-03T12:37:42.146000Z</time>
      </trkpt>
      <trkpt lat="19.436612" lon="97.998225">
        <ele>275.910204</ele>
        <time>2025-09-03T12:37:43.217000Z</time>
      </trkpt>
      <trkpt lat="19.436305" lon="97.99826">
        <ele>275.757531</ele>
        <time>2025-09-03T12:37:48.041000Z</time>
      </trkpt>
      <trkpt lat="19.43558" lon="97.998343">
        <ele>275.396966</ele>
        <time>2025-09-03T12:38:07.487000Z</time>
      </trkpt>
      <trkpt lat="19.434678" lon="97.998394">
        <ele>275.868162</ele>
        <time>2025-09-03T12:38:44.149000Z</time>
      </trkpt>
      <trkpt lat="19.43391" lon="97.998306">
        <ele>277.378073</ele>
        <time>2025-09-03T12:39:09.337000Z</time>
      </trkpt>
      <trkpt lat="19.433153" lon="97.998062">
        <ele>278.579247</ele>
        <time>2025-09-03T12:39:26.606000Z</time>
      </trkpt>
      <trkpt lat="19.432138" lon="97.997879">
        <ele>278.048146</ele>
        <time>2025-09-03T12:39:46.876000Z</time>
      </trkpt>
      <trkpt lat="19.429862" lon="97.997296">
        <ele>276.021577</ele>
        <time>2025-09-03T12:40:36.443000Z</time>
      </trkpt>
      <trkpt lat="19.428608" lon="97.996823">
        <ele>270.966819</ele>
        <time>2025-09-03T12:40:56.605000Z</time>
      </trkpt>
      <trkpt lat="19.428348" lon="97.996755">
        <ele>269.897633</ele>
        <time>2025-09-03T12:41:00.616000Z</time>
      </trkpt>
      <trkpt lat="19.428044" lon="97.996734">
        <ele>268.770972</ele>
        <time>2025-09-03T12:41:05.371000Z</time>
      </trkpt>
      <trkpt lat="19.427316" lon="97.996768">
        <ele>269.432816</ele>
        <time>2025-09-03T12:41:18.549000Z</time>
      </trkpt>
      <trkpt lat="19.426859" lon="97.996748">
        <ele>269.848238</ele>
        <time>2025-09-03T12:41:32.041000Z</time>
      </trkpt>
      <trkpt lat="19.426468" lon="97.996869">
        <ele>270.218177</ele>
        <time>2025-09-03T12:41:47.557000Z</time>
      </trkpt>
      <trkpt lat="19.42605" lon="97.997048">
        <ele>271.522848</ele>
        <time>2025-09-03T12:42:06.638000Z</time>
      </trkpt>
      <trkpt lat="19.425569" lon="97.997418">
        <ele>274.078725</ele>
        <time>2025-09-03T12:42:32.404000Z</time>
      </trkpt>
      <trkpt lat="19.424332" lon="97.998109">
        <ele>279.572786</ele>
        <time>2025-09-03T12:43:24.707000Z</time>
      </trkpt>
      <trkpt lat="19.422949" lon="97.998853">
        <ele>284.02974</ele>
        <time>2025-09-03T12:44:17.686000Z</time>
      </trkpt>
      <trkpt lat="19.422594" lon="97.999015">
        <ele>284.41956</ele>
        <time>2025-09-03T12:44:29.500000Z</time>
      </trkpt>
      <trkpt lat="19.422233" lon="97.999135">
        <ele>284.801154</ele>
        <time>2025-09-03T12:44:40.014000Z</time>
      </trkpt>
      <trkpt lat="19.421468" lon="97.999298">
        <ele>285.588191</ele>
        <time>2025-09-03T12:44:57.649000Z</time>
      </trkpt>
      <trkpt lat="19.421442" lon="97.999303">
        <ele>285.614844</ele>
        <time>2025-09-03T12:44:58.181000Z</time>
      </trkpt>
      <trkpt lat="19.420623" lon="97.999394">
        <ele>283.70015</ele>
        <time>2025-09-03T12:45:13.543000Z</time>
      </trkpt>
      <trkpt lat="19.420159" lon="97.999418">
        <ele>282.586685</ele>
        <time>2025-09-03T12:45:21.262000Z</time>
      </trkpt>
      <trkpt lat="19.419864" lon="97.99946">
        <ele>281.873267</ele>
        <time>2025-09-03T12:45:26.022000Z</time>
      </trkpt>
      <trkpt lat="19.419684" lon="97.999436">
        <ele>281.438434</ele>
        <time>2025-09-03T12:45:28.865000Z</time>
      </trkpt>
      <trkpt lat="19.419575" lon="97.999372">
        <ele>280.987556</ele>
        <time>2025-09-03T12:45:30.809000Z</time>
      </trkpt>
      <trkpt lat="19.41947" lon="97.999271">
        <ele>280.362666</ele>
        <time>2025-09-03T12:45:33.004000Z</time>
      </trkpt>
      <trkpt lat="19.419421" lon="97.999145">
        <ele>279.796095</ele>
        <time>2025-09-03T12:45:34.958000Z</time>
      </trkpt>
      <trkpt lat="19.419302" lon="97.998598">
        <ele>277.462473</ele>
        <time>2025-09-03T12:45:42.981000Z</time>
      </trkpt>
      <trkpt lat="19.419318" lon="97.99838">
        <ele>276.553495</ele>
        <time>2025-09-03T12:45:46.069000Z</time>
      </trkpt>
      <trkpt lat="19.419384" lon="97.998152">
        <ele>275.562046</ele>
        <time>2025-09-03T12:45:49.431000Z</time>
      </trkpt>
      <trkpt lat="19.419483" lon="97.997986">
        <ele>274.745578</ele>
        <time>2025-09-03T12:45:52.288000Z</time>
      </trkpt>
      <trkpt lat="19.419648" lon="97.997777">
        <ele>273.612528</ele>
        <time>2025-09-03T12:45:56.319000Z</time>
      </trkpt>
      <trkpt lat="19.419866" lon="97.997584">
        <ele>273.22533</ele>
        <time>2025-09-03T12:46:00.906000Z</time>
      </trkpt>
      <trkpt lat="19.420183" lon="97.997401">
        <ele>272.966703</ele>
        <time>2025-09-03T12:46:06.919000Z</time>
      </trkpt>
      <trkpt lat="19.420528" lon="97.997291">
        <ele>272.708561</ele>
        <time>2025-09-03T12:46:13.503000Z</time>
      </trkpt>
      <trkpt lat="19.420948" lon="97.997214">
        <ele>272.403148</ele>
        <time>2025-09-03T12:46:23.466000Z</time>
      </trkpt>
      <trkpt lat="19.421173" lon="97.997103">
        <ele>272.22533</ele>
        <time>2025-09-03T12:46:30.639000Z</time>
      </trkpt>
      <trkpt lat="19.421261" lon="97.996998">
        <ele>272.130405</ele>
        <time>2025-09-03T12:46:34.949000Z</time>
      </trkpt>
      <trkpt lat="19.421308" lon="97.996636">
        <ele>273.029044</ele>
        <time>2025-09-03T12:46:47.215000Z</time>
      </trkpt>
      <trkpt lat="19.421322" lon="97.994821">
        <ele>276.781103</ele>
        <time>2025-09-03T12:47:50.884000Z</time>
      </trkpt>
      <trkpt lat="19.421376" lon="97.99445">
        <ele>275.632566</ele>
        <time>2025-09-03T12:47:57.155000Z</time>
      </trkpt>
      <trkpt lat="19.421478" lon="97.994029">
        <ele>274.302666</ele>
        <time>2025-09-03T12:48:03.548000Z</time>
      </trkpt>
      <trkpt lat="19.421875" lon="97.993373">
        <ele>271.917904</ele>
        <time>2025-09-03T12:48:14.132000Z</time>
      </trkpt>
      <trkpt lat="19.422573" lon="97.992398">
        <ele>267.42147</ele>
        <time>2025-09-03T12:48:31.454000Z</time>
      </trkpt>
      <trkpt lat="19.423229" lon="97.991162">
        <ele>264.334484</ele>
        <time>2025-09-03T12:48:55.447000Z</time>
      </trkpt>
      <trkpt lat="19.423421" lon="97.99095">
        <ele>264.226684</ele>
        <time>2025-09-03T12:49:01.345000Z</time>
      </trkpt>
      <trkpt lat="19.423542" lon="97.99086">
        <ele>264.169204</ele>
        <time>2025-09-03T12:49:04.623000Z</time>
      </trkpt>
      <trkpt lat="19.423731" lon="97.990474">
        <ele>264.009691</ele>
        <time>2025-09-03T12:49:14.309000Z</time>
      </trkpt>
      <trkpt lat="19.424258" lon="97.98809">
        <ele>265.236738</ele>
        <time>2025-09-03T12:50:13.891000Z</time>
      </trkpt>
      <trkpt lat="19.424451" lon="97.987313">
        <ele>265.708218</ele>
        <time>2025-09-03T12:50:28.353000Z</time>
      </trkpt>
      <trkpt lat="19.424526" lon="97.986976">
        <ele>265.911396</ele>
        <time>2025-09-03T12:50:35.275000Z</time>
      </trkpt>
      <trkpt lat="19.424584" lon="97.986444">
        <ele>266.225643</ele>
        <time>2025-09-03T12:50:49.078000Z</time>
      </trkpt>
      <trkpt lat="19.424525" lon="97.986257">
        <ele>266.928091</ele>
        <time>2025-09-03T12:50:55.420000Z</time>
      </trkpt>
      <trkpt lat="19.423495" lon="97.984569">
        <ele>274.876903</ele>
        <time>2025-09-03T12:52:21.754000Z</time>
      </trkpt>
      <trkpt lat="19.423377" lon="97.984433">
        <ele>274.811799</ele>
        <time>2025-09-03T12:52:27.276000Z</time>
      </trkpt>
      <trkpt lat="19.423325" lon="97.984284">
        <ele>274.755829</ele>
        <time>2025-09-03T12:52:31.412000Z</time>
      </trkpt>
      <trkpt lat="19.42334" lon="97.984123">
        <ele>274.698834</ele>
        <time>2025-09-03T12:52:35.098000Z</time>
      </trkpt>
      <trkpt lat="19.423555" lon="97.983757">
        <ele>274.546928</ele>
        <time>2025-09-03T12:52:42.809000Z</time>
      </trkpt>
      <trkpt lat="19.423674" lon="97.983452">
        <ele>274.430648</ele>
        <time>2025-09-03T12:52:47.866000Z</time>
      </trkpt>
      <trkpt lat="19.423746" lon="97.981804">
        <ele>270.614889</ele>
        <time>2025-09-03T12:53:11.869000Z</time>
      </trkpt>
      <trkpt lat="19.423824" lon="97.981392">
        <ele>269.388126</ele>
        <time>2025-09-03T12:53:18.822000Z</time>
      </trkpt>
      <trkpt lat="19.423986" lon="97.980987">
        <ele>269.505734</ele>
        <time>2025-09-03T12:53:26.798000Z</time>
      </trkpt>
      <trkpt lat="19.424544" lon="97.97992">
        <ele>273.974652</ele>
        <time>2025-09-03T12:54:01.040000Z</time>
      </trkpt>
      <trkpt lat="19.424851" lon="97.979057">
        <ele>283.549568</ele>
        <time>2025-09-03T12:54:56.257000Z</time>
      </trkpt>
      <trkpt lat="19.424849" lon="97.978867">
        <ele>286.872457</ele>
        <time>2025-09-03T12:55:12.981000Z</time>
      </trkpt>
      <trkpt lat="19.424823" lon="97.978733">
        <ele>289.264904</ele>
        <time>2025-09-03T12:55:25.987000Z</time>
      </trkpt>
      <trkpt lat="19.424748" lon="97.978623">
        <ele>291.638644</ele>
        <time>2025-09-03T12:55:39.683000Z</time>
      </trkpt>
      <trkpt lat="19.424189" lon="97.978218">
        <ele>304.192958</ele>
        <time>2025-09-03T12:56:56.877000Z</time>
      </trkpt>
      <trkpt lat="19.42343" lon="97.977806">
        <ele>316.22107</ele>
        <time>2025-09-03T12:58:26.905000Z</time>
      </trkpt>
      <trkpt lat="19.423349" lon="97.97773">
        <ele>317.533113</ele>
        <time>2025-09-03T12:58:35.111000Z</time>
      </trkpt>
      <trkpt lat="19.423307" lon="97.977631">
        <ele>318.775029</ele>
        <time>2025-09-03T12:58:42.416000Z</time>
      </trkpt>
      <trkpt lat="19.423319" lon="97.977516">
        <ele>320.098699</ele>
        <time>2025-09-03T12:58:49.679000Z</time>
      </trkpt>
      <trkpt lat="19.423721" lon="97.976974">
        <ele>327.987244</ele>
        <time>2025-09-03T12:59:22.897000Z</time>
      </trkpt>
      <trkpt lat="19.423759" lon="97.976837">
        <ele>329.620951</ele>
        <time>2025-09-03T12:59:27.787000Z</time>
      </trkpt>
      <trkpt lat="19.423664" lon="97.976387">
        <ele>333.106261</ele>
        <time>2025-09-03T12:59:41.629000Z</time>
      </trkpt>
      <trkpt lat="19.423641" lon="97.975883">
        <ele>336.303964</ele>
        <time>2025-09-03T13:00:01.380000Z</time>
      </trkpt>
      <trkpt lat="19.423561" lon="97.975441">
        <ele>339.156142</ele>
        <time>2025-09-03T13:00:24.145000Z</time>
      </trkpt>
      <trkpt lat="19.423506" lon="97.975334">
        <ele>339.928405</ele>
        <time>2025-09-03T13:00:30.687000Z</time>
      </trkpt>
      <trkpt lat="19.423412" lon="97.975258">
        <ele>340.722728</ele>
        <time>2025-09-03T13:00:37.509000Z</time>
      </trkpt>
      <trkpt lat="19.422743" lon="97.975037">
        <ele>347.594578</ele>
        <time>2025-09-03T13:01:18.822000Z</time>
      </trkpt>
      <trkpt lat="19.422602" lon="97.975044">
        <ele>349.376535</ele>
        <time>2025-09-03T13:01:27.540000Z</time>
      </trkpt>
      <trkpt lat="19.422314" lon="97.975121">
        <ele>353.126092</ele>
        <time>2025-09-03T13:01:47.187000Z</time>
      </trkpt>
      <trkpt lat="19.421883" lon="97.975113">
        <ele>358.567942</ele>
        <time>2025-09-03T13:02:19.196000Z</time>
      </trkpt>
      <trkpt lat="19.421741" lon="97.975159">
        <ele>360.442367</ele>
        <time>2025-09-03T13:02:31.283000Z</time>
      </trkpt>
      <trkpt lat="19.421612" lon="97.975243">
        <ele>362.353453</ele>
        <time>2025-09-03T13:02:44.334000Z</time>
      </trkpt>
      <trkpt lat="19.421255" lon="97.975601">
        <ele>368.059654</ele>
        <time>2025-09-03T13:03:30.074000Z</time>
      </trkpt>
      <trkpt lat="19.420494" lon="97.97609">
        <ele>377.355425</ele>
        <time>2025-09-03T13:04:44.242000Z</time>
      </trkpt>
      <trkpt lat="19.420366" lon="97.976112">
        <ele>378.710047</ele>
        <time>2025-09-03T13:04:51.852000Z</time>
      </trkpt>
      <trkpt lat="19.420225" lon="97.97609">
        <ele>380.198884</ele>
        <time>2025-09-03T13:04:59.019000Z</time>
      </trkpt>
      <trkpt lat="19.419947" lon="97.975906">
        <ele>383.622404</ele>
        <time>2025-09-03T13:05:10.488000Z</time>
      </trkpt>
      <trkpt lat="19.419701" lon="97.975609">
        <ele>383.290735</ele>
        <time>2025-09-03T13:05:17.149000Z</time>
      </trkpt>
      <trkpt lat="19.419416" lon="97.975113">
        <ele>381.087618</ele>
        <time>2025-09-03T13:05:25.120000Z</time>
      </trkpt>
      <trkpt lat="19.419113" lon="97.974823">
        <ele>379.445903</ele>
        <time>2025-09-03T13:05:30.916000Z</time>
      </trkpt>
      <trkpt lat="19.41851" lon="97.974472">
        <ele>376.696264</ele>
        <time>2025-09-03T13:05:41.447000Z</time>
      </trkpt>
      <trkpt lat="19.417595" lon="97.973808">
        <ele>372.374576</ele>
        <time>2025-09-03T13:06:00.713000Z</time>
      </trkpt>
      <trkpt lat="19.416767" lon="97.973488">
        <ele>367.855917</ele>
        <time>2025-09-03T13:06:13.751000Z</time>
      </trkpt>
      <trkpt lat="19.416038" lon="97.973038">
        <ele>361.787036</ele>
        <time>2025-09-03T13:06:25.543000Z</time>
      </trkpt>
      <trkpt lat="19.415657" lon="97.972877">
        <ele>358.83625</ele>
        <time>2025-09-03T13:06:31.276000Z</time>
      </trkpt>
      <trkpt lat="19.41453" lon="97.972725">
        <ele>352.136547</ele>
        <time>2025-09-03T13:06:47.761000Z</time>
      </trkpt>
      <trkpt lat="19.414116" lon="97.972611">
        <ele>349.744577</ele>
        <time>2025-09-03T13:06:54.196000Z</time>
      </trkpt>
      <trkpt lat="19.413937" lon="97.972488">
        <ele>348.551742</ele>
        <time>2025-09-03T13:06:57.426000Z</time>
      </trkpt>
      <trkpt lat="19.413502" lon="97.972076">
        <ele>346.486983</ele>
        <time>2025-09-03T13:07:06.608000Z</time>
      </trkpt>
      <trkpt lat="19.413227" lon="97.971901">
        <ele>345.804648</ele>
        <time>2025-09-03T13:07:11.969000Z</time>
      </trkpt>
      <trkpt lat="19.413075" lon="97.971847">
        <ele>345.463606</ele>
        <time>2025-09-03T13:07:14.776000Z</time>
      </trkpt>
      <trkpt lat="19.412014" lon="97.971634">
        <ele>343.096766</ele>
        <time>2025-09-03T13:07:35.915000Z</time>
      </trkpt>
      <trkpt lat="19.411667" lon="97.971626">
        <ele>342.134452</ele>
        <time>2025-09-03T13:07:42.252000Z</time>
      </trkpt>
      <trkpt lat="19.411432" lon="97.971718">
        <ele>341.439899</ele>
        <time>2025-09-03T13:07:46.500000Z</time>
      </trkpt>
      <trkpt lat="19.411339" lon="97.971802">
        <ele>341.101171</ele>
        <time>2025-09-03T13:07:48.537000Z</time>
      </trkpt>
      <trkpt lat="19.411137" lon="97.97213">
        <ele>340.076796</ele>
        <time>2025-09-03T13:07:54.590000Z</time>
      </trkpt>
      <trkpt lat="19.410986" lon="97.972298">
        <ele>339.469938</ele>
        <time>2025-09-03T13:07:58.109000Z</time>
      </trkpt>
      <trkpt lat="19.410797" lon="97.972404">
        <ele>338.877124</ele>
        <time>2025-09-03T13:08:01.512000Z</time>
      </trkpt>
      <trkpt lat="19.410692" lon="97.972427">
        <ele>338.579855</ele>
        <time>2025-09-03T13:08:03.201000Z</time>
      </trkpt>
      <trkpt lat="19.410492" lon="97.972397">
        <ele>337.624046</ele>
        <time>2025-09-03T13:08:06.357000Z</time>
      </trkpt>
      <trkpt lat="19.410326" lon="97.972298">
        <ele>336.558419</ele>
        <time>2025-09-03T13:08:09.302000Z</time>
      </trkpt>
      <trkpt lat="19.409891" lon="97.971825">
        <ele>333.072178</ele>
        <time>2025-09-03T13:08:18.762000Z</time>
      </trkpt>
      <trkpt lat="19.409771" lon="97.971748">
        <ele>332.287389</ele>
        <time>2025-09-03T13:08:20.848000Z</time>
      </trkpt>
      <trkpt lat="19.409649" lon="97.971756">
        <ele>331.603488</ele>
        <time>2025-09-03T13:08:22.653000Z</time>
      </trkpt>
      <trkpt lat="19.409395" lon="97.971916">
        <ele>329.950446</ele>
        <time>2025-09-03T13:08:26.940000Z</time>
      </trkpt>
      <trkpt lat="19.40925" lon="97.971939">
        <ele>329.130135</ele>
        <time>2025-09-03T13:08:29.031000Z</time>
      </trkpt>
      <trkpt lat="19.409092" lon="97.971916">
        <ele>328.188791</ele>
        <time>2025-09-03T13:08:31.293000Z</time>
      </trkpt>
      <trkpt lat="19.408932" lon="97.971847">
        <ele>326.780575</ele>
        <time>2025-09-03T13:08:33.715000Z</time>
      </trkpt>
      <trkpt lat="19.40856" lon="97.971542">
        <ele>322.946728</ele>
        <time>2025-09-03T13:08:40.239000Z</time>
      </trkpt>
      <trkpt lat="19.408396" lon="97.971451">
        <ele>321.43764</ele>
        <time>2025-09-03T13:08:42.808000Z</time>
      </trkpt>
      <trkpt lat="19.407965" lon="97.97139">
        <ele>317.892633</ele>
        <time>2025-09-03T13:08:48.857000Z</time>
      </trkpt>
      <trkpt lat="19.407795" lon="97.971321">
        <ele>316.408578</ele>
        <time>2025-09-03T13:08:51.398000Z</time>
      </trkpt>
      <trkpt lat="19.407423" lon="97.970985">
        <ele>312.480799</ele>
        <time>2025-09-03T13:08:58.254000Z</time>
      </trkpt>
      <trkpt lat="19.406874" lon="97.970619">
        <ele>307.43077</ele>
        <time>2025-09-03T13:09:07.369000Z</time>
      </trkpt>
      <trkpt lat="19.40666" lon="97.970528">
        <ele>305.635292</ele>
        <time>2025-09-03T13:09:10.599000Z</time>
      </trkpt>
      <trkpt lat="19.406361" lon="97.970451">
        <ele>303.239248</ele>
        <time>2025-09-03T13:09:14.927000Z</time>
      </trkpt>
      <trkpt lat="19.405748" lon="97.970421">
        <ele>298.672107</ele>
        <time>2025-09-03T13:09:23.603000Z</time>
      </trkpt>
      <trkpt lat="19.405554" lon="97.970459">
        <ele>297.403348</ele>
        <time>2025-09-03T13:09:26.430000Z</time>
      </trkpt>
      <trkpt lat="19.40513" lon="97.970711">
        <ele>294.277316</ele>
        <time>2025-09-03T13:09:33.430000Z</time>
      </trkpt>
      <trkpt lat="19.404865" lon="97.970825">
        <ele>292.438111</ele>
        <time>2025-09-03T13:09:37.599000Z</time>
      </trkpt>
      <trkpt lat="19.40453" lon="97.970917">
        <ele>290.21257</ele>
        <time>2025-09-03T13:09:42.690000Z</time>
      </trkpt>
      <trkpt lat="19.40423" lon="97.971062">
        <ele>288.095321</ele>
        <time>2025-09-03T13:09:47.541000Z</time>
      </trkpt>
      <trkpt lat="19.402277" lon="97.972321">
        <ele>278.314338</ele>
        <time>2025-09-03T13:10:21.940000Z</time>
      </trkpt>
      <trkpt lat="19.401968" lon="97.972458">
        <ele>277.920588</ele>
        <time>2025-09-03T13:10:28.118000Z</time>
      </trkpt>
      <trkpt lat="19.401766" lon="97.972504">
        <ele>277.677697</ele>
        <time>2025-09-03T13:10:32.493000Z</time>
      </trkpt>
      <trkpt lat="19.401379" lon="97.972504">
        <ele>277.222734</ele>
        <time>2025-09-03T13:10:42.116000Z</time>
      </trkpt>
      <trkpt lat="19.400759" lon="97.972442">
        <ele>277.15434</ele>
        <time>2025-09-03T13:11:01.044000Z</time>
      </trkpt>
      <trkpt lat="19.399626" lon="97.972237">
        <ele>278.954419</ele>
        <time>2025-09-03T13:11:34.710000Z</time>
      </trkpt>
      <trkpt lat="19.399287" lon="97.972202">
        <ele>279.487848</ele>
        <time>2025-09-03T13:11:43.375000Z</time>
      </trkpt>
      <trkpt lat="19.398914" lon="97.972082">
        <ele>280.2758</ele>
        <time>2025-09-03T13:11:53.707000Z</time>
      </trkpt>
      <trkpt lat="19.398575" lon="97.971779">
        <ele>281.213693</ele>
        <time>2025-09-03T13:12:06.379000Z</time>
      </trkpt>
      <trkpt lat="19.398336" lon="97.971618">
        <ele>281.812655</ele>
        <time>2025-09-03T13:12:15.020000Z</time>
      </trkpt>
      <trkpt lat="19.397795" lon="97.971252">
        <ele>283.170138</ele>
        <time>2025-09-03T13:12:36.227000Z</time>
      </trkpt>
      <trkpt lat="19.397463" lon="97.971069">
        <ele>284.259614</ele>
        <time>2025-09-03T13:12:49.521000Z</time>
      </trkpt>
      <trkpt lat="19.394817" lon="97.969963">
        <ele>293.684799</ele>
        <time>2025-09-03T13:14:29.896000Z</time>
      </trkpt>
      <trkpt lat="19.394411" lon="97.969841">
        <ele>295.124033</ele>
        <time>2025-09-03T13:14:45.146000Z</time>
      </trkpt>
      <trkpt lat="19.392132" lon="97.969658">
        <ele>304.799574</ele>
        <time>2025-09-03T13:16:14.123000Z</time>
      </trkpt>
      <trkpt lat="19.391735" lon="97.969582">
        <ele>306.704206</ele>
        <time>2025-09-03T13:16:32.198000Z</time>
      </trkpt>
      <trkpt lat="19.390974" lon="97.969315">
        <ele>310.48869</ele>
        <time>2025-09-03T13:17:08.051000Z</time>
      </trkpt>
      <trkpt lat="19.390638" lon="97.969162">
        <ele>310.77868</ele>
        <time>2025-09-03T13:17:22.387000Z</time>
      </trkpt>
      <trkpt lat="19.390022" lon="97.968765">
        <ele>308.870788</ele>
        <time>2025-09-03T13:17:41.444000Z</time>
      </trkpt>
      <trkpt lat="19.389418" lon="97.968315">
        <ele>306.916999</ele>
        <time>2025-09-03T13:17:52.342000Z</time>
      </trkpt>
      <trkpt lat="19.389336" lon="97.968208">
        <ele>306.572834</ele>
        <time>2025-09-03T13:17:54.113000Z</time>
      </trkpt>
      <trkpt lat="19.389298" lon="97.968071">
        <ele>304.915766</ele>
        <time>2025-09-03T13:17:55.928000Z</time>
      </trkpt>
      <trkpt lat="19.389271" lon="97.967567">
        <ele>298.503409</ele>
        <time>2025-09-03T13:18:02.194000Z</time>
      </trkpt>
      <trkpt lat="19.389158" lon="97.967232">
        <ele>293.984192</ele>
        <time>2025-09-03T13:18:06.557000Z</time>
      </trkpt>
      <trkpt lat="19.388823" lon="97.966492">
        <ele>283.557893</ele>
        <time>2025-09-03T13:18:16.575000Z</time>
      </trkpt>
      <trkpt lat="19.388737" lon="97.966217">
        <ele>280.730602</ele>
        <time>2025-09-03T13:18:20.134000Z</time>
      </trkpt>
      <trkpt lat="19.388643" lon="97.965706">
        <ele>276.432856</ele>
        <time>2025-09-03T13:18:26.643000Z</time>
      </trkpt>
      <trkpt lat="19.388523" lon="97.965469">
        <ele>274.2124</ele>
        <time>2025-09-03T13:18:30.109000Z</time>
      </trkpt>
      <trkpt lat="19.388363" lon="97.965263">
        <ele>272.009596</ele>
        <time>2025-09-03T13:18:33.687000Z</time>
      </trkpt>
      <trkpt lat="19.388184" lon="97.965134">
        <ele>270.115437</ele>
        <time>2025-09-03T13:18:36.914000Z</time>
      </trkpt>
      <trkpt lat="19.388079" lon="97.965118">
        <ele>269.18711</ele>
        <time>2025-09-03T13:18:38.546000Z</time>
      </trkpt>
      <trkpt lat="19.387976" lon="97.965157">
        <ele>268.229962</ele>
        <time>2025-09-03T13:18:40.272000Z</time>
      </trkpt>
      <trkpt lat="19.387898" lon="97.965233">
        <ele>267.302845</ele>
        <time>2025-09-03T13:18:41.987000Z</time>
      </trkpt>
      <trkpt lat="19.387848" lon="97.965347">
        <ele>266.429872</ele>
        <time>2025-09-03T13:18:43.936000Z</time>
      </trkpt>
      <trkpt lat="19.387867" lon="97.965912">
        <ele>264.25943</ele>
        <time>2025-09-03T13:18:53.129000Z</time>
      </trkpt>
      <trkpt lat="19.387842" lon="97.966019">
        <ele>263.836238</ele>
        <time>2025-09-03T13:18:54.933000Z</time>
      </trkpt>
      <trkpt lat="19.387783" lon="97.96611">
        <ele>263.41232</ele>
        <time>2025-09-03T13:18:56.743000Z</time>
      </trkpt>
      <trkpt lat="19.387695" lon="97.966164">
        <ele>262.998502</ele>
        <time>2025-09-03T13:18:58.481000Z</time>
      </trkpt>
      <trkpt lat="19.387588" lon="97.966164">
        <ele>262.563029</ele>
        <time>2025-09-03T13:19:00.274000Z</time>
      </trkpt>
      <trkpt lat="19.387157" lon="97.965896">
        <ele>260.529451</ele>
        <time>2025-09-03T13:19:08.139000Z</time>
      </trkpt>
      <trkpt lat="19.386562" lon="97.965584">
        <ele>256.323387</ele>
        <time>2025-09-03T13:19:17.665000Z</time>
      </trkpt>
      <trkpt lat="19.385797" lon="97.965233">
        <ele>249.349501</ele>
        <time>2025-09-03T13:19:29.169000Z</time>
      </trkpt>
      <trkpt lat="19.385405" lon="97.964996">
        <ele>245.574081</ele>
        <time>2025-09-03T13:19:35.373000Z</time>
      </trkpt>
      <trkpt lat="19.385227" lon="97.964844">
        <ele>243.683436</ele>
        <time>2025-09-03T13:19:38.512000Z</time>
      </trkpt>
      <trkpt lat="19.384607" lon="97.964172">
        <ele>236.559899</ele>
        <time>2025-09-03T13:19:50.801000Z</time>
      </trkpt>
      <trkpt lat="19.384438" lon="97.964027">
        <ele>234.813226</ele>
        <time>2025-09-03T13:19:53.859000Z</time>
      </trkpt>
      <trkpt lat="19.384048" lon="97.963791">
        <ele>231.205529</ele>
        <time>2025-09-03T13:20:00.205000Z</time>
      </trkpt>
      <trkpt lat="19.383654" lon="97.963608">
        <ele>228.61941</ele>
        <time>2025-09-03T13:20:06.421000Z</time>
      </trkpt>
      <trkpt lat="19.383244" lon="97.96347">
        <ele>226.662118</ele>
        <time>2025-09-03T13:20:12.793000Z</time>
      </trkpt>
      <trkpt lat="19.382788" lon="97.963386">
        <ele>224.556205</ele>
        <time>2025-09-03T13:20:19.849000Z</time>
      </trkpt>
      <trkpt lat="19.38203" lon="97.963356">
        <ele>221.439251</ele>
        <time>2025-09-03T13:20:32.323000Z</time>
      </trkpt>
      <trkpt lat="19.380993" lon="97.963478">
        <ele>220.094714</ele>
        <time>2025-09-03T13:20:52.199000Z</time>
      </trkpt>
      <trkpt lat="19.38035" lon="97.963493">
        <ele>219.26591</ele>
        <time>2025-09-03T13:21:05.069000Z</time>
      </trkpt>
      <trkpt lat="19.37998" lon="97.96344">
        <ele>219.190459</ele>
        <time>2025-09-03T13:21:12.413000Z</time>
      </trkpt>
      <trkpt lat="19.379591" lon="97.963257">
        <ele>219.116651</ele>
        <time>2025-09-03T13:21:20.722000Z</time>
      </trkpt>
      <trkpt lat="19.378722" lon="97.96274">
        <ele>218.943829</ele>
        <time>2025-09-03T13:21:43.068000Z</time>
      </trkpt>
      <trkpt lat="19.378267" lon="97.962517">
        <ele>219.545584</ele>
        <time>2025-09-03T13:21:56.886000Z</time>
      </trkpt>
      <trkpt lat="19.378107" lon="97.962463">
        <ele>219.753192</ele>
        <time>2025-09-03T13:22:01.749000Z</time>
      </trkpt>
      <trkpt lat="19.377782" lon="97.962534">
        <ele>220.163467</ele>
        <time>2025-09-03T13:22:11.584000Z</time>
      </trkpt>
      <trkpt lat="19.377503" lon="97.962632">
        <ele>220.526867</ele>
        <time>2025-09-03T13:22:20.330000Z</time>
      </trkpt>
      <trkpt lat="19.377224" lon="97.962677">
        <ele>220.875793</ele>
        <time>2025-09-03T13:22:28.328000Z</time>
      </trkpt>
      <trkpt lat="19.376825" lon="97.962692">
        <ele>221.162098</ele>
        <time>2025-09-03T13:22:38.766000Z</time>
      </trkpt>
      <trkpt lat="19.374395" lon="97.962509">
        <ele>220.378966</ele>
        <time>2025-09-03T13:23:30.575000Z</time>
      </trkpt>
      <trkpt lat="19.373978" lon="97.96244">
        <ele>219.984562</ele>
        <time>2025-09-03T13:23:38.724000Z</time>
      </trkpt>
      <trkpt lat="19.373581" lon="97.962273">
        <ele>219.585423</ele>
        <time>2025-09-03T13:23:46.626000Z</time>
      </trkpt>
      <trkpt lat="19.373238" lon="97.962036">
        <ele>218.792693</ele>
        <time>2025-09-03T13:23:53.878000Z</time>
      </trkpt>
      <trkpt lat="19.372951" lon="97.961792">
        <ele>217.873905</ele>
        <time>2025-09-03T13:24:00.144000Z</time>
      </trkpt>
      <trkpt lat="19.372654" lon="97.961609">
        <ele>217.015987</ele>
        <time>2025-09-03T13:24:05.860000Z</time>
      </trkpt>
      <trkpt lat="19.372482" lon="97.961563">
        <ele>216.572982</ele>
        <time>2025-09-03T13:24:08.775000Z</time>
      </trkpt>
      <trkpt lat="19.372114" lon="97.961578">
        <ele>215.653276</ele>
        <time>2025-09-03T13:24:14.819000Z</time>
      </trkpt>
      <trkpt lat="19.37174" lon="97.961754">
        <ele>214.842837</ele>
        <time>2025-09-03T13:24:21.647000Z</time>
      </trkpt>
      <trkpt lat="19.371176" lon="97.962151">
        <ele>214.252857</ele>
        <time>2025-09-03T13:24:33.600000Z</time>
      </trkpt>
      <trkpt lat="19.368973" lon="97.96389">
        <ele>214.050933</ele>
        <time>2025-09-03T13:25:37.754000Z</time>
      </trkpt>
      <trkpt lat="19.368118" lon="97.964607">
        <ele>213.478983</ele>
        <time>2025-09-03T13:26:05.946000Z</time>
      </trkpt>
      <trkpt lat="19.367828" lon="97.964973">
        <ele>213.225548</ele>
        <time>2025-09-03T13:26:13.789000Z</time>
      </trkpt>
      <trkpt lat="19.367726" lon="97.965234">
        <ele>213.075752</ele>
        <time>2025-09-03T13:26:18.204000Z</time>
      </trkpt>
      <trkpt lat="19.367627" lon="97.965384">
        <ele>213.012053</ele>
        <time>2025-09-03T13:26:21.106000Z</time>
      </trkpt>
      <trkpt lat="19.367399" lon="97.965964">
        <ele>212.821938</ele>
        <time>2025-09-03T13:26:31.182000Z</time>
      </trkpt>
      <trkpt lat="19.366849" lon="97.967118">
        <ele>212.977396</ele>
        <time>2025-09-03T13:27:01.438000Z</time>
      </trkpt>
      <trkpt lat="19.366341" lon="97.967949">
        <ele>216.03419</ele>
        <time>2025-09-03T13:27:38.714000Z</time>
      </trkpt>
      <trkpt lat="19.36606" lon="97.968201">
        <ele>217.238609</ele>
        <time>2025-09-03T13:27:52.879000Z</time>
      </trkpt>
      <trkpt lat="19.365685" lon="97.968376">
        <ele>218.419995</ele>
        <time>2025-09-03T13:28:07.345000Z</time>
      </trkpt>
      <trkpt lat="19.365341" lon="97.968446">
        <ele>218.713996</ele>
        <time>2025-09-03T13:28:18.159000Z</time>
      </trkpt>
      <trkpt lat="19.365009" lon="97.968465">
        <ele>218.993059</ele>
        <time>2025-09-03T13:28:27.217000Z</time>
      </trkpt>
      <trkpt lat="19.364569" lon="97.968399">
        <ele>219.366044</ele>
        <time>2025-09-03T13:28:37.967000Z</time>
      </trkpt>
      <trkpt lat="19.363987" lon="97.968268">
        <ele>219.865425</ele>
        <time>2025-09-03T13:28:50.349000Z</time>
      </trkpt>
      <trkpt lat="19.363666" lon="97.968219">
        <ele>219.533268</ele>
        <time>2025-09-03T13:28:56.584000Z</time>
      </trkpt>
      <trkpt lat="19.363407" lon="97.968117">
        <ele>219.232171</ele>
        <time>2025-09-03T13:29:01.749000Z</time>
      </trkpt>
      <trkpt lat="19.36285" lon="97.967846">
        <ele>218.56429</ele>
        <time>2025-09-03T13:29:13.002000Z</time>
      </trkpt>
      <trkpt lat="19.361696" lon="97.967037">
        <ele>218.033164</ele>
        <time>2025-09-03T13:29:39.615000Z</time>
      </trkpt>
      <trkpt lat="19.361256" lon="97.966742">
        <ele>218.111557</ele>
        <time>2025-09-03T13:29:53.168000Z</time>
      </trkpt>
      <trkpt lat="19.36071" lon="97.966417">
        <ele>218.183369</ele>
        <time>2025-09-03T13:30:10.396000Z</time>
      </trkpt>
      <trkpt lat="19.360026" lon="97.965976">
        <ele>218.171193</ele>
        <time>2025-09-03T13:30:32.073000Z</time>
      </trkpt>
      <trkpt lat="19.358838" lon="97.965259">
        <ele>217.454394</ele>
        <time>2025-09-03T13:30:57.450000Z</time>
      </trkpt>
      <trkpt lat="19.357025" lon="97.964178">
        <ele>216.525749</ele>
        <time>2025-09-03T13:31:35.907000Z</time>
      </trkpt>
      <trkpt lat="19.356361" lon="97.963829">
        <ele>217.351376</ele>
        <time>2025-09-03T13:32:01.545000Z</time>
      </trkpt>
      <trkpt lat="19.356105" lon="97.963711">
        <ele>217.666444</ele>
        <time>2025-09-03T13:32:11.838000Z</time>
      </trkpt>
      <trkpt lat="19.355753" lon="97.96357">
        <ele>218.281946</ele>
        <time>2025-09-03T13:32:25.572000Z</time>
      </trkpt>
      <trkpt lat="19.354402" lon="97.963135">
        <ele>220.591455</ele>
        <time>2025-09-03T13:33:02.597000Z</time>
      </trkpt>
      <trkpt lat="19.351365" lon="97.961982">
        <ele>222.720194</ele>
        <time>2025-09-03T13:34:26.801000Z</time>
      </trkpt>
      <trkpt lat="19.350512" lon="97.961729">
        <ele>221.786362</ele>
        <time>2025-09-03T13:34:42.870000Z</time>
      </trkpt>
      <trkpt lat="19.349918" lon="97.961647">
        <ele>220.574067</ele>
        <time>2025-09-03T13:34:52.912000Z</time>
      </trkpt>
      <trkpt lat="19.349707" lon="97.961639">
        <ele>220.146771</ele>
        <time>2025-09-03T13:34:56.511000Z</time>
      </trkpt>
      <trkpt lat="19.34926" lon="97.961693">
        <ele>219.236273</ele>
        <time>2025-09-03T13:35:04.278000Z</time>
      </trkpt>
      <trkpt lat="19.348459" lon="97.961934">
        <ele>218.049726</ele>
        <time>2025-09-03T13:35:19.285000Z</time>
      </trkpt>
      <trkpt lat="19.347733" lon="97.962191">
        <ele>216.974155</ele>
        <time>2025-09-03T13:35:34.071000Z</time>
      </trkpt>
      <trkpt lat="19.347653" lon="97.962218">
        <ele>216.856177</ele>
        <time>2025-09-03T13:35:35.715000Z</time>
      </trkpt>
      <trkpt lat="19.3474" lon="97.962305">
        <ele>216.467197</ele>
        <time>2025-09-03T13:35:40.822000Z</time>
      </trkpt>
      <trkpt lat="19.346825" lon="97.962511">
        <ele>215.538987</ele>
        <time>2025-09-03T13:35:52.290000Z</time>
      </trkpt>
      <trkpt lat="19.345066" lon="97.963131">
        <ele>213.433916</ele>
        <time>2025-09-03T13:36:25.369000Z</time>
      </trkpt>
      <trkpt lat="19.343648" lon="97.963652">
        <ele>213.756534</ele>
        <time>2025-09-03T13:37:00.135000Z</time>
      </trkpt>
      <trkpt lat="19.343212" lon="97.963814">
        <ele>214.639289</ele>
        <time>2025-09-03T13:37:15.573000Z</time>
      </trkpt>
      <trkpt lat="19.342813" lon="97.963905">
        <ele>215.419091</ele>
        <time>2025-09-03T13:37:29.386000Z</time>
      </trkpt>
      <trkpt lat="19.342607" lon="97.963913">
        <ele>215.81295</ele>
        <time>2025-09-03T13:37:36.398000Z</time>
      </trkpt>
      <trkpt lat="19.340939" lon="97.963397">
        <ele>220.844236</ele>
        <time>2025-09-03T13:38:28.866000Z</time>
      </trkpt>
      <trkpt lat="19.340336" lon="97.963274">
        <ele>224.491802</ele>
        <time>2025-09-03T13:38:57.052000Z</time>
      </trkpt>
      <trkpt lat="19.340132" lon="97.963314">
        <ele>226.283985</ele>
        <time>2025-09-03T13:39:08.187000Z</time>
      </trkpt>
      <trkpt lat="19.339998" lon="97.963382">
        <ele>227.567418</ele>
        <time>2025-09-03T13:39:16.631000Z</time>
      </trkpt>
      <trkpt lat="19.339907" lon="97.963526">
        <ele>228.980108</ele>
        <time>2025-09-03T13:39:26.367000Z</time>
      </trkpt>
      <trkpt lat="19.339841" lon="97.963711">
        <ele>230.592254</ele>
        <time>2025-09-03T13:39:37.917000Z</time>
      </trkpt>
      <trkpt lat="19.339641" lon="97.964894">
        <ele>239.819517</ele>
        <time>2025-09-03T13:40:50.801000Z</time>
      </trkpt>
      <trkpt lat="19.339546" lon="97.965081">
        <ele>241.233094</ele>
        <time>2025-09-03T13:41:02.940000Z</time>
      </trkpt>
      <trkpt lat="19.339355" lon="97.965208">
        <ele>242.823603</ele>
        <time>2025-09-03T13:41:15.922000Z</time>
      </trkpt>
      <trkpt lat="19.338612" lon="97.965355">
        <ele>248.155187</ele>
        <time>2025-09-03T13:41:53.554000Z</time>
      </trkpt>
      <trkpt lat="19.336975" lon="97.965347">
        <ele>250.498482</ele>
        <time>2025-09-03T13:42:39.523000Z</time>
      </trkpt>
      <trkpt lat="19.336565" lon="97.965408">
        <ele>250.655991</ele>
        <time>2025-09-03T13:42:46.342000Z</time>
      </trkpt>
      <trkpt lat="19.336155" lon="97.965523">
        <ele>248.517762</ele>
        <time>2025-09-03T13:42:52.853000Z</time>
      </trkpt>
      <trkpt lat="19.335156" lon="97.965907">
        <ele>243.085559</ele>
        <time>2025-09-03T13:43:08.521000Z</time>
      </trkpt>
      <trkpt lat="19.334805" lon="97.966019">
        <ele>241.22693</ele>
        <time>2025-09-03T13:43:13.901000Z</time>
      </trkpt>
      <trkpt lat="19.334408" lon="97.966049">
        <ele>239.3149</ele>
        <time>2025-09-03T13:43:19.783000Z</time>
      </trkpt>
      <trkpt lat="19.333981" lon="97.965981">
        <ele>237.240561</ele>
        <time>2025-09-03T13:43:26.295000Z</time>
      </trkpt>
      <trkpt lat="19.333342" lon="97.965736">
        <ele>233.976078</ele>
        <time>2025-09-03T13:43:36.639000Z</time>
      </trkpt>
      <trkpt lat="19.331533" lon="97.964958">
        <ele>227.844373</ele>
        <time>2025-09-03T13:44:08.536000Z</time>
      </trkpt>
      <trkpt lat="19.33111" lon="97.964866">
        <ele>227.330392</ele>
        <time>2025-09-03T13:44:16.942000Z</time>
      </trkpt>
      <trkpt lat="19.330652" lon="97.964851">
        <ele>226.981712</ele>
        <time>2025-09-03T13:44:26.619000Z</time>
      </trkpt>
      <trkpt lat="19.32932" lon="97.96499">
        <ele>225.998052</ele>
        <time>2025-09-03T13:44:54.563000Z</time>
      </trkpt>
      <trkpt lat="19.328829" lon="97.965113">
        <ele>225.66528</ele>
        <time>2025-09-03T13:45:03.822000Z</time>
      </trkpt>
      <trkpt lat="19.328184" lon="97.965271">
        <ele>225.228643</ele>
        <time>2025-09-03T13:45:16.404000Z</time>
      </trkpt>
      <trkpt lat="19.327774" lon="97.965343">
        <ele>225.240527</ele>
        <time>2025-09-03T13:45:25.118000Z</time>
      </trkpt>
      <trkpt lat="19.324205" lon="97.965706">
        <ele>232.116117</ele>
        <time>2025-09-03T13:47:14.126000Z</time>
      </trkpt>
      <trkpt lat="19.323761" lon="97.96582">
        <ele>233.347494</ele>
        <time>2025-09-03T13:47:30.415000Z</time>
      </trkpt>
      <trkpt lat="19.323113" lon="97.966095">
        <ele>235.228958</ele>
        <time>2025-09-03T13:47:54.894000Z</time>
      </trkpt>
      <trkpt lat="19.322527" lon="97.966253">
        <ele>236.799929</ele>
        <time>2025-09-03T13:48:14.079000Z</time>
      </trkpt>
      <trkpt lat="19.321397" lon="97.966393">
        <ele>238.985302</ele>
        <time>2025-09-03T13:48:46.297000Z</time>
      </trkpt>
      <trkpt lat="19.321013" lon="97.966416">
        <ele>239.724095</ele>
        <time>2025-09-03T13:48:57.751000Z</time>
      </trkpt>
      <trkpt lat="19.319273" lon="97.966354">
        <ele>243.548706</ele>
        <time>2025-09-03T13:49:54.005000Z</time>
      </trkpt>
      <trkpt lat="19.317751" lon="97.966337">
        <ele>245.868611</ele>
        <time>2025-09-03T13:50:36.172000Z</time>
      </trkpt>
      <trkpt lat="19.317356" lon="97.966291">
        <ele>246.416811</ele>
        <time>2025-09-03T13:50:47.175000Z</time>
      </trkpt>
      <trkpt lat="19.316989" lon="97.966214">
        <ele>246.755955</ele>
        <time>2025-09-03T13:50:57.686000Z</time>
      </trkpt>
      <trkpt lat="19.315802" lon="97.965774">
        <ele>247.551455</ele>
        <time>2025-09-03T13:51:28.560000Z</time>
      </trkpt>
      <trkpt lat="19.31548" lon="97.965551">
        <ele>247.948323</ele>
        <time>2025-09-03T13:51:36.719000Z</time>
      </trkpt>
      <trkpt lat="19.315199" lon="97.965308">
        <ele>248.869564</ele>
        <time>2025-09-03T13:51:44.755000Z</time>
      </trkpt>
      <trkpt lat="19.314893" lon="97.965059">
        <ele>249.849524</ele>
        <time>2025-09-03T13:51:54.918000Z</time>
      </trkpt>
      <trkpt lat="19.314545" lon="97.964691">
        <ele>251.098282</ele>
        <time>2025-09-03T13:52:12.225000Z</time>
      </trkpt>
      <trkpt lat="19.314351" lon="97.9645">
        <ele>251.7709</ele>
        <time>2025-09-03T13:52:23.092000Z</time>
      </trkpt>
      <trkpt lat="19.31398" lon="97.964195">
        <ele>253.400932</ele>
        <time>2025-09-03T13:52:44.683000Z</time>
      </trkpt>
      <trkpt lat="19.312953" lon="97.963591">
        <ele>258.388021</ele>
        <time>2025-09-03T13:53:35.503000Z</time>
      </trkpt>
      <trkpt lat="19.312621" lon="97.963473">
        <ele>259.874825</ele>
        <time>2025-09-03T13:53:46.441000Z</time>
      </trkpt>
      <trkpt lat="19.312279" lon="97.963438">
        <ele>259.339175</ele>
        <time>2025-09-03T13:53:55.377000Z</time>
      </trkpt>
      <trkpt lat="19.311945" lon="97.963145">
        <ele>258.528092</ele>
        <time>2025-09-03T13:54:03.841000Z</time>
      </trkpt>
      <trkpt lat="19.311794" lon="97.962978">
        <ele>258.119816</ele>
        <time>2025-09-03T13:54:07.578000Z</time>
      </trkpt>
      <trkpt lat="19.311484" lon="97.962516">
        <ele>257.119117</ele>
        <time>2025-09-03T13:54:16.302000Z</time>
      </trkpt>
      <trkpt lat="19.31128" lon="97.962242">
        <ele>256.348084</ele>
        <time>2025-09-03T13:54:21.390000Z</time>
      </trkpt>
      <trkpt lat="19.310949" lon="97.961968">
        <ele>254.07181</ele>
        <time>2025-09-03T13:54:27.592000Z</time>
      </trkpt>
      <trkpt lat="19.310438" lon="97.961622">
        <ele>250.785444</ele>
        <time>2025-09-03T13:54:36.208000Z</time>
      </trkpt>
      <trkpt lat="19.310101" lon="97.961336">
        <ele>248.445588</ele>
        <time>2025-09-03T13:54:42.534000Z</time>
      </trkpt>
      <trkpt lat="19.310042" lon="97.961292">
        <ele>248.054598</ele>
        <time>2025-09-03T13:54:43.608000Z</time>
      </trkpt>
      <trkpt lat="19.309864" lon="97.961021">
        <ele>246.870029</ele>
        <time>2025-09-03T13:54:48.515000Z</time>
      </trkpt>
      <trkpt lat="19.309694" lon="97.960704">
        <ele>246.999405</ele>
        <time>2025-09-03T13:54:54.508000Z</time>
      </trkpt>
      <trkpt lat="19.309519" lon="97.960377">
        <ele>247.132796</ele>
        <time>2025-09-03T13:55:01.896000Z</time>
      </trkpt>
      <trkpt lat="19.30936" lon="97.960253">
        <ele>247.207025</ele>
        <time>2025-09-03T13:55:07.154000Z</time>
      </trkpt>
      <trkpt lat="19.309173" lon="97.96019">
        <ele>247.280804</ele>
        <time>2025-09-03T13:55:13.513000Z</time>
      </trkpt>
      <trkpt lat="19.308042" lon="97.960091">
        <ele>248.394446</ele>
        <time>2025-09-03T13:55:52.500000Z</time>
      </trkpt>
      <trkpt lat="19.30784" lon="97.960097">
        <ele>248.739609</ele>
        <time>2025-09-03T13:55:58.682000Z</time>
      </trkpt>
      <trkpt lat="19.307614" lon="97.960159">
        <ele>249.138358</ele>
        <time>2025-09-03T13:56:05.537000Z</time>
      </trkpt>
      <trkpt lat="19.307353" lon="97.960281">
        <ele>249.625611</ele>
        <time>2025-09-03T13:56:13.448000Z</time>
      </trkpt>
      <trkpt lat="19.307249" lon="97.960354">
        <ele>249.83869</ele>
        <time>2025-09-03T13:56:16.709000Z</time>
      </trkpt>
      <trkpt lat="19.307144" lon="97.960427">
        <ele>250.053195</ele>
        <time>2025-09-03T13:56:19.892000Z</time>
      </trkpt>
      <trkpt lat="19.306912" lon="97.960676">
        <ele>250.598104</ele>
        <time>2025-09-03T13:56:27.870000Z</time>
      </trkpt>
      <trkpt lat="19.306769" lon="97.960891">
        <ele>250.76423</ele>
        <time>2025-09-03T13:56:33.700000Z</time>
      </trkpt>
      <trkpt lat="19.306561" lon="97.961335">
        <ele>251.077303</ele>
        <time>2025-09-03T13:56:44.543000Z</time>
      </trkpt>
      <trkpt lat="19.305918" lon="97.96122">
        <ele>251.513702</ele>
        <time>2025-09-03T13:56:59.701000Z</time>
      </trkpt>
      <trkpt lat="19.305714" lon="97.961219">
        <ele>251.650226</ele>
        <time>2025-09-03T13:57:04.934000Z</time>
      </trkpt>
      <trkpt lat="19.305297" lon="97.961263">
        <ele>251.789478</ele>
        <time>2025-09-03T13:57:17.157000Z</time>
      </trkpt>
      <trkpt lat="19.304872" lon="97.961341">
        <ele>251.789478</ele>
        <time>2025-09-03T13:57:30.688000Z</time>
      </trkpt>
      <trkpt lat="19.304357" lon="97.961423">
        <ele>251.789478</ele>
        <time>2025-09-03T13:57:47.993000Z</time>
      </trkpt>
      <trkpt lat="19.304186" lon="97.960432">
        <ele>251.789478</ele>
        <time>2025-09-03T13:58:24.299000Z</time>
      </trkpt>
      <trkpt lat="19.304458" lon="97.960394">
        <ele>251.789478</ele>
        <time>2025-09-03T13:58:33.374000Z</time>
      </trkpt>
    </trkseg>
  </trk>
</gpx>