<?xml version="1.0" encoding="UTF-8"?>
<gpx xmlns="http://www.topografix.com/GPX/1/1" xmlns:xsi="http://www.w3.org/2001/XMLSchema-instance" xsi:schemaLocation="http://www.topografix.com/GPX/1/1 http://www.topografix.com/GPX/1/1/gpx.xsd" version="1.1" creator="https://www.komoot.de">
  <metadata>
    <name>MHS Day1: Chiang Mai to Pai</name>
    <desc>Distance: 129.2 km | Elevation: +1893m / -1700m</desc>
    <author>
      <link href="https://www.komoot.de">
        <text>komoot</text>
        <type>text/html</type>
      </link>
    </author>
  </metadata>
  <trk>
    <name>MHS Day1: Chiang Mai to Pai</name>
    <trkseg>
      <trkpt lat="18.788675" lon="98.977875">
        <ele>314.92079</ele>
        <time>2025-09-03T04:42:54.198000Z</time>
      </trkpt>
      <trkpt lat="18.788713" lon="98.977879">
        <ele>314.92079</ele>
        <time>2025-09-03T04:42:55.070000Z</time>
      </trkpt>
      <trkpt lat="18.78873" lon="98.97788">
        <ele>314.92079</ele>
        <time>2025-09-03T04:42:55.467000Z</time>
      </trkpt>
      <trkpt lat="18.788953" lon="98.977881">
        <ele>314.92079</ele>
        <time>2025-09-03T04:43:00.664000Z</time>
      </trkpt>
      <trkpt lat="18.789443" lon="98.977878">
        <ele>314.92079</ele>
        <time>2025-09-03T04:43:12.294000Z</time>
      </trkpt>
      <trkpt lat="18.790007" lon="98.977911">
        <ele>315.28463</ele>
        <time>2025-09-03T04:43:26.424000Z</time>
      </trkpt>
      <trkpt lat="18.790291" lon="98.977928">
        <ele>315.523229</ele>
        <time>2025-09-03T04:43:33.635000Z</time>
      </trkpt>
      <trkpt lat="18.790386" lon="98.977933">
        <ele>315.603013</ele>
        <time>2025-09-03T04:43:36.060000Z</time>
      </trkpt>
      <trkpt lat="18.790579" lon="98.977943">
        <ele>315.765094</ele>
        <time>2025-09-03T04:43:41.248000Z</time>
      </trkpt>
      <trkpt lat="18.791326" lon="98.977987">
        <ele>316.392644</ele>
        <time>2025-09-03T04:44:01.404000Z</time>
      </trkpt>
      <trkpt lat="18.791891" lon="98.978015">
        <ele>316.486748</ele>
        <time>2025-09-03T04:44:15.402000Z</time>
      </trkpt>
      <trkpt lat="18.792183" lon="98.97803">
        <ele>316.518841</ele>
        <time>2025-09-03T04:44:21.851000Z</time>
      </trkpt>
      <trkpt lat="18.792542" lon="98.978047">
        <ele>316.558292</ele>
        <time>2025-09-03T04:44:29.968000Z</time>
      </trkpt>
      <trkpt lat="18.792713" lon="98.978056">
        <ele>316.577087</ele>
        <time>2025-09-03T04:44:33.706000Z</time>
      </trkpt>
      <trkpt lat="18.792792" lon="98.97806">
        <ele>316.58577</ele>
        <time>2025-09-03T04:44:35.361000Z</time>
      </trkpt>
      <trkpt lat="18.793081" lon="98.978074">
        <ele>316.617529</ele>
        <time>2025-09-03T04:44:41.333000Z</time>
      </trkpt>
      <trkpt lat="18.793265" lon="98.978083">
        <ele>316.595478</ele>
        <time>2025-09-03T04:44:45.084000Z</time>
      </trkpt>
      <trkpt lat="18.793336" lon="98.978086">
        <ele>316.572808</ele>
        <time>2025-09-03T04:44:46.540000Z</time>
      </trkpt>
      <trkpt lat="18.794394" lon="98.978137">
        <ele>316.234912</ele>
        <time>2025-09-03T04:45:07.953000Z</time>
      </trkpt>
      <trkpt lat="18.794559" lon="98.978146">
        <ele>316.1822</ele>
        <time>2025-09-03T04:45:11.379000Z</time>
      </trkpt>
      <trkpt lat="18.79486" lon="98.978161">
        <ele>316.086062</ele>
        <time>2025-09-03T04:45:17.884000Z</time>
      </trkpt>
      <trkpt lat="18.79501" lon="98.978169">
        <ele>316.109984</ele>
        <time>2025-09-03T04:45:21.290000Z</time>
      </trkpt>
      <trkpt lat="18.795209" lon="98.978179">
        <ele>316.351987</ele>
        <time>2025-09-03T04:45:26.219000Z</time>
      </trkpt>
      <trkpt lat="18.795223" lon="98.978179">
        <ele>316.368993</ele>
        <time>2025-09-03T04:45:26.581000Z</time>
      </trkpt>
      <trkpt lat="18.795261" lon="98.978181">
        <ele>316.41521</ele>
        <time>2025-09-03T04:45:27.522000Z</time>
      </trkpt>
      <trkpt lat="18.795439" lon="98.97819">
        <ele>316.631678</ele>
        <time>2025-09-03T04:45:32.224000Z</time>
      </trkpt>
      <trkpt lat="18.795579" lon="98.978202">
        <ele>316.802298</ele>
        <time>2025-09-03T04:45:36.175000Z</time>
      </trkpt>
      <trkpt lat="18.795723" lon="98.978218">
        <ele>316.978183</ele>
        <time>2025-09-03T04:45:39.993000Z</time>
      </trkpt>
      <trkpt lat="18.795907" lon="98.978198">
        <ele>317.202873</ele>
        <time>2025-09-03T04:45:44.706000Z</time>
      </trkpt>
      <trkpt lat="18.795947" lon="98.978174">
        <ele>317.258753</ele>
        <time>2025-09-03T04:45:45.891000Z</time>
      </trkpt>
      <trkpt lat="18.796069" lon="98.978015">
        <ele>317.49411</ele>
        <time>2025-09-03T04:45:51.015000Z</time>
      </trkpt>
      <trkpt lat="18.796115" lon="98.977837">
        <ele>317.706289</ele>
        <time>2025-09-03T04:45:56.016000Z</time>
      </trkpt>
      <trkpt lat="18.796245" lon="98.977502">
        <ele>318.12263</ele>
        <time>2025-09-03T04:46:07.648000Z</time>
      </trkpt>
      <trkpt lat="18.796273" lon="98.977371">
        <ele>318.255648</ele>
        <time>2025-09-03T04:46:11.858000Z</time>
      </trkpt>
      <trkpt lat="18.796372" lon="98.977163">
        <ele>318.37682</ele>
        <time>2025-09-03T04:46:18.626000Z</time>
      </trkpt>
      <trkpt lat="18.796401" lon="98.977107">
        <ele>318.410043</ele>
        <time>2025-09-03T04:46:20.406000Z</time>
      </trkpt>
      <trkpt lat="18.79669" lon="98.976561">
        <ele>318.735626</ele>
        <time>2025-09-03T04:46:34.907000Z</time>
      </trkpt>
      <trkpt lat="18.797004" lon="98.975968">
        <ele>319.089269</ele>
        <time>2025-09-03T04:46:49.203000Z</time>
      </trkpt>
      <trkpt lat="18.79706" lon="98.975862">
        <ele>319.152449</ele>
        <time>2025-09-03T04:46:51.906000Z</time>
      </trkpt>
      <trkpt lat="18.797082" lon="98.975821">
        <ele>319.176978</ele>
        <time>2025-09-03T04:46:52.757000Z</time>
      </trkpt>
      <trkpt lat="18.797133" lon="98.975724">
        <ele>319.227618</ele>
        <time>2025-09-03T04:46:54.989000Z</time>
      </trkpt>
      <trkpt lat="18.797285" lon="98.975437">
        <ele>319.244716</ele>
        <time>2025-09-03T04:47:00.843000Z</time>
      </trkpt>
      <trkpt lat="18.797348" lon="98.975318">
        <ele>319.251804</ele>
        <time>2025-09-03T04:47:03.272000Z</time>
      </trkpt>
      <trkpt lat="18.797514" lon="98.975005">
        <ele>319.270456</ele>
        <time>2025-09-03T04:47:10.144000Z</time>
      </trkpt>
      <trkpt lat="18.797704" lon="98.974646">
        <ele>319.291839</ele>
        <time>2025-09-03T04:47:19.108000Z</time>
      </trkpt>
      <trkpt lat="18.79795" lon="98.974195">
        <ele>319.318899</ele>
        <time>2025-09-03T04:47:32.291000Z</time>
      </trkpt>
      <trkpt lat="18.798009" lon="98.974087">
        <ele>319.325382</ele>
        <time>2025-09-03T04:47:35.398000Z</time>
      </trkpt>
      <trkpt lat="18.798068" lon="98.973977">
        <ele>319.411512</ele>
        <time>2025-09-03T04:47:38.407000Z</time>
      </trkpt>
      <trkpt lat="18.798127" lon="98.973866">
        <ele>319.501079</ele>
        <time>2025-09-03T04:47:41.321000Z</time>
      </trkpt>
      <trkpt lat="18.798212" lon="98.973704">
        <ele>319.631397</ele>
        <time>2025-09-03T04:47:45.571000Z</time>
      </trkpt>
      <trkpt lat="18.798293" lon="98.973547">
        <ele>319.7572</ele>
        <time>2025-09-03T04:47:49.764000Z</time>
      </trkpt>
      <trkpt lat="18.798471" lon="98.973204">
        <ele>320.032414</ele>
        <time>2025-09-03T04:47:58.682000Z</time>
      </trkpt>
      <trkpt lat="18.798973" lon="98.972268">
        <ele>320.712419</ele>
        <time>2025-09-03T04:48:25.398000Z</time>
      </trkpt>
      <trkpt lat="18.799073" lon="98.972083">
        <ele>320.771479</ele>
        <time>2025-09-03T04:48:30.026000Z</time>
      </trkpt>
      <trkpt lat="18.799201" lon="98.97184">
        <ele>320.848573</ele>
        <time>2025-09-03T04:48:35.949000Z</time>
      </trkpt>
      <trkpt lat="18.799368" lon="98.971523">
        <ele>320.949147</ele>
        <time>2025-09-03T04:48:44.080000Z</time>
      </trkpt>
      <trkpt lat="18.799473" lon="98.971326">
        <ele>321.011823</ele>
        <time>2025-09-03T04:48:48.847000Z</time>
      </trkpt>
      <trkpt lat="18.799616" lon="98.971067">
        <ele>321.094945</ele>
        <time>2025-09-03T04:48:55.386000Z</time>
      </trkpt>
      <trkpt lat="18.79965" lon="98.971003">
        <ele>321.115291</ele>
        <time>2025-09-03T04:48:56.919000Z</time>
      </trkpt>
      <trkpt lat="18.799885" lon="98.970572">
        <ele>321.256558</ele>
        <time>2025-09-03T04:49:07.605000Z</time>
      </trkpt>
      <trkpt lat="18.799927" lon="98.970495">
        <ele>321.282495</ele>
        <time>2025-09-03T04:49:09.542000Z</time>
      </trkpt>
      <trkpt lat="18.80004" lon="98.970284">
        <ele>321.353249</ele>
        <time>2025-09-03T04:49:14.589000Z</time>
      </trkpt>
      <trkpt lat="18.80039" lon="98.969615">
        <ele>321.576337</ele>
        <time>2025-09-03T04:49:31.091000Z</time>
      </trkpt>
      <trkpt lat="18.80054" lon="98.96933">
        <ele>321.671509</ele>
        <time>2025-09-03T04:49:38.914000Z</time>
      </trkpt>
      <trkpt lat="18.800632" lon="98.96916">
        <ele>321.72866</ele>
        <time>2025-09-03T04:49:44.166000Z</time>
      </trkpt>
      <trkpt lat="18.80096" lon="98.968547">
        <ele>321.95638</ele>
        <time>2025-09-03T04:49:59.741000Z</time>
      </trkpt>
      <trkpt lat="18.801211" lon="98.968043">
        <ele>322.141969</ele>
        <time>2025-09-03T04:50:11.165000Z</time>
      </trkpt>
      <trkpt lat="18.801241" lon="98.967973">
        <ele>322.16701</ele>
        <time>2025-09-03T04:50:12.931000Z</time>
      </trkpt>
      <trkpt lat="18.801264" lon="98.967923">
        <ele>322.185126</ele>
        <time>2025-09-03T04:50:14.245000Z</time>
      </trkpt>
      <trkpt lat="18.801322" lon="98.967805">
        <ele>322.228456</ele>
        <time>2025-09-03T04:50:17.366000Z</time>
      </trkpt>
      <trkpt lat="18.801354" lon="98.967743">
        <ele>322.251469</ele>
        <time>2025-09-03T04:50:19.054000Z</time>
      </trkpt>
      <trkpt lat="18.801386" lon="98.967685">
        <ele>322.273346</ele>
        <time>2025-09-03T04:50:20.706000Z</time>
      </trkpt>
      <trkpt lat="18.801411" lon="98.967639">
        <ele>322.290632</ele>
        <time>2025-09-03T04:50:22.015000Z</time>
      </trkpt>
      <trkpt lat="18.801503" lon="98.967467">
        <ele>322.355013</ele>
        <time>2025-09-03T04:50:26.930000Z</time>
      </trkpt>
      <trkpt lat="18.801666" lon="98.967161">
        <ele>322.627461</ele>
        <time>2025-09-03T04:50:35.099000Z</time>
      </trkpt>
      <trkpt lat="18.802047" lon="98.966448">
        <ele>323.28999</ele>
        <time>2025-09-03T04:50:53.436000Z</time>
      </trkpt>
      <trkpt lat="18.802347" lon="98.965888">
        <ele>323.810667</ele>
        <time>2025-09-03T04:51:10.827000Z</time>
      </trkpt>
      <trkpt lat="18.802461" lon="98.965673">
        <ele>324.019427</ele>
        <time>2025-09-03T04:51:17.331000Z</time>
      </trkpt>
      <trkpt lat="18.802605" lon="98.965405">
        <ele>324.290046</ele>
        <time>2025-09-03T04:51:24.967000Z</time>
      </trkpt>
      <trkpt lat="18.802723" lon="98.965184">
        <ele>324.512865</ele>
        <time>2025-09-03T04:51:31.174000Z</time>
      </trkpt>
      <trkpt lat="18.802898" lon="98.964857">
        <ele>324.842739</ele>
        <time>2025-09-03T04:51:41.109000Z</time>
      </trkpt>
      <trkpt lat="18.802972" lon="98.964722">
        <ele>324.979733</ele>
        <time>2025-09-03T04:51:45.382000Z</time>
      </trkpt>
      <trkpt lat="18.803813" lon="98.963192">
        <ele>325.518164</ele>
        <time>2025-09-03T04:52:24.672000Z</time>
      </trkpt>
      <trkpt lat="18.803898" lon="98.963037">
        <ele>325.509883</ele>
        <time>2025-09-03T04:52:28.030000Z</time>
      </trkpt>
      <trkpt lat="18.804351" lon="98.962207">
        <ele>325.474553</ele>
        <time>2025-09-03T04:52:46.460000Z</time>
      </trkpt>
      <trkpt lat="18.804687" lon="98.961592">
        <ele>325.460697</ele>
        <time>2025-09-03T04:53:00.459000Z</time>
      </trkpt>
      <trkpt lat="18.805082" lon="98.960868">
        <ele>325.444391</ele>
        <time>2025-09-03T04:53:20.099000Z</time>
      </trkpt>
      <trkpt lat="18.805388" lon="98.960307">
        <ele>325.621808</ele>
        <time>2025-09-03T04:53:34.425000Z</time>
      </trkpt>
      <trkpt lat="18.805508" lon="98.960084">
        <ele>325.694362</ele>
        <time>2025-09-03T04:53:40.119000Z</time>
      </trkpt>
      <trkpt lat="18.805575" lon="98.960122">
        <ele>325.717085</ele>
        <time>2025-09-03T04:53:42.039000Z</time>
      </trkpt>
      <trkpt lat="18.805854" lon="98.9603">
        <ele>325.814473</ele>
        <time>2025-09-03T04:53:50.086000Z</time>
      </trkpt>
      <trkpt lat="18.806078" lon="98.960441">
        <ele>325.892385</ele>
        <time>2025-09-03T04:53:56.334000Z</time>
      </trkpt>
      <trkpt lat="18.806284" lon="98.960586">
        <ele>325.966349</ele>
        <time>2025-09-03T04:54:01.829000Z</time>
      </trkpt>
      <trkpt lat="18.806392" lon="98.960697">
        <ele>325.958717</ele>
        <time>2025-09-03T04:54:05.056000Z</time>
      </trkpt>
      <trkpt lat="18.806555" lon="98.960935">
        <ele>325.89558</ele>
        <time>2025-09-03T04:54:10.915000Z</time>
      </trkpt>
      <trkpt lat="18.806556" lon="98.960936">
        <ele>325.895267</ele>
        <time>2025-09-03T04:54:10.933000Z</time>
      </trkpt>
      <trkpt lat="18.806621" lon="98.961104">
        <ele>325.856259</ele>
        <time>2025-09-03T04:54:14.471000Z</time>
      </trkpt>
      <trkpt lat="18.806705" lon="98.961379">
        <ele>325.794153</ele>
        <time>2025-09-03T04:54:20.231000Z</time>
      </trkpt>
      <trkpt lat="18.806717" lon="98.961427">
        <ele>325.783483</ele>
        <time>2025-09-03T04:54:21.222000Z</time>
      </trkpt>
      <trkpt lat="18.806891" lon="98.962061">
        <ele>325.641606</ele>
        <time>2025-09-03T04:54:34.543000Z</time>
      </trkpt>
      <trkpt lat="18.806974" lon="98.962202">
        <ele>325.60592</ele>
        <time>2025-09-03T04:54:37.935000Z</time>
      </trkpt>
      <trkpt lat="18.807099" lon="98.962309">
        <ele>325.57271</ele>
        <time>2025-09-03T04:54:41.355000Z</time>
      </trkpt>
      <trkpt lat="18.807325" lon="98.962386">
        <ele>325.567445</ele>
        <time>2025-09-03T04:54:46.273000Z</time>
      </trkpt>
      <trkpt lat="18.808033" lon="98.962496">
        <ele>325.551578</ele>
        <time>2025-09-03T04:55:01.954000Z</time>
      </trkpt>
      <trkpt lat="18.808084" lon="98.962503">
        <ele>325.550438</ele>
        <time>2025-09-03T04:55:03.143000Z</time>
      </trkpt>
      <trkpt lat="18.808807" lon="98.962602">
        <ele>325.534274</ele>
        <time>2025-09-03T04:55:19.707000Z</time>
      </trkpt>
      <trkpt lat="18.809261" lon="98.96268">
        <ele>325.64894</ele>
        <time>2025-09-03T04:55:30.281000Z</time>
      </trkpt>
      <trkpt lat="18.80958" lon="98.962734">
        <ele>325.73991</ele>
        <time>2025-09-03T04:55:37.901000Z</time>
      </trkpt>
      <trkpt lat="18.81036" lon="98.962868">
        <ele>325.962425</ele>
        <time>2025-09-03T04:55:56.379000Z</time>
      </trkpt>
      <trkpt lat="18.811272" lon="98.963026">
        <ele>326.343627</ele>
        <time>2025-09-03T04:56:18.219000Z</time>
      </trkpt>
      <trkpt lat="18.811655" lon="98.963092">
        <ele>326.525127</ele>
        <time>2025-09-03T04:56:27.715000Z</time>
      </trkpt>
      <trkpt lat="18.812264" lon="98.96321">
        <ele>326.814713</ele>
        <time>2025-09-03T04:56:42.935000Z</time>
      </trkpt>
      <trkpt lat="18.812724" lon="98.96343">
        <ele>327.000394</ele>
        <time>2025-09-03T04:56:55.251000Z</time>
      </trkpt>
      <trkpt lat="18.812921" lon="98.963458">
        <ele>327.065752</ele>
        <time>2025-09-03T04:56:59.923000Z</time>
      </trkpt>
      <trkpt lat="18.813078" lon="98.963453">
        <ele>327.117398</ele>
        <time>2025-09-03T04:57:03.673000Z</time>
      </trkpt>
      <trkpt lat="18.814091" lon="98.963337">
        <ele>327.452428</ele>
        <time>2025-09-03T04:57:27.545000Z</time>
      </trkpt>
      <trkpt lat="18.814808" lon="98.963253">
        <ele>327.41472</ele>
        <time>2025-09-03T04:57:43.785000Z</time>
      </trkpt>
      <trkpt lat="18.815268" lon="98.963199">
        <ele>327.374407</ele>
        <time>2025-09-03T04:57:53.746000Z</time>
      </trkpt>
      <trkpt lat="18.815791" lon="98.963138">
        <ele>327.328577</ele>
        <time>2025-09-03T04:58:05.161000Z</time>
      </trkpt>
      <trkpt lat="18.816258" lon="98.963082">
        <ele>327.212552</ele>
        <time>2025-09-03T04:58:15.013000Z</time>
      </trkpt>
      <trkpt lat="18.816396" lon="98.96276">
        <ele>327.105231</ele>
        <time>2025-09-03T04:58:21.997000Z</time>
      </trkpt>
      <trkpt lat="18.816415" lon="98.962704">
        <ele>327.087169</ele>
        <time>2025-09-03T04:58:23.222000Z</time>
      </trkpt>
      <trkpt lat="18.817176" lon="98.962639">
        <ele>326.842269</ele>
        <time>2025-09-03T04:58:39.806000Z</time>
      </trkpt>
      <trkpt lat="18.817799" lon="98.962586">
        <ele>326.630212</ele>
        <time>2025-09-03T04:58:52.268000Z</time>
      </trkpt>
      <trkpt lat="18.818059" lon="98.962629">
        <ele>326.535715</ele>
        <time>2025-09-03T04:58:57.541000Z</time>
      </trkpt>
      <trkpt lat="18.818359" lon="98.962749">
        <ele>326.42053</ele>
        <time>2025-09-03T04:59:04.031000Z</time>
      </trkpt>
      <trkpt lat="18.820574" lon="98.964094">
        <ele>325.962031</ele>
        <time>2025-09-03T04:59:59.784000Z</time>
      </trkpt>
      <trkpt lat="18.821294" lon="98.964565">
        <ele>325.876307</ele>
        <time>2025-09-03T05:00:18.950000Z</time>
      </trkpt>
      <trkpt lat="18.821592" lon="98.964731">
        <ele>325.840558</ele>
        <time>2025-09-03T05:00:26.285000Z</time>
      </trkpt>
      <trkpt lat="18.821843" lon="98.964816">
        <ele>325.812589</ele>
        <time>2025-09-03T05:00:31.901000Z</time>
      </trkpt>
      <trkpt lat="18.822086" lon="98.964871">
        <ele>325.786218</ele>
        <time>2025-09-03T05:00:37.015000Z</time>
      </trkpt>
      <trkpt lat="18.823059" lon="98.965003">
        <ele>325.803999</ele>
        <time>2025-09-03T05:00:58.568000Z</time>
      </trkpt>
      <trkpt lat="18.823426" lon="98.965058">
        <ele>325.827261</ele>
        <time>2025-09-03T05:01:06.935000Z</time>
      </trkpt>
      <trkpt lat="18.824262" lon="98.965178">
        <ele>325.855441</ele>
        <time>2025-09-03T05:01:26.757000Z</time>
      </trkpt>
      <trkpt lat="18.8243" lon="98.965124">
        <ele>325.84796</ele>
        <time>2025-09-03T05:01:28.193000Z</time>
      </trkpt>
      <trkpt lat="18.825859" lon="98.965341">
        <ele>325.663274</ele>
        <time>2025-09-03T05:02:02.139000Z</time>
      </trkpt>
      <trkpt lat="18.826099" lon="98.965328">
        <ele>325.626714</ele>
        <time>2025-09-03T05:02:07.173000Z</time>
      </trkpt>
      <trkpt lat="18.826338" lon="98.965228">
        <ele>325.586568</ele>
        <time>2025-09-03T05:02:12.579000Z</time>
      </trkpt>
      <trkpt lat="18.828124" lon="98.963871">
        <ele>325.440448</ele>
        <time>2025-09-03T05:03:00.596000Z</time>
      </trkpt>
      <trkpt lat="18.828339" lon="98.963746">
        <ele>325.457588</ele>
        <time>2025-09-03T05:03:06.208000Z</time>
      </trkpt>
      <trkpt lat="18.828622" lon="98.963652">
        <ele>325.478307</ele>
        <time>2025-09-03T05:03:13.080000Z</time>
      </trkpt>
      <trkpt lat="18.828955" lon="98.963574">
        <ele>325.502129</ele>
        <time>2025-09-03T05:03:21.075000Z</time>
      </trkpt>
      <trkpt lat="18.830851" lon="98.963176">
        <ele>325.857073</ele>
        <time>2025-09-03T05:04:06.035000Z</time>
      </trkpt>
      <trkpt lat="18.831083" lon="98.963125">
        <ele>325.798629</ele>
        <time>2025-09-03T05:04:11.130000Z</time>
      </trkpt>
      <trkpt lat="18.831986" lon="98.962976">
        <ele>325.573224</ele>
        <time>2025-09-03T05:04:29.838000Z</time>
      </trkpt>
      <trkpt lat="18.832305" lon="98.963001">
        <ele>325.494334</ele>
        <time>2025-09-03T05:04:36.404000Z</time>
      </trkpt>
      <trkpt lat="18.833049" lon="98.963116">
        <ele>325.612154</ele>
        <time>2025-09-03T05:04:53.296000Z</time>
      </trkpt>
      <trkpt lat="18.833648" lon="98.963234">
        <ele>325.819609</ele>
        <time>2025-09-03T05:05:08.088000Z</time>
      </trkpt>
      <trkpt lat="18.833776" lon="98.963193">
        <ele>325.865148</ele>
        <time>2025-09-03T05:05:11.464000Z</time>
      </trkpt>
      <trkpt lat="18.833862" lon="98.963193">
        <ele>325.894428</ele>
        <time>2025-09-03T05:05:13.655000Z</time>
      </trkpt>
      <trkpt lat="18.836793" lon="98.96382">
        <ele>327.135224</ele>
        <time>2025-09-03T05:06:26.256000Z</time>
      </trkpt>
      <trkpt lat="18.839687" lon="98.964526">
        <ele>327.340351</ele>
        <time>2025-09-03T05:07:31.689000Z</time>
      </trkpt>
      <trkpt lat="18.840048" lon="98.964616">
        <ele>327.515208</ele>
        <time>2025-09-03T05:07:40.413000Z</time>
      </trkpt>
      <trkpt lat="18.840149" lon="98.964636">
        <ele>327.563651</ele>
        <time>2025-09-03T05:07:42.851000Z</time>
      </trkpt>
      <trkpt lat="18.840339" lon="98.964675">
        <ele>327.654897</ele>
        <time>2025-09-03T05:07:47.592000Z</time>
      </trkpt>
      <trkpt lat="18.84121" lon="98.964885">
        <ele>328.076062</ele>
        <time>2025-09-03T05:08:09.934000Z</time>
      </trkpt>
      <trkpt lat="18.841384" lon="98.964904">
        <ele>328.135031</ele>
        <time>2025-09-03T05:08:14.413000Z</time>
      </trkpt>
      <trkpt lat="18.84152" lon="98.964894">
        <ele>328.133327</ele>
        <time>2025-09-03T05:08:17.848000Z</time>
      </trkpt>
      <trkpt lat="18.841613" lon="98.964863">
        <ele>328.132108</ele>
        <time>2025-09-03T05:08:20.220000Z</time>
      </trkpt>
      <trkpt lat="18.8417" lon="98.964802">
        <ele>328.130803</ele>
        <time>2025-09-03T05:08:22.728000Z</time>
      </trkpt>
      <trkpt lat="18.841774" lon="98.964705">
        <ele>328.129329</ele>
        <time>2025-09-03T05:08:25.457000Z</time>
      </trkpt>
      <trkpt lat="18.842216" lon="98.963991">
        <ele>328.119236</ele>
        <time>2025-09-03T05:08:42.953000Z</time>
      </trkpt>
      <trkpt lat="18.842357" lon="98.963841">
        <ele>328.116735</ele>
        <time>2025-09-03T05:08:47.052000Z</time>
      </trkpt>
      <trkpt lat="18.84412" lon="98.961179">
        <ele>327.763366</ele>
        <time>2025-09-03T05:09:51.787000Z</time>
      </trkpt>
      <trkpt lat="18.844171" lon="98.961095">
        <ele>327.786402</ele>
        <time>2025-09-03T05:09:54.204000Z</time>
      </trkpt>
      <trkpt lat="18.844823" lon="98.960088">
        <ele>327.799456</ele>
        <time>2025-09-03T05:10:24.690000Z</time>
      </trkpt>
      <trkpt lat="18.844989" lon="98.959871">
        <ele>327.702833</ele>
        <time>2025-09-03T05:10:30.321000Z</time>
      </trkpt>
      <trkpt lat="18.84513" lon="98.959741">
        <ele>327.634361</ele>
        <time>2025-09-03T05:10:34.061000Z</time>
      </trkpt>
      <trkpt lat="18.845305" lon="98.959653">
        <ele>327.563447</ele>
        <time>2025-09-03T05:10:37.809000Z</time>
      </trkpt>
      <trkpt lat="18.845465" lon="98.959596">
        <ele>327.501665</ele>
        <time>2025-09-03T05:10:40.973000Z</time>
      </trkpt>
      <trkpt lat="18.845982" lon="98.959497">
        <ele>327.309411</ele>
        <time>2025-09-03T05:10:50.956000Z</time>
      </trkpt>
      <trkpt lat="18.846497" lon="98.95941">
        <ele>327.11843</ele>
        <time>2025-09-03T05:11:00.947000Z</time>
      </trkpt>
      <trkpt lat="18.846594" lon="98.959392">
        <ele>327.082365</ele>
        <time>2025-09-03T05:11:02.863000Z</time>
      </trkpt>
      <trkpt lat="18.846655" lon="98.959383">
        <ele>327.05981</ele>
        <time>2025-09-03T05:11:04.113000Z</time>
      </trkpt>
      <trkpt lat="18.846969" lon="98.959353">
        <ele>326.944355</ele>
        <time>2025-09-03T05:11:11.080000Z</time>
      </trkpt>
      <trkpt lat="18.847427" lon="98.959483">
        <ele>326.770691</ele>
        <time>2025-09-03T05:11:22.786000Z</time>
      </trkpt>
      <trkpt lat="18.849243" lon="98.960359">
        <ele>327.044672</ele>
        <time>2025-09-03T05:12:08.608000Z</time>
      </trkpt>
      <trkpt lat="18.849762" lon="98.96054">
        <ele>327.553162</ele>
        <time>2025-09-03T05:12:24.718000Z</time>
      </trkpt>
      <trkpt lat="18.85058" lon="98.960859">
        <ele>328.588648</ele>
        <time>2025-09-03T05:12:51.155000Z</time>
      </trkpt>
      <trkpt lat="18.850954" lon="98.960993">
        <ele>329.05764</ele>
        <time>2025-09-03T05:13:01.480000Z</time>
      </trkpt>
      <trkpt lat="18.851625" lon="98.961225">
        <ele>329.469281</ele>
        <time>2025-09-03T05:13:18.613000Z</time>
      </trkpt>
      <trkpt lat="18.85211" lon="98.961384">
        <ele>329.693399</ele>
        <time>2025-09-03T05:13:30.803000Z</time>
      </trkpt>
      <trkpt lat="18.852355" lon="98.961544">
        <ele>329.820514</ele>
        <time>2025-09-03T05:13:37.690000Z</time>
      </trkpt>
      <trkpt lat="18.852918" lon="98.961731">
        <ele>330.062221</ele>
        <time>2025-09-03T05:13:52.530000Z</time>
      </trkpt>
      <trkpt lat="18.854128" lon="98.961839">
        <ele>330.455144</ele>
        <time>2025-09-03T05:14:22.596000Z</time>
      </trkpt>
      <trkpt lat="18.855234" lon="98.962012">
        <ele>330.137494</ele>
        <time>2025-09-03T05:14:45.393000Z</time>
      </trkpt>
      <trkpt lat="18.856214" lon="98.962119">
        <ele>329.490353</ele>
        <time>2025-09-03T05:15:04.673000Z</time>
      </trkpt>
      <trkpt lat="18.856399" lon="98.9621">
        <ele>329.399923</ele>
        <time>2025-09-03T05:15:08.326000Z</time>
      </trkpt>
      <trkpt lat="18.856587" lon="98.962052">
        <ele>329.366456</ele>
        <time>2025-09-03T05:15:12.129000Z</time>
      </trkpt>
      <trkpt lat="18.857726" lon="98.961577">
        <ele>329.154578</ele>
        <time>2025-09-03T05:15:38.993000Z</time>
      </trkpt>
      <trkpt lat="18.859808" lon="98.960756">
        <ele>328.980119</ele>
        <time>2025-09-03T05:16:30.439000Z</time>
      </trkpt>
      <trkpt lat="18.86032" lon="98.960564">
        <ele>328.180068</ele>
        <time>2025-09-03T05:16:40.164000Z</time>
      </trkpt>
      <trkpt lat="18.860303" lon="98.960508">
        <ele>328.098112</ele>
        <time>2025-09-03T05:16:41.169000Z</time>
      </trkpt>
      <trkpt lat="18.861084" lon="98.960219">
        <ele>326.879518</ele>
        <time>2025-09-03T05:16:55.377000Z</time>
      </trkpt>
      <trkpt lat="18.861753" lon="98.95995">
        <ele>326.305396</ele>
        <time>2025-09-03T05:17:09.431000Z</time>
      </trkpt>
      <trkpt lat="18.861857" lon="98.959899">
        <ele>326.258338</ele>
        <time>2025-09-03T05:17:11.795000Z</time>
      </trkpt>
      <trkpt lat="18.862057" lon="98.959731">
        <ele>326.153477</ele>
        <time>2025-09-03T05:17:17.141000Z</time>
      </trkpt>
      <trkpt lat="18.8625" lon="98.959533">
        <ele>325.956059</ele>
        <time>2025-09-03T05:17:27.616000Z</time>
      </trkpt>
      <trkpt lat="18.863676" lon="98.959133">
        <ele>325.85442</ele>
        <time>2025-09-03T05:17:55.554000Z</time>
      </trkpt>
      <trkpt lat="18.863889" lon="98.959096">
        <ele>325.884121</ele>
        <time>2025-09-03T05:18:00.394000Z</time>
      </trkpt>
      <trkpt lat="18.864026" lon="98.959104">
        <ele>325.903</ele>
        <time>2025-09-03T05:18:03.457000Z</time>
      </trkpt>
      <trkpt lat="18.864782" lon="98.958809">
        <ele>326.083572</ele>
        <time>2025-09-03T05:18:21.663000Z</time>
      </trkpt>
      <trkpt lat="18.865355" lon="98.958716">
        <ele>326.56694</ele>
        <time>2025-09-03T05:18:36.200000Z</time>
      </trkpt>
      <trkpt lat="18.865689" lon="98.958742">
        <ele>326.846183</ele>
        <time>2025-09-03T05:18:45.522000Z</time>
      </trkpt>
      <trkpt lat="18.866214" lon="98.958911">
        <ele>327.303785</ele>
        <time>2025-09-03T05:19:01.461000Z</time>
      </trkpt>
      <trkpt lat="18.866765" lon="98.959149">
        <ele>327.044808</ele>
        <time>2025-09-03T05:19:15.253000Z</time>
      </trkpt>
      <trkpt lat="18.867237" lon="98.959388">
        <ele>326.383555</ele>
        <time>2025-09-03T05:19:25.352000Z</time>
      </trkpt>
      <trkpt lat="18.867206" lon="98.959463">
        <ele>326.285709</ele>
        <time>2025-09-03T05:19:26.832000Z</time>
      </trkpt>
      <trkpt lat="18.867141" lon="98.959615">
        <ele>326.086293</ele>
        <time>2025-09-03T05:19:29.795000Z</time>
      </trkpt>
      <trkpt lat="18.867121" lon="98.959672">
        <ele>326.013614</ele>
        <time>2025-09-03T05:19:30.792000Z</time>
      </trkpt>
      <trkpt lat="18.86712" lon="98.959817">
        <ele>325.840257</ele>
        <time>2025-09-03T05:19:33.165000Z</time>
      </trkpt>
      <trkpt lat="18.867096" lon="98.960481">
        <ele>324.997718</ele>
        <time>2025-09-03T05:19:43.678000Z</time>
      </trkpt>
      <trkpt lat="18.867136" lon="98.960676">
        <ele>324.695938</ele>
        <time>2025-09-03T05:19:46.809000Z</time>
      </trkpt>
      <trkpt lat="18.867148" lon="98.960922">
        <ele>324.323377</ele>
        <time>2025-09-03T05:19:50.883000Z</time>
      </trkpt>
      <trkpt lat="18.867126" lon="98.961988">
        <ele>322.710707</ele>
        <time>2025-09-03T05:20:10.033000Z</time>
      </trkpt>
      <trkpt lat="18.867112" lon="98.962701">
        <ele>322.156053</ele>
        <time>2025-09-03T05:20:22.862000Z</time>
      </trkpt>
      <trkpt lat="18.867106" lon="98.963033">
        <ele>322.019084</ele>
        <time>2025-09-03T05:20:29.002000Z</time>
      </trkpt>
      <trkpt lat="18.867103" lon="98.96315">
        <ele>321.970806</ele>
        <time>2025-09-03T05:20:31.254000Z</time>
      </trkpt>
      <trkpt lat="18.867102" lon="98.963215">
        <ele>321.943991</ele>
        <time>2025-09-03T05:20:32.530000Z</time>
      </trkpt>
      <trkpt lat="18.867162" lon="98.963525">
        <ele>321.813474</ele>
        <time>2025-09-03T05:20:38.919000Z</time>
      </trkpt>
      <trkpt lat="18.867266" lon="98.963723">
        <ele>321.720064</ele>
        <time>2025-09-03T05:20:43.717000Z</time>
      </trkpt>
      <trkpt lat="18.867355" lon="98.963805">
        <ele>321.668595</ele>
        <time>2025-09-03T05:20:46.371000Z</time>
      </trkpt>
      <trkpt lat="18.867472" lon="98.96385">
        <ele>321.614321</ele>
        <time>2025-09-03T05:20:49.232000Z</time>
      </trkpt>
      <trkpt lat="18.868152" lon="98.963813">
        <ele>321.7826</ele>
        <time>2025-09-03T05:21:05.940000Z</time>
      </trkpt>
      <trkpt lat="18.870345" lon="98.963346">
        <ele>322.374011</ele>
        <time>2025-09-03T05:21:58.725000Z</time>
      </trkpt>
      <trkpt lat="18.870487" lon="98.963324">
        <ele>322.393356</ele>
        <time>2025-09-03T05:22:01.777000Z</time>
      </trkpt>
      <trkpt lat="18.871204" lon="98.963194">
        <ele>322.504623</ele>
        <time>2025-09-03T05:22:17.418000Z</time>
      </trkpt>
      <trkpt lat="18.871447" lon="98.96319">
        <ele>322.574467</ele>
        <time>2025-09-03T05:22:22.692000Z</time>
      </trkpt>
      <trkpt lat="18.873412" lon="98.962795">
        <ele>323.307371</ele>
        <time>2025-09-03T05:23:10.735000Z</time>
      </trkpt>
      <trkpt lat="18.874179" lon="98.962649">
        <ele>323.763247</ele>
        <time>2025-09-03T05:23:29.755000Z</time>
      </trkpt>
      <trkpt lat="18.875155" lon="98.962461">
        <ele>324.308536</ele>
        <time>2025-09-03T05:23:54.876000Z</time>
      </trkpt>
      <trkpt lat="18.875554" lon="98.962375">
        <ele>324.518432</ele>
        <time>2025-09-03T05:24:05.114000Z</time>
      </trkpt>
      <trkpt lat="18.876913" lon="98.96203">
        <ele>324.787344</ele>
        <time>2025-09-03T05:24:37.901000Z</time>
      </trkpt>
      <trkpt lat="18.877672" lon="98.961787">
        <ele>324.494293</ele>
        <time>2025-09-03T05:24:53.934000Z</time>
      </trkpt>
      <trkpt lat="18.87781" lon="98.961732">
        <ele>324.439794</ele>
        <time>2025-09-03T05:24:56.849000Z</time>
      </trkpt>
      <trkpt lat="18.879236" lon="98.960968">
        <ele>323.737111</ele>
        <time>2025-09-03T05:25:29.061000Z</time>
      </trkpt>
      <trkpt lat="18.880658" lon="98.960134">
        <ele>323.864847</ele>
        <time>2025-09-03T05:26:04.711000Z</time>
      </trkpt>
      <trkpt lat="18.88301" lon="98.958641">
        <ele>326.209245</ele>
        <time>2025-09-03T05:27:16.546000Z</time>
      </trkpt>
      <trkpt lat="18.883828" lon="98.958081">
        <ele>327.225208</ele>
        <time>2025-09-03T05:27:44.917000Z</time>
      </trkpt>
      <trkpt lat="18.88551" lon="98.956931">
        <ele>328.125688</ele>
        <time>2025-09-03T05:28:30.742000Z</time>
      </trkpt>
      <trkpt lat="18.885581" lon="98.956883">
        <ele>328.142249</ele>
        <time>2025-09-03T05:28:32.684000Z</time>
      </trkpt>
      <trkpt lat="18.885778" lon="98.956748">
        <ele>328.188382</ele>
        <time>2025-09-03T05:28:38.078000Z</time>
      </trkpt>
      <trkpt lat="18.88615" lon="98.956486">
        <ele>328.259275</ele>
        <time>2025-09-03T05:28:48.616000Z</time>
      </trkpt>
      <trkpt lat="18.88637" lon="98.956333">
        <ele>328.299012</ele>
        <time>2025-09-03T05:28:55.006000Z</time>
      </trkpt>
      <trkpt lat="18.886562" lon="98.956194">
        <ele>328.334127</ele>
        <time>2025-09-03T05:29:00.653000Z</time>
      </trkpt>
      <trkpt lat="18.887356" lon="98.955607">
        <ele>328.474413</ele>
        <time>2025-09-03T05:29:22.267000Z</time>
      </trkpt>
      <trkpt lat="18.887534" lon="98.955394">
        <ele>328.473068</ele>
        <time>2025-09-03T05:29:27.842000Z</time>
      </trkpt>
      <trkpt lat="18.887816" lon="98.954954">
        <ele>328.470554</ele>
        <time>2025-09-03T05:29:38.361000Z</time>
      </trkpt>
      <trkpt lat="18.888092" lon="98.954445">
        <ele>328.467778</ele>
        <time>2025-09-03T05:29:50.365000Z</time>
      </trkpt>
      <trkpt lat="18.888183" lon="98.954214">
        <ele>328.466594</ele>
        <time>2025-09-03T05:29:55.818000Z</time>
      </trkpt>
      <trkpt lat="18.888282" lon="98.953739">
        <ele>328.734542</ele>
        <time>2025-09-03T05:30:07.161000Z</time>
      </trkpt>
      <trkpt lat="18.888266" lon="98.953291">
        <ele>329.168204</ele>
        <time>2025-09-03T05:30:18.428000Z</time>
      </trkpt>
      <trkpt lat="18.887902" lon="98.951421">
        <ele>330.786826</ele>
        <time>2025-09-03T05:31:07.653000Z</time>
      </trkpt>
      <trkpt lat="18.887659" lon="98.950256">
        <ele>331.551882</ele>
        <time>2025-09-03T05:31:34.409000Z</time>
      </trkpt>
      <trkpt lat="18.887621" lon="98.949819">
        <ele>331.535144</ele>
        <time>2025-09-03T05:31:43.786000Z</time>
      </trkpt>
      <trkpt lat="18.88766" lon="98.949609">
        <ele>331.526982</ele>
        <time>2025-09-03T05:31:48.358000Z</time>
      </trkpt>
      <trkpt lat="18.887724" lon="98.949421">
        <ele>331.519362</ele>
        <time>2025-09-03T05:31:52.623000Z</time>
      </trkpt>
      <trkpt lat="18.887866" lon="98.949105">
        <ele>331.506019</ele>
        <time>2025-09-03T05:32:00.104000Z</time>
      </trkpt>
      <trkpt lat="18.888007" lon="98.948855">
        <ele>331.494918</ele>
        <time>2025-09-03T05:32:06.206000Z</time>
      </trkpt>
      <trkpt lat="18.890224" lon="98.946395">
        <ele>330.395165</ele>
        <time>2025-09-03T05:33:12.133000Z</time>
      </trkpt>
      <trkpt lat="18.890257" lon="98.946354">
        <ele>330.38406</ele>
        <time>2025-09-03T05:33:13.195000Z</time>
      </trkpt>
      <trkpt lat="18.895747" lon="98.940178">
        <ele>332.273716</ele>
        <time>2025-09-03T05:36:21.404000Z</time>
      </trkpt>
      <trkpt lat="18.896052" lon="98.939835">
        <ele>332.002762</ele>
        <time>2025-09-03T05:36:30.842000Z</time>
      </trkpt>
      <trkpt lat="18.896879" lon="98.938933">
        <ele>331.279752</ele>
        <time>2025-09-03T05:36:54.156000Z</time>
      </trkpt>
      <trkpt lat="18.897346" lon="98.938598">
        <ele>330.528554</ele>
        <time>2025-09-03T05:37:04.754000Z</time>
      </trkpt>
      <trkpt lat="18.897565" lon="98.938496">
        <ele>330.198861</ele>
        <time>2025-09-03T05:37:09.183000Z</time>
      </trkpt>
      <trkpt lat="18.897882" lon="98.93841">
        <ele>329.747997</ele>
        <time>2025-09-03T05:37:15.118000Z</time>
      </trkpt>
      <trkpt lat="18.898275" lon="98.938395">
        <ele>329.206236</ele>
        <time>2025-09-03T05:37:22.147000Z</time>
      </trkpt>
      <trkpt lat="18.899328" lon="98.93855">
        <ele>328.535217</ele>
        <time>2025-09-03T05:37:42.241000Z</time>
      </trkpt>
      <trkpt lat="18.899725" lon="98.938586">
        <ele>328.405389</ele>
        <time>2025-09-03T05:37:50.860000Z</time>
      </trkpt>
      <trkpt lat="18.899981" lon="98.938574">
        <ele>328.321895</ele>
        <time>2025-09-03T05:37:56.806000Z</time>
      </trkpt>
      <trkpt lat="18.900321" lon="98.93848">
        <ele>328.207388</ele>
        <time>2025-09-03T05:38:05.427000Z</time>
      </trkpt>
      <trkpt lat="18.900665" lon="98.938331">
        <ele>328.480631</ele>
        <time>2025-09-03T05:38:15.351000Z</time>
      </trkpt>
      <trkpt lat="18.90075" lon="98.938293">
        <ele>328.559596</ele>
        <time>2025-09-03T05:38:17.846000Z</time>
      </trkpt>
      <trkpt lat="18.901007" lon="98.938093">
        <ele>328.832662</ele>
        <time>2025-09-03T05:38:26.558000Z</time>
      </trkpt>
      <trkpt lat="18.901244" lon="98.937809">
        <ele>329.139212</ele>
        <time>2025-09-03T05:38:35.725000Z</time>
      </trkpt>
      <trkpt lat="18.901435" lon="98.937566">
        <ele>329.394947</ele>
        <time>2025-09-03T05:38:43.324000Z</time>
      </trkpt>
      <trkpt lat="18.901613" lon="98.937302">
        <ele>329.657369</ele>
        <time>2025-09-03T05:38:51.113000Z</time>
      </trkpt>
      <trkpt lat="18.902028" lon="98.936688">
        <ele>329.714081</ele>
        <time>2025-09-03T05:39:08.779000Z</time>
      </trkpt>
      <trkpt lat="18.902221" lon="98.936463">
        <ele>329.704921</ele>
        <time>2025-09-03T05:39:15.378000Z</time>
      </trkpt>
      <trkpt lat="18.902383" lon="98.936316">
        <ele>329.698115</ele>
        <time>2025-09-03T05:39:20.058000Z</time>
      </trkpt>
      <trkpt lat="18.902665" lon="98.936173">
        <ele>329.688145</ele>
        <time>2025-09-03T05:39:26.563000Z</time>
      </trkpt>
      <trkpt lat="18.903038" lon="98.936099">
        <ele>329.66364</ele>
        <time>2025-09-03T05:39:34.039000Z</time>
      </trkpt>
      <trkpt lat="18.903672" lon="98.936107">
        <ele>329.225992</ele>
        <time>2025-09-03T05:39:45.968000Z</time>
      </trkpt>
      <trkpt lat="18.904324" lon="98.936162">
        <ele>328.774521</ele>
        <time>2025-09-03T05:39:58.761000Z</time>
      </trkpt>
      <trkpt lat="18.90461" lon="98.93627">
        <ele>328.56489</ele>
        <time>2025-09-03T05:40:05.167000Z</time>
      </trkpt>
      <trkpt lat="18.904848" lon="98.936436">
        <ele>328.458827</ele>
        <time>2025-09-03T05:40:11.435000Z</time>
      </trkpt>
      <trkpt lat="18.904956" lon="98.93654">
        <ele>328.494439</ele>
        <time>2025-09-03T05:40:14.782000Z</time>
      </trkpt>
      <trkpt lat="18.905075" lon="98.936734">
        <ele>328.547759</ele>
        <time>2025-09-03T05:40:19.966000Z</time>
      </trkpt>
      <trkpt lat="18.905509" lon="98.93771">
        <ele>328.796458</ele>
        <time>2025-09-03T05:40:44.917000Z</time>
      </trkpt>
      <trkpt lat="18.905879" lon="98.938604">
        <ele>329.39107</ele>
        <time>2025-09-03T05:41:04.860000Z</time>
      </trkpt>
      <trkpt lat="18.905905" lon="98.938669">
        <ele>329.448009</ele>
        <time>2025-09-03T05:41:06.390000Z</time>
      </trkpt>
      <trkpt lat="18.906077" lon="98.939093">
        <ele>329.82023</ele>
        <time>2025-09-03T05:41:17.551000Z</time>
      </trkpt>
      <trkpt lat="18.906103" lon="98.939164">
        <ele>329.881657</ele>
        <time>2025-09-03T05:41:19.491000Z</time>
      </trkpt>
      <trkpt lat="18.906245" lon="98.939558">
        <ele>330.221836</ele>
        <time>2025-09-03T05:41:30.887000Z</time>
      </trkpt>
      <trkpt lat="18.906359" lon="98.939875">
        <ele>330.619548</ele>
        <time>2025-09-03T05:41:40.396000Z</time>
      </trkpt>
      <trkpt lat="18.90651" lon="98.940329">
        <ele>331.555857</ele>
        <time>2025-09-03T05:41:54.282000Z</time>
      </trkpt>
      <trkpt lat="18.906762" lon="98.941042">
        <ele>333.036729</ele>
        <time>2025-09-03T05:42:18.345000Z</time>
      </trkpt>
      <trkpt lat="18.906826" lon="98.941215">
        <ele>333.398139</ele>
        <time>2025-09-03T05:42:23.582000Z</time>
      </trkpt>
      <trkpt lat="18.90694" lon="98.941422">
        <ele>333.864152</ele>
        <time>2025-09-03T05:42:30.101000Z</time>
      </trkpt>
      <trkpt lat="18.907128" lon="98.941652">
        <ele>334.233678</ele>
        <time>2025-09-03T05:42:37.947000Z</time>
      </trkpt>
      <trkpt lat="18.90746" lon="98.941885">
        <ele>334.532185</ele>
        <time>2025-09-03T05:42:48.235000Z</time>
      </trkpt>
      <trkpt lat="18.907737" lon="98.941992">
        <ele>334.753092</ele>
        <time>2025-09-03T05:42:55.790000Z</time>
      </trkpt>
      <trkpt lat="18.907892" lon="98.942032">
        <ele>334.872605</ele>
        <time>2025-09-03T05:42:59.818000Z</time>
      </trkpt>
      <trkpt lat="18.908349" lon="98.942092">
        <ele>335.217552</ele>
        <time>2025-09-03T05:43:10.592000Z</time>
      </trkpt>
      <trkpt lat="18.908838" lon="98.942075">
        <ele>335.57837</ele>
        <time>2025-09-03T05:43:21.814000Z</time>
      </trkpt>
      <trkpt lat="18.909903" lon="98.941978">
        <ele>336.344217</ele>
        <time>2025-09-03T05:43:48.403000Z</time>
      </trkpt>
      <trkpt lat="18.910166" lon="98.941959">
        <ele>336.533083</ele>
        <time>2025-09-03T05:43:55.440000Z</time>
      </trkpt>
      <trkpt lat="18.911043" lon="98.94196">
        <ele>337.142658</ele>
        <time>2025-09-03T05:44:18.775000Z</time>
      </trkpt>
      <trkpt lat="18.911716" lon="98.941936">
        <ele>337.603506</ele>
        <time>2025-09-03T05:44:35.960000Z</time>
      </trkpt>
      <trkpt lat="18.912099" lon="98.941852">
        <ele>337.871205</ele>
        <time>2025-09-03T05:44:45.400000Z</time>
      </trkpt>
      <trkpt lat="18.914417" lon="98.941219">
        <ele>337.117005</ele>
        <time>2025-09-03T05:45:36.567000Z</time>
      </trkpt>
      <trkpt lat="18.9153" lon="98.940961">
        <ele>336.088467</ele>
        <time>2025-09-03T05:45:53.414000Z</time>
      </trkpt>
      <trkpt lat="18.91551" lon="98.940923">
        <ele>335.849266</ele>
        <time>2025-09-03T05:45:57.258000Z</time>
      </trkpt>
      <trkpt lat="18.915711" lon="98.940905">
        <ele>335.62279</ele>
        <time>2025-09-03T05:46:00.900000Z</time>
      </trkpt>
      <trkpt lat="18.915864" lon="98.940917">
        <ele>335.464441</ele>
        <time>2025-09-03T05:46:03.701000Z</time>
      </trkpt>
      <trkpt lat="18.917034" lon="98.941088">
        <ele>334.262994</ele>
        <time>2025-09-03T05:46:26.507000Z</time>
      </trkpt>
      <trkpt lat="18.918297" lon="98.941235">
        <ele>332.846287</ele>
        <time>2025-09-03T05:46:51.981000Z</time>
      </trkpt>
      <trkpt lat="18.918553" lon="98.941235">
        <ele>332.545367</ele>
        <time>2025-09-03T05:46:56.823000Z</time>
      </trkpt>
      <trkpt lat="18.918808" lon="98.941205">
        <ele>332.243771</ele>
        <time>2025-09-03T05:47:01.568000Z</time>
      </trkpt>
      <trkpt lat="18.919237" lon="98.941088">
        <ele>331.722982</ele>
        <time>2025-09-03T05:47:09.558000Z</time>
      </trkpt>
      <trkpt lat="18.919562" lon="98.940967">
        <ele>331.25593</ele>
        <time>2025-09-03T05:47:15.637000Z</time>
      </trkpt>
      <trkpt lat="18.919804" lon="98.940837">
        <ele>330.878055</ele>
        <time>2025-09-03T05:47:20.458000Z</time>
      </trkpt>
      <trkpt lat="18.920065" lon="98.94065">
        <ele>330.439146</ele>
        <time>2025-09-03T05:47:26.122000Z</time>
      </trkpt>
      <trkpt lat="18.920309" lon="98.940435">
        <ele>329.996966</ele>
        <time>2025-09-03T05:47:31.979000Z</time>
      </trkpt>
      <trkpt lat="18.920644" lon="98.940093">
        <ele>329.348671</ele>
        <time>2025-09-03T05:47:40.980000Z</time>
      </trkpt>
      <trkpt lat="18.920791" lon="98.939878">
        <ele>329.060568</ele>
        <time>2025-09-03T05:47:46.071000Z</time>
      </trkpt>
      <trkpt lat="18.921578" lon="98.938471">
        <ele>327.778147</ele>
        <time>2025-09-03T05:48:17.338000Z</time>
      </trkpt>
      <trkpt lat="18.921647" lon="98.938535">
        <ele>327.702015</ele>
        <time>2025-09-03T05:48:19.093000Z</time>
      </trkpt>
      <trkpt lat="18.921903" lon="98.938798">
        <ele>327.049851</ele>
        <time>2025-09-03T05:48:25.594000Z</time>
      </trkpt>
      <trkpt lat="18.92201" lon="98.938985">
        <ele>326.637155</ele>
        <time>2025-09-03T05:48:39.979000Z</time>
      </trkpt>
      <trkpt lat="18.922057" lon="98.93903">
        <ele>326.510571</ele>
        <time>2025-09-03T05:48:44.413000Z</time>
      </trkpt>
      <trkpt lat="18.92201" lon="98.938985">
        <ele>326.383987</ele>
        <time>2025-09-03T05:48:45.509000Z</time>
      </trkpt>
      <trkpt lat="18.921903" lon="98.938798">
        <ele>325.971291</ele>
        <time>2025-09-03T05:48:48.966000Z</time>
      </trkpt>
      <trkpt lat="18.922056" lon="98.938883">
        <ele>325.626261</ele>
        <time>2025-09-03T05:48:51.788000Z</time>
      </trkpt>
      <trkpt lat="18.922963" lon="98.939774">
        <ele>323.957342</ele>
        <time>2025-09-03T05:49:13.673000Z</time>
      </trkpt>
      <trkpt lat="18.923083" lon="98.939869">
        <ele>323.920923</ele>
        <time>2025-09-03T05:49:16.649000Z</time>
      </trkpt>
      <trkpt lat="18.923287" lon="98.939933">
        <ele>323.869229</ele>
        <time>2025-09-03T05:49:21.118000Z</time>
      </trkpt>
      <trkpt lat="18.923525" lon="98.939916">
        <ele>323.81128</ele>
        <time>2025-09-03T05:49:26.475000Z</time>
      </trkpt>
      <trkpt lat="18.923687" lon="98.939855">
        <ele>323.769504</ele>
        <time>2025-09-03T05:49:30.657000Z</time>
      </trkpt>
      <trkpt lat="18.923833" lon="98.93977">
        <ele>323.729014</ele>
        <time>2025-09-03T05:49:35.110000Z</time>
      </trkpt>
      <trkpt lat="18.924373" lon="98.939452">
        <ele>323.734922</ele>
        <time>2025-09-03T05:49:52.417000Z</time>
      </trkpt>
      <trkpt lat="18.924714" lon="98.939294">
        <ele>323.911969</ele>
        <time>2025-09-03T05:50:02.132000Z</time>
      </trkpt>
      <trkpt lat="18.924887" lon="98.939253">
        <ele>323.996277</ele>
        <time>2025-09-03T05:50:06.518000Z</time>
      </trkpt>
      <trkpt lat="18.92506" lon="98.939243">
        <ele>324.078666</ele>
        <time>2025-09-03T05:50:10.738000Z</time>
      </trkpt>
      <trkpt lat="18.925446" lon="98.939281">
        <ele>324.263014</ele>
        <time>2025-09-03T05:50:20.031000Z</time>
      </trkpt>
      <trkpt lat="18.925963" lon="98.939362">
        <ele>324.495287</ele>
        <time>2025-09-03T05:50:32.305000Z</time>
      </trkpt>
      <trkpt lat="18.926994" lon="98.939523">
        <ele>324.663561</ele>
        <time>2025-09-03T05:50:57.475000Z</time>
      </trkpt>
      <trkpt lat="18.927334" lon="98.939624">
        <ele>324.720584</ele>
        <time>2025-09-03T05:51:05.959000Z</time>
      </trkpt>
      <trkpt lat="18.927795" lon="98.939778">
        <ele>324.762758</ele>
        <time>2025-09-03T05:51:17.200000Z</time>
      </trkpt>
      <trkpt lat="18.928653" lon="98.940069">
        <ele>324.663181</ele>
        <time>2025-09-03T05:51:37.091000Z</time>
      </trkpt>
      <trkpt lat="18.929435" lon="98.940335">
        <ele>324.611752</ele>
        <time>2025-09-03T05:51:54.429000Z</time>
      </trkpt>
      <trkpt lat="18.929739" lon="98.940411">
        <ele>324.797268</ele>
        <time>2025-09-03T05:52:01.215000Z</time>
      </trkpt>
      <trkpt lat="18.930091" lon="98.940432">
        <ele>325.006644</ele>
        <time>2025-09-03T05:52:08.944000Z</time>
      </trkpt>
      <trkpt lat="18.930208" lon="98.94041">
        <ele>325.077218</ele>
        <time>2025-09-03T05:52:11.695000Z</time>
      </trkpt>
      <trkpt lat="18.930871" lon="98.940232">
        <ele>325.483453</ele>
        <time>2025-09-03T05:52:29.517000Z</time>
      </trkpt>
      <trkpt lat="18.931081" lon="98.940199">
        <ele>325.609537</ele>
        <time>2025-09-03T05:52:35.584000Z</time>
      </trkpt>
      <trkpt lat="18.931309" lon="98.939931">
        <ele>326.044089</ele>
        <time>2025-09-03T05:52:45.694000Z</time>
      </trkpt>
      <trkpt lat="18.931631" lon="98.939577">
        <ele>326.707345</ele>
        <time>2025-09-03T05:52:59.692000Z</time>
      </trkpt>
      <trkpt lat="18.932307" lon="98.938768">
        <ele>328.165144</ele>
        <time>2025-09-03T05:53:30.033000Z</time>
      </trkpt>
      <trkpt lat="18.932538" lon="98.938515">
        <ele>328.463679</ele>
        <time>2025-09-03T05:53:38.207000Z</time>
      </trkpt>
      <trkpt lat="18.93298" lon="98.938138">
        <ele>328.938314</ele>
        <time>2025-09-03T05:53:51.813000Z</time>
      </trkpt>
      <trkpt lat="18.933336" lon="98.937884">
        <ele>329.297257</ele>
        <time>2025-09-03T05:54:03.532000Z</time>
      </trkpt>
      <trkpt lat="18.933689" lon="98.937343">
        <ele>329.791948</ele>
        <time>2025-09-03T05:54:20.625000Z</time>
      </trkpt>
      <trkpt lat="18.933927" lon="98.936917">
        <ele>330.08471</ele>
        <time>2025-09-03T05:54:33.681000Z</time>
      </trkpt>
      <trkpt lat="18.934105" lon="98.936572">
        <ele>330.31725</ele>
        <time>2025-09-03T05:54:43.474000Z</time>
      </trkpt>
      <trkpt lat="18.934568" lon="98.935476">
        <ele>330.922846</ele>
        <time>2025-09-03T05:55:10.826000Z</time>
      </trkpt>
      <trkpt lat="18.934675" lon="98.935284">
        <ele>330.97986</ele>
        <time>2025-09-03T05:55:15.639000Z</time>
      </trkpt>
      <trkpt lat="18.9347" lon="98.935248">
        <ele>330.991286</ele>
        <time>2025-09-03T05:55:16.619000Z</time>
      </trkpt>
      <trkpt lat="18.934834" lon="98.935045">
        <ele>331.054619</ele>
        <time>2025-09-03T05:55:22.171000Z</time>
      </trkpt>
      <trkpt lat="18.934864" lon="98.935002">
        <ele>331.068289</ele>
        <time>2025-09-03T05:55:23.377000Z</time>
      </trkpt>
      <trkpt lat="18.935595" lon="98.933959">
        <ele>331.259792</ele>
        <time>2025-09-03T05:55:53.874000Z</time>
      </trkpt>
      <trkpt lat="18.936006" lon="98.933447">
        <ele>331.09035</ele>
        <time>2025-09-03T05:56:08.456000Z</time>
      </trkpt>
      <trkpt lat="18.936337" lon="98.933193">
        <ele>330.981244</ele>
        <time>2025-09-03T05:56:17.321000Z</time>
      </trkpt>
      <trkpt lat="18.936715" lon="98.932967">
        <ele>330.865401</ele>
        <time>2025-09-03T05:56:26.415000Z</time>
      </trkpt>
      <trkpt lat="18.937171" lon="98.932766">
        <ele>330.46415</ele>
        <time>2025-09-03T05:56:36.495000Z</time>
      </trkpt>
      <trkpt lat="18.937408" lon="98.932649">
        <ele>330.232565</ele>
        <time>2025-09-03T05:56:41.507000Z</time>
      </trkpt>
      <trkpt lat="18.937576" lon="98.93257">
        <ele>330.069771</ele>
        <time>2025-09-03T05:56:45.006000Z</time>
      </trkpt>
      <trkpt lat="18.937859" lon="98.932411">
        <ele>329.786024</ele>
        <time>2025-09-03T05:56:51.100000Z</time>
      </trkpt>
      <trkpt lat="18.938643" lon="98.931777">
        <ele>329.31869</ele>
        <time>2025-09-03T05:57:10.691000Z</time>
      </trkpt>
      <trkpt lat="18.938877" lon="98.931634">
        <ele>329.361234</ele>
        <time>2025-09-03T05:57:16.366000Z</time>
      </trkpt>
      <trkpt lat="18.939043" lon="98.931532">
        <ele>329.391456</ele>
        <time>2025-09-03T05:57:20.523000Z</time>
      </trkpt>
      <trkpt lat="18.939957" lon="98.93068">
        <ele>329.755047</ele>
        <time>2025-09-03T05:57:51.138000Z</time>
      </trkpt>
      <trkpt lat="18.940423" lon="98.930237">
        <ele>330.249373</ele>
        <time>2025-09-03T05:58:08.053000Z</time>
      </trkpt>
      <trkpt lat="18.940643" lon="98.93002">
        <ele>330.486706</ele>
        <time>2025-09-03T05:58:16.179000Z</time>
      </trkpt>
      <trkpt lat="18.940838" lon="98.929867">
        <ele>330.678252</ele>
        <time>2025-09-03T05:58:22.532000Z</time>
      </trkpt>
      <trkpt lat="18.941115" lon="98.92965">
        <ele>330.950195</ele>
        <time>2025-09-03T05:58:30.961000Z</time>
      </trkpt>
      <trkpt lat="18.941548" lon="98.9295">
        <ele>330.697461</ele>
        <time>2025-09-03T05:58:40.838000Z</time>
      </trkpt>
      <trkpt lat="18.942454" lon="98.92925">
        <ele>330.14576</ele>
        <time>2025-09-03T05:58:59.413000Z</time>
      </trkpt>
      <trkpt lat="18.942834" lon="98.929045">
        <ele>329.897434</ele>
        <time>2025-09-03T05:59:07.328000Z</time>
      </trkpt>
      <trkpt lat="18.943169" lon="98.928779">
        <ele>329.799346</ele>
        <time>2025-09-03T05:59:15.348000Z</time>
      </trkpt>
      <trkpt lat="18.943732" lon="98.928451">
        <ele>329.648847</ele>
        <time>2025-09-03T05:59:28.642000Z</time>
      </trkpt>
      <trkpt lat="18.944418" lon="98.928017">
        <ele>329.526352</ele>
        <time>2025-09-03T05:59:47.393000Z</time>
      </trkpt>
      <trkpt lat="18.944463" lon="98.927988">
        <ele>329.561939</ele>
        <time>2025-09-03T05:59:48.748000Z</time>
      </trkpt>
      <trkpt lat="18.945279" lon="98.927472">
        <ele>330.203998</ele>
        <time>2025-09-03T06:00:14.388000Z</time>
      </trkpt>
      <trkpt lat="18.94632" lon="98.926948">
        <ele>330.929991</ele>
        <time>2025-09-03T06:00:41.153000Z</time>
      </trkpt>
      <trkpt lat="18.947088" lon="98.926509">
        <ele>331.412549</ele>
        <time>2025-09-03T06:01:02.064000Z</time>
      </trkpt>
      <trkpt lat="18.947706" lon="98.926199">
        <ele>331.895322</ele>
        <time>2025-09-03T06:01:19.420000Z</time>
      </trkpt>
      <trkpt lat="18.947958" lon="98.926032">
        <ele>332.225875</ele>
        <time>2025-09-03T06:01:27.786000Z</time>
      </trkpt>
      <trkpt lat="18.94838" lon="98.925789">
        <ele>332.759953</ele>
        <time>2025-09-03T06:01:41.797000Z</time>
      </trkpt>
      <trkpt lat="18.948728" lon="98.92565">
        <ele>333.173415</ele>
        <time>2025-09-03T06:01:51.594000Z</time>
      </trkpt>
      <trkpt lat="18.948886" lon="98.925596">
        <ele>333.357969</ele>
        <time>2025-09-03T06:01:55.743000Z</time>
      </trkpt>
      <trkpt lat="18.949934" lon="98.925239">
        <ele>334.319443</ele>
        <time>2025-09-03T06:02:23.446000Z</time>
      </trkpt>
      <trkpt lat="18.950669" lon="98.925018">
        <ele>334.920018</ele>
        <time>2025-09-03T06:02:42.961000Z</time>
      </trkpt>
      <trkpt lat="18.951842" lon="98.924824">
        <ele>335.424138</ele>
        <time>2025-09-03T06:03:13.301000Z</time>
      </trkpt>
      <trkpt lat="18.952374" lon="98.9248">
        <ele>335.604326</ele>
        <time>2025-09-03T06:03:25.689000Z</time>
      </trkpt>
      <trkpt lat="18.952483" lon="98.924786">
        <ele>335.641481</ele>
        <time>2025-09-03T06:03:28.085000Z</time>
      </trkpt>
      <trkpt lat="18.952774" lon="98.924682">
        <ele>335.55791</ele>
        <time>2025-09-03T06:03:34.417000Z</time>
      </trkpt>
      <trkpt lat="18.953043" lon="98.924559">
        <ele>335.154588</ele>
        <time>2025-09-03T06:03:40.070000Z</time>
      </trkpt>
      <trkpt lat="18.953321" lon="98.924387">
        <ele>334.711328</ele>
        <time>2025-09-03T06:03:45.988000Z</time>
      </trkpt>
      <trkpt lat="18.953471" lon="98.924294">
        <ele>334.472032</ele>
        <time>2025-09-03T06:03:49.056000Z</time>
      </trkpt>
      <trkpt lat="18.953942" lon="98.923931">
        <ele>333.66994</ele>
        <time>2025-09-03T06:03:59.234000Z</time>
      </trkpt>
      <trkpt lat="18.954373" lon="98.923591">
        <ele>333.322462</ele>
        <time>2025-09-03T06:04:09.020000Z</time>
      </trkpt>
      <trkpt lat="18.954891" lon="98.923334">
        <ele>333.554261</ele>
        <time>2025-09-03T06:04:21.036000Z</time>
      </trkpt>
      <trkpt lat="18.956209" lon="98.922712">
        <ele>334.45243</ele>
        <time>2025-09-03T06:05:01.770000Z</time>
      </trkpt>
      <trkpt lat="18.956491" lon="98.922497">
        <ele>334.842518</ele>
        <time>2025-09-03T06:05:11.569000Z</time>
      </trkpt>
      <trkpt lat="18.956882" lon="98.922143">
        <ele>335.420085</ele>
        <time>2025-09-03T06:05:25.208000Z</time>
      </trkpt>
      <trkpt lat="18.957795" lon="98.921418">
        <ele>336.248312</ele>
        <time>2025-09-03T06:05:53.379000Z</time>
      </trkpt>
      <trkpt lat="18.957964" lon="98.921327">
        <ele>336.327486</ele>
        <time>2025-09-03T06:05:57.984000Z</time>
      </trkpt>
      <trkpt lat="18.958099" lon="98.921288">
        <ele>336.38591</ele>
        <time>2025-09-03T06:06:01.372000Z</time>
      </trkpt>
      <trkpt lat="18.958202" lon="98.921279">
        <ele>336.429055</ele>
        <time>2025-09-03T06:06:03.876000Z</time>
      </trkpt>
      <trkpt lat="18.958246" lon="98.921149">
        <ele>336.48357</ele>
        <time>2025-09-03T06:06:07.168000Z</time>
      </trkpt>
      <trkpt lat="18.958193" lon="98.91972">
        <ele>336.959602</ele>
        <time>2025-09-03T06:06:38.962000Z</time>
      </trkpt>
      <trkpt lat="18.958201" lon="98.919612">
        <ele>336.990433</ele>
        <time>2025-09-03T06:06:41.362000Z</time>
      </trkpt>
      <trkpt lat="18.958143" lon="98.919394">
        <ele>337.054883</ele>
        <time>2025-09-03T06:06:46.504000Z</time>
      </trkpt>
      <trkpt lat="18.958383" lon="98.919437">
        <ele>337.128134</ele>
        <time>2025-09-03T06:06:52.574000Z</time>
      </trkpt>
      <trkpt lat="18.958465" lon="98.919396">
        <ele>337.155429</ele>
        <time>2025-09-03T06:06:54.813000Z</time>
      </trkpt>
      <trkpt lat="18.95863" lon="98.919321">
        <ele>337.209475</ele>
        <time>2025-09-03T06:06:59.462000Z</time>
      </trkpt>
      <trkpt lat="18.959348" lon="98.919066">
        <ele>337.270683</ele>
        <time>2025-09-03T06:07:19.211000Z</time>
      </trkpt>
      <trkpt lat="18.960003" lon="98.918879">
        <ele>337.26896</ele>
        <time>2025-09-03T06:07:35.351000Z</time>
      </trkpt>
      <trkpt lat="18.960345" lon="98.918859">
        <ele>337.26809</ele>
        <time>2025-09-03T06:07:42.702000Z</time>
      </trkpt>
      <trkpt lat="18.96094" lon="98.918597">
        <ele>336.250031</ele>
        <time>2025-09-03T06:07:56.341000Z</time>
      </trkpt>
      <trkpt lat="18.961154" lon="98.918433">
        <ele>335.603985</ele>
        <time>2025-09-03T06:08:00.912000Z</time>
      </trkpt>
      <trkpt lat="18.961409" lon="98.918091">
        <ele>334.5972</ele>
        <time>2025-09-03T06:08:07.830000Z</time>
      </trkpt>
      <trkpt lat="18.961469" lon="98.917914">
        <ele>334.162527</ele>
        <time>2025-09-03T06:08:10.863000Z</time>
      </trkpt>
      <trkpt lat="18.96176" lon="98.91806">
        <ele>333.375193</ele>
        <time>2025-09-03T06:08:16.471000Z</time>
      </trkpt>
      <trkpt lat="18.962181" lon="98.918159">
        <ele>332.606893</ele>
        <time>2025-09-03T06:08:24.111000Z</time>
      </trkpt>
      <trkpt lat="18.962369" lon="98.918172">
        <ele>332.38581</ele>
        <time>2025-09-03T06:08:27.327000Z</time>
      </trkpt>
      <trkpt lat="18.962568" lon="98.91832">
        <ele>332.100311</ele>
        <time>2025-09-03T06:08:31.436000Z</time>
      </trkpt>
      <trkpt lat="18.962625" lon="98.918364">
        <ele>332.017496</ele>
        <time>2025-09-03T06:08:32.651000Z</time>
      </trkpt>
      <trkpt lat="18.962749" lon="98.918403">
        <ele>331.865685</ele>
        <time>2025-09-03T06:08:35.012000Z</time>
      </trkpt>
      <trkpt lat="18.963282" lon="98.918392">
        <ele>331.240106</ele>
        <time>2025-09-03T06:08:46.631000Z</time>
      </trkpt>
      <trkpt lat="18.963439" lon="98.918408">
        <ele>331.055018</ele>
        <time>2025-09-03T06:08:50.627000Z</time>
      </trkpt>
      <trkpt lat="18.963749" lon="98.918526">
        <ele>330.878541</ele>
        <time>2025-09-03T06:08:59.516000Z</time>
      </trkpt>
      <trkpt lat="18.96385" lon="98.918607">
        <ele>331.0701</ele>
        <time>2025-09-03T06:09:03.172000Z</time>
      </trkpt>
      <trkpt lat="18.964023" lon="98.918695">
        <ele>331.360206</ele>
        <time>2025-09-03T06:09:08.814000Z</time>
      </trkpt>
      <trkpt lat="18.964249" lon="98.918904">
        <ele>331.813912</ele>
        <time>2025-09-03T06:09:17.908000Z</time>
      </trkpt>
      <trkpt lat="18.964505" lon="98.919017">
        <ele>332.23312</ele>
        <time>2025-09-03T06:09:26.394000Z</time>
      </trkpt>
      <trkpt lat="18.964852" lon="98.919092">
        <ele>332.76833</ele>
        <time>2025-09-03T06:09:37.376000Z</time>
      </trkpt>
      <trkpt lat="18.965144" lon="98.919122">
        <ele>333.211663</ele>
        <time>2025-09-03T06:09:46.299000Z</time>
      </trkpt>
      <trkpt lat="18.965811" lon="98.919015">
        <ele>333.523371</ele>
        <time>2025-09-03T06:10:05.647000Z</time>
      </trkpt>
      <trkpt lat="18.966042" lon="98.918846">
        <ele>333.548804</ele>
        <time>2025-09-03T06:10:12.879000Z</time>
      </trkpt>
      <trkpt lat="18.96624" lon="98.91862">
        <ele>333.575183</ele>
        <time>2025-09-03T06:10:19.629000Z</time>
      </trkpt>
      <trkpt lat="18.96653" lon="98.918182">
        <ele>333.620965</ele>
        <time>2025-09-03T06:10:30.139000Z</time>
      </trkpt>
      <trkpt lat="18.966656" lon="98.917992">
        <ele>333.640835</ele>
        <time>2025-09-03T06:10:34.371000Z</time>
      </trkpt>
      <trkpt lat="18.966927" lon="98.917427">
        <ele>333.027608</ele>
        <time>2025-09-03T06:10:45.732000Z</time>
      </trkpt>
      <trkpt lat="18.967023" lon="98.917301">
        <ele>332.870106</ele>
        <time>2025-09-03T06:10:48.639000Z</time>
      </trkpt>
      <trkpt lat="18.967112" lon="98.917236">
        <ele>332.758772</ele>
        <time>2025-09-03T06:10:50.688000Z</time>
      </trkpt>
      <trkpt lat="18.967257" lon="98.91722">
        <ele>332.608713</ele>
        <time>2025-09-03T06:10:53.488000Z</time>
      </trkpt>
      <trkpt lat="18.967475" lon="98.917258">
        <ele>332.381298</ele>
        <time>2025-09-03T06:10:57.783000Z</time>
      </trkpt>
      <trkpt lat="18.967706" lon="98.917258">
        <ele>332.14353</ele>
        <time>2025-09-03T06:11:02.406000Z</time>
      </trkpt>
      <trkpt lat="18.96798" lon="98.917153">
        <ele>331.843553</ele>
        <time>2025-09-03T06:11:08.573000Z</time>
      </trkpt>
      <trkpt lat="18.968629" lon="98.916839">
        <ele>332.572036</ele>
        <time>2025-09-03T06:11:27.506000Z</time>
      </trkpt>
      <trkpt lat="18.968698" lon="98.91678">
        <ele>332.676979</ele>
        <time>2025-09-03T06:11:30.193000Z</time>
      </trkpt>
      <trkpt lat="18.968845" lon="98.916544">
        <ele>332.993031</ele>
        <time>2025-09-03T06:11:38.546000Z</time>
      </trkpt>
      <trkpt lat="18.969166" lon="98.916222">
        <ele>333.516295</ele>
        <time>2025-09-03T06:11:52.571000Z</time>
      </trkpt>
      <trkpt lat="18.969276" lon="98.916096">
        <ele>333.70808</ele>
        <time>2025-09-03T06:11:57.505000Z</time>
      </trkpt>
      <trkpt lat="18.969497" lon="98.91597">
        <ele>333.916211</ele>
        <time>2025-09-03T06:12:04.675000Z</time>
      </trkpt>
      <trkpt lat="18.969819" lon="98.915881">
        <ele>333.913126</ele>
        <time>2025-09-03T06:12:13.506000Z</time>
      </trkpt>
      <trkpt lat="18.969951" lon="98.915863">
        <ele>333.911892</ele>
        <time>2025-09-03T06:12:16.803000Z</time>
      </trkpt>
      <trkpt lat="18.970052" lon="98.915876">
        <ele>333.910948</ele>
        <time>2025-09-03T06:12:19.235000Z</time>
      </trkpt>
      <trkpt lat="18.970273" lon="98.916118">
        <ele>333.907999</ele>
        <time>2025-09-03T06:12:26.155000Z</time>
      </trkpt>
      <trkpt lat="18.970405" lon="98.916169">
        <ele>333.906696</ele>
        <time>2025-09-03T06:12:28.983000Z</time>
      </trkpt>
      <trkpt lat="18.970524" lon="98.916131">
        <ele>333.905544</ele>
        <time>2025-09-03T06:12:31.495000Z</time>
      </trkpt>
      <trkpt lat="18.971341" lon="98.915715">
        <ele>334.063545</ele>
        <time>2025-09-03T06:12:50.384000Z</time>
      </trkpt>
      <trkpt lat="18.971703" lon="98.915713">
        <ele>334.240935</ele>
        <time>2025-09-03T06:12:59.043000Z</time>
      </trkpt>
      <trkpt lat="18.971784" lon="98.915756">
        <ele>334.285347</ele>
        <time>2025-09-03T06:13:01.281000Z</time>
      </trkpt>
      <trkpt lat="18.971927" lon="98.915887">
        <ele>334.378059</ele>
        <time>2025-09-03T06:13:06.124000Z</time>
      </trkpt>
      <trkpt lat="18.972091" lon="98.915863">
        <ele>334.459188</ele>
        <time>2025-09-03T06:13:10.586000Z</time>
      </trkpt>
      <trkpt lat="18.972269" lon="98.915766">
        <ele>334.557313</ele>
        <time>2025-09-03T06:13:16.292000Z</time>
      </trkpt>
      <trkpt lat="18.972368" lon="98.915689">
        <ele>334.617534</ele>
        <time>2025-09-03T06:13:19.902000Z</time>
      </trkpt>
      <trkpt lat="18.972477" lon="98.915643">
        <ele>334.675043</ele>
        <time>2025-09-03T06:13:23.405000Z</time>
      </trkpt>
      <trkpt lat="18.973002" lon="98.91564">
        <ele>334.678114</ele>
        <time>2025-09-03T06:13:38.763000Z</time>
      </trkpt>
      <trkpt lat="18.973091" lon="98.915616">
        <ele>334.647208</ele>
        <time>2025-09-03T06:13:41.063000Z</time>
      </trkpt>
      <trkpt lat="18.973153" lon="98.91557">
        <ele>334.621724</ele>
        <time>2025-09-03T06:13:42.967000Z</time>
      </trkpt>
      <trkpt lat="18.973464" lon="98.915203">
        <ele>334.464918</ele>
        <time>2025-09-03T06:13:52.885000Z</time>
      </trkpt>
      <trkpt lat="18.973775" lon="98.915201">
        <ele>334.360271</ele>
        <time>2025-09-03T06:13:59.185000Z</time>
      </trkpt>
      <trkpt lat="18.973892" lon="98.9152">
        <ele>334.320901</ele>
        <time>2025-09-03T06:14:01.503000Z</time>
      </trkpt>
      <trkpt lat="18.974177" lon="98.915327">
        <ele>334.216838</ele>
        <time>2025-09-03T06:14:07.544000Z</time>
      </trkpt>
      <trkpt lat="18.974249" lon="98.915366">
        <ele>334.189618</ele>
        <time>2025-09-03T06:14:09.082000Z</time>
      </trkpt>
      <trkpt lat="18.974388" lon="98.915369">
        <ele>334.153506</ele>
        <time>2025-09-03T06:14:11.758000Z</time>
      </trkpt>
      <trkpt lat="18.97452" lon="98.915401">
        <ele>334.122426</ele>
        <time>2025-09-03T06:14:14.443000Z</time>
      </trkpt>
      <trkpt lat="18.974971" lon="98.915645">
        <ele>334.006163</ele>
        <time>2025-09-03T06:14:24.470000Z</time>
      </trkpt>
      <trkpt lat="18.975382" lon="98.91575">
        <ele>333.909125</ele>
        <time>2025-09-03T06:14:33.628000Z</time>
      </trkpt>
      <trkpt lat="18.975539" lon="98.915833">
        <ele>333.868842</ele>
        <time>2025-09-03T06:14:38.007000Z</time>
      </trkpt>
      <trkpt lat="18.97561" lon="98.915906">
        <ele>333.846115</ele>
        <time>2025-09-03T06:14:40.573000Z</time>
      </trkpt>
      <trkpt lat="18.976106" lon="98.916523">
        <ele>334.270182</ele>
        <time>2025-09-03T06:15:02.218000Z</time>
      </trkpt>
      <trkpt lat="18.976138" lon="98.916563">
        <ele>334.331959</ele>
        <time>2025-09-03T06:15:03.648000Z</time>
      </trkpt>
      <trkpt lat="18.976868" lon="98.91673">
        <ele>335.263217</ele>
        <time>2025-09-03T06:15:25.267000Z</time>
      </trkpt>
      <trkpt lat="18.977264" lon="98.916897">
        <ele>335.794785</ele>
        <time>2025-09-03T06:15:37.294000Z</time>
      </trkpt>
      <trkpt lat="18.977556" lon="98.917059">
        <ele>336.224416</ele>
        <time>2025-09-03T06:15:46.456000Z</time>
      </trkpt>
      <trkpt lat="18.977674" lon="98.916714">
        <ele>336.697036</ele>
        <time>2025-09-03T06:15:55.767000Z</time>
      </trkpt>
      <trkpt lat="18.977746" lon="98.916486">
        <ele>337.006698</ele>
        <time>2025-09-03T06:16:01.855000Z</time>
      </trkpt>
      <trkpt lat="18.977793" lon="98.916338">
        <ele>337.207821</ele>
        <time>2025-09-03T06:16:05.903000Z</time>
      </trkpt>
      <trkpt lat="18.977836" lon="98.91635">
        <ele>337.268405</ele>
        <time>2025-09-03T06:16:07.136000Z</time>
      </trkpt>
      <trkpt lat="18.977793" lon="98.916338">
        <ele>337.328988</ele>
        <time>2025-09-03T06:16:08.317000Z</time>
      </trkpt>
      <trkpt lat="18.977746" lon="98.916486">
        <ele>337.530111</ele>
        <time>2025-09-03T06:16:12.484000Z</time>
      </trkpt>
      <trkpt lat="18.977674" lon="98.916714">
        <ele>337.839774</ele>
        <time>2025-09-03T06:16:18.955000Z</time>
      </trkpt>
      <trkpt lat="18.977556" lon="98.917059">
        <ele>338.312393</ele>
        <time>2025-09-03T06:16:29.530000Z</time>
      </trkpt>
      <trkpt lat="18.977807" lon="98.917186">
        <ele>338.721464</ele>
        <time>2025-09-03T06:16:38.384000Z</time>
      </trkpt>
      <trkpt lat="18.978037" lon="98.917273">
        <ele>339.09674</ele>
        <time>2025-09-03T06:16:46.013000Z</time>
      </trkpt>
      <trkpt lat="18.978245" lon="98.917633">
        <ele>339.709643</ele>
        <time>2025-09-03T06:16:58.096000Z</time>
      </trkpt>
      <trkpt lat="18.977998" lon="98.917761">
        <ele>340.132226</ele>
        <time>2025-09-03T06:17:06.006000Z</time>
      </trkpt>
      <trkpt lat="18.978245" lon="98.917633">
        <ele>340.554809</ele>
        <time>2025-09-03T06:17:13.689000Z</time>
      </trkpt>
      <trkpt lat="18.978458" lon="98.917567">
        <ele>340.895802</ele>
        <time>2025-09-03T06:17:19.752000Z</time>
      </trkpt>
      <trkpt lat="18.978665" lon="98.91754">
        <ele>341.216227</ele>
        <time>2025-09-03T06:17:25.263000Z</time>
      </trkpt>
      <trkpt lat="18.978993" lon="98.917527">
        <ele>341.463399</ele>
        <time>2025-09-03T06:17:33.607000Z</time>
      </trkpt>
      <trkpt lat="18.979215" lon="98.917547">
        <ele>341.629941</ele>
        <time>2025-09-03T06:17:39.210000Z</time>
      </trkpt>
      <trkpt lat="18.979413" lon="98.917666">
        <ele>341.800175</ele>
        <time>2025-09-03T06:17:45.194000Z</time>
      </trkpt>
      <trkpt lat="18.979717" lon="98.918113">
        <ele>342.18936</ele>
        <time>2025-09-03T06:17:59.063000Z</time>
      </trkpt>
      <trkpt lat="18.979817" lon="98.918222">
        <ele>342.296707</ele>
        <time>2025-09-03T06:18:02.631000Z</time>
      </trkpt>
      <trkpt lat="18.980035" lon="98.918393">
        <ele>342.499593</ele>
        <time>2025-09-03T06:18:09.034000Z</time>
      </trkpt>
      <trkpt lat="18.98036" lon="98.918534">
        <ele>342.587563</ele>
        <time>2025-09-03T06:18:16.870000Z</time>
      </trkpt>
      <trkpt lat="18.980558" lon="98.918546">
        <ele>342.605035</ele>
        <time>2025-09-03T06:18:21.090000Z</time>
      </trkpt>
      <trkpt lat="18.980725" lon="98.918513">
        <ele>342.620002</ele>
        <time>2025-09-03T06:18:24.639000Z</time>
      </trkpt>
      <trkpt lat="18.980869" lon="98.918429">
        <ele>342.634491</ele>
        <time>2025-09-03T06:18:28.043000Z</time>
      </trkpt>
      <trkpt lat="18.980933" lon="98.918353">
        <ele>342.642969</ele>
        <time>2025-09-03T06:18:30.028000Z</time>
      </trkpt>
      <trkpt lat="18.981067" lon="98.918022">
        <ele>342.672964</ele>
        <time>2025-09-03T06:18:37.151000Z</time>
      </trkpt>
      <trkpt lat="18.981217" lon="98.917848">
        <ele>342.692579</ele>
        <time>2025-09-03T06:18:42.002000Z</time>
      </trkpt>
      <trkpt lat="18.981671" lon="98.917655">
        <ele>342.792523</ele>
        <time>2025-09-03T06:18:53.964000Z</time>
      </trkpt>
      <trkpt lat="18.98182" lon="98.917554">
        <ele>342.876306</ele>
        <time>2025-09-03T06:18:58.820000Z</time>
      </trkpt>
      <trkpt lat="18.982261" lon="98.917097">
        <ele>343.168603</ele>
        <time>2025-09-03T06:19:16.315000Z</time>
      </trkpt>
      <trkpt lat="18.982462" lon="98.916938">
        <ele>343.287433</ele>
        <time>2025-09-03T06:19:22.797000Z</time>
      </trkpt>
      <trkpt lat="18.982846" lon="98.916633">
        <ele>343.514783</ele>
        <time>2025-09-03T06:19:33.242000Z</time>
      </trkpt>
      <trkpt lat="18.982923" lon="98.916452">
        <ele>343.507439</ele>
        <time>2025-09-03T06:19:36.910000Z</time>
      </trkpt>
      <trkpt lat="18.982958" lon="98.916144">
        <ele>343.192871</ele>
        <time>2025-09-03T06:19:42.384000Z</time>
      </trkpt>
      <trkpt lat="18.982995" lon="98.915614">
        <ele>342.653973</ele>
        <time>2025-09-03T06:19:51.578000Z</time>
      </trkpt>
      <trkpt lat="18.983003" lon="98.915532">
        <ele>342.570382</ele>
        <time>2025-09-03T06:19:53.013000Z</time>
      </trkpt>
      <trkpt lat="18.983068" lon="98.914928">
        <ele>341.953955</ele>
        <time>2025-09-03T06:20:03.794000Z</time>
      </trkpt>
      <trkpt lat="18.983073" lon="98.914799">
        <ele>341.823036</ele>
        <time>2025-09-03T06:20:06.172000Z</time>
      </trkpt>
      <trkpt lat="18.983086" lon="98.914223">
        <ele>341.47155</ele>
        <time>2025-09-03T06:20:17.225000Z</time>
      </trkpt>
      <trkpt lat="18.983052" lon="98.91414">
        <ele>341.432333</ele>
        <time>2025-09-03T06:20:18.939000Z</time>
      </trkpt>
      <trkpt lat="18.982887" lon="98.913983">
        <ele>341.330567</ele>
        <time>2025-09-03T06:20:23.314000Z</time>
      </trkpt>
      <trkpt lat="18.982699" lon="98.913923">
        <ele>341.24053</ele>
        <time>2025-09-03T06:20:27.331000Z</time>
      </trkpt>
      <trkpt lat="18.982214" lon="98.913823">
        <ele>341.013974</ele>
        <time>2025-09-03T06:20:37.772000Z</time>
      </trkpt>
      <trkpt lat="18.982113" lon="98.913771">
        <ele>340.96247</ele>
        <time>2025-09-03T06:20:40.126000Z</time>
      </trkpt>
      <trkpt lat="18.98195" lon="98.913565">
        <ele>340.846014</ele>
        <time>2025-09-03T06:20:45.487000Z</time>
      </trkpt>
      <trkpt lat="18.981924" lon="98.913444">
        <ele>340.834775</ele>
        <time>2025-09-03T06:20:48.048000Z</time>
      </trkpt>
      <trkpt lat="18.98185" lon="98.913055">
        <ele>340.91946</ele>
        <time>2025-09-03T06:20:56.546000Z</time>
      </trkpt>
      <trkpt lat="18.981845" lon="98.912698">
        <ele>340.99566</ele>
        <time>2025-09-03T06:21:04.519000Z</time>
      </trkpt>
      <trkpt lat="18.981876" lon="98.912537">
        <ele>341.030726</ele>
        <time>2025-09-03T06:21:08.299000Z</time>
      </trkpt>
      <trkpt lat="18.98204" lon="98.912128">
        <ele>341.12554</ele>
        <time>2025-09-03T06:21:18.676000Z</time>
      </trkpt>
      <trkpt lat="18.982066" lon="98.91201">
        <ele>341.151398</ele>
        <time>2025-09-03T06:21:21.360000Z</time>
      </trkpt>
      <trkpt lat="18.982064" lon="98.911906">
        <ele>341.173599</ele>
        <time>2025-09-03T06:21:23.635000Z</time>
      </trkpt>
      <trkpt lat="18.981961" lon="98.911683">
        <ele>341.226566</ele>
        <time>2025-09-03T06:21:29.013000Z</time>
      </trkpt>
      <trkpt lat="18.981904" lon="98.911481">
        <ele>341.284496</ele>
        <time>2025-09-03T06:21:33.469000Z</time>
      </trkpt>
      <trkpt lat="18.981899" lon="98.911462">
        <ele>341.289919</ele>
        <time>2025-09-03T06:21:33.884000Z</time>
      </trkpt>
      <trkpt lat="18.981908" lon="98.911149">
        <ele>341.376024</ele>
        <time>2025-09-03T06:21:40.364000Z</time>
      </trkpt>
      <trkpt lat="18.981991" lon="98.910853">
        <ele>341.460918</ele>
        <time>2025-09-03T06:21:46.725000Z</time>
      </trkpt>
      <trkpt lat="18.982363" lon="98.909838">
        <ele>341.789648</ele>
        <time>2025-09-03T06:22:11.391000Z</time>
      </trkpt>
      <trkpt lat="18.982614" lon="98.90934">
        <ele>342.377502</ele>
        <time>2025-09-03T06:22:24.981000Z</time>
      </trkpt>
      <trkpt lat="18.983142" lon="98.90841">
        <ele>343.507477</ele>
        <time>2025-09-03T06:22:52.593000Z</time>
      </trkpt>
      <trkpt lat="18.983447" lon="98.908093">
        <ele>344.004697</ele>
        <time>2025-09-03T06:23:04.979000Z</time>
      </trkpt>
      <trkpt lat="18.983596" lon="98.907975">
        <ele>344.231406</ele>
        <time>2025-09-03T06:23:10.465000Z</time>
      </trkpt>
      <trkpt lat="18.983908" lon="98.907845">
        <ele>344.639818</ele>
        <time>2025-09-03T06:23:20.550000Z</time>
      </trkpt>
      <trkpt lat="18.98526" lon="98.907564">
        <ele>345.656589</ele>
        <time>2025-09-03T06:23:56.822000Z</time>
      </trkpt>
      <trkpt lat="18.985619" lon="98.907421">
        <ele>345.344093</ele>
        <time>2025-09-03T06:24:04.464000Z</time>
      </trkpt>
      <trkpt lat="18.985907" lon="98.907252">
        <ele>345.075794</ele>
        <time>2025-09-03T06:24:10.727000Z</time>
      </trkpt>
      <trkpt lat="18.986106" lon="98.907134">
        <ele>344.889947</ele>
        <time>2025-09-03T06:24:14.967000Z</time>
      </trkpt>
      <trkpt lat="18.986233" lon="98.907018">
        <ele>344.753249</ele>
        <time>2025-09-03T06:24:18.012000Z</time>
      </trkpt>
      <trkpt lat="18.986358" lon="98.906884">
        <ele>344.608259</ele>
        <time>2025-09-03T06:24:21.193000Z</time>
      </trkpt>
      <trkpt lat="18.986489" lon="98.906701">
        <ele>344.40533</ele>
        <time>2025-09-03T06:24:25.090000Z</time>
      </trkpt>
      <trkpt lat="18.986582" lon="98.906476">
        <ele>344.018556</ele>
        <time>2025-09-03T06:24:29.189000Z</time>
      </trkpt>
      <trkpt lat="18.98666" lon="98.906198">
        <ele>343.561811</ele>
        <time>2025-09-03T06:24:33.900000Z</time>
      </trkpt>
      <trkpt lat="18.986707" lon="98.906025">
        <ele>343.278296</ele>
        <time>2025-09-03T06:24:36.766000Z</time>
      </trkpt>
      <trkpt lat="18.986847" lon="98.905558">
        <ele>342.506646</ele>
        <time>2025-09-03T06:24:44.388000Z</time>
      </trkpt>
      <trkpt lat="18.98699" lon="98.905305">
        <ele>342.042385</ele>
        <time>2025-09-03T06:24:49.411000Z</time>
      </trkpt>
      <trkpt lat="18.987202" lon="98.904998">
        <ele>341.484758</ele>
        <time>2025-09-03T06:24:57.250000Z</time>
      </trkpt>
      <trkpt lat="18.987269" lon="98.904833">
        <ele>341.893562</ele>
        <time>2025-09-03T06:25:01.260000Z</time>
      </trkpt>
      <trkpt lat="18.987306" lon="98.904495">
        <ele>342.66818</ele>
        <time>2025-09-03T06:25:09.667000Z</time>
      </trkpt>
      <trkpt lat="18.987313" lon="98.904179">
        <ele>343.387772</ele>
        <time>2025-09-03T06:25:18.736000Z</time>
      </trkpt>
      <trkpt lat="18.987348" lon="98.904085">
        <ele>343.617762</ele>
        <time>2025-09-03T06:25:21.962000Z</time>
      </trkpt>
      <trkpt lat="18.987553" lon="98.903394">
        <ele>345.266474</ele>
        <time>2025-09-03T06:25:48.766000Z</time>
      </trkpt>
      <trkpt lat="18.987671" lon="98.903171">
        <ele>345.838143</ele>
        <time>2025-09-03T06:25:58.564000Z</time>
      </trkpt>
      <trkpt lat="18.987822" lon="98.902956">
        <ele>346.340787</ele>
        <time>2025-09-03T06:26:07.128000Z</time>
      </trkpt>
      <trkpt lat="18.988308" lon="98.902522">
        <ele>347.603314</ele>
        <time>2025-09-03T06:26:26.801000Z</time>
      </trkpt>
      <trkpt lat="18.989077" lon="98.902028">
        <ele>349.366608</ele>
        <time>2025-09-03T06:26:51.435000Z</time>
      </trkpt>
      <trkpt lat="18.989203" lon="98.901878">
        <ele>349.444035</ele>
        <time>2025-09-03T06:26:56.091000Z</time>
      </trkpt>
      <trkpt lat="18.989414" lon="98.90138">
        <ele>349.654625</ele>
        <time>2025-09-03T06:27:08.011000Z</time>
      </trkpt>
      <trkpt lat="18.989676" lon="98.900022">
        <ele>350.142294</ele>
        <time>2025-09-03T06:27:38.489000Z</time>
      </trkpt>
      <trkpt lat="18.989764" lon="98.89973">
        <ele>350.201612</ele>
        <time>2025-09-03T06:27:45.534000Z</time>
      </trkpt>
      <trkpt lat="18.989819" lon="98.899272">
        <ele>350.29097</ele>
        <time>2025-09-03T06:27:56.107000Z</time>
      </trkpt>
      <trkpt lat="18.989796" lon="98.899039">
        <ele>350.336313</ele>
        <time>2025-09-03T06:28:01.311000Z</time>
      </trkpt>
      <trkpt lat="18.989431" lon="98.898254">
        <ele>350.366152</ele>
        <time>2025-09-03T06:28:19.595000Z</time>
      </trkpt>
      <trkpt lat="18.989401" lon="98.897835">
        <ele>350.181476</ele>
        <time>2025-09-03T06:28:27.702000Z</time>
      </trkpt>
      <trkpt lat="18.9894" lon="98.897596">
        <ele>350.076436</ele>
        <time>2025-09-03T06:28:32.322000Z</time>
      </trkpt>
      <trkpt lat="18.989467" lon="98.897318">
        <ele>349.95035</ele>
        <time>2025-09-03T06:28:37.840000Z</time>
      </trkpt>
      <trkpt lat="18.989617" lon="98.897057">
        <ele>349.816116</ele>
        <time>2025-09-03T06:28:43.711000Z</time>
      </trkpt>
      <trkpt lat="18.989846" lon="98.896755">
        <ele>349.645982</ele>
        <time>2025-09-03T06:28:51.238000Z</time>
      </trkpt>
      <trkpt lat="18.990184" lon="98.896369">
        <ele>349.175322</ele>
        <time>2025-09-03T06:29:01.305000Z</time>
      </trkpt>
      <trkpt lat="18.990493" lon="98.896024">
        <ele>348.730835</ele>
        <time>2025-09-03T06:29:09.918000Z</time>
      </trkpt>
      <trkpt lat="18.991017" lon="98.895358">
        <ele>347.920431</ele>
        <time>2025-09-03T06:29:25.552000Z</time>
      </trkpt>
      <trkpt lat="18.991096" lon="98.895286">
        <ele>347.806028</ele>
        <time>2025-09-03T06:29:27.513000Z</time>
      </trkpt>
      <trkpt lat="18.991206" lon="98.895223">
        <ele>347.636662</ele>
        <time>2025-09-03T06:29:29.859000Z</time>
      </trkpt>
      <trkpt lat="18.991704" lon="98.895142">
        <ele>346.954492</ele>
        <time>2025-09-03T06:29:39.116000Z</time>
      </trkpt>
      <trkpt lat="18.991844" lon="98.895056">
        <ele>346.735291</ele>
        <time>2025-09-03T06:29:42.082000Z</time>
      </trkpt>
      <trkpt lat="18.992045" lon="98.894896">
        <ele>346.394684</ele>
        <time>2025-09-03T06:29:46.750000Z</time>
      </trkpt>
      <trkpt lat="18.992196" lon="98.894728">
        <ele>346.097949</ele>
        <time>2025-09-03T06:29:50.839000Z</time>
      </trkpt>
      <trkpt lat="18.99229" lon="98.894553">
        <ele>345.840289</ele>
        <time>2025-09-03T06:29:54.378000Z</time>
      </trkpt>
      <trkpt lat="18.992361" lon="98.89434">
        <ele>345.55116</ele>
        <time>2025-09-03T06:29:58.336000Z</time>
      </trkpt>
      <trkpt lat="18.992362" lon="98.894159">
        <ele>345.369951</ele>
        <time>2025-09-03T06:30:01.495000Z</time>
      </trkpt>
      <trkpt lat="18.992267" lon="98.8937">
        <ele>345.094672</ele>
        <time>2025-09-03T06:30:09.816000Z</time>
      </trkpt>
      <trkpt lat="18.99227" lon="98.893453">
        <ele>344.94995</ele>
        <time>2025-09-03T06:30:14.304000Z</time>
      </trkpt>
      <trkpt lat="18.992318" lon="98.893249">
        <ele>344.826789</ele>
        <time>2025-09-03T06:30:18.286000Z</time>
      </trkpt>
      <trkpt lat="18.99244" lon="98.892931">
        <ele>344.625732</ele>
        <time>2025-09-03T06:30:25.074000Z</time>
      </trkpt>
      <trkpt lat="18.992494" lon="98.892848">
        <ele>344.566707</ele>
        <time>2025-09-03T06:30:27.106000Z</time>
      </trkpt>
      <trkpt lat="18.992808" lon="98.892504">
        <ele>344.313942</ele>
        <time>2025-09-03T06:30:37.187000Z</time>
      </trkpt>
      <trkpt lat="18.993256" lon="98.892258">
        <ele>344.741714</ele>
        <time>2025-09-03T06:30:49.146000Z</time>
      </trkpt>
      <trkpt lat="18.993526" lon="98.8922">
        <ele>344.975192</ele>
        <time>2025-09-03T06:30:55.853000Z</time>
      </trkpt>
      <trkpt lat="18.994015" lon="98.892173">
        <ele>345.390149</ele>
        <time>2025-09-03T06:31:08.553000Z</time>
      </trkpt>
      <trkpt lat="18.994252" lon="98.892058">
        <ele>345.611121</ele>
        <time>2025-09-03T06:31:15.657000Z</time>
      </trkpt>
      <trkpt lat="18.994513" lon="98.891859">
        <ele>345.960762</ele>
        <time>2025-09-03T06:31:24.690000Z</time>
      </trkpt>
      <trkpt lat="18.995381" lon="98.89097">
        <ele>348.267933</ele>
        <time>2025-09-03T06:32:01.430000Z</time>
      </trkpt>
      <trkpt lat="18.996272" lon="98.890276">
        <ele>350.15592</ele>
        <time>2025-09-03T06:32:35.206000Z</time>
      </trkpt>
      <trkpt lat="18.997534" lon="98.889282">
        <ele>352.701839</ele>
        <time>2025-09-03T06:33:17.625000Z</time>
      </trkpt>
      <trkpt lat="18.997754" lon="98.889157">
        <ele>353.181187</ele>
        <time>2025-09-03T06:33:24.936000Z</time>
      </trkpt>
      <trkpt lat="18.998258" lon="98.889015">
        <ele>354.182303</ele>
        <time>2025-09-03T06:33:40.720000Z</time>
      </trkpt>
      <trkpt lat="18.998838" lon="98.888918">
        <ele>355.309388</ele>
        <time>2025-09-03T06:33:58.990000Z</time>
      </trkpt>
      <trkpt lat="18.99896" lon="98.888873">
        <ele>355.618357</ele>
        <time>2025-09-03T06:34:02.995000Z</time>
      </trkpt>
      <trkpt lat="18.999146" lon="98.888682">
        <ele>356.415967</ele>
        <time>2025-09-03T06:34:10.926000Z</time>
      </trkpt>
      <trkpt lat="19.000025" lon="98.888276">
        <ele>359.366953</ele>
        <time>2025-09-03T06:34:45.233000Z</time>
      </trkpt>
      <trkpt lat="19.000133" lon="98.888252">
        <ele>359.706482</ele>
        <time>2025-09-03T06:34:49.600000Z</time>
      </trkpt>
      <trkpt lat="19.000404" lon="98.88828">
        <ele>360.544211</ele>
        <time>2025-09-03T06:35:00.292000Z</time>
      </trkpt>
      <trkpt lat="19.000692" lon="98.888384">
        <ele>360.792168</ele>
        <time>2025-09-03T06:35:11.231000Z</time>
      </trkpt>
      <trkpt lat="19.000993" lon="98.888452">
        <ele>360.410302</ele>
        <time>2025-09-03T06:35:20.746000Z</time>
      </trkpt>
      <trkpt lat="19.001328" lon="98.888455">
        <ele>359.994663</ele>
        <time>2025-09-03T06:35:28.986000Z</time>
      </trkpt>
      <trkpt lat="19.001642" lon="98.888381">
        <ele>359.595538</ele>
        <time>2025-09-03T06:35:34.902000Z</time>
      </trkpt>
      <trkpt lat="19.002004" lon="98.888226">
        <ele>359.111006</ele>
        <time>2025-09-03T06:35:41.054000Z</time>
      </trkpt>
      <trkpt lat="19.002203" lon="98.88807">
        <ele>358.803688</ele>
        <time>2025-09-03T06:35:44.699000Z</time>
      </trkpt>
      <trkpt lat="19.002986" lon="98.887343">
        <ele>353.383791</ele>
        <time>2025-09-03T06:35:59.802000Z</time>
      </trkpt>
      <trkpt lat="19.003424" lon="98.886978">
        <ele>350.403009</ele>
        <time>2025-09-03T06:36:08.060000Z</time>
      </trkpt>
      <trkpt lat="19.003804" lon="98.88673">
        <ele>348.996078</ele>
        <time>2025-09-03T06:36:15.188000Z</time>
      </trkpt>
      <trkpt lat="19.004129" lon="98.88656">
        <ele>348.742219</ele>
        <time>2025-09-03T06:36:21.511000Z</time>
      </trkpt>
      <trkpt lat="19.005584" lon="98.885953">
        <ele>347.884495</ele>
        <time>2025-09-03T06:37:00.341000Z</time>
      </trkpt>
      <trkpt lat="19.006329" lon="98.885765">
        <ele>347.884602</ele>
        <time>2025-09-03T06:37:19.271000Z</time>
      </trkpt>
      <trkpt lat="19.00681" lon="98.885555">
        <ele>347.884676</ele>
        <time>2025-09-03T06:37:29.630000Z</time>
      </trkpt>
      <trkpt lat="19.007088" lon="98.885469">
        <ele>347.768407</ele>
        <time>2025-09-03T06:37:35.099000Z</time>
      </trkpt>
      <trkpt lat="19.00738" lon="98.88545">
        <ele>347.475795</ele>
        <time>2025-09-03T06:37:40.480000Z</time>
      </trkpt>
      <trkpt lat="19.009812" lon="98.885477">
        <ele>346.281566</ele>
        <time>2025-09-03T06:38:27.584000Z</time>
      </trkpt>
      <trkpt lat="19.010208" lon="98.88545">
        <ele>346.35614</ele>
        <time>2025-09-03T06:38:38.493000Z</time>
      </trkpt>
      <trkpt lat="19.010723" lon="98.88537">
        <ele>346.667052</ele>
        <time>2025-09-03T06:38:54.157000Z</time>
      </trkpt>
      <trkpt lat="19.011384" lon="98.885224">
        <ele>347.687603</ele>
        <time>2025-09-03T06:39:15.736000Z</time>
      </trkpt>
      <trkpt lat="19.012102" lon="98.885007">
        <ele>348.816181</ele>
        <time>2025-09-03T06:39:36.539000Z</time>
      </trkpt>
      <trkpt lat="19.012949" lon="98.884629">
        <ele>349.265332</ele>
        <time>2025-09-03T06:39:57.384000Z</time>
      </trkpt>
      <trkpt lat="19.013558" lon="98.884218">
        <ele>349.391869</ele>
        <time>2025-09-03T06:40:12.654000Z</time>
      </trkpt>
      <trkpt lat="19.01443" lon="98.883662">
        <ele>349.95834</ele>
        <time>2025-09-03T06:40:37.288000Z</time>
      </trkpt>
      <trkpt lat="19.014687" lon="98.883495">
        <ele>350.192496</ele>
        <time>2025-09-03T06:40:45.642000Z</time>
      </trkpt>
      <trkpt lat="19.015316" lon="98.883184">
        <ele>350.731517</ele>
        <time>2025-09-03T06:41:04.669000Z</time>
      </trkpt>
      <trkpt lat="19.015596" lon="98.883109">
        <ele>350.724831</ele>
        <time>2025-09-03T06:41:11.878000Z</time>
      </trkpt>
      <trkpt lat="19.015826" lon="98.883092">
        <ele>350.49981</ele>
        <time>2025-09-03T06:41:17.055000Z</time>
      </trkpt>
      <trkpt lat="19.016196" lon="98.883122">
        <ele>350.13764</ele>
        <time>2025-09-03T06:41:24.575000Z</time>
      </trkpt>
      <trkpt lat="19.016253" lon="98.883105">
        <ele>350.079841</ele>
        <time>2025-09-03T06:41:25.728000Z</time>
      </trkpt>
      <trkpt lat="19.016269" lon="98.882985">
        <ele>349.96802</ele>
        <time>2025-09-03T06:41:27.902000Z</time>
      </trkpt>
      <trkpt lat="19.016091" lon="98.881944">
        <ele>348.903344</ele>
        <time>2025-09-03T06:41:45.797000Z</time>
      </trkpt>
      <trkpt lat="19.016062" lon="98.881275">
        <ele>347.769781</ele>
        <time>2025-09-03T06:41:56.678000Z</time>
      </trkpt>
      <trkpt lat="19.016092" lon="98.881084">
        <ele>347.442057</ele>
        <time>2025-09-03T06:41:59.849000Z</time>
      </trkpt>
      <trkpt lat="19.016254" lon="98.880612">
        <ele>346.592117</ele>
        <time>2025-09-03T06:42:08.388000Z</time>
      </trkpt>
      <trkpt lat="19.016319" lon="98.880439">
        <ele>346.277015</ele>
        <time>2025-09-03T06:42:11.638000Z</time>
      </trkpt>
      <trkpt lat="19.01637" lon="98.880301">
        <ele>346.02622</ele>
        <time>2025-09-03T06:42:14.259000Z</time>
      </trkpt>
      <trkpt lat="19.016483" lon="98.880067">
        <ele>345.805577</ele>
        <time>2025-09-03T06:42:18.973000Z</time>
      </trkpt>
      <trkpt lat="19.016594" lon="98.879767">
        <ele>345.672627</ele>
        <time>2025-09-03T06:42:24.768000Z</time>
      </trkpt>
      <trkpt lat="19.016778" lon="98.879097">
        <ele>345.384696</ele>
        <time>2025-09-03T06:42:38.467000Z</time>
      </trkpt>
      <trkpt lat="19.016923" lon="98.878753">
        <ele>345.229261</ele>
        <time>2025-09-03T06:42:46.789000Z</time>
      </trkpt>
      <trkpt lat="19.017027" lon="98.878562">
        <ele>345.138299</ele>
        <time>2025-09-03T06:42:51.567000Z</time>
      </trkpt>
      <trkpt lat="19.017273" lon="98.878129">
        <ele>345.194297</ele>
        <time>2025-09-03T06:43:02.249000Z</time>
      </trkpt>
      <trkpt lat="19.017349" lon="98.878002">
        <ele>345.232984</ele>
        <time>2025-09-03T06:43:05.432000Z</time>
      </trkpt>
      <trkpt lat="19.017594" lon="98.877701">
        <ele>345.335216</ele>
        <time>2025-09-03T06:43:14.181000Z</time>
      </trkpt>
      <trkpt lat="19.017652" lon="98.877648">
        <ele>345.356083</ele>
        <time>2025-09-03T06:43:16.037000Z</time>
      </trkpt>
      <trkpt lat="19.017726" lon="98.877625">
        <ele>345.377082</ele>
        <time>2025-09-03T06:43:17.904000Z</time>
      </trkpt>
      <trkpt lat="19.018085" lon="98.877649">
        <ele>345.475015</ele>
        <time>2025-09-03T06:43:26.434000Z</time>
      </trkpt>
      <trkpt lat="19.018434" lon="98.877515">
        <ele>345.576096</ele>
        <time>2025-09-03T06:43:34.963000Z</time>
      </trkpt>
      <trkpt lat="19.018566" lon="98.877417">
        <ele>345.750256</ele>
        <time>2025-09-03T06:43:38.728000Z</time>
      </trkpt>
      <trkpt lat="19.018778" lon="98.877193">
        <ele>346.114345</ele>
        <time>2025-09-03T06:43:45.925000Z</time>
      </trkpt>
      <trkpt lat="19.019582" lon="98.876461">
        <ele>347.40328</ele>
        <time>2025-09-03T06:44:14.796000Z</time>
      </trkpt>
      <trkpt lat="19.019976" lon="98.876293">
        <ele>348.091272</ele>
        <time>2025-09-03T06:44:27.641000Z</time>
      </trkpt>
      <trkpt lat="19.020231" lon="98.87615">
        <ele>348.839372</ele>
        <time>2025-09-03T06:44:36.973000Z</time>
      </trkpt>
      <trkpt lat="19.020363" lon="98.876103">
        <ele>349.200378</ele>
        <time>2025-09-03T06:44:41.586000Z</time>
      </trkpt>
      <trkpt lat="19.020409" lon="98.876091">
        <ele>349.323182</ele>
        <time>2025-09-03T06:44:43.131000Z</time>
      </trkpt>
      <trkpt lat="19.020449" lon="98.87609">
        <ele>349.42689</ele>
        <time>2025-09-03T06:44:44.437000Z</time>
      </trkpt>
      <trkpt lat="19.020897" lon="98.876078">
        <ele>350.588469</ele>
        <time>2025-09-03T06:44:59.317000Z</time>
      </trkpt>
      <trkpt lat="19.021268" lon="98.875985">
        <ele>351.576728</ele>
        <time>2025-09-03T06:45:12.336000Z</time>
      </trkpt>
      <trkpt lat="19.021736" lon="98.875756">
        <ele>352.663904</ele>
        <time>2025-09-03T06:45:29.702000Z</time>
      </trkpt>
      <trkpt lat="19.021846" lon="98.875676">
        <ele>352.831423</ele>
        <time>2025-09-03T06:45:34.208000Z</time>
      </trkpt>
      <trkpt lat="19.022003" lon="98.875514">
        <ele>353.106659</ele>
        <time>2025-09-03T06:45:41.563000Z</time>
      </trkpt>
      <trkpt lat="19.022194" lon="98.875244">
        <ele>353.506727</ele>
        <time>2025-09-03T06:45:51.463000Z</time>
      </trkpt>
      <trkpt lat="19.022267" lon="98.87511">
        <ele>353.690206</ele>
        <time>2025-09-03T06:45:55.498000Z</time>
      </trkpt>
      <trkpt lat="19.022341" lon="98.87497">
        <ele>353.880495</ele>
        <time>2025-09-03T06:45:59.410000Z</time>
      </trkpt>
      <trkpt lat="19.022492" lon="98.874706">
        <ele>354.246558</ele>
        <time>2025-09-03T06:46:06.118000Z</time>
      </trkpt>
      <trkpt lat="19.022565" lon="98.874622">
        <ele>354.381921</ele>
        <time>2025-09-03T06:46:08.425000Z</time>
      </trkpt>
      <trkpt lat="19.022655" lon="98.874555">
        <ele>354.520028</ele>
        <time>2025-09-03T06:46:10.672000Z</time>
      </trkpt>
      <trkpt lat="19.022789" lon="98.874503">
        <ele>354.6752</ele>
        <time>2025-09-03T06:46:13.494000Z</time>
      </trkpt>
      <trkpt lat="19.023545" lon="98.874378">
        <ele>353.74678</ele>
        <time>2025-09-03T06:46:27.995000Z</time>
      </trkpt>
      <trkpt lat="19.023642" lon="98.874369">
        <ele>353.628634</ele>
        <time>2025-09-03T06:46:29.742000Z</time>
      </trkpt>
      <trkpt lat="19.023903" lon="98.87434">
        <ele>353.310212</ele>
        <time>2025-09-03T06:46:34.373000Z</time>
      </trkpt>
      <trkpt lat="19.024429" lon="98.874297">
        <ele>352.670094</ele>
        <time>2025-09-03T06:46:43.933000Z</time>
      </trkpt>
      <trkpt lat="19.024546" lon="98.874341">
        <ele>352.519429</ele>
        <time>2025-09-03T06:46:46.320000Z</time>
      </trkpt>
      <trkpt lat="19.024596" lon="98.874381">
        <ele>352.455908</ele>
        <time>2025-09-03T06:46:47.531000Z</time>
      </trkpt>
      <trkpt lat="19.024971" lon="98.87489">
        <ele>351.867281</ele>
        <time>2025-09-03T06:46:59.917000Z</time>
      </trkpt>
      <trkpt lat="19.025433" lon="98.875347">
        <ele>351.256972</ele>
        <time>2025-09-03T06:47:11.881000Z</time>
      </trkpt>
      <trkpt lat="19.025777" lon="98.875586">
        <ele>350.859866</ele>
        <time>2025-09-03T06:47:19.741000Z</time>
      </trkpt>
      <trkpt lat="19.026138" lon="98.875652">
        <ele>350.893142</ele>
        <time>2025-09-03T06:47:26.970000Z</time>
      </trkpt>
      <trkpt lat="19.026399" lon="98.875691">
        <ele>351.013129</ele>
        <time>2025-09-03T06:47:32.591000Z</time>
      </trkpt>
      <trkpt lat="19.027027" lon="98.875751">
        <ele>351.300159</ele>
        <time>2025-09-03T06:47:47.673000Z</time>
      </trkpt>
      <trkpt lat="19.027286" lon="98.875714">
        <ele>351.419127</ele>
        <time>2025-09-03T06:47:54.604000Z</time>
      </trkpt>
      <trkpt lat="19.027484" lon="98.875633">
        <ele>351.515762</ele>
        <time>2025-09-03T06:48:00.456000Z</time>
      </trkpt>
      <trkpt lat="19.027855" lon="98.87536">
        <ele>352.000358</ele>
        <time>2025-09-03T06:48:13.820000Z</time>
      </trkpt>
      <trkpt lat="19.027999" lon="98.875225">
        <ele>352.270811</ele>
        <time>2025-09-03T06:48:19.833000Z</time>
      </trkpt>
      <trkpt lat="19.028487" lon="98.874379">
        <ele>353.587689</ele>
        <time>2025-09-03T06:48:47.174000Z</time>
      </trkpt>
      <trkpt lat="19.028776" lon="98.873997">
        <ele>354.097241</ele>
        <time>2025-09-03T06:48:58.709000Z</time>
      </trkpt>
      <trkpt lat="19.02893" lon="98.87385">
        <ele>354.052252</ele>
        <time>2025-09-03T06:49:03.504000Z</time>
      </trkpt>
      <trkpt lat="19.029066" lon="98.873758">
        <ele>354.01724</ele>
        <time>2025-09-03T06:49:07.059000Z</time>
      </trkpt>
      <trkpt lat="19.029603" lon="98.87363">
        <ele>353.897853</ele>
        <time>2025-09-03T06:49:18.447000Z</time>
      </trkpt>
      <trkpt lat="19.029924" lon="98.873574">
        <ele>353.827292</ele>
        <time>2025-09-03T06:49:25.034000Z</time>
      </trkpt>
      <trkpt lat="19.030015" lon="98.873583">
        <ele>353.80747</ele>
        <time>2025-09-03T06:49:26.889000Z</time>
      </trkpt>
      <trkpt lat="19.030096" lon="98.873621">
        <ele>353.788252</ele>
        <time>2025-09-03T06:49:28.662000Z</time>
      </trkpt>
      <trkpt lat="19.030315" lon="98.873801">
        <ele>353.728102</ele>
        <time>2025-09-03T06:49:34.260000Z</time>
      </trkpt>
      <trkpt lat="19.030407" lon="98.873837">
        <ele>353.717713</ele>
        <time>2025-09-03T06:49:36.273000Z</time>
      </trkpt>
      <trkpt lat="19.03068" lon="98.873844">
        <ele>353.692233</ele>
        <time>2025-09-03T06:49:41.881000Z</time>
      </trkpt>
      <trkpt lat="19.030995" lon="98.873794">
        <ele>353.662512</ele>
        <time>2025-09-03T06:49:48.531000Z</time>
      </trkpt>
      <trkpt lat="19.03111" lon="98.873747">
        <ele>353.651009</ele>
        <time>2025-09-03T06:49:51.154000Z</time>
      </trkpt>
      <trkpt lat="19.031206" lon="98.873661">
        <ele>353.639271</ele>
        <time>2025-09-03T06:49:53.852000Z</time>
      </trkpt>
      <trkpt lat="19.031364" lon="98.873417">
        <ele>353.613184</ele>
        <time>2025-09-03T06:50:00.023000Z</time>
      </trkpt>
      <trkpt lat="19.031571" lon="98.87317">
        <ele>353.584068</ele>
        <time>2025-09-03T06:50:07.182000Z</time>
      </trkpt>
      <trkpt lat="19.031666" lon="98.873106">
        <ele>353.573559</ele>
        <time>2025-09-03T06:50:09.826000Z</time>
      </trkpt>
      <trkpt lat="19.032113" lon="98.872932">
        <ele>353.75913</ele>
        <time>2025-09-03T06:50:21.516000Z</time>
      </trkpt>
      <trkpt lat="19.032554" lon="98.872679">
        <ele>354.083709</ele>
        <time>2025-09-03T06:50:34.120000Z</time>
      </trkpt>
      <trkpt lat="19.033206" lon="98.872149">
        <ele>354.615707</ele>
        <time>2025-09-03T06:50:54.574000Z</time>
      </trkpt>
      <trkpt lat="19.033415" lon="98.871944">
        <ele>354.764832</ele>
        <time>2025-09-03T06:51:01.995000Z</time>
      </trkpt>
      <trkpt lat="19.033526" lon="98.871832">
        <ele>354.819368</ele>
        <time>2025-09-03T06:51:05.936000Z</time>
      </trkpt>
      <trkpt lat="19.03368" lon="98.871677">
        <ele>354.894939</ele>
        <time>2025-09-03T06:51:11.241000Z</time>
      </trkpt>
      <trkpt lat="19.034033" lon="98.871427">
        <ele>355.045965</ele>
        <time>2025-09-03T06:51:21.460000Z</time>
      </trkpt>
      <trkpt lat="19.034299" lon="98.87143">
        <ele>355.140538</ele>
        <time>2025-09-03T06:51:27.294000Z</time>
      </trkpt>
      <trkpt lat="19.034619" lon="98.87146">
        <ele>355.254749</ele>
        <time>2025-09-03T06:51:34.543000Z</time>
      </trkpt>
      <trkpt lat="19.034876" lon="98.871516">
        <ele>355.348034</ele>
        <time>2025-09-03T06:51:40.482000Z</time>
      </trkpt>
      <trkpt lat="19.035421" lon="98.871748">
        <ele>355.928988</ele>
        <time>2025-09-03T06:51:53.708000Z</time>
      </trkpt>
      <trkpt lat="19.036038" lon="98.872005">
        <ele>356.613106</ele>
        <time>2025-09-03T06:52:10.494000Z</time>
      </trkpt>
      <trkpt lat="19.03612" lon="98.872034">
        <ele>356.702307</ele>
        <time>2025-09-03T06:52:12.916000Z</time>
      </trkpt>
      <trkpt lat="19.036342" lon="98.872079">
        <ele>356.935508</ele>
        <time>2025-09-03T06:52:19.617000Z</time>
      </trkpt>
      <trkpt lat="19.036491" lon="98.872068">
        <ele>357.089603</ele>
        <time>2025-09-03T06:52:24.331000Z</time>
      </trkpt>
      <trkpt lat="19.036606" lon="98.872044">
        <ele>357.210533</ele>
        <time>2025-09-03T06:52:28.116000Z</time>
      </trkpt>
      <trkpt lat="19.036904" lon="98.871916">
        <ele>357.709636</ele>
        <time>2025-09-03T06:52:38.629000Z</time>
      </trkpt>
      <trkpt lat="19.0373" lon="98.871722">
        <ele>358.391273</ele>
        <time>2025-09-03T06:52:52.776000Z</time>
      </trkpt>
      <trkpt lat="19.037586" lon="98.871616">
        <ele>358.864613</ele>
        <time>2025-09-03T06:53:01.820000Z</time>
      </trkpt>
      <trkpt lat="19.037989" lon="98.871545">
        <ele>359.502745</ele>
        <time>2025-09-03T06:53:12.916000Z</time>
      </trkpt>
      <trkpt lat="19.038141" lon="98.871479">
        <ele>359.759382</ele>
        <time>2025-09-03T06:53:17.066000Z</time>
      </trkpt>
      <trkpt lat="19.039274" lon="98.870799">
        <ele>359.358057</ele>
        <time>2025-09-03T06:53:45.460000Z</time>
      </trkpt>
      <trkpt lat="19.039381" lon="98.870677">
        <ele>359.265177</ele>
        <time>2025-09-03T06:53:48.429000Z</time>
      </trkpt>
      <trkpt lat="19.039437" lon="98.870549">
        <ele>359.18646</ele>
        <time>2025-09-03T06:53:50.907000Z</time>
      </trkpt>
      <trkpt lat="19.039459" lon="98.870421">
        <ele>359.113853</ele>
        <time>2025-09-03T06:53:53.147000Z</time>
      </trkpt>
      <trkpt lat="19.039461" lon="98.870271">
        <ele>359.03013</ele>
        <time>2025-09-03T06:53:55.686000Z</time>
      </trkpt>
      <trkpt lat="19.039486" lon="98.870161">
        <ele>358.966989</ele>
        <time>2025-09-03T06:53:57.565000Z</time>
      </trkpt>
      <trkpt lat="19.039542" lon="98.870107">
        <ele>358.833633</ele>
        <time>2025-09-03T06:53:58.933000Z</time>
      </trkpt>
      <trkpt lat="19.039617" lon="98.870067">
        <ele>358.679642</ele>
        <time>2025-09-03T06:54:00.408000Z</time>
      </trkpt>
      <trkpt lat="19.040498" lon="98.869842">
        <ele>357.018027</ele>
        <time>2025-09-03T06:54:16.595000Z</time>
      </trkpt>
      <trkpt lat="19.040766" lon="98.869732">
        <ele>356.490993</ele>
        <time>2025-09-03T06:54:21.435000Z</time>
      </trkpt>
      <trkpt lat="19.041324" lon="98.869448">
        <ele>355.659225</ele>
        <time>2025-09-03T06:54:32.277000Z</time>
      </trkpt>
      <trkpt lat="19.041566" lon="98.86939">
        <ele>355.648232</ele>
        <time>2025-09-03T06:54:37.225000Z</time>
      </trkpt>
      <trkpt lat="19.041742" lon="98.869436">
        <ele>355.6402</ele>
        <time>2025-09-03T06:54:41.013000Z</time>
      </trkpt>
      <trkpt lat="19.04199" lon="98.86945">
        <ele>355.629197</ele>
        <time>2025-09-03T06:54:46.448000Z</time>
      </trkpt>
      <trkpt lat="19.042419" lon="98.869317">
        <ele>355.609391</ele>
        <time>2025-09-03T06:54:56.750000Z</time>
      </trkpt>
      <trkpt lat="19.042624" lon="98.869146">
        <ele>355.597824</ele>
        <time>2025-09-03T06:55:03.050000Z</time>
      </trkpt>
      <trkpt lat="19.043238" lon="98.868518">
        <ele>356.351551</ele>
        <time>2025-09-03T06:55:28.056000Z</time>
      </trkpt>
      <trkpt lat="19.043434" lon="98.868378">
        <ele>356.647493</ele>
        <time>2025-09-03T06:55:34.655000Z</time>
      </trkpt>
      <trkpt lat="19.043688" lon="98.868197">
        <ele>357.030726</ele>
        <time>2025-09-03T06:55:42.830000Z</time>
      </trkpt>
      <trkpt lat="19.044091" lon="98.867975">
        <ele>357.599303</ele>
        <time>2025-09-03T06:55:55.039000Z</time>
      </trkpt>
      <trkpt lat="19.044625" lon="98.867708">
        <ele>358.190027</ele>
        <time>2025-09-03T06:56:10.308000Z</time>
      </trkpt>
      <trkpt lat="19.044841" lon="98.86753">
        <ele>358.431091</ele>
        <time>2025-09-03T06:56:17.373000Z</time>
      </trkpt>
      <trkpt lat="19.045055" lon="98.867298">
        <ele>358.700869</ele>
        <time>2025-09-03T06:56:25.284000Z</time>
      </trkpt>
      <trkpt lat="19.04541" lon="98.867105">
        <ele>359.052281</ele>
        <time>2025-09-03T06:56:35.672000Z</time>
      </trkpt>
      <trkpt lat="19.045549" lon="98.867062">
        <ele>359.179787</ele>
        <time>2025-09-03T06:56:39.398000Z</time>
      </trkpt>
      <trkpt lat="19.046374" lon="98.866933">
        <ele>359.834304</ele>
        <time>2025-09-03T06:57:00.047000Z</time>
      </trkpt>
      <trkpt lat="19.046676" lon="98.866887">
        <ele>360.059458</ele>
        <time>2025-09-03T06:57:07.713000Z</time>
      </trkpt>
      <trkpt lat="19.046975" lon="98.866812">
        <ele>360.286217</ele>
        <time>2025-09-03T06:57:15.420000Z</time>
      </trkpt>
      <trkpt lat="19.047736" lon="98.866519">
        <ele>360.8381</ele>
        <time>2025-09-03T06:57:36.033000Z</time>
      </trkpt>
      <trkpt lat="19.047932" lon="98.866426">
        <ele>360.942983</ele>
        <time>2025-09-03T06:57:41.637000Z</time>
      </trkpt>
      <trkpt lat="19.048628" lon="98.866225">
        <ele>361.295246</ele>
        <time>2025-09-03T06:58:00.115000Z</time>
      </trkpt>
      <trkpt lat="19.048943" lon="98.866131">
        <ele>361.455049</ele>
        <time>2025-09-03T06:58:08.133000Z</time>
      </trkpt>
      <trkpt lat="19.049449" lon="98.866021">
        <ele>361.524059</ele>
        <time>2025-09-03T06:58:18.917000Z</time>
      </trkpt>
      <trkpt lat="19.049898" lon="98.865926">
        <ele>361.23799</ele>
        <time>2025-09-03T06:58:28.071000Z</time>
      </trkpt>
      <trkpt lat="19.050238" lon="98.865846">
        <ele>361.020384</ele>
        <time>2025-09-03T06:58:34.859000Z</time>
      </trkpt>
      <trkpt lat="19.050423" lon="98.865786">
        <ele>360.899496</ele>
        <time>2025-09-03T06:58:38.600000Z</time>
      </trkpt>
      <trkpt lat="19.050532" lon="98.865749">
        <ele>360.827978</ele>
        <time>2025-09-03T06:58:40.791000Z</time>
      </trkpt>
      <trkpt lat="19.050759" lon="98.865678">
        <ele>360.680091</ele>
        <time>2025-09-03T06:58:45.304000Z</time>
      </trkpt>
      <trkpt lat="19.051477" lon="98.865378">
        <ele>360.700077</ele>
        <time>2025-09-03T06:59:01.661000Z</time>
      </trkpt>
      <trkpt lat="19.051853" lon="98.865133">
        <ele>360.877943</ele>
        <time>2025-09-03T06:59:12.743000Z</time>
      </trkpt>
      <trkpt lat="19.052146" lon="98.864939">
        <ele>361.017165</ele>
        <time>2025-09-03T06:59:21.671000Z</time>
      </trkpt>
      <trkpt lat="19.053077" lon="98.86424">
        <ele>361.314079</ele>
        <time>2025-09-03T06:59:50.187000Z</time>
      </trkpt>
      <trkpt lat="19.053475" lon="98.863878">
        <ele>361.387359</ele>
        <time>2025-09-03T07:00:00.738000Z</time>
      </trkpt>
      <trkpt lat="19.053774" lon="98.863544">
        <ele>361.448067</ele>
        <time>2025-09-03T07:00:09.955000Z</time>
      </trkpt>
      <trkpt lat="19.053999" lon="98.863345">
        <ele>361.611121</ele>
        <time>2025-09-03T07:00:16.979000Z</time>
      </trkpt>
      <trkpt lat="19.054309" lon="98.863129">
        <ele>362.280915</ele>
        <time>2025-09-03T07:00:26.131000Z</time>
      </trkpt>
      <trkpt lat="19.054954" lon="98.862726">
        <ele>363.632588</ele>
        <time>2025-09-03T07:00:48.533000Z</time>
      </trkpt>
      <trkpt lat="19.055198" lon="98.862527">
        <ele>364.188508</ele>
        <time>2025-09-03T07:00:58.875000Z</time>
      </trkpt>
      <trkpt lat="19.055453" lon="98.862242">
        <ele>364.928198</ele>
        <time>2025-09-03T07:01:11.715000Z</time>
      </trkpt>
      <trkpt lat="19.055881" lon="98.861831">
        <ele>366.52081</ele>
        <time>2025-09-03T07:01:30.862000Z</time>
      </trkpt>
      <trkpt lat="19.056196" lon="98.861622">
        <ele>367.545293</ele>
        <time>2025-09-03T07:01:43.229000Z</time>
      </trkpt>
      <trkpt lat="19.056808" lon="98.861307">
        <ele>369.420515</ele>
        <time>2025-09-03T07:02:06.170000Z</time>
      </trkpt>
      <trkpt lat="19.057277" lon="98.861137">
        <ele>370.246238</ele>
        <time>2025-09-03T07:02:22.621000Z</time>
      </trkpt>
      <trkpt lat="19.058243" lon="98.86087">
        <ele>371.653825</ele>
        <time>2025-09-03T07:02:50.868000Z</time>
      </trkpt>
      <trkpt lat="19.058692" lon="98.860759">
        <ele>372.203434</ele>
        <time>2025-09-03T07:03:01.258000Z</time>
      </trkpt>
      <trkpt lat="19.058833" lon="98.860725">
        <ele>372.174525</ele>
        <time>2025-09-03T07:03:04.240000Z</time>
      </trkpt>
      <trkpt lat="19.058975" lon="98.860733">
        <ele>372.1461</ele>
        <time>2025-09-03T07:03:07.156000Z</time>
      </trkpt>
      <trkpt lat="19.059877" lon="98.861002">
        <ele>371.958767</ele>
        <time>2025-09-03T07:03:26.362000Z</time>
      </trkpt>
      <trkpt lat="19.060422" lon="98.861203">
        <ele>371.805215</ele>
        <time>2025-09-03T07:03:39.494000Z</time>
      </trkpt>
      <trkpt lat="19.061148" lon="98.861402">
        <ele>371.214045</ele>
        <time>2025-09-03T07:03:56.016000Z</time>
      </trkpt>
      <trkpt lat="19.062585" lon="98.861914">
        <ele>369.79928</ele>
        <time>2025-09-03T07:04:24.155000Z</time>
      </trkpt>
      <trkpt lat="19.062787" lon="98.862015">
        <ele>369.531061</ele>
        <time>2025-09-03T07:04:28.239000Z</time>
      </trkpt>
      <trkpt lat="19.063056" lon="98.862094">
        <ele>369.195913</ele>
        <time>2025-09-03T07:04:33.442000Z</time>
      </trkpt>
      <trkpt lat="19.06396" lon="98.862251">
        <ele>368.142488</ele>
        <time>2025-09-03T07:04:51.186000Z</time>
      </trkpt>
      <trkpt lat="19.06494" lon="98.862403">
        <ele>367.254423</ele>
        <time>2025-09-03T07:05:10.624000Z</time>
      </trkpt>
      <trkpt lat="19.065104" lon="98.86239">
        <ele>367.106968</ele>
        <time>2025-09-03T07:05:13.778000Z</time>
      </trkpt>
      <trkpt lat="19.065395" lon="98.862272">
        <ele>366.827549</ele>
        <time>2025-09-03T07:05:19.792000Z</time>
      </trkpt>
      <trkpt lat="19.065969" lon="98.861942">
        <ele>366.485287</ele>
        <time>2025-09-03T07:05:32.569000Z</time>
      </trkpt>
      <trkpt lat="19.066086" lon="98.861874">
        <ele>366.434199</ele>
        <time>2025-09-03T07:05:35.241000Z</time>
      </trkpt>
      <trkpt lat="19.066769" lon="98.861503">
        <ele>366.140374</ele>
        <time>2025-09-03T07:05:51.306000Z</time>
      </trkpt>
      <trkpt lat="19.067666" lon="98.861101">
        <ele>366.161364</ele>
        <time>2025-09-03T07:06:13.647000Z</time>
      </trkpt>
      <trkpt lat="19.068474" lon="98.860733">
        <ele>366.45399</ele>
        <time>2025-09-03T07:06:34.830000Z</time>
      </trkpt>
      <trkpt lat="19.069368" lon="98.860238">
        <ele>366.948617</ele>
        <time>2025-09-03T07:06:59.057000Z</time>
      </trkpt>
      <trkpt lat="19.069602" lon="98.860078">
        <ele>367.110446</ele>
        <time>2025-09-03T07:07:05.508000Z</time>
      </trkpt>
      <trkpt lat="19.069825" lon="98.859892">
        <ele>367.27538</ele>
        <time>2025-09-03T07:07:12.394000Z</time>
      </trkpt>
      <trkpt lat="19.070243" lon="98.859482">
        <ele>367.606449</ele>
        <time>2025-09-03T07:07:26.981000Z</time>
      </trkpt>
      <trkpt lat="19.070458" lon="98.859343">
        <ele>367.817172</ele>
        <time>2025-09-03T07:07:33.462000Z</time>
      </trkpt>
      <trkpt lat="19.070664" lon="98.859251">
        <ele>368.010621</ele>
        <time>2025-09-03T07:07:39.226000Z</time>
      </trkpt>
      <trkpt lat="19.070969" lon="98.859133">
        <ele>368.291583</ele>
        <time>2025-09-03T07:07:47.624000Z</time>
      </trkpt>
      <trkpt lat="19.071262" lon="98.858963">
        <ele>368.580686</ele>
        <time>2025-09-03T07:07:56.420000Z</time>
      </trkpt>
      <trkpt lat="19.07201" lon="98.858353">
        <ele>369.163223</ele>
        <time>2025-09-03T07:08:20.868000Z</time>
      </trkpt>
      <trkpt lat="19.072211" lon="98.858241">
        <ele>369.150572</ele>
        <time>2025-09-03T07:08:26.340000Z</time>
      </trkpt>
      <trkpt lat="19.072763" lon="98.857941">
        <ele>369.116014</ele>
        <time>2025-09-03T07:08:40.239000Z</time>
      </trkpt>
      <trkpt lat="19.073262" lon="98.857677">
        <ele>369.084946</ele>
        <time>2025-09-03T07:08:51.470000Z</time>
      </trkpt>
      <trkpt lat="19.075104" lon="98.856992">
        <ele>368.489501</ele>
        <time>2025-09-03T07:09:30.002000Z</time>
      </trkpt>
      <trkpt lat="19.07581" lon="98.856703">
        <ele>370.14634</ele>
        <time>2025-09-03T07:09:54.809000Z</time>
      </trkpt>
      <trkpt lat="19.076502" lon="98.856331">
        <ele>371.845193</ele>
        <time>2025-09-03T07:10:22.487000Z</time>
      </trkpt>
      <trkpt lat="19.077381" lon="98.855721">
        <ele>372.867202</ele>
        <time>2025-09-03T07:10:51.463000Z</time>
      </trkpt>
      <trkpt lat="19.07832" lon="98.855258">
        <ele>373.435937</ele>
        <time>2025-09-03T07:11:13.881000Z</time>
      </trkpt>
      <trkpt lat="19.078797" lon="98.855038">
        <ele>373.132818</ele>
        <time>2025-09-03T07:11:24.668000Z</time>
      </trkpt>
      <trkpt lat="19.079078" lon="98.854959">
        <ele>372.963446</ele>
        <time>2025-09-03T07:11:30.671000Z</time>
      </trkpt>
      <trkpt lat="19.07965" lon="98.854838">
        <ele>372.623642</ele>
        <time>2025-09-03T07:11:42.551000Z</time>
      </trkpt>
      <trkpt lat="19.080184" lon="98.854888">
        <ele>372.183325</ele>
        <time>2025-09-03T07:11:53.055000Z</time>
      </trkpt>
      <trkpt lat="19.080448" lon="98.85488">
        <ele>371.830986</ele>
        <time>2025-09-03T07:11:58.122000Z</time>
      </trkpt>
      <trkpt lat="19.080923" lon="98.854773">
        <ele>371.183101</ele>
        <time>2025-09-03T07:12:07.165000Z</time>
      </trkpt>
      <trkpt lat="19.081105" lon="98.854725">
        <ele>370.932872</ele>
        <time>2025-09-03T07:12:10.575000Z</time>
      </trkpt>
      <trkpt lat="19.081984" lon="98.854549">
        <ele>369.849651</ele>
        <time>2025-09-03T07:12:26.758000Z</time>
      </trkpt>
      <trkpt lat="19.082181" lon="98.854444">
        <ele>369.674794</ele>
        <time>2025-09-03T07:12:30.834000Z</time>
      </trkpt>
      <trkpt lat="19.082258" lon="98.854359">
        <ele>369.586586</ele>
        <time>2025-09-03T07:12:32.923000Z</time>
      </trkpt>
      <trkpt lat="19.082308" lon="98.854253">
        <ele>369.497833</ele>
        <time>2025-09-03T07:12:35.056000Z</time>
      </trkpt>
      <trkpt lat="19.082445" lon="98.853721">
        <ele>369.084752</ele>
        <time>2025-09-03T07:12:45.314000Z</time>
      </trkpt>
      <trkpt lat="19.082487" lon="98.853646">
        <ele>369.019442</ele>
        <time>2025-09-03T07:12:46.999000Z</time>
      </trkpt>
      <trkpt lat="19.082617" lon="98.85358">
        <ele>368.905141</ele>
        <time>2025-09-03T07:12:49.991000Z</time>
      </trkpt>
      <trkpt lat="19.083202" lon="98.853467">
        <ele>368.741036</ele>
        <time>2025-09-03T07:13:03.005000Z</time>
      </trkpt>
      <trkpt lat="19.083657" lon="98.85335">
        <ele>369.122634</ele>
        <time>2025-09-03T07:13:13.976000Z</time>
      </trkpt>
      <trkpt lat="19.0844" lon="98.853038">
        <ele>369.774086</ele>
        <time>2025-09-03T07:13:34.917000Z</time>
      </trkpt>
      <trkpt lat="19.085451" lon="98.852529">
        <ele>371.192243</ele>
        <time>2025-09-03T07:14:08.497000Z</time>
      </trkpt>
      <trkpt lat="19.085579" lon="98.852479">
        <ele>371.383066</ele>
        <time>2025-09-03T07:14:12.385000Z</time>
      </trkpt>
      <trkpt lat="19.085694" lon="98.852384">
        <ele>371.587107</ele>
        <time>2025-09-03T07:14:16.486000Z</time>
      </trkpt>
      <trkpt lat="19.085877" lon="98.852101">
        <ele>372.040323</ele>
        <time>2025-09-03T07:14:25.330000Z</time>
      </trkpt>
      <trkpt lat="19.085936" lon="98.851967">
        <ele>372.235707</ele>
        <time>2025-09-03T07:14:29.083000Z</time>
      </trkpt>
      <trkpt lat="19.086017" lon="98.851883">
        <ele>372.394322</ele>
        <time>2025-09-03T07:14:32.091000Z</time>
      </trkpt>
      <trkpt lat="19.086619" lon="98.851425">
        <ele>373.154098</ele>
        <time>2025-09-03T07:14:51.285000Z</time>
      </trkpt>
      <trkpt lat="19.08698" lon="98.851122">
        <ele>373.591949</ele>
        <time>2025-09-03T07:15:03.089000Z</time>
      </trkpt>
      <trkpt lat="19.087326" lon="98.850695">
        <ele>374.097057</ele>
        <time>2025-09-03T07:15:17.233000Z</time>
      </trkpt>
      <trkpt lat="19.087677" lon="98.850453">
        <ele>374.306995</ele>
        <time>2025-09-03T07:15:28.501000Z</time>
      </trkpt>
      <trkpt lat="19.087885" lon="98.85036">
        <ele>374.337556</ele>
        <time>2025-09-03T07:15:34.385000Z</time>
      </trkpt>
      <trkpt lat="19.088476" lon="98.850026">
        <ele>374.428235</ele>
        <time>2025-09-03T07:15:50.547000Z</time>
      </trkpt>
      <trkpt lat="19.089212" lon="98.849332">
        <ele>374.352383</ele>
        <time>2025-09-03T07:16:09.784000Z</time>
      </trkpt>
      <trkpt lat="19.089633" lon="98.849051">
        <ele>374.087865</ele>
        <time>2025-09-03T07:16:19.524000Z</time>
      </trkpt>
      <trkpt lat="19.089969" lon="98.848913">
        <ele>373.896329</ele>
        <time>2025-09-03T07:16:26.860000Z</time>
      </trkpt>
      <trkpt lat="19.090523" lon="98.848738">
        <ele>373.589081</ele>
        <time>2025-09-03T07:16:38.858000Z</time>
      </trkpt>
      <trkpt lat="19.090732" lon="98.848625">
        <ele>373.651252</ele>
        <time>2025-09-03T07:16:44.247000Z</time>
      </trkpt>
      <trkpt lat="19.091627" lon="98.847679">
        <ele>374.248402</ele>
        <time>2025-09-03T07:17:15.436000Z</time>
      </trkpt>
      <trkpt lat="19.091866" lon="98.847389">
        <ele>374.409769</ele>
        <time>2025-09-03T07:17:25.067000Z</time>
      </trkpt>
      <trkpt lat="19.091967" lon="98.847314">
        <ele>374.389781</ele>
        <time>2025-09-03T07:17:28.126000Z</time>
      </trkpt>
      <trkpt lat="19.09217" lon="98.847255">
        <ele>374.355679</ele>
        <time>2025-09-03T07:17:33.125000Z</time>
      </trkpt>
      <trkpt lat="19.092419" lon="98.847242">
        <ele>374.315293</ele>
        <time>2025-09-03T07:17:38.629000Z</time>
      </trkpt>
      <trkpt lat="19.092763" lon="98.847228">
        <ele>374.259526</ele>
        <time>2025-09-03T07:17:46.015000Z</time>
      </trkpt>
      <trkpt lat="19.092854" lon="98.84732">
        <ele>374.239138</ele>
        <time>2025-09-03T07:17:48.650000Z</time>
      </trkpt>
      <trkpt lat="19.092906" lon="98.847456">
        <ele>374.216679</ele>
        <time>2025-09-03T07:17:51.529000Z</time>
      </trkpt>
      <trkpt lat="19.093037" lon="98.847684">
        <ele>374.175832</ele>
        <time>2025-09-03T07:17:56.604000Z</time>
      </trkpt>
      <trkpt lat="19.093138" lon="98.84777">
        <ele>374.154831</ele>
        <time>2025-09-03T07:17:59.140000Z</time>
      </trkpt>
      <trkpt lat="19.093255" lon="98.847813">
        <ele>374.134767</ele>
        <time>2025-09-03T07:18:01.559000Z</time>
      </trkpt>
      <trkpt lat="19.093822" lon="98.847856">
        <ele>374.32867</ele>
        <time>2025-09-03T07:18:12.901000Z</time>
      </trkpt>
      <trkpt lat="19.094493" lon="98.847659">
        <ele>374.627635</ele>
        <time>2025-09-03T07:18:29.879000Z</time>
      </trkpt>
      <trkpt lat="19.094745" lon="98.847562">
        <ele>374.742762</ele>
        <time>2025-09-03T07:18:37.151000Z</time>
      </trkpt>
      <trkpt lat="19.094897" lon="98.847486">
        <ele>374.814939</ele>
        <time>2025-09-03T07:18:41.813000Z</time>
      </trkpt>
      <trkpt lat="19.095108" lon="98.847336">
        <ele>374.972756</ele>
        <time>2025-09-03T07:18:48.873000Z</time>
      </trkpt>
      <trkpt lat="19.095464" lon="98.846996">
        <ele>375.503811</ele>
        <time>2025-09-03T07:19:01.739000Z</time>
      </trkpt>
      <trkpt lat="19.095599" lon="98.846932">
        <ele>375.667628</ele>
        <time>2025-09-03T07:19:05.613000Z</time>
      </trkpt>
      <trkpt lat="19.09571" lon="98.846911">
        <ele>375.7925</ele>
        <time>2025-09-03T07:19:08.523000Z</time>
      </trkpt>
      <trkpt lat="19.095813" lon="98.846921">
        <ele>375.907043</ele>
        <time>2025-09-03T07:19:11.240000Z</time>
      </trkpt>
      <trkpt lat="19.096004" lon="98.846999">
        <ele>376.133762</ele>
        <time>2025-09-03T07:19:16.599000Z</time>
      </trkpt>
      <trkpt lat="19.096441" lon="98.847437">
        <ele>376.80031</ele>
        <time>2025-09-03T07:19:32.739000Z</time>
      </trkpt>
      <trkpt lat="19.097616" lon="98.845585">
        <ele>378.958295</ele>
        <time>2025-09-03T07:20:29.129000Z</time>
      </trkpt>
      <trkpt lat="19.098135" lon="98.844675">
        <ele>379.453387</ele>
        <time>2025-09-03T07:20:53.275000Z</time>
      </trkpt>
      <trkpt lat="19.098379" lon="98.8444">
        <ele>379.629096</ele>
        <time>2025-09-03T07:21:01.423000Z</time>
      </trkpt>
      <trkpt lat="19.099532" lon="98.843518">
        <ele>380.005353</ele>
        <time>2025-09-03T07:21:34.457000Z</time>
      </trkpt>
      <trkpt lat="19.099684" lon="98.843361">
        <ele>380.053355</ele>
        <time>2025-09-03T07:21:39.504000Z</time>
      </trkpt>
      <trkpt lat="19.10006" lon="98.84262">
        <ele>380.363399</ele>
        <time>2025-09-03T07:21:57.573000Z</time>
      </trkpt>
      <trkpt lat="19.10025" lon="98.842305">
        <ele>380.551278</ele>
        <time>2025-09-03T07:22:05.691000Z</time>
      </trkpt>
      <trkpt lat="19.100439" lon="98.842051">
        <ele>380.713814</ele>
        <time>2025-09-03T07:22:13.035000Z</time>
      </trkpt>
      <trkpt lat="19.100535" lon="98.841945">
        <ele>380.787629</ele>
        <time>2025-09-03T07:22:16.467000Z</time>
      </trkpt>
      <trkpt lat="19.100768" lon="98.841688">
        <ele>380.966687</ele>
        <time>2025-09-03T07:22:25.007000Z</time>
      </trkpt>
      <trkpt lat="19.101601" lon="98.840788">
        <ele>381.815712</ele>
        <time>2025-09-03T07:22:56.801000Z</time>
      </trkpt>
      <trkpt lat="19.101676" lon="98.840707">
        <ele>381.897004</ele>
        <time>2025-09-03T07:22:59.661000Z</time>
      </trkpt>
      <trkpt lat="19.103068" lon="98.839226">
        <ele>382.861468</ele>
        <time>2025-09-03T07:23:46.144000Z</time>
      </trkpt>
      <trkpt lat="19.103271" lon="98.83895">
        <ele>382.969487</ele>
        <time>2025-09-03T07:23:53.771000Z</time>
      </trkpt>
      <trkpt lat="19.103846" lon="98.837912">
        <ele>383.554461</ele>
        <time>2025-09-03T07:24:21.010000Z</time>
      </trkpt>
      <trkpt lat="19.104036" lon="98.837584">
        <ele>383.759175</ele>
        <time>2025-09-03T07:24:30.044000Z</time>
      </trkpt>
      <trkpt lat="19.104162" lon="98.837459">
        <ele>383.856428</ele>
        <time>2025-09-03T07:24:34.400000Z</time>
      </trkpt>
      <trkpt lat="19.104303" lon="98.837368">
        <ele>383.949427</ele>
        <time>2025-09-03T07:24:38.585000Z</time>
      </trkpt>
      <trkpt lat="19.104596" lon="98.837273">
        <ele>384.074816</ele>
        <time>2025-09-03T07:24:46.428000Z</time>
      </trkpt>
      <trkpt lat="19.105523" lon="98.837331">
        <ele>384.207554</ele>
        <time>2025-09-03T07:25:09.090000Z</time>
      </trkpt>
      <trkpt lat="19.105669" lon="98.83728">
        <ele>384.22953</ele>
        <time>2025-09-03T07:25:12.522000Z</time>
      </trkpt>
      <trkpt lat="19.105795" lon="98.837165">
        <ele>384.253314</ele>
        <time>2025-09-03T07:25:16.109000Z</time>
      </trkpt>
      <trkpt lat="19.105907" lon="98.836893">
        <ele>384.293388</ele>
        <time>2025-09-03T07:25:21.894000Z</time>
      </trkpt>
      <trkpt lat="19.105874" lon="98.836385">
        <ele>384.263128</ele>
        <time>2025-09-03T07:25:31.430000Z</time>
      </trkpt>
      <trkpt lat="19.105815" lon="98.836256">
        <ele>384.241076</ele>
        <time>2025-09-03T07:25:34.074000Z</time>
      </trkpt>
      <trkpt lat="19.105543" lon="98.835925">
        <ele>384.173583</ele>
        <time>2025-09-03T07:25:42.435000Z</time>
      </trkpt>
      <trkpt lat="19.105389" lon="98.835636">
        <ele>384.122533</ele>
        <time>2025-09-03T07:25:49.284000Z</time>
      </trkpt>
      <trkpt lat="19.105313" lon="98.835372">
        <ele>384.080069</ele>
        <time>2025-09-03T07:25:54.985000Z</time>
      </trkpt>
      <trkpt lat="19.105198" lon="98.834555">
        <ele>384.410304</ele>
        <time>2025-09-03T07:26:14.358000Z</time>
      </trkpt>
      <trkpt lat="19.105165" lon="98.83429">
        <ele>384.637816</ele>
        <time>2025-09-03T07:26:21.210000Z</time>
      </trkpt>
      <trkpt lat="19.105131" lon="98.834008">
        <ele>384.879795</ele>
        <time>2025-09-03T07:26:28.578000Z</time>
      </trkpt>
      <trkpt lat="19.105125" lon="98.833726">
        <ele>385.119888</ele>
        <time>2025-09-03T07:26:35.746000Z</time>
      </trkpt>
      <trkpt lat="19.105155" lon="98.833444">
        <ele>385.361437</ele>
        <time>2025-09-03T07:26:42.715000Z</time>
      </trkpt>
      <trkpt lat="19.105371" lon="98.832793">
        <ele>385.782485</ele>
        <time>2025-09-03T07:26:59.352000Z</time>
      </trkpt>
      <trkpt lat="19.105537" lon="98.832497">
        <ele>385.916055</ele>
        <time>2025-09-03T07:27:07.309000Z</time>
      </trkpt>
      <trkpt lat="19.105782" lon="98.832171">
        <ele>386.077693</ele>
        <time>2025-09-03T07:27:16.544000Z</time>
      </trkpt>
      <trkpt lat="19.106039" lon="98.831954">
        <ele>386.212712</ele>
        <time>2025-09-03T07:27:24.067000Z</time>
      </trkpt>
      <trkpt lat="19.106302" lon="98.831778">
        <ele>386.3405</ele>
        <time>2025-09-03T07:27:31.096000Z</time>
      </trkpt>
      <trkpt lat="19.107066" lon="98.831136">
        <ele>386.155978</ele>
        <time>2025-09-03T07:27:53.889000Z</time>
      </trkpt>
      <trkpt lat="19.107386" lon="98.830655">
        <ele>386.01247</ele>
        <time>2025-09-03T07:28:05.802000Z</time>
      </trkpt>
      <trkpt lat="19.107472" lon="98.830458">
        <ele>385.95953</ele>
        <time>2025-09-03T07:28:09.869000Z</time>
      </trkpt>
      <trkpt lat="19.107549" lon="98.830176">
        <ele>385.819794</ele>
        <time>2025-09-03T07:28:15.153000Z</time>
      </trkpt>
      <trkpt lat="19.107684" lon="98.828969">
        <ele>384.839913</ele>
        <time>2025-09-03T07:28:35.560000Z</time>
      </trkpt>
      <trkpt lat="19.107681" lon="98.828528">
        <ele>384.484368</ele>
        <time>2025-09-03T07:28:43.917000Z</time>
      </trkpt>
      <trkpt lat="19.107647" lon="98.828268">
        <ele>384.962744</ele>
        <time>2025-09-03T07:28:50.358000Z</time>
      </trkpt>
      <trkpt lat="19.10751" lon="98.827746">
        <ele>387.263179</ele>
        <time>2025-09-03T07:29:07.604000Z</time>
      </trkpt>
      <trkpt lat="19.107395" lon="98.827381">
        <ele>388.896936</ele>
        <time>2025-09-03T07:29:22.841000Z</time>
      </trkpt>
      <trkpt lat="19.107142" lon="98.826713">
        <ele>391.952784</ele>
        <time>2025-09-03T07:29:56.035000Z</time>
      </trkpt>
      <trkpt lat="19.106777" lon="98.825965">
        <ele>396.45765</ele>
        <time>2025-09-03T07:30:36.422000Z</time>
      </trkpt>
      <trkpt lat="19.106371" lon="98.825237">
        <ele>401.137617</ele>
        <time>2025-09-03T07:31:12.955000Z</time>
      </trkpt>
      <trkpt lat="19.105782" lon="98.824364">
        <ele>405.328536</ele>
        <time>2025-09-03T07:31:51.883000Z</time>
      </trkpt>
      <trkpt lat="19.105587" lon="98.823994">
        <ele>406.667434</ele>
        <time>2025-09-03T07:32:05.421000Z</time>
      </trkpt>
      <trkpt lat="19.105327" lon="98.823386">
        <ele>408.776516</ele>
        <time>2025-09-03T07:32:26.070000Z</time>
      </trkpt>
      <trkpt lat="19.10522" lon="98.82297">
        <ele>409.747563</ele>
        <time>2025-09-03T07:32:39.375000Z</time>
      </trkpt>
      <trkpt lat="19.105182" lon="98.82262">
        <ele>410.471657</ele>
        <time>2025-09-03T07:32:50.482000Z</time>
      </trkpt>
      <trkpt lat="19.105135" lon="98.821945">
        <ele>411.862758</ele>
        <time>2025-09-03T07:33:11.155000Z</time>
      </trkpt>
      <trkpt lat="19.105087" lon="98.821705">
        <ele>412.366963</ele>
        <time>2025-09-03T07:33:18.118000Z</time>
      </trkpt>
      <trkpt lat="19.105021" lon="98.82153">
        <ele>412.754234</ele>
        <time>2025-09-03T07:33:23.246000Z</time>
      </trkpt>
      <trkpt lat="19.104894" lon="98.821362">
        <ele>412.830204</ele>
        <time>2025-09-03T07:33:28.841000Z</time>
      </trkpt>
      <trkpt lat="19.104682" lon="98.821188">
        <ele>412.60655</ele>
        <time>2025-09-03T07:33:35.758000Z</time>
      </trkpt>
      <trkpt lat="19.103435" lon="98.82044">
        <ele>411.334879</ele>
        <time>2025-09-03T07:34:02.726000Z</time>
      </trkpt>
      <trkpt lat="19.103232" lon="98.820286">
        <ele>410.351994</ele>
        <time>2025-09-03T07:34:06.772000Z</time>
      </trkpt>
      <trkpt lat="19.103045" lon="98.820084">
        <ele>409.300468</ele>
        <time>2025-09-03T07:34:11.003000Z</time>
      </trkpt>
      <trkpt lat="19.102885" lon="98.819826">
        <ele>408.152945</ele>
        <time>2025-09-03T07:34:15.517000Z</time>
      </trkpt>
      <trkpt lat="19.102479" lon="98.819075">
        <ele>404.935644</ele>
        <time>2025-09-03T07:34:27.820000Z</time>
      </trkpt>
      <trkpt lat="19.10229" lon="98.818737">
        <ele>404.306348</ele>
        <time>2025-09-03T07:34:33.617000Z</time>
      </trkpt>
      <trkpt lat="19.102021" lon="98.818253">
        <ele>404.192489</ele>
        <time>2025-09-03T07:34:42.467000Z</time>
      </trkpt>
      <trkpt lat="19.101425" lon="98.817184">
        <ele>405.066724</ele>
        <time>2025-09-03T07:35:15.201000Z</time>
      </trkpt>
      <trkpt lat="19.101343" lon="98.816979">
        <ele>406.869099</ele>
        <time>2025-09-03T07:35:24.906000Z</time>
      </trkpt>
      <trkpt lat="19.101319" lon="98.816814">
        <ele>408.220764</ele>
        <time>2025-09-03T07:35:32.737000Z</time>
      </trkpt>
      <trkpt lat="19.101329" lon="98.816697">
        <ele>409.171927</ele>
        <time>2025-09-03T07:35:38.567000Z</time>
      </trkpt>
      <trkpt lat="19.101363" lon="98.816601">
        <ele>410.001996</ele>
        <time>2025-09-03T07:35:43.823000Z</time>
      </trkpt>
      <trkpt lat="19.101505" lon="98.816458">
        <ele>411.68154</ele>
        <time>2025-09-03T07:35:54.988000Z</time>
      </trkpt>
      <trkpt lat="19.101752" lon="98.816357">
        <ele>413.950404</ele>
        <time>2025-09-03T07:36:11.425000Z</time>
      </trkpt>
      <trkpt lat="19.102426" lon="98.816182">
        <ele>420.064458</ele>
        <time>2025-09-03T07:37:00.160000Z</time>
      </trkpt>
      <trkpt lat="19.103039" lon="98.81596">
        <ele>427.41676</ele>
        <time>2025-09-03T07:37:48.438000Z</time>
      </trkpt>
      <trkpt lat="19.103535" lon="98.8157">
        <ele>433.697956</ele>
        <time>2025-09-03T07:38:28.849000Z</time>
      </trkpt>
      <trkpt lat="19.103863" lon="98.815498">
        <ele>438.004439</ele>
        <time>2025-09-03T07:38:54.067000Z</time>
      </trkpt>
      <trkpt lat="19.104368" lon="98.815061">
        <ele>440.462436</ele>
        <time>2025-09-03T07:39:27.697000Z</time>
      </trkpt>
      <trkpt lat="19.104756" lon="98.814659">
        <ele>441.199647</ele>
        <time>2025-09-03T07:39:44.197000Z</time>
      </trkpt>
      <trkpt lat="19.105307" lon="98.813942">
        <ele>441.558394</ele>
        <time>2025-09-03T07:39:58.280000Z</time>
      </trkpt>
      <trkpt lat="19.106752" lon="98.81134">
        <ele>426.642112</ele>
        <time>2025-09-03T07:40:39.588000Z</time>
      </trkpt>
      <trkpt lat="19.107052" lon="98.810658">
        <ele>424.414143</ele>
        <time>2025-09-03T07:40:52.926000Z</time>
      </trkpt>
      <trkpt lat="19.107197" lon="98.810239">
        <ele>426.516581</ele>
        <time>2025-09-03T07:41:06.337000Z</time>
      </trkpt>
      <trkpt lat="19.107338" lon="98.809589">
        <ele>429.65885</ele>
        <time>2025-09-03T07:41:34.186000Z</time>
      </trkpt>
      <trkpt lat="19.107379" lon="98.809257">
        <ele>431.236435</ele>
        <time>2025-09-03T07:41:50.848000Z</time>
      </trkpt>
      <trkpt lat="19.107382" lon="98.808893">
        <ele>432.951556</ele>
        <time>2025-09-03T07:42:10.356000Z</time>
      </trkpt>
      <trkpt lat="19.107328" lon="98.807765">
        <ele>440.249929</ele>
        <time>2025-09-03T07:43:10.587000Z</time>
      </trkpt>
      <trkpt lat="19.107345" lon="98.807498">
        <ele>441.982944</ele>
        <time>2025-09-03T07:43:23.130000Z</time>
      </trkpt>
      <trkpt lat="19.107394" lon="98.80726">
        <ele>443.560395</ele>
        <time>2025-09-03T07:43:33.639000Z</time>
      </trkpt>
      <trkpt lat="19.107607" lon="98.806656">
        <ele>444.951256</ele>
        <time>2025-09-03T07:43:55.646000Z</time>
      </trkpt>
      <trkpt lat="19.10765" lon="98.806369">
        <ele>444.662833</ele>
        <time>2025-09-03T07:44:02.728000Z</time>
      </trkpt>
      <trkpt lat="19.107649" lon="98.806059">
        <ele>444.355138</ele>
        <time>2025-09-03T07:44:08.738000Z</time>
      </trkpt>
      <trkpt lat="19.107552" lon="98.805045">
        <ele>443.067754</ele>
        <time>2025-09-03T07:44:23.898000Z</time>
      </trkpt>
      <trkpt lat="19.107431" lon="98.804065">
        <ele>439.025599</ele>
        <time>2025-09-03T07:44:37.744000Z</time>
      </trkpt>
      <trkpt lat="19.107382" lon="98.803661">
        <ele>437.359731</ele>
        <time>2025-09-03T07:44:43.611000Z</time>
      </trkpt>
      <trkpt lat="19.107374" lon="98.803202">
        <ele>435.637034</ele>
        <time>2025-09-03T07:44:50.659000Z</time>
      </trkpt>
      <trkpt lat="19.107419" lon="98.802845">
        <ele>435.549922</ele>
        <time>2025-09-03T07:44:56.877000Z</time>
      </trkpt>
      <trkpt lat="19.107503" lon="98.80252">
        <ele>435.468428</ele>
        <time>2025-09-03T07:45:03.484000Z</time>
      </trkpt>
      <trkpt lat="19.10762" lon="98.802196">
        <ele>435.384535</ele>
        <time>2025-09-03T07:45:11.090000Z</time>
      </trkpt>
      <trkpt lat="19.107898" lon="98.801575">
        <ele>435.218332</ele>
        <time>2025-09-03T07:45:27.810000Z</time>
      </trkpt>
      <trkpt lat="19.108097" lon="98.80118">
        <ele>435.376545</ele>
        <time>2025-09-03T07:45:39.403000Z</time>
      </trkpt>
      <trkpt lat="19.108284" lon="98.80087">
        <ele>435.598239</ele>
        <time>2025-09-03T07:45:48.812000Z</time>
      </trkpt>
      <trkpt lat="19.108499" lon="98.800619">
        <ele>435.802452</ele>
        <time>2025-09-03T07:45:57.062000Z</time>
      </trkpt>
      <trkpt lat="19.108553" lon="98.800559">
        <ele>435.852399</ele>
        <time>2025-09-03T07:45:59.022000Z</time>
      </trkpt>
      <trkpt lat="19.108832" lon="98.800273">
        <ele>436.100185</ele>
        <time>2025-09-03T07:46:08.298000Z</time>
      </trkpt>
      <trkpt lat="19.108897" lon="98.800165">
        <ele>436.17737</ele>
        <time>2025-09-03T07:46:11.056000Z</time>
      </trkpt>
      <trkpt lat="19.10918" lon="98.799331">
        <ele>436.451819</ele>
        <time>2025-09-03T07:46:29.138000Z</time>
      </trkpt>
      <trkpt lat="19.10945" lon="98.798667">
        <ele>436.587977</ele>
        <time>2025-09-03T07:46:44.431000Z</time>
      </trkpt>
      <trkpt lat="19.109783" lon="98.798049">
        <ele>436.827454</ele>
        <time>2025-09-03T07:47:00.836000Z</time>
      </trkpt>
      <trkpt lat="19.109853" lon="98.79788">
        <ele>436.985842</ele>
        <time>2025-09-03T07:47:05.328000Z</time>
      </trkpt>
      <trkpt lat="19.109914" lon="98.797648">
        <ele>437.192546</ele>
        <time>2025-09-03T07:47:11.269000Z</time>
      </trkpt>
      <trkpt lat="19.109973" lon="98.797164">
        <ele>437.611432</ele>
        <time>2025-09-03T07:47:23.520000Z</time>
      </trkpt>
      <trkpt lat="19.109966" lon="98.796991">
        <ele>437.760064</ele>
        <time>2025-09-03T07:47:27.846000Z</time>
      </trkpt>
      <trkpt lat="19.109791" lon="98.796319">
        <ele>438.357973</ele>
        <time>2025-09-03T07:47:44.999000Z</time>
      </trkpt>
      <trkpt lat="19.109783" lon="98.796157">
        <ele>438.495439</ele>
        <time>2025-09-03T07:47:48.991000Z</time>
      </trkpt>
      <trkpt lat="19.109871" lon="98.795847">
        <ele>438.76973</ele>
        <time>2025-09-03T07:47:56.873000Z</time>
      </trkpt>
      <trkpt lat="19.110667" lon="98.79451">
        <ele>440.04326</ele>
        <time>2025-09-03T07:48:35.440000Z</time>
      </trkpt>
      <trkpt lat="19.110869" lon="98.794267">
        <ele>440.211436</ele>
        <time>2025-09-03T07:48:43.536000Z</time>
      </trkpt>
      <trkpt lat="19.111429" lon="98.793843">
        <ele>440.59009</ele>
        <time>2025-09-03T07:49:00.894000Z</time>
      </trkpt>
      <trkpt lat="19.111675" lon="98.793604">
        <ele>440.77373</ele>
        <time>2025-09-03T07:49:08.607000Z</time>
      </trkpt>
      <trkpt lat="19.111968" lon="98.793183">
        <ele>441.061816</ele>
        <time>2025-09-03T07:49:19.413000Z</time>
      </trkpt>
      <trkpt lat="19.112101" lon="98.792922">
        <ele>441.237486</ele>
        <time>2025-09-03T07:49:25.438000Z</time>
      </trkpt>
      <trkpt lat="19.112137" lon="98.792833">
        <ele>441.294839</ele>
        <time>2025-09-03T07:49:27.411000Z</time>
      </trkpt>
      <trkpt lat="19.112223" lon="98.792569">
        <ele>441.460268</ele>
        <time>2025-09-03T07:49:33.222000Z</time>
      </trkpt>
      <trkpt lat="19.112351" lon="98.792136">
        <ele>441.729041</ele>
        <time>2025-09-03T07:49:43.281000Z</time>
      </trkpt>
      <trkpt lat="19.112451" lon="98.791922">
        <ele>441.870473</ele>
        <time>2025-09-03T07:49:48.966000Z</time>
      </trkpt>
      <trkpt lat="19.113385" lon="98.79055">
        <ele>445.461201</ele>
        <time>2025-09-03T07:50:39.305000Z</time>
      </trkpt>
      <trkpt lat="19.113643" lon="98.790107">
        <ele>446.747431</ele>
        <time>2025-09-03T07:50:57.406000Z</time>
      </trkpt>
      <trkpt lat="19.113857" lon="98.789654">
        <ele>448.166739</ele>
        <time>2025-09-03T07:51:15.122000Z</time>
      </trkpt>
      <trkpt lat="19.113994" lon="98.789247">
        <ele>449.379107</ele>
        <time>2025-09-03T07:51:30.080000Z</time>
      </trkpt>
      <trkpt lat="19.114235" lon="98.788254">
        <ele>452.198958</ele>
        <time>2025-09-03T07:52:01.810000Z</time>
      </trkpt>
      <trkpt lat="19.114368" lon="98.787875">
        <ele>452.911548</ele>
        <time>2025-09-03T07:52:13.013000Z</time>
      </trkpt>
      <trkpt lat="19.114837" lon="98.787166">
        <ele>454.437004</ele>
        <time>2025-09-03T07:52:36.413000Z</time>
      </trkpt>
      <trkpt lat="19.115058" lon="98.78679">
        <ele>455.217481</ele>
        <time>2025-09-03T07:52:48.522000Z</time>
      </trkpt>
      <trkpt lat="19.115243" lon="98.786332">
        <ele>456.121642</ele>
        <time>2025-09-03T07:53:02.849000Z</time>
      </trkpt>
      <trkpt lat="19.115467" lon="98.785651">
        <ele>457.444905</ele>
        <time>2025-09-03T07:53:24.156000Z</time>
      </trkpt>
      <trkpt lat="19.115694" lon="98.784961">
        <ele>458.785679</ele>
        <time>2025-09-03T07:53:44.115000Z</time>
      </trkpt>
      <trkpt lat="19.115484" lon="98.7848">
        <ele>459.310559</ele>
        <time>2025-09-03T07:53:51.676000Z</time>
      </trkpt>
      <trkpt lat="19.115233" lon="98.784572">
        <ele>459.993359</ele>
        <time>2025-09-03T07:54:01.517000Z</time>
      </trkpt>
      <trkpt lat="19.115484" lon="98.7848">
        <ele>460.676159</ele>
        <time>2025-09-03T07:54:11.135000Z</time>
      </trkpt>
      <trkpt lat="19.115694" lon="98.784961">
        <ele>461.21144</ele>
        <time>2025-09-03T07:54:18.449000Z</time>
      </trkpt>
      <trkpt lat="19.115838" lon="98.78453">
        <ele>462.103085</ele>
        <time>2025-09-03T07:54:31.828000Z</time>
      </trkpt>
      <trkpt lat="19.115945" lon="98.784295">
        <ele>462.61188</ele>
        <time>2025-09-03T07:54:40.029000Z</time>
      </trkpt>
      <trkpt lat="19.116074" lon="98.784076">
        <ele>463.376882</ele>
        <time>2025-09-03T07:54:48.448000Z</time>
      </trkpt>
      <trkpt lat="19.117193" lon="98.782837">
        <ele>468.701568</ele>
        <time>2025-09-03T07:55:45.960000Z</time>
      </trkpt>
      <trkpt lat="19.117777" lon="98.782349">
        <ele>471.94295</ele>
        <time>2025-09-03T07:56:14.419000Z</time>
      </trkpt>
      <trkpt lat="19.119804" lon="98.780909">
        <ele>483.710526</ele>
        <time>2025-09-03T07:57:55.537000Z</time>
      </trkpt>
      <trkpt lat="19.121496" lon="98.779931">
        <ele>495.312936</ele>
        <time>2025-09-03T07:59:26.267000Z</time>
      </trkpt>
      <trkpt lat="19.122161" lon="98.77942">
        <ele>501.191172</ele>
        <time>2025-09-03T08:00:05.854000Z</time>
      </trkpt>
      <trkpt lat="19.12307" lon="98.778584">
        <ele>510.274558</ele>
        <time>2025-09-03T08:01:09.148000Z</time>
      </trkpt>
      <trkpt lat="19.123182" lon="98.778443">
        <ele>512.112382</ele>
        <time>2025-09-03T08:01:19.719000Z</time>
      </trkpt>
      <trkpt lat="19.123298" lon="98.778049">
        <ele>516.348086</ele>
        <time>2025-09-03T08:01:44.819000Z</time>
      </trkpt>
      <trkpt lat="19.123465" lon="98.777036">
        <ele>526.902336</ele>
        <time>2025-09-03T08:02:52.827000Z</time>
      </trkpt>
      <trkpt lat="19.12357" lon="98.776601">
        <ele>531.454061</ele>
        <time>2025-09-03T08:03:22.265000Z</time>
      </trkpt>
      <trkpt lat="19.124564" lon="98.773355">
        <ele>565.958891</ele>
        <time>2025-09-03T08:06:45.832000Z</time>
      </trkpt>
      <trkpt lat="19.124739" lon="98.772798">
        <ele>573.207388</ele>
        <time>2025-09-03T08:07:28.431000Z</time>
      </trkpt>
      <trkpt lat="19.124787" lon="98.772575">
        <ele>576.353087</ele>
        <time>2025-09-03T08:07:45.873000Z</time>
      </trkpt>
      <trkpt lat="19.1248" lon="98.772401">
        <ele>578.753728</ele>
        <time>2025-09-03T08:07:59.571000Z</time>
      </trkpt>
      <trkpt lat="19.124749" lon="98.77214">
        <ele>582.419453</ele>
        <time>2025-09-03T08:08:20.859000Z</time>
      </trkpt>
      <trkpt lat="19.124602" lon="98.771746">
        <ele>588.245695</ele>
        <time>2025-09-03T08:08:54.780000Z</time>
      </trkpt>
      <trkpt lat="19.124491" lon="98.771617">
        <ele>590.64548</ele>
        <time>2025-09-03T08:09:08.509000Z</time>
      </trkpt>
      <trkpt lat="19.124379" lon="98.771534">
        <ele>592.63582</ele>
        <time>2025-09-03T08:09:19.744000Z</time>
      </trkpt>
      <trkpt lat="19.123784" lon="98.771454">
        <ele>600.412672</ele>
        <time>2025-09-03T08:10:08.595000Z</time>
      </trkpt>
      <trkpt lat="19.123583" lon="98.771298">
        <ele>603.526334</ele>
        <time>2025-09-03T08:10:28.633000Z</time>
      </trkpt>
      <trkpt lat="19.123571" lon="98.771078">
        <ele>606.12727</ele>
        <time>2025-09-03T08:10:45.397000Z</time>
      </trkpt>
      <trkpt lat="19.123616" lon="98.770856">
        <ele>608.807111</ele>
        <time>2025-09-03T08:11:02.135000Z</time>
      </trkpt>
      <trkpt lat="19.123621" lon="98.770724">
        <ele>610.36633</ele>
        <time>2025-09-03T08:11:11.449000Z</time>
      </trkpt>
      <trkpt lat="19.123393" lon="98.769979">
        <ele>617.992674</ele>
        <time>2025-09-03T08:11:56.323000Z</time>
      </trkpt>
      <trkpt lat="19.123383" lon="98.769718">
        <ele>619.082634</ele>
        <time>2025-09-03T08:12:06.883000Z</time>
      </trkpt>
      <trkpt lat="19.123451" lon="98.769604">
        <ele>619.645185</ele>
        <time>2025-09-03T08:12:11.448000Z</time>
      </trkpt>
      <trkpt lat="19.123564" lon="98.76954">
        <ele>620.211195</ele>
        <time>2025-09-03T08:12:15.660000Z</time>
      </trkpt>
      <trkpt lat="19.123623" lon="98.769533">
        <ele>620.473393</ele>
        <time>2025-09-03T08:12:17.433000Z</time>
      </trkpt>
      <trkpt lat="19.123801" lon="98.769535">
        <ele>621.259553</ele>
        <time>2025-09-03T08:12:22.694000Z</time>
      </trkpt>
      <trkpt lat="19.124531" lon="98.769641">
        <ele>624.513708</ele>
        <time>2025-09-03T08:12:43.700000Z</time>
      </trkpt>
      <trkpt lat="19.124676" lon="98.769592">
        <ele>625.406118</ele>
        <time>2025-09-03T08:12:49.016000Z</time>
      </trkpt>
      <trkpt lat="19.124762" lon="98.76952">
        <ele>626.687391</ele>
        <time>2025-09-03T08:12:53.356000Z</time>
      </trkpt>
      <trkpt lat="19.124823" lon="98.769418">
        <ele>628.020098</ele>
        <time>2025-09-03T08:12:58.306000Z</time>
      </trkpt>
      <trkpt lat="19.124878" lon="98.769292">
        <ele>629.55242</ele>
        <time>2025-09-03T08:13:04.656000Z</time>
      </trkpt>
      <trkpt lat="19.124909" lon="98.769131">
        <ele>631.366391</ele>
        <time>2025-09-03T08:13:13.084000Z</time>
      </trkpt>
      <trkpt lat="19.125063" lon="98.768096">
        <ele>642.933587</ele>
        <time>2025-09-03T08:14:31.287000Z</time>
      </trkpt>
      <trkpt lat="19.125048" lon="98.767913">
        <ele>644.961489</ele>
        <time>2025-09-03T08:14:47.447000Z</time>
      </trkpt>
      <trkpt lat="19.124698" lon="98.767127">
        <ele>655.291024</ele>
        <time>2025-09-03T08:16:01.277000Z</time>
      </trkpt>
      <trkpt lat="19.12464" lon="98.766948">
        <ele>657.561535</ele>
        <time>2025-09-03T08:16:15.918000Z</time>
      </trkpt>
      <trkpt lat="19.12464" lon="98.76672">
        <ele>660.297178</ele>
        <time>2025-09-03T08:16:32.567000Z</time>
      </trkpt>
      <trkpt lat="19.124683" lon="98.766336">
        <ele>664.936824</ele>
        <time>2025-09-03T08:16:57.076000Z</time>
      </trkpt>
      <trkpt lat="19.124967" lon="98.765566">
        <ele>672.288567</ele>
        <time>2025-09-03T08:17:32.391000Z</time>
      </trkpt>
      <trkpt lat="19.125135" lon="98.765321">
        <ele>674.352725</ele>
        <time>2025-09-03T08:17:42.357000Z</time>
      </trkpt>
      <trkpt lat="19.125306" lon="98.765277">
        <ele>675.62276</ele>
        <time>2025-09-03T08:17:48.773000Z</time>
      </trkpt>
      <trkpt lat="19.125834" lon="98.765301">
        <ele>679.436796</ele>
        <time>2025-09-03T08:18:13.685000Z</time>
      </trkpt>
      <trkpt lat="19.125958" lon="98.765285">
        <ele>680.338317</ele>
        <time>2025-09-03T08:18:20.894000Z</time>
      </trkpt>
      <trkpt lat="19.126003" lon="98.765212">
        <ele>680.932646</ele>
        <time>2025-09-03T08:18:25.892000Z</time>
      </trkpt>
      <trkpt lat="19.126021" lon="98.765108">
        <ele>681.653574</ele>
        <time>2025-09-03T08:18:32.433000Z</time>
      </trkpt>
      <trkpt lat="19.126001" lon="98.765019">
        <ele>682.626593</ele>
        <time>2025-09-03T08:18:38.388000Z</time>
      </trkpt>
      <trkpt lat="19.125917" lon="98.764923">
        <ele>684.325917</ele>
        <time>2025-09-03T08:18:47.562000Z</time>
      </trkpt>
      <trkpt lat="19.125763" lon="98.764866">
        <ele>686.568508</ele>
        <time>2025-09-03T08:19:00.828000Z</time>
      </trkpt>
      <trkpt lat="19.125454" lon="98.764705">
        <ele>691.302797</ele>
        <time>2025-09-03T08:19:31.819000Z</time>
      </trkpt>
      <trkpt lat="19.125299" lon="98.764587">
        <ele>693.927327</ele>
        <time>2025-09-03T08:19:50.464000Z</time>
      </trkpt>
      <trkpt lat="19.125203" lon="98.764437">
        <ele>696.280296</ele>
        <time>2025-09-03T08:20:07.213000Z</time>
      </trkpt>
      <trkpt lat="19.125028" lon="98.763984">
        <ele>702.636344</ele>
        <time>2025-09-03T08:20:48.107000Z</time>
      </trkpt>
      <trkpt lat="19.12498" lon="98.763471">
        <ele>706.380947</ele>
        <time>2025-09-03T08:21:20.080000Z</time>
      </trkpt>
      <trkpt lat="19.12498" lon="98.762696">
        <ele>705.51168</ele>
        <time>2025-09-03T08:21:41.824000Z</time>
      </trkpt>
      <trkpt lat="19.12496" lon="98.762445">
        <ele>705.22915</ele>
        <time>2025-09-03T08:21:45.401000Z</time>
      </trkpt>
      <trkpt lat="19.124932" lon="98.762112">
        <ele>704.85417</ele>
        <time>2025-09-03T08:21:49.792000Z</time>
      </trkpt>
      <trkpt lat="19.124851" lon="98.761878">
        <ele>704.574647</ele>
        <time>2025-09-03T08:21:52.980000Z</time>
      </trkpt>
      <trkpt lat="19.124772" lon="98.761774">
        <ele>704.120282</ele>
        <time>2025-09-03T08:21:54.684000Z</time>
      </trkpt>
      <trkpt lat="19.124559" lon="98.761583">
        <ele>701.961536</ele>
        <time>2025-09-03T08:21:58.430000Z</time>
      </trkpt>
      <trkpt lat="19.124126" lon="98.76146">
        <ele>698.494733</ele>
        <time>2025-09-03T08:22:04.548000Z</time>
      </trkpt>
      <trkpt lat="19.124057" lon="98.761422">
        <ele>697.89326</ele>
        <time>2025-09-03T08:22:05.624000Z</time>
      </trkpt>
      <trkpt lat="19.123994" lon="98.761359">
        <ele>697.223043</ele>
        <time>2025-09-03T08:22:06.846000Z</time>
      </trkpt>
      <trkpt lat="19.123965" lon="98.761245">
        <ele>696.360492</ele>
        <time>2025-09-03T08:22:08.420000Z</time>
      </trkpt>
      <trkpt lat="19.123995" lon="98.761047">
        <ele>694.89541</ele>
        <time>2025-09-03T08:22:11.140000Z</time>
      </trkpt>
      <trkpt lat="19.124108" lon="98.760911">
        <ele>693.572222</ele>
        <time>2025-09-03T08:22:13.603000Z</time>
      </trkpt>
      <trkpt lat="19.124284" lon="98.760896">
        <ele>692.206842</ele>
        <time>2025-09-03T08:22:16.173000Z</time>
      </trkpt>
      <trkpt lat="19.12472" lon="98.76095">
        <ele>690.321935</ele>
        <time>2025-09-03T08:22:22.814000Z</time>
      </trkpt>
      <trkpt lat="19.124929" lon="98.760819">
        <ele>690.055324</ele>
        <time>2025-09-03T08:22:26.860000Z</time>
      </trkpt>
      <trkpt lat="19.125033" lon="98.760659">
        <ele>689.853923</ele>
        <time>2025-09-03T08:22:30.143000Z</time>
      </trkpt>
      <trkpt lat="19.125068" lon="98.760602">
        <ele>689.783425</ele>
        <time>2025-09-03T08:22:31.327000Z</time>
      </trkpt>
      <trkpt lat="19.125204" lon="98.760314">
        <ele>689.44953</ele>
        <time>2025-09-03T08:22:37.492000Z</time>
      </trkpt>
      <trkpt lat="19.125293" lon="98.760108">
        <ele>689.214625</ele>
        <time>2025-09-03T08:22:42.201000Z</time>
      </trkpt>
      <trkpt lat="19.125405" lon="98.759984">
        <ele>689.036724</ele>
        <time>2025-09-03T08:22:45.908000Z</time>
      </trkpt>
      <trkpt lat="19.125817" lon="98.759685">
        <ele>688.872867</ele>
        <time>2025-09-03T08:22:59.342000Z</time>
      </trkpt>
      <trkpt lat="19.126114" lon="98.759374">
        <ele>690.031424</ele>
        <time>2025-09-03T08:23:14.428000Z</time>
      </trkpt>
      <trkpt lat="19.126257" lon="98.759169">
        <ele>690.699052</ele>
        <time>2025-09-03T08:23:24.088000Z</time>
      </trkpt>
      <trkpt lat="19.126343" lon="98.758944">
        <ele>691.334964</ele>
        <time>2025-09-03T08:23:33.070000Z</time>
      </trkpt>
      <trkpt lat="19.1265" lon="98.758097">
        <ele>693.586899</ele>
        <time>2025-09-03T08:24:01.497000Z</time>
      </trkpt>
      <trkpt lat="19.126756" lon="98.755967">
        <ele>694.616369</ele>
        <time>2025-09-03T08:24:47.253000Z</time>
      </trkpt>
      <trkpt lat="19.126766" lon="98.755685">
        <ele>694.93032</ele>
        <time>2025-09-03T08:24:52.728000Z</time>
      </trkpt>
      <trkpt lat="19.126746" lon="98.755414">
        <ele>695.23273</ele>
        <time>2025-09-03T08:24:58.230000Z</time>
      </trkpt>
      <trkpt lat="19.126695" lon="98.755224">
        <ele>695.452473</ele>
        <time>2025-09-03T08:25:02.487000Z</time>
      </trkpt>
      <trkpt lat="19.126277" lon="98.754323">
        <ele>696.820765</ele>
        <time>2025-09-03T08:25:31.165000Z</time>
      </trkpt>
      <trkpt lat="19.126239" lon="98.754199">
        <ele>697.296158</ele>
        <time>2025-09-03T08:25:35.885000Z</time>
      </trkpt>
      <trkpt lat="19.126224" lon="98.753993">
        <ele>698.049622</ele>
        <time>2025-09-03T08:25:43.828000Z</time>
      </trkpt>
      <trkpt lat="19.126306" lon="98.752521">
        <ele>703.41531</ele>
        <time>2025-09-03T08:26:40.959000Z</time>
      </trkpt>
      <trkpt lat="19.126512" lon="98.751258">
        <ele>705.97026</ele>
        <time>2025-09-03T08:27:16.093000Z</time>
      </trkpt>
      <trkpt lat="19.126529" lon="98.750966">
        <ele>706.553446</ele>
        <time>2025-09-03T08:27:22.929000Z</time>
      </trkpt>
      <trkpt lat="19.126298" lon="98.749093">
        <ele>712.67347</ele>
        <time>2025-09-03T08:28:20.083000Z</time>
      </trkpt>
      <trkpt lat="19.126245" lon="98.748937">
        <ele>713.253133</ele>
        <time>2025-09-03T08:28:27.532000Z</time>
      </trkpt>
      <trkpt lat="19.126149" lon="98.748804">
        <ele>713.838366</ele>
        <time>2025-09-03T08:28:35.639000Z</time>
      </trkpt>
      <trkpt lat="19.125713" lon="98.748439">
        <ele>719.103818</ele>
        <time>2025-09-03T08:29:08.446000Z</time>
      </trkpt>
      <trkpt lat="19.125552" lon="98.748347">
        <ele>720.844315</ele>
        <time>2025-09-03T08:29:20.690000Z</time>
      </trkpt>
      <trkpt lat="19.125206" lon="98.748218">
        <ele>724.333941</ele>
        <time>2025-09-03T08:29:46.885000Z</time>
      </trkpt>
      <trkpt lat="19.124305" lon="98.748088">
        <ele>732.136688</ele>
        <time>2025-09-03T08:30:43.927000Z</time>
      </trkpt>
      <trkpt lat="19.124114" lon="98.747971">
        <ele>733.355872</ele>
        <time>2025-09-03T08:30:55.043000Z</time>
      </trkpt>
      <trkpt lat="19.123799" lon="98.747493">
        <ele>736.397849</ele>
        <time>2025-09-03T08:31:20.215000Z</time>
      </trkpt>
      <trkpt lat="19.123775" lon="98.747379">
        <ele>737.00749</ele>
        <time>2025-09-03T08:31:24.820000Z</time>
      </trkpt>
      <trkpt lat="19.123787" lon="98.747262">
        <ele>737.621786</ele>
        <time>2025-09-03T08:31:29.288000Z</time>
      </trkpt>
      <trkpt lat="19.123924" lon="98.746968">
        <ele>739.33288</ele>
        <time>2025-09-03T08:31:40.712000Z</time>
      </trkpt>
      <trkpt lat="19.123942" lon="98.746883">
        <ele>739.787564</ele>
        <time>2025-09-03T08:31:43.549000Z</time>
      </trkpt>
      <trkpt lat="19.123927" lon="98.746784">
        <ele>740.310918</ele>
        <time>2025-09-03T08:31:46.683000Z</time>
      </trkpt>
      <trkpt lat="19.123878" lon="98.746703">
        <ele>740.812953</ele>
        <time>2025-09-03T08:31:49.614000Z</time>
      </trkpt>
      <trkpt lat="19.123543" lon="98.746409">
        <ele>740.352604</ele>
        <time>2025-09-03T08:32:02.221000Z</time>
      </trkpt>
      <trkpt lat="19.123523" lon="98.746283">
        <ele>740.195232</ele>
        <time>2025-09-03T08:32:05.376000Z</time>
      </trkpt>
      <trkpt lat="19.12353" lon="98.746137">
        <ele>740.015169</ele>
        <time>2025-09-03T08:32:08.708000Z</time>
      </trkpt>
      <trkpt lat="19.12361" lon="98.745979">
        <ele>739.794373</ele>
        <time>2025-09-03T08:32:12.346000Z</time>
      </trkpt>
      <trkpt lat="19.123701" lon="98.745857">
        <ele>739.602918</ele>
        <time>2025-09-03T08:32:15.216000Z</time>
      </trkpt>
      <trkpt lat="19.123831" lon="98.745766">
        <ele>739.399728</ele>
        <time>2025-09-03T08:32:17.997000Z</time>
      </trkpt>
      <trkpt lat="19.124582" lon="98.745542">
        <ele>738.363588</ele>
        <time>2025-09-03T08:32:29.964000Z</time>
      </trkpt>
      <trkpt lat="19.1247" lon="98.74555">
        <ele>738.192467</ele>
        <time>2025-09-03T08:32:31.675000Z</time>
      </trkpt>
      <trkpt lat="19.124794" lon="98.745591">
        <ele>738.045332</ele>
        <time>2025-09-03T08:32:33.157000Z</time>
      </trkpt>
      <trkpt lat="19.124859" lon="98.745665">
        <ele>737.907177</ele>
        <time>2025-09-03T08:32:34.560000Z</time>
      </trkpt>
      <trkpt lat="19.124892" lon="98.745761">
        <ele>737.767495</ele>
        <time>2025-09-03T08:32:35.990000Z</time>
      </trkpt>
      <trkpt lat="19.124893" lon="98.745892">
        <ele>737.58837</ele>
        <time>2025-09-03T08:32:37.856000Z</time>
      </trkpt>
      <trkpt lat="19.124803" lon="98.746277">
        <ele>737.046074</ele>
        <time>2025-09-03T08:32:43.824000Z</time>
      </trkpt>
      <trkpt lat="19.124786" lon="98.746436">
        <ele>736.827281</ele>
        <time>2025-09-03T08:32:46.591000Z</time>
      </trkpt>
      <trkpt lat="19.124821" lon="98.746589">
        <ele>736.612035</ele>
        <time>2025-09-03T08:32:49.794000Z</time>
      </trkpt>
      <trkpt lat="19.124892" lon="98.746678">
        <ele>736.452765</ele>
        <time>2025-09-03T08:32:52.619000Z</time>
      </trkpt>
      <trkpt lat="19.124979" lon="98.746714">
        <ele>736.317578</ele>
        <time>2025-09-03T08:32:55.368000Z</time>
      </trkpt>
      <trkpt lat="19.125087" lon="98.746708">
        <ele>736.161064</ele>
        <time>2025-09-03T08:32:58.845000Z</time>
      </trkpt>
      <trkpt lat="19.125166" lon="98.746664">
        <ele>736.031872</ele>
        <time>2025-09-03T08:33:02.058000Z</time>
      </trkpt>
      <trkpt lat="19.125227" lon="98.746565">
        <ele>736.534035</ele>
        <time>2025-09-03T08:33:06.438000Z</time>
      </trkpt>
      <trkpt lat="19.125259" lon="98.746329">
        <ele>738.866035</ele>
        <time>2025-09-03T08:33:16.857000Z</time>
      </trkpt>
      <trkpt lat="19.125327" lon="98.745434">
        <ele>747.648411</ele>
        <time>2025-09-03T08:34:13.147000Z</time>
      </trkpt>
      <trkpt lat="19.125198" lon="98.744527">
        <ele>757.336815</ele>
        <time>2025-09-03T08:35:19.726000Z</time>
      </trkpt>
      <trkpt lat="19.125243" lon="98.744382">
        <ele>759.352325</ele>
        <time>2025-09-03T08:35:30.657000Z</time>
      </trkpt>
      <trkpt lat="19.125298" lon="98.744295">
        <ele>760.734709</ele>
        <time>2025-09-03T08:35:38.259000Z</time>
      </trkpt>
      <trkpt lat="19.125884" lon="98.743937">
        <ele>770.191947</ele>
        <time>2025-09-03T08:36:31.963000Z</time>
      </trkpt>
      <trkpt lat="19.125902" lon="98.743862">
        <ele>771.21384</ele>
        <time>2025-09-03T08:36:37.905000Z</time>
      </trkpt>
      <trkpt lat="19.1259" lon="98.7438">
        <ele>772.033079</ele>
        <time>2025-09-03T08:36:42.621000Z</time>
      </trkpt>
      <trkpt lat="19.125796" lon="98.743688">
        <ele>774.10689</ele>
        <time>2025-09-03T08:36:54.524000Z</time>
      </trkpt>
      <trkpt lat="19.125498" lon="98.743627">
        <ele>778.349329</ele>
        <time>2025-09-03T08:37:18.578000Z</time>
      </trkpt>
      <trkpt lat="19.125269" lon="98.743551">
        <ele>781.443044</ele>
        <time>2025-09-03T08:37:37.440000Z</time>
      </trkpt>
      <trkpt lat="19.125104" lon="98.743446">
        <ele>783.781663</ele>
        <time>2025-09-03T08:37:52.169000Z</time>
      </trkpt>
      <trkpt lat="19.125053" lon="98.743379">
        <ele>784.769097</ele>
        <time>2025-09-03T08:37:58.410000Z</time>
      </trkpt>
      <trkpt lat="19.125038" lon="98.743218">
        <ele>786.625782</ele>
        <time>2025-09-03T08:38:09.935000Z</time>
      </trkpt>
      <trkpt lat="19.125096" lon="98.742749">
        <ele>792.054192</ele>
        <time>2025-09-03T08:38:42.685000Z</time>
      </trkpt>
      <trkpt lat="19.125183" lon="98.742486">
        <ele>795.252176</ele>
        <time>2025-09-03T08:39:00.909000Z</time>
      </trkpt>
      <trkpt lat="19.125315" lon="98.742226">
        <ele>798.639585</ele>
        <time>2025-09-03T08:39:19.106000Z</time>
      </trkpt>
      <trkpt lat="19.125297" lon="98.742099">
        <ele>800.113412</ele>
        <time>2025-09-03T08:39:26.645000Z</time>
      </trkpt>
      <trkpt lat="19.125248" lon="98.74205">
        <ele>800.932255</ele>
        <time>2025-09-03T08:39:30.702000Z</time>
      </trkpt>
      <trkpt lat="19.125087" lon="98.742026">
        <ele>802.799704</ele>
        <time>2025-09-03T08:39:40.496000Z</time>
      </trkpt>
      <trkpt lat="19.124443" lon="98.742121">
        <ele>810.067357</ele>
        <time>2025-09-03T08:40:20.387000Z</time>
      </trkpt>
      <trkpt lat="19.124164" lon="98.74207">
        <ele>813.231945</ele>
        <time>2025-09-03T08:40:39.129000Z</time>
      </trkpt>
      <trkpt lat="19.124042" lon="98.742006">
        <ele>814.753858</ele>
        <time>2025-09-03T08:40:48.405000Z</time>
      </trkpt>
      <trkpt lat="19.123823" lon="98.741822">
        <ele>817.879128</ele>
        <time>2025-09-03T08:41:07.963000Z</time>
      </trkpt>
      <trkpt lat="19.123533" lon="98.740994">
        <ele>828.679496</ele>
        <time>2025-09-03T08:42:09.831000Z</time>
      </trkpt>
      <trkpt lat="19.123512" lon="98.740877">
        <ele>830.271977</ele>
        <time>2025-09-03T08:42:18.810000Z</time>
      </trkpt>
      <trkpt lat="19.123545" lon="98.740761">
        <ele>831.891894</ele>
        <time>2025-09-03T08:42:28.003000Z</time>
      </trkpt>
      <trkpt lat="19.123759" lon="98.740467">
        <ele>836.854579</ele>
        <time>2025-09-03T08:42:57.166000Z</time>
      </trkpt>
      <trkpt lat="19.12382" lon="98.740268">
        <ele>839.652107</ele>
        <time>2025-09-03T08:43:13.981000Z</time>
      </trkpt>
      <trkpt lat="19.123815" lon="98.74017">
        <ele>840.96445</ele>
        <time>2025-09-03T08:43:21.973000Z</time>
      </trkpt>
      <trkpt lat="19.123512" lon="98.739074">
        <ele>852.430755</ele>
        <time>2025-09-03T08:44:48.264000Z</time>
      </trkpt>
      <trkpt lat="19.123515" lon="98.738458">
        <ele>857.23025</ele>
        <time>2025-09-03T08:45:20.424000Z</time>
      </trkpt>
      <trkpt lat="19.123422" lon="98.7382">
        <ele>859.38173</ele>
        <time>2025-09-03T08:45:29.970000Z</time>
      </trkpt>
      <trkpt lat="19.123414" lon="98.738027">
        <ele>860.731236</ele>
        <time>2025-09-03T08:45:34.487000Z</time>
      </trkpt>
      <trkpt lat="19.123448" lon="98.737888">
        <ele>861.84993</ele>
        <time>2025-09-03T08:45:37.574000Z</time>
      </trkpt>
      <trkpt lat="19.123546" lon="98.737774">
        <ele>862.537375</ele>
        <time>2025-09-03T08:45:40.591000Z</time>
      </trkpt>
      <trkpt lat="19.124192" lon="98.737384">
        <ele>865.803455</ele>
        <time>2025-09-03T08:45:57.094000Z</time>
      </trkpt>
      <trkpt lat="19.124305" lon="98.737233">
        <ele>866.602721</ele>
        <time>2025-09-03T08:46:02.834000Z</time>
      </trkpt>
      <trkpt lat="19.124373" lon="98.737043">
        <ele>867.44575</ele>
        <time>2025-09-03T08:46:10.026000Z</time>
      </trkpt>
      <trkpt lat="19.124382" lon="98.736823">
        <ele>868.359447</ele>
        <time>2025-09-03T08:46:19.526000Z</time>
      </trkpt>
      <trkpt lat="19.124298" lon="98.736129">
        <ele>874.210104</ele>
        <time>2025-09-03T08:47:04.419000Z</time>
      </trkpt>
      <trkpt lat="19.124364" lon="98.735835">
        <ele>878.083035</ele>
        <time>2025-09-03T08:47:31.266000Z</time>
      </trkpt>
      <trkpt lat="19.124617" lon="98.735539">
        <ele>883.19872</ele>
        <time>2025-09-03T08:48:05.051000Z</time>
      </trkpt>
      <trkpt lat="19.124643" lon="98.735418">
        <ele>884.789105</ele>
        <time>2025-09-03T08:48:15.045000Z</time>
      </trkpt>
      <trkpt lat="19.12462" lon="98.73529">
        <ele>886.459009</ele>
        <time>2025-09-03T08:48:25.354000Z</time>
      </trkpt>
      <trkpt lat="19.124569" lon="98.735199">
        <ele>887.815053</ele>
        <time>2025-09-03T08:48:33.359000Z</time>
      </trkpt>
      <trkpt lat="19.124506" lon="98.735142">
        <ele>888.939341</ele>
        <time>2025-09-03T08:48:39.820000Z</time>
      </trkpt>
      <trkpt lat="19.124405" lon="98.735099">
        <ele>890.4161</ele>
        <time>2025-09-03T08:48:48.267000Z</time>
      </trkpt>
      <trkpt lat="19.12427" lon="98.735107">
        <ele>892.250255</ele>
        <time>2025-09-03T08:48:58.183000Z</time>
      </trkpt>
      <trkpt lat="19.12411" lon="98.735298">
        <ele>894.778665</ele>
        <time>2025-09-03T08:49:14.863000Z</time>
      </trkpt>
      <trkpt lat="19.123979" lon="98.735507">
        <ele>896.114502</ele>
        <time>2025-09-03T08:49:30.299000Z</time>
      </trkpt>
      <trkpt lat="19.123915" lon="98.735528">
        <ele>896.492223</ele>
        <time>2025-09-03T08:49:34.207000Z</time>
      </trkpt>
      <trkpt lat="19.123512" lon="98.735536">
        <ele>898.764419</ele>
        <time>2025-09-03T08:49:54.916000Z</time>
      </trkpt>
      <trkpt lat="19.123217" lon="98.735709">
        <ele>900.665605</ele>
        <time>2025-09-03T08:50:06.285000Z</time>
      </trkpt>
      <trkpt lat="19.123126" lon="98.735838">
        <ele>901.523055</ele>
        <time>2025-09-03T08:50:11.510000Z</time>
      </trkpt>
      <trkpt lat="19.123043" lon="98.736091">
        <ele>902.949487</ele>
        <time>2025-09-03T08:50:19.711000Z</time>
      </trkpt>
      <trkpt lat="19.122976" lon="98.736217">
        <ele>903.719563</ele>
        <time>2025-09-03T08:50:23.862000Z</time>
      </trkpt>
      <trkpt lat="19.122613" lon="98.736649">
        <ele>903.453552</ele>
        <time>2025-09-03T08:50:38.384000Z</time>
      </trkpt>
      <trkpt lat="19.12257" lon="98.736818">
        <ele>903.091379</ele>
        <time>2025-09-03T08:50:42.013000Z</time>
      </trkpt>
      <trkpt lat="19.122544" lon="98.737073">
        <ele>902.560639</ele>
        <time>2025-09-03T08:50:46.717000Z</time>
      </trkpt>
      <trkpt lat="19.122453" lon="98.737207">
        <ele>902.219155</ele>
        <time>2025-09-03T08:50:49.433000Z</time>
      </trkpt>
      <trkpt lat="19.122351" lon="98.737285">
        <ele>901.943549</ele>
        <time>2025-09-03T08:50:51.488000Z</time>
      </trkpt>
      <trkpt lat="19.122142" lon="98.737382">
        <ele>901.443729</ele>
        <time>2025-09-03T08:50:55.092000Z</time>
      </trkpt>
      <trkpt lat="19.121835" lon="98.737443">
        <ele>900.7596</ele>
        <time>2025-09-03T08:50:59.781000Z</time>
      </trkpt>
      <trkpt lat="19.121574" lon="98.737478">
        <ele>899.93704</ele>
        <time>2025-09-03T08:51:03.599000Z</time>
      </trkpt>
      <trkpt lat="19.1213" lon="98.737481">
        <ele>898.782836</ele>
        <time>2025-09-03T08:51:07.513000Z</time>
      </trkpt>
      <trkpt lat="19.120664" lon="98.737488">
        <ele>896.103734</ele>
        <time>2025-09-03T08:51:16.743000Z</time>
      </trkpt>
      <trkpt lat="19.120218" lon="98.737409">
        <ele>894.198967</ele>
        <time>2025-09-03T08:51:23.648000Z</time>
      </trkpt>
      <trkpt lat="19.119062" lon="98.736902">
        <ele>894.759116</ele>
        <time>2025-09-03T08:51:57.824000Z</time>
      </trkpt>
      <trkpt lat="19.118829" lon="98.736743">
        <ele>895.317009</ele>
        <time>2025-09-03T08:52:08.738000Z</time>
      </trkpt>
      <trkpt lat="19.118644" lon="98.736566">
        <ele>895.818864</ele>
        <time>2025-09-03T08:52:18.412000Z</time>
      </trkpt>
      <trkpt lat="19.118429" lon="98.736282">
        <ele>896.502972</ele>
        <time>2025-09-03T08:52:30.908000Z</time>
      </trkpt>
      <trkpt lat="19.118107" lon="98.735633">
        <ele>897.265084</ele>
        <time>2025-09-03T08:52:52.289000Z</time>
      </trkpt>
      <trkpt lat="19.117793" lon="98.734757">
        <ele>898.239168</ele>
        <time>2025-09-03T08:53:14.421000Z</time>
      </trkpt>
      <trkpt lat="19.117573" lon="98.73411">
        <ele>897.45282</ele>
        <time>2025-09-03T08:53:27.093000Z</time>
      </trkpt>
      <trkpt lat="19.117334" lon="98.733559">
        <ele>896.117437</ele>
        <time>2025-09-03T08:53:36.513000Z</time>
      </trkpt>
      <trkpt lat="19.11721" lon="98.733369">
        <ele>895.608826</ele>
        <time>2025-09-03T08:53:39.991000Z</time>
      </trkpt>
      <trkpt lat="19.116683" lon="98.732765">
        <ele>894.340622</ele>
        <time>2025-09-03T08:53:52.340000Z</time>
      </trkpt>
      <trkpt lat="19.11606" lon="98.73207">
        <ele>894.606917</ele>
        <time>2025-09-03T08:54:12.959000Z</time>
      </trkpt>
      <trkpt lat="19.116011" lon="98.731989">
        <ele>894.633651</ele>
        <time>2025-09-03T08:54:16.103000Z</time>
      </trkpt>
      <trkpt lat="19.116005" lon="98.731761">
        <ele>894.697052</ele>
        <time>2025-09-03T08:54:23.989000Z</time>
      </trkpt>
      <trkpt lat="19.116162" lon="98.731297">
        <ele>894.679651</ele>
        <time>2025-09-03T08:54:39.346000Z</time>
      </trkpt>
      <trkpt lat="19.11626" lon="98.730745">
        <ele>893.875011</ele>
        <time>2025-09-03T08:54:53.236000Z</time>
      </trkpt>
      <trkpt lat="19.116335" lon="98.730557">
        <ele>893.582657</ele>
        <time>2025-09-03T08:54:57.173000Z</time>
      </trkpt>
      <trkpt lat="19.116581" lon="98.730266">
        <ele>893.023266</ele>
        <time>2025-09-03T08:55:03.681000Z</time>
      </trkpt>
      <trkpt lat="19.116672" lon="98.730067">
        <ele>892.706543</ele>
        <time>2025-09-03T08:55:07.050000Z</time>
      </trkpt>
      <trkpt lat="19.116716" lon="98.729805">
        <ele>892.325317</ele>
        <time>2025-09-03T08:55:10.963000Z</time>
      </trkpt>
      <trkpt lat="19.116695" lon="98.729271">
        <ele>890.413337</ele>
        <time>2025-09-03T08:55:18.399000Z</time>
      </trkpt>
      <trkpt lat="19.116781" lon="98.728994">
        <ele>889.078661</ele>
        <time>2025-09-03T08:55:22.456000Z</time>
      </trkpt>
      <trkpt lat="19.116836" lon="98.728862">
        <ele>888.418283</ele>
        <time>2025-09-03T08:55:24.497000Z</time>
      </trkpt>
      <trkpt lat="19.117192" lon="98.728503">
        <ele>886.036018</ele>
        <time>2025-09-03T08:55:31.968000Z</time>
      </trkpt>
      <trkpt lat="19.117258" lon="98.728437">
        <ele>885.596115</ele>
        <time>2025-09-03T08:55:33.370000Z</time>
      </trkpt>
      <trkpt lat="19.117347" lon="98.728254">
        <ele>884.653972</ele>
        <time>2025-09-03T08:55:36.350000Z</time>
      </trkpt>
      <trkpt lat="19.117375" lon="98.727956">
        <ele>883.315166</ele>
        <time>2025-09-03T08:55:40.668000Z</time>
      </trkpt>
      <trkpt lat="19.117291" lon="98.727401">
        <ele>881.714107</ele>
        <time>2025-09-03T08:55:49.026000Z</time>
      </trkpt>
      <trkpt lat="19.117288" lon="98.72724">
        <ele>881.255413</ele>
        <time>2025-09-03T08:55:51.566000Z</time>
      </trkpt>
      <trkpt lat="19.117347" lon="98.727117">
        <ele>880.862486</ele>
        <time>2025-09-03T08:55:53.764000Z</time>
      </trkpt>
      <trkpt lat="19.117406" lon="98.727058">
        <ele>880.617778</ele>
        <time>2025-09-03T08:55:55.141000Z</time>
      </trkpt>
      <trkpt lat="19.117487" lon="98.726977">
        <ele>880.281824</ele>
        <time>2025-09-03T08:55:57.023000Z</time>
      </trkpt>
      <trkpt lat="19.118041" lon="98.726713">
        <ele>878.45017</ele>
        <time>2025-09-03T08:56:07.234000Z</time>
      </trkpt>
      <trkpt lat="19.118142" lon="98.726618">
        <ele>878.042813</ele>
        <time>2025-09-03T08:56:09.521000Z</time>
      </trkpt>
      <trkpt lat="19.118246" lon="98.726476">
        <ele>877.90259</ele>
        <time>2025-09-03T08:56:12.448000Z</time>
      </trkpt>
      <trkpt lat="19.118277" lon="98.726277">
        <ele>877.843137</ele>
        <time>2025-09-03T08:56:15.859000Z</time>
      </trkpt>
      <trkpt lat="19.118264" lon="98.726098">
        <ele>877.790216</ele>
        <time>2025-09-03T08:56:19.101000Z</time>
      </trkpt>
      <trkpt lat="19.118092" lon="98.725559">
        <ele>877.622513</ele>
        <time>2025-09-03T08:56:30.448000Z</time>
      </trkpt>
      <trkpt lat="19.118082" lon="98.725218">
        <ele>877.521944</ele>
        <time>2025-09-03T08:56:38.517000Z</time>
      </trkpt>
      <trkpt lat="19.118104" lon="98.725036">
        <ele>877.467857</ele>
        <time>2025-09-03T08:56:43.302000Z</time>
      </trkpt>
      <trkpt lat="19.118315" lon="98.724569">
        <ele>876.956711</ele>
        <time>2025-09-03T08:56:57.218000Z</time>
      </trkpt>
      <trkpt lat="19.118343" lon="98.724392">
        <ele>876.629146</ele>
        <time>2025-09-03T08:57:01.368000Z</time>
      </trkpt>
      <trkpt lat="19.11831" lon="98.724244">
        <ele>876.35159</ele>
        <time>2025-09-03T08:57:04.451000Z</time>
      </trkpt>
      <trkpt lat="19.118069" lon="98.723721">
        <ele>875.289509</ele>
        <time>2025-09-03T08:57:14.288000Z</time>
      </trkpt>
      <trkpt lat="19.118051" lon="98.723587">
        <ele>875.042466</ele>
        <time>2025-09-03T08:57:16.409000Z</time>
      </trkpt>
      <trkpt lat="19.118142" lon="98.723048">
        <ele>874.043075</ele>
        <time>2025-09-03T08:57:24.574000Z</time>
      </trkpt>
      <trkpt lat="19.11814" lon="98.722844">
        <ele>873.390115</ele>
        <time>2025-09-03T08:57:27.496000Z</time>
      </trkpt>
      <trkpt lat="19.117983" lon="98.722265">
        <ele>870.999898</ele>
        <time>2025-09-03T08:57:35.902000Z</time>
      </trkpt>
      <trkpt lat="19.117955" lon="98.721919">
        <ele>869.621939</ele>
        <time>2025-09-03T08:57:40.841000Z</time>
      </trkpt>
      <trkpt lat="19.117998" lon="98.721452">
        <ele>867.760099</ele>
        <time>2025-09-03T08:57:47.832000Z</time>
      </trkpt>
      <trkpt lat="19.117995" lon="98.721101">
        <ele>866.36727</ele>
        <time>2025-09-03T08:57:53.320000Z</time>
      </trkpt>
      <trkpt lat="19.117902" lon="98.720387">
        <ele>865.458553</ele>
        <time>2025-09-03T08:58:05.466000Z</time>
      </trkpt>
      <trkpt lat="19.117988" lon="98.720065">
        <ele>865.040234</ele>
        <time>2025-09-03T08:58:11.308000Z</time>
      </trkpt>
      <trkpt lat="19.118092" lon="98.719891">
        <ele>864.782839</ele>
        <time>2025-09-03T08:58:14.883000Z</time>
      </trkpt>
      <trkpt lat="19.118236" lon="98.719674">
        <ele>864.451336</ele>
        <time>2025-09-03T08:58:19.452000Z</time>
      </trkpt>
      <trkpt lat="19.118365" lon="98.719558">
        <ele>864.227368</ele>
        <time>2025-09-03T08:58:22.533000Z</time>
      </trkpt>
      <trkpt lat="19.1185" lon="98.719481">
        <ele>864.02446</ele>
        <time>2025-09-03T08:58:25.488000Z</time>
      </trkpt>
      <trkpt lat="19.119101" lon="98.719218">
        <ele>867.20632</ele>
        <time>2025-09-03T08:58:44.397000Z</time>
      </trkpt>
      <trkpt lat="19.119312" lon="98.71904">
        <ele>868.626</ele>
        <time>2025-09-03T08:58:55.821000Z</time>
      </trkpt>
      <trkpt lat="19.119407" lon="98.718822">
        <ele>869.819444</ele>
        <time>2025-09-03T08:59:06.700000Z</time>
      </trkpt>
      <trkpt lat="19.119415" lon="98.718668">
        <ele>870.586171</ele>
        <time>2025-09-03T08:59:14.295000Z</time>
      </trkpt>
      <trkpt lat="19.119399" lon="98.718491">
        <ele>871.470097</ele>
        <time>2025-09-03T08:59:23.555000Z</time>
      </trkpt>
      <trkpt lat="19.119252" lon="98.717909">
        <ele>875.028751</ele>
        <time>2025-09-03T08:59:58.203000Z</time>
      </trkpt>
      <trkpt lat="19.119265" lon="98.717772">
        <ele>876.089664</ele>
        <time>2025-09-03T09:00:06.614000Z</time>
      </trkpt>
      <trkpt lat="19.119295" lon="98.717624">
        <ele>877.255971</ele>
        <time>2025-09-03T09:00:15.812000Z</time>
      </trkpt>
      <trkpt lat="19.11961" lon="98.717383">
        <ele>880.425673</ele>
        <time>2025-09-03T09:00:39.383000Z</time>
      </trkpt>
      <trkpt lat="19.119703" lon="98.717283">
        <ele>881.506819</ele>
        <time>2025-09-03T09:00:46.807000Z</time>
      </trkpt>
      <trkpt lat="19.119792" lon="98.717005">
        <ele>883.76846</ele>
        <time>2025-09-03T09:01:01.349000Z</time>
      </trkpt>
      <trkpt lat="19.120016" lon="98.716063">
        <ele>888.608675</ele>
        <time>2025-09-03T09:01:44.861000Z</time>
      </trkpt>
      <trkpt lat="19.120081" lon="98.715524">
        <ele>889.275602</ele>
        <time>2025-09-03T09:02:06.574000Z</time>
      </trkpt>
      <trkpt lat="19.120076" lon="98.715372">
        <ele>889.462278</ele>
        <time>2025-09-03T09:02:10.866000Z</time>
      </trkpt>
      <trkpt lat="19.119931" lon="98.714895">
        <ele>890.077296</ele>
        <time>2025-09-03T09:02:19.828000Z</time>
      </trkpt>
      <trkpt lat="19.119951" lon="98.714743">
        <ele>890.265659</ele>
        <time>2025-09-03T09:02:22.101000Z</time>
      </trkpt>
      <trkpt lat="19.120015" lon="98.714611">
        <ele>890.424612</ele>
        <time>2025-09-03T09:02:24.210000Z</time>
      </trkpt>
      <trkpt lat="19.120165" lon="98.714551">
        <ele>889.295217</ele>
        <time>2025-09-03T09:02:26.536000Z</time>
      </trkpt>
      <trkpt lat="19.120808" lon="98.714518">
        <ele>884.761191</ele>
        <time>2025-09-03T09:02:35.379000Z</time>
      </trkpt>
      <trkpt lat="19.121513" lon="98.714411">
        <ele>879.745022</ele>
        <time>2025-09-03T09:02:45.145000Z</time>
      </trkpt>
      <trkpt lat="19.121655" lon="98.714336">
        <ele>878.62729</ele>
        <time>2025-09-03T09:02:47.497000Z</time>
      </trkpt>
      <trkpt lat="19.121796" lon="98.714172">
        <ele>877.607238</ele>
        <time>2025-09-03T09:02:50.781000Z</time>
      </trkpt>
      <trkpt lat="19.121835" lon="98.714008">
        <ele>877.302795</ele>
        <time>2025-09-03T09:02:53.499000Z</time>
      </trkpt>
      <trkpt lat="19.121802" lon="98.713805">
        <ele>876.931983</ele>
        <time>2025-09-03T09:02:57.158000Z</time>
      </trkpt>
      <trkpt lat="19.121661" lon="98.713538">
        <ele>876.381342</ele>
        <time>2025-09-03T09:03:03.853000Z</time>
      </trkpt>
      <trkpt lat="19.120939" lon="98.712841">
        <ele>874.519399</ele>
        <time>2025-09-03T09:03:26.440000Z</time>
      </trkpt>
      <trkpt lat="19.120552" lon="98.712547">
        <ele>871.240056</ele>
        <time>2025-09-03T09:03:33.717000Z</time>
      </trkpt>
      <trkpt lat="19.120424" lon="98.71241">
        <ele>869.777599</ele>
        <time>2025-09-03T09:03:36.302000Z</time>
      </trkpt>
      <trkpt lat="19.120373" lon="98.712295">
        <ele>868.813327</ele>
        <time>2025-09-03T09:03:37.970000Z</time>
      </trkpt>
      <trkpt lat="19.120357" lon="98.712172">
        <ele>867.870897</ele>
        <time>2025-09-03T09:03:39.589000Z</time>
      </trkpt>
      <trkpt lat="19.120375" lon="98.71205">
        <ele>866.933641</ele>
        <time>2025-09-03T09:03:41.167000Z</time>
      </trkpt>
      <trkpt lat="19.120478" lon="98.711841">
        <ele>865.144406</ele>
        <time>2025-09-03T09:03:44.170000Z</time>
      </trkpt>
      <trkpt lat="19.120809" lon="98.711361">
        <ele>860.633822</ele>
        <time>2025-09-03T09:03:51.717000Z</time>
      </trkpt>
      <trkpt lat="19.120883" lon="98.71129">
        <ele>859.836491</ele>
        <time>2025-09-03T09:03:53.076000Z</time>
      </trkpt>
      <trkpt lat="19.120979" lon="98.711241">
        <ele>859.044059</ele>
        <time>2025-09-03T09:03:54.517000Z</time>
      </trkpt>
      <trkpt lat="19.121146" lon="98.71121">
        <ele>857.78345</ele>
        <time>2025-09-03T09:03:56.843000Z</time>
      </trkpt>
      <trkpt lat="19.121285" lon="98.711154">
        <ele>856.677636</ele>
        <time>2025-09-03T09:03:58.902000Z</time>
      </trkpt>
      <trkpt lat="19.121353" lon="98.711062">
        <ele>855.857086</ele>
        <time>2025-09-03T09:04:00.437000Z</time>
      </trkpt>
      <trkpt lat="19.121359" lon="98.710919">
        <ele>854.851543</ele>
        <time>2025-09-03T09:04:02.324000Z</time>
      </trkpt>
      <trkpt lat="19.121308" lon="98.710722">
        <ele>853.416638</ele>
        <time>2025-09-03T09:04:05.052000Z</time>
      </trkpt>
      <trkpt lat="19.121214" lon="98.710565">
        <ele>852.11094</ele>
        <time>2025-09-03T09:04:07.564000Z</time>
      </trkpt>
      <trkpt lat="19.121172" lon="98.710362">
        <ele>850.651104</ele>
        <time>2025-09-03T09:04:10.390000Z</time>
      </trkpt>
      <trkpt lat="19.121183" lon="98.710182">
        <ele>849.383987</ele>
        <time>2025-09-03T09:04:12.854000Z</time>
      </trkpt>
      <trkpt lat="19.12125" lon="98.71006">
        <ele>848.392696</ele>
        <time>2025-09-03T09:04:14.783000Z</time>
      </trkpt>
      <trkpt lat="19.121355" lon="98.709944">
        <ele>847.264203</ele>
        <time>2025-09-03T09:04:16.996000Z</time>
      </trkpt>
      <trkpt lat="19.122139" lon="98.709382">
        <ele>846.121382</ele>
        <time>2025-09-03T09:04:31.900000Z</time>
      </trkpt>
      <trkpt lat="19.122415" lon="98.709235">
        <ele>845.97373</ele>
        <time>2025-09-03T09:04:38.456000Z</time>
      </trkpt>
      <trkpt lat="19.122582" lon="98.709181">
        <ele>845.890284</ele>
        <time>2025-09-03T09:04:43.443000Z</time>
      </trkpt>
      <trkpt lat="19.123029" lon="98.709139">
        <ele>845.675834</ele>
        <time>2025-09-03T09:05:00.393000Z</time>
      </trkpt>
      <trkpt lat="19.123469" lon="98.709105">
        <ele>848.344046</ele>
        <time>2025-09-03T09:05:22.420000Z</time>
      </trkpt>
      <trkpt lat="19.123658" lon="98.709061">
        <ele>849.570098</ele>
        <time>2025-09-03T09:05:32.964000Z</time>
      </trkpt>
      <trkpt lat="19.123998" lon="98.70894">
        <ele>851.84271</ele>
        <time>2025-09-03T09:05:52.412000Z</time>
      </trkpt>
      <trkpt lat="19.1248" lon="98.708569">
        <ele>857.211437</ele>
        <time>2025-09-03T09:06:35.181000Z</time>
      </trkpt>
      <trkpt lat="19.125112" lon="98.708338">
        <ele>858.315701</ele>
        <time>2025-09-03T09:06:50.488000Z</time>
      </trkpt>
      <trkpt lat="19.125187" lon="98.708257">
        <ele>858.626462</ele>
        <time>2025-09-03T09:06:54.407000Z</time>
      </trkpt>
      <trkpt lat="19.125243" lon="98.708138">
        <ele>858.990741</ele>
        <time>2025-09-03T09:06:58.765000Z</time>
      </trkpt>
      <trkpt lat="19.125285" lon="98.707972">
        <ele>859.461623</ele>
        <time>2025-09-03T09:07:03.997000Z</time>
      </trkpt>
      <trkpt lat="19.125351" lon="98.707306">
        <ele>861.296535</ele>
        <time>2025-09-03T09:07:21.400000Z</time>
      </trkpt>
      <trkpt lat="19.125414" lon="98.707199">
        <ele>861.641996</ele>
        <time>2025-09-03T09:07:24.458000Z</time>
      </trkpt>
      <trkpt lat="19.125585" lon="98.707059">
        <ele>862.268976</ele>
        <time>2025-09-03T09:07:30.157000Z</time>
      </trkpt>
      <trkpt lat="19.125736" lon="98.706998">
        <ele>862.786188</ele>
        <time>2025-09-03T09:07:34.696000Z</time>
      </trkpt>
      <trkpt lat="19.125868" lon="98.706995">
        <ele>863.209541</ele>
        <time>2025-09-03T09:07:38.646000Z</time>
      </trkpt>
      <trkpt lat="19.126288" lon="98.70707">
        <ele>864.575298</ele>
        <time>2025-09-03T09:07:53.402000Z</time>
      </trkpt>
      <trkpt lat="19.126397" lon="98.707038">
        <ele>864.938</ele>
        <time>2025-09-03T09:07:57.708000Z</time>
      </trkpt>
      <trkpt lat="19.126477" lon="98.706973">
        <ele>865.261385</ele>
        <time>2025-09-03T09:08:01.672000Z</time>
      </trkpt>
      <trkpt lat="19.126608" lon="98.706673">
        <ele>866.262604</ele>
        <time>2025-09-03T09:08:14.690000Z</time>
      </trkpt>
      <trkpt lat="19.126731" lon="98.706517">
        <ele>866.878151</ele>
        <time>2025-09-03T09:08:22.837000Z</time>
      </trkpt>
      <trkpt lat="19.12695" lon="98.706361">
        <ele>867.724592</ele>
        <time>2025-09-03T09:08:33.583000Z</time>
      </trkpt>
      <trkpt lat="19.127379" lon="98.706135">
        <ele>866.917069</ele>
        <time>2025-09-03T09:08:49.457000Z</time>
      </trkpt>
      <trkpt lat="19.127671" lon="98.706046">
        <ele>866.011701</ele>
        <time>2025-09-03T09:08:55.851000Z</time>
      </trkpt>
      <trkpt lat="19.127779" lon="98.706074">
        <ele>865.680403</ele>
        <time>2025-09-03T09:08:57.781000Z</time>
      </trkpt>
      <trkpt lat="19.127861" lon="98.706131">
        <ele>865.388106</ele>
        <time>2025-09-03T09:08:59.370000Z</time>
      </trkpt>
      <trkpt lat="19.127936" lon="98.706303">
        <ele>864.854847</ele>
        <time>2025-09-03T09:09:02.136000Z</time>
      </trkpt>
      <trkpt lat="19.127929" lon="98.706479">
        <ele>864.358969</ele>
        <time>2025-09-03T09:09:04.580000Z</time>
      </trkpt>
      <trkpt lat="19.127596" lon="98.707138">
        <ele>862.087521</ele>
        <time>2025-09-03T09:09:14.474000Z</time>
      </trkpt>
      <trkpt lat="19.127454" lon="98.707573">
        <ele>860.288824</ele>
        <time>2025-09-03T09:09:20.557000Z</time>
      </trkpt>
      <trkpt lat="19.127373" lon="98.707974">
        <ele>858.686205</ele>
        <time>2025-09-03T09:09:26.304000Z</time>
      </trkpt>
      <trkpt lat="19.127375" lon="98.70822">
        <ele>857.724743</ele>
        <time>2025-09-03T09:09:30.051000Z</time>
      </trkpt>
      <trkpt lat="19.127422" lon="98.708359">
        <ele>857.147756</ele>
        <time>2025-09-03T09:09:32.524000Z</time>
      </trkpt>
      <trkpt lat="19.127507" lon="98.708484">
        <ele>856.54585</ele>
        <time>2025-09-03T09:09:35.343000Z</time>
      </trkpt>
      <trkpt lat="19.127623" lon="98.708565">
        <ele>855.970987</ele>
        <time>2025-09-03T09:09:38.304000Z</time>
      </trkpt>
      <trkpt lat="19.127922" lon="98.708713">
        <ele>855.374203</ele>
        <time>2025-09-03T09:09:46.744000Z</time>
      </trkpt>
      <trkpt lat="19.128139" lon="98.708821">
        <ele>855.571345</ele>
        <time>2025-09-03T09:09:53.847000Z</time>
      </trkpt>
      <trkpt lat="19.128319" lon="98.708843">
        <ele>855.720313</ele>
        <time>2025-09-03T09:09:59.579000Z</time>
      </trkpt>
      <trkpt lat="19.128517" lon="98.708794">
        <ele>855.887487</ele>
        <time>2025-09-03T09:10:06.260000Z</time>
      </trkpt>
      <trkpt lat="19.129454" lon="98.708221">
        <ele>856.743148</ele>
        <time>2025-09-03T09:10:33.727000Z</time>
      </trkpt>
      <trkpt lat="19.129854" lon="98.708038">
        <ele>856.865537</ele>
        <time>2025-09-03T09:10:42.141000Z</time>
      </trkpt>
      <trkpt lat="19.130305" lon="98.70787">
        <ele>856.99982</ele>
        <time>2025-09-03T09:10:51.304000Z</time>
      </trkpt>
      <trkpt lat="19.131281" lon="98.70782">
        <ele>857.899327</ele>
        <time>2025-09-03T09:11:15.706000Z</time>
      </trkpt>
      <trkpt lat="19.131411" lon="98.707781">
        <ele>858.481414</ele>
        <time>2025-09-03T09:11:20.306000Z</time>
      </trkpt>
      <trkpt lat="19.131516" lon="98.707731">
        <ele>858.977411</ele>
        <time>2025-09-03T09:11:24.499000Z</time>
      </trkpt>
      <trkpt lat="19.131714" lon="98.707565">
        <ele>860.06553</ele>
        <time>2025-09-03T09:11:34.099000Z</time>
      </trkpt>
      <trkpt lat="19.131817" lon="98.707408">
        <ele>860.843465</ele>
        <time>2025-09-03T09:11:41.310000Z</time>
      </trkpt>
      <trkpt lat="19.131849" lon="98.707271">
        <ele>861.417837</ele>
        <time>2025-09-03T09:11:46.876000Z</time>
      </trkpt>
      <trkpt lat="19.131837" lon="98.70712">
        <ele>862.034572</ele>
        <time>2025-09-03T09:11:53.010000Z</time>
      </trkpt>
      <trkpt lat="19.131369" lon="98.706041">
        <ele>868.146659</ele>
        <time>2025-09-03T09:12:44.776000Z</time>
      </trkpt>
      <trkpt lat="19.131357" lon="98.705777">
        <ele>869.951741</ele>
        <time>2025-09-03T09:12:57.380000Z</time>
      </trkpt>
      <trkpt lat="19.131408" lon="98.70567">
        <ele>870.770231</ele>
        <time>2025-09-03T09:13:03.334000Z</time>
      </trkpt>
      <trkpt lat="19.131517" lon="98.705555">
        <ele>871.882747</ele>
        <time>2025-09-03T09:13:11.791000Z</time>
      </trkpt>
      <trkpt lat="19.131699" lon="98.705421">
        <ele>873.485374</ele>
        <time>2025-09-03T09:13:24.450000Z</time>
      </trkpt>
      <trkpt lat="19.131747" lon="98.705335">
        <ele>874.167549</ele>
        <time>2025-09-03T09:13:29.890000Z</time>
      </trkpt>
      <trkpt lat="19.131762" lon="98.705236">
        <ele>874.85231</ele>
        <time>2025-09-03T09:13:35.406000Z</time>
      </trkpt>
      <trkpt lat="19.131715" lon="98.705061">
        <ele>876.094829</ele>
        <time>2025-09-03T09:13:45.252000Z</time>
      </trkpt>
      <trkpt lat="19.131625" lon="98.704955">
        <ele>877.068143</ele>
        <time>2025-09-03T09:13:52.749000Z</time>
      </trkpt>
      <trkpt lat="19.131283" lon="98.704701">
        <ele>878.325945</ele>
        <time>2025-09-03T09:14:13.941000Z</time>
      </trkpt>
      <trkpt lat="19.131185" lon="98.70457">
        <ele>878.512731</ele>
        <time>2025-09-03T09:14:20.723000Z</time>
      </trkpt>
      <trkpt lat="19.131134" lon="98.704427">
        <ele>878.683594</ele>
        <time>2025-09-03T09:14:26.303000Z</time>
      </trkpt>
      <trkpt lat="19.131155" lon="98.704275">
        <ele>878.855314</ele>
        <time>2025-09-03T09:14:31.170000Z</time>
      </trkpt>
      <trkpt lat="19.131224" lon="98.704134">
        <ele>879.032819</ele>
        <time>2025-09-03T09:14:35.441000Z</time>
      </trkpt>
      <trkpt lat="19.131336" lon="98.70404">
        <ele>879.201941</ele>
        <time>2025-09-03T09:14:38.797000Z</time>
      </trkpt>
      <trkpt lat="19.131498" lon="98.703972">
        <ele>879.408141</ele>
        <time>2025-09-03T09:14:42.274000Z</time>
      </trkpt>
      <trkpt lat="19.132323" lon="98.703771">
        <ele>879.603532</ele>
        <time>2025-09-03T09:14:55.429000Z</time>
      </trkpt>
      <trkpt lat="19.133403" lon="98.703777">
        <ele>877.454139</ele>
        <time>2025-09-03T09:15:13.052000Z</time>
      </trkpt>
      <trkpt lat="19.133545" lon="98.703826">
        <ele>877.156899</ele>
        <time>2025-09-03T09:15:16.741000Z</time>
      </trkpt>
      <trkpt lat="19.133928" lon="98.704039">
        <ele>876.693942</ele>
        <time>2025-09-03T09:15:28.631000Z</time>
      </trkpt>
      <trkpt lat="19.13416" lon="98.704116">
        <ele>877.034135</ele>
        <time>2025-09-03T09:15:36.105000Z</time>
      </trkpt>
      <trkpt lat="19.134289" lon="98.704122">
        <ele>877.214803</ele>
        <time>2025-09-03T09:15:40.222000Z</time>
      </trkpt>
      <trkpt lat="19.13439" lon="98.704093">
        <ele>877.361227</ele>
        <time>2025-09-03T09:15:43.583000Z</time>
      </trkpt>
      <trkpt lat="19.134515" lon="98.704014">
        <ele>877.564929</ele>
        <time>2025-09-03T09:15:48.467000Z</time>
      </trkpt>
      <trkpt lat="19.134616" lon="98.703904">
        <ele>877.767693</ele>
        <time>2025-09-03T09:15:53.401000Z</time>
      </trkpt>
      <trkpt lat="19.134692" lon="98.703715">
        <ele>878.039216</ele>
        <time>2025-09-03T09:15:59.919000Z</time>
      </trkpt>
      <trkpt lat="19.134715" lon="98.703582">
        <ele>878.217947</ele>
        <time>2025-09-03T09:16:04.029000Z</time>
      </trkpt>
      <trkpt lat="19.13478" lon="98.703489">
        <ele>878.370865</ele>
        <time>2025-09-03T09:16:07.467000Z</time>
      </trkpt>
      <trkpt lat="19.134874" lon="98.703428">
        <ele>878.525138</ele>
        <time>2025-09-03T09:16:10.706000Z</time>
      </trkpt>
      <trkpt lat="19.135608" lon="98.703204">
        <ele>878.090838</ele>
        <time>2025-09-03T09:16:26.908000Z</time>
      </trkpt>
      <trkpt lat="19.135708" lon="98.703146">
        <ele>877.812549</ele>
        <time>2025-09-03T09:16:28.913000Z</time>
      </trkpt>
      <trkpt lat="19.135771" lon="98.703076">
        <ele>877.589639</ele>
        <time>2025-09-03T09:16:30.495000Z</time>
      </trkpt>
      <trkpt lat="19.135792" lon="98.702979">
        <ele>877.360192</ele>
        <time>2025-09-03T09:16:32.088000Z</time>
      </trkpt>
      <trkpt lat="19.135742" lon="98.702882">
        <ele>877.105418</ele>
        <time>2025-09-03T09:16:33.832000Z</time>
      </trkpt>
      <trkpt lat="19.135667" lon="98.702827">
        <ele>876.882742</ele>
        <time>2025-09-03T09:16:35.333000Z</time>
      </trkpt>
      <trkpt lat="19.135518" lon="98.702782">
        <ele>876.504592</ele>
        <time>2025-09-03T09:16:37.851000Z</time>
      </trkpt>
      <trkpt lat="19.135279" lon="98.702753">
        <ele>875.917488</ele>
        <time>2025-09-03T09:16:41.690000Z</time>
      </trkpt>
      <trkpt lat="19.134932" lon="98.702748">
        <ele>875.070548</ele>
        <time>2025-09-03T09:16:47.134000Z</time>
      </trkpt>
      <trkpt lat="19.134719" lon="98.702771">
        <ele>874.507431</ele>
        <time>2025-09-03T09:16:50.489000Z</time>
      </trkpt>
      <trkpt lat="19.134343" lon="98.702887">
        <ele>873.194332</ele>
        <time>2025-09-03T09:16:56.685000Z</time>
      </trkpt>
      <trkpt lat="19.134244" lon="98.702894">
        <ele>872.861667</ele>
        <time>2025-09-03T09:16:58.299000Z</time>
      </trkpt>
      <trkpt lat="19.134158" lon="98.702853">
        <ele>872.545431</ele>
        <time>2025-09-03T09:16:59.831000Z</time>
      </trkpt>
      <trkpt lat="19.134118" lon="98.702789">
        <ele>872.302362</ele>
        <time>2025-09-03T09:17:01.025000Z</time>
      </trkpt>
      <trkpt lat="19.134105" lon="98.702682">
        <ele>871.960643</ele>
        <time>2025-09-03T09:17:02.702000Z</time>
      </trkpt>
      <trkpt lat="19.134134" lon="98.702588">
        <ele>871.647421</ele>
        <time>2025-09-03T09:17:04.262000Z</time>
      </trkpt>
      <trkpt lat="19.134569" lon="98.701908">
        <ele>869.046169</ele>
        <time>2025-09-03T09:17:17.111000Z</time>
      </trkpt>
      <trkpt lat="19.134838" lon="98.701642">
        <ele>867.76945</ele>
        <time>2025-09-03T09:17:23.008000Z</time>
      </trkpt>
      <trkpt lat="19.134998" lon="98.701542">
        <ele>867.113964</ele>
        <time>2025-09-03T09:17:25.910000Z</time>
      </trkpt>
      <trkpt lat="19.135565" lon="98.701293">
        <ele>864.948428</ele>
        <time>2025-09-03T09:17:35.584000Z</time>
      </trkpt>
      <trkpt lat="19.135703" lon="98.701197">
        <ele>864.365877</ele>
        <time>2025-09-03T09:17:38.228000Z</time>
      </trkpt>
      <trkpt lat="19.135782" lon="98.701117">
        <ele>863.980188</ele>
        <time>2025-09-03T09:17:39.972000Z</time>
      </trkpt>
      <trkpt lat="19.135932" lon="98.700865">
        <ele>862.987525</ele>
        <time>2025-09-03T09:17:44.506000Z</time>
      </trkpt>
      <trkpt lat="19.136086" lon="98.700631">
        <ele>862.041866</ele>
        <time>2025-09-03T09:17:48.901000Z</time>
      </trkpt>
      <trkpt lat="19.136335" lon="98.700373">
        <ele>860.836759</ele>
        <time>2025-09-03T09:17:54.620000Z</time>
      </trkpt>
      <trkpt lat="19.136598" lon="98.700171">
        <ele>859.712926</ele>
        <time>2025-09-03T09:18:00.046000Z</time>
      </trkpt>
      <trkpt lat="19.136969" lon="98.69995">
        <ele>858.240567</ele>
        <time>2025-09-03T09:18:07.206000Z</time>
      </trkpt>
      <trkpt lat="19.137611" lon="98.699495">
        <ele>854.564554</ele>
        <time>2025-09-03T09:18:19.486000Z</time>
      </trkpt>
      <trkpt lat="19.138039" lon="98.699059">
        <ele>848.317634</ele>
        <time>2025-09-03T09:18:28.097000Z</time>
      </trkpt>
      <trkpt lat="19.1383" lon="98.698828">
        <ele>844.739753</ele>
        <time>2025-09-03T09:18:32.709000Z</time>
      </trkpt>
      <trkpt lat="19.138502" lon="98.69871">
        <ele>842.313391</ele>
        <time>2025-09-03T09:18:35.758000Z</time>
      </trkpt>
      <trkpt lat="19.138707" lon="98.698636">
        <ele>840.035591</ele>
        <time>2025-09-03T09:18:38.581000Z</time>
      </trkpt>
      <trkpt lat="19.138958" lon="98.698585">
        <ele>837.347753</ele>
        <time>2025-09-03T09:18:41.865000Z</time>
      </trkpt>
      <trkpt lat="19.139217" lon="98.698575">
        <ele>833.011186</ele>
        <time>2025-09-03T09:18:45.171000Z</time>
      </trkpt>
      <trkpt lat="19.140422" lon="98.698627">
        <ele>812.229091</ele>
        <time>2025-09-03T09:19:00.508000Z</time>
      </trkpt>
      <trkpt lat="19.141065" lon="98.698548">
        <ele>804.087701</ele>
        <time>2025-09-03T09:19:08.994000Z</time>
      </trkpt>
      <trkpt lat="19.141603" lon="98.698385">
        <ele>800.169255</ele>
        <time>2025-09-03T09:19:16.859000Z</time>
      </trkpt>
      <trkpt lat="19.14189" lon="98.698243">
        <ele>797.950934</ele>
        <time>2025-09-03T09:19:21.660000Z</time>
      </trkpt>
      <trkpt lat="19.142805" lon="98.697716">
        <ele>792.485197</ele>
        <time>2025-09-03T09:19:39.240000Z</time>
      </trkpt>
      <trkpt lat="19.142933" lon="98.697664">
        <ele>792.130642</ele>
        <time>2025-09-03T09:19:41.622000Z</time>
      </trkpt>
      <trkpt lat="19.14305" lon="98.697654">
        <ele>791.827091</ele>
        <time>2025-09-03T09:19:43.635000Z</time>
      </trkpt>
      <trkpt lat="19.143135" lon="98.697682">
        <ele>791.596879</ele>
        <time>2025-09-03T09:19:45.158000Z</time>
      </trkpt>
      <trkpt lat="19.143331" lon="98.697865">
        <ele>790.921017</ele>
        <time>2025-09-03T09:19:49.585000Z</time>
      </trkpt>
      <trkpt lat="19.143409" lon="98.697894">
        <ele>790.707226</ele>
        <time>2025-09-03T09:19:50.985000Z</time>
      </trkpt>
      <trkpt lat="19.143566" lon="98.697864">
        <ele>790.294655</ele>
        <time>2025-09-03T09:19:53.669000Z</time>
      </trkpt>
      <trkpt lat="19.143691" lon="98.697775">
        <ele>789.905078</ele>
        <time>2025-09-03T09:19:56.191000Z</time>
      </trkpt>
      <trkpt lat="19.143951" lon="98.69741">
        <ele>788.808192</ele>
        <time>2025-09-03T09:20:03.410000Z</time>
      </trkpt>
      <trkpt lat="19.144021" lon="98.697345">
        <ele>788.608655</ele>
        <time>2025-09-03T09:20:04.963000Z</time>
      </trkpt>
      <trkpt lat="19.144174" lon="98.697279">
        <ele>788.254615</ele>
        <time>2025-09-03T09:20:07.737000Z</time>
      </trkpt>
      <trkpt lat="19.144423" lon="98.697222">
        <ele>787.708704</ele>
        <time>2025-09-03T09:20:12.028000Z</time>
      </trkpt>
      <trkpt lat="19.144561" lon="98.697165">
        <ele>787.391271</ele>
        <time>2025-09-03T09:20:14.538000Z</time>
      </trkpt>
      <trkpt lat="19.144697" lon="98.69708">
        <ele>787.052832</ele>
        <time>2025-09-03T09:20:17.244000Z</time>
      </trkpt>
      <trkpt lat="19.144795" lon="98.696987">
        <ele>786.770795</ele>
        <time>2025-09-03T09:20:19.504000Z</time>
      </trkpt>
      <trkpt lat="19.145235" lon="98.696456">
        <ele>785.340939</ele>
        <time>2025-09-03T09:20:31.262000Z</time>
      </trkpt>
      <trkpt lat="19.145372" lon="98.696122">
        <ele>784.961789</ele>
        <time>2025-09-03T09:20:37.684000Z</time>
      </trkpt>
      <trkpt lat="19.145482" lon="98.695619">
        <ele>784.754848</ele>
        <time>2025-09-03T09:20:47.685000Z</time>
      </trkpt>
      <trkpt lat="19.145541" lon="98.695465">
        <ele>784.68824</ele>
        <time>2025-09-03T09:20:51.217000Z</time>
      </trkpt>
      <trkpt lat="19.145612" lon="98.695364">
        <ele>784.637779</ele>
        <time>2025-09-03T09:20:53.960000Z</time>
      </trkpt>
      <trkpt lat="19.14574" lon="98.695297">
        <ele>784.577194</ele>
        <time>2025-09-03T09:20:57.311000Z</time>
      </trkpt>
      <trkpt lat="19.146398" lon="98.695104">
        <ele>784.287498</ele>
        <time>2025-09-03T09:21:13.331000Z</time>
      </trkpt>
      <trkpt lat="19.146613" lon="98.695086">
        <ele>783.671385</ele>
        <time>2025-09-03T09:21:17.956000Z</time>
      </trkpt>
      <trkpt lat="19.147211" lon="98.695162">
        <ele>781.943303</ele>
        <time>2025-09-03T09:21:28.877000Z</time>
      </trkpt>
      <trkpt lat="19.147448" lon="98.695213">
        <ele>781.249403</ele>
        <time>2025-09-03T09:21:32.760000Z</time>
      </trkpt>
      <trkpt lat="19.147913" lon="98.695359">
        <ele>779.857792</ele>
        <time>2025-09-03T09:21:40.164000Z</time>
      </trkpt>
      <trkpt lat="19.148292" lon="98.695373">
        <ele>778.722442</ele>
        <time>2025-09-03T09:21:45.868000Z</time>
      </trkpt>
      <trkpt lat="19.148475" lon="98.69537">
        <ele>778.12773</ele>
        <time>2025-09-03T09:21:48.616000Z</time>
      </trkpt>
      <trkpt lat="19.148611" lon="98.695371">
        <ele>777.6858</ele>
        <time>2025-09-03T09:21:50.686000Z</time>
      </trkpt>
      <trkpt lat="19.148991" lon="98.695324">
        <ele>776.442626</ele>
        <time>2025-09-03T09:21:56.622000Z</time>
      </trkpt>
      <trkpt lat="19.149549" lon="98.695128">
        <ele>774.532245</ele>
        <time>2025-09-03T09:22:06.368000Z</time>
      </trkpt>
      <trkpt lat="19.150554" lon="98.694594">
        <ele>772.807508</ele>
        <time>2025-09-03T09:22:27.998000Z</time>
      </trkpt>
      <trkpt lat="19.151891" lon="98.693983">
        <ele>771.727229</ele>
        <time>2025-09-03T09:22:58.886000Z</time>
      </trkpt>
      <trkpt lat="19.152099" lon="98.693818">
        <ele>771.46481</ele>
        <time>2025-09-03T09:23:04.726000Z</time>
      </trkpt>
      <trkpt lat="19.152173" lon="98.693697">
        <ele>771.327335</ele>
        <time>2025-09-03T09:23:07.751000Z</time>
      </trkpt>
      <trkpt lat="19.152226" lon="98.693557">
        <ele>771.18349</ele>
        <time>2025-09-03T09:23:10.825000Z</time>
      </trkpt>
      <trkpt lat="19.152279" lon="98.693224">
        <ele>770.861422</ele>
        <time>2025-09-03T09:23:17.305000Z</time>
      </trkpt>
      <trkpt lat="19.152354" lon="98.692962">
        <ele>770.600324</ele>
        <time>2025-09-03T09:23:22.154000Z</time>
      </trkpt>
      <trkpt lat="19.152411" lon="98.69287">
        <ele>770.495393</ele>
        <time>2025-09-03T09:23:24.020000Z</time>
      </trkpt>
      <trkpt lat="19.15259" lon="98.692742">
        <ele>770.131966</ele>
        <time>2025-09-03T09:23:27.748000Z</time>
      </trkpt>
      <trkpt lat="19.152862" lon="98.692701">
        <ele>768.707452</ele>
        <time>2025-09-03T09:23:32.212000Z</time>
      </trkpt>
      <trkpt lat="19.153627" lon="98.692744">
        <ele>764.735429</ele>
        <time>2025-09-03T09:23:43.617000Z</time>
      </trkpt>
      <trkpt lat="19.153764" lon="98.692726">
        <ele>764.01965</ele>
        <time>2025-09-03T09:23:45.600000Z</time>
      </trkpt>
      <trkpt lat="19.154128" lon="98.692611">
        <ele>762.050095</ele>
        <time>2025-09-03T09:23:51.015000Z</time>
      </trkpt>
      <trkpt lat="19.154334" lon="98.692583">
        <ele>760.980091</ele>
        <time>2025-09-03T09:23:54.003000Z</time>
      </trkpt>
      <trkpt lat="19.154434" lon="98.692646">
        <ele>760.684016</ele>
        <time>2025-09-03T09:23:55.695000Z</time>
      </trkpt>
      <trkpt lat="19.154462" lon="98.692701">
        <ele>760.533853</ele>
        <time>2025-09-03T09:23:56.559000Z</time>
      </trkpt>
      <trkpt lat="19.154499" lon="98.693002">
        <ele>759.804323</ele>
        <time>2025-09-03T09:24:00.846000Z</time>
      </trkpt>
      <trkpt lat="19.154524" lon="98.69305">
        <ele>759.672586</ele>
        <time>2025-09-03T09:24:01.640000Z</time>
      </trkpt>
      <trkpt lat="19.15463" lon="98.693087">
        <ele>759.388609</ele>
        <time>2025-09-03T09:24:03.363000Z</time>
      </trkpt>
      <trkpt lat="19.154743" lon="98.693069">
        <ele>759.097869</ele>
        <time>2025-09-03T09:24:05.177000Z</time>
      </trkpt>
      <trkpt lat="19.154989" lon="98.692982">
        <ele>758.437971</ele>
        <time>2025-09-03T09:24:09.461000Z</time>
      </trkpt>
      <trkpt lat="19.155429" lon="98.692847">
        <ele>757.272416</ele>
        <time>2025-09-03T09:24:18.241000Z</time>
      </trkpt>
      <trkpt lat="19.156054" lon="98.692779">
        <ele>756.722593</ele>
        <time>2025-09-03T09:24:35.728000Z</time>
      </trkpt>
      <trkpt lat="19.156183" lon="98.692708">
        <ele>756.879364</ele>
        <time>2025-09-03T09:24:40.374000Z</time>
      </trkpt>
      <trkpt lat="19.156427" lon="98.692408">
        <ele>757.282588</ele>
        <time>2025-09-03T09:24:52.378000Z</time>
      </trkpt>
      <trkpt lat="19.156555" lon="98.692305">
        <ele>757.455952</ele>
        <time>2025-09-03T09:24:57.429000Z</time>
      </trkpt>
      <trkpt lat="19.157294" lon="98.691904">
        <ele>758.348063</ele>
        <time>2025-09-03T09:25:18.695000Z</time>
      </trkpt>
      <trkpt lat="19.157454" lon="98.691839">
        <ele>758.133375</ele>
        <time>2025-09-03T09:25:22.087000Z</time>
      </trkpt>
      <trkpt lat="19.157699" lon="98.691804">
        <ele>757.823674</ele>
        <time>2025-09-03T09:25:26.687000Z</time>
      </trkpt>
      <trkpt lat="19.158208" lon="98.691802">
        <ele>757.186031</ele>
        <time>2025-09-03T09:25:35.817000Z</time>
      </trkpt>
      <trkpt lat="19.158332" lon="98.691774">
        <ele>757.027199</ele>
        <time>2025-09-03T09:25:38.057000Z</time>
      </trkpt>
      <trkpt lat="19.158447" lon="98.691706">
        <ele>756.862185</ele>
        <time>2025-09-03T09:25:40.343000Z</time>
      </trkpt>
      <trkpt lat="19.158669" lon="98.691522">
        <ele>756.508984</ele>
        <time>2025-09-03T09:25:45.263000Z</time>
      </trkpt>
      <trkpt lat="19.158809" lon="98.691445">
        <ele>756.311345</ele>
        <time>2025-09-03T09:25:48.091000Z</time>
      </trkpt>
      <trkpt lat="19.159116" lon="98.691337">
        <ele>756.001909</ele>
        <time>2025-09-03T09:25:54.253000Z</time>
      </trkpt>
      <trkpt lat="19.159261" lon="98.691262">
        <ele>755.901416</ele>
        <time>2025-09-03T09:25:57.622000Z</time>
      </trkpt>
      <trkpt lat="19.159645" lon="98.691002">
        <ele>755.617573</ele>
        <time>2025-09-03T09:26:07.462000Z</time>
      </trkpt>
      <trkpt lat="19.160258" lon="98.690774">
        <ele>755.212982</ele>
        <time>2025-09-03T09:26:22.032000Z</time>
      </trkpt>
      <trkpt lat="19.160736" lon="98.690637">
        <ele>754.664736</ele>
        <time>2025-09-03T09:26:31.893000Z</time>
      </trkpt>
      <trkpt lat="19.161317" lon="98.690362">
        <ele>752.947903</ele>
        <time>2025-09-03T09:26:42.879000Z</time>
      </trkpt>
      <trkpt lat="19.161435" lon="98.690343">
        <ele>752.625923</ele>
        <time>2025-09-03T09:26:44.851000Z</time>
      </trkpt>
      <trkpt lat="19.161628" lon="98.690333">
        <ele>752.104661</ele>
        <time>2025-09-03T09:26:47.999000Z</time>
      </trkpt>
      <trkpt lat="19.162393" lon="98.690318">
        <ele>750.0241</ele>
        <time>2025-09-03T09:27:00.213000Z</time>
      </trkpt>
      <trkpt lat="19.163085" lon="98.690338">
        <ele>747.788812</ele>
        <time>2025-09-03T09:27:11.194000Z</time>
      </trkpt>
      <trkpt lat="19.164188" lon="98.690509">
        <ele>744.246094</ele>
        <time>2025-09-03T09:27:29.596000Z</time>
      </trkpt>
      <trkpt lat="19.164878" lon="98.69052">
        <ele>743.011011</ele>
        <time>2025-09-03T09:27:41.233000Z</time>
      </trkpt>
      <trkpt lat="19.165136" lon="98.690565">
        <ele>742.543025</ele>
        <time>2025-09-03T09:27:45.788000Z</time>
      </trkpt>
      <trkpt lat="19.165331" lon="98.690639">
        <ele>742.172275</ele>
        <time>2025-09-03T09:27:49.555000Z</time>
      </trkpt>
      <trkpt lat="19.165949" lon="98.691037">
        <ele>741.109468</ele>
        <time>2025-09-03T09:28:03.609000Z</time>
      </trkpt>
      <trkpt lat="19.166151" lon="98.691143">
        <ele>741.131214</ele>
        <time>2025-09-03T09:28:08.491000Z</time>
      </trkpt>
      <trkpt lat="19.166325" lon="98.691202">
        <ele>741.148838</ele>
        <time>2025-09-03T09:28:12.603000Z</time>
      </trkpt>
      <trkpt lat="19.167583" lon="98.691391">
        <ele>741.269894</ele>
        <time>2025-09-03T09:28:42.882000Z</time>
      </trkpt>
      <trkpt lat="19.168047" lon="98.691414">
        <ele>741.084681</ele>
        <time>2025-09-03T09:28:54.074000Z</time>
      </trkpt>
      <trkpt lat="19.169176" lon="98.691261">
        <ele>740.630843</ele>
        <time>2025-09-03T09:29:18.275000Z</time>
      </trkpt>
      <trkpt lat="19.170631" lon="98.691173">
        <ele>738.522473</ele>
        <time>2025-09-03T09:29:43.871000Z</time>
      </trkpt>
      <trkpt lat="19.170713" lon="98.691205">
        <ele>738.382072</ele>
        <time>2025-09-03T09:29:45.403000Z</time>
      </trkpt>
      <trkpt lat="19.171118" lon="98.691583">
        <ele>737.689121</ele>
        <time>2025-09-03T09:29:55.480000Z</time>
      </trkpt>
      <trkpt lat="19.171239" lon="98.691604">
        <ele>737.721766</ele>
        <time>2025-09-03T09:29:57.941000Z</time>
      </trkpt>
      <trkpt lat="19.171391" lon="98.691562">
        <ele>737.763589</ele>
        <time>2025-09-03T09:30:01.187000Z</time>
      </trkpt>
      <trkpt lat="19.171647" lon="98.691398">
        <ele>737.843252</ele>
        <time>2025-09-03T09:30:07.725000Z</time>
      </trkpt>
      <trkpt lat="19.171875" lon="98.691406">
        <ele>737.903987</ele>
        <time>2025-09-03T09:30:13.110000Z</time>
      </trkpt>
      <trkpt lat="19.172278" lon="98.691653">
        <ele>738.027962</ele>
        <time>2025-09-03T09:30:24.876000Z</time>
      </trkpt>
      <trkpt lat="19.173157" lon="98.691924">
        <ele>738.688187</ele>
        <time>2025-09-03T09:30:49.588000Z</time>
      </trkpt>
      <trkpt lat="19.173608" lon="98.692095">
        <ele>739.229042</ele>
        <time>2025-09-03T09:31:02.639000Z</time>
      </trkpt>
      <trkpt lat="19.173844" lon="98.692127">
        <ele>739.497666</ele>
        <time>2025-09-03T09:31:09.009000Z</time>
      </trkpt>
      <trkpt lat="19.174118" lon="98.692087">
        <ele>739.809944</ele>
        <time>2025-09-03T09:31:16.350000Z</time>
      </trkpt>
      <trkpt lat="19.174465" lon="98.691979">
        <ele>740.190231</ele>
        <time>2025-09-03T09:31:25.931000Z</time>
      </trkpt>
      <trkpt lat="19.174703" lon="98.691988">
        <ele>740.289206</ele>
        <time>2025-09-03T09:31:32.252000Z</time>
      </trkpt>
      <trkpt lat="19.174946" lon="98.692117">
        <ele>740.402179</ele>
        <time>2025-09-03T09:31:39.528000Z</time>
      </trkpt>
      <trkpt lat="19.175366" lon="98.692449">
        <ele>740.620011</ele>
        <time>2025-09-03T09:31:53.279000Z</time>
      </trkpt>
      <trkpt lat="19.175524" lon="98.692511">
        <ele>740.69004</ele>
        <time>2025-09-03T09:31:57.353000Z</time>
      </trkpt>
      <trkpt lat="19.176225" lon="98.692492">
        <ele>740.53303</ele>
        <time>2025-09-03T09:32:12.451000Z</time>
      </trkpt>
      <trkpt lat="19.176875" lon="98.692317">
        <ele>738.731192</ele>
        <time>2025-09-03T09:32:24.128000Z</time>
      </trkpt>
      <trkpt lat="19.177244" lon="98.692251">
        <ele>737.725805</ele>
        <time>2025-09-03T09:32:30.109000Z</time>
      </trkpt>
      <trkpt lat="19.177884" lon="98.692201">
        <ele>736.017166</ele>
        <time>2025-09-03T09:32:40.174000Z</time>
      </trkpt>
      <trkpt lat="19.178194" lon="98.692103">
        <ele>735.301299</ele>
        <time>2025-09-03T09:32:45.267000Z</time>
      </trkpt>
      <trkpt lat="19.178665" lon="98.691791">
        <ele>734.071935</ele>
        <time>2025-09-03T09:32:54.270000Z</time>
      </trkpt>
      <trkpt lat="19.178806" lon="98.691742">
        <ele>733.743565</ele>
        <time>2025-09-03T09:32:56.776000Z</time>
      </trkpt>
      <trkpt lat="19.178941" lon="98.691752">
        <ele>733.444118</ele>
        <time>2025-09-03T09:32:59.150000Z</time>
      </trkpt>
      <trkpt lat="19.179055" lon="98.69183">
        <ele>733.143779</ele>
        <time>2025-09-03T09:33:01.637000Z</time>
      </trkpt>
      <trkpt lat="19.179147" lon="98.691925">
        <ele>732.859421</ele>
        <time>2025-09-03T09:33:04.110000Z</time>
      </trkpt>
      <trkpt lat="19.179286" lon="98.692189">
        <ele>732.22775</ele>
        <time>2025-09-03T09:33:10.033000Z</time>
      </trkpt>
      <trkpt lat="19.179403" lon="98.692333">
        <ele>732.35533</ele>
        <time>2025-09-03T09:33:14.170000Z</time>
      </trkpt>
      <trkpt lat="19.179467" lon="98.692382">
        <ele>732.509656</ele>
        <time>2025-09-03T09:33:16.081000Z</time>
      </trkpt>
      <trkpt lat="19.179639" lon="98.692435">
        <ele>732.859685</ele>
        <time>2025-09-03T09:33:20.692000Z</time>
      </trkpt>
      <trkpt lat="19.180552" lon="98.692502">
        <ele>734.647951</ele>
        <time>2025-09-03T09:33:49.680000Z</time>
      </trkpt>
      <trkpt lat="19.180975" lon="98.692512">
        <ele>735.474692</ele>
        <time>2025-09-03T09:34:04.755000Z</time>
      </trkpt>
      <trkpt lat="19.181177" lon="98.69249">
        <ele>735.800673</ele>
        <time>2025-09-03T09:34:11.750000Z</time>
      </trkpt>
      <trkpt lat="19.181498" lon="98.692349">
        <ele>736.285565</ele>
        <time>2025-09-03T09:34:23.204000Z</time>
      </trkpt>
      <trkpt lat="19.181729" lon="98.692154">
        <ele>736.697772</ele>
        <time>2025-09-03T09:34:32.313000Z</time>
      </trkpt>
      <trkpt lat="19.18189" lon="98.692051">
        <ele>736.960232</ele>
        <time>2025-09-03T09:34:37.725000Z</time>
      </trkpt>
      <trkpt lat="19.181978" lon="98.692048">
        <ele>737.083078</ele>
        <time>2025-09-03T09:34:40.161000Z</time>
      </trkpt>
      <trkpt lat="19.182112" lon="98.692106">
        <ele>737.285063</ele>
        <time>2025-09-03T09:34:43.955000Z</time>
      </trkpt>
      <trkpt lat="19.182441" lon="98.692469">
        <ele>737.948045</ele>
        <time>2025-09-03T09:34:55.399000Z</time>
      </trkpt>
      <trkpt lat="19.182641" lon="98.69253">
        <ele>738.070759</ele>
        <time>2025-09-03T09:34:59.998000Z</time>
      </trkpt>
      <trkpt lat="19.184813" lon="98.69213">
        <ele>735.797166</ele>
        <time>2025-09-03T09:35:42.539000Z</time>
      </trkpt>
      <trkpt lat="19.18634" lon="98.69175">
        <ele>732.762802</ele>
        <time>2025-09-03T09:36:10.250000Z</time>
      </trkpt>
      <trkpt lat="19.187742" lon="98.691498">
        <ele>728.581596</ele>
        <time>2025-09-03T09:36:33.160000Z</time>
      </trkpt>
      <trkpt lat="19.188795" lon="98.691368">
        <ele>726.740675</ele>
        <time>2025-09-03T09:36:51.385000Z</time>
      </trkpt>
      <trkpt lat="19.18957" lon="98.691185">
        <ele>725.490044</ele>
        <time>2025-09-03T09:37:07.592000Z</time>
      </trkpt>
      <trkpt lat="19.190809" lon="98.690781">
        <ele>723.85996</ele>
        <time>2025-09-03T09:37:34.125000Z</time>
      </trkpt>
      <trkpt lat="19.191765" lon="98.690506">
        <ele>721.985014</ele>
        <time>2025-09-03T09:37:50.918000Z</time>
      </trkpt>
      <trkpt lat="19.193228" lon="98.689896">
        <ele>718.072686</ele>
        <time>2025-09-03T09:38:16.478000Z</time>
      </trkpt>
      <trkpt lat="19.194009" lon="98.68962">
        <ele>717.781683</ele>
        <time>2025-09-03T09:38:33.939000Z</time>
      </trkpt>
      <trkpt lat="19.194104" lon="98.689515">
        <ele>717.733147</ele>
        <time>2025-09-03T09:38:37.184000Z</time>
      </trkpt>
      <trkpt lat="19.194112" lon="98.689451">
        <ele>717.711598</ele>
        <time>2025-09-03T09:38:38.660000Z</time>
      </trkpt>
      <trkpt lat="19.194096" lon="98.689362">
        <ele>717.681357</ele>
        <time>2025-09-03T09:38:40.632000Z</time>
      </trkpt>
      <trkpt lat="19.1939" lon="98.688992">
        <ele>717.539752</ele>
        <time>2025-09-03T09:38:49.852000Z</time>
      </trkpt>
      <trkpt lat="19.193887" lon="98.688807">
        <ele>717.68979</ele>
        <time>2025-09-03T09:38:54.056000Z</time>
      </trkpt>
      <trkpt lat="19.193938" lon="98.688689">
        <ele>717.985267</ele>
        <time>2025-09-03T09:38:57.256000Z</time>
      </trkpt>
      <trkpt lat="19.194394" lon="98.6883">
        <ele>719.397068</ele>
        <time>2025-09-03T09:39:16.590000Z</time>
      </trkpt>
      <trkpt lat="19.194465" lon="98.688166">
        <ele>719.746914</ele>
        <time>2025-09-03T09:39:21.834000Z</time>
      </trkpt>
      <trkpt lat="19.194498" lon="98.688018">
        <ele>720.093164</ele>
        <time>2025-09-03T09:39:26.965000Z</time>
      </trkpt>
      <trkpt lat="19.194447" lon="98.687844">
        <ele>720.507991</ele>
        <time>2025-09-03T09:39:33.097000Z</time>
      </trkpt>
      <trkpt lat="19.194335" lon="98.687718">
        <ele>720.901973</ele>
        <time>2025-09-03T09:39:38.855000Z</time>
      </trkpt>
      <trkpt lat="19.194101" lon="98.687561">
        <ele>721.569859</ele>
        <time>2025-09-03T09:39:48.567000Z</time>
      </trkpt>
      <trkpt lat="19.193919" lon="98.687332">
        <ele>721.574059</ele>
        <time>2025-09-03T09:39:57.993000Z</time>
      </trkpt>
      <trkpt lat="19.193839" lon="98.687187">
        <ele>721.324734</ele>
        <time>2025-09-03T09:40:02.881000Z</time>
      </trkpt>
      <trkpt lat="19.193804" lon="98.687039">
        <ele>721.098215</ele>
        <time>2025-09-03T09:40:07.035000Z</time>
      </trkpt>
      <trkpt lat="19.193815" lon="98.686745">
        <ele>720.661372</ele>
        <time>2025-09-03T09:40:13.759000Z</time>
      </trkpt>
      <trkpt lat="19.194001" lon="98.686479">
        <ele>720.169975</ele>
        <time>2025-09-03T09:40:19.483000Z</time>
      </trkpt>
      <trkpt lat="19.194142" lon="98.686374">
        <ele>719.898981</ele>
        <time>2025-09-03T09:40:22.273000Z</time>
      </trkpt>
      <trkpt lat="19.194568" lon="98.686239">
        <ele>719.199923</ele>
        <time>2025-09-03T09:40:28.929000Z</time>
      </trkpt>
      <trkpt lat="19.194851" lon="98.686113">
        <ele>718.340888</ele>
        <time>2025-09-03T09:40:33.362000Z</time>
      </trkpt>
      <trkpt lat="19.195033" lon="98.685981">
        <ele>717.553771</ele>
        <time>2025-09-03T09:40:36.569000Z</time>
      </trkpt>
      <trkpt lat="19.195541" lon="98.685545">
        <ele>715.22054</ele>
        <time>2025-09-03T09:40:46.649000Z</time>
      </trkpt>
      <trkpt lat="19.195751" lon="98.685326">
        <ele>714.16886</ele>
        <time>2025-09-03T09:40:51.812000Z</time>
      </trkpt>
      <trkpt lat="19.195853" lon="98.685084">
        <ele>713.275866</ele>
        <time>2025-09-03T09:40:56.569000Z</time>
      </trkpt>
      <trkpt lat="19.195845" lon="98.68495">
        <ele>712.823427</ele>
        <time>2025-09-03T09:40:59.078000Z</time>
      </trkpt>
      <trkpt lat="19.195668" lon="98.684545">
        <ele>711.8434</ele>
        <time>2025-09-03T09:41:07.151000Z</time>
      </trkpt>
      <trkpt lat="19.19565" lon="98.684438">
        <ele>711.627441</ele>
        <time>2025-09-03T09:41:09.082000Z</time>
      </trkpt>
      <trkpt lat="19.195693" lon="98.684231">
        <ele>711.206295</ele>
        <time>2025-09-03T09:41:12.876000Z</time>
      </trkpt>
      <trkpt lat="19.195909" lon="98.68402">
        <ele>710.587975</ele>
        <time>2025-09-03T09:41:18.421000Z</time>
      </trkpt>
      <trkpt lat="19.196362" lon="98.683789">
        <ele>709.530095</ele>
        <time>2025-09-03T09:41:27.213000Z</time>
      </trkpt>
      <trkpt lat="19.198071" lon="98.683044">
        <ele>703.739539</ele>
        <time>2025-09-03T09:41:56.071000Z</time>
      </trkpt>
      <trkpt lat="19.198302" lon="98.682943">
        <ele>702.898227</ele>
        <time>2025-09-03T09:42:00.302000Z</time>
      </trkpt>
      <trkpt lat="19.198568" lon="98.682818">
        <ele>703.130858</ele>
        <time>2025-09-03T09:42:05.759000Z</time>
      </trkpt>
      <trkpt lat="19.198896" lon="98.68262">
        <ele>703.697937</ele>
        <time>2025-09-03T09:42:14.701000Z</time>
      </trkpt>
      <trkpt lat="19.199167" lon="98.682396">
        <ele>704.214298</ele>
        <time>2025-09-03T09:42:25.209000Z</time>
      </trkpt>
      <trkpt lat="19.199904" lon="98.681517">
        <ele>705.679256</ele>
        <time>2025-09-03T09:43:06.866000Z</time>
      </trkpt>
      <trkpt lat="19.200158" lon="98.681038">
        <ele>706.085954</ele>
        <time>2025-09-03T09:43:19.601000Z</time>
      </trkpt>
      <trkpt lat="19.200255" lon="98.680913">
        <ele>706.20573</ele>
        <time>2025-09-03T09:43:22.801000Z</time>
      </trkpt>
      <trkpt lat="19.200316" lon="98.680884">
        <ele>706.258149</ele>
        <time>2025-09-03T09:43:24.134000Z</time>
      </trkpt>
      <trkpt lat="19.200501" lon="98.680884">
        <ele>706.403177</ele>
        <time>2025-09-03T09:43:27.901000Z</time>
      </trkpt>
      <trkpt lat="19.200706" lon="98.680955">
        <ele>706.572262</ele>
        <time>2025-09-03T09:43:32.429000Z</time>
      </trkpt>
      <trkpt lat="19.200948" lon="98.680963">
        <ele>706.762068</ele>
        <time>2025-09-03T09:43:37.472000Z</time>
      </trkpt>
      <trkpt lat="19.201086" lon="98.680904">
        <ele>706.863058</ele>
        <time>2025-09-03T09:43:40.634000Z</time>
      </trkpt>
      <trkpt lat="19.201462" lon="98.680673">
        <ele>706.688123</ele>
        <time>2025-09-03T09:43:49.963000Z</time>
      </trkpt>
      <trkpt lat="19.201748" lon="98.680472">
        <ele>706.549987</ele>
        <time>2025-09-03T09:43:58.895000Z</time>
      </trkpt>
      <trkpt lat="19.201841" lon="98.68033">
        <ele>706.484314</ele>
        <time>2025-09-03T09:44:03.208000Z</time>
      </trkpt>
      <trkpt lat="19.20195" lon="98.679957">
        <ele>706.335929</ele>
        <time>2025-09-03T09:44:12.534000Z</time>
      </trkpt>
      <trkpt lat="19.202094" lon="98.679776">
        <ele>706.245986</ele>
        <time>2025-09-03T09:44:17.105000Z</time>
      </trkpt>
      <trkpt lat="19.202298" lon="98.679689">
        <ele>706.157483</ele>
        <time>2025-09-03T09:44:21.053000Z</time>
      </trkpt>
      <trkpt lat="19.202776" lon="98.67928">
        <ele>704.447803</ele>
        <time>2025-09-03T09:44:30.784000Z</time>
      </trkpt>
      <trkpt lat="19.202996" lon="98.679131">
        <ele>703.687007</ele>
        <time>2025-09-03T09:44:34.798000Z</time>
      </trkpt>
      <trkpt lat="19.20324" lon="98.678911">
        <ele>702.7534</ele>
        <time>2025-09-03T09:44:39.815000Z</time>
      </trkpt>
      <trkpt lat="19.203371" lon="98.678853">
        <ele>702.339748</ele>
        <time>2025-09-03T09:44:42.112000Z</time>
      </trkpt>
      <trkpt lat="19.203671" lon="98.67877">
        <ele>701.436433</ele>
        <time>2025-09-03T09:44:47.418000Z</time>
      </trkpt>
      <trkpt lat="19.203979" lon="98.678565">
        <ele>700.639477</ele>
        <time>2025-09-03T09:44:54.027000Z</time>
      </trkpt>
      <trkpt lat="19.204375" lon="98.678085">
        <ele>699.758889</ele>
        <time>2025-09-03T09:45:06.033000Z</time>
      </trkpt>
      <trkpt lat="19.205179" lon="98.67696">
        <ele>698.026945</ele>
        <time>2025-09-03T09:45:30.383000Z</time>
      </trkpt>
      <trkpt lat="19.205409" lon="98.676592">
        <ele>697.70302</ele>
        <time>2025-09-03T09:45:37.713000Z</time>
      </trkpt>
      <trkpt lat="19.205565" lon="98.676246">
        <ele>697.421584</ele>
        <time>2025-09-03T09:45:44.665000Z</time>
      </trkpt>
      <trkpt lat="19.205701" lon="98.675854">
        <ele>697.115041</ele>
        <time>2025-09-03T09:45:52.867000Z</time>
      </trkpt>
      <trkpt lat="19.20573" lon="98.675659">
        <ele>696.970141</ele>
        <time>2025-09-03T09:45:57.162000Z</time>
      </trkpt>
      <trkpt lat="19.205716" lon="98.675511">
        <ele>696.897941</ele>
        <time>2025-09-03T09:46:00.643000Z</time>
      </trkpt>
      <trkpt lat="19.205663" lon="98.675419">
        <ele>697.025003</ele>
        <time>2025-09-03T09:46:03.269000Z</time>
      </trkpt>
      <trkpt lat="19.205517" lon="98.675362">
        <ele>697.219283</ele>
        <time>2025-09-03T09:46:07.385000Z</time>
      </trkpt>
      <trkpt lat="19.205239" lon="98.675342">
        <ele>697.567174</ele>
        <time>2025-09-03T09:46:15.183000Z</time>
      </trkpt>
      <trkpt lat="19.205121" lon="98.675264">
        <ele>697.740848</ele>
        <time>2025-09-03T09:46:19.419000Z</time>
      </trkpt>
      <trkpt lat="19.204997" lon="98.675124">
        <ele>697.967156</ele>
        <time>2025-09-03T09:46:25.029000Z</time>
      </trkpt>
      <trkpt lat="19.204968" lon="98.674895">
        <ele>698.239574</ele>
        <time>2025-09-03T09:46:31.631000Z</time>
      </trkpt>
      <trkpt lat="19.205057" lon="98.674457">
        <ele>698.767815</ele>
        <time>2025-09-03T09:46:43.533000Z</time>
      </trkpt>
      <trkpt lat="19.205074" lon="98.674276">
        <ele>698.982275</ele>
        <time>2025-09-03T09:46:48.174000Z</time>
      </trkpt>
      <trkpt lat="19.205053" lon="98.67411">
        <ele>699.121551</ele>
        <time>2025-09-03T09:46:52.317000Z</time>
      </trkpt>
      <trkpt lat="19.204994" lon="98.673973">
        <ele>699.123792</ele>
        <time>2025-09-03T09:46:55.988000Z</time>
      </trkpt>
      <trkpt lat="19.20422" lon="98.67289">
        <ele>699.144007</ele>
        <time>2025-09-03T09:47:25.115000Z</time>
      </trkpt>
      <trkpt lat="19.204041" lon="98.672584">
        <ele>699.159496</ele>
        <time>2025-09-03T09:47:31.564000Z</time>
      </trkpt>
      <trkpt lat="19.204002" lon="98.672295">
        <ele>699.37427</ele>
        <time>2025-09-03T09:47:36.730000Z</time>
      </trkpt>
      <trkpt lat="19.2041" lon="98.672028">
        <ele>699.585014</ele>
        <time>2025-09-03T09:47:41.920000Z</time>
      </trkpt>
      <trkpt lat="19.204435" lon="98.671424">
        <ele>700.100342</ele>
        <time>2025-09-03T09:47:56.107000Z</time>
      </trkpt>
      <trkpt lat="19.204483" lon="98.671241">
        <ele>700.240069</ele>
        <time>2025-09-03T09:48:01.085000Z</time>
      </trkpt>
      <trkpt lat="19.204492" lon="98.670977">
        <ele>700.434417</ele>
        <time>2025-09-03T09:48:08.994000Z</time>
      </trkpt>
      <trkpt lat="19.204575" lon="98.6708">
        <ele>700.786871</ele>
        <time>2025-09-03T09:48:15.638000Z</time>
      </trkpt>
      <trkpt lat="19.204755" lon="98.670662">
        <ele>702.177979</ele>
        <time>2025-09-03T09:48:24.392000Z</time>
      </trkpt>
      <trkpt lat="19.205681" lon="98.670127">
        <ele>708.781339</ele>
        <time>2025-09-03T09:49:16.588000Z</time>
      </trkpt>
      <trkpt lat="19.206052" lon="98.670039">
        <ele>711.161328</ele>
        <time>2025-09-03T09:49:37.234000Z</time>
      </trkpt>
      <trkpt lat="19.206307" lon="98.670023">
        <ele>712.763713</ele>
        <time>2025-09-03T09:49:50.843000Z</time>
      </trkpt>
      <trkpt lat="19.20667" lon="98.670087">
        <ele>715.07535</ele>
        <time>2025-09-03T09:50:09.929000Z</time>
      </trkpt>
      <trkpt lat="19.207293" lon="98.670342">
        <ele>719.271002</ele>
        <time>2025-09-03T09:50:42.146000Z</time>
      </trkpt>
      <trkpt lat="19.207579" lon="98.670433">
        <ele>721.146908</ele>
        <time>2025-09-03T09:50:55.393000Z</time>
      </trkpt>
      <trkpt lat="19.207791" lon="98.670452">
        <ele>722.483383</ele>
        <time>2025-09-03T09:51:04.526000Z</time>
      </trkpt>
      <trkpt lat="19.208845" lon="98.670273">
        <ele>727.126065</ele>
        <time>2025-09-03T09:51:46.720000Z</time>
      </trkpt>
      <trkpt lat="19.209173" lon="98.670297">
        <ele>728.490726</ele>
        <time>2025-09-03T09:51:59.079000Z</time>
      </trkpt>
      <trkpt lat="19.209372" lon="98.670342">
        <ele>729.335328</ele>
        <time>2025-09-03T09:52:06.727000Z</time>
      </trkpt>
      <trkpt lat="19.209585" lon="98.670455">
        <ele>730.324158</ele>
        <time>2025-09-03T09:52:15.714000Z</time>
      </trkpt>
      <trkpt lat="19.209724" lon="98.670565">
        <ele>730.919153</ele>
        <time>2025-09-03T09:52:22.146000Z</time>
      </trkpt>
      <trkpt lat="19.210024" lon="98.670952">
        <ele>732.35932</ele>
        <time>2025-09-03T09:52:39.167000Z</time>
      </trkpt>
      <trkpt lat="19.210148" lon="98.671043">
        <ele>732.818847</ele>
        <time>2025-09-03T09:52:44.444000Z</time>
      </trkpt>
      <trkpt lat="19.210363" lon="98.671115">
        <ele>733.505689</ele>
        <time>2025-09-03T09:52:52.179000Z</time>
      </trkpt>
      <trkpt lat="19.210684" lon="98.671109">
        <ele>734.483586</ele>
        <time>2025-09-03T09:53:02.871000Z</time>
      </trkpt>
      <trkpt lat="19.211416" lon="98.670999">
        <ele>737.029628</ele>
        <time>2025-09-03T09:53:26.368000Z</time>
      </trkpt>
      <trkpt lat="19.211912" lon="98.670866">
        <ele>739.258942</ele>
        <time>2025-09-03T09:53:43.795000Z</time>
      </trkpt>
      <trkpt lat="19.212091" lon="98.67079">
        <ele>740.099209</ele>
        <time>2025-09-03T09:53:51.338000Z</time>
      </trkpt>
      <trkpt lat="19.212409" lon="98.670605">
        <ele>741.680071</ele>
        <time>2025-09-03T09:54:07.110000Z</time>
      </trkpt>
      <trkpt lat="19.212692" lon="98.670524">
        <ele>742.957367</ele>
        <time>2025-09-03T09:54:21.210000Z</time>
      </trkpt>
      <trkpt lat="19.212897" lon="98.670544">
        <ele>743.85435</ele>
        <time>2025-09-03T09:54:31.305000Z</time>
      </trkpt>
      <trkpt lat="19.213032" lon="98.670609">
        <ele>744.30941</ele>
        <time>2025-09-03T09:54:38.330000Z</time>
      </trkpt>
      <trkpt lat="19.213347" lon="98.670917">
        <ele>745.59352</ele>
        <time>2025-09-03T09:54:56.816000Z</time>
      </trkpt>
      <trkpt lat="19.213471" lon="98.670967">
        <ele>745.990924</ele>
        <time>2025-09-03T09:55:02.155000Z</time>
      </trkpt>
      <trkpt lat="19.213581" lon="98.670967">
        <ele>746.320385</ele>
        <time>2025-09-03T09:55:06.490000Z</time>
      </trkpt>
      <trkpt lat="19.213864" lon="98.670809">
        <ele>747.278579</ele>
        <time>2025-09-03T09:55:17.848000Z</time>
      </trkpt>
      <trkpt lat="19.214015" lon="98.670691">
        <ele>747.840644</ele>
        <time>2025-09-03T09:55:23.540000Z</time>
      </trkpt>
      <trkpt lat="19.214217" lon="98.67042">
        <ele>748.817115</ele>
        <time>2025-09-03T09:55:31.897000Z</time>
      </trkpt>
      <trkpt lat="19.214619" lon="98.669694">
        <ele>749.140294</ele>
        <time>2025-09-03T09:55:46.308000Z</time>
      </trkpt>
      <trkpt lat="19.214828" lon="98.669502">
        <ele>749.081624</ele>
        <time>2025-09-03T09:55:51.281000Z</time>
      </trkpt>
      <trkpt lat="19.215149" lon="98.669367">
        <ele>749.008386</ele>
        <time>2025-09-03T09:55:58.073000Z</time>
      </trkpt>
      <trkpt lat="19.215514" lon="98.669286">
        <ele>748.929308</ele>
        <time>2025-09-03T09:56:06.765000Z</time>
      </trkpt>
      <trkpt lat="19.215878" lon="98.669297">
        <ele>749.692546</ele>
        <time>2025-09-03T09:56:17.592000Z</time>
      </trkpt>
      <trkpt lat="19.216185" lon="98.669363">
        <ele>750.930051</ele>
        <time>2025-09-03T09:56:29.195000Z</time>
      </trkpt>
      <trkpt lat="19.216332" lon="98.669431">
        <ele>751.56374</ele>
        <time>2025-09-03T09:56:35.866000Z</time>
      </trkpt>
      <trkpt lat="19.216466" lon="98.669548">
        <ele>752.249812</ele>
        <time>2025-09-03T09:56:43.269000Z</time>
      </trkpt>
      <trkpt lat="19.216503" lon="98.669688">
        <ele>752.792119</ele>
        <time>2025-09-03T09:56:49.188000Z</time>
      </trkpt>
      <trkpt lat="19.216502" lon="98.670077">
        <ele>754.2432</ele>
        <time>2025-09-03T09:57:05.105000Z</time>
      </trkpt>
      <trkpt lat="19.216591" lon="98.670235">
        <ele>754.929482</ele>
        <time>2025-09-03T09:57:12.415000Z</time>
      </trkpt>
      <trkpt lat="19.216709" lon="98.670326">
        <ele>755.506128</ele>
        <time>2025-09-03T09:57:18.369000Z</time>
      </trkpt>
      <trkpt lat="19.216987" lon="98.670428">
        <ele>756.753714</ele>
        <time>2025-09-03T09:57:29.449000Z</time>
      </trkpt>
      <trkpt lat="19.218006" lon="98.670811">
        <ele>761.570708</ele>
        <time>2025-09-03T09:58:10.478000Z</time>
      </trkpt>
      <trkpt lat="19.21864" lon="98.671047">
        <ele>764.755955</ele>
        <time>2025-09-03T09:58:38.979000Z</time>
      </trkpt>
      <trkpt lat="19.218951" lon="98.671104">
        <ele>766.650111</ele>
        <time>2025-09-03T09:58:53.050000Z</time>
      </trkpt>
      <trkpt lat="19.219106" lon="98.671096">
        <ele>767.58142</ele>
        <time>2025-09-03T09:59:00.242000Z</time>
      </trkpt>
      <trkpt lat="19.219282" lon="98.671029">
        <ele>768.70382</ele>
        <time>2025-09-03T09:59:09.015000Z</time>
      </trkpt>
      <trkpt lat="19.2194" lon="98.670925">
        <ele>769.625135</ele>
        <time>2025-09-03T09:59:16.103000Z</time>
      </trkpt>
      <trkpt lat="19.219479" lon="98.670746">
        <ele>770.744826</ele>
        <time>2025-09-03T09:59:24.781000Z</time>
      </trkpt>
      <trkpt lat="19.219553" lon="98.670437">
        <ele>772.551316</ele>
        <time>2025-09-03T09:59:39.219000Z</time>
      </trkpt>
      <trkpt lat="19.219677" lon="98.670069">
        <ele>774.765508</ele>
        <time>2025-09-03T09:59:57.540000Z</time>
      </trkpt>
      <trkpt lat="19.219803" lon="98.669861">
        <ele>775.846276</ele>
        <time>2025-09-03T10:00:09.210000Z</time>
      </trkpt>
      <trkpt lat="19.219917" lon="98.6698">
        <ele>776.432464</ele>
        <time>2025-09-03T10:00:15.431000Z</time>
      </trkpt>
      <trkpt lat="19.220186" lon="98.669771">
        <ele>777.673404</ele>
        <time>2025-09-03T10:00:27.874000Z</time>
      </trkpt>
      <trkpt lat="19.220425" lon="98.669701">
        <ele>778.811456</ele>
        <time>2025-09-03T10:00:38.334000Z</time>
      </trkpt>
      <trkpt lat="19.220626" lon="98.669601">
        <ele>779.830656</ele>
        <time>2025-09-03T10:00:46.727000Z</time>
      </trkpt>
      <trkpt lat="19.220719" lon="98.669634">
        <ele>780.280795</ele>
        <time>2025-09-03T10:00:50.200000Z</time>
      </trkpt>
      <trkpt lat="19.220726" lon="98.669689">
        <ele>780.5213</ele>
        <time>2025-09-03T10:00:52.003000Z</time>
      </trkpt>
      <trkpt lat="19.220705" lon="98.669741">
        <ele>780.766392</ele>
        <time>2025-09-03T10:00:53.764000Z</time>
      </trkpt>
      <trkpt lat="19.220623" lon="98.669802">
        <ele>781.226293</ele>
        <time>2025-09-03T10:00:57.090000Z</time>
      </trkpt>
      <trkpt lat="19.220385" lon="98.669892">
        <ele>782.386126</ele>
        <time>2025-09-03T10:01:05.025000Z</time>
      </trkpt>
      <trkpt lat="19.219985" lon="98.670181">
        <ele>785.326556</ele>
        <time>2025-09-03T10:01:21.069000Z</time>
      </trkpt>
      <trkpt lat="19.21986" lon="98.670402">
        <ele>786.961412</ele>
        <time>2025-09-03T10:01:30.462000Z</time>
      </trkpt>
      <trkpt lat="19.219916" lon="98.670557">
        <ele>788.014607</ele>
        <time>2025-09-03T10:01:37.339000Z</time>
      </trkpt>
      <trkpt lat="19.220062" lon="98.670719">
        <ele>789.435785</ele>
        <time>2025-09-03T10:01:47.924000Z</time>
      </trkpt>
      <trkpt lat="19.220975" lon="98.671007">
        <ele>795.45526</ele>
        <time>2025-09-03T10:02:46.677000Z</time>
      </trkpt>
      <trkpt lat="19.221083" lon="98.671109">
        <ele>795.886413</ele>
        <time>2025-09-03T10:02:55.687000Z</time>
      </trkpt>
      <trkpt lat="19.221099" lon="98.671213">
        <ele>796.182863</ele>
        <time>2025-09-03T10:03:01.672000Z</time>
      </trkpt>
      <trkpt lat="19.221063" lon="98.671323">
        <ele>796.510396</ele>
        <time>2025-09-03T10:03:07.829000Z</time>
      </trkpt>
      <trkpt lat="19.220458" lon="98.67164">
        <ele>798.521534</ele>
        <time>2025-09-03T10:03:35.624000Z</time>
      </trkpt>
      <trkpt lat="19.220024" lon="98.672003">
        <ele>800.169277</ele>
        <time>2025-09-03T10:03:45.319000Z</time>
      </trkpt>
      <trkpt lat="19.219758" lon="98.672149">
        <ele>799.882699</ele>
        <time>2025-09-03T10:03:49.853000Z</time>
      </trkpt>
      <trkpt lat="19.219611" lon="98.672199">
        <ele>799.361164</ele>
        <time>2025-09-03T10:03:52.112000Z</time>
      </trkpt>
      <trkpt lat="19.21945" lon="98.672161">
        <ele>798.803979</ele>
        <time>2025-09-03T10:03:54.526000Z</time>
      </trkpt>
      <trkpt lat="19.218962" lon="98.671954">
        <ele>797.02825</ele>
        <time>2025-09-03T10:04:02.230000Z</time>
      </trkpt>
      <trkpt lat="19.218785" lon="98.671927">
        <ele>796.424191</ele>
        <time>2025-09-03T10:04:04.943000Z</time>
      </trkpt>
      <trkpt lat="19.218587" lon="98.672018">
        <ele>795.695098</ele>
        <time>2025-09-03T10:04:08.335000Z</time>
      </trkpt>
      <trkpt lat="19.218406" lon="98.672203">
        <ele>794.845386</ele>
        <time>2025-09-03T10:04:12.725000Z</time>
      </trkpt>
      <trkpt lat="19.218305" lon="98.672352">
        <ele>794.824645</ele>
        <time>2025-09-03T10:04:16.678000Z</time>
      </trkpt>
      <trkpt lat="19.218262" lon="98.672549">
        <ele>796.279982</ele>
        <time>2025-09-03T10:04:22.713000Z</time>
      </trkpt>
      <trkpt lat="19.218331" lon="98.672586">
        <ele>796.869515</ele>
        <time>2025-09-03T10:04:25.631000Z</time>
      </trkpt>
      <trkpt lat="19.21843" lon="98.67253">
        <ele>797.725042</ele>
        <time>2025-09-03T10:04:30.353000Z</time>
      </trkpt>
      <trkpt lat="19.218613" lon="98.672338">
        <ele>799.688609</ele>
        <time>2025-09-03T10:04:43.180000Z</time>
      </trkpt>
      <trkpt lat="19.21872" lon="98.672266">
        <ele>800.654931</ele>
        <time>2025-09-03T10:04:50.454000Z</time>
      </trkpt>
      <trkpt lat="19.218846" lon="98.672254">
        <ele>801.619241</ele>
        <time>2025-09-03T10:04:58.179000Z</time>
      </trkpt>
      <trkpt lat="19.219022" lon="98.67233">
        <ele>803.068038</ele>
        <time>2025-09-03T10:05:10.281000Z</time>
      </trkpt>
      <trkpt lat="19.219577" lon="98.672652">
        <ele>807.891777</ele>
        <time>2025-09-03T10:05:53.401000Z</time>
      </trkpt>
      <trkpt lat="19.219677" lon="98.672662">
        <ele>808.945542</ele>
        <time>2025-09-03T10:06:00.466000Z</time>
      </trkpt>
      <trkpt lat="19.219796" lon="98.672627">
        <ele>810.415024</ele>
        <time>2025-09-03T10:06:09.241000Z</time>
      </trkpt>
      <trkpt lat="19.220617" lon="98.672085">
        <ele>821.926044</ele>
        <time>2025-09-03T10:07:16.954000Z</time>
      </trkpt>
      <trkpt lat="19.221349" lon="98.67174">
        <ele>830.684126</ele>
        <time>2025-09-03T10:08:15.295000Z</time>
      </trkpt>
      <trkpt lat="19.221478" lon="98.671727">
        <ele>831.601851</ele>
        <time>2025-09-03T10:08:24.006000Z</time>
      </trkpt>
      <trkpt lat="19.221634" lon="98.671766">
        <ele>832.737033</ele>
        <time>2025-09-03T10:08:34.257000Z</time>
      </trkpt>
      <trkpt lat="19.222055" lon="98.67205">
        <ele>836.272119</ele>
        <time>2025-09-03T10:09:01.441000Z</time>
      </trkpt>
      <trkpt lat="19.222139" lon="98.672066">
        <ele>836.876566</ele>
        <time>2025-09-03T10:09:05.584000Z</time>
      </trkpt>
      <trkpt lat="19.222203" lon="98.672019">
        <ele>837.428136</ele>
        <time>2025-09-03T10:09:09.351000Z</time>
      </trkpt>
      <trkpt lat="19.222238" lon="98.671908">
        <ele>838.210722</ele>
        <time>2025-09-03T10:09:14.526000Z</time>
      </trkpt>
      <trkpt lat="19.222198" lon="98.671587">
        <ele>840.375962</ele>
        <time>2025-09-03T10:09:27.406000Z</time>
      </trkpt>
      <trkpt lat="19.22223" lon="98.671425">
        <ele>841.482758</ele>
        <time>2025-09-03T10:09:32.662000Z</time>
      </trkpt>
      <trkpt lat="19.222322" lon="98.671339">
        <ele>842.313849</ele>
        <time>2025-09-03T10:09:36.355000Z</time>
      </trkpt>
      <trkpt lat="19.222415" lon="98.671297">
        <ele>842.636234</ele>
        <time>2025-09-03T10:09:39.138000Z</time>
      </trkpt>
      <trkpt lat="19.222527" lon="98.67128">
        <ele>842.997016</ele>
        <time>2025-09-03T10:09:41.972000Z</time>
      </trkpt>
      <trkpt lat="19.222872" lon="98.671305">
        <ele>844.099685</ele>
        <time>2025-09-03T10:09:49.310000Z</time>
      </trkpt>
      <trkpt lat="19.22307" lon="98.671275">
        <ele>844.737473</ele>
        <time>2025-09-03T10:09:54.226000Z</time>
      </trkpt>
      <trkpt lat="19.22317" lon="98.671154">
        <ele>845.221627</ele>
        <time>2025-09-03T10:09:58.829000Z</time>
      </trkpt>
      <trkpt lat="19.22317" lon="98.671021">
        <ele>845.622076</ele>
        <time>2025-09-03T10:10:03.274000Z</time>
      </trkpt>
      <trkpt lat="19.223074" lon="98.670752">
        <ele>846.487925</ele>
        <time>2025-09-03T10:10:14.482000Z</time>
      </trkpt>
      <trkpt lat="19.22313" lon="98.670675">
        <ele>846.78056</ele>
        <time>2025-09-03T10:10:18.567000Z</time>
      </trkpt>
      <trkpt lat="19.223431" lon="98.67065">
        <ele>847.743302</ele>
        <time>2025-09-03T10:10:32.164000Z</time>
      </trkpt>
      <trkpt lat="19.223762" lon="98.670574">
        <ele>849.893393</ele>
        <time>2025-09-03T10:10:47.072000Z</time>
      </trkpt>
      <trkpt lat="19.224211" lon="98.670628">
        <ele>853.249255</ele>
        <time>2025-09-03T10:11:06.747000Z</time>
      </trkpt>
      <trkpt lat="19.22449" lon="98.670474">
        <ele>855.585733</ele>
        <time>2025-09-03T10:11:22.558000Z</time>
      </trkpt>
      <trkpt lat="19.224885" lon="98.67003">
        <ele>859.863382</ele>
        <time>2025-09-03T10:11:55.682000Z</time>
      </trkpt>
      <trkpt lat="19.224981" lon="98.669998">
        <ele>860.61079</ele>
        <time>2025-09-03T10:12:01.781000Z</time>
      </trkpt>
      <trkpt lat="19.225482" lon="98.670043">
        <ele>866.463805</ele>
        <time>2025-09-03T10:12:33.248000Z</time>
      </trkpt>
      <trkpt lat="19.22571" lon="98.670141">
        <ele>869.595223</ele>
        <time>2025-09-03T10:12:50.107000Z</time>
      </trkpt>
      <trkpt lat="19.226121" lon="98.670379">
        <ele>875.55647</ele>
        <time>2025-09-03T10:13:25.441000Z</time>
      </trkpt>
      <trkpt lat="19.226205" lon="98.670388">
        <ele>876.63092</ele>
        <time>2025-09-03T10:13:32.202000Z</time>
      </trkpt>
      <trkpt lat="19.226276" lon="98.670368">
        <ele>877.56589</ele>
        <time>2025-09-03T10:13:38.351000Z</time>
      </trkpt>
      <trkpt lat="19.226423" lon="98.670189">
        <ele>880.416527</ele>
        <time>2025-09-03T10:13:57.205000Z</time>
      </trkpt>
      <trkpt lat="19.226575" lon="98.67013">
        <ele>882.476726</ele>
        <time>2025-09-03T10:14:11.179000Z</time>
      </trkpt>
      <trkpt lat="19.226722" lon="98.670133">
        <ele>884.324656</ele>
        <time>2025-09-03T10:14:23.420000Z</time>
      </trkpt>
      <trkpt lat="19.227001" lon="98.670287">
        <ele>887.206782</ele>
        <time>2025-09-03T10:14:48.412000Z</time>
      </trkpt>
      <trkpt lat="19.227137" lon="98.67031">
        <ele>888.468419</ele>
        <time>2025-09-03T10:14:58.961000Z</time>
      </trkpt>
      <trkpt lat="19.2274" lon="98.67031">
        <ele>890.877679</ele>
        <time>2025-09-03T10:15:18.117000Z</time>
      </trkpt>
      <trkpt lat="19.227487" lon="98.670347">
        <ele>891.736516</ele>
        <time>2025-09-03T10:15:24.558000Z</time>
      </trkpt>
      <trkpt lat="19.227545" lon="98.670426">
        <ele>892.602099</ele>
        <time>2025-09-03T10:15:30.740000Z</time>
      </trkpt>
      <trkpt lat="19.227528" lon="98.670541">
        <ele>893.60893</ele>
        <time>2025-09-03T10:15:37.688000Z</time>
      </trkpt>
      <trkpt lat="19.227461" lon="98.670606">
        <ele>894.441282</ele>
        <time>2025-09-03T10:15:43.067000Z</time>
      </trkpt>
      <trkpt lat="19.227266" lon="98.670709">
        <ele>896.437459</ele>
        <time>2025-09-03T10:15:54.888000Z</time>
      </trkpt>
      <trkpt lat="19.227047" lon="98.670752">
        <ele>898.477835</ele>
        <time>2025-09-03T10:16:04.972000Z</time>
      </trkpt>
      <trkpt lat="19.226863" lon="98.670703">
        <ele>900.215871</ele>
        <time>2025-09-03T10:16:11.487000Z</time>
      </trkpt>
      <trkpt lat="19.226696" lon="98.670733">
        <ele>900.909235</ele>
        <time>2025-09-03T10:16:15.594000Z</time>
      </trkpt>
      <trkpt lat="19.226533" lon="98.670937">
        <ele>901.286247</ele>
        <time>2025-09-03T10:16:20.154000Z</time>
      </trkpt>
      <trkpt lat="19.226403" lon="98.670994">
        <ele>901.496468</ele>
        <time>2025-09-03T10:16:22.533000Z</time>
      </trkpt>
      <trkpt lat="19.226279" lon="98.671005">
        <ele>901.682385</ele>
        <time>2025-09-03T10:16:24.681000Z</time>
      </trkpt>
      <trkpt lat="19.225822" lon="98.670723">
        <ele>902.472636</ele>
        <time>2025-09-03T10:16:35.425000Z</time>
      </trkpt>
      <trkpt lat="19.225614" lon="98.670725">
        <ele>902.783422</ele>
        <time>2025-09-03T10:16:41.794000Z</time>
      </trkpt>
      <trkpt lat="19.225439" lon="98.670809">
        <ele>903.070491</ele>
        <time>2025-09-03T10:16:48.542000Z</time>
      </trkpt>
      <trkpt lat="19.225294" lon="98.670967">
        <ele>903.38133</ele>
        <time>2025-09-03T10:16:56.448000Z</time>
      </trkpt>
      <trkpt lat="19.225294" lon="98.671288">
        <ele>904.525018</ele>
        <time>2025-09-03T10:17:09.585000Z</time>
      </trkpt>
      <trkpt lat="19.22525" lon="98.671542">
        <ele>905.510967</ele>
        <time>2025-09-03T10:17:21.321000Z</time>
      </trkpt>
      <trkpt lat="19.225151" lon="98.671677">
        <ele>906.163583</ele>
        <time>2025-09-03T10:17:29.135000Z</time>
      </trkpt>
      <trkpt lat="19.224395" lon="98.671886">
        <ele>909.322878</ele>
        <time>2025-09-03T10:18:01.671000Z</time>
      </trkpt>
      <trkpt lat="19.22405" lon="98.672028">
        <ele>910.752292</ele>
        <time>2025-09-03T10:18:12.024000Z</time>
      </trkpt>
      <trkpt lat="19.223795" lon="98.67217">
        <ele>911.250384</ele>
        <time>2025-09-03T10:18:19.166000Z</time>
      </trkpt>
      <trkpt lat="19.223587" lon="98.672366">
        <ele>911.731729</ele>
        <time>2025-09-03T10:18:26.167000Z</time>
      </trkpt>
      <trkpt lat="19.223486" lon="98.672524">
        <ele>912.043207</ele>
        <time>2025-09-03T10:18:30.287000Z</time>
      </trkpt>
      <trkpt lat="19.223444" lon="98.67273">
        <ele>912.387246</ele>
        <time>2025-09-03T10:18:34.803000Z</time>
      </trkpt>
      <trkpt lat="19.223479" lon="98.673354">
        <ele>913.407704</ele>
        <time>2025-09-03T10:18:50.610000Z</time>
      </trkpt>
      <trkpt lat="19.223441" lon="98.673498">
        <ele>913.651788</ele>
        <time>2025-09-03T10:18:55.439000Z</time>
      </trkpt>
      <trkpt lat="19.223066" lon="98.673859">
        <ele>916.546783</ele>
        <time>2025-09-03T10:19:16.636000Z</time>
      </trkpt>
      <trkpt lat="19.223029" lon="98.673933">
        <ele>917.068777</ele>
        <time>2025-09-03T10:19:20.281000Z</time>
      </trkpt>
      <trkpt lat="19.223032" lon="98.674022">
        <ele>917.62395</ele>
        <time>2025-09-03T10:19:24.171000Z</time>
      </trkpt>
      <trkpt lat="19.223082" lon="98.674077">
        <ele>918.099895</ele>
        <time>2025-09-03T10:19:27.550000Z</time>
      </trkpt>
      <trkpt lat="19.223185" lon="98.674071">
        <ele>918.780932</ele>
        <time>2025-09-03T10:19:32.344000Z</time>
      </trkpt>
      <trkpt lat="19.223374" lon="98.673958">
        <ele>920.213827</ele>
        <time>2025-09-03T10:19:42.633000Z</time>
      </trkpt>
      <trkpt lat="19.223603" lon="98.673778">
        <ele>922.096604</ele>
        <time>2025-09-03T10:19:56.932000Z</time>
      </trkpt>
      <trkpt lat="19.22374" lon="98.673589">
        <ele>923.58195</ele>
        <time>2025-09-03T10:20:09.082000Z</time>
      </trkpt>
      <trkpt lat="19.223783" lon="98.673483">
        <ele>924.301144</ele>
        <time>2025-09-03T10:20:15.368000Z</time>
      </trkpt>
      <trkpt lat="19.223836" lon="98.67294">
        <ele>928.896871</ele>
        <time>2025-09-03T10:20:46.920000Z</time>
      </trkpt>
      <trkpt lat="19.223878" lon="98.672758">
        <ele>930.755193</ele>
        <time>2025-09-03T10:20:58.270000Z</time>
      </trkpt>
      <trkpt lat="19.223962" lon="98.672635">
        <ele>932.260834</ele>
        <time>2025-09-03T10:21:07.362000Z</time>
      </trkpt>
      <trkpt lat="19.224054" lon="98.672558">
        <ele>933.49259</ele>
        <time>2025-09-03T10:21:14.700000Z</time>
      </trkpt>
      <trkpt lat="19.224312" lon="98.672512">
        <ele>936.240855</ele>
        <time>2025-09-03T10:21:31.155000Z</time>
      </trkpt>
      <trkpt lat="19.224502" lon="98.672445">
        <ele>938.344414</ele>
        <time>2025-09-03T10:21:44.449000Z</time>
      </trkpt>
      <trkpt lat="19.224717" lon="98.672307">
        <ele>940.98526</ele>
        <time>2025-09-03T10:22:01.775000Z</time>
      </trkpt>
      <trkpt lat="19.224801" lon="98.67228">
        <ele>941.907372</ele>
        <time>2025-09-03T10:22:07.758000Z</time>
      </trkpt>
      <trkpt lat="19.22559" lon="98.672531">
        <ele>950.088533</ele>
        <time>2025-09-03T10:23:04.306000Z</time>
      </trkpt>
      <trkpt lat="19.225663" lon="98.672518">
        <ele>950.804674</ele>
        <time>2025-09-03T10:23:09.322000Z</time>
      </trkpt>
      <trkpt lat="19.225735" lon="98.672468">
        <ele>951.637617</ele>
        <time>2025-09-03T10:23:15.050000Z</time>
      </trkpt>
      <trkpt lat="19.22583" lon="98.672192">
        <ele>954.321106</ele>
        <time>2025-09-03T10:23:32.786000Z</time>
      </trkpt>
      <trkpt lat="19.225892" lon="98.672106">
        <ele>955.3095</ele>
        <time>2025-09-03T10:23:39.083000Z</time>
      </trkpt>
      <trkpt lat="19.225957" lon="98.672091">
        <ele>955.953087</ele>
        <time>2025-09-03T10:23:43.046000Z</time>
      </trkpt>
      <trkpt lat="19.226665" lon="98.672258">
        <ele>962.644426</ele>
        <time>2025-09-03T10:24:20.121000Z</time>
      </trkpt>
      <trkpt lat="19.226941" lon="98.672393">
        <ele>964.617007</ele>
        <time>2025-09-03T10:24:34.791000Z</time>
      </trkpt>
      <trkpt lat="19.227089" lon="98.672433">
        <ele>965.608075</ele>
        <time>2025-09-03T10:24:43.865000Z</time>
      </trkpt>
      <trkpt lat="19.227141" lon="98.672427">
        <ele>965.947471</ele>
        <time>2025-09-03T10:24:46.873000Z</time>
      </trkpt>
      <trkpt lat="19.227211" lon="98.672373">
        <ele>966.509378</ele>
        <time>2025-09-03T10:24:52.118000Z</time>
      </trkpt>
      <trkpt lat="19.227342" lon="98.672113">
        <ele>968.314869</ele>
        <time>2025-09-03T10:25:07.672000Z</time>
      </trkpt>
      <trkpt lat="19.227452" lon="98.67201">
        <ele>969.267555</ele>
        <time>2025-09-03T10:25:15.171000Z</time>
      </trkpt>
      <trkpt lat="19.227588" lon="98.672005">
        <ele>970.150517</ele>
        <time>2025-09-03T10:25:21.673000Z</time>
      </trkpt>
      <trkpt lat="19.227772" lon="98.67215">
        <ele>971.638634</ele>
        <time>2025-09-03T10:25:32.128000Z</time>
      </trkpt>
      <trkpt lat="19.227831" lon="98.672197">
        <ele>972.117657</ele>
        <time>2025-09-03T10:25:34.965000Z</time>
      </trkpt>
      <trkpt lat="19.227901" lon="98.672218">
        <ele>972.589719</ele>
        <time>2025-09-03T10:25:38.157000Z</time>
      </trkpt>
      <trkpt lat="19.22806" lon="98.672191">
        <ele>973.63456</ele>
        <time>2025-09-03T10:25:44.226000Z</time>
      </trkpt>
      <trkpt lat="19.228192" lon="98.67213">
        <ele>973.850048</ele>
        <time>2025-09-03T10:25:49.213000Z</time>
      </trkpt>
      <trkpt lat="19.228387" lon="98.67201">
        <ele>974.167234</ele>
        <time>2025-09-03T10:25:56.097000Z</time>
      </trkpt>
      <trkpt lat="19.228809" lon="98.671602">
        <ele>974.97085</ele>
        <time>2025-09-03T10:26:12.251000Z</time>
      </trkpt>
      <trkpt lat="19.229098" lon="98.671457">
        <ele>975.420606</ele>
        <time>2025-09-03T10:26:17.850000Z</time>
      </trkpt>
      <trkpt lat="19.229143" lon="98.671406">
        <ele>975.513299</ele>
        <time>2025-09-03T10:26:19.077000Z</time>
      </trkpt>
      <trkpt lat="19.22916" lon="98.671337">
        <ele>975.607996</ele>
        <time>2025-09-03T10:26:20.400000Z</time>
      </trkpt>
      <trkpt lat="19.229162" lon="98.670962">
        <ele>976.105983</ele>
        <time>2025-09-03T10:26:28.829000Z</time>
      </trkpt>
      <trkpt lat="19.229231" lon="98.670818">
        <ele>976.619192</ele>
        <time>2025-09-03T10:26:33.338000Z</time>
      </trkpt>
      <trkpt lat="19.22936" lon="98.670731">
        <ele>977.294242</ele>
        <time>2025-09-03T10:26:38.318000Z</time>
      </trkpt>
      <trkpt lat="19.229511" lon="98.67071">
        <ele>977.966475</ele>
        <time>2025-09-03T10:26:43.643000Z</time>
      </trkpt>
      <trkpt lat="19.230013" lon="98.670804">
        <ele>980.216659</ele>
        <time>2025-09-03T10:27:02.864000Z</time>
      </trkpt>
      <trkpt lat="19.230236" lon="98.670802">
        <ele>981.201012</ele>
        <time>2025-09-03T10:27:12.235000Z</time>
      </trkpt>
      <trkpt lat="19.230396" lon="98.670731">
        <ele>981.966735</ele>
        <time>2025-09-03T10:27:20.478000Z</time>
      </trkpt>
      <trkpt lat="19.23054" lon="98.67059">
        <ele>982.832373</ele>
        <time>2025-09-03T10:27:30.657000Z</time>
      </trkpt>
      <trkpt lat="19.230662" lon="98.670245">
        <ele>984.421105</ele>
        <time>2025-09-03T10:27:48.651000Z</time>
      </trkpt>
      <trkpt lat="19.230813" lon="98.669961">
        <ele>986.071843</ele>
        <time>2025-09-03T10:28:03.678000Z</time>
      </trkpt>
      <trkpt lat="19.231056" lon="98.669696">
        <ele>987.942753</ele>
        <time>2025-09-03T10:28:18.863000Z</time>
      </trkpt>
      <trkpt lat="19.231277" lon="98.669512">
        <ele>989.450633</ele>
        <time>2025-09-03T10:28:29.881000Z</time>
      </trkpt>
      <trkpt lat="19.231371" lon="98.669346">
        <ele>990.430971</ele>
        <time>2025-09-03T10:28:37.472000Z</time>
      </trkpt>
      <trkpt lat="19.231387" lon="98.669178">
        <ele>991.28615</ele>
        <time>2025-09-03T10:28:44.259000Z</time>
      </trkpt>
      <trkpt lat="19.231338" lon="98.668976">
        <ele>992.342433</ele>
        <time>2025-09-03T10:28:52.721000Z</time>
      </trkpt>
      <trkpt lat="19.231099" lon="98.668539">
        <ele>995.410235</ele>
        <time>2025-09-03T10:29:12.294000Z</time>
      </trkpt>
      <trkpt lat="19.231066" lon="98.668408">
        <ele>996.406217</ele>
        <time>2025-09-03T10:29:17.393000Z</time>
      </trkpt>
      <trkpt lat="19.231026" lon="98.668006">
        <ele>999.375647</ele>
        <time>2025-09-03T10:29:33.688000Z</time>
      </trkpt>
      <trkpt lat="19.230954" lon="98.667711">
        <ele>1001.613937</ele>
        <time>2025-09-03T10:29:47.906000Z</time>
      </trkpt>
      <trkpt lat="19.230978" lon="98.667579">
        <ele>1002.601419</ele>
        <time>2025-09-03T10:29:54.891000Z</time>
      </trkpt>
      <trkpt lat="19.231035" lon="98.667525">
        <ele>1003.196414</ele>
        <time>2025-09-03T10:29:59.269000Z</time>
      </trkpt>
      <trkpt lat="19.231089" lon="98.66751">
        <ele>1003.63075</ele>
        <time>2025-09-03T10:30:02.601000Z</time>
      </trkpt>
      <trkpt lat="19.231156" lon="98.667517">
        <ele>1004.154547</ele>
        <time>2025-09-03T10:30:06.725000Z</time>
      </trkpt>
      <trkpt lat="19.231218" lon="98.667564">
        <ele>1004.747744</ele>
        <time>2025-09-03T10:30:11.539000Z</time>
      </trkpt>
      <trkpt lat="19.231321" lon="98.667966">
        <ele>1007.830605</ele>
        <time>2025-09-03T10:30:38.530000Z</time>
      </trkpt>
      <trkpt lat="19.231349" lon="98.668001">
        <ele>1008.335305</ele>
        <time>2025-09-03T10:30:41.678000Z</time>
      </trkpt>
      <trkpt lat="19.231423" lon="98.668013">
        <ele>1009.207613</ele>
        <time>2025-09-03T10:30:47.127000Z</time>
      </trkpt>
      <trkpt lat="19.231462" lon="98.667998">
        <ele>1009.691084</ele>
        <time>2025-09-03T10:30:50.076000Z</time>
      </trkpt>
      <trkpt lat="19.231522" lon="98.667911">
        <ele>1010.876389</ele>
        <time>2025-09-03T10:30:57.469000Z</time>
      </trkpt>
      <trkpt lat="19.231654" lon="98.667639">
        <ele>1014.241036</ele>
        <time>2025-09-03T10:31:18.435000Z</time>
      </trkpt>
      <trkpt lat="19.231748" lon="98.667379">
        <ele>1017.304057</ele>
        <time>2025-09-03T10:31:37.736000Z</time>
      </trkpt>
      <trkpt lat="19.23177" lon="98.667051">
        <ele>1020.921769</ele>
        <time>2025-09-03T10:32:00.158000Z</time>
      </trkpt>
      <trkpt lat="19.231731" lon="98.666931">
        <ele>1022.318017</ele>
        <time>2025-09-03T10:32:08.731000Z</time>
      </trkpt>
      <trkpt lat="19.231626" lon="98.666714">
        <ele>1025.000669</ele>
        <time>2025-09-03T10:32:24.921000Z</time>
      </trkpt>
      <trkpt lat="19.231337" lon="98.666322">
        <ele>1029.786907</ele>
        <time>2025-09-03T10:32:55.444000Z</time>
      </trkpt>
      <trkpt lat="19.231251" lon="98.66608">
        <ele>1031.519248</ele>
        <time>2025-09-03T10:33:09.797000Z</time>
      </trkpt>
      <trkpt lat="19.231316" lon="98.665934">
        <ele>1032.600675</ele>
        <time>2025-09-03T10:33:18.106000Z</time>
      </trkpt>
      <trkpt lat="19.231443" lon="98.665855">
        <ele>1033.645747</ele>
        <time>2025-09-03T10:33:25.741000Z</time>
      </trkpt>
      <trkpt lat="19.231567" lon="98.665832">
        <ele>1034.538989</ele>
        <time>2025-09-03T10:33:31.957000Z</time>
      </trkpt>
      <trkpt lat="19.232236" lon="98.665938">
        <ele>1039.338756</ele>
        <time>2025-09-03T10:34:01.717000Z</time>
      </trkpt>
      <trkpt lat="19.23234" lon="98.665885">
        <ele>1040.157679</ele>
        <time>2025-09-03T10:34:06.466000Z</time>
      </trkpt>
      <trkpt lat="19.232421" lon="98.665799">
        <ele>1040.971493</ele>
        <time>2025-09-03T10:34:11.213000Z</time>
      </trkpt>
      <trkpt lat="19.23251" lon="98.66559">
        <ele>1042.603559</ele>
        <time>2025-09-03T10:34:20.240000Z</time>
      </trkpt>
      <trkpt lat="19.232575" lon="98.665285">
        <ele>1044.894475</ele>
        <time>2025-09-03T10:34:33.423000Z</time>
      </trkpt>
      <trkpt lat="19.232553" lon="98.665151">
        <ele>1045.891009</ele>
        <time>2025-09-03T10:34:39.705000Z</time>
      </trkpt>
      <trkpt lat="19.232434" lon="98.664965">
        <ele>1047.537205</ele>
        <time>2025-09-03T10:34:50.729000Z</time>
      </trkpt>
      <trkpt lat="19.23231" lon="98.664871">
        <ele>1048.720524</ele>
        <time>2025-09-03T10:34:59.139000Z</time>
      </trkpt>
      <trkpt lat="19.232143" lon="98.664833">
        <ele>1050.046011</ele>
        <time>2025-09-03T10:35:09.169000Z</time>
      </trkpt>
      <trkpt lat="19.231869" lon="98.664841">
        <ele>1052.17305</ele>
        <time>2025-09-03T10:35:26.234000Z</time>
      </trkpt>
      <trkpt lat="19.231653" lon="98.664693">
        <ele>1054.169392</ele>
        <time>2025-09-03T10:35:42.649000Z</time>
      </trkpt>
      <trkpt lat="19.231489" lon="98.664368">
        <ele>1055.995588</ele>
        <time>2025-09-03T10:36:03.661000Z</time>
      </trkpt>
      <trkpt lat="19.231284" lon="98.664157">
        <ele>1056.858469</ele>
        <time>2025-09-03T10:36:18.981000Z</time>
      </trkpt>
      <trkpt lat="19.231218" lon="98.663986">
        <ele>1057.384983</ele>
        <time>2025-09-03T10:36:27.319000Z</time>
      </trkpt>
      <trkpt lat="19.231218" lon="98.663908">
        <ele>1057.607292</ele>
        <time>2025-09-03T10:36:30.512000Z</time>
      </trkpt>
      <trkpt lat="19.231261" lon="98.663817">
        <ele>1057.897317</ele>
        <time>2025-09-03T10:36:34.474000Z</time>
      </trkpt>
      <trkpt lat="19.231811" lon="98.662934">
        <ele>1060.788983</ele>
        <time>2025-09-03T10:36:57.073000Z</time>
      </trkpt>
      <trkpt lat="19.231924" lon="98.662811">
        <ele>1059.896801</ele>
        <time>2025-09-03T10:36:59.628000Z</time>
      </trkpt>
      <trkpt lat="19.232326" lon="98.662613">
        <ele>1057.455755</ele>
        <time>2025-09-03T10:37:06.347000Z</time>
      </trkpt>
      <trkpt lat="19.232487" lon="98.662508">
        <ele>1056.414706</ele>
        <time>2025-09-03T10:37:09.138000Z</time>
      </trkpt>
      <trkpt lat="19.2327" lon="98.662224">
        <ele>1054.529173</ele>
        <time>2025-09-03T10:37:14.142000Z</time>
      </trkpt>
      <trkpt lat="19.232846" lon="98.662128">
        <ele>1053.582977</ele>
        <time>2025-09-03T10:37:16.626000Z</time>
      </trkpt>
      <trkpt lat="19.232991" lon="98.662116">
        <ele>1052.782176</ele>
        <time>2025-09-03T10:37:18.728000Z</time>
      </trkpt>
      <trkpt lat="19.233371" lon="98.662272">
        <ele>1050.476696</ele>
        <time>2025-09-03T10:37:24.537000Z</time>
      </trkpt>
      <trkpt lat="19.233556" lon="98.662291">
        <ele>1049.305869</ele>
        <time>2025-09-03T10:37:27.112000Z</time>
      </trkpt>
      <trkpt lat="19.234146" lon="98.662002">
        <ele>1045.211079</ele>
        <time>2025-09-03T10:37:35.957000Z</time>
      </trkpt>
      <trkpt lat="19.23426" lon="98.662089">
        <ele>1044.32596</ele>
        <time>2025-09-03T10:37:37.896000Z</time>
      </trkpt>
      <trkpt lat="19.234303" lon="98.662173">
        <ele>1043.757655</ele>
        <time>2025-09-03T10:37:39.156000Z</time>
      </trkpt>
      <trkpt lat="19.234354" lon="98.66258">
        <ele>1041.315749</ele>
        <time>2025-09-03T10:37:44.993000Z</time>
      </trkpt>
      <trkpt lat="19.234522" lon="98.662865">
        <ele>1039.846966</ele>
        <time>2025-09-03T10:37:50.852000Z</time>
      </trkpt>
      <trkpt lat="19.234643" lon="98.662873">
        <ele>1040.355954</ele>
        <time>2025-09-03T10:37:53.722000Z</time>
      </trkpt>
      <trkpt lat="19.234743" lon="98.662836">
        <ele>1040.800669</ele>
        <time>2025-09-03T10:37:56.514000Z</time>
      </trkpt>
      <trkpt lat="19.234791" lon="98.662705">
        <ele>1041.357682</ele>
        <time>2025-09-03T10:38:00.412000Z</time>
      </trkpt>
      <trkpt lat="19.234714" lon="98.662285">
        <ele>1043.053646</ele>
        <time>2025-09-03T10:38:15.139000Z</time>
      </trkpt>
      <trkpt lat="19.234734" lon="98.662163">
        <ele>1043.544486</ele>
        <time>2025-09-03T10:38:20.281000Z</time>
      </trkpt>
      <trkpt lat="19.234887" lon="98.661987">
        <ele>1044.49282</ele>
        <time>2025-09-03T10:38:30.989000Z</time>
      </trkpt>
      <trkpt lat="19.235126" lon="98.661993">
        <ele>1045.496505</ele>
        <time>2025-09-03T10:38:43.816000Z</time>
      </trkpt>
      <trkpt lat="19.235284" lon="98.662061">
        <ele>1046.212517</ele>
        <time>2025-09-03T10:38:53.084000Z</time>
      </trkpt>
      <trkpt lat="19.235439" lon="98.662088">
        <ele>1046.872003</ele>
        <time>2025-09-03T10:39:01.410000Z</time>
      </trkpt>
      <trkpt lat="19.235687" lon="98.662034">
        <ele>1048.103523</ele>
        <time>2025-09-03T10:39:14.378000Z</time>
      </trkpt>
      <trkpt lat="19.235947" lon="98.661942">
        <ele>1049.513583</ele>
        <time>2025-09-03T10:39:27.957000Z</time>
      </trkpt>
      <trkpt lat="19.236287" lon="98.661658">
        <ele>1051.740934</ele>
        <time>2025-09-03T10:39:49.641000Z</time>
      </trkpt>
      <trkpt lat="19.236311" lon="98.661471">
        <ele>1052.657477</ele>
        <time>2025-09-03T10:39:58.251000Z</time>
      </trkpt>
      <trkpt lat="19.236061" lon="98.660759">
        <ele>1056.34678</ele>
        <time>2025-09-03T10:40:26.227000Z</time>
      </trkpt>
      <trkpt lat="19.236052" lon="98.660576">
        <ele>1056.525189</ele>
        <time>2025-09-03T10:40:30.276000Z</time>
      </trkpt>
      <trkpt lat="19.236099" lon="98.660423">
        <ele>1056.610117</ele>
        <time>2025-09-03T10:40:33.229000Z</time>
      </trkpt>
      <trkpt lat="19.236191" lon="98.660271">
        <ele>1056.705419</ele>
        <time>2025-09-03T10:40:36.214000Z</time>
      </trkpt>
      <trkpt lat="19.236307" lon="98.660164">
        <ele>1056.791417</ele>
        <time>2025-09-03T10:40:38.786000Z</time>
      </trkpt>
      <trkpt lat="19.236529" lon="98.660021">
        <ele>1056.936678</ele>
        <time>2025-09-03T10:40:43.125000Z</time>
      </trkpt>
      <trkpt lat="19.236752" lon="98.659952">
        <ele>1057.066559</ele>
        <time>2025-09-03T10:40:47.029000Z</time>
      </trkpt>
      <trkpt lat="19.236884" lon="98.659855">
        <ele>1057.156377</ele>
        <time>2025-09-03T10:40:49.797000Z</time>
      </trkpt>
      <trkpt lat="19.236944" lon="98.659777">
        <ele>1057.209483</ele>
        <time>2025-09-03T10:40:51.554000Z</time>
      </trkpt>
      <trkpt lat="19.236872" lon="98.659653">
        <ele>1057.286323</ele>
        <time>2025-09-03T10:40:54.316000Z</time>
      </trkpt>
      <trkpt lat="19.236737" lon="98.659573">
        <ele>1057.372805</ele>
        <time>2025-09-03T10:40:58.353000Z</time>
      </trkpt>
      <trkpt lat="19.235867" lon="98.659363">
        <ele>1062.964979</ele>
        <time>2025-09-03T10:41:46.490000Z</time>
      </trkpt>
      <trkpt lat="19.235228" lon="98.659279">
        <ele>1067.611923</ele>
        <time>2025-09-03T10:42:31.037000Z</time>
      </trkpt>
      <trkpt lat="19.234769" lon="98.659169">
        <ele>1069.95907</ele>
        <time>2025-09-03T10:42:53.478000Z</time>
      </trkpt>
      <trkpt lat="19.234631" lon="98.659115">
        <ele>1069.112514</ele>
        <time>2025-09-03T10:42:58.155000Z</time>
      </trkpt>
      <trkpt lat="19.234413" lon="98.658997">
        <ele>1067.70375</ele>
        <time>2025-09-03T10:43:03.327000Z</time>
      </trkpt>
      <trkpt lat="19.234377" lon="98.658943">
        <ele>1067.3446</ele>
        <time>2025-09-03T10:43:04.415000Z</time>
      </trkpt>
      <trkpt lat="19.23436" lon="98.658859">
        <ele>1066.877856</ele>
        <time>2025-09-03T10:43:05.722000Z</time>
      </trkpt>
      <trkpt lat="19.234392" lon="98.658768">
        <ele>1066.350269</ele>
        <time>2025-09-03T10:43:07.139000Z</time>
      </trkpt>
      <trkpt lat="19.234482" lon="98.658707">
        <ele>1065.735417</ele>
        <time>2025-09-03T10:43:08.713000Z</time>
      </trkpt>
      <trkpt lat="19.235202" lon="98.658578">
        <ele>1061.533468</ele>
        <time>2025-09-03T10:43:18.633000Z</time>
      </trkpt>
      <trkpt lat="19.235678" lon="98.658608">
        <ele>1056.945834</ele>
        <time>2025-09-03T10:43:24.876000Z</time>
      </trkpt>
      <trkpt lat="19.235926" lon="98.658592">
        <ele>1053.464738</ele>
        <time>2025-09-03T10:43:28.120000Z</time>
      </trkpt>
      <trkpt lat="19.236093" lon="98.658517">
        <ele>1050.923293</ele>
        <time>2025-09-03T10:43:30.488000Z</time>
      </trkpt>
      <trkpt lat="19.23619" lon="98.658428">
        <ele>1049.12521</ele>
        <time>2025-09-03T10:43:32.150000Z</time>
      </trkpt>
      <trkpt lat="19.236377" lon="98.658348">
        <ele>1046.299549</ele>
        <time>2025-09-03T10:43:34.789000Z</time>
      </trkpt>
      <trkpt lat="19.236534" lon="98.658316">
        <ele>1044.059507</ele>
        <time>2025-09-03T10:43:36.877000Z</time>
      </trkpt>
      <trkpt lat="19.238053" lon="98.658436">
        <ele>1022.75032</ele>
        <time>2025-09-03T10:43:56.750000Z</time>
      </trkpt>
      <trkpt lat="19.238363" lon="98.658399">
        <ele>1018.391087</ele>
        <time>2025-09-03T10:44:00.786000Z</time>
      </trkpt>
      <trkpt lat="19.238755" lon="98.658479">
        <ele>1012.812677</ele>
        <time>2025-09-03T10:44:05.985000Z</time>
      </trkpt>
      <trkpt lat="19.238998" lon="98.658734">
        <ele>1009.023019</ele>
        <time>2025-09-03T10:44:10.488000Z</time>
      </trkpt>
      <trkpt lat="19.239051" lon="98.658919">
        <ele>1007.951201</ele>
        <time>2025-09-03T10:44:12.940000Z</time>
      </trkpt>
      <trkpt lat="19.239193" lon="98.659064">
        <ele>1006.792982</ele>
        <time>2025-09-03T10:44:15.644000Z</time>
      </trkpt>
      <trkpt lat="19.239406" lon="98.659206">
        <ele>1005.315122</ele>
        <time>2025-09-03T10:44:19.217000Z</time>
      </trkpt>
      <trkpt lat="19.239659" lon="98.659254">
        <ele>1003.805876</ele>
        <time>2025-09-03T10:44:23.084000Z</time>
      </trkpt>
      <trkpt lat="19.239771" lon="98.659238">
        <ele>1003.142263</ele>
        <time>2025-09-03T10:44:24.872000Z</time>
      </trkpt>
      <trkpt lat="19.239852" lon="98.659155">
        <ele>1002.480478</ele>
        <time>2025-09-03T10:44:26.715000Z</time>
      </trkpt>
      <trkpt lat="19.239897" lon="98.658895">
        <ele>1001.015024</ele>
        <time>2025-09-03T10:44:31.107000Z</time>
      </trkpt>
      <trkpt lat="19.239897" lon="98.658726">
        <ele>1000.078092</ele>
        <time>2025-09-03T10:44:34.207000Z</time>
      </trkpt>
      <trkpt lat="19.239874" lon="98.658623">
        <ele>999.491309</ele>
        <time>2025-09-03T10:44:36.313000Z</time>
      </trkpt>
      <trkpt lat="19.239892" lon="98.65835">
        <ele>999.024416</ele>
        <time>2025-09-03T10:44:42.287000Z</time>
      </trkpt>
      <trkpt lat="19.240158" lon="98.658058">
        <ele>998.735375</ele>
        <time>2025-09-03T10:44:51.821000Z</time>
      </trkpt>
      <trkpt lat="19.240312" lon="98.657514">
        <ele>998.330814</ele>
        <time>2025-09-03T10:45:03.126000Z</time>
      </trkpt>
      <trkpt lat="19.240338" lon="98.657283">
        <ele>998.165096</ele>
        <time>2025-09-03T10:45:07.257000Z</time>
      </trkpt>
      <trkpt lat="19.240212" lon="98.656593">
        <ele>996.929286</ele>
        <time>2025-09-03T10:45:19.320000Z</time>
      </trkpt>
      <trkpt lat="19.240251" lon="98.656471">
        <ele>996.409903</ele>
        <time>2025-09-03T10:45:21.522000Z</time>
      </trkpt>
      <trkpt lat="19.240475" lon="98.656211">
        <ele>994.990598</ele>
        <time>2025-09-03T10:45:27.372000Z</time>
      </trkpt>
      <trkpt lat="19.240484" lon="98.656082">
        <ele>994.469005</ele>
        <time>2025-09-03T10:45:29.413000Z</time>
      </trkpt>
      <trkpt lat="19.240425" lon="98.655647">
        <ele>992.696918</ele>
        <time>2025-09-03T10:45:35.920000Z</time>
      </trkpt>
      <trkpt lat="19.240465" lon="98.655518">
        <ele>992.149407</ele>
        <time>2025-09-03T10:45:37.848000Z</time>
      </trkpt>
      <trkpt lat="19.240724" lon="98.655297">
        <ele>990.728928</ele>
        <time>2025-09-03T10:45:42.664000Z</time>
      </trkpt>
      <trkpt lat="19.240844" lon="98.65527">
        <ele>990.20498</ele>
        <time>2025-09-03T10:45:44.402000Z</time>
      </trkpt>
      <trkpt lat="19.240963" lon="98.65529">
        <ele>989.067117</ele>
        <time>2025-09-03T10:45:46.090000Z</time>
      </trkpt>
      <trkpt lat="19.241072" lon="98.655376">
        <ele>987.682539</ele>
        <time>2025-09-03T10:45:47.969000Z</time>
      </trkpt>
      <trkpt lat="19.241277" lon="98.655628">
        <ele>984.483282</ele>
        <time>2025-09-03T10:45:52.249000Z</time>
      </trkpt>
      <trkpt lat="19.24167" lon="98.656309">
        <ele>976.806952</ele>
        <time>2025-09-03T10:46:02.286000Z</time>
      </trkpt>
      <trkpt lat="19.242088" lon="98.656715">
        <ele>971.34552</ele>
        <time>2025-09-03T10:46:09.896000Z</time>
      </trkpt>
      <trkpt lat="19.242521" lon="98.65684">
        <ele>968.606335</ele>
        <time>2025-09-03T10:46:16.088000Z</time>
      </trkpt>
      <trkpt lat="19.24267" lon="98.656811">
        <ele>967.681699</ele>
        <time>2025-09-03T10:46:18.241000Z</time>
      </trkpt>
      <trkpt lat="19.242787" lon="98.656752">
        <ele>966.890796</ele>
        <time>2025-09-03T10:46:20.104000Z</time>
      </trkpt>
      <trkpt lat="19.243422" lon="98.65612">
        <ele>961.572537</ele>
        <time>2025-09-03T10:46:33.634000Z</time>
      </trkpt>
      <trkpt lat="19.24359" lon="98.655819">
        <ele>960.489911</ele>
        <time>2025-09-03T10:46:39.333000Z</time>
      </trkpt>
      <trkpt lat="19.244264" lon="98.654782">
        <ele>958.509416</ele>
        <time>2025-09-03T10:47:00.463000Z</time>
      </trkpt>
      <trkpt lat="19.244443" lon="98.654505">
        <ele>957.981371</ele>
        <time>2025-09-03T10:47:06.539000Z</time>
      </trkpt>
      <trkpt lat="19.244649" lon="98.654271">
        <ele>958.326246</ele>
        <time>2025-09-03T10:47:13.551000Z</time>
      </trkpt>
      <trkpt lat="19.24489" lon="98.654158">
        <ele>958.907553</ele>
        <time>2025-09-03T10:47:20.140000Z</time>
      </trkpt>
      <trkpt lat="19.245144" lon="98.654088">
        <ele>959.486432</ele>
        <time>2025-09-03T10:47:27.408000Z</time>
      </trkpt>
      <trkpt lat="19.245324" lon="98.654011">
        <ele>959.914599</ele>
        <time>2025-09-03T10:47:33.203000Z</time>
      </trkpt>
      <trkpt lat="19.245514" lon="98.653871">
        <ele>960.425096</ele>
        <time>2025-09-03T10:47:40.690000Z</time>
      </trkpt>
      <trkpt lat="19.245604" lon="98.653749">
        <ele>960.747499</ele>
        <time>2025-09-03T10:47:45.783000Z</time>
      </trkpt>
      <trkpt lat="19.245639" lon="98.653625">
        <ele>961.017004</ele>
        <time>2025-09-03T10:47:50.207000Z</time>
      </trkpt>
      <trkpt lat="19.245661" lon="98.653398">
        <ele>961.492182</ele>
        <time>2025-09-03T10:47:58.577000Z</time>
      </trkpt>
      <trkpt lat="19.245723" lon="98.653193">
        <ele>962.11356</ele>
        <time>2025-09-03T10:48:06.960000Z</time>
      </trkpt>
      <trkpt lat="19.245882" lon="98.653091">
        <ele>963.068555</ele>
        <time>2025-09-03T10:48:15.110000Z</time>
      </trkpt>
      <trkpt lat="19.245991" lon="98.65306">
        <ele>963.648373</ele>
        <time>2025-09-03T10:48:20.135000Z</time>
      </trkpt>
      <trkpt lat="19.246424" lon="98.653009">
        <ele>965.886603</ele>
        <time>2025-09-03T10:48:40.031000Z</time>
      </trkpt>
      <trkpt lat="19.246612" lon="98.652922">
        <ele>966.940602</ele>
        <time>2025-09-03T10:48:49.661000Z</time>
      </trkpt>
      <trkpt lat="19.246741" lon="98.652793">
        <ele>967.852031</ele>
        <time>2025-09-03T10:48:57.705000Z</time>
      </trkpt>
      <trkpt lat="19.247141" lon="98.652206">
        <ele>971.295578</ele>
        <time>2025-09-03T10:49:26.602000Z</time>
      </trkpt>
      <trkpt lat="19.247169" lon="98.652054">
        <ele>971.884003</ele>
        <time>2025-09-03T10:49:32.349000Z</time>
      </trkpt>
      <trkpt lat="19.24715" lon="98.651939">
        <ele>972.327594</ele>
        <time>2025-09-03T10:49:36.481000Z</time>
      </trkpt>
      <trkpt lat="19.247101" lon="98.651863">
        <ele>972.677272</ele>
        <time>2025-09-03T10:49:39.712000Z</time>
      </trkpt>
      <trkpt lat="19.246814" lon="98.651682">
        <ele>974.021546</ele>
        <time>2025-09-03T10:49:51.487000Z</time>
      </trkpt>
      <trkpt lat="19.246764" lon="98.651527">
        <ele>974.643909</ele>
        <time>2025-09-03T10:49:56.603000Z</time>
      </trkpt>
      <trkpt lat="19.246797" lon="98.651426">
        <ele>975.049998</ele>
        <time>2025-09-03T10:49:59.875000Z</time>
      </trkpt>
      <trkpt lat="19.247062" lon="98.651078">
        <ele>976.748752</ele>
        <time>2025-09-03T10:50:13.316000Z</time>
      </trkpt>
      <trkpt lat="19.247098" lon="98.650957">
        <ele>977.230789</ele>
        <time>2025-09-03T10:50:17.638000Z</time>
      </trkpt>
      <trkpt lat="19.247128" lon="98.650711">
        <ele>978.173249</ele>
        <time>2025-09-03T10:50:27.286000Z</time>
      </trkpt>
      <trkpt lat="19.247107" lon="98.650556">
        <ele>979.566265</ele>
        <time>2025-09-03T10:50:34.043000Z</time>
      </trkpt>
      <trkpt lat="19.247004" lon="98.650329">
        <ele>982.11787</ele>
        <time>2025-09-03T10:50:45.914000Z</time>
      </trkpt>
      <trkpt lat="19.246976" lon="98.650168">
        <ele>983.776439</ele>
        <time>2025-09-03T10:50:54.443000Z</time>
      </trkpt>
      <trkpt lat="19.246995" lon="98.650107">
        <ele>984.427208</ele>
        <time>2025-09-03T10:50:58.052000Z</time>
      </trkpt>
      <trkpt lat="19.24706" lon="98.65005">
        <ele>985.332752</ele>
        <time>2025-09-03T10:51:03.028000Z</time>
      </trkpt>
      <trkpt lat="19.247221" lon="98.650064">
        <ele>987.066258</ele>
        <time>2025-09-03T10:51:13.241000Z</time>
      </trkpt>
      <trkpt lat="19.247813" lon="98.65019">
        <ele>993.546001</ele>
        <time>2025-09-03T10:51:58.201000Z</time>
      </trkpt>
      <trkpt lat="19.247987" lon="98.650195">
        <ele>995.413884</ele>
        <time>2025-09-03T10:52:12.782000Z</time>
      </trkpt>
      <trkpt lat="19.248369" lon="98.650139">
        <ele>999.569383</ele>
        <time>2025-09-03T10:52:45.252000Z</time>
      </trkpt>
      <trkpt lat="19.248522" lon="98.650154">
        <ele>1001.232685</ele>
        <time>2025-09-03T10:52:57.566000Z</time>
      </trkpt>
      <trkpt lat="19.248672" lon="98.650238">
        <ele>1003.069399</ele>
        <time>2025-09-03T10:53:10.325000Z</time>
      </trkpt>
      <trkpt lat="19.248786" lon="98.650434">
        <ele>1005.422105</ele>
        <time>2025-09-03T10:53:25.488000Z</time>
      </trkpt>
      <trkpt lat="19.248876" lon="98.650541">
        <ele>1006.886669</ele>
        <time>2025-09-03T10:53:34.177000Z</time>
      </trkpt>
      <trkpt lat="19.24903" lon="98.650635">
        <ele>1008.810706</ele>
        <time>2025-09-03T10:53:44.856000Z</time>
      </trkpt>
      <trkpt lat="19.24915" lon="98.650667">
        <ele>1010.150239</ele>
        <time>2025-09-03T10:53:51.792000Z</time>
      </trkpt>
      <trkpt lat="19.249205" lon="98.650587">
        <ele>1011.16163</ele>
        <time>2025-09-03T10:53:56.898000Z</time>
      </trkpt>
      <trkpt lat="19.249215" lon="98.650453">
        <ele>1012.535355</ele>
        <time>2025-09-03T10:54:03.707000Z</time>
      </trkpt>
      <trkpt lat="19.249191" lon="98.650046">
        <ele>1016.702918</ele>
        <time>2025-09-03T10:54:24.503000Z</time>
      </trkpt>
      <trkpt lat="19.249269" lon="98.649899">
        <ele>1018.297518</ele>
        <time>2025-09-03T10:54:33.290000Z</time>
      </trkpt>
      <trkpt lat="19.249482" lon="98.649786">
        <ele>1020.633155</ele>
        <time>2025-09-03T10:54:46.832000Z</time>
      </trkpt>
      <trkpt lat="19.249617" lon="98.649769">
        <ele>1021.966072</ele>
        <time>2025-09-03T10:54:55.094000Z</time>
      </trkpt>
      <trkpt lat="19.249783" lon="98.649795">
        <ele>1023.611302</ele>
        <time>2025-09-03T10:55:05.857000Z</time>
      </trkpt>
      <trkpt lat="19.25031" lon="98.650109">
        <ele>1029.539594</ele>
        <time>2025-09-03T10:55:51.497000Z</time>
      </trkpt>
      <trkpt lat="19.251185" lon="98.650398">
        <ele>1034.133126</ele>
        <time>2025-09-03T10:56:44.479000Z</time>
      </trkpt>
      <trkpt lat="19.251303" lon="98.650396">
        <ele>1033.963244</ele>
        <time>2025-09-03T10:56:46.987000Z</time>
      </trkpt>
      <trkpt lat="19.25137" lon="98.650328">
        <ele>1033.829671</ele>
        <time>2025-09-03T10:56:48.600000Z</time>
      </trkpt>
      <trkpt lat="19.251389" lon="98.650223">
        <ele>1033.684378</ele>
        <time>2025-09-03T10:56:50.256000Z</time>
      </trkpt>
      <trkpt lat="19.251341" lon="98.650093">
        <ele>1033.494677</ele>
        <time>2025-09-03T10:56:52.273000Z</time>
      </trkpt>
      <trkpt lat="19.250719" lon="98.649506">
        <ele>1032.295486</ele>
        <time>2025-09-03T10:57:04.033000Z</time>
      </trkpt>
      <trkpt lat="19.25065" lon="98.649391">
        <ele>1032.110308</ele>
        <time>2025-09-03T10:57:05.874000Z</time>
      </trkpt>
      <trkpt lat="19.250636" lon="98.649261">
        <ele>1032.970522</ele>
        <time>2025-09-03T10:57:07.732000Z</time>
      </trkpt>
      <trkpt lat="19.250704" lon="98.649115">
        <ele>1034.070132</ele>
        <time>2025-09-03T10:57:10.230000Z</time>
      </trkpt>
      <trkpt lat="19.250824" lon="98.64904">
        <ele>1035.066971</ele>
        <time>2025-09-03T10:57:13.123000Z</time>
      </trkpt>
      <trkpt lat="19.250944" lon="98.649037">
        <ele>1035.925736</ele>
        <time>2025-09-03T10:57:16.789000Z</time>
      </trkpt>
      <trkpt lat="19.251243" lon="98.649096">
        <ele>1038.101699</ele>
        <time>2025-09-03T10:57:31.330000Z</time>
      </trkpt>
      <trkpt lat="19.251851" lon="98.649149">
        <ele>1042.466271</ele>
        <time>2025-09-03T10:58:18.381000Z</time>
      </trkpt>
      <trkpt lat="19.251997" lon="98.649183">
        <ele>1043.535758</ele>
        <time>2025-09-03T10:58:31.229000Z</time>
      </trkpt>
      <trkpt lat="19.252462" lon="98.649445">
        <ele>1046.941281</ele>
        <time>2025-09-03T10:59:13.775000Z</time>
      </trkpt>
      <trkpt lat="19.252773" lon="98.649551">
        <ele>1048.914757</ele>
        <time>2025-09-03T10:59:35.494000Z</time>
      </trkpt>
      <trkpt lat="19.252922" lon="98.649504">
        <ele>1049.853863</ele>
        <time>2025-09-03T10:59:44.409000Z</time>
      </trkpt>
      <trkpt lat="19.252991" lon="98.649422">
        <ele>1050.480276</ele>
        <time>2025-09-03T10:59:49.774000Z</time>
      </trkpt>
      <trkpt lat="19.253" lon="98.649345">
        <ele>1050.922739</ele>
        <time>2025-09-03T10:59:53.296000Z</time>
      </trkpt>
      <trkpt lat="19.252892" lon="98.649033">
        <ele>1052.817821</ele>
        <time>2025-09-03T11:00:05.496000Z</time>
      </trkpt>
      <trkpt lat="19.252945" lon="98.648857">
        <ele>1053.871326</ele>
        <time>2025-09-03T11:00:09.808000Z</time>
      </trkpt>
      <trkpt lat="19.253021" lon="98.648804">
        <ele>1054.42097</ele>
        <time>2025-09-03T11:00:11.543000Z</time>
      </trkpt>
      <trkpt lat="19.253115" lon="98.648796">
        <ele>1054.990613</ele>
        <time>2025-09-03T11:00:13.154000Z</time>
      </trkpt>
      <trkpt lat="19.253446" lon="98.648869">
        <ele>1055.958737</ele>
        <time>2025-09-03T11:00:18.362000Z</time>
      </trkpt>
      <trkpt lat="19.253499" lon="98.648827">
        <ele>1055.998722</ele>
        <time>2025-09-03T11:00:19.344000Z</time>
      </trkpt>
      <trkpt lat="19.253533" lon="98.648765">
        <ele>1056.039613</ele>
        <time>2025-09-03T11:00:20.344000Z</time>
      </trkpt>
      <trkpt lat="19.25348" lon="98.648623">
        <ele>1056.126696</ele>
        <time>2025-09-03T11:00:22.485000Z</time>
      </trkpt>
      <trkpt lat="19.253298" lon="98.648432">
        <ele>1056.281463</ele>
        <time>2025-09-03T11:00:26.428000Z</time>
      </trkpt>
      <trkpt lat="19.252828" lon="98.648126">
        <ele>1056.614731</ele>
        <time>2025-09-03T11:00:37.023000Z</time>
      </trkpt>
      <trkpt lat="19.252826" lon="98.648001">
        <ele>1056.686029</ele>
        <time>2025-09-03T11:00:40.991000Z</time>
      </trkpt>
      <trkpt lat="19.2529" lon="98.647847">
        <ele>1056.784578</ele>
        <time>2025-09-03T11:00:47.576000Z</time>
      </trkpt>
      <trkpt lat="19.2531" lon="98.647648">
        <ele>1057.268889</ele>
        <time>2025-09-03T11:01:01.728000Z</time>
      </trkpt>
      <trkpt lat="19.253213" lon="98.647588">
        <ele>1058.341268</ele>
        <time>2025-09-03T11:01:09.505000Z</time>
      </trkpt>
      <trkpt lat="19.253425" lon="98.647614">
        <ele>1060.151859</ele>
        <time>2025-09-03T11:01:24.341000Z</time>
      </trkpt>
      <trkpt lat="19.253624" lon="98.647667">
        <ele>1061.892693</ele>
        <time>2025-09-03T11:01:40.370000Z</time>
      </trkpt>
      <trkpt lat="19.253773" lon="98.647635">
        <ele>1063.182507</ele>
        <time>2025-09-03T11:01:52.740000Z</time>
      </trkpt>
      <trkpt lat="19.254001" lon="98.647453">
        <ele>1065.604585</ele>
        <time>2025-09-03T11:02:15.056000Z</time>
      </trkpt>
      <trkpt lat="19.254403" lon="98.647272">
        <ele>1069.31041</ele>
        <time>2025-09-03T11:02:41.739000Z</time>
      </trkpt>
      <trkpt lat="19.254496" lon="98.647186">
        <ele>1070.357769</ele>
        <time>2025-09-03T11:02:46.984000Z</time>
      </trkpt>
      <trkpt lat="19.254555" lon="98.647044">
        <ele>1071.600364</ele>
        <time>2025-09-03T11:02:52.082000Z</time>
      </trkpt>
      <trkpt lat="19.254544" lon="98.646986">
        <ele>1072.074184</ele>
        <time>2025-09-03T11:02:53.765000Z</time>
      </trkpt>
      <trkpt lat="19.254474" lon="98.646948">
        <ele>1072.291011</ele>
        <time>2025-09-03T11:02:55.595000Z</time>
      </trkpt>
      <trkpt lat="19.254382" lon="98.646935">
        <ele>1072.440629</ele>
        <time>2025-09-03T11:02:57.645000Z</time>
      </trkpt>
      <trkpt lat="19.253937" lon="98.646963">
        <ele>1073.159236</ele>
        <time>2025-09-03T11:03:05.265000Z</time>
      </trkpt>
      <trkpt lat="19.253708" lon="98.646952">
        <ele>1073.528765</ele>
        <time>2025-09-03T11:03:09.019000Z</time>
      </trkpt>
      <trkpt lat="19.253579" lon="98.646909">
        <ele>1073.746767</ele>
        <time>2025-09-03T11:03:11.278000Z</time>
      </trkpt>
      <trkpt lat="19.253441" lon="98.646806">
        <ele>1074.018902</ele>
        <time>2025-09-03T11:03:14.290000Z</time>
      </trkpt>
      <trkpt lat="19.253395" lon="98.646716">
        <ele>1074.174653</ele>
        <time>2025-09-03T11:03:16.254000Z</time>
      </trkpt>
      <trkpt lat="19.253374" lon="98.646482">
        <ele>1074.53237</ele>
        <time>2025-09-03T11:03:22.127000Z</time>
      </trkpt>
      <trkpt lat="19.253407" lon="98.646381">
        <ele>1074.695022</ele>
        <time>2025-09-03T11:03:25.713000Z</time>
      </trkpt>
      <trkpt lat="19.253834" lon="98.646064">
        <ele>1078.241194</ele>
        <time>2025-09-03T11:03:52.900000Z</time>
      </trkpt>
      <trkpt lat="19.254229" lon="98.64557">
        <ele>1085.139215</ele>
        <time>2025-09-03T11:04:38.184000Z</time>
      </trkpt>
      <trkpt lat="19.254487" lon="98.645433">
        <ele>1088.396581</ele>
        <time>2025-09-03T11:05:00.583000Z</time>
      </trkpt>
      <trkpt lat="19.254669" lon="98.645307">
        <ele>1090.850578</ele>
        <time>2025-09-03T11:05:17.065000Z</time>
      </trkpt>
      <trkpt lat="19.254894" lon="98.645058">
        <ele>1094.523225</ele>
        <time>2025-09-03T11:05:40.965000Z</time>
      </trkpt>
      <trkpt lat="19.255049" lon="98.64485">
        <ele>1097.373407</ele>
        <time>2025-09-03T11:05:58.550000Z</time>
      </trkpt>
      <trkpt lat="19.25514" lon="98.644678">
        <ele>1099.50281</ele>
        <time>2025-09-03T11:06:11.212000Z</time>
      </trkpt>
      <trkpt lat="19.255279" lon="98.644327">
        <ele>1103.613582</ele>
        <time>2025-09-03T11:06:35.307000Z</time>
      </trkpt>
      <trkpt lat="19.255371" lon="98.644172">
        <ele>1105.59093</ele>
        <time>2025-09-03T11:06:46.859000Z</time>
      </trkpt>
      <trkpt lat="19.255463" lon="98.644084">
        <ele>1107.009002</ele>
        <time>2025-09-03T11:06:55.250000Z</time>
      </trkpt>
      <trkpt lat="19.255819" lon="98.644057">
        <ele>1111.092016</ele>
        <time>2025-09-03T11:07:19.888000Z</time>
      </trkpt>
      <trkpt lat="19.255873" lon="98.643953">
        <ele>1112.373876</ele>
        <time>2025-09-03T11:07:27.826000Z</time>
      </trkpt>
      <trkpt lat="19.25591" lon="98.643586">
        <ele>1116.112135</ele>
        <time>2025-09-03T11:07:52.523000Z</time>
      </trkpt>
      <trkpt lat="19.255901" lon="98.643006">
        <ele>1118.479232</ele>
        <time>2025-09-03T11:08:25.881000Z</time>
      </trkpt>
      <trkpt lat="19.255814" lon="98.642637">
        <ele>1120.031241</ele>
        <time>2025-09-03T11:08:41.247000Z</time>
      </trkpt>
      <trkpt lat="19.255768" lon="98.642544">
        <ele>1120.459675</ele>
        <time>2025-09-03T11:08:44.505000Z</time>
      </trkpt>
      <trkpt lat="19.255707" lon="98.642481">
        <ele>1120.827932</ele>
        <time>2025-09-03T11:08:47.004000Z</time>
      </trkpt>
      <trkpt lat="19.25565" lon="98.64246">
        <ele>1121.08879</ele>
        <time>2025-09-03T11:08:48.626000Z</time>
      </trkpt>
      <trkpt lat="19.255563" lon="98.642481">
        <ele>1121.474485</ele>
        <time>2025-09-03T11:08:50.782000Z</time>
      </trkpt>
      <trkpt lat="19.255515" lon="98.642536">
        <ele>1121.78013</ele>
        <time>2025-09-03T11:08:52.261000Z</time>
      </trkpt>
      <trkpt lat="19.255482" lon="98.642771">
        <ele>1122.749636</ele>
        <time>2025-09-03T11:08:56.459000Z</time>
      </trkpt>
      <trkpt lat="19.255552" lon="98.643125">
        <ele>1123.974266</ele>
        <time>2025-09-03T11:09:02.330000Z</time>
      </trkpt>
      <trkpt lat="19.25548" lon="98.643257">
        <ele>1124.27691</ele>
        <time>2025-09-03T11:09:04.821000Z</time>
      </trkpt>
      <trkpt lat="19.2554" lon="98.643303">
        <ele>1124.468326</ele>
        <time>2025-09-03T11:09:06.446000Z</time>
      </trkpt>
      <trkpt lat="19.25529" lon="98.643338">
        <ele>1124.70985</ele>
        <time>2025-09-03T11:09:08.584000Z</time>
      </trkpt>
      <trkpt lat="19.255122" lon="98.643313">
        <ele>1125.066599</ele>
        <time>2025-09-03T11:09:12.107000Z</time>
      </trkpt>
      <trkpt lat="19.25487" lon="98.643233">
        <ele>1125.619807</ele>
        <time>2025-09-03T11:09:19.730000Z</time>
      </trkpt>
      <trkpt lat="19.254793" lon="98.643243">
        <ele>1125.782939</ele>
        <time>2025-09-03T11:09:22.596000Z</time>
      </trkpt>
      <trkpt lat="19.254667" lon="98.643441">
        <ele>1126.256977</ele>
        <time>2025-09-03T11:09:32.125000Z</time>
      </trkpt>
      <trkpt lat="19.2546" lon="98.643501">
        <ele>1126.441472</ele>
        <time>2025-09-03T11:09:36.294000Z</time>
      </trkpt>
      <trkpt lat="19.25447" lon="98.643472">
        <ele>1126.72084</ele>
        <time>2025-09-03T11:09:42.620000Z</time>
      </trkpt>
      <trkpt lat="19.254373" lon="98.643392">
        <ele>1126.979355</ele>
        <time>2025-09-03T11:09:48.453000Z</time>
      </trkpt>
      <trkpt lat="19.254213" lon="98.643172">
        <ele>1127.501943</ele>
        <time>2025-09-03T11:10:00.364000Z</time>
      </trkpt>
      <trkpt lat="19.254111" lon="98.643109">
        <ele>1127.164279</ele>
        <time>2025-09-03T11:10:05.192000Z</time>
      </trkpt>
      <trkpt lat="19.253999" lon="98.643097">
        <ele>1126.84235</ele>
        <time>2025-09-03T11:10:09.401000Z</time>
      </trkpt>
      <trkpt lat="19.253761" lon="98.643209">
        <ele>1126.097578</ele>
        <time>2025-09-03T11:10:17.272000Z</time>
      </trkpt>
      <trkpt lat="19.253675" lon="98.643302">
        <ele>1125.74611</ele>
        <time>2025-09-03T11:10:19.803000Z</time>
      </trkpt>
      <trkpt lat="19.253432" lon="98.643735">
        <ele>1124.386133</ele>
        <time>2025-09-03T11:10:27.160000Z</time>
      </trkpt>
      <trkpt lat="19.253388" lon="98.643891">
        <ele>1123.946566</ele>
        <time>2025-09-03T11:10:29.327000Z</time>
      </trkpt>
      <trkpt lat="19.253354" lon="98.644186">
        <ele>1123.144204</ele>
        <time>2025-09-03T11:10:33.201000Z</time>
      </trkpt>
      <trkpt lat="19.253297" lon="98.644302">
        <ele>1122.791141</ele>
        <time>2025-09-03T11:10:34.900000Z</time>
      </trkpt>
      <trkpt lat="19.253177" lon="98.644368">
        <ele>1122.404465</ele>
        <time>2025-09-03T11:10:36.765000Z</time>
      </trkpt>
      <trkpt lat="19.252816" lon="98.644259">
        <ele>1123.197436</ele>
        <time>2025-09-03T11:10:42.171000Z</time>
      </trkpt>
      <trkpt lat="19.252635" lon="98.644294">
        <ele>1123.612119</ele>
        <time>2025-09-03T11:10:45.091000Z</time>
      </trkpt>
      <trkpt lat="19.252518" lon="98.644246">
        <ele>1123.894903</ele>
        <time>2025-09-03T11:10:47.399000Z</time>
      </trkpt>
      <trkpt lat="19.252408" lon="98.644143">
        <ele>1124.225804</ele>
        <time>2025-09-03T11:10:51.098000Z</time>
      </trkpt>
      <trkpt lat="19.252069" lon="98.643374">
        <ele>1126.031657</ele>
        <time>2025-09-03T11:11:32.198000Z</time>
      </trkpt>
      <trkpt lat="19.252001" lon="98.643279">
        <ele>1126.285327</ele>
        <time>2025-09-03T11:11:39.821000Z</time>
      </trkpt>
      <trkpt lat="19.251795" lon="98.643125">
        <ele>1127.045804</ele>
        <time>2025-09-03T11:11:57.011000Z</time>
      </trkpt>
      <trkpt lat="19.251691" lon="98.642936">
        <ele>1127.721786</ele>
        <time>2025-09-03T11:12:10.030000Z</time>
      </trkpt>
      <trkpt lat="19.251581" lon="98.64263">
        <ele>1128.733569</ele>
        <time>2025-09-03T11:12:26.654000Z</time>
      </trkpt>
      <trkpt lat="19.251508" lon="98.642499">
        <ele>1129.203623</ele>
        <time>2025-09-03T11:12:33.119000Z</time>
      </trkpt>
      <trkpt lat="19.251211" lon="98.642253">
        <ele>1130.43765</ele>
        <time>2025-09-03T11:12:45.134000Z</time>
      </trkpt>
      <trkpt lat="19.25099" lon="98.642161">
        <ele>1131.214861</ele>
        <time>2025-09-03T11:12:49.518000Z</time>
      </trkpt>
      <trkpt lat="19.250918" lon="98.642167">
        <ele>1131.451251</ele>
        <time>2025-09-03T11:12:50.745000Z</time>
      </trkpt>
      <trkpt lat="19.250856" lon="98.642206">
        <ele>1131.687269</ele>
        <time>2025-09-03T11:12:51.899000Z</time>
      </trkpt>
      <trkpt lat="19.250676" lon="98.642432">
        <ele>1132.37624</ele>
        <time>2025-09-03T11:12:56.172000Z</time>
      </trkpt>
      <trkpt lat="19.250595" lon="98.642449">
        <ele>1132.433594</ele>
        <time>2025-09-03T11:12:57.399000Z</time>
      </trkpt>
      <trkpt lat="19.250544" lon="98.642419">
        <ele>1132.474113</ele>
        <time>2025-09-03T11:12:58.242000Z</time>
      </trkpt>
      <trkpt lat="19.250304" lon="98.64215">
        <ele>1132.716811</ele>
        <time>2025-09-03T11:13:03.414000Z</time>
      </trkpt>
      <trkpt lat="19.249905" lon="98.64204">
        <ele>1133.003179</ele>
        <time>2025-09-03T11:13:10.167000Z</time>
      </trkpt>
      <trkpt lat="19.249839" lon="98.64189">
        <ele>1133.111698</ele>
        <time>2025-09-03T11:13:13.615000Z</time>
      </trkpt>
      <trkpt lat="19.249854" lon="98.641718">
        <ele>1133.224965</ele>
        <time>2025-09-03T11:13:18.624000Z</time>
      </trkpt>
      <trkpt lat="19.24992" lon="98.641444">
        <ele>1133.410393</ele>
        <time>2025-09-03T11:13:30.352000Z</time>
      </trkpt>
      <trkpt lat="19.24993" lon="98.641235">
        <ele>1133.547619</ele>
        <time>2025-09-03T11:13:41.810000Z</time>
      </trkpt>
      <trkpt lat="19.249996" lon="98.640989">
        <ele>1135.580534</ele>
        <time>2025-09-03T11:13:57.968000Z</time>
      </trkpt>
      <trkpt lat="19.250135" lon="98.640836">
        <ele>1137.447475</ele>
        <time>2025-09-03T11:14:12.408000Z</time>
      </trkpt>
      <trkpt lat="19.250464" lon="98.640309">
        <ele>1143.002516</ele>
        <time>2025-09-03T11:14:55.742000Z</time>
      </trkpt>
      <trkpt lat="19.250549" lon="98.640252">
        <ele>1143.939438</ele>
        <time>2025-09-03T11:15:02.194000Z</time>
      </trkpt>
      <trkpt lat="19.250634" lon="98.640236">
        <ele>1144.743458</ele>
        <time>2025-09-03T11:15:07.375000Z</time>
      </trkpt>
      <trkpt lat="19.25089" lon="98.640236">
        <ele>1147.12762</ele>
        <time>2025-09-03T11:15:21.528000Z</time>
      </trkpt>
      <trkpt lat="19.250992" lon="98.640134">
        <ele>1148.434017</ele>
        <time>2025-09-03T11:15:28.681000Z</time>
      </trkpt>
      <trkpt lat="19.251038" lon="98.639987">
        <ele>1149.795646</ele>
        <time>2025-09-03T11:15:35.647000Z</time>
      </trkpt>
      <trkpt lat="19.251054" lon="98.639816">
        <ele>1150.798231</ele>
        <time>2025-09-03T11:15:42.979000Z</time>
      </trkpt>
      <trkpt lat="19.251032" lon="98.639657">
        <ele>1151.486115</ele>
        <time>2025-09-03T11:15:49.575000Z</time>
      </trkpt>
      <trkpt lat="19.250924" lon="98.639267">
        <ele>1153.225879</ele>
        <time>2025-09-03T11:16:04.846000Z</time>
      </trkpt>
      <trkpt lat="19.250932" lon="98.638902">
        <ele>1154.788714</ele>
        <time>2025-09-03T11:16:17.336000Z</time>
      </trkpt>
      <trkpt lat="19.251004" lon="98.638778">
        <ele>1155.411863</ele>
        <time>2025-09-03T11:16:21.995000Z</time>
      </trkpt>
      <trkpt lat="19.251067" lon="98.638726">
        <ele>1155.773998</ele>
        <time>2025-09-03T11:16:24.692000Z</time>
      </trkpt>
      <trkpt lat="19.25132" lon="98.638621">
        <ele>1157.006039</ele>
        <time>2025-09-03T11:16:33.902000Z</time>
      </trkpt>
      <trkpt lat="19.251372" lon="98.638562">
        <ele>1157.351543</ele>
        <time>2025-09-03T11:16:36.603000Z</time>
      </trkpt>
      <trkpt lat="19.251403" lon="98.638372">
        <ele>1158.176908</ele>
        <time>2025-09-03T11:16:43.611000Z</time>
      </trkpt>
      <trkpt lat="19.251309" lon="98.638019">
        <ele>1160.761356</ele>
        <time>2025-09-03T11:16:58.664000Z</time>
      </trkpt>
      <trkpt lat="19.251303" lon="98.637873">
        <ele>1161.884379</ele>
        <time>2025-09-03T11:17:05.295000Z</time>
      </trkpt>
      <trkpt lat="19.251334" lon="98.637651">
        <ele>1163.608934</ele>
        <time>2025-09-03T11:17:15.883000Z</time>
      </trkpt>
      <trkpt lat="19.251495" lon="98.6373">
        <ele>1166.607758</ele>
        <time>2025-09-03T11:17:35.263000Z</time>
      </trkpt>
      <trkpt lat="19.251614" lon="98.637161">
        <ele>1168.049715</ele>
        <time>2025-09-03T11:17:45.038000Z</time>
      </trkpt>
      <trkpt lat="19.251771" lon="98.637137">
        <ele>1169.340908</ele>
        <time>2025-09-03T11:17:54.273000Z</time>
      </trkpt>
      <trkpt lat="19.252588" lon="98.637381">
        <ele>1177.358965</ele>
        <time>2025-09-03T11:18:52.296000Z</time>
      </trkpt>
      <trkpt lat="19.252718" lon="98.63744">
        <ele>1178.916797</ele>
        <time>2025-09-03T11:19:03.235000Z</time>
      </trkpt>
      <trkpt lat="19.252819" lon="98.637538">
        <ele>1180.4255</ele>
        <time>2025-09-03T11:19:13.870000Z</time>
      </trkpt>
      <trkpt lat="19.252857" lon="98.637698">
        <ele>1182.141151</ele>
        <time>2025-09-03T11:19:25.919000Z</time>
      </trkpt>
      <trkpt lat="19.252747" lon="98.638428">
        <ele>1189.828372</ele>
        <time>2025-09-03T11:20:14.490000Z</time>
      </trkpt>
      <trkpt lat="19.252741" lon="98.638763">
        <ele>1193.133834</ele>
        <time>2025-09-03T11:20:32.369000Z</time>
      </trkpt>
      <trkpt lat="19.252771" lon="98.638901">
        <ele>1193.929561</ele>
        <time>2025-09-03T11:20:39.035000Z</time>
      </trkpt>
      <trkpt lat="19.252838" lon="98.638992">
        <ele>1194.578015</ele>
        <time>2025-09-03T11:20:44.138000Z</time>
      </trkpt>
      <trkpt lat="19.252926" lon="98.639038">
        <ele>1195.162095</ele>
        <time>2025-09-03T11:20:48.477000Z</time>
      </trkpt>
      <trkpt lat="19.25304" lon="98.639053">
        <ele>1195.845834</ele>
        <time>2025-09-03T11:20:53.472000Z</time>
      </trkpt>
      <trkpt lat="19.253516" lon="98.638738">
        <ele>1199.186432</ele>
        <time>2025-09-03T11:21:16.649000Z</time>
      </trkpt>
      <trkpt lat="19.253896" lon="98.638569">
        <ele>1201.639447</ele>
        <time>2025-09-03T11:21:34.389000Z</time>
      </trkpt>
      <trkpt lat="19.254101" lon="98.638502">
        <ele>1202.916361</ele>
        <time>2025-09-03T11:21:44.071000Z</time>
      </trkpt>
      <trkpt lat="19.254184" lon="98.638524">
        <ele>1203.425606</ele>
        <time>2025-09-03T11:21:47.919000Z</time>
      </trkpt>
      <trkpt lat="19.254245" lon="98.638561">
        <ele>1203.741806</ele>
        <time>2025-09-03T11:21:51.152000Z</time>
      </trkpt>
      <trkpt lat="19.25426" lon="98.638709">
        <ele>1204.180415</ele>
        <time>2025-09-03T11:21:57.552000Z</time>
      </trkpt>
      <trkpt lat="19.254156" lon="98.639098">
        <ele>1205.371734</ele>
        <time>2025-09-03T11:22:14.578000Z</time>
      </trkpt>
      <trkpt lat="19.254169" lon="98.639323">
        <ele>1206.035969</ele>
        <time>2025-09-03T11:22:23.596000Z</time>
      </trkpt>
      <trkpt lat="19.254227" lon="98.639379">
        <ele>1206.28092</ele>
        <time>2025-09-03T11:22:26.806000Z</time>
      </trkpt>
      <trkpt lat="19.254324" lon="98.639409">
        <ele>1206.59632</ele>
        <time>2025-09-03T11:22:30.788000Z</time>
      </trkpt>
      <trkpt lat="19.254759" lon="98.639503">
        <ele>1207.982018</ele>
        <time>2025-09-03T11:22:45.675000Z</time>
      </trkpt>
      <trkpt lat="19.255009" lon="98.6398">
        <ele>1209.154521</ele>
        <time>2025-09-03T11:22:53.884000Z</time>
      </trkpt>
      <trkpt lat="19.255128" lon="98.639894">
        <ele>1209.328195</ele>
        <time>2025-09-03T11:22:56.580000Z</time>
      </trkpt>
      <trkpt lat="19.255226" lon="98.6399">
        <ele>1209.397761</ele>
        <time>2025-09-03T11:22:58.325000Z</time>
      </trkpt>
      <trkpt lat="19.255306" lon="98.639854">
        <ele>1209.46227</ele>
        <time>2025-09-03T11:22:59.875000Z</time>
      </trkpt>
      <trkpt lat="19.255455" lon="98.639661">
        <ele>1209.629071</ele>
        <time>2025-09-03T11:23:03.983000Z</time>
      </trkpt>
      <trkpt lat="19.255557" lon="98.6391">
        <ele>1210.011296</ele>
        <time>2025-09-03T11:23:14.024000Z</time>
      </trkpt>
      <trkpt lat="19.255611" lon="98.638909">
        <ele>1210.144689</ele>
        <time>2025-09-03T11:23:18.742000Z</time>
      </trkpt>
      <trkpt lat="19.255739" lon="98.638808">
        <ele>1210.257801</ele>
        <time>2025-09-03T11:23:23.397000Z</time>
      </trkpt>
      <trkpt lat="19.255904" lon="98.638805">
        <ele>1210.37475</ele>
        <time>2025-09-03T11:23:28.843000Z</time>
      </trkpt>
      <trkpt lat="19.256144" lon="98.638862">
        <ele>1210.863507</ele>
        <time>2025-09-03T11:23:38.391000Z</time>
      </trkpt>
      <trkpt lat="19.25624" lon="98.638784">
        <ele>1211.810975</ele>
        <time>2025-09-03T11:23:43.638000Z</time>
      </trkpt>
      <trkpt lat="19.256314" lon="98.638647">
        <ele>1212.977869</ele>
        <time>2025-09-03T11:23:50.640000Z</time>
      </trkpt>
      <trkpt lat="19.256423" lon="98.638346">
        <ele>1215.361232</ele>
        <time>2025-09-03T11:24:06.646000Z</time>
      </trkpt>
      <trkpt lat="19.25654" lon="98.638287">
        <ele>1216.375991</ele>
        <time>2025-09-03T11:24:13.895000Z</time>
      </trkpt>
      <trkpt lat="19.256648" lon="98.638338">
        <ele>1217.30198</ele>
        <time>2025-09-03T11:24:20.630000Z</time>
      </trkpt>
      <trkpt lat="19.25683" lon="98.638687">
        <ele>1220.249583</ele>
        <time>2025-09-03T11:24:42.700000Z</time>
      </trkpt>
      <trkpt lat="19.257122" lon="98.638911">
        <ele>1223.072913</ele>
        <time>2025-09-03T11:25:04.385000Z</time>
      </trkpt>
      <trkpt lat="19.257423" lon="98.638961">
        <ele>1225.69925</ele>
        <time>2025-09-03T11:25:22.705000Z</time>
      </trkpt>
      <trkpt lat="19.257833" lon="98.638864">
        <ele>1229.913115</ele>
        <time>2025-09-03T11:25:48.392000Z</time>
      </trkpt>
      <trkpt lat="19.257942" lon="98.638878">
        <ele>1231.014457</ele>
        <time>2025-09-03T11:25:55.251000Z</time>
      </trkpt>
      <trkpt lat="19.258003" lon="98.638939">
        <ele>1231.855903</ele>
        <time>2025-09-03T11:26:00.594000Z</time>
      </trkpt>
      <trkpt lat="19.258056" lon="98.639076">
        <ele>1233.257899</ele>
        <time>2025-09-03T11:26:09.474000Z</time>
      </trkpt>
      <trkpt lat="19.258086" lon="98.639296">
        <ele>1235.362766</ele>
        <time>2025-09-03T11:26:22.980000Z</time>
      </trkpt>
      <trkpt lat="19.25807" lon="98.639324">
        <ele>1235.672695</ele>
        <time>2025-09-03T11:26:25.001000Z</time>
      </trkpt>
      <trkpt lat="19.258124" lon="98.639438">
        <ele>1236.880464</ele>
        <time>2025-09-03T11:26:32.990000Z</time>
      </trkpt>
      <trkpt lat="19.258183" lon="98.639543">
        <ele>1238.037536</ele>
        <time>2025-09-03T11:26:40.614000Z</time>
      </trkpt>
      <trkpt lat="19.258369" lon="98.639662">
        <ele>1240.217117</ele>
        <time>2025-09-03T11:26:54.741000Z</time>
      </trkpt>
      <trkpt lat="19.259048" lon="98.63961">
        <ele>1245.640459</ele>
        <time>2025-09-03T11:27:36.368000Z</time>
      </trkpt>
      <trkpt lat="19.259209" lon="98.639645">
        <ele>1246.762686</ele>
        <time>2025-09-03T11:27:45.876000Z</time>
      </trkpt>
      <trkpt lat="19.259383" lon="98.639645">
        <ele>1247.950767</ele>
        <time>2025-09-03T11:27:55.680000Z</time>
      </trkpt>
      <trkpt lat="19.259497" lon="98.63958">
        <ele>1248.834765</ele>
        <time>2025-09-03T11:28:02.781000Z</time>
      </trkpt>
      <trkpt lat="19.259598" lon="98.639478">
        <ele>1249.787591</ele>
        <time>2025-09-03T11:28:10.168000Z</time>
      </trkpt>
      <trkpt lat="19.259646" lon="98.639352">
        <ele>1250.663412</ele>
        <time>2025-09-03T11:28:16.583000Z</time>
      </trkpt>
      <trkpt lat="19.259712" lon="98.639052">
        <ele>1252.649</ele>
        <time>2025-09-03T11:28:29.431000Z</time>
      </trkpt>
      <trkpt lat="19.25979" lon="98.638987">
        <ele>1253.326642</ele>
        <time>2025-09-03T11:28:33.164000Z</time>
      </trkpt>
      <trkpt lat="19.260049" lon="98.638931">
        <ele>1255.10417</ele>
        <time>2025-09-03T11:28:41.311000Z</time>
      </trkpt>
      <trkpt lat="19.260355" lon="98.638942">
        <ele>1256.916528</ele>
        <time>2025-09-03T11:28:48.988000Z</time>
      </trkpt>
      <trkpt lat="19.260479" lon="98.638872">
        <ele>1257.748248</ele>
        <time>2025-09-03T11:28:52.768000Z</time>
      </trkpt>
      <trkpt lat="19.260569" lon="98.638744">
        <ele>1258.640109</ele>
        <time>2025-09-03T11:28:57.105000Z</time>
      </trkpt>
      <trkpt lat="19.260613" lon="98.638548">
        <ele>1259.765901</ele>
        <time>2025-09-03T11:29:03.665000Z</time>
      </trkpt>
      <trkpt lat="19.260589" lon="98.638096">
        <ele>1262.295675</ele>
        <time>2025-09-03T11:29:23.834000Z</time>
      </trkpt>
      <trkpt lat="19.260646" lon="98.637984">
        <ele>1263.006686</ele>
        <time>2025-09-03T11:29:30.686000Z</time>
      </trkpt>
      <trkpt lat="19.260917" lon="98.637746">
        <ele>1265.090436</ele>
        <time>2025-09-03T11:29:52.685000Z</time>
      </trkpt>
      <trkpt lat="19.261049" lon="98.637743">
        <ele>1266.10637</ele>
        <time>2025-09-03T11:30:01.384000Z</time>
      </trkpt>
      <trkpt lat="19.261163" lon="98.637805">
        <ele>1267.458551</ele>
        <time>2025-09-03T11:30:10.188000Z</time>
      </trkpt>
      <trkpt lat="19.261346" lon="98.638016">
        <ele>1270.312711</ele>
        <time>2025-09-03T11:30:29.792000Z</time>
      </trkpt>
      <trkpt lat="19.261591" lon="98.63817">
        <ele>1273.318769</ele>
        <time>2025-09-03T11:30:51.439000Z</time>
      </trkpt>
      <trkpt lat="19.261684" lon="98.638167">
        <ele>1274.30054</ele>
        <time>2025-09-03T11:30:58.473000Z</time>
      </trkpt>
      <trkpt lat="19.261763" lon="98.63811">
        <ele>1275.309128</ele>
        <time>2025-09-03T11:31:05.686000Z</time>
      </trkpt>
      <trkpt lat="19.26186" lon="98.637817">
        <ele>1278.401998</ele>
        <time>2025-09-03T11:31:26.904000Z</time>
      </trkpt>
      <trkpt lat="19.261881" lon="98.637557">
        <ele>1281.001346</ele>
        <time>2025-09-03T11:31:42.564000Z</time>
      </trkpt>
      <trkpt lat="19.261927" lon="98.63737">
        <ele>1282.926272</ele>
        <time>2025-09-03T11:31:52.704000Z</time>
      </trkpt>
      <trkpt lat="19.262016" lon="98.637236">
        <ele>1284.554327</ele>
        <time>2025-09-03T11:32:00.414000Z</time>
      </trkpt>
      <trkpt lat="19.262246" lon="98.637064">
        <ele>1285.826731</ele>
        <time>2025-09-03T11:32:12.720000Z</time>
      </trkpt>
      <trkpt lat="19.262311" lon="98.636968">
        <ele>1286.330768</ele>
        <time>2025-09-03T11:32:17.269000Z</time>
      </trkpt>
      <trkpt lat="19.262353" lon="98.636785">
        <ele>1287.13427</ele>
        <time>2025-09-03T11:32:24.280000Z</time>
      </trkpt>
      <trkpt lat="19.262267" lon="98.636348">
        <ele>1289.03879</ele>
        <time>2025-09-03T11:32:40.627000Z</time>
      </trkpt>
      <trkpt lat="19.262343" lon="98.635919">
        <ele>1290.901046</ele>
        <time>2025-09-03T11:32:56.797000Z</time>
      </trkpt>
      <trkpt lat="19.262244" lon="98.635554">
        <ele>1292.521301</ele>
        <time>2025-09-03T11:33:09.762000Z</time>
      </trkpt>
      <trkpt lat="19.26215" lon="98.635455">
        <ele>1292.954558</ele>
        <time>2025-09-03T11:33:14.147000Z</time>
      </trkpt>
      <trkpt lat="19.261917" lon="98.635414">
        <ele>1293.619888</ele>
        <time>2025-09-03T11:33:21.404000Z</time>
      </trkpt>
      <trkpt lat="19.261803" lon="98.635368">
        <ele>1293.963523</ele>
        <time>2025-09-03T11:33:24.910000Z</time>
      </trkpt>
      <trkpt lat="19.261749" lon="98.6353">
        <ele>1294.199819</ele>
        <time>2025-09-03T11:33:27.248000Z</time>
      </trkpt>
      <trkpt lat="19.261715" lon="98.634841">
        <ele>1295.424147</ele>
        <time>2025-09-03T11:33:38.624000Z</time>
      </trkpt>
      <trkpt lat="19.26167" lon="98.634739">
        <ele>1295.723545</ele>
        <time>2025-09-03T11:33:41.510000Z</time>
      </trkpt>
      <trkpt lat="19.26156" lon="98.634644">
        <ele>1296.123334</ele>
        <time>2025-09-03T11:33:45.667000Z</time>
      </trkpt>
      <trkpt lat="19.261255" lon="98.634471">
        <ele>1297.097902</ele>
        <time>2025-09-03T11:33:57.377000Z</time>
      </trkpt>
      <trkpt lat="19.26117" lon="98.634371">
        <ele>1297.455734</ele>
        <time>2025-09-03T11:34:02.258000Z</time>
      </trkpt>
      <trkpt lat="19.261152" lon="98.634235">
        <ele>1297.907517</ele>
        <time>2025-09-03T11:34:07.676000Z</time>
      </trkpt>
      <trkpt lat="19.26122" lon="98.634115">
        <ele>1298.714522</ele>
        <time>2025-09-03T11:34:13.683000Z</time>
      </trkpt>
      <trkpt lat="19.261422" lon="98.633977">
        <ele>1300.182648</ele>
        <time>2025-09-03T11:34:25.616000Z</time>
      </trkpt>
      <trkpt lat="19.26172" lon="98.633907">
        <ele>1302.047012</ele>
        <time>2025-09-03T11:34:41.935000Z</time>
      </trkpt>
      <trkpt lat="19.261877" lon="98.633999">
        <ele>1303.142896</ele>
        <time>2025-09-03T11:34:51.925000Z</time>
      </trkpt>
      <trkpt lat="19.262047" lon="98.634275">
        <ele>1305.043087</ele>
        <time>2025-09-03T11:35:09.164000Z</time>
      </trkpt>
      <trkpt lat="19.26213" lon="98.634358">
        <ele>1305.740251</ele>
        <time>2025-09-03T11:35:15.301000Z</time>
      </trkpt>
      <trkpt lat="19.262302" lon="98.634453">
        <ele>1306.925036</ele>
        <time>2025-09-03T11:35:25.149000Z</time>
      </trkpt>
      <trkpt lat="19.262723" lon="98.634363">
        <ele>1308.767418</ele>
        <time>2025-09-03T11:35:42.922000Z</time>
      </trkpt>
      <trkpt lat="19.263004" lon="98.634248">
        <ele>1308.845708</ele>
        <time>2025-09-03T11:35:51.557000Z</time>
      </trkpt>
      <trkpt lat="19.263234" lon="98.634076">
        <ele>1308.918877</ele>
        <time>2025-09-03T11:35:57.207000Z</time>
      </trkpt>
      <trkpt lat="19.263873" lon="98.633404">
        <ele>1309.152886</ele>
        <time>2025-09-03T11:36:12.936000Z</time>
      </trkpt>
      <trkpt lat="19.264024" lon="98.633312">
        <ele>1309.198157</ele>
        <time>2025-09-03T11:36:16.119000Z</time>
      </trkpt>
      <trkpt lat="19.26414" lon="98.633261">
        <ele>1309.446865</ele>
        <time>2025-09-03T11:36:18.508000Z</time>
      </trkpt>
      <trkpt lat="19.265255" lon="98.63328">
        <ele>1311.780782</ele>
        <time>2025-09-03T11:36:54.057000Z</time>
      </trkpt>
      <trkpt lat="19.265518" lon="98.633151">
        <ele>1312.387365</ele>
        <time>2025-09-03T11:37:05.618000Z</time>
      </trkpt>
      <trkpt lat="19.265806" lon="98.632713">
        <ele>1312.731185</ele>
        <time>2025-09-03T11:37:23.785000Z</time>
      </trkpt>
      <trkpt lat="19.265971" lon="98.632609">
        <ele>1312.534704</ele>
        <time>2025-09-03T11:37:29.875000Z</time>
      </trkpt>
      <trkpt lat="19.266434" lon="98.632468">
        <ele>1312.041705</ele>
        <time>2025-09-03T11:37:42.390000Z</time>
      </trkpt>
      <trkpt lat="19.266632" lon="98.632354">
        <ele>1311.811089</ele>
        <time>2025-09-03T11:37:46.710000Z</time>
      </trkpt>
      <trkpt lat="19.266852" lon="98.632183">
        <ele>1311.53185</ele>
        <time>2025-09-03T11:37:51.324000Z</time>
      </trkpt>
      <trkpt lat="19.267503" lon="98.631416">
        <ele>1306.994787</ele>
        <time>2025-09-03T11:38:05.493000Z</time>
      </trkpt>
      <trkpt lat="19.267761" lon="98.631188">
        <ele>1304.58238</ele>
        <time>2025-09-03T11:38:10.191000Z</time>
      </trkpt>
      <trkpt lat="19.268142" lon="98.630913">
        <ele>1301.272142</ele>
        <time>2025-09-03T11:38:16.633000Z</time>
      </trkpt>
      <trkpt lat="19.268382" lon="98.630691">
        <ele>1298.98445</ele>
        <time>2025-09-03T11:38:21.096000Z</time>
      </trkpt>
      <trkpt lat="19.268632" lon="98.630413">
        <ele>1297.264732</ele>
        <time>2025-09-03T11:38:26.221000Z</time>
      </trkpt>
      <trkpt lat="19.268892" lon="98.630035">
        <ele>1295.625774</ele>
        <time>2025-09-03T11:38:32.661000Z</time>
      </trkpt>
      <trkpt lat="19.269116" lon="98.62934">
        <ele>1293.052262</ele>
        <time>2025-09-03T11:38:43.833000Z</time>
      </trkpt>
      <trkpt lat="19.269146" lon="98.629034">
        <ele>1291.974189</ele>
        <time>2025-09-03T11:38:49.491000Z</time>
      </trkpt>
      <trkpt lat="19.269262" lon="98.628609">
        <ele>1292.555536</ele>
        <time>2025-09-03T11:39:00.246000Z</time>
      </trkpt>
      <trkpt lat="19.269637" lon="98.627894">
        <ele>1295.199874</ele>
        <time>2025-09-03T11:39:30.474000Z</time>
      </trkpt>
      <trkpt lat="19.269815" lon="98.62765">
        <ele>1296.196804</ele>
        <time>2025-09-03T11:39:43.811000Z</time>
      </trkpt>
      <trkpt lat="19.270162" lon="98.627446">
        <ele>1297.555932</ele>
        <time>2025-09-03T11:40:01.563000Z</time>
      </trkpt>
      <trkpt lat="19.270255" lon="98.627349">
        <ele>1297.691785</ele>
        <time>2025-09-03T11:40:06.759000Z</time>
      </trkpt>
      <trkpt lat="19.270305" lon="98.627112">
        <ele>1297.689823</ele>
        <time>2025-09-03T11:40:15.100000Z</time>
      </trkpt>
      <trkpt lat="19.270277" lon="98.626503">
        <ele>1297.684896</ele>
        <time>2025-09-03T11:40:30.067000Z</time>
      </trkpt>
      <trkpt lat="19.270149" lon="98.625877">
        <ele>1297.679721</ele>
        <time>2025-09-03T11:40:40.354000Z</time>
      </trkpt>
      <trkpt lat="19.270162" lon="98.62572">
        <ele>1297.678448</ele>
        <time>2025-09-03T11:40:42.779000Z</time>
      </trkpt>
      <trkpt lat="19.270277" lon="98.625314">
        <ele>1296.931561</ele>
        <time>2025-09-03T11:40:49.366000Z</time>
      </trkpt>
      <trkpt lat="19.270306" lon="98.625062">
        <ele>1296.217744</ele>
        <time>2025-09-03T11:40:53.401000Z</time>
      </trkpt>
      <trkpt lat="19.270356" lon="98.624851">
        <ele>1295.606047</ele>
        <time>2025-09-03T11:40:56.871000Z</time>
      </trkpt>
      <trkpt lat="19.270405" lon="98.624741">
        <ele>1295.264042</ele>
        <time>2025-09-03T11:40:58.810000Z</time>
      </trkpt>
      <trkpt lat="19.270512" lon="98.624658">
        <ele>1294.869014</ele>
        <time>2025-09-03T11:41:01.063000Z</time>
      </trkpt>
      <trkpt lat="19.27061" lon="98.624628">
        <ele>1294.56516</ele>
        <time>2025-09-03T11:41:02.808000Z</time>
      </trkpt>
      <trkpt lat="19.270872" lon="98.624623">
        <ele>1293.784619</ele>
        <time>2025-09-03T11:41:07.349000Z</time>
      </trkpt>
      <trkpt lat="19.271016" lon="98.624575">
        <ele>1293.334956</ele>
        <time>2025-09-03T11:41:09.940000Z</time>
      </trkpt>
      <trkpt lat="19.271714" lon="98.624003">
        <ele>1290.617411</ele>
        <time>2025-09-03T11:41:23.673000Z</time>
      </trkpt>
      <trkpt lat="19.271926" lon="98.623704">
        <ele>1289.507968</ele>
        <time>2025-09-03T11:41:28.835000Z</time>
      </trkpt>
      <trkpt lat="19.271993" lon="98.623573">
        <ele>1289.065935</ele>
        <time>2025-09-03T11:41:30.921000Z</time>
      </trkpt>
      <trkpt lat="19.272049" lon="98.623407">
        <ele>1288.54294</ele>
        <time>2025-09-03T11:41:33.432000Z</time>
      </trkpt>
      <trkpt lat="19.272122" lon="98.622921">
        <ele>1287.082931</ele>
        <time>2025-09-03T11:41:41.187000Z</time>
      </trkpt>
      <trkpt lat="19.272178" lon="98.622716">
        <ele>1287.162941</ele>
        <time>2025-09-03T11:41:45.998000Z</time>
      </trkpt>
      <trkpt lat="19.272299" lon="98.622403">
        <ele>1289.460577</ele>
        <time>2025-09-03T11:41:57.427000Z</time>
      </trkpt>
      <trkpt lat="19.272391" lon="98.622281">
        <ele>1290.521318</ele>
        <time>2025-09-03T11:42:04.294000Z</time>
      </trkpt>
      <trkpt lat="19.272563" lon="98.622122">
        <ele>1292.164094</ele>
        <time>2025-09-03T11:42:16.754000Z</time>
      </trkpt>
      <trkpt lat="19.272715" lon="98.622055">
        <ele>1293.348855</ele>
        <time>2025-09-03T11:42:26.660000Z</time>
      </trkpt>
      <trkpt lat="19.272852" lon="98.622049">
        <ele>1294.335601</ele>
        <time>2025-09-03T11:42:35.509000Z</time>
      </trkpt>
      <trkpt lat="19.273549" lon="98.622284">
        <ele>1299.599385</ele>
        <time>2025-09-03T11:43:24.377000Z</time>
      </trkpt>
      <trkpt lat="19.27371" lon="98.622285">
        <ele>1300.402127</ele>
        <time>2025-09-03T11:43:34.367000Z</time>
      </trkpt>
      <trkpt lat="19.273927" lon="98.622245">
        <ele>1301.495697</ele>
        <time>2025-09-03T11:43:47.004000Z</time>
      </trkpt>
      <trkpt lat="19.274278" lon="98.622295">
        <ele>1303.254057</ele>
        <time>2025-09-03T11:44:04.610000Z</time>
      </trkpt>
      <trkpt lat="19.275225" lon="98.622218">
        <ele>1307.969636</ele>
        <time>2025-09-03T11:44:35.610000Z</time>
      </trkpt>
      <trkpt lat="19.275411" lon="98.622068">
        <ele>1308.700608</ele>
        <time>2025-09-03T11:44:41.764000Z</time>
      </trkpt>
      <trkpt lat="19.275618" lon="98.621779">
        <ele>1309.162505</ele>
        <time>2025-09-03T11:44:51.069000Z</time>
      </trkpt>
      <trkpt lat="19.275768" lon="98.621424">
        <ele>1309.65771</ele>
        <time>2025-09-03T11:45:01.652000Z</time>
      </trkpt>
      <trkpt lat="19.275865" lon="98.620828">
        <ele>1310.427737</ele>
        <time>2025-09-03T11:45:18.270000Z</time>
      </trkpt>
      <trkpt lat="19.275976" lon="98.620397">
        <ele>1310.926906</ele>
        <time>2025-09-03T11:45:29.684000Z</time>
      </trkpt>
      <trkpt lat="19.275998" lon="98.620209">
        <ele>1310.610905</ele>
        <time>2025-09-03T11:45:33.950000Z</time>
      </trkpt>
      <trkpt lat="19.27598" lon="98.619559">
        <ele>1309.52618</ele>
        <time>2025-09-03T11:45:45.672000Z</time>
      </trkpt>
      <trkpt lat="19.276058" lon="98.619061">
        <ele>1308.684114</ele>
        <time>2025-09-03T11:45:53.603000Z</time>
      </trkpt>
      <trkpt lat="19.276118" lon="98.618894">
        <ele>1308.386047</ele>
        <time>2025-09-03T11:45:56.310000Z</time>
      </trkpt>
      <trkpt lat="19.276203" lon="98.618729">
        <ele>1308.072493</ele>
        <time>2025-09-03T11:45:59.151000Z</time>
      </trkpt>
      <trkpt lat="19.276286" lon="98.618622">
        <ele>1307.841473</ele>
        <time>2025-09-03T11:46:01.256000Z</time>
      </trkpt>
      <trkpt lat="19.276801" lon="98.618254">
        <ele>1307.434292</ele>
        <time>2025-09-03T11:46:11.511000Z</time>
      </trkpt>
      <trkpt lat="19.277064" lon="98.618015">
        <ele>1307.226926</ele>
        <time>2025-09-03T11:46:17.853000Z</time>
      </trkpt>
      <trkpt lat="19.277195" lon="98.617816">
        <ele>1307.089873</ele>
        <time>2025-09-03T11:46:22.536000Z</time>
      </trkpt>
      <trkpt lat="19.277612" lon="98.616893">
        <ele>1308.331104</ele>
        <time>2025-09-03T11:46:51.069000Z</time>
      </trkpt>
      <trkpt lat="19.277713" lon="98.616618">
        <ele>1309.683116</ele>
        <time>2025-09-03T11:47:02.082000Z</time>
      </trkpt>
      <trkpt lat="19.277774" lon="98.616202">
        <ele>1311.612008</ele>
        <time>2025-09-03T11:47:19.389000Z</time>
      </trkpt>
      <trkpt lat="19.277914" lon="98.615781">
        <ele>1313.657148</ele>
        <time>2025-09-03T11:47:39.511000Z</time>
      </trkpt>
      <trkpt lat="19.278005" lon="98.615628">
        <ele>1314.48572</ele>
        <time>2025-09-03T11:47:48.040000Z</time>
      </trkpt>
      <trkpt lat="19.27838" lon="98.615212">
        <ele>1316.993293</ele>
        <time>2025-09-03T11:48:14.469000Z</time>
      </trkpt>
      <trkpt lat="19.278507" lon="98.615019">
        <ele>1317.989081</ele>
        <time>2025-09-03T11:48:24.702000Z</time>
      </trkpt>
      <trkpt lat="19.278567" lon="98.614774">
        <ele>1319.060389</ele>
        <time>2025-09-03T11:48:35.283000Z</time>
      </trkpt>
      <trkpt lat="19.278578" lon="98.614634">
        <ele>1319.654996</ele>
        <time>2025-09-03T11:48:40.813000Z</time>
      </trkpt>
      <trkpt lat="19.278574" lon="98.61367">
        <ele>1323.613485</ele>
        <time>2025-09-03T11:49:12.524000Z</time>
      </trkpt>
      <trkpt lat="19.278541" lon="98.613417">
        <ele>1324.11743</ele>
        <time>2025-09-03T11:49:19.555000Z</time>
      </trkpt>
      <trkpt lat="19.278401" lon="98.612995">
        <ele>1325.000019</ele>
        <time>2025-09-03T11:49:31.433000Z</time>
      </trkpt>
      <trkpt lat="19.278428" lon="98.612706">
        <ele>1325.573039</ele>
        <time>2025-09-03T11:49:39.329000Z</time>
      </trkpt>
      <trkpt lat="19.27857" lon="98.611984">
        <ele>1327.028231</ele>
        <time>2025-09-03T11:50:00.583000Z</time>
      </trkpt>
      <trkpt lat="19.278522" lon="98.611508">
        <ele>1327.866083</ele>
        <time>2025-09-03T11:50:15.315000Z</time>
      </trkpt>
      <trkpt lat="19.278556" lon="98.611023">
        <ele>1328.68062</ele>
        <time>2025-09-03T11:50:30.181000Z</time>
      </trkpt>
      <trkpt lat="19.278478" lon="98.610836">
        <ele>1329.023032</ele>
        <time>2025-09-03T11:50:36.130000Z</time>
      </trkpt>
      <trkpt lat="19.278372" lon="98.610741">
        <ele>1329.269386</ele>
        <time>2025-09-03T11:50:40.247000Z</time>
      </trkpt>
      <trkpt lat="19.278261" lon="98.610683">
        <ele>1329.488991</ele>
        <time>2025-09-03T11:50:43.763000Z</time>
      </trkpt>
      <trkpt lat="19.277772" lon="98.610594">
        <ele>1330.369356</ele>
        <time>2025-09-03T11:50:56.398000Z</time>
      </trkpt>
      <trkpt lat="19.277679" lon="98.610547">
        <ele>1330.622822</ele>
        <time>2025-09-03T11:50:58.811000Z</time>
      </trkpt>
      <trkpt lat="19.277446" lon="98.61037">
        <ele>1331.514578</ele>
        <time>2025-09-03T11:51:05.485000Z</time>
      </trkpt>
      <trkpt lat="19.277264" lon="98.610301">
        <ele>1332.115807</ele>
        <time>2025-09-03T11:51:10.526000Z</time>
      </trkpt>
      <trkpt lat="19.277129" lon="98.610285">
        <ele>1332.538316</ele>
        <time>2025-09-03T11:51:14.393000Z</time>
      </trkpt>
      <trkpt lat="19.276852" lon="98.610296">
        <ele>1333.400472</ele>
        <time>2025-09-03T11:51:23.189000Z</time>
      </trkpt>
      <trkpt lat="19.27661" lon="98.610261">
        <ele>1334.160145</ele>
        <time>2025-09-03T11:51:31.865000Z</time>
      </trkpt>
      <trkpt lat="19.276469" lon="98.610199">
        <ele>1334.634973</ele>
        <time>2025-09-03T11:51:37.775000Z</time>
      </trkpt>
      <trkpt lat="19.275689" lon="98.609652">
        <ele>1339.684084</ele>
        <time>2025-09-03T11:52:21.094000Z</time>
      </trkpt>
      <trkpt lat="19.275051" lon="98.609376">
        <ele>1344.902045</ele>
        <time>2025-09-03T11:52:58.836000Z</time>
      </trkpt>
      <trkpt lat="19.274884" lon="98.609266">
        <ele>1346.390998</ele>
        <time>2025-09-03T11:53:09.835000Z</time>
      </trkpt>
      <trkpt lat="19.274757" lon="98.609145">
        <ele>1347.684282</ele>
        <time>2025-09-03T11:53:19.500000Z</time>
      </trkpt>
      <trkpt lat="19.274318" lon="98.608538">
        <ele>1352.171212</ele>
        <time>2025-09-03T11:54:00.708000Z</time>
      </trkpt>
      <trkpt lat="19.274257" lon="98.608412">
        <ele>1352.898599</ele>
        <time>2025-09-03T11:54:08.001000Z</time>
      </trkpt>
      <trkpt lat="19.274257" lon="98.608349">
        <ele>1353.222213</ele>
        <time>2025-09-03T11:54:11.140000Z</time>
      </trkpt>
      <trkpt lat="19.27434" lon="98.608287">
        <ele>1353.774869</ele>
        <time>2025-09-03T11:54:16.394000Z</time>
      </trkpt>
      <trkpt lat="19.274455" lon="98.608294">
        <ele>1354.401702</ele>
        <time>2025-09-03T11:54:22.110000Z</time>
      </trkpt>
      <trkpt lat="19.274603" lon="98.608341">
        <ele>1355.242487</ele>
        <time>2025-09-03T11:54:29.195000Z</time>
      </trkpt>
      <trkpt lat="19.274785" lon="98.608327">
        <ele>1356.235492</ele>
        <time>2025-09-03T11:54:36.682000Z</time>
      </trkpt>
      <trkpt lat="19.275271" lon="98.608177">
        <ele>1358.990133</ele>
        <time>2025-09-03T11:54:52.241000Z</time>
      </trkpt>
      <trkpt lat="19.275502" lon="98.608035">
        <ele>1360.302106</ele>
        <time>2025-09-03T11:54:58.857000Z</time>
      </trkpt>
      <trkpt lat="19.275899" lon="98.607505">
        <ele>1363.278442</ele>
        <time>2025-09-03T11:55:17.275000Z</time>
      </trkpt>
      <trkpt lat="19.275975" lon="98.607458">
        <ele>1363.688548</ele>
        <time>2025-09-03T11:55:20.338000Z</time>
      </trkpt>
      <trkpt lat="19.276175" lon="98.607394">
        <ele>1364.662183</ele>
        <time>2025-09-03T11:55:28.252000Z</time>
      </trkpt>
      <trkpt lat="19.276899" lon="98.607268">
        <ele>1368.338697</ele>
        <time>2025-09-03T11:56:06.244000Z</time>
      </trkpt>
      <trkpt lat="19.277258" lon="98.607005">
        <ele>1372.551666</ele>
        <time>2025-09-03T11:56:36.310000Z</time>
      </trkpt>
      <trkpt lat="19.277415" lon="98.606788">
        <ele>1375.042722</ele>
        <time>2025-09-03T11:56:54.421000Z</time>
      </trkpt>
      <trkpt lat="19.277543" lon="98.606561">
        <ele>1377.451851</ele>
        <time>2025-09-03T11:57:11.087000Z</time>
      </trkpt>
      <trkpt lat="19.277748" lon="98.605912">
        <ele>1383.6872</ele>
        <time>2025-09-03T11:57:50.327000Z</time>
      </trkpt>
      <trkpt lat="19.27791" lon="98.605603">
        <ele>1385.869948</ele>
        <time>2025-09-03T11:58:08.581000Z</time>
      </trkpt>
      <trkpt lat="19.278139" lon="98.60476">
        <ele>1388.999495</ele>
        <time>2025-09-03T11:58:46.485000Z</time>
      </trkpt>
      <trkpt lat="19.278184" lon="98.604666">
        <ele>1389.375512</ele>
        <time>2025-09-03T11:58:49.834000Z</time>
      </trkpt>
      <trkpt lat="19.278391" lon="98.604425">
        <ele>1390.537978</ele>
        <time>2025-09-03T11:58:58.130000Z</time>
      </trkpt>
      <trkpt lat="19.278447" lon="98.604308">
        <ele>1391.00598</ele>
        <time>2025-09-03T11:59:00.688000Z</time>
      </trkpt>
      <trkpt lat="19.278464" lon="98.604062">
        <ele>1391.885955</ele>
        <time>2025-09-03T11:59:05.674000Z</time>
      </trkpt>
      <trkpt lat="19.27844" lon="98.603946">
        <ele>1392.058668</ele>
        <time>2025-09-03T11:59:07.756000Z</time>
      </trkpt>
      <trkpt lat="19.278388" lon="98.603795">
        <ele>1392.167093</ele>
        <time>2025-09-03T11:59:10.452000Z</time>
      </trkpt>
      <trkpt lat="19.278248" lon="98.603551">
        <ele>1392.359708</ele>
        <time>2025-09-03T11:59:14.949000Z</time>
      </trkpt>
      <trkpt lat="19.278099" lon="98.6034">
        <ele>1392.507062</ele>
        <time>2025-09-03T11:59:18.581000Z</time>
      </trkpt>
      <trkpt lat="19.277994" lon="98.603347">
        <ele>1392.59018</ele>
        <time>2025-09-03T11:59:20.693000Z</time>
      </trkpt>
      <trkpt lat="19.278154" lon="98.603337">
        <ele>1392.70472</ele>
        <time>2025-09-03T11:59:24.092000Z</time>
      </trkpt>
      <trkpt lat="19.277994" lon="98.603347">
        <ele>1392.81926</ele>
        <time>2025-09-03T11:59:27.868000Z</time>
      </trkpt>
      <trkpt lat="19.277611" lon="98.603182">
        <ele>1393.11473</ele>
        <time>2025-09-03T11:59:40.945000Z</time>
      </trkpt>
      <trkpt lat="19.277476" lon="98.603087">
        <ele>1393.230549</ele>
        <time>2025-09-03T11:59:47.797000Z</time>
      </trkpt>
      <trkpt lat="19.277388" lon="98.602989">
        <ele>1393.248202</ele>
        <time>2025-09-03T11:59:53.591000Z</time>
      </trkpt>
      <trkpt lat="19.277066" lon="98.602225">
        <ele>1392.667426</ele>
        <time>2025-09-03T12:00:26.885000Z</time>
      </trkpt>
      <trkpt lat="19.276924" lon="98.602107">
        <ele>1392.534714</ele>
        <time>2025-09-03T12:00:32.498000Z</time>
      </trkpt>
      <trkpt lat="19.276818" lon="98.601933">
        <ele>1392.390967</ele>
        <time>2025-09-03T12:00:36.713000Z</time>
      </trkpt>
      <trkpt lat="19.276782" lon="98.601737">
        <ele>1392.252366</ele>
        <time>2025-09-03T12:00:39.862000Z</time>
      </trkpt>
      <trkpt lat="19.276809" lon="98.601565">
        <ele>1392.131336</ele>
        <time>2025-09-03T12:00:42.335000Z</time>
      </trkpt>
      <trkpt lat="19.276768" lon="98.599884">
        <ele>1375.244155</ele>
        <time>2025-09-03T12:01:03.258000Z</time>
      </trkpt>
      <trkpt lat="19.27669" lon="98.599653">
        <ele>1372.393522</ele>
        <time>2025-09-03T12:01:06.278000Z</time>
      </trkpt>
      <trkpt lat="19.276551" lon="98.59947">
        <ele>1369.73097</ele>
        <time>2025-09-03T12:01:09.189000Z</time>
      </trkpt>
      <trkpt lat="19.276391" lon="98.599347">
        <ele>1368.323477</ele>
        <time>2025-09-03T12:01:11.787000Z</time>
      </trkpt>
      <trkpt lat="19.276198" lon="98.599251">
        <ele>1366.805429</ele>
        <time>2025-09-03T12:01:14.629000Z</time>
      </trkpt>
      <trkpt lat="19.275599" lon="98.599114">
        <ele>1362.44241</ele>
        <time>2025-09-03T12:01:23.086000Z</time>
      </trkpt>
      <trkpt lat="19.275344" lon="98.59908">
        <ele>1360.612537</ele>
        <time>2025-09-03T12:01:26.828000Z</time>
      </trkpt>
      <trkpt lat="19.275146" lon="98.599009">
        <ele>1359.124249</ele>
        <time>2025-09-03T12:01:30.063000Z</time>
      </trkpt>
      <trkpt lat="19.274431" lon="98.59857">
        <ele>1359.030876</ele>
        <time>2025-09-03T12:01:50.655000Z</time>
      </trkpt>
      <trkpt lat="19.274145" lon="98.59851">
        <ele>1360.138209</ele>
        <time>2025-09-03T12:02:03.651000Z</time>
      </trkpt>
      <trkpt lat="19.273638" lon="98.598495">
        <ele>1362.064564</ele>
        <time>2025-09-03T12:02:28.478000Z</time>
      </trkpt>
      <trkpt lat="19.272993" lon="98.598541">
        <ele>1364.228925</ele>
        <time>2025-09-03T12:02:58.605000Z</time>
      </trkpt>
      <trkpt lat="19.272234" lon="98.598526">
        <ele>1365.863979</ele>
        <time>2025-09-03T12:03:22.067000Z</time>
      </trkpt>
      <trkpt lat="19.271719" lon="98.598595">
        <ele>1366.982046</ele>
        <time>2025-09-03T12:03:33.656000Z</time>
      </trkpt>
      <trkpt lat="19.271543" lon="98.598579">
        <ele>1367.362516</ele>
        <time>2025-09-03T12:03:37.875000Z</time>
      </trkpt>
      <trkpt lat="19.271374" lon="98.598526">
        <ele>1367.734762</ele>
        <time>2025-09-03T12:03:42.450000Z</time>
      </trkpt>
      <trkpt lat="19.271214" lon="98.598427">
        <ele>1367.988981</ele>
        <time>2025-09-03T12:03:47.608000Z</time>
      </trkpt>
      <trkpt lat="19.271084" lon="98.598297">
        <ele>1368.234253</ele>
        <time>2025-09-03T12:03:52.803000Z</time>
      </trkpt>
      <trkpt lat="19.271002" lon="98.598145">
        <ele>1368.460989</ele>
        <time>2025-09-03T12:03:57.896000Z</time>
      </trkpt>
      <trkpt lat="19.270964" lon="98.597992">
        <ele>1368.665885</ele>
        <time>2025-09-03T12:04:02.651000Z</time>
      </trkpt>
      <trkpt lat="19.270926" lon="98.597273">
        <ele>1369.598528</ele>
        <time>2025-09-03T12:04:24.751000Z</time>
      </trkpt>
      <trkpt lat="19.270863" lon="98.597179">
        <ele>1369.747832</ele>
        <time>2025-09-03T12:04:27.895000Z</time>
      </trkpt>
      <trkpt lat="19.270508" lon="98.596916">
        <ele>1370.110078</ele>
        <time>2025-09-03T12:04:38.459000Z</time>
      </trkpt>
      <trkpt lat="19.270412" lon="98.596809">
        <ele>1370.010538</ele>
        <time>2025-09-03T12:04:41.208000Z</time>
      </trkpt>
      <trkpt lat="19.27021" lon="98.596153">
        <ele>1369.545256</ele>
        <time>2025-09-03T12:04:52.297000Z</time>
      </trkpt>
      <trkpt lat="19.269668" lon="98.595222">
        <ele>1369.809966</ele>
        <time>2025-09-03T12:05:11.734000Z</time>
      </trkpt>
      <trkpt lat="19.269415" lon="98.594865">
        <ele>1372.61809</ele>
        <time>2025-09-03T12:05:26.297000Z</time>
      </trkpt>
      <trkpt lat="19.269059" lon="98.594028">
        <ele>1378.392991</ele>
        <time>2025-09-03T12:06:13.390000Z</time>
      </trkpt>
      <trkpt lat="19.268978" lon="98.59394">
        <ele>1379.166155</ele>
        <time>2025-09-03T12:06:21.392000Z</time>
      </trkpt>
      <trkpt lat="19.268761" lon="98.593803">
        <ele>1380.849526</ele>
        <time>2025-09-03T12:06:39.354000Z</time>
      </trkpt>
      <trkpt lat="19.268471" lon="98.593666">
        <ele>1383.084714</ele>
        <time>2025-09-03T12:07:02.182000Z</time>
      </trkpt>
      <trkpt lat="19.268346" lon="98.593555">
        <ele>1384.234093</ele>
        <time>2025-09-03T12:07:13.569000Z</time>
      </trkpt>
      <trkpt lat="19.268272" lon="98.593395">
        <ele>1385.41929</ele>
        <time>2025-09-03T12:07:24.770000Z</time>
      </trkpt>
      <trkpt lat="19.268252" lon="98.593044">
        <ele>1387.758389</ele>
        <time>2025-09-03T12:07:45.245000Z</time>
      </trkpt>
      <trkpt lat="19.268305" lon="98.592658">
        <ele>1390.353078</ele>
        <time>2025-09-03T12:08:04.484000Z</time>
      </trkpt>
      <trkpt lat="19.268279" lon="98.592478">
        <ele>1391.564373</ele>
        <time>2025-09-03T12:08:11.915000Z</time>
      </trkpt>
      <trkpt lat="19.26782" lon="98.591499">
        <ele>1388.868471</ele>
        <time>2025-09-03T12:08:29.705000Z</time>
      </trkpt>
      <trkpt lat="19.267774" lon="98.590799">
        <ele>1384.70914</ele>
        <time>2025-09-03T12:08:38.762000Z</time>
      </trkpt>
      <trkpt lat="19.267669" lon="98.590604">
        <ele>1383.378443</ele>
        <time>2025-09-03T12:08:41.612000Z</time>
      </trkpt>
      <trkpt lat="19.267468" lon="98.590452">
        <ele>1381.652491</ele>
        <time>2025-09-03T12:08:44.937000Z</time>
      </trkpt>
      <trkpt lat="19.267265" lon="98.590279">
        <ele>1379.369679</ele>
        <time>2025-09-03T12:08:48.443000Z</time>
      </trkpt>
      <trkpt lat="19.267043" lon="98.589988">
        <ele>1376.275018</ele>
        <time>2025-09-03T12:08:53.260000Z</time>
      </trkpt>
      <trkpt lat="19.266924" lon="98.589661">
        <ele>1373.376308</ele>
        <time>2025-09-03T12:08:57.848000Z</time>
      </trkpt>
      <trkpt lat="19.266908" lon="98.589187">
        <ele>1369.45324</ele>
        <time>2025-09-03T12:09:04.157000Z</time>
      </trkpt>
      <trkpt lat="19.266932" lon="98.588582">
        <ele>1364.946528</ele>
        <time>2025-09-03T12:09:12.328000Z</time>
      </trkpt>
      <trkpt lat="19.266966" lon="98.588345">
        <ele>1363.445214</ele>
        <time>2025-09-03T12:09:15.535000Z</time>
      </trkpt>
      <trkpt lat="19.267068" lon="98.588144">
        <ele>1362.016041</ele>
        <time>2025-09-03T12:09:18.575000Z</time>
      </trkpt>
      <trkpt lat="19.267589" lon="98.587516">
        <ele>1356.780032</ele>
        <time>2025-09-03T12:09:29.811000Z</time>
      </trkpt>
      <trkpt lat="19.267659" lon="98.587223">
        <ele>1354.887199</ele>
        <time>2025-09-03T12:09:34.002000Z</time>
      </trkpt>
      <trkpt lat="19.267693" lon="98.586566">
        <ele>1353.775017</ele>
        <time>2025-09-03T12:09:43.819000Z</time>
      </trkpt>
      <trkpt lat="19.267469" lon="98.585868">
        <ele>1352.801937</ele>
        <time>2025-09-03T12:09:59.963000Z</time>
      </trkpt>
      <trkpt lat="19.267374" lon="98.585585">
        <ele>1352.405487</ele>
        <time>2025-09-03T12:10:07.748000Z</time>
      </trkpt>
      <trkpt lat="19.267361" lon="98.585427">
        <ele>1352.19615</ele>
        <time>2025-09-03T12:10:11.810000Z</time>
      </trkpt>
      <trkpt lat="19.267404" lon="98.585257">
        <ele>1351.835482</ele>
        <time>2025-09-03T12:10:15.936000Z</time>
      </trkpt>
      <trkpt lat="19.267487" lon="98.585064">
        <ele>1351.194982</ele>
        <time>2025-09-03T12:10:20.193000Z</time>
      </trkpt>
      <trkpt lat="19.267507" lon="98.584924">
        <ele>1350.767364</ele>
        <time>2025-09-03T12:10:22.723000Z</time>
      </trkpt>
      <trkpt lat="19.267473" lon="98.584808">
        <ele>1350.400543</ele>
        <time>2025-09-03T12:10:24.781000Z</time>
      </trkpt>
      <trkpt lat="19.267171" lon="98.584482">
        <ele>1349.021134</ele>
        <time>2025-09-03T12:10:31.828000Z</time>
      </trkpt>
      <trkpt lat="19.267027" lon="98.584391">
        <ele>1348.4847</ele>
        <time>2025-09-03T12:10:34.396000Z</time>
      </trkpt>
      <trkpt lat="19.266817" lon="98.584329">
        <ele>1347.78726</ele>
        <time>2025-09-03T12:10:37.625000Z</time>
      </trkpt>
      <trkpt lat="19.266627" lon="98.584238">
        <ele>1347.120168</ele>
        <time>2025-09-03T12:10:40.669000Z</time>
      </trkpt>
      <trkpt lat="19.266528" lon="98.584163">
        <ele>1346.730788</ele>
        <time>2025-09-03T12:10:42.431000Z</time>
      </trkpt>
      <trkpt lat="19.266432" lon="98.584032">
        <ele>1346.23611</ele>
        <time>2025-09-03T12:10:44.733000Z</time>
      </trkpt>
      <trkpt lat="19.266374" lon="98.583906">
        <ele>1345.845674</ele>
        <time>2025-09-03T12:10:46.710000Z</time>
      </trkpt>
      <trkpt lat="19.266326" lon="98.583667">
        <ele>1345.165109</ele>
        <time>2025-09-03T12:10:50.250000Z</time>
      </trkpt>
      <trkpt lat="19.266361" lon="98.583444">
        <ele>1344.53548</ele>
        <time>2025-09-03T12:10:53.737000Z</time>
      </trkpt>
      <trkpt lat="19.266422" lon="98.583243">
        <ele>1343.947433</ele>
        <time>2025-09-03T12:10:57.295000Z</time>
      </trkpt>
      <trkpt lat="19.266513" lon="98.583042">
        <ele>1343.326551</ele>
        <time>2025-09-03T12:11:01.511000Z</time>
      </trkpt>
      <trkpt lat="19.266533" lon="98.582642">
        <ele>1342.210905</ele>
        <time>2025-09-03T12:11:09.519000Z</time>
      </trkpt>
      <trkpt lat="19.266572" lon="98.582553">
        <ele>1341.937616</ele>
        <time>2025-09-03T12:11:11.320000Z</time>
      </trkpt>
      <trkpt lat="19.266686" lon="98.582537">
        <ele>1341.598324</ele>
        <time>2025-09-03T12:11:13.492000Z</time>
      </trkpt>
      <trkpt lat="19.266956" lon="98.582629">
        <ele>1340.30141</ele>
        <time>2025-09-03T12:11:18.299000Z</time>
      </trkpt>
      <trkpt lat="19.267105" lon="98.582616">
        <ele>1339.01796</ele>
        <time>2025-09-03T12:11:20.642000Z</time>
      </trkpt>
      <trkpt lat="19.267255" lon="98.58253">
        <ele>1337.553755</ele>
        <time>2025-09-03T12:11:23.177000Z</time>
      </trkpt>
      <trkpt lat="19.267626" lon="98.582039">
        <ele>1332.457082</ele>
        <time>2025-09-03T12:11:31.320000Z</time>
      </trkpt>
      <trkpt lat="19.268237" lon="98.58109">
        <ele>1323.91232</ele>
        <time>2025-09-03T12:11:45.751000Z</time>
      </trkpt>
      <trkpt lat="19.268387" lon="98.580945">
        <ele>1322.721041</ele>
        <time>2025-09-03T12:11:48.570000Z</time>
      </trkpt>
      <trkpt lat="19.26853" lon="98.580871">
        <ele>1321.78739</ele>
        <time>2025-09-03T12:11:50.815000Z</time>
      </trkpt>
      <trkpt lat="19.269008" lon="98.580859">
        <ele>1318.982421</ele>
        <time>2025-09-03T12:11:57.932000Z</time>
      </trkpt>
      <trkpt lat="19.269163" lon="98.580834">
        <ele>1318.062637</ele>
        <time>2025-09-03T12:12:00.466000Z</time>
      </trkpt>
      <trkpt lat="19.269347" lon="98.580748">
        <ele>1316.882808</ele>
        <time>2025-09-03T12:12:03.918000Z</time>
      </trkpt>
      <trkpt lat="19.269443" lon="98.580615">
        <ele>1315.955633</ele>
        <time>2025-09-03T12:12:06.738000Z</time>
      </trkpt>
      <trkpt lat="19.269876" lon="98.579674">
        <ele>1316.537717</ele>
        <time>2025-09-03T12:12:25.975000Z</time>
      </trkpt>
      <trkpt lat="19.26989" lon="98.579513">
        <ele>1316.819675</ele>
        <time>2025-09-03T12:12:30.142000Z</time>
      </trkpt>
      <trkpt lat="19.269838" lon="98.579125">
        <ele>1317.503095</ele>
        <time>2025-09-03T12:12:43.120000Z</time>
      </trkpt>
      <trkpt lat="19.269855" lon="98.578949">
        <ele>1317.811625</ele>
        <time>2025-09-03T12:12:50.233000Z</time>
      </trkpt>
      <trkpt lat="19.269951" lon="98.578606">
        <ele>1318.588326</ele>
        <time>2025-09-03T12:13:06.407000Z</time>
      </trkpt>
      <trkpt lat="19.270109" lon="98.578262">
        <ele>1320.247417</ele>
        <time>2025-09-03T12:13:24.555000Z</time>
      </trkpt>
      <trkpt lat="19.270243" lon="98.57814">
        <ele>1321.059165</ele>
        <time>2025-09-03T12:13:32.995000Z</time>
      </trkpt>
      <trkpt lat="19.270556" lon="98.578018">
        <ele>1322.591405</ele>
        <time>2025-09-03T12:13:47.813000Z</time>
      </trkpt>
      <trkpt lat="19.270884" lon="98.578026">
        <ele>1324.098711</ele>
        <time>2025-09-03T12:14:00.481000Z</time>
      </trkpt>
      <trkpt lat="19.271038" lon="98.578072">
        <ele>1324.833808</ele>
        <time>2025-09-03T12:14:06.157000Z</time>
      </trkpt>
      <trkpt lat="19.271296" lon="98.578308">
        <ele>1326.399848</ele>
        <time>2025-09-03T12:14:17.481000Z</time>
      </trkpt>
      <trkpt lat="19.271469" lon="98.578568">
        <ele>1326.647477</ele>
        <time>2025-09-03T12:14:27.066000Z</time>
      </trkpt>
      <trkpt lat="19.271584" lon="98.578602">
        <ele>1326.671283</ele>
        <time>2025-09-03T12:14:30.756000Z</time>
      </trkpt>
      <trkpt lat="19.27169" lon="98.578576">
        <ele>1326.692977</ele>
        <time>2025-09-03T12:14:34.043000Z</time>
      </trkpt>
      <trkpt lat="19.271778" lon="98.578515">
        <ele>1326.713946</ele>
        <time>2025-09-03T12:14:37.164000Z</time>
      </trkpt>
      <trkpt lat="19.271851" lon="98.578337">
        <ele>1326.750474</ele>
        <time>2025-09-03T12:14:42.449000Z</time>
      </trkpt>
      <trkpt lat="19.271837" lon="98.578148">
        <ele>1326.786157</ele>
        <time>2025-09-03T12:14:47.305000Z</time>
      </trkpt>
      <trkpt lat="19.271729" lon="98.577878">
        <ele>1326.84135</ele>
        <time>2025-09-03T12:14:53.929000Z</time>
      </trkpt>
      <trkpt lat="19.271715" lon="98.577728">
        <ele>1326.86972</ele>
        <time>2025-09-03T12:14:56.854000Z</time>
      </trkpt>
      <trkpt lat="19.271746" lon="98.577561">
        <ele>1326.901754</ele>
        <time>2025-09-03T12:14:59.858000Z</time>
      </trkpt>
      <trkpt lat="19.271851" lon="98.577408">
        <ele>1326.937358</ele>
        <time>2025-09-03T12:15:02.935000Z</time>
      </trkpt>
      <trkpt lat="19.271917" lon="98.57737">
        <ele>1326.952336</ele>
        <time>2025-09-03T12:15:04.172000Z</time>
      </trkpt>
      <trkpt lat="19.27199" lon="98.577377">
        <ele>1326.560062</ele>
        <time>2025-09-03T12:15:05.342000Z</time>
      </trkpt>
      <trkpt lat="19.272068" lon="98.577446">
        <ele>1325.904284</ele>
        <time>2025-09-03T12:15:06.931000Z</time>
      </trkpt>
      <trkpt lat="19.272299" lon="98.577789">
        <ele>1323.337568</ele>
        <time>2025-09-03T12:15:12.858000Z</time>
      </trkpt>
      <trkpt lat="19.272484" lon="98.577902">
        <ele>1321.959471</ele>
        <time>2025-09-03T12:15:15.934000Z</time>
      </trkpt>
      <trkpt lat="19.272654" lon="98.577929">
        <ele>1320.850146</ele>
        <time>2025-09-03T12:15:18.375000Z</time>
      </trkpt>
      <trkpt lat="19.272814" lon="98.57787">
        <ele>1319.75685</ele>
        <time>2025-09-03T12:15:20.779000Z</time>
      </trkpt>
      <trkpt lat="19.272908" lon="98.577713">
        <ele>1318.624304</ele>
        <time>2025-09-03T12:15:23.252000Z</time>
      </trkpt>
      <trkpt lat="19.27295" lon="98.577532">
        <ele>1317.488889</ele>
        <time>2025-09-03T12:15:25.721000Z</time>
      </trkpt>
      <trkpt lat="19.272912" lon="98.577372">
        <ele>1316.483848</ele>
        <time>2025-09-03T12:15:27.910000Z</time>
      </trkpt>
      <trkpt lat="19.272647" lon="98.577089">
        <ele>1312.778451</ele>
        <time>2025-09-03T12:15:33.164000Z</time>
      </trkpt>
      <trkpt lat="19.272601" lon="98.576918">
        <ele>1310.624596</ele>
        <time>2025-09-03T12:15:35.498000Z</time>
      </trkpt>
      <trkpt lat="19.272613" lon="98.576681">
        <ele>1307.749599</ele>
        <time>2025-09-03T12:15:38.570000Z</time>
      </trkpt>
      <trkpt lat="19.272785" lon="98.576281">
        <ele>1302.425212</ele>
        <time>2025-09-03T12:15:44.111000Z</time>
      </trkpt>
      <trkpt lat="19.272914" lon="98.576111">
        <ele>1299.783066</ele>
        <time>2025-09-03T12:15:46.805000Z</time>
      </trkpt>
      <trkpt lat="19.272984" lon="98.575966">
        <ele>1297.810259</ele>
        <time>2025-09-03T12:15:48.796000Z</time>
      </trkpt>
      <trkpt lat="19.272959" lon="98.575817">
        <ele>1295.97708</ele>
        <time>2025-09-03T12:15:50.629000Z</time>
      </trkpt>
      <trkpt lat="19.272841" lon="98.575592">
        <ele>1292.859182</ele>
        <time>2025-09-03T12:15:53.744000Z</time>
      </trkpt>
      <trkpt lat="19.272776" lon="98.575359">
        <ele>1289.335354</ele>
        <time>2025-09-03T12:15:56.663000Z</time>
      </trkpt>
      <trkpt lat="19.272793" lon="98.574905">
        <ele>1282.471622</ele>
        <time>2025-09-03T12:16:02.134000Z</time>
      </trkpt>
      <trkpt lat="19.272696" lon="98.574692">
        <ele>1278.899065</ele>
        <time>2025-09-03T12:16:05.001000Z</time>
      </trkpt>
      <trkpt lat="19.272375" lon="98.574417">
        <ele>1272.292433</ele>
        <time>2025-09-03T12:16:10.311000Z</time>
      </trkpt>
      <trkpt lat="19.272158" lon="98.574089">
        <ele>1266.241712</ele>
        <time>2025-09-03T12:16:15.236000Z</time>
      </trkpt>
      <trkpt lat="19.272037" lon="98.573738">
        <ele>1261.825976</ele>
        <time>2025-09-03T12:16:19.890000Z</time>
      </trkpt>
      <trkpt lat="19.271889" lon="98.573097">
        <ele>1256.104024</ele>
        <time>2025-09-03T12:16:28.386000Z</time>
      </trkpt>
      <trkpt lat="19.271797" lon="98.572872">
        <ele>1253.977884</ele>
        <time>2025-09-03T12:16:31.662000Z</time>
      </trkpt>
      <trkpt lat="19.271606" lon="98.572606">
        <ele>1251.079943</ele>
        <time>2025-09-03T12:16:36.164000Z</time>
      </trkpt>
      <trkpt lat="19.271578" lon="98.572477">
        <ele>1249.932193</ele>
        <time>2025-09-03T12:16:37.959000Z</time>
      </trkpt>
      <trkpt lat="19.27164" lon="98.572335">
        <ele>1248.575577</ele>
        <time>2025-09-03T12:16:40.073000Z</time>
      </trkpt>
      <trkpt lat="19.271767" lon="98.572256">
        <ele>1247.222741</ele>
        <time>2025-09-03T12:16:42.183000Z</time>
      </trkpt>
      <trkpt lat="19.272141" lon="98.572124">
        <ele>1243.486438</ele>
        <time>2025-09-03T12:16:47.756000Z</time>
      </trkpt>
      <trkpt lat="19.272682" lon="98.571693">
        <ele>1237.055282</ele>
        <time>2025-09-03T12:16:57.104000Z</time>
      </trkpt>
      <trkpt lat="19.272917" lon="98.571411">
        <ele>1233.681699</ele>
        <time>2025-09-03T12:17:01.899000Z</time>
      </trkpt>
      <trkpt lat="19.272993" lon="98.571251">
        <ele>1232.075337</ele>
        <time>2025-09-03T12:17:04.166000Z</time>
      </trkpt>
      <trkpt lat="19.273035" lon="98.570908">
        <ele>1228.812972</ele>
        <time>2025-09-03T12:17:08.527000Z</time>
      </trkpt>
      <trkpt lat="19.272986" lon="98.570534">
        <ele>1224.821802</ele>
        <time>2025-09-03T12:17:13.268000Z</time>
      </trkpt>
      <trkpt lat="19.27246" lon="98.569095">
        <ele>1208.94922</ele>
        <time>2025-09-03T12:17:32.778000Z</time>
      </trkpt>
      <trkpt lat="19.272316" lon="98.568905">
        <ele>1207.299429</ele>
        <time>2025-09-03T12:17:35.901000Z</time>
      </trkpt>
      <trkpt lat="19.27202" lon="98.568634">
        <ele>1204.49326</ele>
        <time>2025-09-03T12:17:41.280000Z</time>
      </trkpt>
      <trkpt lat="19.271753" lon="98.56826">
        <ele>1201.318319</ele>
        <time>2025-09-03T12:17:47.567000Z</time>
      </trkpt>
      <trkpt lat="19.271433" lon="98.567635">
        <ele>1196.670204</ele>
        <time>2025-09-03T12:17:57.956000Z</time>
      </trkpt>
      <trkpt lat="19.271044" lon="98.566742">
        <ele>1193.408917</ele>
        <time>2025-09-03T12:18:14.112000Z</time>
      </trkpt>
      <trkpt lat="19.270916" lon="98.56617">
        <ele>1191.45959</ele>
        <time>2025-09-03T12:18:23.051000Z</time>
      </trkpt>
      <trkpt lat="19.270838" lon="98.565429">
        <ele>1188.304303</ele>
        <time>2025-09-03T12:18:33.559000Z</time>
      </trkpt>
      <trkpt lat="19.270864" lon="98.565249">
        <ele>1187.429912</ele>
        <time>2025-09-03T12:18:36.069000Z</time>
      </trkpt>
      <trkpt lat="19.270933" lon="98.565087">
        <ele>1186.576494</ele>
        <time>2025-09-03T12:18:38.516000Z</time>
      </trkpt>
      <trkpt lat="19.271808" lon="98.564099">
        <ele>1180.795887</ele>
        <time>2025-09-03T12:18:57.791000Z</time>
      </trkpt>
      <trkpt lat="19.271942" lon="98.56386">
        <ele>1180.210597</ele>
        <time>2025-09-03T12:19:02.017000Z</time>
      </trkpt>
      <trkpt lat="19.272073" lon="98.563487">
        <ele>1179.372643</ele>
        <time>2025-09-03T12:19:08.165000Z</time>
      </trkpt>
      <trkpt lat="19.272119" lon="98.563216">
        <ele>1178.792896</ele>
        <time>2025-09-03T12:19:12.594000Z</time>
      </trkpt>
      <trkpt lat="19.272116" lon="98.562933">
        <ele>1178.196997</ele>
        <time>2025-09-03T12:19:17.428000Z</time>
      </trkpt>
      <trkpt lat="19.27194" lon="98.562347">
        <ele>1178.609443</ele>
        <time>2025-09-03T12:19:30.479000Z</time>
      </trkpt>
      <trkpt lat="19.271746" lon="98.56189">
        <ele>1181.577775</ele>
        <time>2025-09-03T12:19:47.147000Z</time>
      </trkpt>
      <trkpt lat="19.271521" lon="98.561455">
        <ele>1184.516125</ele>
        <time>2025-09-03T12:20:09.840000Z</time>
      </trkpt>
      <trkpt lat="19.271075" lon="98.560842">
        <ele>1189.238577</ele>
        <time>2025-09-03T12:20:57.083000Z</time>
      </trkpt>
      <trkpt lat="19.270933" lon="98.560693">
        <ele>1190.865314</ele>
        <time>2025-09-03T12:21:11.410000Z</time>
      </trkpt>
      <trkpt lat="19.27074" lon="98.560554">
        <ele>1192.764805</ele>
        <time>2025-09-03T12:21:28.133000Z</time>
      </trkpt>
      <trkpt lat="19.27055" lon="98.560455">
        <ele>1194.488172</ele>
        <time>2025-09-03T12:21:42.741000Z</time>
      </trkpt>
      <trkpt lat="19.270332" lon="98.560389">
        <ele>1196.333534</ele>
        <time>2025-09-03T12:21:57.192000Z</time>
      </trkpt>
      <trkpt lat="19.270187" lon="98.560261">
        <ele>1197.869746</ele>
        <time>2025-09-03T12:22:08.181000Z</time>
      </trkpt>
      <trkpt lat="19.270148" lon="98.560095">
        <ele>1199.184047</ele>
        <time>2025-09-03T12:22:16.666000Z</time>
      </trkpt>
      <trkpt lat="19.270156" lon="98.559951">
        <ele>1200.292326</ele>
        <time>2025-09-03T12:22:23.157000Z</time>
      </trkpt>
      <trkpt lat="19.270304" lon="98.559697">
        <ele>1202.585665</ele>
        <time>2025-09-03T12:22:34.408000Z</time>
      </trkpt>
      <trkpt lat="19.270729" lon="98.559448">
        <ele>1202.398529</ele>
        <time>2025-09-03T12:22:47.298000Z</time>
      </trkpt>
      <trkpt lat="19.271189" lon="98.559266">
        <ele>1201.322755</ele>
        <time>2025-09-03T12:22:55.688000Z</time>
      </trkpt>
      <trkpt lat="19.271313" lon="98.55918">
        <ele>1200.998051</ele>
        <time>2025-09-03T12:22:58.025000Z</time>
      </trkpt>
      <trkpt lat="19.271389" lon="98.559058">
        <ele>1200.695758</ele>
        <time>2025-09-03T12:23:00.185000Z</time>
      </trkpt>
      <trkpt lat="19.271953" lon="98.557603">
        <ele>1194.517187</ele>
        <time>2025-09-03T12:23:22.599000Z</time>
      </trkpt>
      <trkpt lat="19.272089" lon="98.557396">
        <ele>1193.189569</ele>
        <time>2025-09-03T12:23:26.067000Z</time>
      </trkpt>
      <trkpt lat="19.272157" lon="98.557203">
        <ele>1192.105137</ele>
        <time>2025-09-03T12:23:28.871000Z</time>
      </trkpt>
      <trkpt lat="19.272275" lon="98.556077">
        <ele>1187.535282</ele>
        <time>2025-09-03T12:23:44.546000Z</time>
      </trkpt>
      <trkpt lat="19.272186" lon="98.555565">
        <ele>1186.001962</ele>
        <time>2025-09-03T12:23:52.532000Z</time>
      </trkpt>
      <trkpt lat="19.272202" lon="98.555382">
        <ele>1185.460676</ele>
        <time>2025-09-03T12:23:55.674000Z</time>
      </trkpt>
      <trkpt lat="19.272432" lon="98.554703">
        <ele>1183.407932</ele>
        <time>2025-09-03T12:24:09.931000Z</time>
      </trkpt>
      <trkpt lat="19.272484" lon="98.554398">
        <ele>1182.678612</ele>
        <time>2025-09-03T12:24:16.279000Z</time>
      </trkpt>
      <trkpt lat="19.272557" lon="98.554253">
        <ele>1182.291912</ele>
        <time>2025-09-03T12:24:19.388000Z</time>
      </trkpt>
      <trkpt lat="19.272921" lon="98.553927">
        <ele>1181.103704</ele>
        <time>2025-09-03T12:24:27.788000Z</time>
      </trkpt>
      <trkpt lat="19.273" lon="98.553754">
        <ele>1180.651479</ele>
        <time>2025-09-03T12:24:30.711000Z</time>
      </trkpt>
      <trkpt lat="19.273032" lon="98.553596">
        <ele>1180.271223</ele>
        <time>2025-09-03T12:24:33.097000Z</time>
      </trkpt>
      <trkpt lat="19.272881" lon="98.552483">
        <ele>1176.604038</ele>
        <time>2025-09-03T12:24:49.255000Z</time>
      </trkpt>
      <trkpt lat="19.272882" lon="98.552305">
        <ele>1175.915262</ele>
        <time>2025-09-03T12:24:51.844000Z</time>
      </trkpt>
      <trkpt lat="19.273088" lon="98.55176">
        <ele>1173.643623</ele>
        <time>2025-09-03T12:25:00.613000Z</time>
      </trkpt>
      <trkpt lat="19.273087" lon="98.551613">
        <ele>1173.074798</ele>
        <time>2025-09-03T12:25:02.855000Z</time>
      </trkpt>
      <trkpt lat="19.272911" lon="98.551157">
        <ele>1170.810527</ele>
        <time>2025-09-03T12:25:10.456000Z</time>
      </trkpt>
      <trkpt lat="19.272904" lon="98.551036">
        <ele>1170.090266</ele>
        <time>2025-09-03T12:25:12.290000Z</time>
      </trkpt>
      <trkpt lat="19.272919" lon="98.550904">
        <ele>1169.300337</ele>
        <time>2025-09-03T12:25:14.259000Z</time>
      </trkpt>
      <trkpt lat="19.273123" lon="98.550596">
        <ele>1167.064846</ele>
        <time>2025-09-03T12:25:19.670000Z</time>
      </trkpt>
      <trkpt lat="19.273181" lon="98.550462">
        <ele>1166.18899</ele>
        <time>2025-09-03T12:25:21.721000Z</time>
      </trkpt>
      <trkpt lat="19.27318" lon="98.550303">
        <ele>1165.244285</ele>
        <time>2025-09-03T12:25:23.893000Z</time>
      </trkpt>
      <trkpt lat="19.27306" lon="98.549773">
        <ele>1162.006021</ele>
        <time>2025-09-03T12:25:31.143000Z</time>
      </trkpt>
      <trkpt lat="19.273085" lon="98.549324">
        <ele>1158.740194</ele>
        <time>2025-09-03T12:25:36.967000Z</time>
      </trkpt>
      <trkpt lat="19.273048" lon="98.549086">
        <ele>1156.587793</ele>
        <time>2025-09-03T12:25:40.054000Z</time>
      </trkpt>
      <trkpt lat="19.27294" lon="98.548927">
        <ele>1154.83981</ele>
        <time>2025-09-03T12:25:42.544000Z</time>
      </trkpt>
      <trkpt lat="19.272617" lon="98.548698">
        <ele>1151.16569</ele>
        <time>2025-09-03T12:25:47.764000Z</time>
      </trkpt>
      <trkpt lat="19.272583" lon="98.548599">
        <ele>1150.225609</ele>
        <time>2025-09-03T12:25:49.107000Z</time>
      </trkpt>
      <trkpt lat="19.272596" lon="98.548477">
        <ele>1149.130026</ele>
        <time>2025-09-03T12:25:50.672000Z</time>
      </trkpt>
      <trkpt lat="19.272739" lon="98.547935">
        <ele>1144.108115</ele>
        <time>2025-09-03T12:25:57.936000Z</time>
      </trkpt>
      <trkpt lat="19.272718" lon="98.547584">
        <ele>1143.244279</ele>
        <time>2025-09-03T12:26:02.673000Z</time>
      </trkpt>
      <trkpt lat="19.27267" lon="98.547427">
        <ele>1143.088654</ele>
        <time>2025-09-03T12:26:04.994000Z</time>
      </trkpt>
      <trkpt lat="19.272595" lon="98.547295">
        <ele>1142.943367</ele>
        <time>2025-09-03T12:26:07.240000Z</time>
      </trkpt>
      <trkpt lat="19.272352" lon="98.547104">
        <ele>1142.641089</ele>
        <time>2025-09-03T12:26:12.255000Z</time>
      </trkpt>
      <trkpt lat="19.271931" lon="98.546875">
        <ele>1142.168309</ele>
        <time>2025-09-03T12:26:23.335000Z</time>
      </trkpt>
      <trkpt lat="19.27187" lon="98.546776">
        <ele>1142.056822</ele>
        <time>2025-09-03T12:26:27.145000Z</time>
      </trkpt>
      <trkpt lat="19.271867" lon="98.546663">
        <ele>1141.950219</ele>
        <time>2025-09-03T12:26:31.213000Z</time>
      </trkpt>
      <trkpt lat="19.271917" lon="98.546568">
        <ele>1141.847649</ele>
        <time>2025-09-03T12:26:35.483000Z</time>
      </trkpt>
      <trkpt lat="19.272065" lon="98.54643">
        <ele>1142.40613</ele>
        <time>2025-09-03T12:26:44.690000Z</time>
      </trkpt>
      <trkpt lat="19.272109" lon="98.54629">
        <ele>1143.87102</ele>
        <time>2025-09-03T12:26:51.853000Z</time>
      </trkpt>
      <trkpt lat="19.272078" lon="98.546137">
        <ele>1145.424555</ele>
        <time>2025-09-03T12:27:00.053000Z</time>
      </trkpt>
      <trkpt lat="19.271969" lon="98.545967">
        <ele>1147.464778</ele>
        <time>2025-09-03T12:27:11.553000Z</time>
      </trkpt>
      <trkpt lat="19.27127" lon="98.545192">
        <ele>1158.106255</ele>
        <time>2025-09-03T12:28:26.395000Z</time>
      </trkpt>
      <trkpt lat="19.271186" lon="98.545153">
        <ele>1159.070809</ele>
        <time>2025-09-03T12:28:33.674000Z</time>
      </trkpt>
      <trkpt lat="19.271099" lon="98.545147">
        <ele>1159.98773</ele>
        <time>2025-09-03T12:28:40.402000Z</time>
      </trkpt>
      <trkpt lat="19.270716" lon="98.545191">
        <ele>1161.051141</ele>
        <time>2025-09-03T12:29:07.460000Z</time>
      </trkpt>
      <trkpt lat="19.270596" lon="98.545142">
        <ele>1161.217288</ele>
        <time>2025-09-03T12:29:15.036000Z</time>
      </trkpt>
      <trkpt lat="19.270536" lon="98.545032">
        <ele>1161.372221</ele>
        <time>2025-09-03T12:29:21.278000Z</time>
      </trkpt>
      <trkpt lat="19.270536" lon="98.544922">
        <ele>1161.506369</ele>
        <time>2025-09-03T12:29:25.996000Z</time>
      </trkpt>
      <trkpt lat="19.270578" lon="98.544795">
        <ele>1161.670479</ele>
        <time>2025-09-03T12:29:30.891000Z</time>
      </trkpt>
      <trkpt lat="19.270744" lon="98.544533">
        <ele>1162.055293</ele>
        <time>2025-09-03T12:29:37.919000Z</time>
      </trkpt>
      <trkpt lat="19.270993" lon="98.544225">
        <ele>1162.549831</ele>
        <time>2025-09-03T12:29:43.673000Z</time>
      </trkpt>
      <trkpt lat="19.271192" lon="98.544055">
        <ele>1162.880098</ele>
        <time>2025-09-03T12:29:47.196000Z</time>
      </trkpt>
      <trkpt lat="19.271288" lon="98.544009">
        <ele>1162.681361</ele>
        <time>2025-09-03T12:29:48.619000Z</time>
      </trkpt>
      <trkpt lat="19.271602" lon="98.54398">
        <ele>1160.811072</ele>
        <time>2025-09-03T12:29:52.873000Z</time>
      </trkpt>
      <trkpt lat="19.272033" lon="98.544013">
        <ele>1158.246922</ele>
        <time>2025-09-03T12:29:58.808000Z</time>
      </trkpt>
      <trkpt lat="19.272149" lon="98.543962">
        <ele>1157.501674</ele>
        <time>2025-09-03T12:30:00.613000Z</time>
      </trkpt>
      <trkpt lat="19.272191" lon="98.543888">
        <ele>1157.018023</ele>
        <time>2025-09-03T12:30:01.802000Z</time>
      </trkpt>
      <trkpt lat="19.272202" lon="98.543766">
        <ele>1156.331554</ele>
        <time>2025-09-03T12:30:03.526000Z</time>
      </trkpt>
      <trkpt lat="19.2721" lon="98.543489">
        <ele>1154.66612</ele>
        <time>2025-09-03T12:30:08.022000Z</time>
      </trkpt>
      <trkpt lat="19.272083" lon="98.543374">
        <ele>1154.014119</ele>
        <time>2025-09-03T12:30:09.996000Z</time>
      </trkpt>
      <trkpt lat="19.272098" lon="98.543285">
        <ele>1153.507719</ele>
        <time>2025-09-03T12:30:11.562000Z</time>
      </trkpt>
      <trkpt lat="19.272229" lon="98.543065">
        <ele>1152.015075</ele>
        <time>2025-09-03T12:30:16.383000Z</time>
      </trkpt>
      <trkpt lat="19.272288" lon="98.542868">
        <ele>1150.680011</ele>
        <time>2025-09-03T12:30:20.276000Z</time>
      </trkpt>
      <trkpt lat="19.272273" lon="98.542801">
        <ele>1150.235209</ele>
        <time>2025-09-03T12:30:21.519000Z</time>
      </trkpt>
      <trkpt lat="19.272104" lon="98.542577">
        <ele>1148.382868</ele>
        <time>2025-09-03T12:30:26.121000Z</time>
      </trkpt>
      <trkpt lat="19.272062" lon="98.542377">
        <ele>1147.059353</ele>
        <time>2025-09-03T12:30:29.090000Z</time>
      </trkpt>
      <trkpt lat="19.272043" lon="98.542061">
        <ele>1145.013964</ele>
        <time>2025-09-03T12:30:33.365000Z</time>
      </trkpt>
      <trkpt lat="19.272005" lon="98.541967">
        <ele>1144.353417</ele>
        <time>2025-09-03T12:30:34.692000Z</time>
      </trkpt>
      <trkpt lat="19.271558" lon="98.541331">
        <ele>1138.831194</ele>
        <time>2025-09-03T12:30:44.680000Z</time>
      </trkpt>
      <trkpt lat="19.271448" lon="98.541217">
        <ele>1137.21156</ele>
        <time>2025-09-03T12:30:46.722000Z</time>
      </trkpt>
      <trkpt lat="19.270912" lon="98.540829">
        <ele>1130.378868</ele>
        <time>2025-09-03T12:30:55.405000Z</time>
      </trkpt>
      <trkpt lat="19.270778" lon="98.540797">
        <ele>1128.933125</ele>
        <time>2025-09-03T12:30:57.274000Z</time>
      </trkpt>
      <trkpt lat="19.270672" lon="98.540824">
        <ele>1127.785676</ele>
        <time>2025-09-03T12:30:58.765000Z</time>
      </trkpt>
      <trkpt lat="19.270492" lon="98.540943">
        <ele>1125.55252</ele>
        <time>2025-09-03T12:31:01.665000Z</time>
      </trkpt>
      <trkpt lat="19.270284" lon="98.541006">
        <ele>1123.275593</ele>
        <time>2025-09-03T12:31:04.633000Z</time>
      </trkpt>
      <trkpt lat="19.270221" lon="98.540984">
        <ele>1122.577419</ele>
        <time>2025-09-03T12:31:05.551000Z</time>
      </trkpt>
      <trkpt lat="19.270126" lon="98.54087">
        <ele>1121.066591</ele>
        <time>2025-09-03T12:31:07.519000Z</time>
      </trkpt>
      <trkpt lat="19.27013" lon="98.540709">
        <ele>1119.887464</ele>
        <time>2025-09-03T12:31:09.605000Z</time>
      </trkpt>
      <trkpt lat="19.270235" lon="98.54007">
        <ele>1115.162695</ele>
        <time>2025-09-03T12:31:17.996000Z</time>
      </trkpt>
      <trkpt lat="19.270221" lon="98.539786">
        <ele>1113.091088</ele>
        <time>2025-09-03T12:31:21.696000Z</time>
      </trkpt>
      <trkpt lat="19.270112" lon="98.539589">
        <ele>1111.427705</ele>
        <time>2025-09-03T12:31:24.704000Z</time>
      </trkpt>
      <trkpt lat="19.269853" lon="98.539259">
        <ele>1108.301485</ele>
        <time>2025-09-03T12:31:30.551000Z</time>
      </trkpt>
      <trkpt lat="19.269744" lon="98.538971">
        <ele>1106.985331</ele>
        <time>2025-09-03T12:31:35.062000Z</time>
      </trkpt>
      <trkpt lat="19.269753" lon="98.538763">
        <ele>1106.743289</ele>
        <time>2025-09-03T12:31:38.305000Z</time>
      </trkpt>
      <trkpt lat="19.269863" lon="98.538021">
        <ele>1105.870187</ele>
        <time>2025-09-03T12:31:52.328000Z</time>
      </trkpt>
      <trkpt lat="19.269908" lon="98.537415">
        <ele>1105.163573</ele>
        <time>2025-09-03T12:32:07.466000Z</time>
      </trkpt>
      <trkpt lat="19.270066" lon="98.537159">
        <ele>1104.889634</ele>
        <time>2025-09-03T12:32:14.526000Z</time>
      </trkpt>
      <trkpt lat="19.270527" lon="98.536739">
        <ele>1104.572202</ele>
        <time>2025-09-03T12:32:26.920000Z</time>
      </trkpt>
      <trkpt lat="19.270591" lon="98.536594">
        <ele>1104.493319</ele>
        <time>2025-09-03T12:32:29.819000Z</time>
      </trkpt>
      <trkpt lat="19.270533" lon="98.536362">
        <ele>1104.375045</ele>
        <time>2025-09-03T12:32:34.214000Z</time>
      </trkpt>
      <trkpt lat="19.270417" lon="98.536046">
        <ele>1104.207956</ele>
        <time>2025-09-03T12:32:40.502000Z</time>
      </trkpt>
      <trkpt lat="19.270403" lon="98.535769">
        <ele>1104.071252</ele>
        <time>2025-09-03T12:32:45.617000Z</time>
      </trkpt>
      <trkpt lat="19.270437" lon="98.535541">
        <ele>1104.093985</ele>
        <time>2025-09-03T12:32:49.836000Z</time>
      </trkpt>
      <trkpt lat="19.270635" lon="98.535175">
        <ele>1104.41952</ele>
        <time>2025-09-03T12:32:57.883000Z</time>
      </trkpt>
      <trkpt lat="19.270675" lon="98.535084">
        <ele>1104.496984</ele>
        <time>2025-09-03T12:32:59.915000Z</time>
      </trkpt>
      <trkpt lat="19.270681" lon="98.535001">
        <ele>1104.561222</ele>
        <time>2025-09-03T12:33:01.760000Z</time>
      </trkpt>
      <trkpt lat="19.270669" lon="98.534907">
        <ele>1104.634422</ele>
        <time>2025-09-03T12:33:04.001000Z</time>
      </trkpt>
      <trkpt lat="19.270611" lon="98.534784">
        <ele>1104.740524</ele>
        <time>2025-09-03T12:33:07.644000Z</time>
      </trkpt>
      <trkpt lat="19.270465" lon="98.534624">
        <ele>1104.912253</ele>
        <time>2025-09-03T12:33:14.245000Z</time>
      </trkpt>
      <trkpt lat="19.270202" lon="98.534435">
        <ele>1105.172057</ele>
        <time>2025-09-03T12:33:24.890000Z</time>
      </trkpt>
      <trkpt lat="19.270143" lon="98.53432">
        <ele>1105.273062</ele>
        <time>2025-09-03T12:33:28.872000Z</time>
      </trkpt>
      <trkpt lat="19.27012" lon="98.534172">
        <ele>1105.388811</ele>
        <time>2025-09-03T12:33:33.136000Z</time>
      </trkpt>
      <trkpt lat="19.270224" lon="98.533633">
        <ele>1105.087991</ele>
        <time>2025-09-03T12:33:46.344000Z</time>
      </trkpt>
      <trkpt lat="19.270232" lon="98.533265">
        <ele>1104.751945</ele>
        <time>2025-09-03T12:33:53.200000Z</time>
      </trkpt>
      <trkpt lat="19.270189" lon="98.532944">
        <ele>1104.45596</ele>
        <time>2025-09-03T12:33:58.817000Z</time>
      </trkpt>
      <trkpt lat="19.270034" lon="98.532654">
        <ele>1104.151719</ele>
        <time>2025-09-03T12:34:04.242000Z</time>
      </trkpt>
      <trkpt lat="19.269727" lon="98.532375">
        <ele>1103.760532</ele>
        <time>2025-09-03T12:34:11.024000Z</time>
      </trkpt>
      <trkpt lat="19.269298" lon="98.532289">
        <ele>1102.707732</ele>
        <time>2025-09-03T12:34:18.514000Z</time>
      </trkpt>
      <trkpt lat="19.269192" lon="98.532221">
        <ele>1102.400518</ele>
        <time>2025-09-03T12:34:20.712000Z</time>
      </trkpt>
      <trkpt lat="19.268835" lon="98.531687">
        <ele>1100.869178</ele>
        <time>2025-09-03T12:34:32.175000Z</time>
      </trkpt>
      <trkpt lat="19.268397" lon="98.53097">
        <ele>1098.594511</ele>
        <time>2025-09-03T12:34:45.441000Z</time>
      </trkpt>
      <trkpt lat="19.268334" lon="98.530801">
        <ele>1097.884424</ele>
        <time>2025-09-03T12:34:48.042000Z</time>
      </trkpt>
      <trkpt lat="19.268288" lon="98.53053">
        <ele>1096.808369</ele>
        <time>2025-09-03T12:34:51.917000Z</time>
      </trkpt>
      <trkpt lat="19.268289" lon="98.53032">
        <ele>1095.987676</ele>
        <time>2025-09-03T12:34:54.869000Z</time>
      </trkpt>
      <trkpt lat="19.26837" lon="98.529678">
        <ele>1093.456425</ele>
        <time>2025-09-03T12:35:04.151000Z</time>
      </trkpt>
      <trkpt lat="19.268491" lon="98.529363">
        <ele>1092.127386</ele>
        <time>2025-09-03T12:35:09.195000Z</time>
      </trkpt>
      <trkpt lat="19.268845" lon="98.528918">
        <ele>1090.310866</ele>
        <time>2025-09-03T12:35:18.756000Z</time>
      </trkpt>
      <trkpt lat="19.269083" lon="98.528333">
        <ele>1088.39596</ele>
        <time>2025-09-03T12:35:29.352000Z</time>
      </trkpt>
      <trkpt lat="19.269308" lon="98.527907">
        <ele>1086.928567</ele>
        <time>2025-09-03T12:35:36.802000Z</time>
      </trkpt>
      <trkpt lat="19.26963" lon="98.527615">
        <ele>1084.987714</ele>
        <time>2025-09-03T12:35:43.278000Z</time>
      </trkpt>
      <trkpt lat="19.269759" lon="98.527539">
        <ele>1083.993321</ele>
        <time>2025-09-03T12:35:45.479000Z</time>
      </trkpt>
      <trkpt lat="19.269822" lon="98.527461">
        <ele>1083.340504</ele>
        <time>2025-09-03T12:35:46.913000Z</time>
      </trkpt>
      <trkpt lat="19.269865" lon="98.527239">
        <ele>1081.899322</ele>
        <time>2025-09-03T12:35:50.058000Z</time>
      </trkpt>
      <trkpt lat="19.26992" lon="98.527107">
        <ele>1080.981756</ele>
        <time>2025-09-03T12:35:52.024000Z</time>
      </trkpt>
      <trkpt lat="19.270098" lon="98.526856">
        <ele>1078.985322</ele>
        <time>2025-09-03T12:35:56.279000Z</time>
      </trkpt>
      <trkpt lat="19.270091" lon="98.526749">
        <ele>1078.303244</ele>
        <time>2025-09-03T12:35:57.713000Z</time>
      </trkpt>
      <trkpt lat="19.270026" lon="98.526683">
        <ele>1077.696692</ele>
        <time>2025-09-03T12:35:58.997000Z</time>
      </trkpt>
      <trkpt lat="19.269664" lon="98.526536">
        <ele>1075.084959</ele>
        <time>2025-09-03T12:36:04.422000Z</time>
      </trkpt>
      <trkpt lat="19.26915" lon="98.52623">
        <ele>1069.988581</ele>
        <time>2025-09-03T12:36:12.595000Z</time>
      </trkpt>
      <trkpt lat="19.269062" lon="98.526123">
        <ele>1068.73362</ele>
        <time>2025-09-03T12:36:14.430000Z</time>
      </trkpt>
      <trkpt lat="19.269039" lon="98.526016">
        <ele>1067.763181</ele>
        <time>2025-09-03T12:36:15.846000Z</time>
      </trkpt>
      <trkpt lat="19.269064" lon="98.525665">
        <ele>1064.650413</ele>
        <time>2025-09-03T12:36:20.381000Z</time>
      </trkpt>
      <trkpt lat="19.269022" lon="98.525559">
        <ele>1063.633813</ele>
        <time>2025-09-03T12:36:21.869000Z</time>
      </trkpt>
      <trkpt lat="19.26893" lon="98.525452">
        <ele>1062.353924</ele>
        <time>2025-09-03T12:36:23.723000Z</time>
      </trkpt>
      <trkpt lat="19.268894" lon="98.525322">
        <ele>1061.155867</ele>
        <time>2025-09-03T12:36:25.459000Z</time>
      </trkpt>
      <trkpt lat="19.268911" lon="98.525157">
        <ele>1059.688081</ele>
        <time>2025-09-03T12:36:27.588000Z</time>
      </trkpt>
      <trkpt lat="19.269189" lon="98.524829">
        <ele>1056.158534</ele>
        <time>2025-09-03T12:36:33.251000Z</time>
      </trkpt>
      <trkpt lat="19.269263" lon="98.524713">
        <ele>1055.257962</ele>
        <time>2025-09-03T12:36:35.053000Z</time>
      </trkpt>
      <trkpt lat="19.269286" lon="98.52458">
        <ele>1054.388209</ele>
        <time>2025-09-03T12:36:36.804000Z</time>
      </trkpt>
      <trkpt lat="19.269207" lon="98.52449">
        <ele>1053.597678</ele>
        <time>2025-09-03T12:36:38.410000Z</time>
      </trkpt>
      <trkpt lat="19.268991" lon="98.524452">
        <ele>1052.105653</ele>
        <time>2025-09-03T12:36:41.460000Z</time>
      </trkpt>
      <trkpt lat="19.268887" lon="98.524353">
        <ele>1051.152892</ele>
        <time>2025-09-03T12:36:43.447000Z</time>
      </trkpt>
      <trkpt lat="19.268805" lon="98.524216">
        <ele>1050.109429</ele>
        <time>2025-09-03T12:36:45.640000Z</time>
      </trkpt>
      <trkpt lat="19.268688" lon="98.523849">
        <ele>1047.61772</ele>
        <time>2025-09-03T12:36:51.018000Z</time>
      </trkpt>
      <trkpt lat="19.268407" lon="98.523205">
        <ele>1044.29733</ele>
        <time>2025-09-03T12:37:01.689000Z</time>
      </trkpt>
      <trkpt lat="19.268406" lon="98.523079">
        <ele>1044.036949</ele>
        <time>2025-09-03T12:37:03.741000Z</time>
      </trkpt>
      <trkpt lat="19.268457" lon="98.522987">
        <ele>1043.81648</ele>
        <time>2025-09-03T12:37:05.520000Z</time>
      </trkpt>
      <trkpt lat="19.26876" lon="98.52274">
        <ele>1042.979541</ele>
        <time>2025-09-03T12:37:12.647000Z</time>
      </trkpt>
      <trkpt lat="19.26898" lon="98.522647">
        <ele>1042.461018</ele>
        <time>2025-09-03T12:37:17.292000Z</time>
      </trkpt>
      <trkpt lat="19.269114" lon="98.522498">
        <ele>1042.035758</ele>
        <time>2025-09-03T12:37:21.118000Z</time>
      </trkpt>
      <trkpt lat="19.269182" lon="98.522341">
        <ele>1041.678809</ele>
        <time>2025-09-03T12:37:24.330000Z</time>
      </trkpt>
      <trkpt lat="19.269186" lon="98.522145">
        <ele>1041.273694</ele>
        <time>2025-09-03T12:37:27.819000Z</time>
      </trkpt>
      <trkpt lat="19.269136" lon="98.522011">
        <ele>1040.975945</ele>
        <time>2025-09-03T12:37:30.248000Z</time>
      </trkpt>
      <trkpt lat="19.269031" lon="98.521879">
        <ele>1039.548041</ele>
        <time>2025-09-03T12:37:33.012000Z</time>
      </trkpt>
      <trkpt lat="19.268864" lon="98.52175">
        <ele>1037.623235</ele>
        <time>2025-09-03T12:37:36.314000Z</time>
      </trkpt>
      <trkpt lat="19.268672" lon="98.521445">
        <ele>1034.400413</ele>
        <time>2025-09-03T12:37:41.477000Z</time>
      </trkpt>
      <trkpt lat="19.268536" lon="98.521316">
        <ele>1032.700343</ele>
        <time>2025-09-03T12:37:44.065000Z</time>
      </trkpt>
      <trkpt lat="19.268421" lon="98.521263">
        <ele>1031.532402</ele>
        <time>2025-09-03T12:37:45.795000Z</time>
      </trkpt>
      <trkpt lat="19.268239" lon="98.521223">
        <ele>1029.801368</ele>
        <time>2025-09-03T12:37:48.320000Z</time>
      </trkpt>
      <trkpt lat="19.26788" lon="98.521281">
        <ele>1026.419395</ele>
        <time>2025-09-03T12:37:53.093000Z</time>
      </trkpt>
      <trkpt lat="19.267722" lon="98.521261">
        <ele>1024.937496</ele>
        <time>2025-09-03T12:37:55.155000Z</time>
      </trkpt>
      <trkpt lat="19.267597" lon="98.521164">
        <ele>1022.784094</ele>
        <time>2025-09-03T12:37:57.136000Z</time>
      </trkpt>
      <trkpt lat="19.267452" lon="98.520958">
        <ele>1018.243773</ele>
        <time>2025-09-03T12:38:00.222000Z</time>
      </trkpt>
      <trkpt lat="19.267235" lon="98.520325">
        <ele>1006.344513</ele>
        <time>2025-09-03T12:38:08.255000Z</time>
      </trkpt>
      <trkpt lat="19.267103" lon="98.520218">
        <ele>1003.233432</ele>
        <time>2025-09-03T12:38:10.344000Z</time>
      </trkpt>
      <trkpt lat="19.266987" lon="98.520172">
        <ele>1000.915053</ele>
        <time>2025-09-03T12:38:11.911000Z</time>
      </trkpt>
      <trkpt lat="19.26656" lon="98.520104">
        <ele>992.83285</ele>
        <time>2025-09-03T12:38:17.402000Z</time>
      </trkpt>
      <trkpt lat="19.266437" lon="98.52002">
        <ele>990.410997</ele>
        <time>2025-09-03T12:38:19.284000Z</time>
      </trkpt>
      <trkpt lat="19.266338" lon="98.519875">
        <ele>989.539726</ele>
        <time>2025-09-03T12:38:21.508000Z</time>
      </trkpt>
      <trkpt lat="19.266293" lon="98.519707">
        <ele>988.689481</ele>
        <time>2025-09-03T12:38:23.739000Z</time>
      </trkpt>
      <trkpt lat="19.266296" lon="98.519562">
        <ele>987.983339</ele>
        <time>2025-09-03T12:38:25.656000Z</time>
      </trkpt>
      <trkpt lat="19.266361" lon="98.51934">
        <ele>986.851675</ele>
        <time>2025-09-03T12:38:28.958000Z</time>
      </trkpt>
      <trkpt lat="19.266432" lon="98.519243">
        <ele>986.254067</ele>
        <time>2025-09-03T12:38:30.921000Z</time>
      </trkpt>
      <trkpt lat="19.266554" lon="98.519221">
        <ele>985.615785</ele>
        <time>2025-09-03T12:38:33.308000Z</time>
      </trkpt>
      <trkpt lat="19.266699" lon="98.519272">
        <ele>984.827784</ele>
        <time>2025-09-03T12:38:36.906000Z</time>
      </trkpt>
      <trkpt lat="19.266817" lon="98.519348">
        <ele>984.115525</ele>
        <time>2025-09-03T12:38:40.551000Z</time>
      </trkpt>
      <trkpt lat="19.267339" lon="98.519848">
        <ele>980.257633</ele>
        <time>2025-09-03T12:38:57.606000Z</time>
      </trkpt>
      <trkpt lat="19.267436" lon="98.519844">
        <ele>979.608407</ele>
        <time>2025-09-03T12:38:59.345000Z</time>
      </trkpt>
      <trkpt lat="19.267504" lon="98.519753">
        <ele>978.875673</ele>
        <time>2025-09-03T12:39:01.192000Z</time>
      </trkpt>
      <trkpt lat="19.267498" lon="98.519657">
        <ele>978.268262</ele>
        <time>2025-09-03T12:39:02.643000Z</time>
      </trkpt>
      <trkpt lat="19.267082" lon="98.519119">
        <ele>973.877639</ele>
        <time>2025-09-03T12:39:11.998000Z</time>
      </trkpt>
      <trkpt lat="19.266705" lon="98.518812">
        <ele>970.697389</ele>
        <time>2025-09-03T12:39:18.390000Z</time>
      </trkpt>
      <trkpt lat="19.266515" lon="98.518768">
        <ele>969.396662</ele>
        <time>2025-09-03T12:39:20.994000Z</time>
      </trkpt>
      <trkpt lat="19.266346" lon="98.518799">
        <ele>967.994816</ele>
        <time>2025-09-03T12:39:23.319000Z</time>
      </trkpt>
      <trkpt lat="19.26598" lon="98.518986">
        <ele>964.567886</ele>
        <time>2025-09-03T12:39:28.909000Z</time>
      </trkpt>
      <trkpt lat="19.265885" lon="98.519014">
        <ele>963.736271</ele>
        <time>2025-09-03T12:39:30.279000Z</time>
      </trkpt>
      <trkpt lat="19.265817" lon="98.518965">
        <ele>963.042689</ele>
        <time>2025-09-03T12:39:31.441000Z</time>
      </trkpt>
      <trkpt lat="19.265816" lon="98.518874">
        <ele>962.31817</ele>
        <time>2025-09-03T12:39:32.654000Z</time>
      </trkpt>
      <trkpt lat="19.266017" lon="98.518452">
        <ele>958.555114</ele>
        <time>2025-09-03T12:39:39.028000Z</time>
      </trkpt>
      <trkpt lat="19.266058" lon="98.5183">
        <ele>957.29658</ele>
        <time>2025-09-03T12:39:41.166000Z</time>
      </trkpt>
      <trkpt lat="19.266057" lon="98.518114">
        <ele>955.815773</ele>
        <time>2025-09-03T12:39:43.654000Z</time>
      </trkpt>
      <trkpt lat="19.266022" lon="98.517998">
        <ele>954.846248</ele>
        <time>2025-09-03T12:39:45.283000Z</time>
      </trkpt>
      <trkpt lat="19.265946" lon="98.51788">
        <ele>953.629073</ele>
        <time>2025-09-03T12:39:47.172000Z</time>
      </trkpt>
      <trkpt lat="19.265748" lon="98.517746">
        <ele>951.192182</ele>
        <time>2025-09-03T12:39:50.442000Z</time>
      </trkpt>
      <trkpt lat="19.26569" lon="98.517673">
        <ele>950.257997</ele>
        <time>2025-09-03T12:39:51.682000Z</time>
      </trkpt>
      <trkpt lat="19.26571" lon="98.517576">
        <ele>949.285901</ele>
        <time>2025-09-03T12:39:52.977000Z</time>
      </trkpt>
      <trkpt lat="19.265802" lon="98.5175">
        <ele>948.075876</ele>
        <time>2025-09-03T12:39:54.577000Z</time>
      </trkpt>
      <trkpt lat="19.266093" lon="98.517441">
        <ele>945.002954</ele>
        <time>2025-09-03T12:39:58.610000Z</time>
      </trkpt>
      <trkpt lat="19.266206" lon="98.517333">
        <ele>943.424453</ele>
        <time>2025-09-03T12:40:00.672000Z</time>
      </trkpt>
      <trkpt lat="19.266303" lon="98.517095">
        <ele>940.886352</ele>
        <time>2025-09-03T12:40:03.944000Z</time>
      </trkpt>
      <trkpt lat="19.266404" lon="98.516488">
        <ele>934.700725</ele>
        <time>2025-09-03T12:40:11.677000Z</time>
      </trkpt>
      <trkpt lat="19.266444" lon="98.516176">
        <ele>930.771812</ele>
        <time>2025-09-03T12:40:15.601000Z</time>
      </trkpt>
      <trkpt lat="19.26643" lon="98.515922">
        <ele>927.596972</ele>
        <time>2025-09-03T12:40:18.773000Z</time>
      </trkpt>
      <trkpt lat="19.266328" lon="98.515694">
        <ele>924.448647</ele>
        <time>2025-09-03T12:40:21.898000Z</time>
      </trkpt>
      <trkpt lat="19.265922" lon="98.515198">
        <ele>916.256765</ele>
        <time>2025-09-03T12:40:30.004000Z</time>
      </trkpt>
      <trkpt lat="19.265787" lon="98.514961">
        <ele>912.802759</ele>
        <time>2025-09-03T12:40:33.413000Z</time>
      </trkpt>
      <trkpt lat="19.265749" lon="98.514679">
        <ele>909.961075</ele>
        <time>2025-09-03T12:40:36.941000Z</time>
      </trkpt>
      <trkpt lat="19.265796" lon="98.514325">
        <ele>906.837196</ele>
        <time>2025-09-03T12:40:41.408000Z</time>
      </trkpt>
      <trkpt lat="19.26596" lon="98.513899">
        <ele>902.816934</ele>
        <time>2025-09-03T12:40:47.333000Z</time>
      </trkpt>
      <trkpt lat="19.26599" lon="98.513712">
        <ele>901.159404</ele>
        <time>2025-09-03T12:40:49.856000Z</time>
      </trkpt>
      <trkpt lat="19.265959" lon="98.513548">
        <ele>899.697842</ele>
        <time>2025-09-03T12:40:52.134000Z</time>
      </trkpt>
      <trkpt lat="19.265887" lon="98.51344">
        <ele>898.542463</ele>
        <time>2025-09-03T12:40:53.931000Z</time>
      </trkpt>
      <trkpt lat="19.265792" lon="98.513382">
        <ele>897.527458</ele>
        <time>2025-09-03T12:40:55.533000Z</time>
      </trkpt>
      <trkpt lat="19.265669" lon="98.513382">
        <ele>896.388857</ele>
        <time>2025-09-03T12:40:57.354000Z</time>
      </trkpt>
      <trkpt lat="19.265328" lon="98.513558">
        <ele>893.396156</ele>
        <time>2025-09-03T12:41:02.992000Z</time>
      </trkpt>
      <trkpt lat="19.265235" lon="98.513592">
        <ele>892.710429</ele>
        <time>2025-09-03T12:41:04.458000Z</time>
      </trkpt>
      <trkpt lat="19.265192" lon="98.513562">
        <ele>892.351557</ele>
        <time>2025-09-03T12:41:05.218000Z</time>
      </trkpt>
      <trkpt lat="19.265194" lon="98.513501">
        <ele>891.949955</ele>
        <time>2025-09-03T12:41:06.073000Z</time>
      </trkpt>
      <trkpt lat="19.265259" lon="98.513425">
        <ele>891.275188</ele>
        <time>2025-09-03T12:41:07.496000Z</time>
      </trkpt>
      <trkpt lat="19.265685" lon="98.513096">
        <ele>887.60065</ele>
        <time>2025-09-03T12:41:15.130000Z</time>
      </trkpt>
      <trkpt lat="19.265885" lon="98.512769">
        <ele>885.036981</ele>
        <time>2025-09-03T12:41:20.272000Z</time>
      </trkpt>
      <trkpt lat="19.265937" lon="98.51253">
        <ele>883.423216</ele>
        <time>2025-09-03T12:41:23.453000Z</time>
      </trkpt>
      <trkpt lat="19.265908" lon="98.512253">
        <ele>881.600199</ele>
        <time>2025-09-03T12:41:27.071000Z</time>
      </trkpt>
      <trkpt lat="19.265361" lon="98.510463">
        <ele>869.528044</ele>
        <time>2025-09-03T12:41:52.728000Z</time>
      </trkpt>
      <trkpt lat="19.265269" lon="98.510042">
        <ele>867.340306</ele>
        <time>2025-09-03T12:41:58.742000Z</time>
      </trkpt>
      <trkpt lat="19.265262" lon="98.509567">
        <ele>864.935255</ele>
        <time>2025-09-03T12:42:05.491000Z</time>
      </trkpt>
      <trkpt lat="19.265177" lon="98.50927">
        <ele>863.364065</ele>
        <time>2025-09-03T12:42:09.928000Z</time>
      </trkpt>
      <trkpt lat="19.265092" lon="98.509148">
        <ele>862.596416</ele>
        <time>2025-09-03T12:42:12.062000Z</time>
      </trkpt>
      <trkpt lat="19.264955" lon="98.509064">
        <ele>861.747492</ele>
        <time>2025-09-03T12:42:14.428000Z</time>
      </trkpt>
      <trkpt lat="19.264736" lon="98.509026">
        <ele>860.55735</ele>
        <time>2025-09-03T12:42:17.730000Z</time>
      </trkpt>
      <trkpt lat="19.264571" lon="98.508959">
        <ele>859.955935</ele>
        <time>2025-09-03T12:42:20.381000Z</time>
      </trkpt>
      <trkpt lat="19.264533" lon="98.508871">
        <ele>859.676484</ele>
        <time>2025-09-03T12:42:21.769000Z</time>
      </trkpt>
      <trkpt lat="19.264606" lon="98.508765">
        <ele>859.297579</ele>
        <time>2025-09-03T12:42:23.694000Z</time>
      </trkpt>
      <trkpt lat="19.26501" lon="98.508522">
        <ele>857.876381</ele>
        <time>2025-09-03T12:42:31.418000Z</time>
      </trkpt>
      <trkpt lat="19.265132" lon="98.508358">
        <ele>857.273406</ele>
        <time>2025-09-03T12:42:34.890000Z</time>
      </trkpt>
      <trkpt lat="19.265186" lon="98.508167">
        <ele>856.697634</ele>
        <time>2025-09-03T12:42:38.272000Z</time>
      </trkpt>
      <trkpt lat="19.265165" lon="98.507973">
        <ele>856.133733</ele>
        <time>2025-09-03T12:42:41.653000Z</time>
      </trkpt>
      <trkpt lat="19.265118" lon="98.50782">
        <ele>855.669098</ele>
        <time>2025-09-03T12:42:44.376000Z</time>
      </trkpt>
      <trkpt lat="19.265018" lon="98.507695">
        <ele>855.195937</ele>
        <time>2025-09-03T12:42:47.067000Z</time>
      </trkpt>
      <trkpt lat="19.264736" lon="98.507529">
        <ele>853.365544</ele>
        <time>2025-09-03T12:42:52.339000Z</time>
      </trkpt>
      <trkpt lat="19.264668" lon="98.507446">
        <ele>852.668182</ele>
        <time>2025-09-03T12:42:54.010000Z</time>
      </trkpt>
      <trkpt lat="19.264659" lon="98.50734">
        <ele>851.992846</ele>
        <time>2025-09-03T12:42:55.635000Z</time>
      </trkpt>
      <trkpt lat="19.264729" lon="98.507235">
        <ele>851.177174</ele>
        <time>2025-09-03T12:42:57.605000Z</time>
      </trkpt>
      <trkpt lat="19.264849" lon="98.507213">
        <ele>850.358559</ele>
        <time>2025-09-03T12:42:59.544000Z</time>
      </trkpt>
      <trkpt lat="19.264972" lon="98.507151">
        <ele>849.442939</ele>
        <time>2025-09-03T12:43:01.683000Z</time>
      </trkpt>
      <trkpt lat="19.265058" lon="98.507022">
        <ele>848.440829</ele>
        <time>2025-09-03T12:43:03.926000Z</time>
      </trkpt>
      <trkpt lat="19.265141" lon="98.506694">
        <ele>846.286039</ele>
        <time>2025-09-03T12:43:08.497000Z</time>
      </trkpt>
      <trkpt lat="19.265434" lon="98.506314">
        <ele>843.172652</ele>
        <time>2025-09-03T12:43:14.750000Z</time>
      </trkpt>
      <trkpt lat="19.265491" lon="98.506167">
        <ele>841.396356</ele>
        <time>2025-09-03T12:43:16.731000Z</time>
      </trkpt>
      <trkpt lat="19.265481" lon="98.506">
        <ele>839.097281</ele>
        <time>2025-09-03T12:43:18.801000Z</time>
      </trkpt>
      <trkpt lat="19.265391" lon="98.505853">
        <ele>836.690018</ele>
        <time>2025-09-03T12:43:20.940000Z</time>
      </trkpt>
      <trkpt lat="19.265392" lon="98.505739">
        <ele>835.12367</ele>
        <time>2025-09-03T12:43:22.346000Z</time>
      </trkpt>
      <trkpt lat="19.265473" lon="98.50567">
        <ele>833.610878</ele>
        <time>2025-09-03T12:43:23.696000Z</time>
      </trkpt>
      <trkpt lat="19.265624" lon="98.505642">
        <ele>831.379756</ele>
        <time>2025-09-03T12:43:25.688000Z</time>
      </trkpt>
      <trkpt lat="19.265846" lon="98.50568">
        <ele>828.106781</ele>
        <time>2025-09-03T12:43:28.603000Z</time>
      </trkpt>
      <trkpt lat="19.265986" lon="98.505669">
        <ele>826.063576</ele>
        <time>2025-09-03T12:43:30.423000Z</time>
      </trkpt>
      <trkpt lat="19.266256" lon="98.505386">
        <ele>820.535422</ele>
        <time>2025-09-03T12:43:35.339000Z</time>
      </trkpt>
      <trkpt lat="19.266381" lon="98.505118">
        <ele>816.395245</ele>
        <time>2025-09-03T12:43:38.990000Z</time>
      </trkpt>
      <trkpt lat="19.266573" lon="98.504921">
        <ele>811.910333</ele>
        <time>2025-09-03T12:43:42.433000Z</time>
      </trkpt>
      <trkpt lat="19.266877" lon="98.504815">
        <ele>806.540379</ele>
        <time>2025-09-03T12:43:46.585000Z</time>
      </trkpt>
      <trkpt lat="19.266988" lon="98.504731">
        <ele>804.251523</ele>
        <time>2025-09-03T12:43:48.359000Z</time>
      </trkpt>
      <trkpt lat="19.267104" lon="98.504427">
        <ele>799.057971</ele>
        <time>2025-09-03T12:43:52.372000Z</time>
      </trkpt>
      <trkpt lat="19.267185" lon="98.504312">
        <ele>796.78533</ele>
        <time>2025-09-03T12:43:54.122000Z</time>
      </trkpt>
      <trkpt lat="19.267312" lon="98.504287">
        <ele>794.617948</ele>
        <time>2025-09-03T12:43:55.795000Z</time>
      </trkpt>
      <trkpt lat="19.267631" lon="98.504346">
        <ele>789.184557</ele>
        <time>2025-09-03T12:43:59.930000Z</time>
      </trkpt>
      <trkpt lat="19.26776" lon="98.504306">
        <ele>786.929278</ele>
        <time>2025-09-03T12:44:01.634000Z</time>
      </trkpt>
      <trkpt lat="19.267929" lon="98.504147">
        <ele>783.228723</ele>
        <time>2025-09-03T12:44:04.491000Z</time>
      </trkpt>
      <trkpt lat="19.268094" lon="98.504041">
        <ele>780.080326</ele>
        <time>2025-09-03T12:44:06.936000Z</time>
      </trkpt>
      <trkpt lat="19.268291" lon="98.503978">
        <ele>776.722916</ele>
        <time>2025-09-03T12:44:09.553000Z</time>
      </trkpt>
      <trkpt lat="19.268494" lon="98.504005">
        <ele>773.384875</ele>
        <time>2025-09-03T12:44:12.153000Z</time>
      </trkpt>
      <trkpt lat="19.268951" lon="98.504165">
        <ele>765.532051</ele>
        <time>2025-09-03T12:44:18.335000Z</time>
      </trkpt>
      <trkpt lat="19.269085" lon="98.504183">
        <ele>763.328273</ele>
        <time>2025-09-03T12:44:20.094000Z</time>
      </trkpt>
      <trkpt lat="19.269207" lon="98.504138">
        <ele>761.220579</ele>
        <time>2025-09-03T12:44:21.783000Z</time>
      </trkpt>
      <trkpt lat="19.269259" lon="98.504037">
        <ele>759.448713</ele>
        <time>2025-09-03T12:44:23.215000Z</time>
      </trkpt>
      <trkpt lat="19.269253" lon="98.503746">
        <ele>756.665265</ele>
        <time>2025-09-03T12:44:26.891000Z</time>
      </trkpt>
      <trkpt lat="19.269285" lon="98.503525">
        <ele>755.937739</ele>
        <time>2025-09-03T12:44:29.848000Z</time>
      </trkpt>
      <trkpt lat="19.269365" lon="98.503433">
        <ele>755.530725</ele>
        <time>2025-09-03T12:44:31.617000Z</time>
      </trkpt>
      <trkpt lat="19.269461" lon="98.50338">
        <ele>755.157569</ele>
        <time>2025-09-03T12:44:33.371000Z</time>
      </trkpt>
      <trkpt lat="19.269787" lon="98.503292">
        <ele>753.997931</ele>
        <time>2025-09-03T12:44:41.582000Z</time>
      </trkpt>
      <trkpt lat="19.269884" lon="98.503235">
        <ele>753.615573</ele>
        <time>2025-09-03T12:44:45.050000Z</time>
      </trkpt>
      <trkpt lat="19.269951" lon="98.503102">
        <ele>753.125036</ele>
        <time>2025-09-03T12:44:49.740000Z</time>
      </trkpt>
      <trkpt lat="19.269969" lon="98.502958">
        <ele>752.652384</ele>
        <time>2025-09-03T12:44:54.202000Z</time>
      </trkpt>
      <trkpt lat="19.269953" lon="98.502752">
        <ele>751.979816</ele>
        <time>2025-09-03T12:44:59.877000Z</time>
      </trkpt>
      <trkpt lat="19.269816" lon="98.502487">
        <ele>750.996686</ele>
        <time>2025-09-03T12:45:05.409000Z</time>
      </trkpt>
      <trkpt lat="19.269639" lon="98.502341">
        <ele>748.349305</ele>
        <time>2025-09-03T12:45:08.889000Z</time>
      </trkpt>
      <trkpt lat="19.269566" lon="98.502174">
        <ele>746.140546</ele>
        <time>2025-09-03T12:45:11.385000Z</time>
      </trkpt>
      <trkpt lat="19.269619" lon="98.502028">
        <ele>744.263188</ele>
        <time>2025-09-03T12:45:13.430000Z</time>
      </trkpt>
      <trkpt lat="19.269768" lon="98.501916">
        <ele>741.940346</ele>
        <time>2025-09-03T12:45:15.884000Z</time>
      </trkpt>
      <trkpt lat="19.269949" lon="98.501869">
        <ele>739.570976</ele>
        <time>2025-09-03T12:45:18.320000Z</time>
      </trkpt>
      <trkpt lat="19.270388" lon="98.5019">
        <ele>733.977119</ele>
        <time>2025-09-03T12:45:23.949000Z</time>
      </trkpt>
      <trkpt lat="19.270733" lon="98.501988">
        <ele>729.465411</ele>
        <time>2025-09-03T12:45:28.449000Z</time>
      </trkpt>
      <trkpt lat="19.270872" lon="98.501992">
        <ele>727.730844</ele>
        <time>2025-09-03T12:45:30.216000Z</time>
      </trkpt>
      <trkpt lat="19.271016" lon="98.501913">
        <ele>725.862721</ele>
        <time>2025-09-03T12:45:32.290000Z</time>
      </trkpt>
      <trkpt lat="19.271315" lon="98.501488">
        <ele>720.098702</ele>
        <time>2025-09-03T12:45:38.779000Z</time>
      </trkpt>
      <trkpt lat="19.27138" lon="98.501325">
        <ele>718.174494</ele>
        <time>2025-09-03T12:45:41.018000Z</time>
      </trkpt>
      <trkpt lat="19.271374" lon="98.501212">
        <ele>716.94374</ele>
        <time>2025-09-03T12:45:42.458000Z</time>
      </trkpt>
      <trkpt lat="19.271318" lon="98.501133">
        <ele>715.869405</ele>
        <time>2025-09-03T12:45:43.750000Z</time>
      </trkpt>
      <trkpt lat="19.271183" lon="98.501071">
        <ele>714.174356</ele>
        <time>2025-09-03T12:45:45.822000Z</time>
      </trkpt>
      <trkpt lat="19.27111" lon="98.500963">
        <ele>712.729877</ele>
        <time>2025-09-03T12:45:47.629000Z</time>
      </trkpt>
      <trkpt lat="19.27115" lon="98.500848">
        <ele>711.39712</ele>
        <time>2025-09-03T12:45:49.334000Z</time>
      </trkpt>
      <trkpt lat="19.271261" lon="98.50078">
        <ele>709.919989</ele>
        <time>2025-09-03T12:45:51.226000Z</time>
      </trkpt>
      <trkpt lat="19.271465" lon="98.500741">
        <ele>707.531958</ele>
        <time>2025-09-03T12:45:54.323000Z</time>
      </trkpt>
      <trkpt lat="19.271655" lon="98.500619">
        <ele>705.138111</ele>
        <time>2025-09-03T12:45:57.600000Z</time>
      </trkpt>
      <trkpt lat="19.271772" lon="98.500457">
        <ele>703.075669</ele>
        <time>2025-09-03T12:46:00.327000Z</time>
      </trkpt>
      <trkpt lat="19.271842" lon="98.500289">
        <ele>701.218873</ele>
        <time>2025-09-03T12:46:02.729000Z</time>
      </trkpt>
      <trkpt lat="19.271827" lon="98.500059">
        <ele>698.887762</ele>
        <time>2025-09-03T12:46:05.667000Z</time>
      </trkpt>
      <trkpt lat="19.27172" lon="98.49977">
        <ele>695.748907</ele>
        <time>2025-09-03T12:46:09.547000Z</time>
      </trkpt>
      <trkpt lat="19.271749" lon="98.499669">
        <ele>694.681482</ele>
        <time>2025-09-03T12:46:10.850000Z</time>
      </trkpt>
      <trkpt lat="19.27186" lon="98.49966">
        <ele>693.48904</ele>
        <time>2025-09-03T12:46:12.309000Z</time>
      </trkpt>
      <trkpt lat="19.272126" lon="98.499779">
        <ele>690.396167</ele>
        <time>2025-09-03T12:46:16.116000Z</time>
      </trkpt>
      <trkpt lat="19.272331" lon="98.499832">
        <ele>688.135886</ele>
        <time>2025-09-03T12:46:18.899000Z</time>
      </trkpt>
      <trkpt lat="19.272552" lon="98.499812">
        <ele>685.469665</ele>
        <time>2025-09-03T12:46:21.818000Z</time>
      </trkpt>
      <trkpt lat="19.272839" lon="98.499676">
        <ele>681.677916</ele>
        <time>2025-09-03T12:46:25.934000Z</time>
      </trkpt>
      <trkpt lat="19.274042" lon="98.498972">
        <ele>665.039721</ele>
        <time>2025-09-03T12:46:44.337000Z</time>
      </trkpt>
      <trkpt lat="19.274447" lon="98.498866">
        <ele>659.757485</ele>
        <time>2025-09-03T12:46:49.899000Z</time>
      </trkpt>
      <trkpt lat="19.274937" lon="98.49878">
        <ele>653.468608</ele>
        <time>2025-09-03T12:46:56.423000Z</time>
      </trkpt>
      <trkpt lat="19.275391" lon="98.498785">
        <ele>647.719816</ele>
        <time>2025-09-03T12:47:02.367000Z</time>
      </trkpt>
      <trkpt lat="19.275772" lon="98.498819">
        <ele>643.033578</ele>
        <time>2025-09-03T12:47:07.392000Z</time>
      </trkpt>
      <trkpt lat="19.27585" lon="98.498752">
        <ele>642.035211</ele>
        <time>2025-09-03T12:47:08.714000Z</time>
      </trkpt>
      <trkpt lat="19.276016" lon="98.498403">
        <ele>638.367623</ele>
        <time>2025-09-03T12:47:13.644000Z</time>
      </trkpt>
      <trkpt lat="19.276093" lon="98.498324">
        <ele>637.301922</ele>
        <time>2025-09-03T12:47:15.094000Z</time>
      </trkpt>
      <trkpt lat="19.276383" lon="98.498171">
        <ele>634.080961</ele>
        <time>2025-09-03T12:47:19.530000Z</time>
      </trkpt>
      <trkpt lat="19.276484" lon="98.498063">
        <ele>632.654215</ele>
        <time>2025-09-03T12:47:21.512000Z</time>
      </trkpt>
      <trkpt lat="19.276551" lon="98.497923">
        <ele>631.181143</ele>
        <time>2025-09-03T12:47:23.583000Z</time>
      </trkpt>
      <trkpt lat="19.276681" lon="98.497412">
        <ele>626.214444</ele>
        <time>2025-09-03T12:47:30.595000Z</time>
      </trkpt>
      <trkpt lat="19.276785" lon="98.497128">
        <ele>623.910735</ele>
        <time>2025-09-03T12:47:34.617000Z</time>
      </trkpt>
      <trkpt lat="19.276905" lon="98.496927">
        <ele>622.203242</ele>
        <time>2025-09-03T12:47:37.736000Z</time>
      </trkpt>
      <trkpt lat="19.277075" lon="98.496755">
        <ele>620.415283</ele>
        <time>2025-09-03T12:47:40.993000Z</time>
      </trkpt>
      <trkpt lat="19.277841" lon="98.496215">
        <ele>613.417096</ele>
        <time>2025-09-03T12:47:53.893000Z</time>
      </trkpt>
      <trkpt lat="19.27797" lon="98.496068">
        <ele>612.001689</ele>
        <time>2025-09-03T12:47:56.616000Z</time>
      </trkpt>
      <trkpt lat="19.278763" lon="98.494728">
        <ele>605.376208</ele>
        <time>2025-09-03T12:48:19.949000Z</time>
      </trkpt>
      <trkpt lat="19.278882" lon="98.49445">
        <ele>604.09747</ele>
        <time>2025-09-03T12:48:24.690000Z</time>
      </trkpt>
      <trkpt lat="19.278939" lon="98.494193">
        <ele>602.73544</ele>
        <time>2025-09-03T12:48:28.675000Z</time>
      </trkpt>
      <trkpt lat="19.279008" lon="98.493528">
        <ele>599.258066</ele>
        <time>2025-09-03T12:48:38.421000Z</time>
      </trkpt>
      <trkpt lat="19.279253" lon="98.49281">
        <ele>595.289664</ele>
        <time>2025-09-03T12:48:48.947000Z</time>
      </trkpt>
      <trkpt lat="19.279324" lon="98.491985">
        <ele>589.350914</ele>
        <time>2025-09-03T12:48:59.915000Z</time>
      </trkpt>
      <trkpt lat="19.279397" lon="98.491771">
        <ele>587.558407</ele>
        <time>2025-09-03T12:49:02.884000Z</time>
      </trkpt>
      <trkpt lat="19.279535" lon="98.49161">
        <ele>585.845238</ele>
        <time>2025-09-03T12:49:05.717000Z</time>
      </trkpt>
      <trkpt lat="19.280376" lon="98.491019">
        <ele>577.663038</ele>
        <time>2025-09-03T12:49:19.677000Z</time>
      </trkpt>
      <trkpt lat="19.280603" lon="98.490768">
        <ele>575.307704</ele>
        <time>2025-09-03T12:49:24.266000Z</time>
      </trkpt>
      <trkpt lat="19.281183" lon="98.489937">
        <ele>568.305002</ele>
        <time>2025-09-03T12:49:38.242000Z</time>
      </trkpt>
      <trkpt lat="19.281429" lon="98.489471">
        <ele>565.042148</ele>
        <time>2025-09-03T12:49:45.678000Z</time>
      </trkpt>
      <trkpt lat="19.281578" lon="98.489256">
        <ele>563.650957</ele>
        <time>2025-09-03T12:49:49.435000Z</time>
      </trkpt>
      <trkpt lat="19.2822" lon="98.488571">
        <ele>558.693331</ele>
        <time>2025-09-03T12:50:02.879000Z</time>
      </trkpt>
      <trkpt lat="19.282278" lon="98.488434">
        <ele>557.858846</ele>
        <time>2025-09-03T12:50:05.135000Z</time>
      </trkpt>
      <trkpt lat="19.282457" lon="98.487831">
        <ele>554.714602</ele>
        <time>2025-09-03T12:50:13.972000Z</time>
      </trkpt>
      <trkpt lat="19.28254" lon="98.487679">
        <ele>553.879654</ele>
        <time>2025-09-03T12:50:16.441000Z</time>
      </trkpt>
      <trkpt lat="19.28265" lon="98.48758">
        <ele>553.152595</ele>
        <time>2025-09-03T12:50:18.592000Z</time>
      </trkpt>
      <trkpt lat="19.283042" lon="98.48741">
        <ele>551.01892</ele>
        <time>2025-09-03T12:50:24.966000Z</time>
      </trkpt>
      <trkpt lat="19.283142" lon="98.487294">
        <ele>550.271955</ele>
        <time>2025-09-03T12:50:27.208000Z</time>
      </trkpt>
      <trkpt lat="19.283217" lon="98.487106">
        <ele>549.301503</ele>
        <time>2025-09-03T12:50:30.138000Z</time>
      </trkpt>
      <trkpt lat="19.283304" lon="98.486636">
        <ele>547.030789</ele>
        <time>2025-09-03T12:50:37.101000Z</time>
      </trkpt>
      <trkpt lat="19.283365" lon="98.486458">
        <ele>546.159264</ele>
        <time>2025-09-03T12:50:39.868000Z</time>
      </trkpt>
      <trkpt lat="19.2838" lon="98.485827">
        <ele>542.563165</ele>
        <time>2025-09-03T12:50:51.260000Z</time>
      </trkpt>
      <trkpt lat="19.284136" lon="98.485472">
        <ele>540.249458</ele>
        <time>2025-09-03T12:50:58.419000Z</time>
      </trkpt>
      <trkpt lat="19.284579" lon="98.484764">
        <ele>535.853029</ele>
        <time>2025-09-03T12:51:10.298000Z</time>
      </trkpt>
      <trkpt lat="19.285131" lon="98.484074">
        <ele>530.733608</ele>
        <time>2025-09-03T12:51:22.756000Z</time>
      </trkpt>
      <trkpt lat="19.285214" lon="98.483936">
        <ele>529.807437</ele>
        <time>2025-09-03T12:51:24.997000Z</time>
      </trkpt>
      <trkpt lat="19.285495" lon="98.483303">
        <ele>525.942714</ele>
        <time>2025-09-03T12:51:34.627000Z</time>
      </trkpt>
      <trkpt lat="19.285572" lon="98.483175">
        <ele>525.128072</ele>
        <time>2025-09-03T12:51:36.735000Z</time>
      </trkpt>
      <trkpt lat="19.286356" lon="98.481885">
        <ele>516.918258</ele>
        <time>2025-09-03T12:51:58.351000Z</time>
      </trkpt>
      <trkpt lat="19.286403" lon="98.481737">
        <ele>516.117628</ele>
        <time>2025-09-03T12:52:00.512000Z</time>
      </trkpt>
      <trkpt lat="19.286423" lon="98.481556">
        <ele>515.183258</ele>
        <time>2025-09-03T12:52:02.996000Z</time>
      </trkpt>
      <trkpt lat="19.28638" lon="98.481377">
        <ele>514.236224</ele>
        <time>2025-09-03T12:52:05.514000Z</time>
      </trkpt>
      <trkpt lat="19.286153" lon="98.480985">
        <ele>511.878231</ele>
        <time>2025-09-03T12:52:11.846000Z</time>
      </trkpt>
      <trkpt lat="19.285931" lon="98.480601">
        <ele>509.569401</ele>
        <time>2025-09-03T12:52:18.111000Z</time>
      </trkpt>
      <trkpt lat="19.285466" lon="98.479797">
        <ele>507.087604</ele>
        <time>2025-09-03T12:52:32.133000Z</time>
      </trkpt>
      <trkpt lat="19.285391" lon="98.479563">
        <ele>506.833988</ele>
        <time>2025-09-03T12:52:36.582000Z</time>
      </trkpt>
      <trkpt lat="19.285349" lon="98.479287">
        <ele>506.547079</ele>
        <time>2025-09-03T12:52:42.460000Z</time>
      </trkpt>
      <trkpt lat="19.285337" lon="98.477487">
        <ele>506.894214</ele>
        <time>2025-09-03T12:53:26.605000Z</time>
      </trkpt>
      <trkpt lat="19.28533" lon="98.477333">
        <ele>507.076066</ele>
        <time>2025-09-03T12:53:30.681000Z</time>
      </trkpt>
      <trkpt lat="19.28536" lon="98.477097">
        <ele>507.356937</ele>
        <time>2025-09-03T12:53:37.038000Z</time>
      </trkpt>
      <trkpt lat="19.285475" lon="98.476646">
        <ele>507.907954</ele>
        <time>2025-09-03T12:53:49.698000Z</time>
      </trkpt>
      <trkpt lat="19.285635" lon="98.476227">
        <ele>508.46674</ele>
        <time>2025-09-03T12:54:02.245000Z</time>
      </trkpt>
      <trkpt lat="19.286203" lon="98.474942">
        <ele>510.231225</ele>
        <time>2025-09-03T12:54:39.378000Z</time>
      </trkpt>
      <trkpt lat="19.286363" lon="98.474568">
        <ele>510.2047</ele>
        <time>2025-09-03T12:54:48.781000Z</time>
      </trkpt>
      <trkpt lat="19.286524" lon="98.474321">
        <ele>510.081473</ele>
        <time>2025-09-03T12:54:55.447000Z</time>
      </trkpt>
      <trkpt lat="19.286701" lon="98.474129">
        <ele>509.971296</ele>
        <time>2025-09-03T12:55:01.038000Z</time>
      </trkpt>
      <trkpt lat="19.286929" lon="98.473962">
        <ele>509.850742</ele>
        <time>2025-09-03T12:55:06.713000Z</time>
      </trkpt>
      <trkpt lat="19.287436" lon="98.473748">
        <ele>509.613377</ele>
        <time>2025-09-03T12:55:17.553000Z</time>
      </trkpt>
      <trkpt lat="19.288254" lon="98.473495">
        <ele>506.534631</ele>
        <time>2025-09-03T12:55:32.106000Z</time>
      </trkpt>
      <trkpt lat="19.289697" lon="98.47309">
        <ele>501.184622</ele>
        <time>2025-09-03T12:55:54.107000Z</time>
      </trkpt>
      <trkpt lat="19.289971" lon="98.473022">
        <ele>500.626915</ele>
        <time>2025-09-03T12:55:58.541000Z</time>
      </trkpt>
      <trkpt lat="19.290269" lon="98.472951">
        <ele>500.021595</ele>
        <time>2025-09-03T12:56:03.793000Z</time>
      </trkpt>
      <trkpt lat="19.290527" lon="98.472941">
        <ele>499.509953</ele>
        <time>2025-09-03T12:56:08.796000Z</time>
      </trkpt>
      <trkpt lat="19.29091" lon="98.47309">
        <ele>498.701379</ele>
        <time>2025-09-03T12:56:18.562000Z</time>
      </trkpt>
      <trkpt lat="19.291195" lon="98.473268">
        <ele>498.791117</ele>
        <time>2025-09-03T12:56:29.220000Z</time>
      </trkpt>
      <trkpt lat="19.291428" lon="98.473363">
        <ele>499.231637</ele>
        <time>2025-09-03T12:56:38.440000Z</time>
      </trkpt>
      <trkpt lat="19.291733" lon="98.473399">
        <ele>499.773137</ele>
        <time>2025-09-03T12:56:49.638000Z</time>
      </trkpt>
      <trkpt lat="19.291916" lon="98.473391">
        <ele>500.096314</ele>
        <time>2025-09-03T12:56:55.667000Z</time>
      </trkpt>
      <trkpt lat="19.292242" lon="98.47329">
        <ele>500.695628</ele>
        <time>2025-09-03T12:57:05.383000Z</time>
      </trkpt>
      <trkpt lat="19.293022" lon="98.472893">
        <ele>501.873804</ele>
        <time>2025-09-03T12:57:26.287000Z</time>
      </trkpt>
      <trkpt lat="19.293627" lon="98.472679">
        <ele>502.35459</ele>
        <time>2025-09-03T12:57:41.705000Z</time>
      </trkpt>
      <trkpt lat="19.294766" lon="98.472423">
        <ele>502.928965</ele>
        <time>2025-09-03T12:58:12.732000Z</time>
      </trkpt>
      <trkpt lat="19.295889" lon="98.47226">
        <ele>502.797016</ele>
        <time>2025-09-03T12:58:38.758000Z</time>
      </trkpt>
      <trkpt lat="19.296133" lon="98.472172">
        <ele>502.767011</ele>
        <time>2025-09-03T12:58:43.503000Z</time>
      </trkpt>
      <trkpt lat="19.296304" lon="98.472059">
        <ele>502.337672</ele>
        <time>2025-09-03T12:58:47.047000Z</time>
      </trkpt>
      <trkpt lat="19.296456" lon="98.471876">
        <ele>501.656322</ele>
        <time>2025-09-03T12:58:50.969000Z</time>
      </trkpt>
      <trkpt lat="19.296527" lon="98.471676">
        <ele>501.059084</ele>
        <time>2025-09-03T12:58:54.304000Z</time>
      </trkpt>
      <trkpt lat="19.296549" lon="98.471445">
        <ele>500.410158</ele>
        <time>2025-09-03T12:58:57.850000Z</time>
      </trkpt>
      <trkpt lat="19.296375" lon="98.470032">
        <ele>496.598799</ele>
        <time>2025-09-03T12:59:19.313000Z</time>
      </trkpt>
      <trkpt lat="19.296391" lon="98.469879">
        <ele>496.241855</ele>
        <time>2025-09-03T12:59:21.724000Z</time>
      </trkpt>
      <trkpt lat="19.296514" lon="98.469452">
        <ele>495.206649</ele>
        <time>2025-09-03T12:59:28.980000Z</time>
      </trkpt>
      <trkpt lat="19.296675" lon="98.469103">
        <ele>494.305901</ele>
        <time>2025-09-03T12:59:35.512000Z</time>
      </trkpt>
      <trkpt lat="19.296973" lon="98.46859">
        <ele>492.899017</ele>
        <time>2025-09-03T12:59:45.697000Z</time>
      </trkpt>
      <trkpt lat="19.29704" lon="98.468427">
        <ele>492.447343</ele>
        <time>2025-09-03T12:59:48.675000Z</time>
      </trkpt>
      <trkpt lat="19.297041" lon="98.46821">
        <ele>491.896043</ele>
        <time>2025-09-03T12:59:52.265000Z</time>
      </trkpt>
      <trkpt lat="19.296996" lon="98.468031">
        <ele>491.425433</ele>
        <time>2025-09-03T12:59:55.281000Z</time>
      </trkpt>
      <trkpt lat="19.296573" lon="98.467249">
        <ele>489.135587</ele>
        <time>2025-09-03T13:00:09.369000Z</time>
      </trkpt>
      <trkpt lat="19.296511" lon="98.467086">
        <ele>488.689115</ele>
        <time>2025-09-03T13:00:12.042000Z</time>
      </trkpt>
      <trkpt lat="19.296485" lon="98.466874">
        <ele>488.149486</ele>
        <time>2025-09-03T13:00:15.274000Z</time>
      </trkpt>
      <trkpt lat="19.296595" lon="98.466076">
        <ele>486.362875</ele>
        <time>2025-09-03T13:00:27.705000Z</time>
      </trkpt>
      <trkpt lat="19.296658" lon="98.465821">
        <ele>485.778925</ele>
        <time>2025-09-03T13:00:31.925000Z</time>
      </trkpt>
      <trkpt lat="19.296732" lon="98.465662">
        <ele>485.386185</ele>
        <time>2025-09-03T13:00:34.822000Z</time>
      </trkpt>
      <trkpt lat="19.2969" lon="98.4654">
        <ele>484.68448</ele>
        <time>2025-09-03T13:00:40.086000Z</time>
      </trkpt>
      <trkpt lat="19.297029" lon="98.465256">
        <ele>484.24465</ele>
        <time>2025-09-03T13:00:43.470000Z</time>
      </trkpt>
      <trkpt lat="19.297068" lon="98.465237">
        <ele>484.143895</ele>
        <time>2025-09-03T13:00:44.262000Z</time>
      </trkpt>
      <trkpt lat="19.29862" lon="98.464236">
        <ele>482.954748</ele>
        <time>2025-09-03T13:01:22.610000Z</time>
      </trkpt>
      <trkpt lat="19.298705" lon="98.46418">
        <ele>482.952599</ele>
        <time>2025-09-03T13:01:24.952000Z</time>
      </trkpt>
      <trkpt lat="19.299251" lon="98.463829">
        <ele>483.556752</ele>
        <time>2025-09-03T13:01:40.713000Z</time>
      </trkpt>
      <trkpt lat="19.300415" lon="98.463054">
        <ele>485.03147</ele>
        <time>2025-09-03T13:02:18.626000Z</time>
      </trkpt>
      <trkpt lat="19.302826" lon="98.461708">
        <ele>490.052156</ele>
        <time>2025-09-03T13:03:37.947000Z</time>
      </trkpt>
      <trkpt lat="19.303216" lon="98.46144">
        <ele>491.032307</ele>
        <time>2025-09-03T13:03:52.586000Z</time>
      </trkpt>
      <trkpt lat="19.303507" lon="98.461128">
        <ele>492.528292</ele>
        <time>2025-09-03T13:04:06.844000Z</time>
      </trkpt>
      <trkpt lat="19.303777" lon="98.460632">
        <ele>494.97341</ele>
        <time>2025-09-03T13:04:27.500000Z</time>
      </trkpt>
      <trkpt lat="19.304275" lon="98.459152">
        <ele>502.098072</ele>
        <time>2025-09-03T13:05:32.542000Z</time>
      </trkpt>
      <trkpt lat="19.304306" lon="98.458962">
        <ele>503.077961</ele>
        <time>2025-09-03T13:05:40.661000Z</time>
      </trkpt>
      <trkpt lat="19.304283" lon="98.458588">
        <ele>504.982633</ele>
        <time>2025-09-03T13:05:56.127000Z</time>
      </trkpt>
      <trkpt lat="19.304039" lon="98.457489">
        <ele>511.147905</ele>
        <time>2025-09-03T13:06:42.427000Z</time>
      </trkpt>
      <trkpt lat="19.30402" lon="98.457275">
        <ele>512.544585</ele>
        <time>2025-09-03T13:06:51.506000Z</time>
      </trkpt>
      <trkpt lat="19.304052" lon="98.457077">
        <ele>513.849888</ele>
        <time>2025-09-03T13:07:00.167000Z</time>
      </trkpt>
      <trkpt lat="19.304518" lon="98.455971">
        <ele>521.782693</ele>
        <time>2025-09-03T13:07:59.116000Z</time>
      </trkpt>
      <trkpt lat="19.304621" lon="98.455376">
        <ele>527.332771</ele>
        <time>2025-09-03T13:08:33.760000Z</time>
      </trkpt>
      <trkpt lat="19.304695" lon="98.455177">
        <ele>529.295168</ele>
        <time>2025-09-03T13:08:46.713000Z</time>
      </trkpt>
      <trkpt lat="19.305393" lon="98.453949">
        <ele>540.382948</ele>
        <time>2025-09-03T13:10:14.359000Z</time>
      </trkpt>
      <trkpt lat="19.305701" lon="98.453255">
        <ele>543.138923</ele>
        <time>2025-09-03T13:10:46.673000Z</time>
      </trkpt>
      <trkpt lat="19.30585" lon="98.453036">
        <ele>544.109113</ele>
        <time>2025-09-03T13:10:53.788000Z</time>
      </trkpt>
      <trkpt lat="19.305971" lon="98.452934">
        <ele>544.697873</ele>
        <time>2025-09-03T13:10:57.025000Z</time>
      </trkpt>
      <trkpt lat="19.3063" lon="98.452821">
        <ele>545.71498</ele>
        <time>2025-09-03T13:11:03.020000Z</time>
      </trkpt>
      <trkpt lat="19.306371" lon="98.452799">
        <ele>545.244799</ele>
        <time>2025-09-03T13:11:04.207000Z</time>
      </trkpt>
      <trkpt lat="19.306829" lon="98.452774">
        <ele>542.329856</ele>
        <time>2025-09-03T13:11:11.118000Z</time>
      </trkpt>
      <trkpt lat="19.308147" lon="98.452622">
        <ele>533.69256</ele>
        <time>2025-09-03T13:11:29.823000Z</time>
      </trkpt>
      <trkpt lat="19.308566" lon="98.452619">
        <ele>530.040642</ele>
        <time>2025-09-03T13:11:35.621000Z</time>
      </trkpt>
      <trkpt lat="19.31014" lon="98.453097">
        <ele>516.617795</ele>
        <time>2025-09-03T13:11:58.180000Z</time>
      </trkpt>
      <trkpt lat="19.310377" lon="98.453081">
        <ele>515.128304</ele>
        <time>2025-09-03T13:12:01.545000Z</time>
      </trkpt>
      <trkpt lat="19.31087" lon="98.452968">
        <ele>511.964666</ele>
        <time>2025-09-03T13:12:08.889000Z</time>
      </trkpt>
      <trkpt lat="19.31144" lon="98.452792">
        <ele>508.240902</ele>
        <time>2025-09-03T13:12:17.967000Z</time>
      </trkpt>
      <trkpt lat="19.311695" lon="98.452591">
        <ele>506.734364</ele>
        <time>2025-09-03T13:12:23.037000Z</time>
      </trkpt>
      <trkpt lat="19.312625" lon="98.451446">
        <ele>501.233188</ele>
        <time>2025-09-03T13:12:45.848000Z</time>
      </trkpt>
      <trkpt lat="19.313002" lon="98.450929">
        <ele>498.807899</ele>
        <time>2025-09-03T13:12:55.307000Z</time>
      </trkpt>
      <trkpt lat="19.313462" lon="98.450304">
        <ele>495.844239</ele>
        <time>2025-09-03T13:13:06.758000Z</time>
      </trkpt>
      <trkpt lat="19.313513" lon="98.45024">
        <ele>495.531031</ele>
        <time>2025-09-03T13:13:08.017000Z</time>
      </trkpt>
      <trkpt lat="19.313739" lon="98.45007">
        <ele>494.432906</ele>
        <time>2025-09-03T13:13:12.460000Z</time>
      </trkpt>
      <trkpt lat="19.31405" lon="98.449786">
        <ele>493.159525</ele>
        <time>2025-09-03T13:13:19.295000Z</time>
      </trkpt>
      <trkpt lat="19.314153" lon="98.449677">
        <ele>492.901308</ele>
        <time>2025-09-03T13:13:21.756000Z</time>
      </trkpt>
      <trkpt lat="19.314224" lon="98.449556">
        <ele>492.66279</ele>
        <time>2025-09-03T13:13:24.075000Z</time>
      </trkpt>
      <trkpt lat="19.314638" lon="98.449338">
        <ele>491.842738</ele>
        <time>2025-09-03T13:13:32.190000Z</time>
      </trkpt>
      <trkpt lat="19.31486" lon="98.449256">
        <ele>491.425704</ele>
        <time>2025-09-03T13:13:36.485000Z</time>
      </trkpt>
      <trkpt lat="19.31504" lon="98.44922">
        <ele>491.100774</ele>
        <time>2025-09-03T13:13:39.927000Z</time>
      </trkpt>
      <trkpt lat="19.315151" lon="98.449198">
        <ele>490.900461</ele>
        <time>2025-09-03T13:13:42.095000Z</time>
      </trkpt>
      <trkpt lat="19.315321" lon="98.449214">
        <ele>490.597719</ele>
        <time>2025-09-03T13:13:45.369000Z</time>
      </trkpt>
      <trkpt lat="19.315994" lon="98.449369">
        <ele>490.381839</ele>
        <time>2025-09-03T13:13:59.208000Z</time>
      </trkpt>
      <trkpt lat="19.316166" lon="98.449384">
        <ele>490.425865</ele>
        <time>2025-09-03T13:14:03.032000Z</time>
      </trkpt>
      <trkpt lat="19.316259" lon="98.449379">
        <ele>490.449621</ele>
        <time>2025-09-03T13:14:05.214000Z</time>
      </trkpt>
      <trkpt lat="19.316538" lon="98.449294">
        <ele>490.523678</ele>
        <time>2025-09-03T13:14:12.422000Z</time>
      </trkpt>
      <trkpt lat="19.316968" lon="98.449238">
        <ele>490.634199</ele>
        <time>2025-09-03T13:14:23.810000Z</time>
      </trkpt>
      <trkpt lat="19.317949" lon="98.44927">
        <ele>490.862463</ele>
        <time>2025-09-03T13:14:48.876000Z</time>
      </trkpt>
      <trkpt lat="19.318303" lon="98.449257">
        <ele>490.941095</ele>
        <time>2025-09-03T13:14:56.797000Z</time>
      </trkpt>
      <trkpt lat="19.318572" lon="98.449242">
        <ele>491.000893</ele>
        <time>2025-09-03T13:15:02.637000Z</time>
      </trkpt>
      <trkpt lat="19.319108" lon="98.449139">
        <ele>491.111048</ele>
        <time>2025-09-03T13:15:14.088000Z</time>
      </trkpt>
      <trkpt lat="19.32003" lon="98.448662">
        <ele>491.043804</ele>
        <time>2025-09-03T13:15:35.967000Z</time>
      </trkpt>
      <trkpt lat="19.320298" lon="98.448541">
        <ele>491.024712</ele>
        <time>2025-09-03T13:15:42.519000Z</time>
      </trkpt>
      <trkpt lat="19.321798" lon="98.448104">
        <ele>491.298336</ele>
        <time>2025-09-03T13:16:19.266000Z</time>
      </trkpt>
      <trkpt lat="19.321866" lon="98.448007">
        <ele>491.329383</ele>
        <time>2025-09-03T13:16:21.999000Z</time>
      </trkpt>
      <trkpt lat="19.321905" lon="98.447651">
        <ele>491.421467</ele>
        <time>2025-09-03T13:16:29.942000Z</time>
      </trkpt>
      <trkpt lat="19.321974" lon="98.447571">
        <ele>491.449314</ele>
        <time>2025-09-03T13:16:32.332000Z</time>
      </trkpt>
      <trkpt lat="19.322237" lon="98.447461">
        <ele>491.399678</ele>
        <time>2025-09-03T13:16:38.716000Z</time>
      </trkpt>
      <trkpt lat="19.322363" lon="98.447428">
        <ele>491.325757</ele>
        <time>2025-09-03T13:16:41.567000Z</time>
      </trkpt>
      <trkpt lat="19.322707" lon="98.447391">
        <ele>491.128831</ele>
        <time>2025-09-03T13:16:48.924000Z</time>
      </trkpt>
      <trkpt lat="19.32306" lon="98.447395">
        <ele>490.927774</ele>
        <time>2025-09-03T13:16:55.984000Z</time>
      </trkpt>
      <trkpt lat="19.32373" lon="98.447533">
        <ele>490.539045</ele>
        <time>2025-09-03T13:17:09.355000Z</time>
      </trkpt>
      <trkpt lat="19.324029" lon="98.447586">
        <ele>490.342607</ele>
        <time>2025-09-03T13:17:15.213000Z</time>
      </trkpt>
      <trkpt lat="19.324167" lon="98.447548">
        <ele>490.24098</ele>
        <time>2025-09-03T13:17:17.960000Z</time>
      </trkpt>
      <trkpt lat="19.324293" lon="98.447449">
        <ele>490.12918</ele>
        <time>2025-09-03T13:17:20.988000Z</time>
      </trkpt>
      <trkpt lat="19.324637" lon="98.447024">
        <ele>489.752575</ele>
        <time>2025-09-03T13:17:31.308000Z</time>
      </trkpt>
      <trkpt lat="19.324912" lon="98.446826">
        <ele>489.515605</ele>
        <time>2025-09-03T13:17:37.991000Z</time>
      </trkpt>
      <trkpt lat="19.325601" lon="98.446358">
        <ele>489.12603</ele>
        <time>2025-09-03T13:17:55.021000Z</time>
      </trkpt>
      <trkpt lat="19.325985" lon="98.446141">
        <ele>489.059473</ele>
        <time>2025-09-03T13:18:04.043000Z</time>
      </trkpt>
      <trkpt lat="19.326034" lon="98.446123">
        <ele>489.051542</ele>
        <time>2025-09-03T13:18:05.119000Z</time>
      </trkpt>
      <trkpt lat="19.32624" lon="98.446047">
        <ele>489.018182</ele>
        <time>2025-09-03T13:18:09.654000Z</time>
      </trkpt>
      <trkpt lat="19.326812" lon="98.445926">
        <ele>488.928975</ele>
        <time>2025-09-03T13:18:22.209000Z</time>
      </trkpt>
      <trkpt lat="19.327402" lon="98.445834">
        <ele>489.371044</ele>
        <time>2025-09-03T13:18:37.457000Z</time>
      </trkpt>
      <trkpt lat="19.327786" lon="98.44584">
        <ele>489.786118</ele>
        <time>2025-09-03T13:18:47.573000Z</time>
      </trkpt>
      <trkpt lat="19.328268" lon="98.445897">
        <ele>490.310299</ele>
        <time>2025-09-03T13:19:00.657000Z</time>
      </trkpt>
      <trkpt lat="19.328826" lon="98.445883">
        <ele>490.957948</ele>
        <time>2025-09-03T13:19:16.422000Z</time>
      </trkpt>
      <trkpt lat="19.329459" lon="98.445955">
        <ele>492.110938</ele>
        <time>2025-09-03T13:19:34.570000Z</time>
      </trkpt>
      <trkpt lat="19.329724" lon="98.445959">
        <ele>492.59092</ele>
        <time>2025-09-03T13:19:42.058000Z</time>
      </trkpt>
      <trkpt lat="19.330818" lon="98.445819">
        <ele>494.553413</ele>
        <time>2025-09-03T13:20:16.114000Z</time>
      </trkpt>
      <trkpt lat="19.331636" lon="98.445627">
        <ele>495.966072</ele>
        <time>2025-09-03T13:20:41.652000Z</time>
      </trkpt>
      <trkpt lat="19.332697" lon="98.445219">
        <ele>497.338808</ele>
        <time>2025-09-03T13:21:11.785000Z</time>
      </trkpt>
      <trkpt lat="19.333337" lon="98.444903">
        <ele>497.665735</ele>
        <time>2025-09-03T13:21:28.433000Z</time>
      </trkpt>
      <trkpt lat="19.333822" lon="98.444548">
        <ele>497.938665</ele>
        <time>2025-09-03T13:21:41.825000Z</time>
      </trkpt>
      <trkpt lat="19.334138" lon="98.444233">
        <ele>498.062454</ele>
        <time>2025-09-03T13:21:51.640000Z</time>
      </trkpt>
      <trkpt lat="19.334303" lon="98.444107">
        <ele>498.113589</ele>
        <time>2025-09-03T13:21:56.213000Z</time>
      </trkpt>
      <trkpt lat="19.334814" lon="98.443788">
        <ele>498.262705</ele>
        <time>2025-09-03T13:22:09.681000Z</time>
      </trkpt>
      <trkpt lat="19.334997" lon="98.44368">
        <ele>498.315371</ele>
        <time>2025-09-03T13:22:14.558000Z</time>
      </trkpt>
      <trkpt lat="19.33519" lon="98.443501">
        <ele>498.379856</ele>
        <time>2025-09-03T13:22:20.639000Z</time>
      </trkpt>
      <trkpt lat="19.335274" lon="98.443388">
        <ele>498.413985</ele>
        <time>2025-09-03T13:22:23.952000Z</time>
      </trkpt>
      <trkpt lat="19.335428" lon="98.443035">
        <ele>498.584488</ele>
        <time>2025-09-03T13:22:33.061000Z</time>
      </trkpt>
      <trkpt lat="19.335771" lon="98.44258">
        <ele>498.852646</ele>
        <time>2025-09-03T13:22:47.707000Z</time>
      </trkpt>
      <trkpt lat="19.335894" lon="98.442094">
        <ele>499.084338</ele>
        <time>2025-09-03T13:23:00.332000Z</time>
      </trkpt>
      <trkpt lat="19.335987" lon="98.441526">
        <ele>499.171771</ele>
        <time>2025-09-03T13:23:13.621000Z</time>
      </trkpt>
      <trkpt lat="19.336247" lon="98.441472">
        <ele>498.831224</ele>
        <time>2025-09-03T13:23:19.269000Z</time>
      </trkpt>
      <trkpt lat="19.337286" lon="98.441175">
        <ele>497.448024</ele>
        <time>2025-09-03T13:23:38.613000Z</time>
      </trkpt>
      <trkpt lat="19.337924" lon="98.441049">
        <ele>496.802661</ele>
        <time>2025-09-03T13:23:49.884000Z</time>
      </trkpt>
      <trkpt lat="19.338293" lon="98.441017">
        <ele>496.566335</ele>
        <time>2025-09-03T13:23:56.783000Z</time>
      </trkpt>
      <trkpt lat="19.339241" lon="98.440835">
        <ele>495.951362</ele>
        <time>2025-09-03T13:24:17.179000Z</time>
      </trkpt>
      <trkpt lat="19.339619" lon="98.440693">
        <ele>496.036224</ele>
        <time>2025-09-03T13:24:27.616000Z</time>
      </trkpt>
      <trkpt lat="19.341022" lon="98.439858">
        <ele>497.48523</ele>
        <time>2025-09-03T13:25:08.737000Z</time>
      </trkpt>
      <trkpt lat="19.341503" lon="98.439667">
        <ele>498.852715</ele>
        <time>2025-09-03T13:25:23.759000Z</time>
      </trkpt>
      <trkpt lat="19.341605" lon="98.439567">
        <ele>499.222637</ele>
        <time>2025-09-03T13:25:28.099000Z</time>
      </trkpt>
      <trkpt lat="19.341673" lon="98.439421">
        <ele>499.631638</ele>
        <time>2025-09-03T13:25:33.039000Z</time>
      </trkpt>
      <trkpt lat="19.341871" lon="98.438613">
        <ele>501.728674</ele>
        <time>2025-09-03T13:26:01.041000Z</time>
      </trkpt>
      <trkpt lat="19.342042" lon="98.438248">
        <ele>502.699633</ele>
        <time>2025-09-03T13:26:16.071000Z</time>
      </trkpt>
      <trkpt lat="19.342107" lon="98.437817">
        <ele>503.696493</ele>
        <time>2025-09-03T13:26:31.433000Z</time>
      </trkpt>
      <trkpt lat="19.342154" lon="98.437663">
        <ele>504.066157</ele>
        <time>2025-09-03T13:26:36.773000Z</time>
      </trkpt>
      <trkpt lat="19.342241" lon="98.437552">
        <ele>504.395726</ele>
        <time>2025-09-03T13:26:41.397000Z</time>
      </trkpt>
      <trkpt lat="19.342551" lon="98.437483">
        <ele>505.16246</ele>
        <time>2025-09-03T13:26:51.377000Z</time>
      </trkpt>
      <trkpt lat="19.342891" lon="98.437461">
        <ele>505.986973</ele>
        <time>2025-09-03T13:27:01.043000Z</time>
      </trkpt>
      <trkpt lat="19.343422" lon="98.437474">
        <ele>506.487224</ele>
        <time>2025-09-03T13:27:13.598000Z</time>
      </trkpt>
      <trkpt lat="19.343589" lon="98.437443">
        <ele>506.466266</ele>
        <time>2025-09-03T13:27:17.052000Z</time>
      </trkpt>
      <trkpt lat="19.343851" lon="98.437258">
        <ele>506.42735</ele>
        <time>2025-09-03T13:27:23.250000Z</time>
      </trkpt>
      <trkpt lat="19.344148" lon="98.437163">
        <ele>506.389001</ele>
        <time>2025-09-03T13:27:29.518000Z</time>
      </trkpt>
      <trkpt lat="19.344266" lon="98.437096">
        <ele>506.372454</ele>
        <time>2025-09-03T13:27:32.308000Z</time>
      </trkpt>
      <trkpt lat="19.344336" lon="98.436973">
        <ele>506.3557</ele>
        <time>2025-09-03T13:27:35.183000Z</time>
      </trkpt>
      <trkpt lat="19.344484" lon="98.436481">
        <ele>506.30612</ele>
        <time>2025-09-03T13:27:45.907000Z</time>
      </trkpt>
      <trkpt lat="19.344613" lon="98.435952">
        <ele>506.331952</ele>
        <time>2025-09-03T13:27:57.701000Z</time>
      </trkpt>
      <trkpt lat="19.344695" lon="98.435598">
        <ele>506.349186</ele>
        <time>2025-09-03T13:28:05.650000Z</time>
      </trkpt>
      <trkpt lat="19.34478" lon="98.435442">
        <ele>506.357703</ele>
        <time>2025-09-03T13:28:09.524000Z</time>
      </trkpt>
      <trkpt lat="19.344889" lon="98.435312">
        <ele>506.365925</ele>
        <time>2025-09-03T13:28:13.223000Z</time>
      </trkpt>
      <trkpt lat="19.345146" lon="98.435111">
        <ele>506.381929</ele>
        <time>2025-09-03T13:28:20.379000Z</time>
      </trkpt>
      <trkpt lat="19.345756" lon="98.434766">
        <ele>506.179196</ele>
        <time>2025-09-03T13:28:35.633000Z</time>
      </trkpt>
      <trkpt lat="19.346024" lon="98.434636">
        <ele>506.044154</ele>
        <time>2025-09-03T13:28:41.566000Z</time>
      </trkpt>
      <trkpt lat="19.346182" lon="98.434589">
        <ele>505.968965</ele>
        <time>2025-09-03T13:28:44.832000Z</time>
      </trkpt>
      <trkpt lat="19.34633" lon="98.434571">
        <ele>505.90071</ele>
        <time>2025-09-03T13:28:47.737000Z</time>
      </trkpt>
      <trkpt lat="19.346481" lon="98.434583">
        <ele>505.831331</ele>
        <time>2025-09-03T13:28:50.687000Z</time>
      </trkpt>
      <trkpt lat="19.346962" lon="98.434705">
        <ele>505.604724</ele>
        <time>2025-09-03T13:29:00.345000Z</time>
      </trkpt>
      <trkpt lat="19.347252" lon="98.434811">
        <ele>505.757134</ele>
        <time>2025-09-03T13:29:06.787000Z</time>
      </trkpt>
      <trkpt lat="19.347749" lon="98.434992">
        <ele>506.188784</ele>
        <time>2025-09-03T13:29:19.158000Z</time>
      </trkpt>
      <trkpt lat="19.348168" lon="98.435084">
        <ele>506.540248</ele>
        <time>2025-09-03T13:29:31.265000Z</time>
      </trkpt>
      <trkpt lat="19.348522" lon="98.435126">
        <ele>506.83283</ele>
        <time>2025-09-03T13:29:41.260000Z</time>
      </trkpt>
      <trkpt lat="19.348644" lon="98.435101">
        <ele>506.934894</ele>
        <time>2025-09-03T13:29:44.785000Z</time>
      </trkpt>
      <trkpt lat="19.348809" lon="98.434953">
        <ele>507.121701</ele>
        <time>2025-09-03T13:29:51.144000Z</time>
      </trkpt>
      <trkpt lat="19.3489" lon="98.434933">
        <ele>507.208745</ele>
        <time>2025-09-03T13:29:53.836000Z</time>
      </trkpt>
      <trkpt lat="19.349102" lon="98.435001">
        <ele>507.407252</ele>
        <time>2025-09-03T13:30:00.026000Z</time>
      </trkpt>
      <trkpt lat="19.349481" lon="98.43513">
        <ele>507.780079</ele>
        <time>2025-09-03T13:30:10.782000Z</time>
      </trkpt>
      <trkpt lat="19.350412" lon="98.435303">
        <ele>508.665355</ele>
        <time>2025-09-03T13:30:32.623000Z</time>
      </trkpt>
      <trkpt lat="19.350892" lon="98.435344">
        <ele>509.545038</ele>
        <time>2025-09-03T13:30:45.717000Z</time>
      </trkpt>
      <trkpt lat="19.351355" lon="98.435311">
        <ele>510.463151</ele>
        <time>2025-09-03T13:30:59.602000Z</time>
      </trkpt>
      <trkpt lat="19.351605" lon="98.435269">
        <ele>510.963951</ele>
        <time>2025-09-03T13:31:07.691000Z</time>
      </trkpt>
      <trkpt lat="19.351848" lon="98.435205">
        <ele>511.459347</ele>
        <time>2025-09-03T13:31:16.117000Z</time>
      </trkpt>
      <trkpt lat="19.352646" lon="98.434884">
        <ele>512.761983</ele>
        <time>2025-09-03T13:31:44.290000Z</time>
      </trkpt>
      <trkpt lat="19.35286" lon="98.434831">
        <ele>513.001226</ele>
        <time>2025-09-03T13:31:50.934000Z</time>
      </trkpt>
      <trkpt lat="19.353082" lon="98.434823">
        <ele>513.243042</ele>
        <time>2025-09-03T13:31:57.270000Z</time>
      </trkpt>
      <trkpt lat="19.354174" lon="98.434898">
        <ele>514.004974</ele>
        <time>2025-09-03T13:32:22.540000Z</time>
      </trkpt>
      <trkpt lat="19.354851" lon="98.435002">
        <ele>513.036254</ele>
        <time>2025-09-03T13:32:35.194000Z</time>
      </trkpt>
      <trkpt lat="19.355056" lon="98.435096">
        <ele>512.71995</ele>
        <time>2025-09-03T13:32:39.230000Z</time>
      </trkpt>
      <trkpt lat="19.355345" lon="98.435312">
        <ele>512.219177</ele>
        <time>2025-09-03T13:32:45.486000Z</time>
      </trkpt>
      <trkpt lat="19.355432" lon="98.435412">
        <ele>512.037437</ele>
        <time>2025-09-03T13:32:47.768000Z</time>
      </trkpt>
      <trkpt lat="19.355498" lon="98.435536">
        <ele>511.84722</ele>
        <time>2025-09-03T13:32:50.125000Z</time>
      </trkpt>
      <trkpt lat="19.355555" lon="98.435646">
        <ele>511.668445</ele>
        <time>2025-09-03T13:32:52.193000Z</time>
      </trkpt>
      <trkpt lat="19.355661" lon="98.436089">
        <ele>510.736615</ele>
        <time>2025-09-03T13:32:59.568000Z</time>
      </trkpt>
      <trkpt lat="19.355697" lon="98.43656">
        <ele>509.773145</ele>
        <time>2025-09-03T13:33:07.293000Z</time>
      </trkpt>
      <trkpt lat="19.355639" lon="98.436909">
        <ele>509.050612</ele>
        <time>2025-09-03T13:33:13.173000Z</time>
      </trkpt>
      <trkpt lat="19.355534" lon="98.437247">
        <ele>508.325067</ele>
        <time>2025-09-03T13:33:19.078000Z</time>
      </trkpt>
      <trkpt lat="19.355441" lon="98.437521">
        <ele>507.813691</ele>
        <time>2025-09-03T13:33:23.769000Z</time>
      </trkpt>
      <trkpt lat="19.355289" lon="98.438054">
        <ele>507.813691</ele>
        <time>2025-09-03T13:33:32.784000Z</time>
      </trkpt>
      <trkpt lat="19.355264" lon="98.43828">
        <ele>507.813691</ele>
        <time>2025-09-03T13:33:36.718000Z</time>
      </trkpt>
      <trkpt lat="19.35528" lon="98.438562">
        <ele>507.813691</ele>
        <time>2025-09-03T13:33:41.690000Z</time>
      </trkpt>
      <trkpt lat="19.355305" lon="98.438701">
        <ele>507.813691</ele>
        <time>2025-09-03T13:33:44.209000Z</time>
      </trkpt>
      <trkpt lat="19.355422" lon="98.438994">
        <ele>507.813691</ele>
        <time>2025-09-03T13:33:49.977000Z</time>
      </trkpt>
      <trkpt lat="19.355701" lon="98.438795">
        <ele>507.813691</ele>
        <time>2025-09-03T13:33:56.904000Z</time>
      </trkpt>
    </trkseg>
  </trk>
</gpx>