<?xml version="1.0" encoding="UTF-8"?>
<gpx xmlns="http://www.topografix.com/GPX/1/1" xmlns:route="http://gpx-routes.example.com/1.0" xmlns:xsi="http://www.w3.org/2001/XMLSchema-instance" xsi:schemaLocation="http://www.topografix.com/GPX/1/1 http://www.topografix.com/GPX/1/1/gpx.xsd" version="1.1" creator="StravaGPX">
  <metadata>
    <name>Doi Saket temple</name>
    <desc>Distance: 63.2 km | Elevation: +160m / -161m</desc>
    <author>
      <name>Vladimir Sumarokov 🇰🇿🇷🇺🇹🇭</name>
      <link href="https://www.strava.com/athletes/16069938">
      </link>
    </author>
    <copyright author="OpenStreetMap contributors">
      <year>2020</year>
      <license>https://www.openstreetmap.org/copyright</license>
    </copyright>
    <link href="https://www.strava.com/routes/3442325964377255782">
    </link>
    <extensions>
      <route:distance>63.2</route:distance>
      <route:elevation>160</route:elevation>
    </extensions>
  </metadata>
  <trk>
    <name>Doi Saket temple</name>
    <link href="https://www.strava.com/routes/3442325964377255782">
    </link>
    <type>cycling</type>
    <trkseg>
      <trkpt lat="18.805590000000002" lon="98.97421000000001">
        <ele>320.3</ele>
      </trkpt>
      <trkpt lat="18.805496007442127" lon="98.9750460018885">
        <ele>320.09000000000003</ele>
      </trkpt>
      <trkpt lat="18.805402011162023" lon="98.9758820028429">
        <ele>319.40000000000003</ele>
      </trkpt>
      <trkpt lat="18.805308011159717" lon="98.97671800286321">
        <ele>319.02000000000004</ele>
      </trkpt>
      <trkpt lat="18.805214007435236" lon="98.9775540019494">
        <ele>318.46000000000004</ele>
      </trkpt>
      <trkpt lat="18.805120000000002" lon="98.97839">
        <ele>318.03000000000003</ele>
      </trkpt>
      <trkpt lat="18.80509" lon="98.97849000000001">
        <ele>318.12</ele>
      </trkpt>
      <trkpt lat="18.80496" lon="98.97861">
        <ele>318.25</ele>
      </trkpt>
      <trkpt lat="18.804256666690836" lon="98.97852333260687">
        <ele>318.27000000000004</ele>
      </trkpt>
      <trkpt lat="18.80355333334167" lon="98.97843666593826">
        <ele>318.01</ele>
      </trkpt>
      <trkpt lat="18.802850000000003" lon="98.97835">
        <ele>318.14000000000004</ele>
      </trkpt>
      <trkpt lat="18.802590000000002" lon="98.97891000000001">
        <ele>318.19</ele>
      </trkpt>
      <trkpt lat="18.802220000000002" lon="98.97944000000001">
        <ele>317.86</ele>
      </trkpt>
      <trkpt lat="18.8019400013001" lon="98.98015000128798">
        <ele>317.07</ele>
      </trkpt>
      <trkpt lat="18.801660000000002" lon="98.98086">
        <ele>317.21000000000004</ele>
      </trkpt>
      <trkpt lat="18.801430002973845" lon="98.98161000211975">
        <ele>316.78</ele>
      </trkpt>
      <trkpt lat="18.80120000295244" lon="98.9823600021895">
        <ele>316.62</ele>
      </trkpt>
      <trkpt lat="18.800970000000003" lon="98.98311000000001">
        <ele>316.52000000000004</ele>
      </trkpt>
      <trkpt lat="18.80082" lon="98.9834">
        <ele>316.46000000000004</ele>
      </trkpt>
      <trkpt lat="18.80075" lon="98.98363">
        <ele>316.46000000000004</ele>
      </trkpt>
      <trkpt lat="18.80076" lon="98.98392000000001">
        <ele>316.18</ele>
      </trkpt>
      <trkpt lat="18.80073" lon="98.98425">
        <ele>316.21000000000004</ele>
      </trkpt>
      <trkpt lat="18.800610000000002" lon="98.98458000000001">
        <ele>316.11</ele>
      </trkpt>
      <trkpt lat="18.800440000000002" lon="98.98488">
        <ele>315.77000000000004</ele>
      </trkpt>
      <trkpt lat="18.8004" lon="98.98501">
        <ele>315.77000000000004</ele>
      </trkpt>
      <trkpt lat="18.800320000000003" lon="98.98539000000001">
        <ele>315.46000000000004</ele>
      </trkpt>
      <trkpt lat="18.800310000000003" lon="98.986">
        <ele>315.40000000000003</ele>
      </trkpt>
      <trkpt lat="18.80049" lon="98.98638000000001">
        <ele>314.87</ele>
      </trkpt>
      <trkpt lat="18.80056" lon="98.98655000000001">
        <ele>314.77000000000004</ele>
      </trkpt>
      <trkpt lat="18.80057" lon="98.98664000000001">
        <ele>314.77000000000004</ele>
      </trkpt>
      <trkpt lat="18.800410000000003" lon="98.98750000000001">
        <ele>313.99000000000007</ele>
      </trkpt>
      <trkpt lat="18.80035" lon="98.98760000000001">
        <ele>313.89</ele>
      </trkpt>
      <trkpt lat="18.80011" lon="98.98788">
        <ele>313.87</ele>
      </trkpt>
      <trkpt lat="18.79963" lon="98.98840000000001">
        <ele>313.59000000000003</ele>
      </trkpt>
      <trkpt lat="18.79946" lon="98.98871000000001">
        <ele>313.43000000000006</ele>
      </trkpt>
      <trkpt lat="18.799400000000002" lon="98.98899">
        <ele>313.21999999999997</ele>
      </trkpt>
      <trkpt lat="18.799390000000002" lon="98.98963">
        <ele>312.78</ele>
      </trkpt>
      <trkpt lat="18.79944" lon="98.98995000000001">
        <ele>312.6</ele>
      </trkpt>
      <trkpt lat="18.79944" lon="98.99034">
        <ele>312.22</ele>
      </trkpt>
      <trkpt lat="18.799465000896006" lon="98.99091999992407">
        <ele>311.93</ele>
      </trkpt>
      <trkpt lat="18.799490000000002" lon="98.9915">
        <ele>311.81</ele>
      </trkpt>
      <trkpt lat="18.799500000000002" lon="98.99151">
        <ele>311.81</ele>
      </trkpt>
      <trkpt lat="18.79955" lon="98.99186">
        <ele>311.57</ele>
      </trkpt>
      <trkpt lat="18.799790001218252" lon="98.99253999899418">
        <ele>311.22</ele>
      </trkpt>
      <trkpt lat="18.800030000000003" lon="98.99322000000001">
        <ele>310.73</ele>
      </trkpt>
      <trkpt lat="18.800140000000003" lon="98.99369000000002">
        <ele>310.65000000000003</ele>
      </trkpt>
      <trkpt lat="18.800140000000003" lon="98.99385000000001">
        <ele>310.61000000000007</ele>
      </trkpt>
      <trkpt lat="18.800130000000003" lon="98.9941">
        <ele>310.43</ele>
      </trkpt>
      <trkpt lat="18.800015001075764" lon="98.99474000051913">
        <ele>310.17</ele>
      </trkpt>
      <trkpt lat="18.7999" lon="98.99538000000001">
        <ele>310.28</ele>
      </trkpt>
      <trkpt lat="18.79989" lon="98.99578000000001">
        <ele>310.28</ele>
      </trkpt>
      <trkpt lat="18.799960000000002" lon="98.99602">
        <ele>310.14000000000004</ele>
      </trkpt>
      <trkpt lat="18.80009" lon="98.99638">
        <ele>310.14000000000004</ele>
      </trkpt>
      <trkpt lat="18.800360000818916" lon="98.99690999928927">
        <ele>310.05000000000007</ele>
      </trkpt>
      <trkpt lat="18.80063" lon="98.99744000000001">
        <ele>310.16</ele>
      </trkpt>
      <trkpt lat="18.80073" lon="98.99766000000001">
        <ele>310.11000000000007</ele>
      </trkpt>
      <trkpt lat="18.80082" lon="98.99792000000001">
        <ele>310.07</ele>
      </trkpt>
      <trkpt lat="18.80101" lon="98.99878000000001">
        <ele>309.99</ele>
      </trkpt>
      <trkpt lat="18.801090000000002" lon="98.99919000000001">
        <ele>310.11000000000007</ele>
      </trkpt>
      <trkpt lat="18.80112" lon="98.99948">
        <ele>309.98</ele>
      </trkpt>
      <trkpt lat="18.80114" lon="98.99983">
        <ele>309.96</ele>
      </trkpt>
      <trkpt lat="18.80113" lon="99.00030000000001">
        <ele>309.99</ele>
      </trkpt>
      <trkpt lat="18.8011" lon="99.00057000000001">
        <ele>309.99</ele>
      </trkpt>
      <trkpt lat="18.80094500103641" lon="99.0012000006627">
        <ele>310.13</ele>
      </trkpt>
      <trkpt lat="18.800790000000003" lon="99.00183000000001">
        <ele>310.08000000000004</ele>
      </trkpt>
      <trkpt lat="18.800610000000002" lon="99.00241000000001">
        <ele>309.95</ele>
      </trkpt>
      <trkpt lat="18.80040666937619" lon="99.00312333505653">
        <ele>310.64000000000004</ele>
      </trkpt>
      <trkpt lat="18.800203336042966" lon="99.00383666838941">
        <ele>310.46</ele>
      </trkpt>
      <trkpt lat="18.8" lon="99.00455000000001">
        <ele>309.96</ele>
      </trkpt>
      <trkpt lat="18.80016" lon="99.00465000000001">
        <ele>309.73</ele>
      </trkpt>
      <trkpt lat="18.800720000000002" lon="99.00485">
        <ele>309.49</ele>
      </trkpt>
      <trkpt lat="18.80122" lon="99.00517">
        <ele>309.36</ele>
      </trkpt>
      <trkpt lat="18.80157" lon="99.00533000000001">
        <ele>309.38000000000005</ele>
      </trkpt>
      <trkpt lat="18.802030000000002" lon="99.00548">
        <ele>309.65000000000003</ele>
      </trkpt>
      <trkpt lat="18.80234" lon="99.00554000000001">
        <ele>309.65000000000003</ele>
      </trkpt>
      <trkpt lat="18.802570000000003" lon="99.00556">
        <ele>309.74</ele>
      </trkpt>
      <trkpt lat="18.80346" lon="99.00558000000001">
        <ele>309.78</ele>
      </trkpt>
      <trkpt lat="18.803430000000002" lon="99.00558000000001">
        <ele>309.78</ele>
      </trkpt>
      <trkpt lat="18.80422" lon="99.00559000000001">
        <ele>309.95</ele>
      </trkpt>
      <trkpt lat="18.80483666664801" lon="99.00553666706053">
        <ele>309.95</ele>
      </trkpt>
      <trkpt lat="18.805453333280877" lon="99.00548333373014">
        <ele>309.86</ele>
      </trkpt>
      <trkpt lat="18.806070000000002" lon="99.00543">
        <ele>309.93</ele>
      </trkpt>
      <trkpt lat="18.80617" lon="99.00541000000001">
        <ele>309.93</ele>
      </trkpt>
      <trkpt lat="18.806615000154654" lon="99.00523500043413">
        <ele>309.91</ele>
      </trkpt>
      <trkpt lat="18.80706" lon="99.00506000000001">
        <ele>309.99</ele>
      </trkpt>
      <trkpt lat="18.80721" lon="99.00503">
        <ele>310.01</ele>
      </trkpt>
      <trkpt lat="18.807740000000003" lon="99.00496000000001">
        <ele>310.19</ele>
      </trkpt>
      <trkpt lat="18.808304999992178" lon="99.00482000048508">
        <ele>310.26000000000005</ele>
      </trkpt>
      <trkpt lat="18.808870000000002" lon="99.00468000000001">
        <ele>310.18</ele>
      </trkpt>
      <trkpt lat="18.809160000000002" lon="99.00464000000001">
        <ele>310.16</ele>
      </trkpt>
      <trkpt lat="18.80976" lon="99.00461000000001">
        <ele>310.06</ele>
      </trkpt>
      <trkpt lat="18.809790000000003" lon="99.00419000000001">
        <ele>309.37</ele>
      </trkpt>
      <trkpt lat="18.80984" lon="99.00409">
        <ele>309.27000000000004</ele>
      </trkpt>
      <trkpt lat="18.809880000000003" lon="99.00406000000001">
        <ele>309.27000000000004</ele>
      </trkpt>
      <trkpt lat="18.810270000000003" lon="99.00393000000001">
        <ele>308.91</ele>
      </trkpt>
      <trkpt lat="18.810290000000002" lon="99.00394000000001">
        <ele>308.91</ele>
      </trkpt>
      <trkpt lat="18.8103" lon="99.004">
        <ele>309.02000000000004</ele>
      </trkpt>
      <trkpt lat="18.810270000000003" lon="99.00455000000001">
        <ele>309.93</ele>
      </trkpt>
      <trkpt lat="18.810460000000003" lon="99.00472">
        <ele>309.99</ele>
      </trkpt>
      <trkpt lat="18.810630000000003" lon="99.00482000000001">
        <ele>309.98</ele>
      </trkpt>
      <trkpt lat="18.81071" lon="99.00492000000001">
        <ele>309.83000000000004</ele>
      </trkpt>
      <trkpt lat="18.81087" lon="99.00516">
        <ele>309.79</ele>
      </trkpt>
      <trkpt lat="18.81107" lon="99.00538">
        <ele>309.9</ele>
      </trkpt>
      <trkpt lat="18.811220000000002" lon="99.00551">
        <ele>309.9</ele>
      </trkpt>
      <trkpt lat="18.811410000000002" lon="99.0056">
        <ele>309.94000000000005</ele>
      </trkpt>
      <trkpt lat="18.81181" lon="99.00572000000001">
        <ele>310.01</ele>
      </trkpt>
      <trkpt lat="18.81221" lon="99.00582000000001">
        <ele>310.05000000000007</ele>
      </trkpt>
      <trkpt lat="18.812320000000003" lon="99.00582000000001">
        <ele>310.12</ele>
      </trkpt>
      <trkpt lat="18.81241" lon="99.00579">
        <ele>310.12</ele>
      </trkpt>
      <trkpt lat="18.81276" lon="99.00553000000001">
        <ele>310.41</ele>
      </trkpt>
      <trkpt lat="18.812910000000002" lon="99.00547">
        <ele>310.41</ele>
      </trkpt>
      <trkpt lat="18.81349" lon="99.00537000000001">
        <ele>310.79</ele>
      </trkpt>
      <trkpt lat="18.814010000000003" lon="99.00516">
        <ele>310.82000000000005</ele>
      </trkpt>
      <trkpt lat="18.8141" lon="99.00532000000001">
        <ele>310.61000000000007</ele>
      </trkpt>
      <trkpt lat="18.81447" lon="99.00582000000001">
        <ele>310.54</ele>
      </trkpt>
      <trkpt lat="18.81453" lon="99.00596">
        <ele>310.54</ele>
      </trkpt>
      <trkpt lat="18.81457" lon="99.00612000000001">
        <ele>310.34</ele>
      </trkpt>
      <trkpt lat="18.81457" lon="99.00617000000001">
        <ele>310.34</ele>
      </trkpt>
      <trkpt lat="18.81445" lon="99.00651">
        <ele>310.21000000000004</ele>
      </trkpt>
      <trkpt lat="18.81443" lon="99.00674000000001">
        <ele>310.21000000000004</ele>
      </trkpt>
      <trkpt lat="18.814400000000003" lon="99.00705">
        <ele>310.14000000000004</ele>
      </trkpt>
      <trkpt lat="18.81446" lon="99.00765000000001">
        <ele>310.04</ele>
      </trkpt>
      <trkpt lat="18.814410000000002" lon="99.00819000000001">
        <ele>309.97</ele>
      </trkpt>
      <trkpt lat="18.81443" lon="99.00881000000001">
        <ele>309.88000000000005</ele>
      </trkpt>
      <trkpt lat="18.81472" lon="99.00946">
        <ele>309.14000000000004</ele>
      </trkpt>
      <trkpt lat="18.815080000000002" lon="99.00983000000001">
        <ele>308.93</ele>
      </trkpt>
      <trkpt lat="18.8152" lon="99.00996">
        <ele>308.89</ele>
      </trkpt>
      <trkpt lat="18.815540000000002" lon="99.01016000000001">
        <ele>308.9</ele>
      </trkpt>
      <trkpt lat="18.816300000000002" lon="99.01048">
        <ele>308.92</ele>
      </trkpt>
      <trkpt lat="18.8164" lon="99.01048">
        <ele>308.89</ele>
      </trkpt>
      <trkpt lat="18.81687" lon="99.01039">
        <ele>308.70000000000005</ele>
      </trkpt>
      <trkpt lat="18.81715" lon="99.01038000000001">
        <ele>308.54</ele>
      </trkpt>
      <trkpt lat="18.81744" lon="99.01033000000001">
        <ele>308.50000000000006</ele>
      </trkpt>
      <trkpt lat="18.818260000000002" lon="99.01030000000002">
        <ele>308.57</ele>
      </trkpt>
      <trkpt lat="18.818340000000003" lon="99.01033000000001">
        <ele>308.57</ele>
      </trkpt>
      <trkpt lat="18.8185" lon="99.01047000000001">
        <ele>308.68</ele>
      </trkpt>
      <trkpt lat="18.8186" lon="99.01061000000001">
        <ele>308.72</ele>
      </trkpt>
      <trkpt lat="18.818640000000002" lon="99.01071">
        <ele>308.79</ele>
      </trkpt>
      <trkpt lat="18.818640000000002" lon="99.01072">
        <ele>308.79</ele>
      </trkpt>
      <trkpt lat="18.818710000000003" lon="99.01086000000001">
        <ele>308.84</ele>
      </trkpt>
      <trkpt lat="18.818820000000002" lon="99.01148">
        <ele>310.04</ele>
      </trkpt>
      <trkpt lat="18.819626000061888" lon="99.01154799869698">
        <ele>310.08000000000004</ele>
      </trkpt>
      <trkpt lat="18.820432000099135" lon="99.01161599804595">
        <ele>309.89</ele>
      </trkpt>
      <trkpt lat="18.821238000111737" lon="99.01168399804698">
        <ele>309.9</ele>
      </trkpt>
      <trkpt lat="18.822044000099698" lon="99.01175199870009">
        <ele>309.93</ele>
      </trkpt>
      <trkpt lat="18.822850000000003" lon="99.01182000000001">
        <ele>309.93</ele>
      </trkpt>
      <trkpt lat="18.823230000000002" lon="99.01187">
        <ele>309.78</ele>
      </trkpt>
      <trkpt lat="18.82317667016233" lon="99.01268000053564">
        <ele>309.07</ele>
      </trkpt>
      <trkpt lat="18.823123336827575" lon="99.01349000055724">
        <ele>309.02000000000004</ele>
      </trkpt>
      <trkpt lat="18.82307" lon="99.0143">
        <ele>309.20000000000005</ele>
      </trkpt>
      <trkpt lat="18.823" lon="99.01464000000001">
        <ele>309.03000000000003</ele>
      </trkpt>
      <trkpt lat="18.82287" lon="99.01502">
        <ele>308.95</ele>
      </trkpt>
      <trkpt lat="18.822740000000003" lon="99.01525000000001">
        <ele>308.71000000000004</ele>
      </trkpt>
      <trkpt lat="18.823035000461395" lon="99.01569999909081">
        <ele>308.79</ele>
      </trkpt>
      <trkpt lat="18.823330000000002" lon="99.01615000000001">
        <ele>308.75</ele>
      </trkpt>
      <trkpt lat="18.823710000000002" lon="99.01681">
        <ele>308.6</ele>
      </trkpt>
      <trkpt lat="18.823880000000003" lon="99.01721">
        <ele>308.63</ele>
      </trkpt>
      <trkpt lat="18.82395" lon="99.01755000000001">
        <ele>308.59000000000003</ele>
      </trkpt>
      <trkpt lat="18.823890000000002" lon="99.01762000000001">
        <ele>308.59000000000003</ele>
      </trkpt>
      <trkpt lat="18.823800000000002" lon="99.01794000000001">
        <ele>308.45</ele>
      </trkpt>
      <trkpt lat="18.82369000313421" lon="99.01870666766169">
        <ele>308.74</ele>
      </trkpt>
      <trkpt lat="18.823580003135422" lon="99.01947333431985">
        <ele>308.35</ele>
      </trkpt>
      <trkpt lat="18.82347" lon="99.02024">
        <ele>308.19</ele>
      </trkpt>
      <trkpt lat="18.82337" lon="99.02055000000001">
        <ele>308.55000000000007</ele>
      </trkpt>
      <trkpt lat="18.82345" lon="99.02089000000001">
        <ele>308.27000000000004</ele>
      </trkpt>
      <trkpt lat="18.82345" lon="99.02115">
        <ele>308.03000000000003</ele>
      </trkpt>
      <trkpt lat="18.82334" lon="99.02143000000001">
        <ele>307.98</ele>
      </trkpt>
      <trkpt lat="18.82316" lon="99.02158000000001">
        <ele>307.94000000000005</ele>
      </trkpt>
      <trkpt lat="18.82309" lon="99.02166000000001">
        <ele>307.78</ele>
      </trkpt>
      <trkpt lat="18.82306" lon="99.02181">
        <ele>307.78</ele>
      </trkpt>
      <trkpt lat="18.82309" lon="99.02192000000001">
        <ele>307.70000000000005</ele>
      </trkpt>
      <trkpt lat="18.82317" lon="99.02199">
        <ele>307.70000000000005</ele>
      </trkpt>
      <trkpt lat="18.823240000000002" lon="99.02215000000001">
        <ele>307.72</ele>
      </trkpt>
      <trkpt lat="18.823210000000003" lon="99.02254">
        <ele>307.64000000000004</ele>
      </trkpt>
      <trkpt lat="18.82317" lon="99.02259000000001">
        <ele>307.64000000000004</ele>
      </trkpt>
      <trkpt lat="18.8231" lon="99.02276">
        <ele>307.77000000000004</ele>
      </trkpt>
      <trkpt lat="18.823070001396726" lon="99.02348500022826">
        <ele>307.84</ele>
      </trkpt>
      <trkpt lat="18.823040000000002" lon="99.02421000000001">
        <ele>308.08000000000004</ele>
      </trkpt>
      <trkpt lat="18.82325" lon="99.0249">
        <ele>308.25</ele>
      </trkpt>
      <trkpt lat="18.82325" lon="99.02492000000001">
        <ele>308.27000000000004</ele>
      </trkpt>
      <trkpt lat="18.823485001746334" lon="99.02572499894058">
        <ele>308.43</ele>
      </trkpt>
      <trkpt lat="18.82372" lon="99.02653000000001">
        <ele>308.33000000000004</ele>
      </trkpt>
      <trkpt lat="18.82336" lon="99.02671000000001">
        <ele>308.43</ele>
      </trkpt>
      <trkpt lat="18.823620000000002" lon="99.02758000000001">
        <ele>308.09000000000003</ele>
      </trkpt>
      <trkpt lat="18.823915000883197" lon="99.02814999903296">
        <ele>308.14000000000004</ele>
      </trkpt>
      <trkpt lat="18.82421" lon="99.02872">
        <ele>307.96</ele>
      </trkpt>
      <trkpt lat="18.82433" lon="99.02911">
        <ele>307.99</ele>
      </trkpt>
      <trkpt lat="18.8244" lon="99.02919000000001">
        <ele>307.98</ele>
      </trkpt>
      <trkpt lat="18.824550000000002" lon="99.02931000000001">
        <ele>307.98</ele>
      </trkpt>
      <trkpt lat="18.8247" lon="99.02956">
        <ele>308.12</ele>
      </trkpt>
      <trkpt lat="18.82531" lon="99.03008000000001">
        <ele>308.03000000000003</ele>
      </trkpt>
      <trkpt lat="18.825470000000003" lon="99.03035000000001">
        <ele>308.09000000000003</ele>
      </trkpt>
      <trkpt lat="18.82561" lon="99.0305">
        <ele>308.09000000000003</ele>
      </trkpt>
      <trkpt lat="18.826320000000003" lon="99.03103">
        <ele>309.27000000000004</ele>
      </trkpt>
      <trkpt lat="18.82637" lon="99.03132000000001">
        <ele>309.45</ele>
      </trkpt>
      <trkpt lat="18.826420000000002" lon="99.03136">
        <ele>309.45</ele>
      </trkpt>
      <trkpt lat="18.82666" lon="99.03147000000001">
        <ele>309.46</ele>
      </trkpt>
      <trkpt lat="18.82657" lon="99.03153">
        <ele>309.45</ele>
      </trkpt>
      <trkpt lat="18.827090000000002" lon="99.03189">
        <ele>309.29</ele>
      </trkpt>
      <trkpt lat="18.827170000000002" lon="99.03229">
        <ele>309.17</ele>
      </trkpt>
      <trkpt lat="18.8273" lon="99.03247">
        <ele>309.33000000000004</ele>
      </trkpt>
      <trkpt lat="18.827350000000003" lon="99.03251">
        <ele>309.33000000000004</ele>
      </trkpt>
      <trkpt lat="18.827730000000003" lon="99.03259000000001">
        <ele>309.39</ele>
      </trkpt>
      <trkpt lat="18.827840000000002" lon="99.03272000000001">
        <ele>309.29</ele>
      </trkpt>
      <trkpt lat="18.82795" lon="99.03276000000001">
        <ele>309.29</ele>
      </trkpt>
      <trkpt lat="18.82815" lon="99.03276000000001">
        <ele>309.29</ele>
      </trkpt>
      <trkpt lat="18.828380000000003" lon="99.03272000000001">
        <ele>309.41</ele>
      </trkpt>
      <trkpt lat="18.82845" lon="99.03278">
        <ele>309.41</ele>
      </trkpt>
      <trkpt lat="18.828480000000003" lon="99.03289000000001">
        <ele>309.39</ele>
      </trkpt>
      <trkpt lat="18.828480000000003" lon="99.03295000000001">
        <ele>309.39</ele>
      </trkpt>
      <trkpt lat="18.828300000000002" lon="99.0335">
        <ele>309.32000000000005</ele>
      </trkpt>
      <trkpt lat="18.828300000000002" lon="99.03424000000001">
        <ele>309.56</ele>
      </trkpt>
      <trkpt lat="18.82855" lon="99.03462">
        <ele>309.61000000000007</ele>
      </trkpt>
      <trkpt lat="18.82881" lon="99.03539">
        <ele>309.86</ele>
      </trkpt>
      <trkpt lat="18.829040000000003" lon="99.03558000000001">
        <ele>309.86</ele>
      </trkpt>
      <trkpt lat="18.82911" lon="99.03582">
        <ele>309.97</ele>
      </trkpt>
      <trkpt lat="18.82928" lon="99.03607000000001">
        <ele>309.99</ele>
      </trkpt>
      <trkpt lat="18.829410000000003" lon="99.03634000000001">
        <ele>310.19</ele>
      </trkpt>
      <trkpt lat="18.82945" lon="99.03638000000001">
        <ele>310.19</ele>
      </trkpt>
      <trkpt lat="18.829520000000002" lon="99.03644000000001">
        <ele>310.19</ele>
      </trkpt>
      <trkpt lat="18.82964" lon="99.03648000000001">
        <ele>310.07</ele>
      </trkpt>
      <trkpt lat="18.82976" lon="99.03649000000001">
        <ele>310.07</ele>
      </trkpt>
      <trkpt lat="18.82991" lon="99.03647000000001">
        <ele>309.96</ele>
      </trkpt>
      <trkpt lat="18.83013" lon="99.03637">
        <ele>309.97</ele>
      </trkpt>
      <trkpt lat="18.83019" lon="99.03636">
        <ele>310.01</ele>
      </trkpt>
      <trkpt lat="18.83049" lon="99.03646">
        <ele>310.23</ele>
      </trkpt>
      <trkpt lat="18.83067" lon="99.03656000000001">
        <ele>310.31</ele>
      </trkpt>
      <trkpt lat="18.83097" lon="99.03685">
        <ele>310.29</ele>
      </trkpt>
      <trkpt lat="18.831100000000003" lon="99.03694">
        <ele>310.42</ele>
      </trkpt>
      <trkpt lat="18.83123" lon="99.037">
        <ele>310.42</ele>
      </trkpt>
      <trkpt lat="18.831370000000003" lon="99.03703">
        <ele>310.51</ele>
      </trkpt>
      <trkpt lat="18.83114" lon="99.0378">
        <ele>310.53000000000003</ele>
      </trkpt>
      <trkpt lat="18.831110000000002" lon="99.03797">
        <ele>310.66</ele>
      </trkpt>
      <trkpt lat="18.831100000000003" lon="99.03834">
        <ele>310.69</ele>
      </trkpt>
      <trkpt lat="18.831120000000002" lon="99.03903000000001">
        <ele>310.81</ele>
      </trkpt>
      <trkpt lat="18.83117" lon="99.03946">
        <ele>310.93</ele>
      </trkpt>
      <trkpt lat="18.83118" lon="99.03978000000001">
        <ele>310.69</ele>
      </trkpt>
      <trkpt lat="18.83116" lon="99.03997000000001">
        <ele>310.71000000000004</ele>
      </trkpt>
      <trkpt lat="18.83108" lon="99.04032000000001">
        <ele>311.20000000000005</ele>
      </trkpt>
      <trkpt lat="18.83124" lon="99.04037000000001">
        <ele>311.41</ele>
      </trkpt>
      <trkpt lat="18.83167000014682" lon="99.0405849994615">
        <ele>311.54</ele>
      </trkpt>
      <trkpt lat="18.8321" lon="99.0408">
        <ele>310.6</ele>
      </trkpt>
      <trkpt lat="18.831780000000002" lon="99.04140000000001">
        <ele>310.5</ele>
      </trkpt>
      <trkpt lat="18.83173" lon="99.04151">
        <ele>310.5</ele>
      </trkpt>
      <trkpt lat="18.832240000000002" lon="99.04212000000001">
        <ele>311.36</ele>
      </trkpt>
      <trkpt lat="18.832310000000003" lon="99.04238000000001">
        <ele>311.45</ele>
      </trkpt>
      <trkpt lat="18.8324" lon="99.04304">
        <ele>311.73</ele>
      </trkpt>
      <trkpt lat="18.83246" lon="99.04372000000001">
        <ele>311.93</ele>
      </trkpt>
      <trkpt lat="18.83255" lon="99.04423000000001">
        <ele>312.01</ele>
      </trkpt>
      <trkpt lat="18.832990000000002" lon="99.04445000000001">
        <ele>311.96000000000004</ele>
      </trkpt>
      <trkpt lat="18.833360000000003" lon="99.0446">
        <ele>311.93</ele>
      </trkpt>
      <trkpt lat="18.83351" lon="99.04463000000001">
        <ele>311.93</ele>
      </trkpt>
      <trkpt lat="18.83362" lon="99.04463000000001">
        <ele>311.93</ele>
      </trkpt>
      <trkpt lat="18.833820000000003" lon="99.04459000000001">
        <ele>311.99000000000007</ele>
      </trkpt>
      <trkpt lat="18.833830000000003" lon="99.04459000000001">
        <ele>311.99000000000007</ele>
      </trkpt>
      <trkpt lat="18.833910000000003" lon="99.04458000000001">
        <ele>311.99000000000007</ele>
      </trkpt>
      <trkpt lat="18.83423" lon="99.04437000000001">
        <ele>312.08000000000004</ele>
      </trkpt>
      <trkpt lat="18.83444" lon="99.04433">
        <ele>312.07</ele>
      </trkpt>
      <trkpt lat="18.83483" lon="99.04412">
        <ele>312.08000000000004</ele>
      </trkpt>
      <trkpt lat="18.834950000000003" lon="99.04410000000001">
        <ele>312.18</ele>
      </trkpt>
      <trkpt lat="18.83501" lon="99.04411">
        <ele>312.18</ele>
      </trkpt>
      <trkpt lat="18.83507" lon="99.04415">
        <ele>312.18</ele>
      </trkpt>
      <trkpt lat="18.83512" lon="99.04424">
        <ele>312.18</ele>
      </trkpt>
      <trkpt lat="18.83521" lon="99.04491">
        <ele>312.13</ele>
      </trkpt>
      <trkpt lat="18.83549" lon="99.04549000000002">
        <ele>312.22</ele>
      </trkpt>
      <trkpt lat="18.835610000000003" lon="99.04561000000001">
        <ele>312.22</ele>
      </trkpt>
      <trkpt lat="18.83577" lon="99.04568">
        <ele>312.22</ele>
      </trkpt>
      <trkpt lat="18.83611" lon="99.04575000000001">
        <ele>312.33000000000004</ele>
      </trkpt>
      <trkpt lat="18.836470000000002" lon="99.04560000000001">
        <ele>312.47</ele>
      </trkpt>
      <trkpt lat="18.83725" lon="99.04582">
        <ele>312.71000000000004</ele>
      </trkpt>
      <trkpt lat="18.83754" lon="99.04597000000001">
        <ele>312.74</ele>
      </trkpt>
      <trkpt lat="18.83801" lon="99.04631">
        <ele>312.75</ele>
      </trkpt>
      <trkpt lat="18.83819" lon="99.04651000000001">
        <ele>312.75</ele>
      </trkpt>
      <trkpt lat="18.8383" lon="99.04655000000001">
        <ele>312.81</ele>
      </trkpt>
      <trkpt lat="18.838420000000003" lon="99.04656000000001">
        <ele>312.81</ele>
      </trkpt>
      <trkpt lat="18.83876" lon="99.04658">
        <ele>312.97</ele>
      </trkpt>
      <trkpt lat="18.83878" lon="99.04638000000001">
        <ele>312.9</ele>
      </trkpt>
      <trkpt lat="18.838820000000002" lon="99.04620000000001">
        <ele>312.87</ele>
      </trkpt>
      <trkpt lat="18.839090000000002" lon="99.04562000000001">
        <ele>313.0</ele>
      </trkpt>
      <trkpt lat="18.83915" lon="99.04558">
        <ele>313.0</ele>
      </trkpt>
      <trkpt lat="18.83924" lon="99.04560000000001">
        <ele>312.96000000000004</ele>
      </trkpt>
      <trkpt lat="18.8393" lon="99.04563">
        <ele>312.96000000000004</ele>
      </trkpt>
      <trkpt lat="18.839370000000002" lon="99.04571000000001">
        <ele>312.96000000000004</ele>
      </trkpt>
      <trkpt lat="18.83967" lon="99.04582">
        <ele>312.58000000000004</ele>
      </trkpt>
      <trkpt lat="18.83971" lon="99.04585">
        <ele>312.58000000000004</ele>
      </trkpt>
      <trkpt lat="18.839830000000003" lon="99.04616000000001">
        <ele>312.54</ele>
      </trkpt>
      <trkpt lat="18.839920000000003" lon="99.04629000000001">
        <ele>312.53000000000003</ele>
      </trkpt>
      <trkpt lat="18.84017" lon="99.04637000000001">
        <ele>312.55000000000007</ele>
      </trkpt>
      <trkpt lat="18.840290000000003" lon="99.04644">
        <ele>312.68</ele>
      </trkpt>
      <trkpt lat="18.84037" lon="99.04650000000001">
        <ele>312.68</ele>
      </trkpt>
      <trkpt lat="18.840490000000003" lon="99.04667">
        <ele>312.94000000000005</ele>
      </trkpt>
      <trkpt lat="18.84056" lon="99.04674000000001">
        <ele>312.98</ele>
      </trkpt>
      <trkpt lat="18.84063" lon="99.04678000000001">
        <ele>312.98</ele>
      </trkpt>
      <trkpt lat="18.840880000000002" lon="99.04686000000001">
        <ele>313.21999999999997</ele>
      </trkpt>
      <trkpt lat="18.84099" lon="99.04694">
        <ele>313.21999999999997</ele>
      </trkpt>
      <trkpt lat="18.841070000000002" lon="99.04702">
        <ele>313.24</ele>
      </trkpt>
      <trkpt lat="18.841140000000003" lon="99.04714000000001">
        <ele>313.24</ele>
      </trkpt>
      <trkpt lat="18.841420000000003" lon="99.04743">
        <ele>313.20000000000005</ele>
      </trkpt>
      <trkpt lat="18.84149" lon="99.04748000000001">
        <ele>313.24</ele>
      </trkpt>
      <trkpt lat="18.84165" lon="99.04752">
        <ele>313.35</ele>
      </trkpt>
      <trkpt lat="18.84184" lon="99.04748000000001">
        <ele>313.37</ele>
      </trkpt>
      <trkpt lat="18.841910000000002" lon="99.04749000000001">
        <ele>313.37</ele>
      </trkpt>
      <trkpt lat="18.842280000000002" lon="99.04772000000001">
        <ele>313.56</ele>
      </trkpt>
      <trkpt lat="18.842830000000003" lon="99.04799000000001">
        <ele>313.64000000000004</ele>
      </trkpt>
      <trkpt lat="18.84299" lon="99.04811000000001">
        <ele>313.62</ele>
      </trkpt>
      <trkpt lat="18.84324" lon="99.04835000000001">
        <ele>313.25</ele>
      </trkpt>
      <trkpt lat="18.843590000000003" lon="99.04884000000001">
        <ele>313.09000000000003</ele>
      </trkpt>
      <trkpt lat="18.843580000000003" lon="99.04883000000001">
        <ele>313.08000000000004</ele>
      </trkpt>
      <trkpt lat="18.843690000000002" lon="99.04897000000001">
        <ele>313.11</ele>
      </trkpt>
      <trkpt lat="18.84382" lon="99.04911000000001">
        <ele>313.07</ele>
      </trkpt>
      <trkpt lat="18.84394" lon="99.04918">
        <ele>313.07</ele>
      </trkpt>
      <trkpt lat="18.84413" lon="99.04922">
        <ele>313.1</ele>
      </trkpt>
      <trkpt lat="18.844250000000002" lon="99.04932000000001">
        <ele>313.31</ele>
      </trkpt>
      <trkpt lat="18.84431" lon="99.04944">
        <ele>313.31</ele>
      </trkpt>
      <trkpt lat="18.84438" lon="99.04964000000001">
        <ele>313.41</ele>
      </trkpt>
      <trkpt lat="18.84448" lon="99.04983000000001">
        <ele>313.42</ele>
      </trkpt>
      <trkpt lat="18.84506" lon="99.05044000000001">
        <ele>313.53000000000003</ele>
      </trkpt>
      <trkpt lat="18.845280000000002" lon="99.05081000000001">
        <ele>313.56</ele>
      </trkpt>
      <trkpt lat="18.845390000000002" lon="99.05090000000001">
        <ele>313.55000000000007</ele>
      </trkpt>
      <trkpt lat="18.845760000000002" lon="99.05108000000001">
        <ele>313.75</ele>
      </trkpt>
      <trkpt lat="18.84606" lon="99.05135000000001">
        <ele>313.83000000000004</ele>
      </trkpt>
      <trkpt lat="18.84618" lon="99.05142000000001">
        <ele>313.92</ele>
      </trkpt>
      <trkpt lat="18.846500000000002" lon="99.05153000000001">
        <ele>314.21000000000004</ele>
      </trkpt>
      <trkpt lat="18.846600000000002" lon="99.05159">
        <ele>314.29</ele>
      </trkpt>
      <trkpt lat="18.8468" lon="99.05181">
        <ele>314.25</ele>
      </trkpt>
      <trkpt lat="18.846950000000003" lon="99.05211000000001">
        <ele>314.24</ele>
      </trkpt>
      <trkpt lat="18.847060000000003" lon="99.05251000000001">
        <ele>314.24</ele>
      </trkpt>
      <trkpt lat="18.84711" lon="99.05256000000001">
        <ele>314.15000000000003</ele>
      </trkpt>
      <trkpt lat="18.84719" lon="99.05256000000001">
        <ele>314.15000000000003</ele>
      </trkpt>
      <trkpt lat="18.84748" lon="99.05244">
        <ele>314.14000000000004</ele>
      </trkpt>
      <trkpt lat="18.8476" lon="99.05244">
        <ele>314.19</ele>
      </trkpt>
      <trkpt lat="18.847720000000002" lon="99.05247000000001">
        <ele>314.19</ele>
      </trkpt>
      <trkpt lat="18.84803" lon="99.05267">
        <ele>314.25</ele>
      </trkpt>
      <trkpt lat="18.84841" lon="99.05276">
        <ele>314.3</ele>
      </trkpt>
      <trkpt lat="18.8485" lon="99.05281000000001">
        <ele>314.39</ele>
      </trkpt>
      <trkpt lat="18.848560000000003" lon="99.05288">
        <ele>314.39</ele>
      </trkpt>
      <trkpt lat="18.848580000000002" lon="99.05297">
        <ele>314.43000000000006</ele>
      </trkpt>
      <trkpt lat="18.848570000000002" lon="99.05307">
        <ele>314.43000000000006</ele>
      </trkpt>
      <trkpt lat="18.848460000000003" lon="99.05342">
        <ele>314.36</ele>
      </trkpt>
      <trkpt lat="18.848460000000003" lon="99.05347">
        <ele>314.37</ele>
      </trkpt>
      <trkpt lat="18.84859" lon="99.05368000000001">
        <ele>314.37</ele>
      </trkpt>
      <trkpt lat="18.8489" lon="99.05403000000001">
        <ele>314.62</ele>
      </trkpt>
      <trkpt lat="18.849310000000003" lon="99.05439000000001">
        <ele>314.66</ele>
      </trkpt>
      <trkpt lat="18.84962" lon="99.05452000000001">
        <ele>314.61</ele>
      </trkpt>
      <trkpt lat="18.849780000000003" lon="99.05466000000001">
        <ele>314.64000000000004</ele>
      </trkpt>
      <trkpt lat="18.849800000000002" lon="99.05473">
        <ele>314.64000000000004</ele>
      </trkpt>
      <trkpt lat="18.84981" lon="99.05483000000001">
        <ele>314.77000000000004</ele>
      </trkpt>
      <trkpt lat="18.84972" lon="99.05499">
        <ele>314.77000000000004</ele>
      </trkpt>
      <trkpt lat="18.849590000000003" lon="99.05509">
        <ele>314.73</ele>
      </trkpt>
      <trkpt lat="18.849320000000002" lon="99.0554">
        <ele>314.67</ele>
      </trkpt>
      <trkpt lat="18.84927" lon="99.05552">
        <ele>314.67</ele>
      </trkpt>
      <trkpt lat="18.84928" lon="99.05567">
        <ele>314.67</ele>
      </trkpt>
      <trkpt lat="18.849580000000003" lon="99.05608000000001">
        <ele>314.81</ele>
      </trkpt>
      <trkpt lat="18.849860000000003" lon="99.05633">
        <ele>314.90000000000003</ele>
      </trkpt>
      <trkpt lat="18.84994" lon="99.05665">
        <ele>314.94000000000005</ele>
      </trkpt>
      <trkpt lat="18.850350000000002" lon="99.05706">
        <ele>315.08000000000004</ele>
      </trkpt>
      <trkpt lat="18.850540000000002" lon="99.05735000000001">
        <ele>315.06</ele>
      </trkpt>
      <trkpt lat="18.850780000428582" lon="99.05775999937951">
        <ele>315.11</ele>
      </trkpt>
      <trkpt lat="18.851020000000002" lon="99.05817">
        <ele>315.13</ele>
      </trkpt>
      <trkpt lat="18.85152" lon="99.05886000000001">
        <ele>315.28</ele>
      </trkpt>
      <trkpt lat="18.85161" lon="99.05913000000001">
        <ele>315.42</ele>
      </trkpt>
      <trkpt lat="18.8516" lon="99.05911">
        <ele>315.42</ele>
      </trkpt>
      <trkpt lat="18.851660000000003" lon="99.05926000000001">
        <ele>315.44</ele>
      </trkpt>
      <trkpt lat="18.85198" lon="99.05992">
        <ele>315.54</ele>
      </trkpt>
      <trkpt lat="18.852140000000002" lon="99.06015000000001">
        <ele>315.58000000000004</ele>
      </trkpt>
      <trkpt lat="18.852300000000003" lon="99.06047000000001">
        <ele>316.01</ele>
      </trkpt>
      <trkpt lat="18.85257" lon="99.06091">
        <ele>316.21999999999997</ele>
      </trkpt>
      <trkpt lat="18.85267" lon="99.06117">
        <ele>316.20000000000005</ele>
      </trkpt>
      <trkpt lat="18.85267" lon="99.06147000000001">
        <ele>316.08000000000004</ele>
      </trkpt>
      <trkpt lat="18.852700000000002" lon="99.06169000000001">
        <ele>316.06</ele>
      </trkpt>
      <trkpt lat="18.852770000000003" lon="99.06195000000001">
        <ele>316.1</ele>
      </trkpt>
      <trkpt lat="18.85282" lon="99.06200000000001">
        <ele>316.1</ele>
      </trkpt>
      <trkpt lat="18.853360000000002" lon="99.06231000000001">
        <ele>316.37000000000006</ele>
      </trkpt>
      <trkpt lat="18.853460000000002" lon="99.06244000000001">
        <ele>316.41</ele>
      </trkpt>
      <trkpt lat="18.853550000000002" lon="99.06273">
        <ele>316.36</ele>
      </trkpt>
      <trkpt lat="18.8536" lon="99.0631">
        <ele>316.41</ele>
      </trkpt>
      <trkpt lat="18.853640000000002" lon="99.06375000000001">
        <ele>316.33</ele>
      </trkpt>
      <trkpt lat="18.85367" lon="99.06382">
        <ele>316.33</ele>
      </trkpt>
      <trkpt lat="18.853720000000003" lon="99.06388000000001">
        <ele>316.36</ele>
      </trkpt>
      <trkpt lat="18.853800000000003" lon="99.06392000000001">
        <ele>316.36</ele>
      </trkpt>
      <trkpt lat="18.854300000000002" lon="99.06413">
        <ele>316.44</ele>
      </trkpt>
      <trkpt lat="18.85452" lon="99.06429000000001">
        <ele>316.45</ele>
      </trkpt>
      <trkpt lat="18.8546" lon="99.06442000000001">
        <ele>316.62</ele>
      </trkpt>
      <trkpt lat="18.85463" lon="99.06456000000001">
        <ele>316.62</ele>
      </trkpt>
      <trkpt lat="18.85464" lon="99.06524">
        <ele>316.97</ele>
      </trkpt>
      <trkpt lat="18.85481" lon="99.06550000000001">
        <ele>317.37000000000006</ele>
      </trkpt>
      <trkpt lat="18.85507" lon="99.06581000000001">
        <ele>317.59000000000003</ele>
      </trkpt>
      <trkpt lat="18.855310000000003" lon="99.06594000000001">
        <ele>317.12</ele>
      </trkpt>
      <trkpt lat="18.85563" lon="99.06601">
        <ele>317.05</ele>
      </trkpt>
      <trkpt lat="18.85591" lon="99.06615000000001">
        <ele>317.04</ele>
      </trkpt>
      <trkpt lat="18.856070000000003" lon="99.06628">
        <ele>317.06</ele>
      </trkpt>
      <trkpt lat="18.85631" lon="99.06651000000001">
        <ele>317.15000000000003</ele>
      </trkpt>
      <trkpt lat="18.856720000000003" lon="99.06701000000001">
        <ele>317.08000000000004</ele>
      </trkpt>
      <trkpt lat="18.85732" lon="99.06750000000001">
        <ele>317.1</ele>
      </trkpt>
      <trkpt lat="18.85745" lon="99.06767">
        <ele>317.14000000000004</ele>
      </trkpt>
      <trkpt lat="18.857580000000002" lon="99.06818000000001">
        <ele>317.46000000000004</ele>
      </trkpt>
      <trkpt lat="18.85779" lon="99.06862000000001">
        <ele>317.8</ele>
      </trkpt>
      <trkpt lat="18.85781" lon="99.06903000000001">
        <ele>318.55</ele>
      </trkpt>
      <trkpt lat="18.857470000000003" lon="99.06895000000002">
        <ele>318.77000000000004</ele>
      </trkpt>
      <trkpt lat="18.857280000000003" lon="99.06916000000001">
        <ele>318.18</ele>
      </trkpt>
      <trkpt lat="18.85742" lon="99.06934000000001">
        <ele>318.05</ele>
      </trkpt>
      <trkpt lat="18.85751" lon="99.06963">
        <ele>318.01</ele>
      </trkpt>
      <trkpt lat="18.85763" lon="99.07032000000001">
        <ele>318.41</ele>
      </trkpt>
      <trkpt lat="18.85773" lon="99.07072000000001">
        <ele>318.15000000000003</ele>
      </trkpt>
      <trkpt lat="18.857940000000003" lon="99.07118000000001">
        <ele>318.36</ele>
      </trkpt>
      <trkpt lat="18.85828" lon="99.07155">
        <ele>318.27000000000004</ele>
      </trkpt>
      <trkpt lat="18.858730000268405" lon="99.07186499915741">
        <ele>318.58000000000004</ele>
      </trkpt>
      <trkpt lat="18.859180000000002" lon="99.07218">
        <ele>318.57</ele>
      </trkpt>
      <trkpt lat="18.859460000000002" lon="99.07235000000001">
        <ele>318.41</ele>
      </trkpt>
      <trkpt lat="18.859620000000003" lon="99.07254">
        <ele>318.47</ele>
      </trkpt>
      <trkpt lat="18.85978" lon="99.07281">
        <ele>318.06</ele>
      </trkpt>
      <trkpt lat="18.85986" lon="99.07297000000001">
        <ele>318.06</ele>
      </trkpt>
      <trkpt lat="18.859920000000002" lon="99.07322">
        <ele>318.0</ele>
      </trkpt>
      <trkpt lat="18.86005" lon="99.07345000000001">
        <ele>318.05</ele>
      </trkpt>
      <trkpt lat="18.86024" lon="99.07366">
        <ele>318.37000000000006</ele>
      </trkpt>
      <trkpt lat="18.86025" lon="99.07375">
        <ele>318.32000000000005</ele>
      </trkpt>
      <trkpt lat="18.86008" lon="99.0742">
        <ele>317.87000000000006</ele>
      </trkpt>
      <trkpt lat="18.860000000000003" lon="99.07458000000001">
        <ele>318.46000000000004</ele>
      </trkpt>
      <trkpt lat="18.86014" lon="99.0746">
        <ele>318.42</ele>
      </trkpt>
      <trkpt lat="18.860210000000002" lon="99.07459000000001">
        <ele>318.42</ele>
      </trkpt>
      <trkpt lat="18.86042" lon="99.07447">
        <ele>318.5</ele>
      </trkpt>
      <trkpt lat="18.860500000000002" lon="99.07445000000001">
        <ele>318.5</ele>
      </trkpt>
      <trkpt lat="18.86108" lon="99.07464">
        <ele>318.68</ele>
      </trkpt>
      <trkpt lat="18.8612" lon="99.07467000000001">
        <ele>318.64000000000004</ele>
      </trkpt>
      <trkpt lat="18.861430000000002" lon="99.07467000000001">
        <ele>318.65999999999997</ele>
      </trkpt>
      <trkpt lat="18.86186" lon="99.07482">
        <ele>318.88000000000005</ele>
      </trkpt>
      <trkpt lat="18.862090000000002" lon="99.07495">
        <ele>318.98</ele>
      </trkpt>
      <trkpt lat="18.86259" lon="99.07511000000001">
        <ele>319.06</ele>
      </trkpt>
      <trkpt lat="18.863090000000003" lon="99.07544000000001">
        <ele>319.43000000000006</ele>
      </trkpt>
      <trkpt lat="18.863120000000002" lon="99.07553000000001">
        <ele>319.47</ele>
      </trkpt>
      <trkpt lat="18.863030000000002" lon="99.0759">
        <ele>319.13</ele>
      </trkpt>
      <trkpt lat="18.863030000000002" lon="99.07597000000001">
        <ele>319.01</ele>
      </trkpt>
      <trkpt lat="18.86306" lon="99.07601000000001">
        <ele>319.01</ele>
      </trkpt>
      <trkpt lat="18.86388" lon="99.07626">
        <ele>318.76000000000005</ele>
      </trkpt>
      <trkpt lat="18.86407" lon="99.07628000000001">
        <ele>318.91</ele>
      </trkpt>
      <trkpt lat="18.8642" lon="99.07627000000001">
        <ele>319.17</ele>
      </trkpt>
      <trkpt lat="18.86421" lon="99.07634">
        <ele>319.17</ele>
      </trkpt>
      <trkpt lat="18.86418" lon="99.07646000000001">
        <ele>318.32000000000005</ele>
      </trkpt>
      <trkpt lat="18.8639" lon="99.07726000000001">
        <ele>318.05</ele>
      </trkpt>
      <trkpt lat="18.863580000000002" lon="99.07721000000001">
        <ele>317.92</ele>
      </trkpt>
      <trkpt lat="18.86314" lon="99.07718000000001">
        <ele>317.87000000000006</ele>
      </trkpt>
      <trkpt lat="18.862930000000002" lon="99.07709000000001">
        <ele>317.89</ele>
      </trkpt>
      <trkpt lat="18.862750000000002" lon="99.07705000000001">
        <ele>317.89</ele>
      </trkpt>
      <trkpt lat="18.862150000000003" lon="99.07699000000001">
        <ele>317.8</ele>
      </trkpt>
      <trkpt lat="18.8621" lon="99.07703000000001">
        <ele>317.8</ele>
      </trkpt>
      <trkpt lat="18.86194" lon="99.07741000000001">
        <ele>317.09000000000003</ele>
      </trkpt>
      <trkpt lat="18.86184" lon="99.07759000000001">
        <ele>316.94</ele>
      </trkpt>
      <trkpt lat="18.86156000115584" lon="99.07825000111855">
        <ele>317.14000000000004</ele>
      </trkpt>
      <trkpt lat="18.86128" lon="99.07891000000001">
        <ele>317.62</ele>
      </trkpt>
      <trkpt lat="18.8613" lon="99.07897000000001">
        <ele>317.62</ele>
      </trkpt>
      <trkpt lat="18.861620000000002" lon="99.07904">
        <ele>317.28</ele>
      </trkpt>
      <trkpt lat="18.86168" lon="99.07910000000001">
        <ele>317.42</ele>
      </trkpt>
      <trkpt lat="18.861620000000002" lon="99.07969000000001">
        <ele>317.52000000000004</ele>
      </trkpt>
      <trkpt lat="18.861610000000002" lon="99.0802">
        <ele>318.02000000000004</ele>
      </trkpt>
      <trkpt lat="18.86158500109473" lon="99.08084000006399">
        <ele>318.26000000000005</ele>
      </trkpt>
      <trkpt lat="18.86156" lon="99.08148000000001">
        <ele>318.49000000000007</ele>
      </trkpt>
      <trkpt lat="18.861530000000002" lon="99.08174000000001">
        <ele>318.65999999999997</ele>
      </trkpt>
      <trkpt lat="18.86147" lon="99.08192000000001">
        <ele>318.68</ele>
      </trkpt>
      <trkpt lat="18.86146" lon="99.08199">
        <ele>318.68</ele>
      </trkpt>
      <trkpt lat="18.861520000000002" lon="99.08233000000001">
        <ele>318.90000000000003</ele>
      </trkpt>
      <trkpt lat="18.861590000000003" lon="99.08241000000001">
        <ele>318.98</ele>
      </trkpt>
      <trkpt lat="18.86167" lon="99.08243">
        <ele>318.98</ele>
      </trkpt>
      <trkpt lat="18.86168" lon="99.08258000000001">
        <ele>318.91</ele>
      </trkpt>
      <trkpt lat="18.861720000000002" lon="99.08258000000001">
        <ele>318.91</ele>
      </trkpt>
      <trkpt lat="18.861800000000002" lon="99.08290000000001">
        <ele>318.97</ele>
      </trkpt>
      <trkpt lat="18.861780000000003" lon="99.08321000000001">
        <ele>318.97</ele>
      </trkpt>
      <trkpt lat="18.861710000000002" lon="99.08352000000001">
        <ele>319.21000000000004</ele>
      </trkpt>
      <trkpt lat="18.861510000000003" lon="99.08372000000001">
        <ele>319.21000000000004</ele>
      </trkpt>
      <trkpt lat="18.86129" lon="99.08407000000001">
        <ele>319.20000000000005</ele>
      </trkpt>
      <trkpt lat="18.861150000000002" lon="99.08462">
        <ele>319.28000000000003</ele>
      </trkpt>
      <trkpt lat="18.86118" lon="99.08502000000001">
        <ele>319.59000000000003</ele>
      </trkpt>
      <trkpt lat="18.861240000000002" lon="99.08525">
        <ele>319.65000000000003</ele>
      </trkpt>
      <trkpt lat="18.86138" lon="99.08533000000001">
        <ele>319.68</ele>
      </trkpt>
      <trkpt lat="18.86184" lon="99.08569000000001">
        <ele>320.14000000000004</ele>
      </trkpt>
      <trkpt lat="18.86183" lon="99.08625">
        <ele>320.39</ele>
      </trkpt>
      <trkpt lat="18.861900000000002" lon="99.08639000000001">
        <ele>320.39</ele>
      </trkpt>
      <trkpt lat="18.862090000000002" lon="99.08655">
        <ele>320.41</ele>
      </trkpt>
      <trkpt lat="18.862270000000002" lon="99.08673">
        <ele>320.5</ele>
      </trkpt>
      <trkpt lat="18.86233" lon="99.08698000000001">
        <ele>320.6</ele>
      </trkpt>
      <trkpt lat="18.86238" lon="99.08735000000001">
        <ele>321.0</ele>
      </trkpt>
      <trkpt lat="18.862810000000003" lon="99.08734000000001">
        <ele>320.65999999999997</ele>
      </trkpt>
      <trkpt lat="18.86289" lon="99.08737">
        <ele>320.6</ele>
      </trkpt>
      <trkpt lat="18.863100000000003" lon="99.08751000000001">
        <ele>320.53000000000003</ele>
      </trkpt>
      <trkpt lat="18.86315" lon="99.08756000000001">
        <ele>320.53000000000003</ele>
      </trkpt>
      <trkpt lat="18.86327" lon="99.08779000000001">
        <ele>320.74</ele>
      </trkpt>
      <trkpt lat="18.86334" lon="99.08786">
        <ele>320.74</ele>
      </trkpt>
      <trkpt lat="18.86334" lon="99.08785">
        <ele>320.74</ele>
      </trkpt>
      <trkpt lat="18.863570000000003" lon="99.08807">
        <ele>320.93000000000006</ele>
      </trkpt>
      <trkpt lat="18.864130000000003" lon="99.0887">
        <ele>321.33</ele>
      </trkpt>
      <trkpt lat="18.86426" lon="99.08909000000001">
        <ele>321.35</ele>
      </trkpt>
      <trkpt lat="18.864590000000003" lon="99.08940000000001">
        <ele>321.61</ele>
      </trkpt>
      <trkpt lat="18.86457" lon="99.09003000000001">
        <ele>321.28000000000003</ele>
      </trkpt>
      <trkpt lat="18.864610000000003" lon="99.09031">
        <ele>321.33</ele>
      </trkpt>
      <trkpt lat="18.86456500171126" lon="99.09111000017148">
        <ele>321.64000000000004</ele>
      </trkpt>
      <trkpt lat="18.864520000000002" lon="99.09191000000001">
        <ele>321.73</ele>
      </trkpt>
      <trkpt lat="18.86446" lon="99.09232000000002">
        <ele>321.85</ele>
      </trkpt>
      <trkpt lat="18.86447" lon="99.09236000000001">
        <ele>321.85</ele>
      </trkpt>
      <trkpt lat="18.86468" lon="99.09245000000001">
        <ele>321.81000000000006</ele>
      </trkpt>
      <trkpt lat="18.864900000000002" lon="99.09261000000001">
        <ele>321.90000000000003</ele>
      </trkpt>
      <trkpt lat="18.865180000000002" lon="99.09287">
        <ele>322.18</ele>
      </trkpt>
      <trkpt lat="18.86512" lon="99.09292">
        <ele>322.04</ele>
      </trkpt>
      <trkpt lat="18.86496" lon="99.09344">
        <ele>322.61</ele>
      </trkpt>
      <trkpt lat="18.86503" lon="99.09349">
        <ele>322.61</ele>
      </trkpt>
      <trkpt lat="18.865530000000003" lon="99.09372">
        <ele>322.65999999999997</ele>
      </trkpt>
      <trkpt lat="18.8659" lon="99.09400000000001">
        <ele>323.15000000000003</ele>
      </trkpt>
      <trkpt lat="18.86586" lon="99.09433000000001">
        <ele>323.13</ele>
      </trkpt>
      <trkpt lat="18.86571" lon="99.09469000000001">
        <ele>323.01</ele>
      </trkpt>
      <trkpt lat="18.865560000000002" lon="99.09493">
        <ele>322.95</ele>
      </trkpt>
      <trkpt lat="18.865640000000003" lon="99.09540000000001">
        <ele>323.04</ele>
      </trkpt>
      <trkpt lat="18.865650000000002" lon="99.09624000000001">
        <ele>323.65000000000003</ele>
      </trkpt>
      <trkpt lat="18.86598" lon="99.09676">
        <ele>323.91</ele>
      </trkpt>
      <trkpt lat="18.86586" lon="99.09697000000001">
        <ele>323.91</ele>
      </trkpt>
      <trkpt lat="18.86562" lon="99.09729000000002">
        <ele>323.65000000000003</ele>
      </trkpt>
      <trkpt lat="18.86552" lon="99.09737000000001">
        <ele>323.62</ele>
      </trkpt>
      <trkpt lat="18.865380000000002" lon="99.09743">
        <ele>323.64000000000004</ele>
      </trkpt>
      <trkpt lat="18.86482" lon="99.09813000000001">
        <ele>323.83</ele>
      </trkpt>
      <trkpt lat="18.86457" lon="99.09866000000001">
        <ele>323.59999999999997</ele>
      </trkpt>
      <trkpt lat="18.864410000000003" lon="99.09879000000001">
        <ele>323.49</ele>
      </trkpt>
      <trkpt lat="18.864250000000002" lon="99.09918">
        <ele>323.38</ele>
      </trkpt>
      <trkpt lat="18.864040000000003" lon="99.09963">
        <ele>323.07</ele>
      </trkpt>
      <trkpt lat="18.86391" lon="99.10000000000001">
        <ele>322.93000000000006</ele>
      </trkpt>
      <trkpt lat="18.863750000000003" lon="99.10058000000001">
        <ele>323.0</ele>
      </trkpt>
      <trkpt lat="18.86373" lon="99.10085000000001">
        <ele>323.13</ele>
      </trkpt>
      <trkpt lat="18.86374" lon="99.10099000000001">
        <ele>323.1</ele>
      </trkpt>
      <trkpt lat="18.86364" lon="99.10130000000001">
        <ele>322.94</ele>
      </trkpt>
      <trkpt lat="18.863300000000002" lon="99.10136000000001">
        <ele>322.91</ele>
      </trkpt>
      <trkpt lat="18.86323" lon="99.10144000000001">
        <ele>322.68</ele>
      </trkpt>
      <trkpt lat="18.86305" lon="99.10199000000001">
        <ele>322.55</ele>
      </trkpt>
      <trkpt lat="18.863030000000002" lon="99.10249">
        <ele>322.37000000000006</ele>
      </trkpt>
      <trkpt lat="18.863090000000003" lon="99.10277">
        <ele>322.46000000000004</ele>
      </trkpt>
      <trkpt lat="18.86318" lon="99.10293000000001">
        <ele>322.46000000000004</ele>
      </trkpt>
      <trkpt lat="18.86324" lon="99.10296000000001">
        <ele>322.46000000000004</ele>
      </trkpt>
      <trkpt lat="18.86353" lon="99.10322000000001">
        <ele>322.40000000000003</ele>
      </trkpt>
      <trkpt lat="18.86412" lon="99.10355000000001">
        <ele>322.68</ele>
      </trkpt>
      <trkpt lat="18.864410000000003" lon="99.10364000000001">
        <ele>322.79</ele>
      </trkpt>
      <trkpt lat="18.86465" lon="99.10395000000001">
        <ele>322.90000000000003</ele>
      </trkpt>
      <trkpt lat="18.864690000000003" lon="99.10418000000001">
        <ele>323.15000000000003</ele>
      </trkpt>
      <trkpt lat="18.86467" lon="99.10453000000001">
        <ele>323.24</ele>
      </trkpt>
      <trkpt lat="18.864780000000003" lon="99.10467000000001">
        <ele>323.24</ele>
      </trkpt>
      <trkpt lat="18.865180000000002" lon="99.10484000000001">
        <ele>323.35</ele>
      </trkpt>
      <trkpt lat="18.86532" lon="99.10494000000001">
        <ele>323.36</ele>
      </trkpt>
      <trkpt lat="18.865530000000003" lon="99.10518">
        <ele>323.34000000000003</ele>
      </trkpt>
      <trkpt lat="18.865740000000002" lon="99.10568">
        <ele>323.32000000000005</ele>
      </trkpt>
      <trkpt lat="18.86586" lon="99.1059">
        <ele>323.31000000000006</ele>
      </trkpt>
      <trkpt lat="18.865910000000003" lon="99.10635">
        <ele>323.58000000000004</ele>
      </trkpt>
      <trkpt lat="18.866380000000003" lon="99.10699000000001">
        <ele>323.53000000000003</ele>
      </trkpt>
      <trkpt lat="18.866380000000003" lon="99.10711">
        <ele>323.52000000000004</ele>
      </trkpt>
      <trkpt lat="18.866600000000002" lon="99.10785000000001">
        <ele>323.89</ele>
      </trkpt>
      <trkpt lat="18.8667" lon="99.10799000000002">
        <ele>323.96000000000004</ele>
      </trkpt>
      <trkpt lat="18.86721" lon="99.10819000000001">
        <ele>324.15000000000003</ele>
      </trkpt>
      <trkpt lat="18.86726" lon="99.10883000000001">
        <ele>324.18</ele>
      </trkpt>
      <trkpt lat="18.866660000000003" lon="99.10894">
        <ele>324.17</ele>
      </trkpt>
      <trkpt lat="18.867005001959292" lon="99.10977999845437">
        <ele>324.02000000000004</ele>
      </trkpt>
      <trkpt lat="18.867350000000002" lon="99.11062000000001">
        <ele>324.35</ele>
      </trkpt>
      <trkpt lat="18.867340000000002" lon="99.11062000000001">
        <ele>324.35</ele>
      </trkpt>
      <trkpt lat="18.86748" lon="99.11094000000001">
        <ele>324.38</ele>
      </trkpt>
      <trkpt lat="18.86766" lon="99.11112000000001">
        <ele>324.53000000000003</ele>
      </trkpt>
      <trkpt lat="18.86776" lon="99.11170000000001">
        <ele>324.47</ele>
      </trkpt>
      <trkpt lat="18.867800000000003" lon="99.11212">
        <ele>324.70000000000005</ele>
      </trkpt>
      <trkpt lat="18.867720000000002" lon="99.11260000000001">
        <ele>325.37000000000006</ele>
      </trkpt>
      <trkpt lat="18.86841" lon="99.11253">
        <ele>325.78000000000003</ele>
      </trkpt>
      <trkpt lat="18.86928" lon="99.1127">
        <ele>326.23</ele>
      </trkpt>
      <trkpt lat="18.86927" lon="99.11291000000001">
        <ele>326.24</ele>
      </trkpt>
      <trkpt lat="18.869380000000003" lon="99.11324">
        <ele>326.33</ele>
      </trkpt>
      <trkpt lat="18.86972" lon="99.11391">
        <ele>326.41</ele>
      </trkpt>
      <trkpt lat="18.870150000000002" lon="99.11453">
        <ele>326.3</ele>
      </trkpt>
      <trkpt lat="18.87048" lon="99.11515000000001">
        <ele>326.21</ele>
      </trkpt>
      <trkpt lat="18.870630000000002" lon="99.11548">
        <ele>326.26000000000005</ele>
      </trkpt>
      <trkpt lat="18.87066" lon="99.11565">
        <ele>326.3</ele>
      </trkpt>
      <trkpt lat="18.87065" lon="99.11579">
        <ele>326.3</ele>
      </trkpt>
      <trkpt lat="18.87083" lon="99.11624">
        <ele>326.26000000000005</ele>
      </trkpt>
      <trkpt lat="18.87097500096184" lon="99.11682999962035">
        <ele>326.25000000000006</ele>
      </trkpt>
      <trkpt lat="18.87112" lon="99.11742000000001">
        <ele>326.23</ele>
      </trkpt>
      <trkpt lat="18.87133" lon="99.11793">
        <ele>326.24</ele>
      </trkpt>
      <trkpt lat="18.87171" lon="99.11823000000001">
        <ele>326.09000000000003</ele>
      </trkpt>
      <trkpt lat="18.8719" lon="99.11850000000001">
        <ele>326.20000000000005</ele>
      </trkpt>
      <trkpt lat="18.871950000000002" lon="99.11874">
        <ele>326.31000000000006</ele>
      </trkpt>
      <trkpt lat="18.871670000796215" lon="99.11928000086854">
        <ele>326.39</ele>
      </trkpt>
      <trkpt lat="18.87139" lon="99.11982">
        <ele>326.41</ele>
      </trkpt>
      <trkpt lat="18.871190000000002" lon="99.12025000000001">
        <ele>326.47</ele>
      </trkpt>
      <trkpt lat="18.87114" lon="99.12045">
        <ele>326.47</ele>
      </trkpt>
      <trkpt lat="18.87115" lon="99.12071">
        <ele>326.53000000000003</ele>
      </trkpt>
      <trkpt lat="18.87123" lon="99.12115000000001">
        <ele>326.42</ele>
      </trkpt>
      <trkpt lat="18.871480000000002" lon="99.12195000000001">
        <ele>326.40000000000003</ele>
      </trkpt>
      <trkpt lat="18.8716" lon="99.12215">
        <ele>326.31000000000006</ele>
      </trkpt>
      <trkpt lat="18.871930000000003" lon="99.12237">
        <ele>326.43000000000006</ele>
      </trkpt>
      <trkpt lat="18.87206" lon="99.12244000000001">
        <ele>326.43000000000006</ele>
      </trkpt>
      <trkpt lat="18.87219" lon="99.12251">
        <ele>326.43000000000006</ele>
      </trkpt>
      <trkpt lat="18.872230000000002" lon="99.12270000000001">
        <ele>326.62</ele>
      </trkpt>
      <trkpt lat="18.872220000000002" lon="99.12289000000001">
        <ele>326.62</ele>
      </trkpt>
      <trkpt lat="18.87261" lon="99.12288000000001">
        <ele>326.67</ele>
      </trkpt>
      <trkpt lat="18.87301" lon="99.12270000000001">
        <ele>327.0</ele>
      </trkpt>
      <trkpt lat="18.8729" lon="99.12322">
        <ele>326.98</ele>
      </trkpt>
      <trkpt lat="18.8728" lon="99.12395000000001">
        <ele>327.23</ele>
      </trkpt>
      <trkpt lat="18.87283" lon="99.12418000000001">
        <ele>327.19000000000005</ele>
      </trkpt>
      <trkpt lat="18.872860000000003" lon="99.12449000000001">
        <ele>327.13000000000005</ele>
      </trkpt>
      <trkpt lat="18.873060000000002" lon="99.12494000000001">
        <ele>326.96000000000004</ele>
      </trkpt>
      <trkpt lat="18.873130000000003" lon="99.12527000000001">
        <ele>327.08000000000004</ele>
      </trkpt>
      <trkpt lat="18.87228" lon="99.12549000000001">
        <ele>326.70000000000005</ele>
      </trkpt>
      <trkpt lat="18.87141333343068" lon="99.12560000113335">
        <ele>326.41</ele>
      </trkpt>
      <trkpt lat="18.87054666679673" lon="99.12571000112916">
        <ele>326.36</ele>
      </trkpt>
      <trkpt lat="18.869680000000002" lon="99.12582">
        <ele>326.23</ele>
      </trkpt>
      <trkpt lat="18.869210000000002" lon="99.12595">
        <ele>326.19000000000005</ele>
      </trkpt>
      <trkpt lat="18.86853" lon="99.12631">
        <ele>325.88</ele>
      </trkpt>
      <trkpt lat="18.868803335135492" lon="99.12688999812018">
        <ele>325.91</ele>
      </trkpt>
      <trkpt lat="18.86907666847425" lon="99.12746999813164">
        <ele>325.91</ele>
      </trkpt>
      <trkpt lat="18.86935" lon="99.12805">
        <ele>326.01</ele>
      </trkpt>
      <trkpt lat="18.869320000000002" lon="99.12814">
        <ele>326.23</ele>
      </trkpt>
      <trkpt lat="18.86928" lon="99.12817000000001">
        <ele>326.32</ele>
      </trkpt>
      <trkpt lat="18.869210000000002" lon="99.12815">
        <ele>326.46000000000004</ele>
      </trkpt>
      <trkpt lat="18.86884000331566" lon="99.12736332988297">
        <ele>326.36</ele>
      </trkpt>
      <trkpt lat="18.868470003325992" lon="99.12657666323832">
        <ele>326.35</ele>
      </trkpt>
      <trkpt lat="18.868100000000002" lon="99.12579000000001">
        <ele>326.32</ele>
      </trkpt>
      <trkpt lat="18.86731" lon="99.12599">
        <ele>325.45</ele>
      </trkpt>
      <trkpt lat="18.86718" lon="99.12593000000001">
        <ele>325.5</ele>
      </trkpt>
      <trkpt lat="18.86671" lon="99.12593000000001">
        <ele>325.90000000000003</ele>
      </trkpt>
      <trkpt lat="18.86663" lon="99.12602000000001">
        <ele>326.0</ele>
      </trkpt>
      <trkpt lat="18.86653" lon="99.12619000000001">
        <ele>327.84000000000003</ele>
      </trkpt>
      <trkpt lat="18.86616" lon="99.12611000000001">
        <ele>327.24</ele>
      </trkpt>
      <trkpt lat="18.86577" lon="99.12615000000001">
        <ele>327.51</ele>
      </trkpt>
      <trkpt lat="18.86511" lon="99.12613">
        <ele>328.83</ele>
      </trkpt>
      <trkpt lat="18.86501" lon="99.12611000000001">
        <ele>328.93</ele>
      </trkpt>
      <trkpt lat="18.86496" lon="99.12588000000001">
        <ele>328.97</ele>
      </trkpt>
      <trkpt lat="18.86492" lon="99.12577">
        <ele>328.89</ele>
      </trkpt>
      <trkpt lat="18.86475" lon="99.12556000000001">
        <ele>328.92</ele>
      </trkpt>
      <trkpt lat="18.864690000000003" lon="99.12552000000001">
        <ele>329.04</ele>
      </trkpt>
      <trkpt lat="18.86464" lon="99.12551">
        <ele>329.06</ele>
      </trkpt>
      <trkpt lat="18.86428" lon="99.12566000000001">
        <ele>328.93</ele>
      </trkpt>
      <trkpt lat="18.86393" lon="99.12571000000001">
        <ele>328.38</ele>
      </trkpt>
      <trkpt lat="18.86362" lon="99.12581">
        <ele>328.13000000000005</ele>
      </trkpt>
      <trkpt lat="18.863110000000002" lon="99.12598000000001">
        <ele>324.11</ele>
      </trkpt>
      <trkpt lat="18.86315" lon="99.12610000000001">
        <ele>324.02000000000004</ele>
      </trkpt>
      <trkpt lat="18.86314" lon="99.12654">
        <ele>324.23</ele>
      </trkpt>
      <trkpt lat="18.86305" lon="99.12693">
        <ele>324.23</ele>
      </trkpt>
      <trkpt lat="18.86307" lon="99.12725">
        <ele>324.35</ele>
      </trkpt>
      <trkpt lat="18.86339000081765" lon="99.12777999910074">
        <ele>324.59999999999997</ele>
      </trkpt>
      <trkpt lat="18.86371" lon="99.12831000000001">
        <ele>324.91</ele>
      </trkpt>
      <trkpt lat="18.863780000000002" lon="99.12839000000001">
        <ele>324.97</ele>
      </trkpt>
      <trkpt lat="18.863860000000003" lon="99.12839000000001">
        <ele>324.94</ele>
      </trkpt>
      <trkpt lat="18.86412" lon="99.12816000000001">
        <ele>324.65000000000003</ele>
      </trkpt>
      <trkpt lat="18.86468" lon="99.12796">
        <ele>324.77</ele>
      </trkpt>
      <trkpt lat="18.86475" lon="99.12798000000001">
        <ele>324.77</ele>
      </trkpt>
      <trkpt lat="18.86515" lon="99.12840000000001">
        <ele>324.90000000000003</ele>
      </trkpt>
      <trkpt lat="18.865160000000003" lon="99.12841">
        <ele>324.91</ele>
      </trkpt>
      <trkpt lat="18.86534" lon="99.1286">
        <ele>325.09999999999997</ele>
      </trkpt>
      <trkpt lat="18.865360000000003" lon="99.12867000000001">
        <ele>325.12</ele>
      </trkpt>
      <trkpt lat="18.8653" lon="99.12907000000001">
        <ele>325.0</ele>
      </trkpt>
      <trkpt lat="18.86529" lon="99.12926">
        <ele>325.09999999999997</ele>
      </trkpt>
      <trkpt lat="18.86534" lon="99.12955000000001">
        <ele>325.09999999999997</ele>
      </trkpt>
      <trkpt lat="18.8653" lon="99.12964000000001">
        <ele>325.09999999999997</ele>
      </trkpt>
      <trkpt lat="18.865090000000002" lon="99.12971">
        <ele>324.87000000000006</ele>
      </trkpt>
      <trkpt lat="18.86504" lon="99.12979000000001">
        <ele>324.87000000000006</ele>
      </trkpt>
      <trkpt lat="18.864980000000003" lon="99.13016">
        <ele>324.61</ele>
      </trkpt>
      <trkpt lat="18.864970000000003" lon="99.13040000000001">
        <ele>324.56</ele>
      </trkpt>
      <trkpt lat="18.86502" lon="99.13089000000001">
        <ele>324.59999999999997</ele>
      </trkpt>
      <trkpt lat="18.865190000000002" lon="99.13152000000001">
        <ele>324.3</ele>
      </trkpt>
      <trkpt lat="18.865270000000002" lon="99.13193000000001">
        <ele>324.21000000000004</ele>
      </trkpt>
      <trkpt lat="18.86529" lon="99.13219000000001">
        <ele>324.08000000000004</ele>
      </trkpt>
      <trkpt lat="18.865290002021027" lon="99.13305999999211">
        <ele>324.3</ele>
      </trkpt>
      <trkpt lat="18.86529" lon="99.13393">
        <ele>324.27</ele>
      </trkpt>
      <trkpt lat="18.865260000000003" lon="99.13466000000001">
        <ele>324.67</ele>
      </trkpt>
      <trkpt lat="18.8652" lon="99.13503000000001">
        <ele>325.35</ele>
      </trkpt>
      <trkpt lat="18.865825000208712" lon="99.13525999916753">
        <ele>325.70000000000005</ele>
      </trkpt>
      <trkpt lat="18.86645" lon="99.13549">
        <ele>326.51</ele>
      </trkpt>
      <trkpt lat="18.86692" lon="99.13562">
        <ele>326.81000000000006</ele>
      </trkpt>
      <trkpt lat="18.867726666690785" lon="99.13570333253006">
        <ele>327.56</ele>
      </trkpt>
      <trkpt lat="18.868533333344477" lon="99.13578666586204">
        <ele>328.27</ele>
      </trkpt>
      <trkpt lat="18.86934" lon="99.13587000000001">
        <ele>328.74</ele>
      </trkpt>
      <trkpt lat="18.870065000123315" lon="99.1359749995595">
        <ele>328.8</ele>
      </trkpt>
      <trkpt lat="18.870790000000003" lon="99.13608">
        <ele>329.04</ele>
      </trkpt>
      <trkpt lat="18.87158333345699" lon="99.13622666527992">
        <ele>329.46000000000004</ele>
      </trkpt>
      <trkpt lat="18.872376666799077" lon="99.13637333194818">
        <ele>329.62</ele>
      </trkpt>
      <trkpt lat="18.873170000000002" lon="99.13652">
        <ele>330.32</ele>
      </trkpt>
      <trkpt lat="18.87309" lon="99.13740000000001">
        <ele>334.21</ele>
      </trkpt>
      <trkpt lat="18.8731" lon="99.13755">
        <ele>334.67</ele>
      </trkpt>
      <trkpt lat="18.873040000000003" lon="99.13787">
        <ele>337.77</ele>
      </trkpt>
      <trkpt lat="18.87302" lon="99.13815000000001">
        <ele>342.01000000000005</ele>
      </trkpt>
      <trkpt lat="18.872970000000002" lon="99.13823000000001">
        <ele>342.1</ele>
      </trkpt>
      <trkpt lat="18.87289" lon="99.13834000000001">
        <ele>343.90000000000003</ele>
      </trkpt>
      <trkpt lat="18.872590000000002" lon="99.13858">
        <ele>347.16</ele>
      </trkpt>
      <trkpt lat="18.87199000013584" lon="99.13888500114903">
        <ele>351.62000000000006</ele>
      </trkpt>
      <trkpt lat="18.87139" lon="99.13919000000001">
        <ele>356.32</ele>
      </trkpt>
      <trkpt lat="18.870900000000002" lon="99.13951">
        <ele>359.11</ele>
      </trkpt>
      <trkpt lat="18.87076" lon="99.13964000000001">
        <ele>359.83000000000004</ele>
      </trkpt>
      <trkpt lat="18.87065" lon="99.13977000000001">
        <ele>360.21000000000004</ele>
      </trkpt>
      <trkpt lat="18.87055" lon="99.13995000000001">
        <ele>360.54</ele>
      </trkpt>
      <trkpt lat="18.870430000000002" lon="99.14022000000001">
        <ele>361.57</ele>
      </trkpt>
      <trkpt lat="18.87038" lon="99.14041">
        <ele>362.37</ele>
      </trkpt>
      <trkpt lat="18.870340000000002" lon="99.14078">
        <ele>365.4</ele>
      </trkpt>
      <trkpt lat="18.870340000000002" lon="99.14101000000001">
        <ele>368.26000000000005</ele>
      </trkpt>
      <trkpt lat="18.87037" lon="99.14116000000001">
        <ele>370.32000000000005</ele>
      </trkpt>
      <trkpt lat="18.870420000000003" lon="99.1413">
        <ele>373.29</ele>
      </trkpt>
      <trkpt lat="18.870520000000003" lon="99.14144">
        <ele>374.66</ele>
      </trkpt>
      <trkpt lat="18.87066" lon="99.14154">
        <ele>376.57</ele>
      </trkpt>
      <trkpt lat="18.87076" lon="99.14158">
        <ele>379.33000000000004</ele>
      </trkpt>
      <trkpt lat="18.870880000000003" lon="99.14159000000001">
        <ele>381.05000000000007</ele>
      </trkpt>
      <trkpt lat="18.871100000000002" lon="99.14154">
        <ele>382.52000000000004</ele>
      </trkpt>
      <trkpt lat="18.871190000000002" lon="99.14148">
        <ele>383.04</ele>
      </trkpt>
      <trkpt lat="18.871260000000003" lon="99.14154">
        <ele>383.16</ele>
      </trkpt>
      <trkpt lat="18.8712" lon="99.14159000000001">
        <ele>383.21000000000004</ele>
      </trkpt>
      <trkpt lat="18.871000000000002" lon="99.14189">
        <ele>383.21999999999997</ele>
      </trkpt>
      <trkpt lat="18.871080000000003" lon="99.14199">
        <ele>383.39</ele>
      </trkpt>
      <trkpt lat="18.871090000000002" lon="99.14214000000001">
        <ele>383.39</ele>
      </trkpt>
      <trkpt lat="18.87102" lon="99.14226000000001">
        <ele>383.39</ele>
      </trkpt>
      <trkpt lat="18.87094" lon="99.14231000000001">
        <ele>383.59000000000003</ele>
      </trkpt>
      <trkpt lat="18.87084" lon="99.14231000000001">
        <ele>383.71000000000004</ele>
      </trkpt>
      <trkpt lat="18.870900000000002" lon="99.14241000000001">
        <ele>383.87000000000006</ele>
      </trkpt>
      <trkpt lat="18.87093" lon="99.14253000000001">
        <ele>384.16</ele>
      </trkpt>
      <trkpt lat="18.87095" lon="99.14275">
        <ele>386.04</ele>
      </trkpt>
      <trkpt lat="18.87085" lon="99.14282000000001">
        <ele>388.1</ele>
      </trkpt>
      <trkpt lat="18.87067" lon="99.14287">
        <ele>390.53000000000003</ele>
      </trkpt>
      <trkpt lat="18.870260000000002" lon="99.14290000000001">
        <ele>399.59000000000003</ele>
      </trkpt>
      <trkpt lat="18.86972" lon="99.14289000000001">
        <ele>407.29</ele>
      </trkpt>
      <trkpt lat="18.869680000000002" lon="99.14296">
        <ele>407.29</ele>
      </trkpt>
      <trkpt lat="18.86972" lon="99.14289000000001">
        <ele>406.08000000000004</ele>
      </trkpt>
      <trkpt lat="18.870260000000002" lon="99.14290000000001">
        <ele>399.59000000000003</ele>
      </trkpt>
      <trkpt lat="18.87067" lon="99.14287">
        <ele>390.53000000000003</ele>
      </trkpt>
      <trkpt lat="18.87085" lon="99.14282000000001">
        <ele>386.65000000000003</ele>
      </trkpt>
      <trkpt lat="18.87095" lon="99.14275">
        <ele>385.51</ele>
      </trkpt>
      <trkpt lat="18.87093" lon="99.14253000000001">
        <ele>383.99000000000007</ele>
      </trkpt>
      <trkpt lat="18.870900000000002" lon="99.14241000000001">
        <ele>383.71000000000004</ele>
      </trkpt>
      <trkpt lat="18.87084" lon="99.14231000000001">
        <ele>383.59000000000003</ele>
      </trkpt>
      <trkpt lat="18.87094" lon="99.14231000000001">
        <ele>383.59000000000003</ele>
      </trkpt>
      <trkpt lat="18.87102" lon="99.14226000000001">
        <ele>383.39</ele>
      </trkpt>
      <trkpt lat="18.871090000000002" lon="99.14214000000001">
        <ele>383.39</ele>
      </trkpt>
      <trkpt lat="18.871080000000003" lon="99.14199">
        <ele>383.21999999999997</ele>
      </trkpt>
      <trkpt lat="18.871000000000002" lon="99.14189">
        <ele>383.21999999999997</ele>
      </trkpt>
      <trkpt lat="18.8712" lon="99.14159000000001">
        <ele>383.16</ele>
      </trkpt>
      <trkpt lat="18.871260000000003" lon="99.14154">
        <ele>383.04</ele>
      </trkpt>
      <trkpt lat="18.87133" lon="99.14158">
        <ele>382.36</ele>
      </trkpt>
      <trkpt lat="18.87159" lon="99.14159000000001">
        <ele>379.52000000000004</ele>
      </trkpt>
      <trkpt lat="18.87181" lon="99.14148">
        <ele>377.06</ele>
      </trkpt>
      <trkpt lat="18.8719" lon="99.14189">
        <ele>373.95</ele>
      </trkpt>
      <trkpt lat="18.87179500063674" lon="99.14238500039352">
        <ele>363.86</ele>
      </trkpt>
      <trkpt lat="18.87169" lon="99.14288">
        <ele>356.91</ele>
      </trkpt>
      <trkpt lat="18.87169" lon="99.14325000000001">
        <ele>352.69</ele>
      </trkpt>
      <trkpt lat="18.871820000000003" lon="99.14333">
        <ele>349.67</ele>
      </trkpt>
      <trkpt lat="18.872400000000003" lon="99.14331000000001">
        <ele>344.72</ele>
      </trkpt>
      <trkpt lat="18.87322499997324" lon="99.14330500002478">
        <ele>340.04</ele>
      </trkpt>
      <trkpt lat="18.87405" lon="99.14330000000001">
        <ele>336.75000000000006</ele>
      </trkpt>
      <trkpt lat="18.873910000000002" lon="99.14404">
        <ele>336.87</ele>
      </trkpt>
      <trkpt lat="18.87388500075798" lon="99.14457500022053">
        <ele>337.34000000000003</ele>
      </trkpt>
      <trkpt lat="18.87386" lon="99.14511">
        <ele>337.28000000000003</ele>
      </trkpt>
      <trkpt lat="18.87386" lon="99.14525">
        <ele>337.23</ele>
      </trkpt>
      <trkpt lat="18.873920000764933" lon="99.14578499981177">
        <ele>336.70000000000005</ele>
      </trkpt>
      <trkpt lat="18.873980000000003" lon="99.14632">
        <ele>336.44</ele>
      </trkpt>
      <trkpt lat="18.874140002034682" lon="99.14718999923932">
        <ele>336.58000000000004</ele>
      </trkpt>
      <trkpt lat="18.8743" lon="99.14806000000002">
        <ele>336.73</ele>
      </trkpt>
      <trkpt lat="18.87405" lon="99.14812">
        <ele>336.75000000000006</ele>
      </trkpt>
      <trkpt lat="18.87402" lon="99.1483">
        <ele>336.87</ele>
      </trkpt>
      <trkpt lat="18.87406" lon="99.14872000000001">
        <ele>337.16</ele>
      </trkpt>
      <trkpt lat="18.87405" lon="99.14906">
        <ele>337.64000000000004</ele>
      </trkpt>
      <trkpt lat="18.87397" lon="99.14933">
        <ele>337.88</ele>
      </trkpt>
      <trkpt lat="18.87369" lon="99.14976000000001">
        <ele>337.95000000000005</ele>
      </trkpt>
      <trkpt lat="18.873440000000002" lon="99.15010000000001">
        <ele>338.6</ele>
      </trkpt>
      <trkpt lat="18.873320000000003" lon="99.15012">
        <ele>338.6</ele>
      </trkpt>
      <trkpt lat="18.87312" lon="99.15006000000001">
        <ele>339.18</ele>
      </trkpt>
      <trkpt lat="18.8729" lon="99.15004">
        <ele>340.26</ele>
      </trkpt>
      <trkpt lat="18.8731" lon="99.15027">
        <ele>340.16</ele>
      </trkpt>
      <trkpt lat="18.87309" lon="99.15027">
        <ele>340.17</ele>
      </trkpt>
      <trkpt lat="18.87357" lon="99.15081">
        <ele>340.12</ele>
      </trkpt>
      <trkpt lat="18.873240000000003" lon="99.15163000000001">
        <ele>340.09</ele>
      </trkpt>
      <trkpt lat="18.873" lon="99.15203000000001">
        <ele>340.01000000000005</ele>
      </trkpt>
      <trkpt lat="18.872790000000002" lon="99.15278">
        <ele>340.1</ele>
      </trkpt>
      <trkpt lat="18.87274" lon="99.15310000000001">
        <ele>340.11</ele>
      </trkpt>
      <trkpt lat="18.87281" lon="99.15346000000001">
        <ele>340.2</ele>
      </trkpt>
      <trkpt lat="18.872980000000002" lon="99.15382000000001">
        <ele>340.30000000000007</ele>
      </trkpt>
      <trkpt lat="18.873170000000002" lon="99.15403">
        <ele>340.35</ele>
      </trkpt>
      <trkpt lat="18.87346" lon="99.15408000000001">
        <ele>340.31</ele>
      </trkpt>
      <trkpt lat="18.87364" lon="99.15414000000001">
        <ele>340.34000000000003</ele>
      </trkpt>
      <trkpt lat="18.87385" lon="99.15416">
        <ele>340.33000000000004</ele>
      </trkpt>
      <trkpt lat="18.87458" lon="99.15403">
        <ele>340.28000000000003</ele>
      </trkpt>
      <trkpt lat="18.874840000000003" lon="99.15391000000001">
        <ele>340.30000000000007</ele>
      </trkpt>
      <trkpt lat="18.87509" lon="99.15388000000002">
        <ele>340.40000000000003</ele>
      </trkpt>
      <trkpt lat="18.87538" lon="99.15473000000001">
        <ele>340.25000000000006</ele>
      </trkpt>
      <trkpt lat="18.87538" lon="99.15472000000001">
        <ele>340.25000000000006</ele>
      </trkpt>
      <trkpt lat="18.875480000000003" lon="99.15502000000001">
        <ele>340.23</ele>
      </trkpt>
      <trkpt lat="18.87547" lon="99.15538000000001">
        <ele>340.16</ele>
      </trkpt>
      <trkpt lat="18.875220000000002" lon="99.1556">
        <ele>340.19000000000005</ele>
      </trkpt>
      <trkpt lat="18.874750000000002" lon="99.15566000000001">
        <ele>340.23</ele>
      </trkpt>
      <trkpt lat="18.87425499985559" lon="99.15560499982061">
        <ele>340.36000000000007</ele>
      </trkpt>
      <trkpt lat="18.87376" lon="99.15555">
        <ele>340.33000000000004</ele>
      </trkpt>
      <trkpt lat="18.87346" lon="99.15568">
        <ele>340.02000000000004</ele>
      </trkpt>
      <trkpt lat="18.873250000000002" lon="99.15588000000001">
        <ele>340.0</ele>
      </trkpt>
      <trkpt lat="18.87302" lon="99.15594">
        <ele>340.06</ele>
      </trkpt>
      <trkpt lat="18.872790000000002" lon="99.15587000000001">
        <ele>340.06</ele>
      </trkpt>
      <trkpt lat="18.872500000000002" lon="99.15566000000001">
        <ele>340.38</ele>
      </trkpt>
      <trkpt lat="18.872490000000003" lon="99.15566000000001">
        <ele>340.38</ele>
      </trkpt>
      <trkpt lat="18.87216" lon="99.15537">
        <ele>340.66</ele>
      </trkpt>
      <trkpt lat="18.87177" lon="99.15516000000001">
        <ele>340.71</ele>
      </trkpt>
      <trkpt lat="18.8713" lon="99.15486000000001">
        <ele>340.5</ele>
      </trkpt>
      <trkpt lat="18.870900000000002" lon="99.15432000000001">
        <ele>340.58000000000004</ele>
      </trkpt>
      <trkpt lat="18.870820000000002" lon="99.15399000000001">
        <ele>340.58000000000004</ele>
      </trkpt>
      <trkpt lat="18.87083" lon="99.15370000000001">
        <ele>340.58000000000004</ele>
      </trkpt>
      <trkpt lat="18.87078" lon="99.15333000000001">
        <ele>340.5</ele>
      </trkpt>
      <trkpt lat="18.87055" lon="99.15264">
        <ele>340.46000000000004</ele>
      </trkpt>
      <trkpt lat="18.87057" lon="99.15238000000001">
        <ele>340.49</ele>
      </trkpt>
      <trkpt lat="18.870730000000002" lon="99.15211000000001">
        <ele>340.66</ele>
      </trkpt>
      <trkpt lat="18.870980000000003" lon="99.15181000000001">
        <ele>340.88</ele>
      </trkpt>
      <trkpt lat="18.87106" lon="99.15152">
        <ele>340.63000000000005</ele>
      </trkpt>
      <trkpt lat="18.87106" lon="99.15122000000001">
        <ele>340.51000000000005</ele>
      </trkpt>
      <trkpt lat="18.871170000000003" lon="99.15094">
        <ele>340.48</ele>
      </trkpt>
      <trkpt lat="18.871350000000003" lon="99.15078000000001">
        <ele>340.51000000000005</ele>
      </trkpt>
      <trkpt lat="18.871920000000003" lon="99.15066">
        <ele>340.37</ele>
      </trkpt>
      <trkpt lat="18.872500000000002" lon="99.15039">
        <ele>340.38</ele>
      </trkpt>
      <trkpt lat="18.8729" lon="99.15004">
        <ele>340.26</ele>
      </trkpt>
      <trkpt lat="18.87312" lon="99.15006000000001">
        <ele>339.18</ele>
      </trkpt>
      <trkpt lat="18.873320000000003" lon="99.15012">
        <ele>338.6</ele>
      </trkpt>
      <trkpt lat="18.873440000000002" lon="99.15010000000001">
        <ele>338.26</ele>
      </trkpt>
      <trkpt lat="18.87369" lon="99.14976000000001">
        <ele>337.95000000000005</ele>
      </trkpt>
      <trkpt lat="18.87397" lon="99.14933">
        <ele>337.88</ele>
      </trkpt>
      <trkpt lat="18.87405" lon="99.14906">
        <ele>337.51000000000005</ele>
      </trkpt>
      <trkpt lat="18.87406" lon="99.14872000000001">
        <ele>337.16</ele>
      </trkpt>
      <trkpt lat="18.87402" lon="99.1483">
        <ele>336.87</ele>
      </trkpt>
      <trkpt lat="18.87405" lon="99.14812">
        <ele>336.75000000000006</ele>
      </trkpt>
      <trkpt lat="18.8743" lon="99.14806000000002">
        <ele>336.73</ele>
      </trkpt>
      <trkpt lat="18.87414000200898" lon="99.14718999909952">
        <ele>336.58000000000004</ele>
      </trkpt>
      <trkpt lat="18.873980000000003" lon="99.14632">
        <ele>336.44</ele>
      </trkpt>
      <trkpt lat="18.873920000764187" lon="99.14578499980517">
        <ele>336.70000000000005</ele>
      </trkpt>
      <trkpt lat="18.87386" lon="99.14525">
        <ele>337.23</ele>
      </trkpt>
      <trkpt lat="18.873885000976557" lon="99.14464500011826">
        <ele>337.34000000000003</ele>
      </trkpt>
      <trkpt lat="18.873910000000002" lon="99.14404">
        <ele>336.87</ele>
      </trkpt>
      <trkpt lat="18.87405" lon="99.14330000000001">
        <ele>336.75000000000006</ele>
      </trkpt>
      <trkpt lat="18.874190000000002" lon="99.14245000000001">
        <ele>336.04</ele>
      </trkpt>
      <trkpt lat="18.874415001210703" lon="99.14176500104965">
        <ele>336.20000000000005</ele>
      </trkpt>
      <trkpt lat="18.874640000000003" lon="99.14108">
        <ele>336.48</ele>
      </trkpt>
      <trkpt lat="18.87468" lon="99.14064">
        <ele>336.69000000000005</ele>
      </trkpt>
      <trkpt lat="18.87468" lon="99.14032">
        <ele>336.68</ele>
      </trkpt>
      <trkpt lat="18.874650000000003" lon="99.1397">
        <ele>336.51000000000005</ele>
      </trkpt>
      <trkpt lat="18.874570000000002" lon="99.13892000000001">
        <ele>336.49</ele>
      </trkpt>
      <trkpt lat="18.874370000000003" lon="99.13832000000001">
        <ele>336.01000000000005</ele>
      </trkpt>
      <trkpt lat="18.87425" lon="99.13814">
        <ele>335.67</ele>
      </trkpt>
      <trkpt lat="18.874090000000002" lon="99.13797000000001">
        <ele>335.67</ele>
      </trkpt>
      <trkpt lat="18.873720000000002" lon="99.13776000000001">
        <ele>335.1</ele>
      </trkpt>
      <trkpt lat="18.873340000000002" lon="99.13761000000001">
        <ele>334.76</ele>
      </trkpt>
      <trkpt lat="18.8731" lon="99.13755">
        <ele>334.67</ele>
      </trkpt>
      <trkpt lat="18.87309" lon="99.13740000000001">
        <ele>334.21</ele>
      </trkpt>
      <trkpt lat="18.873170000000002" lon="99.13652">
        <ele>330.32</ele>
      </trkpt>
      <trkpt lat="18.872376666772833" lon="99.13637333194335">
        <ele>329.62</ele>
      </trkpt>
      <trkpt lat="18.87158333343075" lon="99.13622666527507">
        <ele>329.40000000000003</ele>
      </trkpt>
      <trkpt lat="18.870790000000003" lon="99.13608">
        <ele>329.04</ele>
      </trkpt>
      <trkpt lat="18.870064999935575" lon="99.13597499953228">
        <ele>328.8</ele>
      </trkpt>
      <trkpt lat="18.86934" lon="99.13587000000001">
        <ele>328.74</ele>
      </trkpt>
      <trkpt lat="18.868533333383397" lon="99.13578666586608">
        <ele>328.27</ele>
      </trkpt>
      <trkpt lat="18.8677266667297" lon="99.13570333253409">
        <ele>327.56</ele>
      </trkpt>
      <trkpt lat="18.86692" lon="99.13562">
        <ele>326.81000000000006</ele>
      </trkpt>
      <trkpt lat="18.86645" lon="99.13549">
        <ele>326.33</ele>
      </trkpt>
      <trkpt lat="18.86560000177051" lon="99.13518248909044">
        <ele>325.45</ele>
      </trkpt>
      <trkpt lat="18.86475000303603" lon="99.1348749812986">
        <ele>325.08000000000004</ele>
      </trkpt>
      <trkpt lat="18.863900003796584" lon="99.13456747662428">
        <ele>325.04</ele>
      </trkpt>
      <trkpt lat="18.863050004052205" lon="99.13425997506732">
        <ele>324.88</ele>
      </trkpt>
      <trkpt lat="18.862200003802922" lon="99.13395247662753">
        <ele>324.79</ele>
      </trkpt>
      <trkpt lat="18.861350003048763" lon="99.13364498130474">
        <ele>324.62</ele>
      </trkpt>
      <trkpt lat="18.86050000178976" lon="99.13333748909874">
        <ele>324.71000000000004</ele>
      </trkpt>
      <trkpt lat="18.859650000000002" lon="99.13303">
        <ele>324.8</ele>
      </trkpt>
      <trkpt lat="18.859280000000002" lon="99.13286000000001">
        <ele>324.8</ele>
      </trkpt>
      <trkpt lat="18.85858" lon="99.1324">
        <ele>324.86</ele>
      </trkpt>
      <trkpt lat="18.85826" lon="99.13226">
        <ele>324.75000000000006</ele>
      </trkpt>
      <trkpt lat="18.8578" lon="99.13209">
        <ele>324.71000000000004</ele>
      </trkpt>
      <trkpt lat="18.856941666949698" lon="99.13193999615986">
        <ele>324.32000000000005</ele>
      </trkpt>
      <trkpt lat="18.856083333779278" lon="99.13178999385468">
        <ele>323.95</ele>
      </trkpt>
      <trkpt lat="18.855225000488748" lon="99.1316399930844">
        <ele>323.96000000000004</ele>
      </trkpt>
      <trkpt lat="18.854366667078118" lon="99.13148999384892">
        <ele>323.93000000000006</ele>
      </trkpt>
      <trkpt lat="18.853508333547396" lon="99.13133999614811">
        <ele>323.78000000000003</ele>
      </trkpt>
      <trkpt lat="18.85265" lon="99.13119">
        <ele>323.93000000000006</ele>
      </trkpt>
      <trkpt lat="18.852240000000002" lon="99.13119">
        <ele>323.8</ele>
      </trkpt>
      <trkpt lat="18.852" lon="99.13122000000001">
        <ele>323.8</ele>
      </trkpt>
      <trkpt lat="18.85162" lon="99.13124">
        <ele>323.5</ele>
      </trkpt>
      <trkpt lat="18.85112" lon="99.13117000000001">
        <ele>323.24</ele>
      </trkpt>
      <trkpt lat="18.85048" lon="99.13107000000001">
        <ele>322.87000000000006</ele>
      </trkpt>
      <trkpt lat="18.8500050000056" lon="99.13116000025776">
        <ele>322.68</ele>
      </trkpt>
      <trkpt lat="18.84953" lon="99.13125000000001">
        <ele>322.59000000000003</ele>
      </trkpt>
      <trkpt lat="18.848880000208357" lon="99.13140500056589">
        <ele>322.53000000000003</ele>
      </trkpt>
      <trkpt lat="18.84823" lon="99.13156000000001">
        <ele>322.37000000000006</ele>
      </trkpt>
      <trkpt lat="18.84807" lon="99.13159">
        <ele>322.37000000000006</ele>
      </trkpt>
      <trkpt lat="18.847820000000002" lon="99.13159">
        <ele>322.39</ele>
      </trkpt>
      <trkpt lat="18.84718000005824" lon="99.13154499983213">
        <ele>322.26000000000005</ele>
      </trkpt>
      <trkpt lat="18.84654" lon="99.1315">
        <ele>322.15000000000003</ele>
      </trkpt>
      <trkpt lat="18.846030000000003" lon="99.13154">
        <ele>321.92</ele>
      </trkpt>
      <trkpt lat="18.84572" lon="99.13149000000001">
        <ele>321.91</ele>
      </trkpt>
      <trkpt lat="18.84507" lon="99.13135000000001">
        <ele>321.72</ele>
      </trkpt>
      <trkpt lat="18.844340000000003" lon="99.13129">
        <ele>321.53000000000003</ele>
      </trkpt>
      <trkpt lat="18.84362" lon="99.13125000000001">
        <ele>321.08000000000004</ele>
      </trkpt>
      <trkpt lat="18.842934999949804" lon="99.1311649996446">
        <ele>321.03000000000003</ele>
      </trkpt>
      <trkpt lat="18.84225" lon="99.13108000000001">
        <ele>320.84000000000003</ele>
      </trkpt>
      <trkpt lat="18.8415" lon="99.13096">
        <ele>320.46000000000004</ele>
      </trkpt>
      <trkpt lat="18.84119" lon="99.13087">
        <ele>320.46000000000004</ele>
      </trkpt>
      <trkpt lat="18.84082" lon="99.13073000000001">
        <ele>320.32000000000005</ele>
      </trkpt>
      <trkpt lat="18.840390000240188" lon="99.13055999962916">
        <ele>320.15000000000003</ele>
      </trkpt>
      <trkpt lat="18.83996" lon="99.13039">
        <ele>320.07</ele>
      </trkpt>
      <trkpt lat="18.839242500484403" lon="99.13014249682568">
        <ele>319.69</ele>
      </trkpt>
      <trkpt lat="18.838525000642054" lon="99.12989499576632">
        <ele>319.57</ele>
      </trkpt>
      <trkpt lat="18.837807500472984" lon="99.12964749682186">
        <ele>319.31000000000006</ele>
      </trkpt>
      <trkpt lat="18.83709" lon="99.1294">
        <ele>319.15000000000003</ele>
      </trkpt>
      <trkpt lat="18.83643500016099" lon="99.12913999897839">
        <ele>319.0</ele>
      </trkpt>
      <trkpt lat="18.835780000000003" lon="99.12888000000001">
        <ele>318.84000000000003</ele>
      </trkpt>
      <trkpt lat="18.83539" lon="99.12876000000001">
        <ele>318.67</ele>
      </trkpt>
      <trkpt lat="18.83498" lon="99.12867000000001">
        <ele>318.51</ele>
      </trkpt>
      <trkpt lat="18.83425250009458" lon="99.12855749853732">
        <ele>318.35</ele>
      </trkpt>
      <trkpt lat="18.833525000121664" lon="99.12844499804909">
        <ele>318.02000000000004</ele>
      </trkpt>
      <trkpt lat="18.83279750008125" lon="99.12833249853531">
        <ele>317.88000000000005</ele>
      </trkpt>
      <trkpt lat="18.83207" lon="99.12822000000001">
        <ele>317.67</ele>
      </trkpt>
      <trkpt lat="18.831193333449473" lon="99.1280766651719">
        <ele>317.46000000000004</ele>
      </trkpt>
      <trkpt lat="18.8303166667894" lon="99.12793333183969">
        <ele>317.25</ele>
      </trkpt>
      <trkpt lat="18.82944" lon="99.12779">
        <ele>317.31</ele>
      </trkpt>
      <trkpt lat="18.8291" lon="99.12767000000001">
        <ele>317.31</ele>
      </trkpt>
      <trkpt lat="18.82861000016194" lon="99.12744499935626">
        <ele>317.24</ele>
      </trkpt>
      <trkpt lat="18.828120000000002" lon="99.12722000000001">
        <ele>317.03000000000003</ele>
      </trkpt>
      <trkpt lat="18.82768500035902" lon="99.12705499968152">
        <ele>317.0</ele>
      </trkpt>
      <trkpt lat="18.827250000000003" lon="99.12689">
        <ele>316.79</ele>
      </trkpt>
      <trkpt lat="18.826590000128785" lon="99.12660999886631">
        <ele>316.45</ele>
      </trkpt>
      <trkpt lat="18.825930000000003" lon="99.12633000000001">
        <ele>316.26000000000005</ele>
      </trkpt>
      <trkpt lat="18.825346666856046" lon="99.12614666539719">
        <ele>316.36</ele>
      </trkpt>
      <trkpt lat="18.82476333353292" lon="99.1259633320671">
        <ele>316.37000000000006</ele>
      </trkpt>
      <trkpt lat="18.824180000000002" lon="99.12578">
        <ele>316.36</ele>
      </trkpt>
      <trkpt lat="18.82337" lon="99.12566000000001">
        <ele>316.37000000000006</ele>
      </trkpt>
      <trkpt lat="18.82251" lon="99.12559">
        <ele>316.21000000000004</ele>
      </trkpt>
      <trkpt lat="18.822090000000003" lon="99.12554000000002">
        <ele>316.28</ele>
      </trkpt>
      <trkpt lat="18.82185" lon="99.12549000000001">
        <ele>316.28</ele>
      </trkpt>
      <trkpt lat="18.82105333410492" lon="99.1250999962844">
        <ele>315.98</ele>
      </trkpt>
      <trkpt lat="18.82025666739919" lon="99.12470999626537">
        <ele>315.78</ele>
      </trkpt>
      <trkpt lat="18.819460000000003" lon="99.12432000000001">
        <ele>315.64000000000004</ele>
      </trkpt>
      <trkpt lat="18.818975000102427" lon="99.12405999920831">
        <ele>315.61</ele>
      </trkpt>
      <trkpt lat="18.81849" lon="99.1238">
        <ele>315.62</ele>
      </trkpt>
      <trkpt lat="18.817860000000003" lon="99.12346000000001">
        <ele>315.55000000000007</ele>
      </trkpt>
      <trkpt lat="18.817140000592136" lon="99.12298999798973">
        <ele>315.23</ele>
      </trkpt>
      <trkpt lat="18.81642" lon="99.12252000000001">
        <ele>314.93000000000006</ele>
      </trkpt>
      <trkpt lat="18.816000000000003" lon="99.12231000000001">
        <ele>314.85</ele>
      </trkpt>
      <trkpt lat="18.81547" lon="99.12212000000001">
        <ele>314.70000000000005</ele>
      </trkpt>
      <trkpt lat="18.81466000012939" lon="99.12188999888889">
        <ele>314.46000000000004</ele>
      </trkpt>
      <trkpt lat="18.813850000000002" lon="99.12166">
        <ele>314.45</ele>
      </trkpt>
      <trkpt lat="18.813760000000002" lon="99.12164000000001">
        <ele>314.52000000000004</ele>
      </trkpt>
      <trkpt lat="18.813094999972357" lon="99.12144999921335">
        <ele>314.48</ele>
      </trkpt>
      <trkpt lat="18.812430000000003" lon="99.12126">
        <ele>314.27000000000004</ele>
      </trkpt>
      <trkpt lat="18.81218" lon="99.12117">
        <ele>314.20000000000005</ele>
      </trkpt>
      <trkpt lat="18.81201" lon="99.12109000000001">
        <ele>314.20000000000005</ele>
      </trkpt>
      <trkpt lat="18.81155" lon="99.12078000000001">
        <ele>314.06</ele>
      </trkpt>
      <trkpt lat="18.811320000000002" lon="99.12059">
        <ele>313.92</ele>
      </trkpt>
      <trkpt lat="18.810650000000003" lon="99.12007000000001">
        <ele>313.71000000000004</ele>
      </trkpt>
      <trkpt lat="18.81014" lon="99.11970000000001">
        <ele>313.62</ele>
      </trkpt>
      <trkpt lat="18.80955500103414" lon="99.11907999785477">
        <ele>313.23</ele>
      </trkpt>
      <trkpt lat="18.808970000000002" lon="99.11846000000001">
        <ele>313.18</ele>
      </trkpt>
      <trkpt lat="18.80865" lon="99.1182">
        <ele>313.39</ele>
      </trkpt>
      <trkpt lat="18.8087" lon="99.11802">
        <ele>313.01</ele>
      </trkpt>
      <trkpt lat="18.808780000000002" lon="99.1178">
        <ele>312.82000000000005</ele>
      </trkpt>
      <trkpt lat="18.80893" lon="99.11760000000001">
        <ele>312.83000000000004</ele>
      </trkpt>
      <trkpt lat="18.809070000000002" lon="99.11730000000001">
        <ele>312.94000000000005</ele>
      </trkpt>
      <trkpt lat="18.80921" lon="99.11691">
        <ele>313.31</ele>
      </trkpt>
      <trkpt lat="18.809230000000003" lon="99.11652000000001">
        <ele>313.66</ele>
      </trkpt>
      <trkpt lat="18.809230000000003" lon="99.11601">
        <ele>313.75</ele>
      </trkpt>
      <trkpt lat="18.809350000000002" lon="99.11574">
        <ele>313.6</ele>
      </trkpt>
      <trkpt lat="18.80968" lon="99.11525">
        <ele>313.57</ele>
      </trkpt>
      <trkpt lat="18.81021" lon="99.11494">
        <ele>313.66</ele>
      </trkpt>
      <trkpt lat="18.81041" lon="99.11479000000001">
        <ele>313.55000000000007</ele>
      </trkpt>
      <trkpt lat="18.810560000000002" lon="99.11460000000001">
        <ele>313.53000000000003</ele>
      </trkpt>
      <trkpt lat="18.810740000000003" lon="99.11427">
        <ele>313.59000000000003</ele>
      </trkpt>
      <trkpt lat="18.810950000679348" lon="99.11378000051887">
        <ele>313.36</ele>
      </trkpt>
      <trkpt lat="18.81116" lon="99.11329">
        <ele>313.33000000000004</ele>
      </trkpt>
      <trkpt lat="18.811230000000002" lon="99.11309000000001">
        <ele>313.37</ele>
      </trkpt>
      <trkpt lat="18.811290000000003" lon="99.11262">
        <ele>313.69</ele>
      </trkpt>
      <trkpt lat="18.81127" lon="99.11237000000001">
        <ele>313.65000000000003</ele>
      </trkpt>
      <trkpt lat="18.81126" lon="99.11236000000001">
        <ele>313.65000000000003</ele>
      </trkpt>
      <trkpt lat="18.81099" lon="99.11164000000001">
        <ele>313.46000000000004</ele>
      </trkpt>
      <trkpt lat="18.81080000055567" lon="99.11119499956344">
        <ele>313.34</ele>
      </trkpt>
      <trkpt lat="18.81061" lon="99.11075000000001">
        <ele>313.33000000000004</ele>
      </trkpt>
      <trkpt lat="18.810560000000002" lon="99.11054000000001">
        <ele>313.24</ele>
      </trkpt>
      <trkpt lat="18.810570000000002" lon="99.11023">
        <ele>313.23</ele>
      </trkpt>
      <trkpt lat="18.810630001112514" lon="99.10958500018265">
        <ele>313.39</ele>
      </trkpt>
      <trkpt lat="18.81069" lon="99.10894">
        <ele>313.42</ele>
      </trkpt>
      <trkpt lat="18.81069500076468" lon="99.10840499976892">
        <ele>313.45</ele>
      </trkpt>
      <trkpt lat="18.8107" lon="99.10787">
        <ele>313.37</ele>
      </trkpt>
      <trkpt lat="18.810730000000003" lon="99.10761000000001">
        <ele>313.28</ele>
      </trkpt>
      <trkpt lat="18.81081" lon="99.10722000000001">
        <ele>313.17</ele>
      </trkpt>
      <trkpt lat="18.810920000000003" lon="99.10690000000001">
        <ele>313.28</ele>
      </trkpt>
      <trkpt lat="18.810930000000003" lon="99.1067">
        <ele>313.33000000000004</ele>
      </trkpt>
      <trkpt lat="18.81091" lon="99.10650000000001">
        <ele>313.33000000000004</ele>
      </trkpt>
      <trkpt lat="18.81087" lon="99.10621">
        <ele>313.27000000000004</ele>
      </trkpt>
      <trkpt lat="18.810740000000003" lon="99.10556000000001">
        <ele>313.19</ele>
      </trkpt>
      <trkpt lat="18.810640000000003" lon="99.10529000000001">
        <ele>313.19</ele>
      </trkpt>
      <trkpt lat="18.81041" lon="99.10484000000001">
        <ele>313.17</ele>
      </trkpt>
      <trkpt lat="18.810010000000002" lon="99.10449000000001">
        <ele>312.88000000000005</ele>
      </trkpt>
      <trkpt lat="18.809730000000002" lon="99.10421000000001">
        <ele>312.91</ele>
      </trkpt>
      <trkpt lat="18.80958" lon="99.10416000000001">
        <ele>313.14000000000004</ele>
      </trkpt>
      <trkpt lat="18.80983" lon="99.10348">
        <ele>312.8</ele>
      </trkpt>
      <trkpt lat="18.81007000048516" lon="99.10307000052107">
        <ele>312.76000000000005</ele>
      </trkpt>
      <trkpt lat="18.81031" lon="99.10266000000001">
        <ele>312.98</ele>
      </trkpt>
      <trkpt lat="18.81049" lon="99.10217000000002">
        <ele>313.19</ele>
      </trkpt>
      <trkpt lat="18.810550000000003" lon="99.10208000000002">
        <ele>313.17</ele>
      </trkpt>
      <trkpt lat="18.810650000000003" lon="99.10205">
        <ele>313.17</ele>
      </trkpt>
      <trkpt lat="18.81099" lon="99.10210000000001">
        <ele>312.98</ele>
      </trkpt>
      <trkpt lat="18.811100000000003" lon="99.10209">
        <ele>312.88000000000005</ele>
      </trkpt>
      <trkpt lat="18.811230000000002" lon="99.10203000000001">
        <ele>312.87</ele>
      </trkpt>
      <trkpt lat="18.81136" lon="99.10189000000001">
        <ele>312.87</ele>
      </trkpt>
      <trkpt lat="18.81163" lon="99.10125000000001">
        <ele>312.93</ele>
      </trkpt>
      <trkpt lat="18.81174" lon="99.10085000000001">
        <ele>313.02000000000004</ele>
      </trkpt>
      <trkpt lat="18.811760000000003" lon="99.10064000000001">
        <ele>313.1</ele>
      </trkpt>
      <trkpt lat="18.81171" lon="99.10052">
        <ele>313.1</ele>
      </trkpt>
      <trkpt lat="18.811590000000002" lon="99.10041000000001">
        <ele>313.1</ele>
      </trkpt>
      <trkpt lat="18.811510000000002" lon="99.10027000000001">
        <ele>313.03000000000003</ele>
      </trkpt>
      <trkpt lat="18.81144" lon="99.10011000000002">
        <ele>313.0</ele>
      </trkpt>
      <trkpt lat="18.81143" lon="99.09994">
        <ele>312.94000000000005</ele>
      </trkpt>
      <trkpt lat="18.811510000000002" lon="99.09962">
        <ele>312.88000000000005</ele>
      </trkpt>
      <trkpt lat="18.811560000908358" lon="99.09904000002972">
        <ele>312.88000000000005</ele>
      </trkpt>
      <trkpt lat="18.81161" lon="99.09846">
        <ele>312.37</ele>
      </trkpt>
      <trkpt lat="18.81161" lon="99.09813000000001">
        <ele>312.23</ele>
      </trkpt>
      <trkpt lat="18.81152" lon="99.09772000000001">
        <ele>312.21000000000004</ele>
      </trkpt>
      <trkpt lat="18.811390000000003" lon="99.09741000000001">
        <ele>312.38000000000005</ele>
      </trkpt>
      <trkpt lat="18.81126" lon="99.09717">
        <ele>312.38000000000005</ele>
      </trkpt>
      <trkpt lat="18.81118" lon="99.09695">
        <ele>312.58000000000004</ele>
      </trkpt>
      <trkpt lat="18.81119" lon="99.09674000000001">
        <ele>312.78</ele>
      </trkpt>
      <trkpt lat="18.81127" lon="99.09668">
        <ele>312.73</ele>
      </trkpt>
      <trkpt lat="18.81124" lon="99.09667">
        <ele>312.73</ele>
      </trkpt>
      <trkpt lat="18.81116" lon="99.09646000000001">
        <ele>312.51</ele>
      </trkpt>
      <trkpt lat="18.81106" lon="99.09606000000001">
        <ele>312.46000000000004</ele>
      </trkpt>
      <trkpt lat="18.810820000000003" lon="99.09558000000001">
        <ele>312.15000000000003</ele>
      </trkpt>
      <trkpt lat="18.810515000629394" lon="99.09507999903357">
        <ele>312.09000000000003</ele>
      </trkpt>
      <trkpt lat="18.81021" lon="99.09458000000001">
        <ele>312.0</ele>
      </trkpt>
      <trkpt lat="18.80997" lon="99.09407">
        <ele>311.91</ele>
      </trkpt>
      <trkpt lat="18.80967" lon="99.09370000000001">
        <ele>311.78</ele>
      </trkpt>
      <trkpt lat="18.80927500070985" lon="99.09316499867268">
        <ele>311.69</ele>
      </trkpt>
      <trkpt lat="18.808880000000002" lon="99.09263000000001">
        <ele>311.38000000000005</ele>
      </trkpt>
      <trkpt lat="18.808770000000003" lon="99.09251">
        <ele>311.36</ele>
      </trkpt>
      <trkpt lat="18.808670000000003" lon="99.09240000000001">
        <ele>311.36</ele>
      </trkpt>
      <trkpt lat="18.80818" lon="99.09206">
        <ele>311.27000000000004</ele>
      </trkpt>
      <trkpt lat="18.80796" lon="99.09187000000001">
        <ele>311.23</ele>
      </trkpt>
      <trkpt lat="18.80769" lon="99.09150000000001">
        <ele>311.26000000000005</ele>
      </trkpt>
      <trkpt lat="18.80759" lon="99.09142000000001">
        <ele>311.24</ele>
      </trkpt>
      <trkpt lat="18.80721" lon="99.09136000000001">
        <ele>311.17</ele>
      </trkpt>
      <trkpt lat="18.80673" lon="99.09136000000001">
        <ele>311.02000000000004</ele>
      </trkpt>
      <trkpt lat="18.80619" lon="99.09140000000001">
        <ele>310.91</ele>
      </trkpt>
      <trkpt lat="18.806160000769015" lon="99.09085999976834">
        <ele>310.57</ele>
      </trkpt>
      <trkpt lat="18.806130000000003" lon="99.09032">
        <ele>310.44000000000005</ele>
      </trkpt>
      <trkpt lat="18.80621" lon="99.09018">
        <ele>310.44000000000005</ele>
      </trkpt>
      <trkpt lat="18.806440000000002" lon="99.08998000000001">
        <ele>310.45</ele>
      </trkpt>
      <trkpt lat="18.80655" lon="99.08985000000001">
        <ele>310.45</ele>
      </trkpt>
      <trkpt lat="18.806600000000003" lon="99.08973">
        <ele>310.4</ele>
      </trkpt>
      <trkpt lat="18.806690000000003" lon="99.08898">
        <ele>310.55000000000007</ele>
      </trkpt>
      <trkpt lat="18.80668" lon="99.08872000000001">
        <ele>310.49</ele>
      </trkpt>
      <trkpt lat="18.806630000000002" lon="99.08846000000001">
        <ele>310.5</ele>
      </trkpt>
      <trkpt lat="18.806220000000003" lon="99.08779000000001">
        <ele>310.54</ele>
      </trkpt>
      <trkpt lat="18.80612" lon="99.08749">
        <ele>310.5</ele>
      </trkpt>
      <trkpt lat="18.806140000000003" lon="99.08717000000001">
        <ele>310.55000000000007</ele>
      </trkpt>
      <trkpt lat="18.806240000000003" lon="99.08683">
        <ele>310.55000000000007</ele>
      </trkpt>
      <trkpt lat="18.806410000000003" lon="99.08652000000001">
        <ele>310.46</ele>
      </trkpt>
      <trkpt lat="18.806670001116412" lon="99.08590000073704">
        <ele>310.53000000000003</ele>
      </trkpt>
      <trkpt lat="18.80693" lon="99.08528000000001">
        <ele>310.59000000000003</ele>
      </trkpt>
      <trkpt lat="18.807187503655786" lon="99.08460500305858">
        <ele>310.62</ele>
      </trkpt>
      <trkpt lat="18.80744500488481" lon="99.08393000405086">
        <ele>310.64000000000004</ele>
      </trkpt>
      <trkpt lat="18.807702503687032" lon="99.0832550029768">
        <ele>310.54</ele>
      </trkpt>
      <trkpt lat="18.80796" lon="99.08258000000001">
        <ele>310.5</ele>
      </trkpt>
      <trkpt lat="18.80795" lon="99.08239">
        <ele>310.44000000000005</ele>
      </trkpt>
      <trkpt lat="18.80787" lon="99.08201000000001">
        <ele>310.57</ele>
      </trkpt>
      <trkpt lat="18.80796" lon="99.08184000000001">
        <ele>310.58000000000004</ele>
      </trkpt>
      <trkpt lat="18.80836" lon="99.08107000000001">
        <ele>310.69</ele>
      </trkpt>
      <trkpt lat="18.808580000000003" lon="99.08041000000001">
        <ele>310.64000000000004</ele>
      </trkpt>
      <trkpt lat="18.8087" lon="99.07977000000001">
        <ele>310.93</ele>
      </trkpt>
      <trkpt lat="18.80921499984188" lon="99.07988499960476">
        <ele>310.93</ele>
      </trkpt>
      <trkpt lat="18.809730000000002" lon="99.08000000000001">
        <ele>310.85</ele>
      </trkpt>
      <trkpt lat="18.80978" lon="99.07998">
        <ele>310.85</ele>
      </trkpt>
      <trkpt lat="18.80984" lon="99.07995000000001">
        <ele>310.85</ele>
      </trkpt>
      <trkpt lat="18.81031" lon="99.07929000000001">
        <ele>310.75</ele>
      </trkpt>
      <trkpt lat="18.81062" lon="99.07898">
        <ele>310.81</ele>
      </trkpt>
      <trkpt lat="18.81079" lon="99.0789">
        <ele>310.77000000000004</ele>
      </trkpt>
      <trkpt lat="18.81069" lon="99.07870000000001">
        <ele>310.42</ele>
      </trkpt>
      <trkpt lat="18.810290000000002" lon="99.07844000000001">
        <ele>310.45</ele>
      </trkpt>
      <trkpt lat="18.80995" lon="99.07819">
        <ele>310.64000000000004</ele>
      </trkpt>
      <trkpt lat="18.809365000741014" lon="99.0776399980265">
        <ele>310.45</ele>
      </trkpt>
      <trkpt lat="18.808780000000002" lon="99.07709000000001">
        <ele>310.38000000000005</ele>
      </trkpt>
      <trkpt lat="18.808780000000002" lon="99.07691000000001">
        <ele>310.37</ele>
      </trkpt>
      <trkpt lat="18.809050000000003" lon="99.07620000000001">
        <ele>309.94000000000005</ele>
      </trkpt>
      <trkpt lat="18.80902" lon="99.07608">
        <ele>309.95</ele>
      </trkpt>
      <trkpt lat="18.8089" lon="99.07598">
        <ele>309.91</ele>
      </trkpt>
      <trkpt lat="18.808680000000003" lon="99.07585">
        <ele>309.89</ele>
      </trkpt>
      <trkpt lat="18.80862" lon="99.07575000000001">
        <ele>309.89</ele>
      </trkpt>
      <trkpt lat="18.80864" lon="99.07555">
        <ele>309.79</ele>
      </trkpt>
      <trkpt lat="18.808680000000003" lon="99.07537">
        <ele>309.82000000000005</ele>
      </trkpt>
      <trkpt lat="18.80864" lon="99.07524000000001">
        <ele>309.94000000000005</ele>
      </trkpt>
      <trkpt lat="18.808490000000003" lon="99.07517000000001">
        <ele>309.94000000000005</ele>
      </trkpt>
      <trkpt lat="18.80788" lon="99.07512000000001">
        <ele>309.96</ele>
      </trkpt>
      <trkpt lat="18.80704" lon="99.07483">
        <ele>309.76000000000005</ele>
      </trkpt>
      <trkpt lat="18.80678" lon="99.07468000000001">
        <ele>309.70000000000005</ele>
      </trkpt>
      <trkpt lat="18.806630000000002" lon="99.07450000000001">
        <ele>309.70000000000005</ele>
      </trkpt>
      <trkpt lat="18.80638" lon="99.07395000000001">
        <ele>309.59000000000003</ele>
      </trkpt>
      <trkpt lat="18.806160000000002" lon="99.07354000000001">
        <ele>309.49</ele>
      </trkpt>
      <trkpt lat="18.80588000042639" lon="99.07312999928655">
        <ele>309.57</ele>
      </trkpt>
      <trkpt lat="18.805600000000002" lon="99.07272">
        <ele>309.57</ele>
      </trkpt>
      <trkpt lat="18.80544" lon="99.07251000000001">
        <ele>309.62</ele>
      </trkpt>
      <trkpt lat="18.805380000000003" lon="99.07235000000001">
        <ele>309.58000000000004</ele>
      </trkpt>
      <trkpt lat="18.805380000000003" lon="99.07222">
        <ele>309.43</ele>
      </trkpt>
      <trkpt lat="18.805590000000002" lon="99.07158000000001">
        <ele>309.50000000000006</ele>
      </trkpt>
      <trkpt lat="18.80552" lon="99.07147">
        <ele>309.49</ele>
      </trkpt>
      <trkpt lat="18.805110000000003" lon="99.07122000000001">
        <ele>309.51</ele>
      </trkpt>
      <trkpt lat="18.80506" lon="99.07111">
        <ele>309.51</ele>
      </trkpt>
      <trkpt lat="18.80505" lon="99.07083000000002">
        <ele>309.31</ele>
      </trkpt>
      <trkpt lat="18.804720000000003" lon="99.07032000000001">
        <ele>309.24</ele>
      </trkpt>
      <trkpt lat="18.804440000000003" lon="99.07013">
        <ele>308.83000000000004</ele>
      </trkpt>
      <trkpt lat="18.804000000278972" lon="99.06991499951398">
        <ele>308.33000000000004</ele>
      </trkpt>
      <trkpt lat="18.80356" lon="99.06970000000001">
        <ele>308.41</ele>
      </trkpt>
      <trkpt lat="18.80326" lon="99.06953000000001">
        <ele>309.23</ele>
      </trkpt>
      <trkpt lat="18.803060000000002" lon="99.06936">
        <ele>308.86</ele>
      </trkpt>
      <trkpt lat="18.8027" lon="99.06881000000001">
        <ele>308.58000000000004</ele>
      </trkpt>
      <trkpt lat="18.802690000000002" lon="99.06871000000001">
        <ele>308.42</ele>
      </trkpt>
      <trkpt lat="18.80272" lon="99.06862000000001">
        <ele>308.35</ele>
      </trkpt>
      <trkpt lat="18.803060000000002" lon="99.06806">
        <ele>308.24</ele>
      </trkpt>
      <trkpt lat="18.80326" lon="99.06763000000001">
        <ele>308.49</ele>
      </trkpt>
      <trkpt lat="18.803340000000002" lon="99.06725">
        <ele>308.8</ele>
      </trkpt>
      <trkpt lat="18.803350000000002" lon="99.06700000000001">
        <ele>308.79</ele>
      </trkpt>
      <trkpt lat="18.80337" lon="99.06682">
        <ele>308.73</ele>
      </trkpt>
      <trkpt lat="18.803500000000003" lon="99.06648000000001">
        <ele>308.73</ele>
      </trkpt>
      <trkpt lat="18.803630000000002" lon="99.06635000000001">
        <ele>308.74</ele>
      </trkpt>
      <trkpt lat="18.804260000000003" lon="99.066">
        <ele>308.83000000000004</ele>
      </trkpt>
      <trkpt lat="18.804460000000002" lon="99.06575000000001">
        <ele>308.81</ele>
      </trkpt>
      <trkpt lat="18.80471" lon="99.06525">
        <ele>308.45</ele>
      </trkpt>
      <trkpt lat="18.804910000000003" lon="99.06459000000001">
        <ele>308.61000000000007</ele>
      </trkpt>
      <trkpt lat="18.80533" lon="99.06402000000001">
        <ele>308.74</ele>
      </trkpt>
      <trkpt lat="18.80571" lon="99.0634">
        <ele>308.38000000000005</ele>
      </trkpt>
      <trkpt lat="18.80535" lon="99.06316000000001">
        <ele>308.3</ele>
      </trkpt>
      <trkpt lat="18.80517" lon="99.06301">
        <ele>308.29</ele>
      </trkpt>
      <trkpt lat="18.804930000000002" lon="99.06278">
        <ele>308.24</ele>
      </trkpt>
      <trkpt lat="18.80442000078735" lon="99.0622299983134">
        <ele>307.84</ele>
      </trkpt>
      <trkpt lat="18.803910000000002" lon="99.06168000000001">
        <ele>307.72</ele>
      </trkpt>
      <trkpt lat="18.80376" lon="99.06167">
        <ele>307.78</ele>
      </trkpt>
      <trkpt lat="18.803530000000002" lon="99.06143">
        <ele>307.37</ele>
      </trkpt>
      <trkpt lat="18.803530000000002" lon="99.06136000000001">
        <ele>307.37</ele>
      </trkpt>
      <trkpt lat="18.80307" lon="99.06133000000001">
        <ele>307.53000000000003</ele>
      </trkpt>
      <trkpt lat="18.80224" lon="99.06118000000001">
        <ele>307.6</ele>
      </trkpt>
      <trkpt lat="18.80174000008307" lon="99.06104499960824">
        <ele>307.35</ele>
      </trkpt>
      <trkpt lat="18.80124" lon="99.06091">
        <ele>307.3</ele>
      </trkpt>
      <trkpt lat="18.800655000138626" lon="99.06072999939046">
        <ele>307.4</ele>
      </trkpt>
      <trkpt lat="18.80007" lon="99.06055">
        <ele>307.48</ele>
      </trkpt>
      <trkpt lat="18.79983" lon="99.06046">
        <ele>307.56</ele>
      </trkpt>
      <trkpt lat="18.80002" lon="99.05986000000001">
        <ele>307.45</ele>
      </trkpt>
      <trkpt lat="18.80037" lon="99.05933">
        <ele>307.56</ele>
      </trkpt>
      <trkpt lat="18.800530000000002" lon="99.05901000000001">
        <ele>307.65000000000003</ele>
      </trkpt>
      <trkpt lat="18.80056" lon="99.05869000000001">
        <ele>307.67</ele>
      </trkpt>
      <trkpt lat="18.800500000000003" lon="99.05860000000001">
        <ele>307.67</ele>
      </trkpt>
      <trkpt lat="18.80036" lon="99.05848">
        <ele>307.72</ele>
      </trkpt>
      <trkpt lat="18.80038" lon="99.05795">
        <ele>307.39000000000004</ele>
      </trkpt>
      <trkpt lat="18.80047" lon="99.05723">
        <ele>307.45</ele>
      </trkpt>
      <trkpt lat="18.80045" lon="99.05704000000001">
        <ele>307.41</ele>
      </trkpt>
      <trkpt lat="18.80049" lon="99.05694000000001">
        <ele>307.15000000000003</ele>
      </trkpt>
      <trkpt lat="18.801090000000002" lon="99.05629">
        <ele>306.88000000000005</ele>
      </trkpt>
      <trkpt lat="18.80115" lon="99.05619000000002">
        <ele>306.99</ele>
      </trkpt>
      <trkpt lat="18.801170000000003" lon="99.05610000000001">
        <ele>306.99</ele>
      </trkpt>
      <trkpt lat="18.80111" lon="99.05588">
        <ele>307.05</ele>
      </trkpt>
      <trkpt lat="18.801190000000002" lon="99.05518000000001">
        <ele>306.92</ele>
      </trkpt>
      <trkpt lat="18.80132" lon="99.0549">
        <ele>307.26000000000005</ele>
      </trkpt>
      <trkpt lat="18.8016" lon="99.05471000000001">
        <ele>307.72</ele>
      </trkpt>
      <trkpt lat="18.801640000000003" lon="99.05465000000001">
        <ele>307.71000000000004</ele>
      </trkpt>
      <trkpt lat="18.80162" lon="99.05457000000001">
        <ele>307.63</ele>
      </trkpt>
      <trkpt lat="18.80122000032503" lon="99.05426499933408">
        <ele>306.92</ele>
      </trkpt>
      <trkpt lat="18.80082" lon="99.05396">
        <ele>307.46</ele>
      </trkpt>
      <trkpt lat="18.801060000000003" lon="99.05346">
        <ele>307.57</ele>
      </trkpt>
      <trkpt lat="18.80094" lon="99.05326000000001">
        <ele>307.11000000000007</ele>
      </trkpt>
      <trkpt lat="18.80048" lon="99.05292000000001">
        <ele>306.76000000000005</ele>
      </trkpt>
      <trkpt lat="18.80028" lon="99.05275">
        <ele>306.20000000000005</ele>
      </trkpt>
      <trkpt lat="18.799809999982795" lon="99.05257999949121">
        <ele>305.95</ele>
      </trkpt>
      <trkpt lat="18.79934" lon="99.05241000000001">
        <ele>306.21000000000004</ele>
      </trkpt>
      <trkpt lat="18.79927" lon="99.05236000000001">
        <ele>306.21000000000004</ele>
      </trkpt>
      <trkpt lat="18.79927" lon="99.05225000000002">
        <ele>306.11000000000007</ele>
      </trkpt>
      <trkpt lat="18.799300000000002" lon="99.05206000000001">
        <ele>305.99</ele>
      </trkpt>
      <trkpt lat="18.79925" lon="99.05178000000001">
        <ele>305.92</ele>
      </trkpt>
      <trkpt lat="18.799110000000002" lon="99.05121000000001">
        <ele>306.02</ele>
      </trkpt>
      <trkpt lat="18.79914" lon="99.05113000000001">
        <ele>306.02</ele>
      </trkpt>
      <trkpt lat="18.799780000000002" lon="99.05077000000001">
        <ele>305.91</ele>
      </trkpt>
      <trkpt lat="18.79988" lon="99.05069">
        <ele>305.92</ele>
      </trkpt>
      <trkpt lat="18.799940000000003" lon="99.0506">
        <ele>305.92</ele>
      </trkpt>
      <trkpt lat="18.8" lon="99.05032000000001">
        <ele>306.11000000000007</ele>
      </trkpt>
      <trkpt lat="18.800050000000002" lon="99.05021">
        <ele>306.11000000000007</ele>
      </trkpt>
      <trkpt lat="18.800230000000003" lon="99.04998">
        <ele>306.21000000000004</ele>
      </trkpt>
      <trkpt lat="18.80029" lon="99.04986000000001">
        <ele>306.29</ele>
      </trkpt>
      <trkpt lat="18.800310000000003" lon="99.04971">
        <ele>306.29</ele>
      </trkpt>
      <trkpt lat="18.80029" lon="99.04950000000001">
        <ele>306.26000000000005</ele>
      </trkpt>
      <trkpt lat="18.80019" lon="99.04917">
        <ele>306.46</ele>
      </trkpt>
      <trkpt lat="18.80018" lon="99.04910000000001">
        <ele>306.46</ele>
      </trkpt>
      <trkpt lat="18.80018" lon="99.04908">
        <ele>306.47</ele>
      </trkpt>
      <trkpt lat="18.80014000064489" lon="99.04858499979036">
        <ele>306.46</ele>
      </trkpt>
      <trkpt lat="18.8001" lon="99.04809">
        <ele>306.62</ele>
      </trkpt>
      <trkpt lat="18.80007" lon="99.04797">
        <ele>306.61000000000007</ele>
      </trkpt>
      <trkpt lat="18.800790000000003" lon="99.04757000000001">
        <ele>306.87</ele>
      </trkpt>
      <trkpt lat="18.800900000000002" lon="99.04755">
        <ele>306.87</ele>
      </trkpt>
      <trkpt lat="18.80111" lon="99.04757000000001">
        <ele>306.95</ele>
      </trkpt>
      <trkpt lat="18.80115" lon="99.04780000000001">
        <ele>306.95</ele>
      </trkpt>
      <trkpt lat="18.801190000000002" lon="99.04783">
        <ele>306.95</ele>
      </trkpt>
      <trkpt lat="18.801740000000002" lon="99.04781000000001">
        <ele>305.99</ele>
      </trkpt>
      <trkpt lat="18.80159" lon="99.04705000000001">
        <ele>305.84</ele>
      </trkpt>
      <trkpt lat="18.80188" lon="99.04702">
        <ele>305.25</ele>
      </trkpt>
      <trkpt lat="18.802100000000003" lon="99.04704000000001">
        <ele>305.25</ele>
      </trkpt>
      <trkpt lat="18.80234" lon="99.04696000000001">
        <ele>306.81</ele>
      </trkpt>
      <trkpt lat="18.80262" lon="99.04691000000001">
        <ele>306.81</ele>
      </trkpt>
      <trkpt lat="18.802950000000003" lon="99.04666">
        <ele>305.14000000000004</ele>
      </trkpt>
      <trkpt lat="18.802960000000002" lon="99.04656000000001">
        <ele>305.14000000000004</ele>
      </trkpt>
      <trkpt lat="18.80289" lon="99.04627">
        <ele>305.14000000000004</ele>
      </trkpt>
      <trkpt lat="18.802970000000002" lon="99.04619000000001">
        <ele>305.14000000000004</ele>
      </trkpt>
      <trkpt lat="18.802970000000002" lon="99.04594">
        <ele>307.09000000000003</ele>
      </trkpt>
      <trkpt lat="18.8029" lon="99.04573">
        <ele>307.09000000000003</ele>
      </trkpt>
      <trkpt lat="18.803140000000003" lon="99.04565000000001">
        <ele>307.09000000000003</ele>
      </trkpt>
      <trkpt lat="18.8034" lon="99.04563">
        <ele>307.27000000000004</ele>
      </trkpt>
      <trkpt lat="18.80392" lon="99.04541">
        <ele>307.3</ele>
      </trkpt>
      <trkpt lat="18.80433" lon="99.04531000000001">
        <ele>307.49</ele>
      </trkpt>
      <trkpt lat="18.804720000000003" lon="99.04531000000001">
        <ele>307.71000000000004</ele>
      </trkpt>
      <trkpt lat="18.805220000000002" lon="99.04528">
        <ele>307.73</ele>
      </trkpt>
      <trkpt lat="18.805220000000002" lon="99.04497">
        <ele>307.76000000000005</ele>
      </trkpt>
      <trkpt lat="18.80518" lon="99.04467000000001">
        <ele>308.05</ele>
      </trkpt>
      <trkpt lat="18.80506666874459" lon="99.04404666587449">
        <ele>307.66</ele>
      </trkpt>
      <trkpt lat="18.804953335419896" lon="99.04342333258869">
        <ele>306.66</ele>
      </trkpt>
      <trkpt lat="18.804840000000002" lon="99.04280000000001">
        <ele>306.39000000000004</ele>
      </trkpt>
      <trkpt lat="18.80484000128622" lon="99.04210500020154">
        <ele>306.73</ele>
      </trkpt>
      <trkpt lat="18.804840000000002" lon="99.04141000000001">
        <ele>306.94000000000005</ele>
      </trkpt>
      <trkpt lat="18.80452" lon="99.04135000000001">
        <ele>306.71000000000004</ele>
      </trkpt>
      <trkpt lat="18.80431" lon="99.04127000000001">
        <ele>306.56</ele>
      </trkpt>
      <trkpt lat="18.804000000000002" lon="99.04113000000001">
        <ele>306.42</ele>
      </trkpt>
      <trkpt lat="18.80387" lon="99.04103">
        <ele>306.42</ele>
      </trkpt>
      <trkpt lat="18.803780000000003" lon="99.04093">
        <ele>306.38000000000005</ele>
      </trkpt>
      <trkpt lat="18.803610000000003" lon="99.04082000000001">
        <ele>306.18</ele>
      </trkpt>
      <trkpt lat="18.8034" lon="99.04077000000001">
        <ele>306.14000000000004</ele>
      </trkpt>
      <trkpt lat="18.803310000000003" lon="99.04072000000001">
        <ele>306.1</ele>
      </trkpt>
      <trkpt lat="18.803250000000002" lon="99.04064000000001">
        <ele>306.1</ele>
      </trkpt>
      <trkpt lat="18.80308" lon="99.04019000000001">
        <ele>306.1</ele>
      </trkpt>
      <trkpt lat="18.80283" lon="99.03998000000001">
        <ele>305.93</ele>
      </trkpt>
      <trkpt lat="18.802410000000002" lon="99.03974000000001">
        <ele>305.85</ele>
      </trkpt>
      <trkpt lat="18.80189" lon="99.03937">
        <ele>305.48</ele>
      </trkpt>
      <trkpt lat="18.801810000000003" lon="99.03933">
        <ele>305.39000000000004</ele>
      </trkpt>
      <trkpt lat="18.80159" lon="99.03931000000001">
        <ele>305.16</ele>
      </trkpt>
      <trkpt lat="18.80151" lon="99.03928">
        <ele>305.16</ele>
      </trkpt>
      <trkpt lat="18.801450000000003" lon="99.03922000000001">
        <ele>305.15000000000003</ele>
      </trkpt>
      <trkpt lat="18.80141" lon="99.03914">
        <ele>305.15000000000003</ele>
      </trkpt>
      <trkpt lat="18.801360000000003" lon="99.03888">
        <ele>305.24</ele>
      </trkpt>
      <trkpt lat="18.801340000000003" lon="99.03884000000001">
        <ele>305.26000000000005</ele>
      </trkpt>
      <trkpt lat="18.8013" lon="99.03883">
        <ele>305.26000000000005</ele>
      </trkpt>
      <trkpt lat="18.801070000000003" lon="99.03889000000001">
        <ele>305.13</ele>
      </trkpt>
      <trkpt lat="18.80101" lon="99.03888">
        <ele>305.13</ele>
      </trkpt>
      <trkpt lat="18.80095" lon="99.03883">
        <ele>305.13</ele>
      </trkpt>
      <trkpt lat="18.80082" lon="99.03847">
        <ele>304.88000000000005</ele>
      </trkpt>
      <trkpt lat="18.800800000000002" lon="99.03837000000001">
        <ele>304.88000000000005</ele>
      </trkpt>
      <trkpt lat="18.80084" lon="99.03811">
        <ele>304.82000000000005</ele>
      </trkpt>
      <trkpt lat="18.80082" lon="99.03781000000001">
        <ele>304.68</ele>
      </trkpt>
      <trkpt lat="18.800870000000003" lon="99.03763000000001">
        <ele>304.66</ele>
      </trkpt>
      <trkpt lat="18.80104" lon="99.03733000000001">
        <ele>304.68</ele>
      </trkpt>
      <trkpt lat="18.80111" lon="99.03707000000001">
        <ele>304.72</ele>
      </trkpt>
      <trkpt lat="18.80132" lon="99.03651">
        <ele>305.03000000000003</ele>
      </trkpt>
      <trkpt lat="18.80123" lon="99.03616000000001">
        <ele>304.86</ele>
      </trkpt>
      <trkpt lat="18.80121" lon="99.03577000000001">
        <ele>304.69</ele>
      </trkpt>
      <trkpt lat="18.801260000000003" lon="99.03547">
        <ele>304.59000000000003</ele>
      </trkpt>
      <trkpt lat="18.80121" lon="99.03542">
        <ele>304.49</ele>
      </trkpt>
      <trkpt lat="18.80093" lon="99.03546000000001">
        <ele>304.44000000000005</ele>
      </trkpt>
      <trkpt lat="18.80086" lon="99.03541000000001">
        <ele>304.44000000000005</ele>
      </trkpt>
      <trkpt lat="18.800810000000002" lon="99.03524">
        <ele>304.44000000000005</ele>
      </trkpt>
      <trkpt lat="18.80077" lon="99.03519000000001">
        <ele>304.32000000000005</ele>
      </trkpt>
      <trkpt lat="18.80048" lon="99.03510000000001">
        <ele>304.32000000000005</ele>
      </trkpt>
      <trkpt lat="18.800430000000002" lon="99.03500000000001">
        <ele>304.32000000000005</ele>
      </trkpt>
      <trkpt lat="18.80038" lon="99.03471">
        <ele>304.32000000000005</ele>
      </trkpt>
      <trkpt lat="18.800330000000002" lon="99.03467">
        <ele>304.22</ele>
      </trkpt>
      <trkpt lat="18.80008" lon="99.03465000000001">
        <ele>304.22</ele>
      </trkpt>
      <trkpt lat="18.79993" lon="99.03468000000001">
        <ele>304.22</ele>
      </trkpt>
      <trkpt lat="18.799370000000003" lon="99.03457">
        <ele>304.1700000000001</ele>
      </trkpt>
      <trkpt lat="18.799220000000002" lon="99.03458">
        <ele>304.53000000000003</ele>
      </trkpt>
      <trkpt lat="18.799100000000003" lon="99.03464000000001">
        <ele>304.85</ele>
      </trkpt>
      <trkpt lat="18.79894" lon="99.03476">
        <ele>305.72</ele>
      </trkpt>
      <trkpt lat="18.79888" lon="99.03476">
        <ele>305.83000000000004</ele>
      </trkpt>
      <trkpt lat="18.798830000000002" lon="99.03473000000001">
        <ele>305.99</ele>
      </trkpt>
      <trkpt lat="18.79866" lon="99.03497">
        <ele>306.09000000000003</ele>
      </trkpt>
      <trkpt lat="18.798440000000003" lon="99.03519000000001">
        <ele>306.07</ele>
      </trkpt>
      <trkpt lat="18.79821" lon="99.03534">
        <ele>306.1</ele>
      </trkpt>
      <trkpt lat="18.79796" lon="99.03546000000001">
        <ele>306.1</ele>
      </trkpt>
      <trkpt lat="18.797140000000002" lon="99.03572000000001">
        <ele>305.57</ele>
      </trkpt>
      <trkpt lat="18.79642" lon="99.03598000000001">
        <ele>305.28000000000003</ele>
      </trkpt>
      <trkpt lat="18.79627" lon="99.03640000000001">
        <ele>305.19</ele>
      </trkpt>
      <trkpt lat="18.796300000000002" lon="99.03732000000001">
        <ele>305.1700000000001</ele>
      </trkpt>
      <trkpt lat="18.79632" lon="99.03798">
        <ele>305.1</ele>
      </trkpt>
      <trkpt lat="18.796380000000003" lon="99.03806">
        <ele>304.95</ele>
      </trkpt>
      <trkpt lat="18.79636" lon="99.03814000000001">
        <ele>304.95</ele>
      </trkpt>
      <trkpt lat="18.796280000000003" lon="99.03819000000001">
        <ele>304.83000000000004</ele>
      </trkpt>
      <trkpt lat="18.796200000000002" lon="99.03815">
        <ele>304.86</ele>
      </trkpt>
      <trkpt lat="18.796180000000003" lon="99.03810000000001">
        <ele>304.86</ele>
      </trkpt>
      <trkpt lat="18.795820000000003" lon="99.03812">
        <ele>304.79</ele>
      </trkpt>
      <trkpt lat="18.795720000000003" lon="99.03810000000001">
        <ele>304.79</ele>
      </trkpt>
      <trkpt lat="18.795620000000003" lon="99.03803">
        <ele>304.68</ele>
      </trkpt>
      <trkpt lat="18.795540000000003" lon="99.03794">
        <ele>304.68</ele>
      </trkpt>
      <trkpt lat="18.79551" lon="99.03784">
        <ele>304.68</ele>
      </trkpt>
      <trkpt lat="18.7955" lon="99.03773000000001">
        <ele>304.54</ele>
      </trkpt>
      <trkpt lat="18.79550000094231" lon="99.03713500024337">
        <ele>304.05</ele>
      </trkpt>
      <trkpt lat="18.7955" lon="99.03654">
        <ele>302.50000000000006</ele>
      </trkpt>
      <trkpt lat="18.79548" lon="99.03653000000001">
        <ele>302.4</ele>
      </trkpt>
      <trkpt lat="18.79547" lon="99.03613000000001">
        <ele>302.63</ele>
      </trkpt>
      <trkpt lat="18.79548" lon="99.0361">
        <ele>302.63</ele>
      </trkpt>
      <trkpt lat="18.79549" lon="99.03563000000001">
        <ele>304.91</ele>
      </trkpt>
      <trkpt lat="18.79539" lon="99.03556">
        <ele>305.06</ele>
      </trkpt>
      <trkpt lat="18.795350000000003" lon="99.03545000000001">
        <ele>305.06</ele>
      </trkpt>
      <trkpt lat="18.795360000000002" lon="99.03538">
        <ele>305.61</ele>
      </trkpt>
      <trkpt lat="18.7954" lon="99.0353">
        <ele>305.61</ele>
      </trkpt>
      <trkpt lat="18.79549" lon="99.03525">
        <ele>305.61</ele>
      </trkpt>
      <trkpt lat="18.795560000000002" lon="99.03524">
        <ele>305.6</ele>
      </trkpt>
      <trkpt lat="18.795620000000003" lon="99.03525">
        <ele>305.6</ele>
      </trkpt>
      <trkpt lat="18.79567" lon="99.03529">
        <ele>305.6</ele>
      </trkpt>
      <trkpt lat="18.795710000000003" lon="99.03535000000001">
        <ele>305.6</ele>
      </trkpt>
      <trkpt lat="18.795730000000002" lon="99.03546000000001">
        <ele>305.38000000000005</ele>
      </trkpt>
      <trkpt lat="18.79607" lon="99.03567000000001">
        <ele>305.4</ele>
      </trkpt>
      <trkpt lat="18.796310000000002" lon="99.03586000000001">
        <ele>305.62</ele>
      </trkpt>
      <trkpt lat="18.79709" lon="99.03557">
        <ele>305.55</ele>
      </trkpt>
      <trkpt lat="18.79765" lon="99.03539">
        <ele>305.34</ele>
      </trkpt>
      <trkpt lat="18.79766" lon="99.03539">
        <ele>305.34</ele>
      </trkpt>
      <trkpt lat="18.79804" lon="99.03525">
        <ele>305.43</ele>
      </trkpt>
      <trkpt lat="18.798340000000003" lon="99.03507">
        <ele>305.43</ele>
      </trkpt>
      <trkpt lat="18.79857" lon="99.03486000000001">
        <ele>305.42</ele>
      </trkpt>
      <trkpt lat="18.79871" lon="99.03466">
        <ele>305.55</ele>
      </trkpt>
      <trkpt lat="18.79889" lon="99.03429000000001">
        <ele>305.57</ele>
      </trkpt>
      <trkpt lat="18.79915" lon="99.03346">
        <ele>306.21000000000004</ele>
      </trkpt>
      <trkpt lat="18.799380000000003" lon="99.03305">
        <ele>306.55</ele>
      </trkpt>
      <trkpt lat="18.79962" lon="99.03275000000001">
        <ele>306.69</ele>
      </trkpt>
      <trkpt lat="18.799760000000003" lon="99.03261">
        <ele>306.79</ele>
      </trkpt>
      <trkpt lat="18.79992" lon="99.03248">
        <ele>306.79</ele>
      </trkpt>
      <trkpt lat="18.800140000000003" lon="99.03234">
        <ele>306.76000000000005</ele>
      </trkpt>
      <trkpt lat="18.800745000243595" lon="99.03202000116572">
        <ele>306.27000000000004</ele>
      </trkpt>
      <trkpt lat="18.801350000000003" lon="99.03170000000001">
        <ele>306.29</ele>
      </trkpt>
      <trkpt lat="18.80215250135355" lon="99.03128750590433">
        <ele>306.50000000000006</ele>
      </trkpt>
      <trkpt lat="18.80295500180103" lon="99.0308750078745">
        <ele>306.45</ele>
      </trkpt>
      <trkpt lat="18.80375750134239" lon="99.0304625059103">
        <ele>306.59000000000003</ele>
      </trkpt>
      <trkpt lat="18.804560000000002" lon="99.03005">
        <ele>306.66</ele>
      </trkpt>
      <trkpt lat="18.804940000000002" lon="99.02984000000001">
        <ele>306.71000000000004</ele>
      </trkpt>
      <trkpt lat="18.805380000000003" lon="99.02957">
        <ele>306.73</ele>
      </trkpt>
      <trkpt lat="18.805970000000002" lon="99.02912">
        <ele>306.74</ele>
      </trkpt>
      <trkpt lat="18.80635000047814" lon="99.02880000054977">
        <ele>306.73</ele>
      </trkpt>
      <trkpt lat="18.80673" lon="99.02848">
        <ele>306.78000000000003</ele>
      </trkpt>
      <trkpt lat="18.80732" lon="99.02803">
        <ele>306.93</ele>
      </trkpt>
      <trkpt lat="18.80742" lon="99.02787000000001">
        <ele>306.93</ele>
      </trkpt>
      <trkpt lat="18.80807333485725" lon="99.02733667080206">
        <ele>307.25</ele>
      </trkpt>
      <trkpt lat="18.808726668199437" lon="99.02680333746159">
        <ele>307.61000000000007</ele>
      </trkpt>
      <trkpt lat="18.80938" lon="99.02627000000001">
        <ele>308.33000000000004</ele>
      </trkpt>
      <trkpt lat="18.80889" lon="99.02554">
        <ele>308.38000000000005</ele>
      </trkpt>
      <trkpt lat="18.808523334785125" lon="99.02501666437529">
        <ele>308.34</ele>
      </trkpt>
      <trkpt lat="18.808156668111412" lon="99.02449333103193">
        <ele>308.32000000000005</ele>
      </trkpt>
      <trkpt lat="18.80779" lon="99.02397">
        <ele>308.64000000000004</ele>
      </trkpt>
      <trkpt lat="18.807430000662904" lon="99.02346999892606">
        <ele>308.75</ele>
      </trkpt>
      <trkpt lat="18.807070000000003" lon="99.02297000000002">
        <ele>308.75</ele>
      </trkpt>
      <trkpt lat="18.80653834078864" lon="99.02222165484147">
        <ele>308.82000000000005</ele>
      </trkpt>
      <trkpt lat="18.806006678594574" lon="99.0214733144126">
        <ele>308.89</ele>
      </trkpt>
      <trkpt lat="18.805475013417915" lon="99.02072497871326">
        <ele>308.83000000000004</ele>
      </trkpt>
      <trkpt lat="18.80494334525877" lon="99.01997664774326">
        <ele>308.9</ele>
      </trkpt>
      <trkpt lat="18.804411674117244" lon="99.01922832150248">
        <ele>309.04</ele>
      </trkpt>
      <trkpt lat="18.803880000000003" lon="99.01848000000001">
        <ele>309.23</ele>
      </trkpt>
      <trkpt lat="18.803535000851006" lon="99.0179349989776">
        <ele>308.9</ele>
      </trkpt>
      <trkpt lat="18.80319" lon="99.01739">
        <ele>308.54</ele>
      </trkpt>
      <trkpt lat="18.80312" lon="99.01719000000001">
        <ele>308.6</ele>
      </trkpt>
      <trkpt lat="18.8026120054361" lon="99.01647599138805">
        <ele>308.65000000000003</ele>
      </trkpt>
      <trkpt lat="18.802104008157407" lon="99.01576198708693">
        <ele>308.72</ele>
      </trkpt>
      <trkpt lat="18.801596008164022" lon="99.0150479870965">
        <ele>308.76000000000005</ele>
      </trkpt>
      <trkpt lat="18.80108800545604" lon="99.01433399141662">
        <ele>308.87</ele>
      </trkpt>
      <trkpt lat="18.80058" lon="99.01362">
        <ele>308.98</ele>
      </trkpt>
      <trkpt lat="18.801130001286314" lon="99.01312333660421">
        <ele>309.01</ele>
      </trkpt>
      <trkpt lat="18.801680001259133" lon="99.01262666996216">
        <ele>309.02000000000004</ele>
      </trkpt>
      <trkpt lat="18.80223" lon="99.01213000000001">
        <ele>308.97</ele>
      </trkpt>
      <trkpt lat="18.802110000000003" lon="99.01186000000001">
        <ele>309.01</ele>
      </trkpt>
      <trkpt lat="18.801730001478504" lon="99.01112499841807">
        <ele>309.21000000000004</ele>
      </trkpt>
      <trkpt lat="18.801350000000003" lon="99.01039">
        <ele>309.49</ele>
      </trkpt>
      <trkpt lat="18.800910000000002" lon="99.00957000000001">
        <ele>309.47</ele>
      </trkpt>
      <trkpt lat="18.80092" lon="99.00959">
        <ele>309.46</ele>
      </trkpt>
      <trkpt lat="18.80054" lon="99.00890000000001">
        <ele>309.53000000000003</ele>
      </trkpt>
      <trkpt lat="18.800420000000003" lon="99.00864000000001">
        <ele>309.53000000000003</ele>
      </trkpt>
      <trkpt lat="18.80035" lon="99.00840000000001">
        <ele>309.52000000000004</ele>
      </trkpt>
      <trkpt lat="18.80021" lon="99.00751000000001">
        <ele>309.54</ele>
      </trkpt>
      <trkpt lat="18.800135001651572" lon="99.00672499976537">
        <ele>309.57</ele>
      </trkpt>
      <trkpt lat="18.800060000000002" lon="99.00594000000001">
        <ele>309.87</ele>
      </trkpt>
      <trkpt lat="18.80002" lon="99.00535">
        <ele>310.1</ele>
      </trkpt>
      <trkpt lat="18.8" lon="99.00455000000001">
        <ele>309.96</ele>
      </trkpt>
      <trkpt lat="18.800203336042596" lon="99.00383666839073">
        <ele>310.68</ele>
      </trkpt>
      <trkpt lat="18.80040666937581" lon="99.00312333505784">
        <ele>310.64000000000004</ele>
      </trkpt>
      <trkpt lat="18.800610000000002" lon="99.00241000000001">
        <ele>309.95</ele>
      </trkpt>
      <trkpt lat="18.800790000000003" lon="99.00183000000001">
        <ele>310.08000000000004</ele>
      </trkpt>
      <trkpt lat="18.80094500107699" lon="99.00120000049776">
        <ele>310.13</ele>
      </trkpt>
      <trkpt lat="18.8011" lon="99.00057000000001">
        <ele>309.99</ele>
      </trkpt>
      <trkpt lat="18.80113" lon="99.00030000000001">
        <ele>309.99</ele>
      </trkpt>
      <trkpt lat="18.80114" lon="98.99983">
        <ele>309.96</ele>
      </trkpt>
      <trkpt lat="18.80112" lon="98.99948">
        <ele>309.98</ele>
      </trkpt>
      <trkpt lat="18.801090000000002" lon="98.99919000000001">
        <ele>310.11000000000007</ele>
      </trkpt>
      <trkpt lat="18.80101" lon="98.99878000000001">
        <ele>309.99</ele>
      </trkpt>
      <trkpt lat="18.80082" lon="98.99792000000001">
        <ele>310.07</ele>
      </trkpt>
      <trkpt lat="18.80073" lon="98.99766000000001">
        <ele>310.11000000000007</ele>
      </trkpt>
      <trkpt lat="18.80063" lon="98.99744000000001">
        <ele>310.16</ele>
      </trkpt>
      <trkpt lat="18.800360000676772" lon="98.99690999901023">
        <ele>310.05000000000007</ele>
      </trkpt>
      <trkpt lat="18.80009" lon="98.99638">
        <ele>310.14000000000004</ele>
      </trkpt>
      <trkpt lat="18.799960000000002" lon="98.99602">
        <ele>310.28</ele>
      </trkpt>
      <trkpt lat="18.79989" lon="98.99578000000001">
        <ele>310.28</ele>
      </trkpt>
      <trkpt lat="18.7999" lon="98.99538000000001">
        <ele>310.28</ele>
      </trkpt>
      <trkpt lat="18.800015001105162" lon="98.99474000035546">
        <ele>310.17</ele>
      </trkpt>
      <trkpt lat="18.800130000000003" lon="98.9941">
        <ele>310.43</ele>
      </trkpt>
      <trkpt lat="18.800140000000003" lon="98.99385000000001">
        <ele>310.61000000000007</ele>
      </trkpt>
      <trkpt lat="18.800140000000003" lon="98.99369000000002">
        <ele>310.65000000000003</ele>
      </trkpt>
      <trkpt lat="18.800030000000003" lon="98.99322000000001">
        <ele>310.73</ele>
      </trkpt>
      <trkpt lat="18.79979000124379" lon="98.99253999906652">
        <ele>311.22</ele>
      </trkpt>
      <trkpt lat="18.79955" lon="98.99186">
        <ele>311.57</ele>
      </trkpt>
      <trkpt lat="18.799490000000002" lon="98.99145000000001">
        <ele>311.86</ele>
      </trkpt>
      <trkpt lat="18.799465000814383" lon="98.99089499979236">
        <ele>312.02000000000004</ele>
      </trkpt>
      <trkpt lat="18.79944" lon="98.99034">
        <ele>312.22</ele>
      </trkpt>
      <trkpt lat="18.799400000000002" lon="98.99013000000001">
        <ele>312.31</ele>
      </trkpt>
      <trkpt lat="18.79936" lon="98.99006000000001">
        <ele>312.39</ele>
      </trkpt>
      <trkpt lat="18.79925" lon="98.98999">
        <ele>312.34</ele>
      </trkpt>
      <trkpt lat="18.79923" lon="98.98992000000001">
        <ele>312.3</ele>
      </trkpt>
      <trkpt lat="18.79925" lon="98.98985">
        <ele>312.3</ele>
      </trkpt>
      <trkpt lat="18.799310000000002" lon="98.9898">
        <ele>312.41</ele>
      </trkpt>
      <trkpt lat="18.799390000000002" lon="98.98963">
        <ele>312.77000000000004</ele>
      </trkpt>
      <trkpt lat="18.799400000000002" lon="98.98899">
        <ele>313.21999999999997</ele>
      </trkpt>
      <trkpt lat="18.79934" lon="98.98873">
        <ele>313.23</ele>
      </trkpt>
      <trkpt lat="18.799200000000003" lon="98.98854000000001">
        <ele>313.28</ele>
      </trkpt>
      <trkpt lat="18.79894" lon="98.98824">
        <ele>313.39</ele>
      </trkpt>
      <trkpt lat="18.79859" lon="98.98758000000001">
        <ele>314.27000000000004</ele>
      </trkpt>
      <trkpt lat="18.798550000000002" lon="98.98742000000001">
        <ele>314.47</ele>
      </trkpt>
      <trkpt lat="18.798520000957062" lon="98.98681999986731">
        <ele>314.48</ele>
      </trkpt>
      <trkpt lat="18.79849" lon="98.98622">
        <ele>314.36</ele>
      </trkpt>
      <trkpt lat="18.798740000000002" lon="98.98619000000001">
        <ele>314.46000000000004</ele>
      </trkpt>
      <trkpt lat="18.79951" lon="98.98607000000001">
        <ele>315.16</ele>
      </trkpt>
      <trkpt lat="18.800310000000003" lon="98.986">
        <ele>315.38000000000005</ele>
      </trkpt>
      <trkpt lat="18.800320000000003" lon="98.98539000000001">
        <ele>315.54</ele>
      </trkpt>
      <trkpt lat="18.8004" lon="98.98501">
        <ele>315.77000000000004</ele>
      </trkpt>
      <trkpt lat="18.800440000000002" lon="98.98488">
        <ele>315.77000000000004</ele>
      </trkpt>
      <trkpt lat="18.800610000000002" lon="98.98458000000001">
        <ele>316.11</ele>
      </trkpt>
      <trkpt lat="18.80073" lon="98.98425">
        <ele>316.18</ele>
      </trkpt>
      <trkpt lat="18.80076" lon="98.98392000000001">
        <ele>316.18</ele>
      </trkpt>
      <trkpt lat="18.80075" lon="98.98363">
        <ele>316.46000000000004</ele>
      </trkpt>
      <trkpt lat="18.80082" lon="98.9834">
        <ele>316.46000000000004</ele>
      </trkpt>
      <trkpt lat="18.800970000000003" lon="98.98311000000001">
        <ele>316.52000000000004</ele>
      </trkpt>
      <trkpt lat="18.8012000030166" lon="98.98236000198028">
        <ele>316.62</ele>
      </trkpt>
      <trkpt lat="18.801430003038007" lon="98.98161000191052">
        <ele>316.78</ele>
      </trkpt>
      <trkpt lat="18.801660000000002" lon="98.98086">
        <ele>317.21000000000004</ele>
      </trkpt>
      <trkpt lat="18.801940001384228" lon="98.98015000107466">
        <ele>317.12</ele>
      </trkpt>
      <trkpt lat="18.802220000000002" lon="98.97944000000001">
        <ele>317.86</ele>
      </trkpt>
      <trkpt lat="18.802590000000002" lon="98.97891000000001">
        <ele>318.19</ele>
      </trkpt>
      <trkpt lat="18.802850000000003" lon="98.97835">
        <ele>318.14000000000004</ele>
      </trkpt>
      <trkpt lat="18.80355333338916" lon="98.97843666594412">
        <ele>318.01</ele>
      </trkpt>
      <trkpt lat="18.80425666673833" lon="98.97852333261274">
        <ele>318.27000000000004</ele>
      </trkpt>
      <trkpt lat="18.80496" lon="98.97861">
        <ele>318.25</ele>
      </trkpt>
      <trkpt lat="18.80509" lon="98.97849000000001">
        <ele>318.03000000000003</ele>
      </trkpt>
      <trkpt lat="18.805120000000002" lon="98.97839">
        <ele>318.03000000000003</ele>
      </trkpt>
      <trkpt lat="18.805211675511764" lon="98.97757500220885">
        <ele>318.46000000000004</ele>
      </trkpt>
      <trkpt lat="18.80530334748603" lon="98.97676000352958">
        <ele>319.02000000000004</ele>
      </trkpt>
      <trkpt lat="18.80539501592277" lon="98.97594500396224">
        <ele>319.40000000000003</ele>
      </trkpt>
      <trkpt lat="18.805486680821964" lon="98.97513000350686">
        <ele>320.09000000000003</ele>
      </trkpt>
      <trkpt lat="18.805578342183594" lon="98.97431500216346">
        <ele>320.3</ele>
      </trkpt>
      <trkpt lat="18.805670000000003" lon="98.9735">
        <ele>319.65999999999997</ele>
      </trkpt>
    </trkseg>
  </trk>
</gpx>