<?xml version="1.0" encoding="UTF-8"?>
<gpx xmlns="http://www.topografix.com/GPX/1/1" xmlns:xsi="http://www.w3.org/2001/XMLSchema-instance" xsi:schemaLocation="http://www.topografix.com/GPX/1/1 http://www.topografix.com/GPX/1/1/gpx.xsd" version="1.1" creator="StravaGPX">
  <metadata>
    <name>GFD-120 km. 2025</name>
    <desc>Distance: 122.7 km | Elevation: +778m / -778m</desc>
    <author>
      <name>chavarin parameejae</name>
      <link href="https://www.strava.com/athletes/25609469">
      </link>
    </author>
    <copyright author="OpenStreetMap contributors">
      <year>2020</year>
      <license>https://www.openstreetmap.org/copyright</license>
    </copyright>
    <link href="https://www.strava.com/routes/3408069422300951588">
    </link>
  </metadata>
  <trk>
    <name>GFD-120 km. 2025</name>
    <link href="https://www.strava.com/routes/3408069422300951588">
    </link>
    <type>cycling</type>
    <trkseg>
      <trkpt lat="18.837850000000003" lon="98.96813">
        <ele>324.45</ele>
      </trkpt>
      <trkpt lat="18.83819" lon="98.968">
        <ele>325.09999999999997</ele>
      </trkpt>
      <trkpt lat="18.83796500605927" lon="98.9671299965176">
        <ele>326.66</ele>
      </trkpt>
      <trkpt lat="18.837740008081457" lon="98.96625999536636">
        <ele>327.62</ele>
      </trkpt>
      <trkpt lat="18.837515006066624" lon="98.96538999654625">
        <ele>327.96000000000004</ele>
      </trkpt>
      <trkpt lat="18.837290000000003" lon="98.96452000000001">
        <ele>329.83</ele>
      </trkpt>
      <trkpt lat="18.836433333556826" lon="98.9642999977469">
        <ele>329.67</ele>
      </trkpt>
      <trkpt lat="18.835576666855523" lon="98.96407999773807">
        <ele>328.75000000000006</ele>
      </trkpt>
      <trkpt lat="18.83472" lon="98.96386000000001">
        <ele>327.75000000000006</ele>
      </trkpt>
      <trkpt lat="18.83422500008571" lon="98.96377999977535">
        <ele>327.26000000000005</ele>
      </trkpt>
      <trkpt lat="18.833730000000003" lon="98.9637">
        <ele>326.95</ele>
      </trkpt>
      <trkpt lat="18.832860000107676" lon="98.96356499931002">
        <ele>327.29</ele>
      </trkpt>
      <trkpt lat="18.83199" lon="98.96343">
        <ele>327.8</ele>
      </trkpt>
      <trkpt lat="18.83183" lon="98.96344">
        <ele>327.84000000000003</ele>
      </trkpt>
      <trkpt lat="18.83104000002328" lon="98.96361000081095">
        <ele>328.34000000000003</ele>
      </trkpt>
      <trkpt lat="18.830250000000003" lon="98.96378000000001">
        <ele>328.45</ele>
      </trkpt>
      <trkpt lat="18.83022" lon="98.96364000000001">
        <ele>328.34000000000003</ele>
      </trkpt>
      <trkpt lat="18.830900000000003" lon="98.96350000000001">
        <ele>328.41</ele>
      </trkpt>
      <trkpt lat="18.83165" lon="98.96333000000001">
        <ele>328.72</ele>
      </trkpt>
      <trkpt lat="18.83199" lon="98.9633">
        <ele>328.65000000000003</ele>
      </trkpt>
      <trkpt lat="18.83282666667899" lon="98.96342999869299">
        <ele>327.63000000000005</ele>
      </trkpt>
      <trkpt lat="18.833663333267854" lon="98.96355999868086">
        <ele>327.17</ele>
      </trkpt>
      <trkpt lat="18.834500000000002" lon="98.96369000000001">
        <ele>327.58000000000004</ele>
      </trkpt>
      <trkpt lat="18.83536500056069" lon="98.96389499472117">
        <ele>328.70000000000005</ele>
      </trkpt>
      <trkpt lat="18.836230000897256" lon="98.96409999155374">
        <ele>329.37000000000006</ele>
      </trkpt>
      <trkpt lat="18.8370950010097" lon="98.96430499049782">
        <ele>329.72</ele>
      </trkpt>
      <trkpt lat="18.837960000898" lon="98.96450999155357">
        <ele>329.58000000000004</ele>
      </trkpt>
      <trkpt lat="18.838825000562153" lon="98.96471499472108">
        <ele>329.72</ele>
      </trkpt>
      <trkpt lat="18.83969" lon="98.96492">
        <ele>329.47</ele>
      </trkpt>
      <trkpt lat="18.84053000003581" lon="98.96509499911504">
        <ele>329.1</ele>
      </trkpt>
      <trkpt lat="18.84137" lon="98.96527">
        <ele>328.94</ele>
      </trkpt>
      <trkpt lat="18.841520000000003" lon="98.96527">
        <ele>328.64000000000004</ele>
      </trkpt>
      <trkpt lat="18.84165" lon="98.96524000000001">
        <ele>328.64000000000004</ele>
      </trkpt>
      <trkpt lat="18.841890000000003" lon="98.9651">
        <ele>328.64000000000004</ele>
      </trkpt>
      <trkpt lat="18.842000000000002" lon="98.96497000000001">
        <ele>328.98</ele>
      </trkpt>
      <trkpt lat="18.842376668375323" lon="98.96440333588254">
        <ele>329.18</ele>
      </trkpt>
      <trkpt lat="18.842753335037596" lon="98.9638366692225">
        <ele>329.20000000000005</ele>
      </trkpt>
      <trkpt lat="18.843130000000002" lon="98.96327000000001">
        <ele>329.17</ele>
      </trkpt>
      <trkpt lat="18.843597504342526" lon="98.96253250617711">
        <ele>328.98</ele>
      </trkpt>
      <trkpt lat="18.84406500578332" lon="98.96179500824691">
        <ele>328.90000000000003</ele>
      </trkpt>
      <trkpt lat="18.844532504322295" lon="98.9610575062093">
        <ele>328.74</ele>
      </trkpt>
      <trkpt lat="18.845000000000002" lon="98.96032000000001">
        <ele>328.84000000000003</ele>
      </trkpt>
      <trkpt lat="18.84513" lon="98.96014000000001">
        <ele>328.84000000000003</ele>
      </trkpt>
      <trkpt lat="18.84521" lon="98.96007">
        <ele>328.88</ele>
      </trkpt>
      <trkpt lat="18.845450000000003" lon="98.95994">
        <ele>328.87000000000006</ele>
      </trkpt>
      <trkpt lat="18.846050000060888" lon="98.95980500047978">
        <ele>328.37000000000006</ele>
      </trkpt>
      <trkpt lat="18.84665" lon="98.95967">
        <ele>328.69000000000005</ele>
      </trkpt>
      <trkpt lat="18.84682" lon="98.95965000000001">
        <ele>328.73</ele>
      </trkpt>
      <trkpt lat="18.84699" lon="98.95966000000001">
        <ele>328.74</ele>
      </trkpt>
      <trkpt lat="18.847260000000002" lon="98.95973000000001">
        <ele>328.71</ele>
      </trkpt>
      <trkpt lat="18.84746" lon="98.95982000000001">
        <ele>328.49</ele>
      </trkpt>
      <trkpt lat="18.84811500031182" lon="98.96019999847445">
        <ele>328.29</ele>
      </trkpt>
      <trkpt lat="18.848770000000002" lon="98.96058000000001">
        <ele>328.74</ele>
      </trkpt>
      <trkpt lat="18.84907" lon="98.96073000000001">
        <ele>328.61</ele>
      </trkpt>
      <trkpt lat="18.84935" lon="98.96085000000001">
        <ele>328.22</ele>
      </trkpt>
      <trkpt lat="18.85014500059491" lon="98.9611174962058">
        <ele>328.14000000000004</ele>
      </trkpt>
      <trkpt lat="18.850940000807952" lon="98.96138499494594">
        <ele>328.15000000000003</ele>
      </trkpt>
      <trkpt lat="18.85173500063912" lon="98.96165249622054">
        <ele>328.28000000000003</ele>
      </trkpt>
      <trkpt lat="18.85253" lon="98.96192">
        <ele>328.36</ele>
      </trkpt>
      <trkpt lat="18.85294" lon="98.96203000000001">
        <ele>328.21</ele>
      </trkpt>
      <trkpt lat="18.85331" lon="98.96208000000001">
        <ele>328.47</ele>
      </trkpt>
      <trkpt lat="18.854037500015693" lon="98.96215749898845">
        <ele>328.64000000000004</ele>
      </trkpt>
      <trkpt lat="18.854764999999322" lon="98.96223499864894">
        <ele>328.62</ele>
      </trkpt>
      <trkpt lat="18.8554924999509" lon="98.96231249898152">
        <ele>328.69000000000005</ele>
      </trkpt>
      <trkpt lat="18.85622" lon="98.96239000000001">
        <ele>328.40000000000003</ele>
      </trkpt>
      <trkpt lat="18.856430000000003" lon="98.96238000000001">
        <ele>328.31000000000006</ele>
      </trkpt>
      <trkpt lat="18.85666" lon="98.96234000000001">
        <ele>328.3</ele>
      </trkpt>
      <trkpt lat="18.85677" lon="98.96230000000001">
        <ele>328.32</ele>
      </trkpt>
      <trkpt lat="18.85755250081243" lon="98.96198250444107">
        <ele>328.54</ele>
      </trkpt>
      <trkpt lat="18.858335001086726" lon="98.96166500592011">
        <ele>328.54</ele>
      </trkpt>
      <trkpt lat="18.85911750082286" lon="98.961347504437">
        <ele>328.48</ele>
      </trkpt>
      <trkpt lat="18.859900000000003" lon="98.96103000000001">
        <ele>328.56</ele>
      </trkpt>
      <trkpt lat="18.86041" lon="98.96085000000001">
        <ele>328.55</ele>
      </trkpt>
      <trkpt lat="18.861173334546343" lon="98.96054834019925">
        <ele>328.51</ele>
      </trkpt>
      <trkpt lat="18.861936668606813" lon="98.9602466776526">
        <ele>328.44</ele>
      </trkpt>
      <trkpt lat="18.862700002181384" lon="98.95994501235991">
        <ele>328.38</ele>
      </trkpt>
      <trkpt lat="18.86346333527004" lon="98.95964334432105">
        <ele>328.35</ele>
      </trkpt>
      <trkpt lat="18.864226667872742" lon="98.95934167353583">
        <ele>328.39</ele>
      </trkpt>
      <trkpt lat="18.864990000000002" lon="98.95904">
        <ele>328.76000000000005</ele>
      </trkpt>
      <trkpt lat="18.865260000000003" lon="98.959">
        <ele>328.76000000000005</ele>
      </trkpt>
      <trkpt lat="18.86558" lon="98.95902000000001">
        <ele>328.73</ele>
      </trkpt>
      <trkpt lat="18.865740000000002" lon="98.95905">
        <ele>328.73</ele>
      </trkpt>
      <trkpt lat="18.86604" lon="98.95918">
        <ele>328.61</ele>
      </trkpt>
      <trkpt lat="18.866380000000003" lon="98.95938000000001">
        <ele>328.61</ele>
      </trkpt>
      <trkpt lat="18.86661" lon="98.95957000000001">
        <ele>328.58000000000004</ele>
      </trkpt>
      <trkpt lat="18.866860000000003" lon="98.9599">
        <ele>328.38</ele>
      </trkpt>
      <trkpt lat="18.867030000000003" lon="98.96025">
        <ele>328.1</ele>
      </trkpt>
      <trkpt lat="18.86709" lon="98.96047000000002">
        <ele>328.1</ele>
      </trkpt>
      <trkpt lat="18.867130000000003" lon="98.96067000000001">
        <ele>327.56</ele>
      </trkpt>
      <trkpt lat="18.867140000000003" lon="98.96092">
        <ele>327.21</ele>
      </trkpt>
      <trkpt lat="18.86712666977974" lon="98.96168333338849">
        <ele>324.68</ele>
      </trkpt>
      <trkpt lat="18.86711333644756" lon="98.9624466666556">
        <ele>323.72</ele>
      </trkpt>
      <trkpt lat="18.8671" lon="98.96321">
        <ele>323.13</ele>
      </trkpt>
      <trkpt lat="18.867160000000002" lon="98.96352">
        <ele>322.64000000000004</ele>
      </trkpt>
      <trkpt lat="18.86726" lon="98.96372000000001">
        <ele>322.13</ele>
      </trkpt>
      <trkpt lat="18.867350000000002" lon="98.9638">
        <ele>322.13</ele>
      </trkpt>
      <trkpt lat="18.86747" lon="98.96385000000001">
        <ele>321.93000000000006</ele>
      </trkpt>
      <trkpt lat="18.86815" lon="98.96381000000001">
        <ele>322.1</ele>
      </trkpt>
      <trkpt lat="18.868704999957107" lon="98.96369000041487">
        <ele>322.18</ele>
      </trkpt>
      <trkpt lat="18.86926" lon="98.96357">
        <ele>322.26000000000005</ele>
      </trkpt>
      <trkpt lat="18.869799999866995" lon="98.9634550004063">
        <ele>322.42</ele>
      </trkpt>
      <trkpt lat="18.870340000000002" lon="98.96334">
        <ele>322.71000000000004</ele>
      </trkpt>
      <trkpt lat="18.8712" lon="98.96319000000001">
        <ele>323.24</ele>
      </trkpt>
      <trkpt lat="18.87144" lon="98.96318000000001">
        <ele>323.24</ele>
      </trkpt>
      <trkpt lat="18.872096666719955" lon="98.96305000102596">
        <ele>323.26000000000005</ele>
      </trkpt>
      <trkpt lat="18.872753333349646" lon="98.96292000103328">
        <ele>323.43000000000006</ele>
      </trkpt>
      <trkpt lat="18.87341" lon="98.96279000000001">
        <ele>323.85</ele>
      </trkpt>
      <trkpt lat="18.874280000014483" lon="98.9626250008676">
        <ele>324.26000000000005</ele>
      </trkpt>
      <trkpt lat="18.87515" lon="98.96246000000001">
        <ele>324.79</ele>
      </trkpt>
      <trkpt lat="18.875736666726986" lon="98.96231666768234">
        <ele>324.94</ele>
      </trkpt>
      <trkpt lat="18.87632333334421" lon="98.96217333436111">
        <ele>325.07</ele>
      </trkpt>
      <trkpt lat="18.876910000000002" lon="98.96203000000001">
        <ele>325.09999999999997</ele>
      </trkpt>
      <trkpt lat="18.877355000042783" lon="98.9618800004042">
        <ele>324.93000000000006</ele>
      </trkpt>
      <trkpt lat="18.8778" lon="98.96173">
        <ele>324.59000000000003</ele>
      </trkpt>
      <trkpt lat="18.87851500028343" lon="98.96134500170355">
        <ele>324.17</ele>
      </trkpt>
      <trkpt lat="18.879230000000003" lon="98.96096000000001">
        <ele>323.64000000000004</ele>
      </trkpt>
      <trkpt lat="18.879940000436772" lon="98.96054500177239">
        <ele>323.75000000000006</ele>
      </trkpt>
      <trkpt lat="18.880650000000003" lon="98.96013">
        <ele>323.98</ele>
      </trkpt>
      <trkpt lat="18.88123750110912" lon="98.95975750392108">
        <ele>324.03000000000003</ele>
      </trkpt>
      <trkpt lat="18.881825001476717" lon="98.95938500522952">
        <ele>324.78000000000003</ele>
      </trkpt>
      <trkpt lat="18.882412501102767" lon="98.95901250392522">
        <ele>325.17</ele>
      </trkpt>
      <trkpt lat="18.883000000000003" lon="98.95864">
        <ele>325.77</ele>
      </trkpt>
      <trkpt lat="18.883692501811005" lon="98.95816500589">
        <ele>326.32</ele>
      </trkpt>
      <trkpt lat="18.88438500241613" lon="98.95769000785249">
        <ele>326.37000000000006</ele>
      </trkpt>
      <trkpt lat="18.88507750181532" lon="98.95721500588726">
        <ele>326.79</ele>
      </trkpt>
      <trkpt lat="18.88577" lon="98.95674000000001">
        <ele>327.59000000000003</ele>
      </trkpt>
      <trkpt lat="18.88629666747823" lon="98.95636000236136">
        <ele>328.19000000000005</ele>
      </trkpt>
      <trkpt lat="18.886823334184587" lon="98.95598000233277">
        <ele>328.5</ele>
      </trkpt>
      <trkpt lat="18.88735" lon="98.9556">
        <ele>329.08000000000004</ele>
      </trkpt>
      <trkpt lat="18.88793" lon="98.9552">
        <ele>329.68</ele>
      </trkpt>
      <trkpt lat="18.888460000000002" lon="98.95493">
        <ele>328.3</ele>
      </trkpt>
      <trkpt lat="18.889180000528203" lon="98.95461666935977">
        <ele>327.3</ele>
      </trkpt>
      <trkpt lat="18.889900000531544" lon="98.95430333602503">
        <ele>327.77</ele>
      </trkpt>
      <trkpt lat="18.890620000000002" lon="98.95399">
        <ele>328.54</ele>
      </trkpt>
      <trkpt lat="18.891430000361627" lon="98.95363000173491">
        <ele>328.57000000000005</ele>
      </trkpt>
      <trkpt lat="18.89224" lon="98.95327">
        <ele>328.29</ele>
      </trkpt>
      <trkpt lat="18.89280000013907" lon="98.95304500075112">
        <ele>327.81000000000006</ele>
      </trkpt>
      <trkpt lat="18.89336" lon="98.95282">
        <ele>326.34000000000003</ele>
      </trkpt>
      <trkpt lat="18.894192500559374" lon="98.95256000387373">
        <ele>322.90000000000003</ele>
      </trkpt>
      <trkpt lat="18.895025000757276" lon="98.95230000516149">
        <ele>321.69</ele>
      </trkpt>
      <trkpt lat="18.895857500593692" lon="98.95204000386317">
        <ele>321.65999999999997</ele>
      </trkpt>
      <trkpt lat="18.896690000000003" lon="98.95178000000001">
        <ele>321.95</ele>
      </trkpt>
      <trkpt lat="18.8975460008419" lon="98.95149800577218">
        <ele>321.72</ele>
      </trkpt>
      <trkpt lat="18.89840200125851" lon="98.95121600865987">
        <ele>321.74</ele>
      </trkpt>
      <trkpt lat="18.899258001249812" lon="98.9509340086629">
        <ele>322.0</ele>
      </trkpt>
      <trkpt lat="18.900114000815783" lon="98.95065200578114">
        <ele>322.5</ele>
      </trkpt>
      <trkpt lat="18.90097" lon="98.95037">
        <ele>323.14000000000004</ele>
      </trkpt>
      <trkpt lat="18.90174400078284" lon="98.9501000049948">
        <ele>323.45</ele>
      </trkpt>
      <trkpt lat="18.902518001175746" lon="98.94983000749181">
        <ele>324.48</ele>
      </trkpt>
      <trkpt lat="18.9032920011787" lon="98.94956000749092">
        <ele>326.08000000000004</ele>
      </trkpt>
      <trkpt lat="18.904066000791676" lon="98.94929000499198">
        <ele>326.71</ele>
      </trkpt>
      <trkpt lat="18.90484" lon="98.94902">
        <ele>327.65000000000003</ele>
      </trkpt>
      <trkpt lat="18.905642500789476" lon="98.94870750449503">
        <ele>328.15000000000003</ele>
      </trkpt>
      <trkpt lat="18.906445001056497" lon="98.94839500599198">
        <ele>328.85</ele>
      </trkpt>
      <trkpt lat="18.907247500801038" lon="98.9480825044907">
        <ele>328.88</ele>
      </trkpt>
      <trkpt lat="18.908050000000003" lon="98.94777">
        <ele>328.51</ele>
      </trkpt>
      <trkpt lat="18.90877500022304" lon="98.94747500128265">
        <ele>328.40000000000003</ele>
      </trkpt>
      <trkpt lat="18.9095" lon="98.94718">
        <ele>328.35</ele>
      </trkpt>
      <trkpt lat="18.910020000163254" lon="98.94695500068752">
        <ele>327.98</ele>
      </trkpt>
      <trkpt lat="18.91054" lon="98.94673">
        <ele>327.97</ele>
      </trkpt>
      <trkpt lat="18.911332500765752" lon="98.94642500432872">
        <ele>327.75000000000006</ele>
      </trkpt>
      <trkpt lat="18.912125001033704" lon="98.94612000576686">
        <ele>327.0</ele>
      </trkpt>
      <trkpt lat="18.912917500803832" lon="98.94581500431424">
        <ele>326.44</ele>
      </trkpt>
      <trkpt lat="18.913710000000002" lon="98.94551000000001">
        <ele>326.59000000000003</ele>
      </trkpt>
      <trkpt lat="18.91432000017039" lon="98.94528500080797">
        <ele>326.74</ele>
      </trkpt>
      <trkpt lat="18.914930000000002" lon="98.94506000000001">
        <ele>326.76000000000005</ele>
      </trkpt>
      <trkpt lat="18.91573" lon="98.94474000000001">
        <ele>326.81000000000006</ele>
      </trkpt>
      <trkpt lat="18.916490000525247" lon="98.94432000187986">
        <ele>325.55</ele>
      </trkpt>
      <trkpt lat="18.917250000000003" lon="98.94390000000001">
        <ele>324.63</ele>
      </trkpt>
      <trkpt lat="18.917660000081217" lon="98.94365500064833">
        <ele>324.24</ele>
      </trkpt>
      <trkpt lat="18.91807" lon="98.94341000000001">
        <ele>324.12</ele>
      </trkpt>
      <trkpt lat="18.91880143205098" lon="98.94294429794355">
        <ele>323.64000000000004</ele>
      </trkpt>
      <trkpt lat="18.919532862940965" lon="98.94247859181182">
        <ele>323.26000000000005</ele>
      </trkpt>
      <trkpt lat="18.9202642926699" lon="98.94201288160457">
        <ele>323.17</ele>
      </trkpt>
      <trkpt lat="18.920995721237723" lon="98.9415471673216">
        <ele>323.20000000000005</ele>
      </trkpt>
      <trkpt lat="18.921727148644386" lon="98.94108144896276">
        <ele>323.48</ele>
      </trkpt>
      <trkpt lat="18.922458574889816" lon="98.94061572652782">
        <ele>323.67</ele>
      </trkpt>
      <trkpt lat="18.92319" lon="98.94015">
        <ele>323.98</ele>
      </trkpt>
      <trkpt lat="18.923780000286254" lon="98.93980000126038">
        <ele>323.81000000000006</ele>
      </trkpt>
      <trkpt lat="18.924370000000003" lon="98.93945000000001">
        <ele>324.67</ele>
      </trkpt>
      <trkpt lat="18.92471" lon="98.93929000000001">
        <ele>324.92</ele>
      </trkpt>
      <trkpt lat="18.92488" lon="98.93925">
        <ele>324.95</ele>
      </trkpt>
      <trkpt lat="18.925060000000002" lon="98.93924000000001">
        <ele>324.95</ele>
      </trkpt>
      <trkpt lat="18.925440000000002" lon="98.93927000000001">
        <ele>324.76000000000005</ele>
      </trkpt>
      <trkpt lat="18.926215000009464" lon="98.93939499941504">
        <ele>324.62</ele>
      </trkpt>
      <trkpt lat="18.92699" lon="98.93952">
        <ele>324.68</ele>
      </trkpt>
      <trkpt lat="18.92733" lon="98.93962">
        <ele>324.82000000000005</ele>
      </trkpt>
      <trkpt lat="18.928030000303707" lon="98.93985666468483">
        <ele>324.79</ele>
      </trkpt>
      <trkpt lat="18.928730000307453" lon="98.94009333135273">
        <ele>324.68</ele>
      </trkpt>
      <trkpt lat="18.92943" lon="98.94033">
        <ele>324.45</ele>
      </trkpt>
      <trkpt lat="18.929730000000003" lon="98.94041000000001">
        <ele>324.43000000000006</ele>
      </trkpt>
      <trkpt lat="18.93009" lon="98.94043">
        <ele>324.56</ele>
      </trkpt>
      <trkpt lat="18.930870000000002" lon="98.94023000000001">
        <ele>324.91</ele>
      </trkpt>
      <trkpt lat="18.931070000000002" lon="98.9402">
        <ele>325.01</ele>
      </trkpt>
      <trkpt lat="18.931820000000002" lon="98.94024">
        <ele>326.70000000000005</ele>
      </trkpt>
      <trkpt lat="18.93241" lon="98.94033">
        <ele>326.75000000000006</ele>
      </trkpt>
      <trkpt lat="18.93267" lon="98.94039000000001">
        <ele>326.70000000000005</ele>
      </trkpt>
      <trkpt lat="18.93297" lon="98.94049000000001">
        <ele>326.3</ele>
      </trkpt>
      <trkpt lat="18.93334" lon="98.94065">
        <ele>326.19000000000005</ele>
      </trkpt>
      <trkpt lat="18.933790000000002" lon="98.94088">
        <ele>326.70000000000005</ele>
      </trkpt>
      <trkpt lat="18.934140000000003" lon="98.94026000000001">
        <ele>328.08000000000004</ele>
      </trkpt>
      <trkpt lat="18.93412" lon="98.94029">
        <ele>328.02000000000004</ele>
      </trkpt>
      <trkpt lat="18.934537504434797" lon="98.9395475055597">
        <ele>329.21</ele>
      </trkpt>
      <trkpt lat="18.934955005916315" lon="98.93880500740732">
        <ele>331.98</ele>
      </trkpt>
      <trkpt lat="18.935372504444462" lon="98.93806250554275">
        <ele>334.08000000000004</ele>
      </trkpt>
      <trkpt lat="18.93579" lon="98.93732000000001">
        <ele>336.43</ele>
      </trkpt>
      <trkpt lat="18.936120001688344" lon="98.93652000164383">
        <ele>332.43</ele>
      </trkpt>
      <trkpt lat="18.93645" lon="98.93572">
        <ele>338.14000000000004</ele>
      </trkpt>
      <trkpt lat="18.936660000761737" lon="98.93517000081886">
        <ele>340.44</ele>
      </trkpt>
      <trkpt lat="18.936870000000003" lon="98.93462000000001">
        <ele>339.43</ele>
      </trkpt>
      <trkpt lat="18.93701" lon="98.93412000000001">
        <ele>336.68</ele>
      </trkpt>
      <trkpt lat="18.93706500071048" lon="98.93360000030235">
        <ele>332.9800000000001</ele>
      </trkpt>
      <trkpt lat="18.93712" lon="98.93308">
        <ele>329.35</ele>
      </trkpt>
      <trkpt lat="18.937150000000003" lon="98.93279000000001">
        <ele>328.29</ele>
      </trkpt>
      <trkpt lat="18.937170000000002" lon="98.93276">
        <ele>328.29</ele>
      </trkpt>
      <trkpt lat="18.93757" lon="98.93257000000001">
        <ele>327.86</ele>
      </trkpt>
      <trkpt lat="18.93785" lon="98.93241">
        <ele>327.53000000000003</ele>
      </trkpt>
      <trkpt lat="18.9382450002815" lon="98.93209000075117">
        <ele>327.15000000000003</ele>
      </trkpt>
      <trkpt lat="18.938640000000003" lon="98.93177000000001">
        <ele>327.58000000000004</ele>
      </trkpt>
      <trkpt lat="18.939040000000002" lon="98.93153000000001">
        <ele>328.57000000000005</ele>
      </trkpt>
      <trkpt lat="18.9394950004058" lon="98.9311000012564">
        <ele>329.59000000000003</ele>
      </trkpt>
      <trkpt lat="18.939950000000003" lon="98.93067">
        <ele>329.36</ele>
      </trkpt>
      <trkpt lat="18.94029500030663" lon="98.9303450006493">
        <ele>329.21</ele>
      </trkpt>
      <trkpt lat="18.940640000000002" lon="98.93002000000001">
        <ele>329.56</ele>
      </trkpt>
      <trkpt lat="18.941110000000002" lon="98.92964">
        <ele>329.32</ele>
      </trkpt>
      <trkpt lat="18.94135" lon="98.92955">
        <ele>329.18</ele>
      </trkpt>
      <trkpt lat="18.941899999914025" lon="98.92939500055301">
        <ele>328.56</ele>
      </trkpt>
      <trkpt lat="18.94245" lon="98.92924000000001">
        <ele>328.44</ele>
      </trkpt>
      <trkpt lat="18.94283" lon="98.92904000000001">
        <ele>328.39</ele>
      </trkpt>
      <trkpt lat="18.943160000000002" lon="98.92877000000001">
        <ele>328.8</ele>
      </trkpt>
      <trkpt lat="18.943730000000002" lon="98.92845000000001">
        <ele>329.21</ele>
      </trkpt>
      <trkpt lat="18.944243333971645" lon="98.92812333530024">
        <ele>329.74</ele>
      </trkpt>
      <trkpt lat="18.944756667371404" lon="98.92779666859133">
        <ele>329.83</ele>
      </trkpt>
      <trkpt lat="18.94527" lon="98.92747000000001">
        <ele>330.08000000000004</ele>
      </trkpt>
      <trkpt lat="18.94579000023107" lon="98.92720500080374">
        <ele>330.16</ele>
      </trkpt>
      <trkpt lat="18.94631" lon="98.92694">
        <ele>330.48</ele>
      </trkpt>
      <trkpt lat="18.947080000000003" lon="98.9265">
        <ele>330.48</ele>
      </trkpt>
      <trkpt lat="18.9477" lon="98.92620000000001">
        <ele>330.46000000000004</ele>
      </trkpt>
      <trkpt lat="18.94846" lon="98.92573">
        <ele>330.94</ele>
      </trkpt>
      <trkpt lat="18.948880000000003" lon="98.92559000000001">
        <ele>330.94</ele>
      </trkpt>
      <trkpt lat="18.94940500003972" lon="98.92541000058245">
        <ele>331.26000000000005</ele>
      </trkpt>
      <trkpt lat="18.949930000000002" lon="98.92523000000001">
        <ele>331.46000000000004</ele>
      </trkpt>
      <trkpt lat="18.950660000000003" lon="98.92501000000001">
        <ele>331.53000000000003</ele>
      </trkpt>
      <trkpt lat="18.95144" lon="98.92487000000001">
        <ele>331.69000000000005</ele>
      </trkpt>
      <trkpt lat="18.95195" lon="98.9248">
        <ele>332.11</ele>
      </trkpt>
      <trkpt lat="18.952370000000002" lon="98.92479">
        <ele>332.19000000000005</ele>
      </trkpt>
      <trkpt lat="18.95248" lon="98.92478000000001">
        <ele>332.17</ele>
      </trkpt>
      <trkpt lat="18.95277" lon="98.92468000000001">
        <ele>332.07000000000005</ele>
      </trkpt>
      <trkpt lat="18.95304" lon="98.92455000000001">
        <ele>331.97</ele>
      </trkpt>
      <trkpt lat="18.953470000000003" lon="98.92429000000001">
        <ele>331.74</ele>
      </trkpt>
      <trkpt lat="18.953920000288676" lon="98.92394000097494">
        <ele>331.65</ele>
      </trkpt>
      <trkpt lat="18.95437" lon="98.92359">
        <ele>331.57000000000005</ele>
      </trkpt>
      <trkpt lat="18.95498000039828" lon="98.9232966688422">
        <ele>331.44</ele>
      </trkpt>
      <trkpt lat="18.9555900003352" lon="98.92300333553924">
        <ele>332.12</ele>
      </trkpt>
      <trkpt lat="18.956200000000003" lon="98.92271000000001">
        <ele>334.04</ele>
      </trkpt>
      <trkpt lat="18.956490000000002" lon="98.92249000000001">
        <ele>334.51000000000005</ele>
      </trkpt>
      <trkpt lat="18.95688" lon="98.92214000000001">
        <ele>334.22</ele>
      </trkpt>
      <trkpt lat="18.957335000247785" lon="98.92177500108343">
        <ele>334.24</ele>
      </trkpt>
      <trkpt lat="18.957790000000003" lon="98.92141000000001">
        <ele>334.51000000000005</ele>
      </trkpt>
      <trkpt lat="18.95796" lon="98.92132000000001">
        <ele>334.86</ele>
      </trkpt>
      <trkpt lat="18.958090000000002" lon="98.92128000000001">
        <ele>334.86</ele>
      </trkpt>
      <trkpt lat="18.95852" lon="98.92128000000001">
        <ele>334.99</ele>
      </trkpt>
      <trkpt lat="18.958750000000002" lon="98.92132000000001">
        <ele>335.08000000000004</ele>
      </trkpt>
      <trkpt lat="18.95897" lon="98.92139">
        <ele>335.08000000000004</ele>
      </trkpt>
      <trkpt lat="18.95955" lon="98.92165000000001">
        <ele>335.20000000000005</ele>
      </trkpt>
      <trkpt lat="18.959880000000002" lon="98.92176">
        <ele>335.16</ele>
      </trkpt>
      <trkpt lat="18.9603" lon="98.9218">
        <ele>335.23</ele>
      </trkpt>
      <trkpt lat="18.96078500003842" lon="98.92180499998585">
        <ele>335.6</ele>
      </trkpt>
      <trkpt lat="18.961270000000003" lon="98.92181000000001">
        <ele>335.31000000000006</ele>
      </trkpt>
      <trkpt lat="18.96142" lon="98.92185">
        <ele>335.31000000000006</ele>
      </trkpt>
      <trkpt lat="18.96169" lon="98.92202">
        <ele>334.89</ele>
      </trkpt>
      <trkpt lat="18.96228" lon="98.92229">
        <ele>334.91</ele>
      </trkpt>
      <trkpt lat="18.962670000000003" lon="98.92239000000001">
        <ele>335.22</ele>
      </trkpt>
      <trkpt lat="18.962940000000003" lon="98.92239000000001">
        <ele>335.27</ele>
      </trkpt>
      <trkpt lat="18.96319" lon="98.9223">
        <ele>335.78000000000003</ele>
      </trkpt>
      <trkpt lat="18.96349" lon="98.92211">
        <ele>337.08000000000004</ele>
      </trkpt>
      <trkpt lat="18.96404" lon="98.92167">
        <ele>340.23</ele>
      </trkpt>
      <trkpt lat="18.964480000000002" lon="98.92146000000001">
        <ele>340.73</ele>
      </trkpt>
      <trkpt lat="18.964930000155135" lon="98.92129000042948">
        <ele>338.4200000000001</ele>
      </trkpt>
      <trkpt lat="18.965380000000003" lon="98.92112">
        <ele>337.25000000000006</ele>
      </trkpt>
      <trkpt lat="18.96571" lon="98.92095">
        <ele>337.25000000000006</ele>
      </trkpt>
      <trkpt lat="18.96609" lon="98.92066000000001">
        <ele>338.21</ele>
      </trkpt>
      <trkpt lat="18.966260000000002" lon="98.92058">
        <ele>338.24</ele>
      </trkpt>
      <trkpt lat="18.966630000000002" lon="98.92044000000001">
        <ele>337.81000000000006</ele>
      </trkpt>
      <trkpt lat="18.96712" lon="98.92033">
        <ele>338.19000000000005</ele>
      </trkpt>
      <trkpt lat="18.967460000000003" lon="98.92028">
        <ele>339.25000000000006</ele>
      </trkpt>
      <trkpt lat="18.96759" lon="98.92031000000001">
        <ele>339.74</ele>
      </trkpt>
      <trkpt lat="18.967830000000003" lon="98.92044000000001">
        <ele>339.93</ele>
      </trkpt>
      <trkpt lat="18.96847" lon="98.92091">
        <ele>339.68</ele>
      </trkpt>
      <trkpt lat="18.9688" lon="98.92111000000001">
        <ele>339.56</ele>
      </trkpt>
      <trkpt lat="18.96918" lon="98.92126">
        <ele>339.58000000000004</ele>
      </trkpt>
      <trkpt lat="18.96946" lon="98.92135">
        <ele>339.69000000000005</ele>
      </trkpt>
      <trkpt lat="18.969610000000003" lon="98.92136">
        <ele>340.18</ele>
      </trkpt>
      <trkpt lat="18.96977" lon="98.92134000000001">
        <ele>341.18</ele>
      </trkpt>
      <trkpt lat="18.96995" lon="98.92124000000001">
        <ele>341.65</ele>
      </trkpt>
      <trkpt lat="18.970560000000003" lon="98.92061000000001">
        <ele>339.90000000000003</ele>
      </trkpt>
      <trkpt lat="18.970950000000002" lon="98.92027">
        <ele>338.88</ele>
      </trkpt>
      <trkpt lat="18.97135" lon="98.92007000000001">
        <ele>338.06</ele>
      </trkpt>
      <trkpt lat="18.97166" lon="98.92002000000001">
        <ele>338.0</ele>
      </trkpt>
      <trkpt lat="18.97185" lon="98.92003000000001">
        <ele>338.35</ele>
      </trkpt>
      <trkpt lat="18.97231" lon="98.9201">
        <ele>338.31000000000006</ele>
      </trkpt>
      <trkpt lat="18.972720000000002" lon="98.92008000000001">
        <ele>337.76</ele>
      </trkpt>
      <trkpt lat="18.973080000000003" lon="98.91999000000001">
        <ele>337.62</ele>
      </trkpt>
      <trkpt lat="18.97359" lon="98.91979">
        <ele>337.72</ele>
      </trkpt>
      <trkpt lat="18.97427" lon="98.91948000000001">
        <ele>338.16</ele>
      </trkpt>
      <trkpt lat="18.974520000000002" lon="98.91933">
        <ele>338.16</ele>
      </trkpt>
      <trkpt lat="18.975" lon="98.91894">
        <ele>338.64000000000004</ele>
      </trkpt>
      <trkpt lat="18.97518" lon="98.91883000000001">
        <ele>338.08000000000004</ele>
      </trkpt>
      <trkpt lat="18.97588" lon="98.91857">
        <ele>336.82</ele>
      </trkpt>
      <trkpt lat="18.97652" lon="98.91816000000001">
        <ele>337.31000000000006</ele>
      </trkpt>
      <trkpt lat="18.976830000000003" lon="98.91806000000001">
        <ele>337.36</ele>
      </trkpt>
      <trkpt lat="18.97746" lon="98.91795">
        <ele>337.13000000000005</ele>
      </trkpt>
      <trkpt lat="18.97772" lon="98.91788000000001">
        <ele>337.13000000000005</ele>
      </trkpt>
      <trkpt lat="18.977990000000002" lon="98.91776">
        <ele>337.08000000000004</ele>
      </trkpt>
      <trkpt lat="18.978240000000003" lon="98.91763">
        <ele>337.08000000000004</ele>
      </trkpt>
      <trkpt lat="18.978450000000002" lon="98.91756000000001">
        <ele>337.08000000000004</ele>
      </trkpt>
      <trkpt lat="18.97866" lon="98.91753000000001">
        <ele>337.08000000000004</ele>
      </trkpt>
      <trkpt lat="18.978990000000003" lon="98.91752000000001">
        <ele>337.19000000000005</ele>
      </trkpt>
      <trkpt lat="18.979210000000002" lon="98.91754">
        <ele>337.31000000000006</ele>
      </trkpt>
      <trkpt lat="18.97941" lon="98.91766000000001">
        <ele>337.31000000000006</ele>
      </trkpt>
      <trkpt lat="18.97971" lon="98.91811000000001">
        <ele>337.66</ele>
      </trkpt>
      <trkpt lat="18.97981" lon="98.91822">
        <ele>337.7</ele>
      </trkpt>
      <trkpt lat="18.980030000000003" lon="98.91839">
        <ele>337.68</ele>
      </trkpt>
      <trkpt lat="18.98035" lon="98.91853">
        <ele>337.51000000000005</ele>
      </trkpt>
      <trkpt lat="18.98055" lon="98.91854000000001">
        <ele>337.43</ele>
      </trkpt>
      <trkpt lat="18.98072" lon="98.91851000000001">
        <ele>337.43</ele>
      </trkpt>
      <trkpt lat="18.98086" lon="98.91842000000001">
        <ele>337.19000000000005</ele>
      </trkpt>
      <trkpt lat="18.98093" lon="98.91835">
        <ele>336.8</ele>
      </trkpt>
      <trkpt lat="18.981060000000003" lon="98.91802000000001">
        <ele>336.14000000000004</ele>
      </trkpt>
      <trkpt lat="18.98121" lon="98.91784000000001">
        <ele>335.86</ele>
      </trkpt>
      <trkpt lat="18.981350000000003" lon="98.91777">
        <ele>335.82</ele>
      </trkpt>
      <trkpt lat="18.98167" lon="98.91765000000001">
        <ele>336.29</ele>
      </trkpt>
      <trkpt lat="18.981820000000003" lon="98.91755">
        <ele>336.73</ele>
      </trkpt>
      <trkpt lat="18.98226" lon="98.91709">
        <ele>338.9200000000001</ele>
      </trkpt>
      <trkpt lat="18.9825" lon="98.91688">
        <ele>339.12</ele>
      </trkpt>
      <trkpt lat="18.982750000000003" lon="98.91672000000001">
        <ele>339.4200000000001</ele>
      </trkpt>
      <trkpt lat="18.982840000000003" lon="98.91663000000001">
        <ele>339.36000000000007</ele>
      </trkpt>
      <trkpt lat="18.98292" lon="98.91645000000001">
        <ele>339.14000000000004</ele>
      </trkpt>
      <trkpt lat="18.982990001558935" lon="98.91568500045238">
        <ele>338.01000000000005</ele>
      </trkpt>
      <trkpt lat="18.983060000000002" lon="98.91492000000001">
        <ele>337.65</ele>
      </trkpt>
      <trkpt lat="18.98308" lon="98.91422000000001">
        <ele>337.99</ele>
      </trkpt>
      <trkpt lat="18.983050000000002" lon="98.91414">
        <ele>338.47</ele>
      </trkpt>
      <trkpt lat="18.98288" lon="98.91398000000001">
        <ele>338.74</ele>
      </trkpt>
      <trkpt lat="18.98269" lon="98.91392">
        <ele>339.26</ele>
      </trkpt>
      <trkpt lat="18.982210000000002" lon="98.91382">
        <ele>339.79</ele>
      </trkpt>
      <trkpt lat="18.982110000000002" lon="98.91377000000001">
        <ele>339.79</ele>
      </trkpt>
      <trkpt lat="18.98195" lon="98.91356">
        <ele>340.2</ele>
      </trkpt>
      <trkpt lat="18.98185" lon="98.91305000000001">
        <ele>340.34000000000003</ele>
      </trkpt>
      <trkpt lat="18.981840000000002" lon="98.91269000000001">
        <ele>340.36000000000007</ele>
      </trkpt>
      <trkpt lat="18.98187" lon="98.91253">
        <ele>340.36000000000007</ele>
      </trkpt>
      <trkpt lat="18.98204" lon="98.91212">
        <ele>339.94</ele>
      </trkpt>
      <trkpt lat="18.98206" lon="98.9119">
        <ele>339.94</ele>
      </trkpt>
      <trkpt lat="18.98196" lon="98.91168">
        <ele>339.67</ele>
      </trkpt>
      <trkpt lat="18.98189" lon="98.91146">
        <ele>339.33000000000004</ele>
      </trkpt>
      <trkpt lat="18.981900000000003" lon="98.91114">
        <ele>338.97</ele>
      </trkpt>
      <trkpt lat="18.981990000000003" lon="98.91085000000001">
        <ele>338.72</ele>
      </trkpt>
      <trkpt lat="18.982175000659943" lon="98.9103400006718">
        <ele>338.85</ele>
      </trkpt>
      <trkpt lat="18.98236" lon="98.90983000000001">
        <ele>339.09</ele>
      </trkpt>
      <trkpt lat="18.98261" lon="98.90934000000001">
        <ele>339.88</ele>
      </trkpt>
      <trkpt lat="18.982875000609862" lon="98.90887000071778">
        <ele>340.0</ele>
      </trkpt>
      <trkpt lat="18.983140000000002" lon="98.90840000000001">
        <ele>340.87</ele>
      </trkpt>
      <trkpt lat="18.98344" lon="98.90809">
        <ele>343.1</ele>
      </trkpt>
      <trkpt lat="18.983590000000003" lon="98.90797">
        <ele>343.67</ele>
      </trkpt>
      <trkpt lat="18.983900000000002" lon="98.90784000000001">
        <ele>345.49</ele>
      </trkpt>
      <trkpt lat="18.984580000134237" lon="98.90770000055483">
        <ele>346.93</ele>
      </trkpt>
      <trkpt lat="18.98526" lon="98.90756">
        <ele>344.61</ele>
      </trkpt>
      <trkpt lat="18.98561" lon="98.90742">
        <ele>343.06</ele>
      </trkpt>
      <trkpt lat="18.9861" lon="98.90713000000001">
        <ele>341.76</ele>
      </trkpt>
      <trkpt lat="18.986230000000003" lon="98.90702">
        <ele>341.61</ele>
      </trkpt>
      <trkpt lat="18.98635" lon="98.90688">
        <ele>341.29</ele>
      </trkpt>
      <trkpt lat="18.98648" lon="98.90670000000001">
        <ele>341.33000000000004</ele>
      </trkpt>
      <trkpt lat="18.98658" lon="98.90647000000001">
        <ele>341.55</ele>
      </trkpt>
      <trkpt lat="18.986710000611236" lon="98.90601000020645">
        <ele>341.40000000000003</ele>
      </trkpt>
      <trkpt lat="18.98684" lon="98.90555">
        <ele>339.81</ele>
      </trkpt>
      <trkpt lat="18.986980000000003" lon="98.90530000000001">
        <ele>339.19000000000005</ele>
      </trkpt>
      <trkpt lat="18.9872" lon="98.90499000000001">
        <ele>339.11</ele>
      </trkpt>
      <trkpt lat="18.987260000000003" lon="98.90483">
        <ele>339.21</ele>
      </trkpt>
      <trkpt lat="18.9873" lon="98.90449000000001">
        <ele>339.65</ele>
      </trkpt>
      <trkpt lat="18.98731" lon="98.90417000000001">
        <ele>339.79</ele>
      </trkpt>
      <trkpt lat="18.987550000000002" lon="98.90339">
        <ele>340.07000000000005</ele>
      </trkpt>
      <trkpt lat="18.98767" lon="98.90317">
        <ele>340.14000000000004</ele>
      </trkpt>
      <trkpt lat="18.987820000000003" lon="98.90295">
        <ele>340.47</ele>
      </trkpt>
      <trkpt lat="18.988300000000002" lon="98.90251">
        <ele>341.18</ele>
      </trkpt>
      <trkpt lat="18.988685000063896" lon="98.9022650006284">
        <ele>341.93</ele>
      </trkpt>
      <trkpt lat="18.98907" lon="98.90202000000001">
        <ele>343.11</ele>
      </trkpt>
      <trkpt lat="18.9892" lon="98.90187">
        <ele>343.85</ele>
      </trkpt>
      <trkpt lat="18.989410000000003" lon="98.90138">
        <ele>346.57000000000005</ele>
      </trkpt>
      <trkpt lat="18.989515000874242" lon="98.90080000052609">
        <ele>349.22</ele>
      </trkpt>
      <trkpt lat="18.989620000000002" lon="98.90022">
        <ele>347.51000000000005</ele>
      </trkpt>
      <trkpt lat="18.98976" lon="98.89972">
        <ele>346.76</ele>
      </trkpt>
      <trkpt lat="18.989810000000002" lon="98.89927">
        <ele>347.41</ele>
      </trkpt>
      <trkpt lat="18.989790000000003" lon="98.89903000000001">
        <ele>348.16</ele>
      </trkpt>
      <trkpt lat="18.98974" lon="98.89889000000001">
        <ele>348.07000000000005</ele>
      </trkpt>
      <trkpt lat="18.98954" lon="98.89851">
        <ele>346.32</ele>
      </trkpt>
      <trkpt lat="18.989430000000002" lon="98.89825">
        <ele>345.96000000000004</ele>
      </trkpt>
      <trkpt lat="18.98939" lon="98.89759000000001">
        <ele>346.12</ele>
      </trkpt>
      <trkpt lat="18.98946" lon="98.89731">
        <ele>345.93</ele>
      </trkpt>
      <trkpt lat="18.989610000000003" lon="98.89705000000001">
        <ele>345.41</ele>
      </trkpt>
      <trkpt lat="18.98984" lon="98.89675000000001">
        <ele>344.72</ele>
      </trkpt>
      <trkpt lat="18.99016500038338" lon="98.8963850006837">
        <ele>344.7</ele>
      </trkpt>
      <trkpt lat="18.99049" lon="98.89602000000001">
        <ele>344.63000000000005</ele>
      </trkpt>
      <trkpt lat="18.991010000000003" lon="98.89535000000001">
        <ele>344.67</ele>
      </trkpt>
      <trkpt lat="18.991200000000003" lon="98.89522000000001">
        <ele>344.73</ele>
      </trkpt>
      <trkpt lat="18.9917" lon="98.89514000000001">
        <ele>343.49</ele>
      </trkpt>
      <trkpt lat="18.99184" lon="98.89505000000001">
        <ele>342.15</ele>
      </trkpt>
      <trkpt lat="18.992040000000003" lon="98.89489">
        <ele>341.52000000000004</ele>
      </trkpt>
      <trkpt lat="18.99219" lon="98.89472">
        <ele>341.44</ele>
      </trkpt>
      <trkpt lat="18.99228" lon="98.89455000000001">
        <ele>341.5</ele>
      </trkpt>
      <trkpt lat="18.99236" lon="98.89434000000001">
        <ele>341.5</ele>
      </trkpt>
      <trkpt lat="18.99236" lon="98.89415000000001">
        <ele>341.42</ele>
      </trkpt>
      <trkpt lat="18.99226" lon="98.89369">
        <ele>341.54</ele>
      </trkpt>
      <trkpt lat="18.99226" lon="98.89345">
        <ele>341.6</ele>
      </trkpt>
      <trkpt lat="18.99231" lon="98.89324">
        <ele>341.63000000000005</ele>
      </trkpt>
      <trkpt lat="18.992440000000002" lon="98.89292">
        <ele>341.66</ele>
      </trkpt>
      <trkpt lat="18.992520000000003" lon="98.89279">
        <ele>341.71</ele>
      </trkpt>
      <trkpt lat="18.992800000000003" lon="98.89250000000001">
        <ele>341.85</ele>
      </trkpt>
      <trkpt lat="18.9933" lon="98.89223000000001">
        <ele>342.01000000000005</ele>
      </trkpt>
      <trkpt lat="18.99352" lon="98.89219000000001">
        <ele>342.15</ele>
      </trkpt>
      <trkpt lat="18.994010000000003" lon="98.89217000000001">
        <ele>342.36000000000007</ele>
      </trkpt>
      <trkpt lat="18.99425" lon="98.89205000000001">
        <ele>342.58000000000004</ele>
      </trkpt>
      <trkpt lat="18.994510000000002" lon="98.89186000000001">
        <ele>342.80000000000007</ele>
      </trkpt>
      <trkpt lat="18.994945000651423" lon="98.89141500104066">
        <ele>343.22</ele>
      </trkpt>
      <trkpt lat="18.99538" lon="98.89097000000001">
        <ele>342.48</ele>
      </trkpt>
      <trkpt lat="18.996096668391047" lon="98.89040667150266">
        <ele>343.09</ele>
      </trkpt>
      <trkpt lat="18.996813335077423" lon="98.88984333815394">
        <ele>343.49</ele>
      </trkpt>
      <trkpt lat="18.99753" lon="98.88928000000001">
        <ele>346.13000000000005</ele>
      </trkpt>
      <trkpt lat="18.99775" lon="98.88915000000001">
        <ele>347.0</ele>
      </trkpt>
      <trkpt lat="18.998250000000002" lon="98.88901000000001">
        <ele>348.49</ele>
      </trkpt>
      <trkpt lat="18.99883" lon="98.88891000000001">
        <ele>348.28000000000003</ele>
      </trkpt>
      <trkpt lat="18.99896" lon="98.88887000000001">
        <ele>348.23</ele>
      </trkpt>
      <trkpt lat="18.99914" lon="98.88868000000001">
        <ele>348.39000000000004</ele>
      </trkpt>
      <trkpt lat="18.999580000029265" lon="98.88847500058102">
        <ele>348.89000000000004</ele>
      </trkpt>
      <trkpt lat="19.000020000000003" lon="98.88827">
        <ele>348.46000000000004</ele>
      </trkpt>
      <trkpt lat="19.000130000000002" lon="98.88825000000001">
        <ele>348.41</ele>
      </trkpt>
      <trkpt lat="19.000400000000003" lon="98.88828000000001">
        <ele>348.32</ele>
      </trkpt>
      <trkpt lat="19.000690000000002" lon="98.88838000000001">
        <ele>347.76</ele>
      </trkpt>
      <trkpt lat="19.00099" lon="98.88845">
        <ele>347.28000000000003</ele>
      </trkpt>
      <trkpt lat="19.001320000000003" lon="98.88845">
        <ele>346.21000000000004</ele>
      </trkpt>
      <trkpt lat="19.001640000000002" lon="98.88838000000001">
        <ele>345.04</ele>
      </trkpt>
      <trkpt lat="19.002000000000002" lon="98.88822">
        <ele>343.54</ele>
      </trkpt>
      <trkpt lat="19.002200000000002" lon="98.88807000000001">
        <ele>343.22</ele>
      </trkpt>
      <trkpt lat="19.00259000038953" lon="98.88770500082603">
        <ele>343.53</ele>
      </trkpt>
      <trkpt lat="19.00298" lon="98.88734000000001">
        <ele>344.43</ele>
      </trkpt>
      <trkpt lat="19.003420000000002" lon="98.88697">
        <ele>345.83000000000004</ele>
      </trkpt>
      <trkpt lat="19.003800000000002" lon="98.88672000000001">
        <ele>345.98</ele>
      </trkpt>
      <trkpt lat="19.00412" lon="98.88655000000001">
        <ele>345.85</ele>
      </trkpt>
      <trkpt lat="19.004850000278193" lon="98.88625000130153">
        <ele>345.64</ele>
      </trkpt>
      <trkpt lat="19.005580000000002" lon="98.88595000000001">
        <ele>345.39000000000004</ele>
      </trkpt>
      <trkpt lat="19.006390000000003" lon="98.88575">
        <ele>345.16</ele>
      </trkpt>
      <trkpt lat="19.006800000000002" lon="98.88555000000001">
        <ele>343.31</ele>
      </trkpt>
      <trkpt lat="19.007080000000002" lon="98.88546000000001">
        <ele>343.25000000000006</ele>
      </trkpt>
      <trkpt lat="19.00738" lon="98.88545">
        <ele>343.34000000000003</ele>
      </trkpt>
      <trkpt lat="19.00818999996924" lon="98.88545666660147">
        <ele>344.02000000000004</ele>
      </trkpt>
      <trkpt lat="19.00899999993824" lon="98.88546333326788">
        <ele>343.89000000000004</ele>
      </trkpt>
      <trkpt lat="19.00981" lon="98.88547000000001">
        <ele>343.83000000000004</ele>
      </trkpt>
      <trkpt lat="19.0102" lon="98.88545">
        <ele>344.73</ele>
      </trkpt>
      <trkpt lat="19.010720000000003" lon="98.88536">
        <ele>346.80000000000007</ele>
      </trkpt>
      <trkpt lat="19.011380000000003" lon="98.88522">
        <ele>347.54</ele>
      </trkpt>
      <trkpt lat="19.0121" lon="98.885">
        <ele>347.58000000000004</ele>
      </trkpt>
      <trkpt lat="19.01252000016952" lon="98.88481000044715">
        <ele>347.52000000000004</ele>
      </trkpt>
      <trkpt lat="19.01294" lon="98.88462000000001">
        <ele>347.52000000000004</ele>
      </trkpt>
      <trkpt lat="19.013520000777817" lon="98.8842433359514">
        <ele>347.80000000000007</ele>
      </trkpt>
      <trkpt lat="19.01410000079291" lon="98.88386666927495">
        <ele>348.2</ele>
      </trkpt>
      <trkpt lat="19.014680000000002" lon="98.88349000000001">
        <ele>348.96000000000004</ele>
      </trkpt>
      <trkpt lat="19.015310000000003" lon="98.88318000000001">
        <ele>349.30000000000007</ele>
      </trkpt>
      <trkpt lat="19.015590000000003" lon="98.88310000000001">
        <ele>349.02000000000004</ele>
      </trkpt>
      <trkpt lat="19.01582" lon="98.88309000000001">
        <ele>348.46000000000004</ele>
      </trkpt>
      <trkpt lat="19.01619" lon="98.88312">
        <ele>347.95000000000005</ele>
      </trkpt>
      <trkpt lat="19.016250000000003" lon="98.88310000000001">
        <ele>347.95000000000005</ele>
      </trkpt>
      <trkpt lat="19.016270000000002" lon="98.88304000000001">
        <ele>347.19000000000005</ele>
      </trkpt>
      <trkpt lat="19.016170001105298" lon="98.8823999996418">
        <ele>346.23</ele>
      </trkpt>
      <trkpt lat="19.016070000000003" lon="98.88176000000001">
        <ele>346.45000000000005</ele>
      </trkpt>
      <trkpt lat="19.016060000000003" lon="98.88127000000001">
        <ele>346.23</ele>
      </trkpt>
      <trkpt lat="19.016090000000002" lon="98.88108000000001">
        <ele>346.21000000000004</ele>
      </trkpt>
      <trkpt lat="19.016370000000002" lon="98.8803">
        <ele>346.5</ele>
      </trkpt>
      <trkpt lat="19.01648" lon="98.88006000000001">
        <ele>346.5</ele>
      </trkpt>
      <trkpt lat="19.01659" lon="98.87976">
        <ele>346.59</ele>
      </trkpt>
      <trkpt lat="19.01677" lon="98.87909">
        <ele>347.29</ele>
      </trkpt>
      <trkpt lat="19.016920000000002" lon="98.87875000000001">
        <ele>347.49</ele>
      </trkpt>
      <trkpt lat="19.01734" lon="98.87800000000001">
        <ele>347.91</ele>
      </trkpt>
      <trkpt lat="19.017650000000003" lon="98.87764000000001">
        <ele>347.96999999999997</ele>
      </trkpt>
      <trkpt lat="19.01772" lon="98.87762000000001">
        <ele>347.96999999999997</ele>
      </trkpt>
      <trkpt lat="19.01808" lon="98.87764000000001">
        <ele>347.34000000000003</ele>
      </trkpt>
      <trkpt lat="19.018240000000002" lon="98.8776">
        <ele>347.34000000000003</ele>
      </trkpt>
      <trkpt lat="19.018430000000002" lon="98.87751000000002">
        <ele>347.23</ele>
      </trkpt>
      <trkpt lat="19.01856" lon="98.87741000000001">
        <ele>347.36</ele>
      </trkpt>
      <trkpt lat="19.01877" lon="98.87719000000001">
        <ele>347.40000000000003</ele>
      </trkpt>
      <trkpt lat="19.019175000378667" lon="98.87682500087091">
        <ele>347.44</ele>
      </trkpt>
      <trkpt lat="19.01958" lon="98.87646000000001">
        <ele>348.0</ele>
      </trkpt>
      <trkpt lat="19.019660000000002" lon="98.87641">
        <ele>348.46000000000004</ele>
      </trkpt>
      <trkpt lat="19.01997" lon="98.87629000000001">
        <ele>349.19000000000005</ele>
      </trkpt>
      <trkpt lat="19.02023" lon="98.87615000000001">
        <ele>350.35</ele>
      </trkpt>
      <trkpt lat="19.020400000000002" lon="98.87609">
        <ele>350.72</ele>
      </trkpt>
      <trkpt lat="19.02089" lon="98.87607000000001">
        <ele>351.66</ele>
      </trkpt>
      <trkpt lat="19.02126" lon="98.87598000000001">
        <ele>352.58</ele>
      </trkpt>
      <trkpt lat="19.02173" lon="98.87575000000001">
        <ele>354.07000000000005</ele>
      </trkpt>
      <trkpt lat="19.02184" lon="98.87567000000001">
        <ele>354.59000000000003</ele>
      </trkpt>
      <trkpt lat="19.022000000000002" lon="98.87551">
        <ele>354.92</ele>
      </trkpt>
      <trkpt lat="19.022190000000002" lon="98.87524">
        <ele>355.3</ele>
      </trkpt>
      <trkpt lat="19.02249" lon="98.8747">
        <ele>355.21000000000004</ele>
      </trkpt>
      <trkpt lat="19.022560000000002" lon="98.87462000000001">
        <ele>354.85</ele>
      </trkpt>
      <trkpt lat="19.022650000000002" lon="98.87455000000001">
        <ele>354.85</ele>
      </trkpt>
      <trkpt lat="19.02278" lon="98.87450000000001">
        <ele>354.44</ele>
      </trkpt>
      <trkpt lat="19.02354" lon="98.87437000000001">
        <ele>354.02</ele>
      </trkpt>
      <trkpt lat="19.024420000000003" lon="98.87429">
        <ele>350.39000000000004</ele>
      </trkpt>
      <trkpt lat="19.02449" lon="98.87431000000001">
        <ele>350.39000000000004</ele>
      </trkpt>
      <trkpt lat="19.02459" lon="98.87438">
        <ele>349.77000000000004</ele>
      </trkpt>
      <trkpt lat="19.02506" lon="98.87500000000001">
        <ele>349.0</ele>
      </trkpt>
      <trkpt lat="19.02543" lon="98.87534000000001">
        <ele>349.29</ele>
      </trkpt>
      <trkpt lat="19.02577" lon="98.87558000000001">
        <ele>349.42</ele>
      </trkpt>
      <trkpt lat="19.026390000000003" lon="98.87569">
        <ele>349.61</ele>
      </trkpt>
      <trkpt lat="19.02689" lon="98.87575000000001">
        <ele>349.74000000000007</ele>
      </trkpt>
      <trkpt lat="19.02702" lon="98.87574000000001">
        <ele>350.07000000000005</ele>
      </trkpt>
      <trkpt lat="19.02728" lon="98.87571000000001">
        <ele>350.62000000000006</ele>
      </trkpt>
      <trkpt lat="19.02748" lon="98.87563">
        <ele>350.80000000000007</ele>
      </trkpt>
      <trkpt lat="19.02785" lon="98.87536000000001">
        <ele>352.02000000000004</ele>
      </trkpt>
      <trkpt lat="19.027990000000003" lon="98.87522000000001">
        <ele>352.02000000000004</ele>
      </trkpt>
      <trkpt lat="19.028235000478116" lon="98.87480000061313">
        <ele>352.99</ele>
      </trkpt>
      <trkpt lat="19.028480000000002" lon="98.87438">
        <ele>353.1</ele>
      </trkpt>
      <trkpt lat="19.02877" lon="98.87399">
        <ele>352.78000000000003</ele>
      </trkpt>
      <trkpt lat="19.028920000000003" lon="98.87384">
        <ele>352.28000000000003</ele>
      </trkpt>
      <trkpt lat="19.02906" lon="98.87375">
        <ele>352.28000000000003</ele>
      </trkpt>
      <trkpt lat="19.029600000000002" lon="98.87362">
        <ele>350.52000000000004</ele>
      </trkpt>
      <trkpt lat="19.02992" lon="98.87357000000002">
        <ele>350.11</ele>
      </trkpt>
      <trkpt lat="19.03001" lon="98.87358">
        <ele>350.11</ele>
      </trkpt>
      <trkpt lat="19.03009" lon="98.87362">
        <ele>349.96000000000004</ele>
      </trkpt>
      <trkpt lat="19.03031" lon="98.8738">
        <ele>349.94</ele>
      </trkpt>
      <trkpt lat="19.0304" lon="98.87383000000001">
        <ele>350.0</ele>
      </trkpt>
      <trkpt lat="19.03067" lon="98.87384">
        <ele>350.21000000000004</ele>
      </trkpt>
      <trkpt lat="19.030990000000003" lon="98.87379000000001">
        <ele>350.46999999999997</ele>
      </trkpt>
      <trkpt lat="19.031100000000002" lon="98.87374000000001">
        <ele>351.26</ele>
      </trkpt>
      <trkpt lat="19.031200000000002" lon="98.87366">
        <ele>351.26</ele>
      </trkpt>
      <trkpt lat="19.031360000000003" lon="98.87341">
        <ele>351.44</ele>
      </trkpt>
      <trkpt lat="19.031570000000002" lon="98.87317">
        <ele>351.75</ele>
      </trkpt>
      <trkpt lat="19.031660000000002" lon="98.87310000000001">
        <ele>351.88</ele>
      </trkpt>
      <trkpt lat="19.032110000000003" lon="98.87293000000001">
        <ele>351.94</ele>
      </trkpt>
      <trkpt lat="19.03244" lon="98.87275000000001">
        <ele>352.26</ele>
      </trkpt>
      <trkpt lat="19.032820000270647" lon="98.87244500068147">
        <ele>352.83000000000004</ele>
      </trkpt>
      <trkpt lat="19.0332" lon="98.87214">
        <ele>353.57000000000005</ele>
      </trkpt>
      <trkpt lat="19.033520000000003" lon="98.87183">
        <ele>354.34000000000003</ele>
      </trkpt>
      <trkpt lat="19.03367" lon="98.87167000000001">
        <ele>354.74000000000007</ele>
      </trkpt>
      <trkpt lat="19.03403" lon="98.87142000000001">
        <ele>355.62000000000006</ele>
      </trkpt>
      <trkpt lat="19.034290000000002" lon="98.87142000000001">
        <ele>355.61</ele>
      </trkpt>
      <trkpt lat="19.03461" lon="98.87145000000001">
        <ele>355.06000000000006</ele>
      </trkpt>
      <trkpt lat="19.03487" lon="98.87151000000001">
        <ele>354.53000000000003</ele>
      </trkpt>
      <trkpt lat="19.035490000053993" lon="98.87176999897567">
        <ele>354.97</ele>
      </trkpt>
      <trkpt lat="19.03611" lon="98.87203000000001">
        <ele>356.08</ele>
      </trkpt>
      <trkpt lat="19.036340000000003" lon="98.87207000000001">
        <ele>356.23</ele>
      </trkpt>
      <trkpt lat="19.0366" lon="98.87204000000001">
        <ele>356.33000000000004</ele>
      </trkpt>
      <trkpt lat="19.036900000000003" lon="98.87191000000001">
        <ele>356.05</ele>
      </trkpt>
      <trkpt lat="19.037300000000002" lon="98.87172000000001">
        <ele>355.6</ele>
      </trkpt>
      <trkpt lat="19.037580000000002" lon="98.87161">
        <ele>356.61</ele>
      </trkpt>
      <trkpt lat="19.03798" lon="98.87154000000001">
        <ele>358.43</ele>
      </trkpt>
      <trkpt lat="19.038140000000002" lon="98.87147">
        <ele>358.65000000000003</ele>
      </trkpt>
      <trkpt lat="19.03870500034258" lon="98.87113000113804">
        <ele>357.49</ele>
      </trkpt>
      <trkpt lat="19.039270000000002" lon="98.87079000000001">
        <ele>355.8</ele>
      </trkpt>
      <trkpt lat="19.03938" lon="98.87067">
        <ele>355.45000000000005</ele>
      </trkpt>
      <trkpt lat="19.039430000000003" lon="98.87054">
        <ele>355.19</ele>
      </trkpt>
      <trkpt lat="19.039450000000002" lon="98.87042000000001">
        <ele>355.19</ele>
      </trkpt>
      <trkpt lat="19.039460000000002" lon="98.87027">
        <ele>355.23</ele>
      </trkpt>
      <trkpt lat="19.03948" lon="98.87016000000001">
        <ele>355.23</ele>
      </trkpt>
      <trkpt lat="19.039610000000003" lon="98.87006000000001">
        <ele>354.82</ele>
      </trkpt>
      <trkpt lat="19.040050000001965" lon="98.86995000029918">
        <ele>354.6</ele>
      </trkpt>
      <trkpt lat="19.040490000000002" lon="98.86984000000001">
        <ele>354.85</ele>
      </trkpt>
      <trkpt lat="19.040760000000002" lon="98.86973">
        <ele>354.85</ele>
      </trkpt>
      <trkpt lat="19.041320000000002" lon="98.86944000000001">
        <ele>355.3</ele>
      </trkpt>
      <trkpt lat="19.04146" lon="98.86939000000001">
        <ele>355.3</ele>
      </trkpt>
      <trkpt lat="19.04156" lon="98.86939000000001">
        <ele>355.35</ele>
      </trkpt>
      <trkpt lat="19.04174" lon="98.86943000000001">
        <ele>355.26</ele>
      </trkpt>
      <trkpt lat="19.041990000000002" lon="98.86944000000001">
        <ele>355.27000000000004</ele>
      </trkpt>
      <trkpt lat="19.042260000000002" lon="98.86937">
        <ele>355.55</ele>
      </trkpt>
      <trkpt lat="19.04241" lon="98.86931000000001">
        <ele>355.91</ele>
      </trkpt>
      <trkpt lat="19.042620000000003" lon="98.86914">
        <ele>356.46000000000004</ele>
      </trkpt>
      <trkpt lat="19.04323" lon="98.86851000000001">
        <ele>357.89000000000004</ele>
      </trkpt>
      <trkpt lat="19.043680000000002" lon="98.86819000000001">
        <ele>357.96000000000004</ele>
      </trkpt>
      <trkpt lat="19.04414999998411" lon="98.86794500078626">
        <ele>358.04</ele>
      </trkpt>
      <trkpt lat="19.044620000000002" lon="98.86770000000001">
        <ele>358.2</ele>
      </trkpt>
      <trkpt lat="19.04484" lon="98.86753">
        <ele>358.24</ele>
      </trkpt>
      <trkpt lat="19.04505" lon="98.86729000000001">
        <ele>359.12000000000006</ele>
      </trkpt>
      <trkpt lat="19.04541" lon="98.86710000000001">
        <ele>359.12000000000006</ele>
      </trkpt>
      <trkpt lat="19.045540000000003" lon="98.86706000000001">
        <ele>359.12000000000006</ele>
      </trkpt>
      <trkpt lat="19.046105000268927" lon="98.86697000026702">
        <ele>359.54</ele>
      </trkpt>
      <trkpt lat="19.046670000000002" lon="98.86688000000001">
        <ele>359.55</ele>
      </trkpt>
      <trkpt lat="19.04697" lon="98.86681000000002">
        <ele>359.61</ele>
      </trkpt>
      <trkpt lat="19.047575000091353" lon="98.86657000090025">
        <ele>360.09000000000003</ele>
      </trkpt>
      <trkpt lat="19.048180000000002" lon="98.86633">
        <ele>360.34000000000003</ele>
      </trkpt>
      <trkpt lat="19.048620000000003" lon="98.86622000000001">
        <ele>360.39000000000004</ele>
      </trkpt>
      <trkpt lat="19.04894" lon="98.86613000000001">
        <ele>360.27000000000004</ele>
      </trkpt>
      <trkpt lat="19.049585000048378" lon="98.86598500056549">
        <ele>360.21000000000004</ele>
      </trkpt>
      <trkpt lat="19.050230000000003" lon="98.86584">
        <ele>360.21000000000004</ele>
      </trkpt>
      <trkpt lat="19.05075" lon="98.86567000000001">
        <ele>360.21000000000004</ele>
      </trkpt>
      <trkpt lat="19.051470000000002" lon="98.86537000000001">
        <ele>360.37</ele>
      </trkpt>
      <trkpt lat="19.05214" lon="98.86493">
        <ele>360.40000000000003</ele>
      </trkpt>
      <trkpt lat="19.05260500028672" lon="98.86458500099204">
        <ele>360.82000000000005</ele>
      </trkpt>
      <trkpt lat="19.05307" lon="98.86424000000001">
        <ele>360.56000000000006</ele>
      </trkpt>
      <trkpt lat="19.05347" lon="98.86387">
        <ele>360.47</ele>
      </trkpt>
      <trkpt lat="19.05377" lon="98.86354000000001">
        <ele>360.6</ele>
      </trkpt>
      <trkpt lat="19.053990000000002" lon="98.86334000000001">
        <ele>360.73</ele>
      </trkpt>
      <trkpt lat="19.0543" lon="98.86312000000001">
        <ele>360.87</ele>
      </trkpt>
      <trkpt lat="19.05495" lon="98.86272000000001">
        <ele>361.97</ele>
      </trkpt>
      <trkpt lat="19.055190000000003" lon="98.86252">
        <ele>363.01000000000005</ele>
      </trkpt>
      <trkpt lat="19.05545" lon="98.86224000000001">
        <ele>364.65000000000003</ele>
      </trkpt>
      <trkpt lat="19.055880000000002" lon="98.86183000000001">
        <ele>368.36</ele>
      </trkpt>
      <trkpt lat="19.05619" lon="98.86162">
        <ele>370.35</ele>
      </trkpt>
      <trkpt lat="19.056800000000003" lon="98.86130000000001">
        <ele>374.16</ele>
      </trkpt>
      <trkpt lat="19.057270000000003" lon="98.86113">
        <ele>376.25</ele>
      </trkpt>
      <trkpt lat="19.057980000181526" lon="98.8609400007908">
        <ele>373.41</ele>
      </trkpt>
      <trkpt lat="19.058690000000002" lon="98.86075000000001">
        <ele>372.16</ele>
      </trkpt>
      <trkpt lat="19.05883" lon="98.86072000000001">
        <ele>371.70000000000005</ele>
      </trkpt>
      <trkpt lat="19.058970000000002" lon="98.86073">
        <ele>371.70000000000005</ele>
      </trkpt>
      <trkpt lat="19.059420000251553" lon="98.86086499969441">
        <ele>371.6</ele>
      </trkpt>
      <trkpt lat="19.05987" lon="98.861">
        <ele>371.82000000000005</ele>
      </trkpt>
      <trkpt lat="19.06042" lon="98.86120000000001">
        <ele>372.51</ele>
      </trkpt>
      <trkpt lat="19.060670000000002" lon="98.86125000000001">
        <ele>372.42</ele>
      </trkpt>
      <trkpt lat="19.06114" lon="98.8614">
        <ele>371.59000000000003</ele>
      </trkpt>
      <trkpt lat="19.061860000238497" lon="98.86165499891518">
        <ele>370.15000000000003</ele>
      </trkpt>
      <trkpt lat="19.06258" lon="98.86191000000001">
        <ele>368.79</ele>
      </trkpt>
      <trkpt lat="19.06278" lon="98.86201000000001">
        <ele>368.26000000000005</ele>
      </trkpt>
      <trkpt lat="19.06305" lon="98.86209000000001">
        <ele>367.75</ele>
      </trkpt>
      <trkpt lat="19.063499999793393" lon="98.86216999974307">
        <ele>367.05</ele>
      </trkpt>
      <trkpt lat="19.063950000000002" lon="98.86225">
        <ele>365.53000000000003</ele>
      </trkpt>
      <trkpt lat="19.06444500008522" lon="98.8623249997867">
        <ele>364.58</ele>
      </trkpt>
      <trkpt lat="19.06494" lon="98.86240000000001">
        <ele>364.34000000000003</ele>
      </trkpt>
      <trkpt lat="19.0651" lon="98.86239">
        <ele>364.36</ele>
      </trkpt>
      <trkpt lat="19.06539" lon="98.86227000000001">
        <ele>364.44000000000005</ele>
      </trkpt>
      <trkpt lat="19.066075000516186" lon="98.86188500152517">
        <ele>364.52</ele>
      </trkpt>
      <trkpt lat="19.066760000000002" lon="98.8615">
        <ele>364.7</ele>
      </trkpt>
      <trkpt lat="19.067330000369015" lon="98.86124333509218">
        <ele>365.21000000000004</ele>
      </trkpt>
      <trkpt lat="19.06790000038303" lon="98.86098666841923">
        <ele>365.50000000000006</ele>
      </trkpt>
      <trkpt lat="19.06847" lon="98.86073">
        <ele>365.95000000000005</ele>
      </trkpt>
      <trkpt lat="19.068915000228007" lon="98.86048000063771">
        <ele>366.69</ele>
      </trkpt>
      <trkpt lat="19.069360000000003" lon="98.86023">
        <ele>366.38000000000005</ele>
      </trkpt>
      <trkpt lat="19.0696" lon="98.86007000000001">
        <ele>366.07</ele>
      </trkpt>
      <trkpt lat="19.06982" lon="98.85989000000001">
        <ele>365.75</ele>
      </trkpt>
      <trkpt lat="19.070240000000002" lon="98.85948">
        <ele>365.83000000000004</ele>
      </trkpt>
      <trkpt lat="19.07045" lon="98.85934">
        <ele>366.29</ele>
      </trkpt>
      <trkpt lat="19.070960000000003" lon="98.85913000000001">
        <ele>369.35</ele>
      </trkpt>
      <trkpt lat="19.071260000000002" lon="98.85896000000001">
        <ele>370.39000000000004</ele>
      </trkpt>
      <trkpt lat="19.07163000021367" lon="98.85865500071147">
        <ele>368.96</ele>
      </trkpt>
      <trkpt lat="19.072000000000003" lon="98.85835">
        <ele>368.07</ele>
      </trkpt>
      <trkpt lat="19.07263000037433" lon="98.85801000125869">
        <ele>368.08</ele>
      </trkpt>
      <trkpt lat="19.07326" lon="98.85767000000001">
        <ele>367.92</ele>
      </trkpt>
      <trkpt lat="19.073873333615005" lon="98.85744333500958">
        <ele>366.93</ele>
      </trkpt>
      <trkpt lat="19.074486666953067" lon="98.85721666834118">
        <ele>366.63</ele>
      </trkpt>
      <trkpt lat="19.075100000000003" lon="98.85699000000001">
        <ele>367.35</ele>
      </trkpt>
      <trkpt lat="19.0758" lon="98.8567">
        <ele>369.50000000000006</ele>
      </trkpt>
      <trkpt lat="19.076500000000003" lon="98.85633000000001">
        <ele>370.43</ele>
      </trkpt>
      <trkpt lat="19.076985000268103" lon="98.85599500100447">
        <ele>371.03000000000003</ele>
      </trkpt>
      <trkpt lat="19.07747" lon="98.85566000000001">
        <ele>373.73</ele>
      </trkpt>
      <trkpt lat="19.077890000095163" lon="98.85545500052858">
        <ele>374.88000000000005</ele>
      </trkpt>
      <trkpt lat="19.078310000000002" lon="98.85525000000001">
        <ele>374.52000000000004</ele>
      </trkpt>
      <trkpt lat="19.07879" lon="98.85504">
        <ele>374.18</ele>
      </trkpt>
      <trkpt lat="19.07907" lon="98.85495">
        <ele>374.36</ele>
      </trkpt>
      <trkpt lat="19.07964" lon="98.85483">
        <ele>374.48</ele>
      </trkpt>
      <trkpt lat="19.080180000000002" lon="98.85488000000001">
        <ele>371.91</ele>
      </trkpt>
      <trkpt lat="19.080440000000003" lon="98.85488000000001">
        <ele>370.61000000000007</ele>
      </trkpt>
      <trkpt lat="19.081100000000003" lon="98.85472000000001">
        <ele>368.91</ele>
      </trkpt>
      <trkpt lat="19.08198" lon="98.85454000000001">
        <ele>369.62</ele>
      </trkpt>
      <trkpt lat="19.08218" lon="98.85444000000001">
        <ele>369.86</ele>
      </trkpt>
      <trkpt lat="19.082250000000002" lon="98.85435000000001">
        <ele>369.86</ele>
      </trkpt>
      <trkpt lat="19.0823" lon="98.85425000000001">
        <ele>369.86</ele>
      </trkpt>
      <trkpt lat="19.082440000000002" lon="98.85372000000001">
        <ele>370.14000000000004</ele>
      </trkpt>
      <trkpt lat="19.08248" lon="98.85364000000001">
        <ele>370.11000000000007</ele>
      </trkpt>
      <trkpt lat="19.08254" lon="98.85360000000001">
        <ele>370.11000000000007</ele>
      </trkpt>
      <trkpt lat="19.082610000000003" lon="98.85357">
        <ele>370.11000000000007</ele>
      </trkpt>
      <trkpt lat="19.0832" lon="98.85346000000001">
        <ele>370.21000000000004</ele>
      </trkpt>
      <trkpt lat="19.083650000000002" lon="98.85334">
        <ele>370.64000000000004</ele>
      </trkpt>
      <trkpt lat="19.08398" lon="98.85322000000001">
        <ele>371.08000000000004</ele>
      </trkpt>
      <trkpt lat="19.084400000000002" lon="98.85303">
        <ele>371.12</ele>
      </trkpt>
      <trkpt lat="19.084985000225053" lon="98.85275000098261">
        <ele>371.65000000000003</ele>
      </trkpt>
      <trkpt lat="19.08557" lon="98.85247000000001">
        <ele>372.8</ele>
      </trkpt>
      <trkpt lat="19.085690000000003" lon="98.85238000000001">
        <ele>372.86</ele>
      </trkpt>
      <trkpt lat="19.08587" lon="98.85210000000001">
        <ele>372.88000000000005</ele>
      </trkpt>
      <trkpt lat="19.08593" lon="98.85196">
        <ele>372.88000000000005</ele>
      </trkpt>
      <trkpt lat="19.08601" lon="98.85188000000001">
        <ele>372.88000000000005</ele>
      </trkpt>
      <trkpt lat="19.086490000430164" lon="98.8514950010916">
        <ele>372.9</ele>
      </trkpt>
      <trkpt lat="19.08697" lon="98.85111">
        <ele>374.32000000000005</ele>
      </trkpt>
      <trkpt lat="19.087320000000002" lon="98.85069000000001">
        <ele>377.55000000000007</ele>
      </trkpt>
      <trkpt lat="19.087490000000003" lon="98.85056">
        <ele>378.79</ele>
      </trkpt>
      <trkpt lat="19.087670000000003" lon="98.85045000000001">
        <ele>380.69</ele>
      </trkpt>
      <trkpt lat="19.087880000000002" lon="98.85035">
        <ele>380.87000000000006</ele>
      </trkpt>
      <trkpt lat="19.08847" lon="98.85002000000001">
        <ele>377.59000000000003</ele>
      </trkpt>
      <trkpt lat="19.08903" lon="98.84948000000001">
        <ele>374.01</ele>
      </trkpt>
      <trkpt lat="19.08921" lon="98.84933000000001">
        <ele>373.69</ele>
      </trkpt>
      <trkpt lat="19.089630000000003" lon="98.84905">
        <ele>374.23</ele>
      </trkpt>
      <trkpt lat="19.08996" lon="98.84891">
        <ele>374.53000000000003</ele>
      </trkpt>
      <trkpt lat="19.09052" lon="98.84873">
        <ele>375.02000000000004</ele>
      </trkpt>
      <trkpt lat="19.09073" lon="98.84862000000001">
        <ele>374.98</ele>
      </trkpt>
      <trkpt lat="19.09117500060959" lon="98.8481450012758">
        <ele>374.4</ele>
      </trkpt>
      <trkpt lat="19.091620000000002" lon="98.84767000000001">
        <ele>374.72</ele>
      </trkpt>
      <trkpt lat="19.09186" lon="98.84738">
        <ele>375.35</ele>
      </trkpt>
      <trkpt lat="19.09204" lon="98.84727000000001">
        <ele>375.39000000000004</ele>
      </trkpt>
      <trkpt lat="19.09216" lon="98.84725">
        <ele>375.38000000000005</ele>
      </trkpt>
      <trkpt lat="19.092760000000002" lon="98.84722000000001">
        <ele>375.34</ele>
      </trkpt>
      <trkpt lat="19.092850000000002" lon="98.84732000000001">
        <ele>375.41</ele>
      </trkpt>
      <trkpt lat="19.09296" lon="98.84758000000001">
        <ele>375.25</ele>
      </trkpt>
      <trkpt lat="19.093030000000002" lon="98.84768000000001">
        <ele>375.25</ele>
      </trkpt>
      <trkpt lat="19.093130000000002" lon="98.84777000000001">
        <ele>374.83000000000004</ele>
      </trkpt>
      <trkpt lat="19.09325" lon="98.84781000000001">
        <ele>374.65000000000003</ele>
      </trkpt>
      <trkpt lat="19.09382" lon="98.84785000000001">
        <ele>374.4</ele>
      </trkpt>
      <trkpt lat="19.094280000353507" lon="98.84770500030943">
        <ele>374.45</ele>
      </trkpt>
      <trkpt lat="19.09474" lon="98.84756">
        <ele>374.34</ele>
      </trkpt>
      <trkpt lat="19.095100000000002" lon="98.84733000000001">
        <ele>373.56</ele>
      </trkpt>
      <trkpt lat="19.095460000000003" lon="98.84699">
        <ele>372.75</ele>
      </trkpt>
      <trkpt lat="19.09559" lon="98.84693000000001">
        <ele>372.83000000000004</ele>
      </trkpt>
      <trkpt lat="19.0957" lon="98.84691000000001">
        <ele>372.89000000000004</ele>
      </trkpt>
      <trkpt lat="19.09581" lon="98.84692000000001">
        <ele>373.26000000000005</ele>
      </trkpt>
      <trkpt lat="19.096" lon="98.84699">
        <ele>374.01</ele>
      </trkpt>
      <trkpt lat="19.09644" lon="98.84743">
        <ele>375.45</ele>
      </trkpt>
      <trkpt lat="19.09615" lon="98.84783">
        <ele>375.36</ele>
      </trkpt>
      <trkpt lat="19.0961" lon="98.84790000000001">
        <ele>375.37</ele>
      </trkpt>
      <trkpt lat="19.09562" lon="98.84857000000001">
        <ele>376.02000000000004</ele>
      </trkpt>
      <trkpt lat="19.095235000900217" lon="98.84915500139583">
        <ele>376.43</ele>
      </trkpt>
      <trkpt lat="19.09485" lon="98.84974000000001">
        <ele>376.99000000000007</ele>
      </trkpt>
      <trkpt lat="19.09478" lon="98.84989">
        <ele>376.97</ele>
      </trkpt>
      <trkpt lat="19.09474" lon="98.85014000000001">
        <ele>376.53000000000003</ele>
      </trkpt>
      <trkpt lat="19.09476" lon="98.85041000000001">
        <ele>376.36</ele>
      </trkpt>
      <trkpt lat="19.094825000689397" lon="98.85090999991883">
        <ele>375.47</ele>
      </trkpt>
      <trkpt lat="19.094890000000003" lon="98.85141">
        <ele>375.99000000000007</ele>
      </trkpt>
      <trkpt lat="19.094890000000003" lon="98.85163000000001">
        <ele>376.78</ele>
      </trkpt>
      <trkpt lat="19.094790001273132" lon="98.85232000049447">
        <ele>377.94000000000005</ele>
      </trkpt>
      <trkpt lat="19.09469" lon="98.85301000000001">
        <ele>378.84</ele>
      </trkpt>
      <trkpt lat="19.094510000000003" lon="98.85384">
        <ele>378.93000000000006</ele>
      </trkpt>
      <trkpt lat="19.094330000000003" lon="98.85449000000001">
        <ele>378.84</ele>
      </trkpt>
      <trkpt lat="19.094060000000002" lon="98.85531">
        <ele>379.20000000000005</ele>
      </trkpt>
      <trkpt lat="19.093885000666813" lon="98.85580000046454">
        <ele>378.44000000000005</ele>
      </trkpt>
      <trkpt lat="19.09371" lon="98.85629">
        <ele>378.25</ele>
      </trkpt>
      <trkpt lat="19.09355" lon="98.85663000000001">
        <ele>378.73</ele>
      </trkpt>
      <trkpt lat="19.093420000000002" lon="98.85684">
        <ele>379.45</ele>
      </trkpt>
      <trkpt lat="19.09324" lon="98.85704000000001">
        <ele>380.24</ele>
      </trkpt>
      <trkpt lat="19.093030000000002" lon="98.85723">
        <ele>381.05000000000007</ele>
      </trkpt>
      <trkpt lat="19.09278" lon="98.8575">
        <ele>383.59000000000003</ele>
      </trkpt>
      <trkpt lat="19.09269" lon="98.85763000000001">
        <ele>384.54</ele>
      </trkpt>
      <trkpt lat="19.09258" lon="98.85793000000001">
        <ele>385.34000000000003</ele>
      </trkpt>
      <trkpt lat="19.092550000000003" lon="98.85816000000001">
        <ele>386.0</ele>
      </trkpt>
      <trkpt lat="19.092525002110758" lon="98.85904500020196">
        <ele>384.5</ele>
      </trkpt>
      <trkpt lat="19.0925" lon="98.85993">
        <ele>384.6</ele>
      </trkpt>
      <trkpt lat="19.09247000160042" lon="98.86070000011081">
        <ele>386.73</ele>
      </trkpt>
      <trkpt lat="19.09244" lon="98.86147000000001">
        <ele>388.82000000000005</ele>
      </trkpt>
      <trkpt lat="19.09241" lon="98.86169000000001">
        <ele>390.52000000000004</ele>
      </trkpt>
      <trkpt lat="19.09234" lon="98.86194">
        <ele>391.46000000000004</ele>
      </trkpt>
      <trkpt lat="19.09224" lon="98.86210000000001">
        <ele>393.11</ele>
      </trkpt>
      <trkpt lat="19.09195" lon="98.86247">
        <ele>395.93000000000006</ele>
      </trkpt>
      <trkpt lat="19.09168" lon="98.86289000000001">
        <ele>398.54</ele>
      </trkpt>
      <trkpt lat="19.091340001378846" lon="98.86358500127209">
        <ele>401.73</ele>
      </trkpt>
      <trkpt lat="19.091" lon="98.86428000000001">
        <ele>401.02000000000004</ele>
      </trkpt>
      <trkpt lat="19.09083" lon="98.8645">
        <ele>399.75000000000006</ele>
      </trkpt>
      <trkpt lat="19.09065" lon="98.86467">
        <ele>398.38</ele>
      </trkpt>
      <trkpt lat="19.090100000000003" lon="98.86501000000001">
        <ele>395.24</ele>
      </trkpt>
      <trkpt lat="19.08999" lon="98.86511">
        <ele>395.24</ele>
      </trkpt>
      <trkpt lat="19.0899" lon="98.8653">
        <ele>392.87000000000006</ele>
      </trkpt>
      <trkpt lat="19.089910000000003" lon="98.86546000000001">
        <ele>391.45</ele>
      </trkpt>
      <trkpt lat="19.08996" lon="98.86565">
        <ele>390.66</ele>
      </trkpt>
      <trkpt lat="19.09018" lon="98.86603000000001">
        <ele>389.11</ele>
      </trkpt>
      <trkpt lat="19.090630001250553" lon="98.86670499819765">
        <ele>390.92</ele>
      </trkpt>
      <trkpt lat="19.09108" lon="98.86738000000001">
        <ele>397.89</ele>
      </trkpt>
      <trkpt lat="19.09142000050343" lon="98.86785999884752">
        <ele>400.72</ele>
      </trkpt>
      <trkpt lat="19.09176" lon="98.86834">
        <ele>403.79</ele>
      </trkpt>
      <trkpt lat="19.09218000059577" lon="98.86883999863782">
        <ele>405.58000000000004</ele>
      </trkpt>
      <trkpt lat="19.0926" lon="98.86934000000001">
        <ele>407.36000000000007</ele>
      </trkpt>
      <trkpt lat="19.093030000000002" lon="98.86981">
        <ele>409.1</ele>
      </trkpt>
      <trkpt lat="19.09335" lon="98.87023">
        <ele>411.03</ele>
      </trkpt>
      <trkpt lat="19.09365" lon="98.87068000000001">
        <ele>414.26</ele>
      </trkpt>
      <trkpt lat="19.0940333358515" lon="98.87136333016615">
        <ele>417.51000000000005</ele>
      </trkpt>
      <trkpt lat="19.094416669183744" lon="98.87204666349747">
        <ele>416.48</ele>
      </trkpt>
      <trkpt lat="19.094800000000003" lon="98.87273">
        <ele>415.58000000000004</ele>
      </trkpt>
      <trkpt lat="19.09488" lon="98.87311000000001">
        <ele>415.75</ele>
      </trkpt>
      <trkpt lat="19.09488" lon="98.87353">
        <ele>416.75</ele>
      </trkpt>
      <trkpt lat="19.094775001789362" lon="98.87434500053655">
        <ele>417.41</ele>
      </trkpt>
      <trkpt lat="19.09467" lon="98.87516000000001">
        <ele>415.30000000000007</ele>
      </trkpt>
      <trkpt lat="19.09468" lon="98.87586">
        <ele>413.29</ele>
      </trkpt>
      <trkpt lat="19.094630000000002" lon="98.87657000000002">
        <ele>411.1</ele>
      </trkpt>
      <trkpt lat="19.094540000000002" lon="98.87686000000001">
        <ele>409.95000000000005</ele>
      </trkpt>
      <trkpt lat="19.09417000099578" lon="98.87750000161951">
        <ele>406.1</ele>
      </trkpt>
      <trkpt lat="19.0938" lon="98.87814">
        <ele>401.07000000000005</ele>
      </trkpt>
      <trkpt lat="19.09373" lon="98.87836000000001">
        <ele>398.28000000000003</ele>
      </trkpt>
      <trkpt lat="19.093676669757347" lon="98.87911666712962">
        <ele>396.15000000000003</ele>
      </trkpt>
      <trkpt lat="19.093623336425754" lon="98.87987333377163">
        <ele>396.35</ele>
      </trkpt>
      <trkpt lat="19.093570000000003" lon="98.88063000000001">
        <ele>397.66</ele>
      </trkpt>
      <trkpt lat="19.093510000000002" lon="98.88108000000001">
        <ele>399.84000000000003</ele>
      </trkpt>
      <trkpt lat="19.09335" lon="98.88175000000001">
        <ele>401.62</ele>
      </trkpt>
      <trkpt lat="19.09333" lon="98.88207000000001">
        <ele>401.70000000000005</ele>
      </trkpt>
      <trkpt lat="19.09338" lon="98.88246000000001">
        <ele>401.64000000000004</ele>
      </trkpt>
      <trkpt lat="19.093480000000003" lon="98.88301000000001">
        <ele>401.21</ele>
      </trkpt>
      <trkpt lat="19.093480000000003" lon="98.88343">
        <ele>401.02000000000004</ele>
      </trkpt>
      <trkpt lat="19.093400000000003" lon="98.88381000000001">
        <ele>400.12</ele>
      </trkpt>
      <trkpt lat="19.093230000000002" lon="98.88416000000001">
        <ele>398.68</ele>
      </trkpt>
      <trkpt lat="19.09281" lon="98.88467000000001">
        <ele>397.56</ele>
      </trkpt>
      <trkpt lat="19.092220000899996" lon="98.88523500197653">
        <ele>397.72</ele>
      </trkpt>
      <trkpt lat="19.091630000000002" lon="98.8858">
        <ele>399.12</ele>
      </trkpt>
      <trkpt lat="19.0911" lon="98.88638">
        <ele>398.17</ele>
      </trkpt>
      <trkpt lat="19.090860000000003" lon="98.88669">
        <ele>396.55</ele>
      </trkpt>
      <trkpt lat="19.09047333542962" lon="98.88731333624453">
        <ele>394.88</ele>
      </trkpt>
      <trkpt lat="19.090086668763288" lon="98.88793666957727">
        <ele>392.33</ele>
      </trkpt>
      <trkpt lat="19.0897" lon="98.88856000000001">
        <ele>388.59000000000003</ele>
      </trkpt>
      <trkpt lat="19.089360000000003" lon="98.88891000000001">
        <ele>385.61</ele>
      </trkpt>
      <trkpt lat="19.08868" lon="98.88944000000001">
        <ele>380.82000000000005</ele>
      </trkpt>
      <trkpt lat="19.0884" lon="98.88982000000001">
        <ele>379.31</ele>
      </trkpt>
      <trkpt lat="19.08821" lon="98.89026000000001">
        <ele>379.01</ele>
      </trkpt>
      <trkpt lat="19.08812" lon="98.89070000000001">
        <ele>379.31</ele>
      </trkpt>
      <trkpt lat="19.08809" lon="98.89119000000001">
        <ele>380.15000000000003</ele>
      </trkpt>
      <trkpt lat="19.088040000000003" lon="98.89146000000001">
        <ele>380.31</ele>
      </trkpt>
      <trkpt lat="19.087950000000003" lon="98.89170000000001">
        <ele>380.36</ele>
      </trkpt>
      <trkpt lat="19.087645000888788" lon="98.89228500114311">
        <ele>380.41</ele>
      </trkpt>
      <trkpt lat="19.08734" lon="98.89287">
        <ele>380.68</ele>
      </trkpt>
      <trkpt lat="19.087100000000003" lon="98.89348000000001">
        <ele>380.94000000000005</ele>
      </trkpt>
      <trkpt lat="19.0869066690492" lon="98.89414666827372">
        <ele>380.14000000000004</ele>
      </trkpt>
      <trkpt lat="19.08671333570128" lon="98.89481333499066">
        <ele>379.26000000000005</ele>
      </trkpt>
      <trkpt lat="19.08652" lon="98.89548">
        <ele>378.77000000000004</ele>
      </trkpt>
      <trkpt lat="19.08642" lon="98.89593">
        <ele>378.34</ele>
      </trkpt>
      <trkpt lat="19.0864" lon="98.89624">
        <ele>377.59000000000003</ele>
      </trkpt>
      <trkpt lat="19.08642" lon="98.89644000000001">
        <ele>377.11000000000007</ele>
      </trkpt>
      <trkpt lat="19.086530000000003" lon="98.89681">
        <ele>377.11000000000007</ele>
      </trkpt>
      <trkpt lat="19.08689000192239" lon="98.89765499815545">
        <ele>373.95</ele>
      </trkpt>
      <trkpt lat="19.08725" lon="98.89850000000001">
        <ele>371.28000000000003</ele>
      </trkpt>
      <trkpt lat="19.087380000000003" lon="98.89885000000001">
        <ele>370.22</ele>
      </trkpt>
      <trkpt lat="19.08743" lon="98.89909">
        <ele>369.29</ele>
      </trkpt>
      <trkpt lat="19.08744" lon="98.89932">
        <ele>368.59000000000003</ele>
      </trkpt>
      <trkpt lat="19.08743" lon="98.89968">
        <ele>368.19</ele>
      </trkpt>
      <trkpt lat="19.087400000000002" lon="98.89989000000001">
        <ele>368.19</ele>
      </trkpt>
      <trkpt lat="19.08727" lon="98.90043000000001">
        <ele>365.97</ele>
      </trkpt>
      <trkpt lat="19.087290000000003" lon="98.90068000000001">
        <ele>365.96</ele>
      </trkpt>
      <trkpt lat="19.08752" lon="98.90145000000001">
        <ele>365.26000000000005</ele>
      </trkpt>
      <trkpt lat="19.087590000000002" lon="98.90164000000001">
        <ele>365.53000000000003</ele>
      </trkpt>
      <trkpt lat="19.087670000000003" lon="98.90179">
        <ele>365.62000000000006</ele>
      </trkpt>
      <trkpt lat="19.087790000000002" lon="98.90197">
        <ele>366.14</ele>
      </trkpt>
      <trkpt lat="19.087970000000002" lon="98.90216000000001">
        <ele>366.74</ele>
      </trkpt>
      <trkpt lat="19.088070000000002" lon="98.90235000000001">
        <ele>367.89000000000004</ele>
      </trkpt>
      <trkpt lat="19.0881" lon="98.90252000000001">
        <ele>368.51</ele>
      </trkpt>
      <trkpt lat="19.08798" lon="98.90297000000001">
        <ele>370.77000000000004</ele>
      </trkpt>
      <trkpt lat="19.087780000000002" lon="98.90342000000001">
        <ele>372.48</ele>
      </trkpt>
      <trkpt lat="19.087760000000003" lon="98.90357">
        <ele>373.02000000000004</ele>
      </trkpt>
      <trkpt lat="19.087525000662584" lon="98.90406000066403">
        <ele>374.81</ele>
      </trkpt>
      <trkpt lat="19.087290000000003" lon="98.90455000000001">
        <ele>378.29</ele>
      </trkpt>
      <trkpt lat="19.087500000000002" lon="98.90453000000001">
        <ele>379.37</ele>
      </trkpt>
      <trkpt lat="19.08797500002504" lon="98.90435000054002">
        <ele>381.05000000000007</ele>
      </trkpt>
      <trkpt lat="19.08845" lon="98.90417000000001">
        <ele>381.62</ele>
      </trkpt>
      <trkpt lat="19.088920000212916" lon="98.90396500053855">
        <ele>382.15000000000003</ele>
      </trkpt>
      <trkpt lat="19.08939" lon="98.90376">
        <ele>382.45</ele>
      </trkpt>
      <trkpt lat="19.09009" lon="98.90355000000001">
        <ele>379.21000000000004</ele>
      </trkpt>
      <trkpt lat="19.090300000000003" lon="98.90356000000001">
        <ele>377.29</ele>
      </trkpt>
      <trkpt lat="19.090480000000003" lon="98.90362">
        <ele>375.79</ele>
      </trkpt>
      <trkpt lat="19.090760000000003" lon="98.90375">
        <ele>375.05000000000007</ele>
      </trkpt>
      <trkpt lat="19.090870000000002" lon="98.90374000000001">
        <ele>374.95</ele>
      </trkpt>
      <trkpt lat="19.090970000000002" lon="98.90364000000001">
        <ele>375.03000000000003</ele>
      </trkpt>
      <trkpt lat="19.09109" lon="98.90333000000001">
        <ele>375.81</ele>
      </trkpt>
      <trkpt lat="19.09117" lon="98.90319000000001">
        <ele>375.94000000000005</ele>
      </trkpt>
      <trkpt lat="19.09137" lon="98.90297000000001">
        <ele>375.3</ele>
      </trkpt>
      <trkpt lat="19.091910000000002" lon="98.90256000000001">
        <ele>374.82000000000005</ele>
      </trkpt>
      <trkpt lat="19.0925" lon="98.90215">
        <ele>374.93</ele>
      </trkpt>
      <trkpt lat="19.092930000000003" lon="98.90192">
        <ele>375.24</ele>
      </trkpt>
      <trkpt lat="19.09325" lon="98.90182000000001">
        <ele>375.38000000000005</ele>
      </trkpt>
      <trkpt lat="19.09373" lon="98.90177000000001">
        <ele>375.6</ele>
      </trkpt>
      <trkpt lat="19.09381" lon="98.90174">
        <ele>375.52000000000004</ele>
      </trkpt>
      <trkpt lat="19.09431" lon="98.90145000000001">
        <ele>376.62</ele>
      </trkpt>
      <trkpt lat="19.0946" lon="98.90139">
        <ele>377.35</ele>
      </trkpt>
      <trkpt lat="19.095266666728467" lon="98.90131000064125">
        <ele>376.79</ele>
      </trkpt>
      <trkpt lat="19.095933333422405" lon="98.90123000063798">
        <ele>375.47</ele>
      </trkpt>
      <trkpt lat="19.096600000000002" lon="98.90115">
        <ele>377.32000000000005</ele>
      </trkpt>
      <trkpt lat="19.097" lon="98.90105000000001">
        <ele>377.98</ele>
      </trkpt>
      <trkpt lat="19.097430000000003" lon="98.90086000000001">
        <ele>377.8</ele>
      </trkpt>
      <trkpt lat="19.09807" lon="98.90046000000001">
        <ele>378.51</ele>
      </trkpt>
      <trkpt lat="19.09831" lon="98.90027">
        <ele>379.01</ele>
      </trkpt>
      <trkpt lat="19.09854" lon="98.90016000000001">
        <ele>379.54</ele>
      </trkpt>
      <trkpt lat="19.09879" lon="98.90011000000001">
        <ele>381.09000000000003</ele>
      </trkpt>
      <trkpt lat="19.099264999799125" lon="98.90007000013212">
        <ele>385.07</ele>
      </trkpt>
      <trkpt lat="19.09974" lon="98.90003">
        <ele>385.11</ele>
      </trkpt>
      <trkpt lat="19.10021" lon="98.89996000000001">
        <ele>384.02000000000004</ele>
      </trkpt>
      <trkpt lat="19.10084" lon="98.8999">
        <ele>383.61</ele>
      </trkpt>
      <trkpt lat="19.1015" lon="98.89980000000001">
        <ele>383.45</ele>
      </trkpt>
      <trkpt lat="19.101760000000002" lon="98.89972">
        <ele>383.01</ele>
      </trkpt>
      <trkpt lat="19.102490000258676" lon="98.89935500166101">
        <ele>385.23</ele>
      </trkpt>
      <trkpt lat="19.10322" lon="98.89899000000001">
        <ele>385.64000000000004</ele>
      </trkpt>
      <trkpt lat="19.1036" lon="98.89887">
        <ele>385.71000000000004</ele>
      </trkpt>
      <trkpt lat="19.103730000000002" lon="98.89886000000001">
        <ele>385.67</ele>
      </trkpt>
      <trkpt lat="19.10431" lon="98.89892">
        <ele>386.06</ele>
      </trkpt>
      <trkpt lat="19.10442" lon="98.89889000000001">
        <ele>386.28000000000003</ele>
      </trkpt>
      <trkpt lat="19.10472" lon="98.89873000000001">
        <ele>387.11</ele>
      </trkpt>
      <trkpt lat="19.10482" lon="98.8987">
        <ele>387.20000000000005</ele>
      </trkpt>
      <trkpt lat="19.10511" lon="98.89868000000001">
        <ele>387.24</ele>
      </trkpt>
      <trkpt lat="19.105500000000003" lon="98.89873000000001">
        <ele>387.08000000000004</ele>
      </trkpt>
      <trkpt lat="19.10603" lon="98.89888">
        <ele>387.02000000000004</ele>
      </trkpt>
      <trkpt lat="19.106810000000003" lon="98.89897">
        <ele>389.76000000000005</ele>
      </trkpt>
      <trkpt lat="19.10737000009503" lon="98.89899999990341">
        <ele>394.28000000000003</ele>
      </trkpt>
      <trkpt lat="19.107930000000003" lon="98.89903000000001">
        <ele>396.91</ele>
      </trkpt>
      <trkpt lat="19.108" lon="98.89905">
        <ele>396.95</ele>
      </trkpt>
      <trkpt lat="19.10816" lon="98.89920000000001">
        <ele>396.71</ele>
      </trkpt>
      <trkpt lat="19.10827" lon="98.89931000000001">
        <ele>396.33</ele>
      </trkpt>
      <trkpt lat="19.108340000000002" lon="98.89934000000001">
        <ele>395.58000000000004</ele>
      </trkpt>
      <trkpt lat="19.108430000000002" lon="98.89934000000001">
        <ele>395.58000000000004</ele>
      </trkpt>
      <trkpt lat="19.108990000000002" lon="98.89907000000001">
        <ele>394.12</ele>
      </trkpt>
      <trkpt lat="19.109090000000002" lon="98.89893000000001">
        <ele>394.74</ele>
      </trkpt>
      <trkpt lat="19.10914" lon="98.89879">
        <ele>395.23</ele>
      </trkpt>
      <trkpt lat="19.109180000000002" lon="98.89856">
        <ele>396.88</ele>
      </trkpt>
      <trkpt lat="19.109270000000002" lon="98.89837000000001">
        <ele>397.56</ele>
      </trkpt>
      <trkpt lat="19.10957" lon="98.89800000000001">
        <ele>395.83</ele>
      </trkpt>
      <trkpt lat="19.109730000000003" lon="98.89784">
        <ele>393.41</ele>
      </trkpt>
      <trkpt lat="19.110180000000003" lon="98.89745">
        <ele>392.49</ele>
      </trkpt>
      <trkpt lat="19.110290000000003" lon="98.89721">
        <ele>391.89</ele>
      </trkpt>
      <trkpt lat="19.11041" lon="98.89702000000001">
        <ele>391.28000000000003</ele>
      </trkpt>
      <trkpt lat="19.11053" lon="98.89688000000001">
        <ele>390.37000000000006</ele>
      </trkpt>
      <trkpt lat="19.11083" lon="98.89664">
        <ele>387.90000000000003</ele>
      </trkpt>
      <trkpt lat="19.1112" lon="98.89640000000001">
        <ele>385.71000000000004</ele>
      </trkpt>
      <trkpt lat="19.111510000000003" lon="98.89611000000001">
        <ele>385.68</ele>
      </trkpt>
      <trkpt lat="19.11194" lon="98.89590000000001">
        <ele>387.05</ele>
      </trkpt>
      <trkpt lat="19.11261" lon="98.89549000000001">
        <ele>389.02000000000004</ele>
      </trkpt>
      <trkpt lat="19.11307000014041" lon="98.8952600006411">
        <ele>389.6</ele>
      </trkpt>
      <trkpt lat="19.11353" lon="98.89503">
        <ele>389.57</ele>
      </trkpt>
      <trkpt lat="19.11381" lon="98.89498">
        <ele>389.22</ele>
      </trkpt>
      <trkpt lat="19.11435" lon="98.89494">
        <ele>386.99000000000007</ele>
      </trkpt>
      <trkpt lat="19.11482000020299" lon="98.89473000055955">
        <ele>386.19</ele>
      </trkpt>
      <trkpt lat="19.11529" lon="98.89452000000001">
        <ele>387.51</ele>
      </trkpt>
      <trkpt lat="19.11557" lon="98.89446000000001">
        <ele>389.45</ele>
      </trkpt>
      <trkpt lat="19.115840000000002" lon="98.89444">
        <ele>392.05</ele>
      </trkpt>
      <trkpt lat="19.116130000000002" lon="98.89439">
        <ele>394.49</ele>
      </trkpt>
      <trkpt lat="19.11632" lon="98.89433000000001">
        <ele>395.61</ele>
      </trkpt>
      <trkpt lat="19.11701" lon="98.894">
        <ele>394.12</ele>
      </trkpt>
      <trkpt lat="19.117240000000002" lon="98.89382">
        <ele>394.91</ele>
      </trkpt>
      <trkpt lat="19.11736" lon="98.89365000000001">
        <ele>396.36</ele>
      </trkpt>
      <trkpt lat="19.11764" lon="98.89334000000001">
        <ele>400.74</ele>
      </trkpt>
      <trkpt lat="19.11775" lon="98.89326000000001">
        <ele>401.6</ele>
      </trkpt>
      <trkpt lat="19.117910000000002" lon="98.89322000000001">
        <ele>402.05</ele>
      </trkpt>
      <trkpt lat="19.11823" lon="98.89324">
        <ele>402.54</ele>
      </trkpt>
      <trkpt lat="19.11833" lon="98.89322000000001">
        <ele>402.54</ele>
      </trkpt>
      <trkpt lat="19.11842" lon="98.89317000000001">
        <ele>402.64000000000004</ele>
      </trkpt>
      <trkpt lat="19.11853" lon="98.89298000000001">
        <ele>402.96000000000004</ele>
      </trkpt>
      <trkpt lat="19.11867" lon="98.89263000000001">
        <ele>404.17</ele>
      </trkpt>
      <trkpt lat="19.11907" lon="98.89212">
        <ele>405.96000000000004</ele>
      </trkpt>
      <trkpt lat="19.119535001272986" lon="98.8914350019187">
        <ele>403.41</ele>
      </trkpt>
      <trkpt lat="19.12" lon="98.89075000000001">
        <ele>395.74</ele>
      </trkpt>
      <trkpt lat="19.120130000000003" lon="98.89066000000001">
        <ele>394.86</ele>
      </trkpt>
      <trkpt lat="19.120690000000003" lon="98.89054">
        <ele>392.01</ele>
      </trkpt>
      <trkpt lat="19.12094" lon="98.89044000000001">
        <ele>392.03000000000003</ele>
      </trkpt>
      <trkpt lat="19.12121" lon="98.89024">
        <ele>393.20000000000005</ele>
      </trkpt>
      <trkpt lat="19.121710000931543" lon="98.88964500182956">
        <ele>396.36</ele>
      </trkpt>
      <trkpt lat="19.122210000000003" lon="98.88905000000001">
        <ele>400.39000000000004</ele>
      </trkpt>
      <trkpt lat="19.12256" lon="98.88856000000001">
        <ele>403.59000000000003</ele>
      </trkpt>
      <trkpt lat="19.12291" lon="98.88803000000001">
        <ele>405.81000000000006</ele>
      </trkpt>
      <trkpt lat="19.12301" lon="98.88793000000001">
        <ele>406.39000000000004</ele>
      </trkpt>
      <trkpt lat="19.1232" lon="98.88778">
        <ele>406.44</ele>
      </trkpt>
      <trkpt lat="19.12359" lon="98.88751">
        <ele>404.43</ele>
      </trkpt>
      <trkpt lat="19.12376" lon="98.88734000000001">
        <ele>403.78000000000003</ele>
      </trkpt>
      <trkpt lat="19.123900000000003" lon="98.88718000000001">
        <ele>403.64000000000004</ele>
      </trkpt>
      <trkpt lat="19.124190000000002" lon="98.88669">
        <ele>403.86000000000007</ele>
      </trkpt>
      <trkpt lat="19.12462" lon="98.88629">
        <ele>404.35</ele>
      </trkpt>
      <trkpt lat="19.125010000000003" lon="98.88603">
        <ele>405.97</ele>
      </trkpt>
      <trkpt lat="19.12554" lon="98.88545">
        <ele>402.70000000000005</ele>
      </trkpt>
      <trkpt lat="19.12584" lon="98.88520000000001">
        <ele>401.44</ele>
      </trkpt>
      <trkpt lat="19.12609" lon="98.88510000000001">
        <ele>400.97</ele>
      </trkpt>
      <trkpt lat="19.12648" lon="98.88488000000001">
        <ele>401.41</ele>
      </trkpt>
      <trkpt lat="19.127080000000003" lon="98.88429000000001">
        <ele>407.56</ele>
      </trkpt>
      <trkpt lat="19.127750000000002" lon="98.88381000000001">
        <ele>407.95000000000005</ele>
      </trkpt>
      <trkpt lat="19.128200000000003" lon="98.88366">
        <ele>406.2</ele>
      </trkpt>
      <trkpt lat="19.12868000005138" lon="98.88365000002801">
        <ele>405.33000000000004</ele>
      </trkpt>
      <trkpt lat="19.129160000000002" lon="98.88364000000001">
        <ele>405.47</ele>
      </trkpt>
      <trkpt lat="19.12977" lon="98.88349000000001">
        <ele>405.93</ele>
      </trkpt>
      <trkpt lat="19.13052" lon="98.88336000000001">
        <ele>405.11</ele>
      </trkpt>
      <trkpt lat="19.13071" lon="98.88328000000001">
        <ele>404.71</ele>
      </trkpt>
      <trkpt lat="19.13088" lon="98.88313000000001">
        <ele>404.57000000000005</ele>
      </trkpt>
      <trkpt lat="19.13126" lon="98.88247000000001">
        <ele>408.61</ele>
      </trkpt>
      <trkpt lat="19.131580000000003" lon="98.88205">
        <ele>410.87</ele>
      </trkpt>
      <trkpt lat="19.131960000401882" lon="98.88168500079956">
        <ele>412.39000000000004</ele>
      </trkpt>
      <trkpt lat="19.132340000000003" lon="98.88132">
        <ele>413.42</ele>
      </trkpt>
      <trkpt lat="19.132830001143148" lon="98.88086666932669">
        <ele>414.49</ele>
      </trkpt>
      <trkpt lat="19.133320001175623" lon="98.88041333596334">
        <ele>415.28000000000003</ele>
      </trkpt>
      <trkpt lat="19.13381" lon="98.87996000000001">
        <ele>417.54</ele>
      </trkpt>
      <trkpt lat="19.13415" lon="98.87960000000001">
        <ele>418.80000000000007</ele>
      </trkpt>
      <trkpt lat="19.13437" lon="98.87926">
        <ele>419.07000000000005</ele>
      </trkpt>
      <trkpt lat="19.134510000000002" lon="98.87881">
        <ele>415.81</ele>
      </trkpt>
      <trkpt lat="19.134680000000003" lon="98.87803000000001">
        <ele>407.22</ele>
      </trkpt>
      <trkpt lat="19.134680000000003" lon="98.87768000000001">
        <ele>405.05</ele>
      </trkpt>
      <trkpt lat="19.13462" lon="98.87708">
        <ele>405.08000000000004</ele>
      </trkpt>
      <trkpt lat="19.134500000000003" lon="98.87654">
        <ele>405.65</ele>
      </trkpt>
      <trkpt lat="19.134410000000003" lon="98.87630000000001">
        <ele>406.66</ele>
      </trkpt>
      <trkpt lat="19.13436" lon="98.87596">
        <ele>407.01000000000005</ele>
      </trkpt>
      <trkpt lat="19.13438" lon="98.87584000000001">
        <ele>407.24000000000007</ele>
      </trkpt>
      <trkpt lat="19.13455" lon="98.87557000000001">
        <ele>407.81</ele>
      </trkpt>
      <trkpt lat="19.134710000000002" lon="98.87526000000001">
        <ele>408.81</ele>
      </trkpt>
      <trkpt lat="19.13511" lon="98.87457">
        <ele>409.75000000000006</ele>
      </trkpt>
      <trkpt lat="19.135250000000003" lon="98.87424000000001">
        <ele>409.14000000000004</ele>
      </trkpt>
      <trkpt lat="19.13531" lon="98.87393">
        <ele>409.0</ele>
      </trkpt>
      <trkpt lat="19.13538" lon="98.87345">
        <ele>409.0</ele>
      </trkpt>
      <trkpt lat="19.1356" lon="98.87294000000001">
        <ele>409.52000000000004</ele>
      </trkpt>
      <trkpt lat="19.13578" lon="98.87245000000001">
        <ele>411.14000000000004</ele>
      </trkpt>
      <trkpt lat="19.13595" lon="98.87181000000001">
        <ele>412.67</ele>
      </trkpt>
      <trkpt lat="19.13604" lon="98.87139">
        <ele>414.04</ele>
      </trkpt>
      <trkpt lat="19.136110000000002" lon="98.87121">
        <ele>415.5</ele>
      </trkpt>
      <trkpt lat="19.136290000000002" lon="98.87094">
        <ele>416.15000000000003</ele>
      </trkpt>
      <trkpt lat="19.136715000617738" lon="98.8705100009874">
        <ele>416.26</ele>
      </trkpt>
      <trkpt lat="19.137140000000002" lon="98.87008">
        <ele>416.26</ele>
      </trkpt>
      <trkpt lat="19.13753000039402" lon="98.86976000065965">
        <ele>417.28000000000003</ele>
      </trkpt>
      <trkpt lat="19.13792" lon="98.86944000000001">
        <ele>418.90000000000003</ele>
      </trkpt>
      <trkpt lat="19.138460000000002" lon="98.86902">
        <ele>420.6</ele>
      </trkpt>
      <trkpt lat="19.138990000000003" lon="98.86866">
        <ele>421.47</ele>
      </trkpt>
      <trkpt lat="19.139464999837077" lon="98.86851500048431">
        <ele>422.34000000000003</ele>
      </trkpt>
      <trkpt lat="19.139940000000003" lon="98.86837000000001">
        <ele>423.07000000000005</ele>
      </trkpt>
      <trkpt lat="19.140420000000002" lon="98.86816">
        <ele>424.21000000000004</ele>
      </trkpt>
      <trkpt lat="19.14100666741041" lon="98.86779000262763">
        <ele>423.99</ele>
      </trkpt>
      <trkpt lat="19.14159333408068" lon="98.86742000262541">
        <ele>424.23</ele>
      </trkpt>
      <trkpt lat="19.142180000000003" lon="98.86705">
        <ele>424.89000000000004</ele>
      </trkpt>
      <trkpt lat="19.14269" lon="98.86653000000001">
        <ele>426.07000000000005</ele>
      </trkpt>
      <trkpt lat="19.143103334870045" lon="98.86599666933944">
        <ele>426.59000000000003</ele>
      </trkpt>
      <trkpt lat="19.143516668202125" lon="98.86546333600776">
        <ele>427.18000000000006</ele>
      </trkpt>
      <trkpt lat="19.14393" lon="98.86493">
        <ele>428.8</ele>
      </trkpt>
      <trkpt lat="19.144425000625844" lon="98.86445000143677">
        <ele>430.35</ele>
      </trkpt>
      <trkpt lat="19.144920000000003" lon="98.86397000000001">
        <ele>430.82000000000005</ele>
      </trkpt>
      <trkpt lat="19.145280000000003" lon="98.86362000000001">
        <ele>430.04</ele>
      </trkpt>
      <trkpt lat="19.14565" lon="98.86333">
        <ele>430.13</ele>
      </trkpt>
      <trkpt lat="19.145870000000002" lon="98.86301">
        <ele>431.40000000000003</ele>
      </trkpt>
      <trkpt lat="19.146060000000002" lon="98.86266">
        <ele>433.6</ele>
      </trkpt>
      <trkpt lat="19.14612" lon="98.86248">
        <ele>434.34000000000003</ele>
      </trkpt>
      <trkpt lat="19.146250000000002" lon="98.86195000000001">
        <ele>434.9</ele>
      </trkpt>
      <trkpt lat="19.14639" lon="98.86165000000001">
        <ele>433.55</ele>
      </trkpt>
      <trkpt lat="19.14675" lon="98.86106000000001">
        <ele>432.68</ele>
      </trkpt>
      <trkpt lat="19.14695" lon="98.86083">
        <ele>433.74</ele>
      </trkpt>
      <trkpt lat="19.14723" lon="98.86059">
        <ele>436.3</ele>
      </trkpt>
      <trkpt lat="19.147660000210717" lon="98.86039000047347">
        <ele>437.43</ele>
      </trkpt>
      <trkpt lat="19.14809" lon="98.86019">
        <ele>439.1</ele>
      </trkpt>
      <trkpt lat="19.1486100003707" lon="98.8598850008913">
        <ele>439.03000000000003</ele>
      </trkpt>
      <trkpt lat="19.149130000000003" lon="98.85958000000001">
        <ele>436.26000000000005</ele>
      </trkpt>
      <trkpt lat="19.1494" lon="98.85935">
        <ele>435.16</ele>
      </trkpt>
      <trkpt lat="19.149910000000002" lon="98.85875000000001">
        <ele>435.03000000000003</ele>
      </trkpt>
      <trkpt lat="19.150100000000002" lon="98.85864000000001">
        <ele>435.05</ele>
      </trkpt>
      <trkpt lat="19.150250000000003" lon="98.85859">
        <ele>435.22</ele>
      </trkpt>
      <trkpt lat="19.15043" lon="98.85856000000001">
        <ele>435.51</ele>
      </trkpt>
      <trkpt lat="19.15107500016663" lon="98.85854500005479">
        <ele>438.41</ele>
      </trkpt>
      <trkpt lat="19.15172" lon="98.85853">
        <ele>439.78000000000003</ele>
      </trkpt>
      <trkpt lat="19.15193" lon="98.85855000000001">
        <ele>439.98</ele>
      </trkpt>
      <trkpt lat="19.152420000000003" lon="98.85879000000001">
        <ele>441.05000000000007</ele>
      </trkpt>
      <trkpt lat="19.15278" lon="98.85891000000001">
        <ele>442.41</ele>
      </trkpt>
      <trkpt lat="19.1535" lon="98.85904000000001">
        <ele>448.75</ele>
      </trkpt>
      <trkpt lat="19.153940000000002" lon="98.85908">
        <ele>451.53000000000003</ele>
      </trkpt>
      <trkpt lat="19.15441500004487" lon="98.85908999997217">
        <ele>451.67</ele>
      </trkpt>
      <trkpt lat="19.15489" lon="98.85910000000001">
        <ele>453.26000000000005</ele>
      </trkpt>
      <trkpt lat="19.155140000000003" lon="98.85907">
        <ele>454.52000000000004</ele>
      </trkpt>
      <trkpt lat="19.15547" lon="98.85895000000001">
        <ele>456.23</ele>
      </trkpt>
      <trkpt lat="19.155980000279893" lon="98.85872000064947">
        <ele>456.43000000000006</ele>
      </trkpt>
      <trkpt lat="19.15649" lon="98.85849">
        <ele>454.69000000000005</ele>
      </trkpt>
      <trkpt lat="19.156820000000003" lon="98.85842000000001">
        <ele>454.84000000000003</ele>
      </trkpt>
      <trkpt lat="19.157" lon="98.85842000000001">
        <ele>455.20000000000005</ele>
      </trkpt>
      <trkpt lat="19.15734" lon="98.85846000000001">
        <ele>456.31000000000006</ele>
      </trkpt>
      <trkpt lat="19.15784" lon="98.85862">
        <ele>459.57000000000005</ele>
      </trkpt>
      <trkpt lat="19.158526666893085" lon="98.85878666529722">
        <ele>460.95</ele>
      </trkpt>
      <trkpt lat="19.159213333635876" lon="98.85895333198233">
        <ele>462.70000000000005</ele>
      </trkpt>
      <trkpt lat="19.1599" lon="98.85912">
        <ele>465.39000000000004</ele>
      </trkpt>
      <trkpt lat="19.16019" lon="98.85915000000001">
        <ele>465.39000000000004</ele>
      </trkpt>
      <trkpt lat="19.160310000000003" lon="98.85912">
        <ele>466.41</ele>
      </trkpt>
      <trkpt lat="19.160870000027554" lon="98.85905000023594">
        <ele>467.57000000000005</ele>
      </trkpt>
      <trkpt lat="19.161430000000003" lon="98.85898">
        <ele>469.96000000000004</ele>
      </trkpt>
      <trkpt lat="19.161700000000003" lon="98.85896000000001">
        <ele>471.33000000000004</ele>
      </trkpt>
      <trkpt lat="19.161920000000002" lon="98.85899">
        <ele>471.81000000000006</ele>
      </trkpt>
      <trkpt lat="19.162170000000003" lon="98.85907">
        <ele>471.78000000000003</ele>
      </trkpt>
      <trkpt lat="19.16234" lon="98.85915000000001">
        <ele>471.26</ele>
      </trkpt>
      <trkpt lat="19.162640000000003" lon="98.85934">
        <ele>469.27000000000004</ele>
      </trkpt>
      <trkpt lat="19.162930000000003" lon="98.85957">
        <ele>468.44</ele>
      </trkpt>
      <trkpt lat="19.1631" lon="98.85976000000001">
        <ele>467.96000000000004</ele>
      </trkpt>
      <trkpt lat="19.163210000000003" lon="98.85982000000001">
        <ele>467.77</ele>
      </trkpt>
      <trkpt lat="19.16329" lon="98.85983">
        <ele>467.77</ele>
      </trkpt>
      <trkpt lat="19.163400000000003" lon="98.85971">
        <ele>467.55</ele>
      </trkpt>
      <trkpt lat="19.16366" lon="98.85956">
        <ele>467.58000000000004</ele>
      </trkpt>
      <trkpt lat="19.164340000021586" lon="98.85944500047674">
        <ele>468.17</ele>
      </trkpt>
      <trkpt lat="19.165020000000002" lon="98.85933000000001">
        <ele>468.69000000000005</ele>
      </trkpt>
      <trkpt lat="19.165760000000002" lon="98.85942000000001">
        <ele>468.69000000000005</ele>
      </trkpt>
      <trkpt lat="19.16601" lon="98.85949000000001">
        <ele>468.64000000000004</ele>
      </trkpt>
      <trkpt lat="19.166120000000003" lon="98.85950000000001">
        <ele>468.64000000000004</ele>
      </trkpt>
      <trkpt lat="19.166490000000003" lon="98.85929">
        <ele>468.53000000000003</ele>
      </trkpt>
      <trkpt lat="19.167160000000003" lon="98.85911">
        <ele>469.0</ele>
      </trkpt>
      <trkpt lat="19.167540000000002" lon="98.85894">
        <ele>470.26</ele>
      </trkpt>
      <trkpt lat="19.167810000000003" lon="98.85888000000001">
        <ele>470.93</ele>
      </trkpt>
      <trkpt lat="19.16806" lon="98.85888000000001">
        <ele>471.71000000000004</ele>
      </trkpt>
      <trkpt lat="19.168470000000003" lon="98.85860000000001">
        <ele>472.65</ele>
      </trkpt>
      <trkpt lat="19.168770000000002" lon="98.85847000000001">
        <ele>473.57000000000005</ele>
      </trkpt>
      <trkpt lat="19.16911" lon="98.85828000000001">
        <ele>474.33000000000004</ele>
      </trkpt>
      <trkpt lat="19.16975" lon="98.85781000000001">
        <ele>476.23</ele>
      </trkpt>
      <trkpt lat="19.17023" lon="98.8575">
        <ele>477.17</ele>
      </trkpt>
      <trkpt lat="19.17042" lon="98.85742">
        <ele>477.49</ele>
      </trkpt>
      <trkpt lat="19.17086" lon="98.85731000000001">
        <ele>478.83000000000004</ele>
      </trkpt>
      <trkpt lat="19.17126" lon="98.85728">
        <ele>480.42</ele>
      </trkpt>
      <trkpt lat="19.171750000000003" lon="98.85728">
        <ele>482.56000000000006</ele>
      </trkpt>
      <trkpt lat="19.172220000000003" lon="98.85723">
        <ele>484.22</ele>
      </trkpt>
      <trkpt lat="19.17264" lon="98.85709000000001">
        <ele>485.11</ele>
      </trkpt>
      <trkpt lat="19.17333" lon="98.85668000000001">
        <ele>484.94000000000005</ele>
      </trkpt>
      <trkpt lat="19.173470000000002" lon="98.85663000000001">
        <ele>484.93</ele>
      </trkpt>
      <trkpt lat="19.17415" lon="98.85664000000001">
        <ele>485.22</ele>
      </trkpt>
      <trkpt lat="19.1746" lon="98.85661">
        <ele>485.80000000000007</ele>
      </trkpt>
      <trkpt lat="19.175400000048693" lon="98.8565933334942">
        <ele>489.84000000000003</ele>
      </trkpt>
      <trkpt lat="19.176200000095886" lon="98.85657666682656">
        <ele>491.05</ele>
      </trkpt>
      <trkpt lat="19.177000000000003" lon="98.85656">
        <ele>490.69</ele>
      </trkpt>
      <trkpt lat="19.177535000157896" lon="98.85645000033149">
        <ele>490.03000000000003</ele>
      </trkpt>
      <trkpt lat="19.17807" lon="98.85634">
        <ele>490.09000000000003</ele>
      </trkpt>
      <trkpt lat="19.17893" lon="98.85624000000001">
        <ele>490.96000000000004</ele>
      </trkpt>
      <trkpt lat="19.179160000000003" lon="98.85627000000001">
        <ele>491.76000000000005</ele>
      </trkpt>
      <trkpt lat="19.179740000000002" lon="98.85631000000001">
        <ele>494.86</ele>
      </trkpt>
      <trkpt lat="19.179940000000002" lon="98.8563">
        <ele>495.82000000000005</ele>
      </trkpt>
      <trkpt lat="19.18015" lon="98.85621">
        <ele>496.87</ele>
      </trkpt>
      <trkpt lat="19.18035" lon="98.85608">
        <ele>497.62000000000006</ele>
      </trkpt>
      <trkpt lat="19.18056" lon="98.85588000000001">
        <ele>497.91</ele>
      </trkpt>
      <trkpt lat="19.180750000000003" lon="98.85576">
        <ele>498.04</ele>
      </trkpt>
      <trkpt lat="19.18148" lon="98.85560000000001">
        <ele>498.61000000000007</ele>
      </trkpt>
      <trkpt lat="19.18220000034347" lon="98.85533333568038">
        <ele>500.1500000000001</ele>
      </trkpt>
      <trkpt lat="19.18292000030178" lon="98.8550666690292">
        <ele>501.52000000000004</ele>
      </trkpt>
      <trkpt lat="19.18364" lon="98.85480000000001">
        <ele>501.2000000000001</ele>
      </trkpt>
      <trkpt lat="19.18381" lon="98.85468">
        <ele>500.58000000000004</ele>
      </trkpt>
      <trkpt lat="19.184100000510234" lon="98.8542550007176">
        <ele>497.55</ele>
      </trkpt>
      <trkpt lat="19.18439" lon="98.85383">
        <ele>496.64000000000004</ele>
      </trkpt>
      <trkpt lat="19.184520000000003" lon="98.85372000000001">
        <ele>496.84000000000003</ele>
      </trkpt>
      <trkpt lat="19.184790000000003" lon="98.85358000000001">
        <ele>497.61</ele>
      </trkpt>
      <trkpt lat="19.18514" lon="98.85326">
        <ele>500.96000000000004</ele>
      </trkpt>
      <trkpt lat="19.18534" lon="98.85313000000001">
        <ele>501.95</ele>
      </trkpt>
      <trkpt lat="19.185540000000003" lon="98.85308">
        <ele>502.78</ele>
      </trkpt>
      <trkpt lat="19.18572" lon="98.85307">
        <ele>503.17</ele>
      </trkpt>
      <trkpt lat="19.186300000000003" lon="98.85318000000001">
        <ele>504.2300000000001</ele>
      </trkpt>
      <trkpt lat="19.186570000000003" lon="98.85332000000001">
        <ele>504.39</ele>
      </trkpt>
      <trkpt lat="19.186985000232774" lon="98.85364999911877">
        <ele>504.78</ele>
      </trkpt>
      <trkpt lat="19.1874" lon="98.85398">
        <ele>505.46000000000004</ele>
      </trkpt>
      <trkpt lat="19.187820000000002" lon="98.85424">
        <ele>506.26000000000005</ele>
      </trkpt>
      <trkpt lat="19.18814" lon="98.85441">
        <ele>506.48</ele>
      </trkpt>
      <trkpt lat="19.18862" lon="98.85491">
        <ele>505.43000000000006</ele>
      </trkpt>
      <trkpt lat="19.18878" lon="98.85502000000001">
        <ele>505.4200000000001</ele>
      </trkpt>
      <trkpt lat="19.18891" lon="98.85507000000001">
        <ele>505.73</ele>
      </trkpt>
      <trkpt lat="19.18936" lon="98.85510000000001">
        <ele>507.44</ele>
      </trkpt>
      <trkpt lat="19.189980000000002" lon="98.85518">
        <ele>509.37</ele>
      </trkpt>
      <trkpt lat="19.190474999924298" lon="98.85519999993677">
        <ele>510.7900000000001</ele>
      </trkpt>
      <trkpt lat="19.19097" lon="98.85522">
        <ele>511.4200000000001</ele>
      </trkpt>
      <trkpt lat="19.19123" lon="98.85518">
        <ele>511.97999999999996</ele>
      </trkpt>
      <trkpt lat="19.191966666858224" lon="98.85501333481585">
        <ele>513.41</ele>
      </trkpt>
      <trkpt lat="19.19270333356593" lon="98.85484666813994">
        <ele>515.8000000000001</ele>
      </trkpt>
      <trkpt lat="19.193440000000002" lon="98.85468">
        <ele>518.22</ele>
      </trkpt>
      <trkpt lat="19.19414" lon="98.85470000000001">
        <ele>521.54</ele>
      </trkpt>
      <trkpt lat="19.19488" lon="98.85452000000001">
        <ele>525.98</ele>
      </trkpt>
      <trkpt lat="19.19531500034288" lon="98.85437500028796">
        <ele>527.2</ele>
      </trkpt>
      <trkpt lat="19.19575" lon="98.85423">
        <ele>529.47</ele>
      </trkpt>
      <trkpt lat="19.1961" lon="98.85408000000001">
        <ele>532.91</ele>
      </trkpt>
      <trkpt lat="19.196820000725673" lon="98.85370333665207">
        <ele>535.9900000000001</ele>
      </trkpt>
      <trkpt lat="19.197540000682405" lon="98.85332667000812">
        <ele>539.76</ele>
      </trkpt>
      <trkpt lat="19.19826" lon="98.85295">
        <ele>545.64</ele>
      </trkpt>
      <trkpt lat="19.198580000000003" lon="98.85271">
        <ele>550.7800000000001</ele>
      </trkpt>
      <trkpt lat="19.19872" lon="98.85263">
        <ele>551.57</ele>
      </trkpt>
      <trkpt lat="19.19882" lon="98.85261000000001">
        <ele>552.61</ele>
      </trkpt>
      <trkpt lat="19.199050000000003" lon="98.85265000000001">
        <ele>553.9000000000001</ele>
      </trkpt>
      <trkpt lat="19.199630000000003" lon="98.85282000000001">
        <ele>555.71</ele>
      </trkpt>
      <trkpt lat="19.200010000000002" lon="98.85296000000001">
        <ele>555.6300000000001</ele>
      </trkpt>
      <trkpt lat="19.20024" lon="98.85308">
        <ele>554.1400000000001</ele>
      </trkpt>
      <trkpt lat="19.20032" lon="98.85310000000001">
        <ele>553.42</ele>
      </trkpt>
      <trkpt lat="19.20041" lon="98.85310000000001">
        <ele>552.6500000000001</ele>
      </trkpt>
      <trkpt lat="19.200760000000002" lon="98.85298">
        <ele>550.5500000000001</ele>
      </trkpt>
      <trkpt lat="19.20083" lon="98.85293000000001">
        <ele>547.34</ele>
      </trkpt>
      <trkpt lat="19.2009" lon="98.85284000000001">
        <ele>547.34</ele>
      </trkpt>
      <trkpt lat="19.20098" lon="98.85265000000001">
        <ele>544.7700000000001</ele>
      </trkpt>
      <trkpt lat="19.201060000000002" lon="98.85253">
        <ele>544.2900000000001</ele>
      </trkpt>
      <trkpt lat="19.201130000000003" lon="98.85247000000001">
        <ele>543.19</ele>
      </trkpt>
      <trkpt lat="19.201320000000003" lon="98.85243000000001">
        <ele>540.48</ele>
      </trkpt>
      <trkpt lat="19.20138" lon="98.85239000000001">
        <ele>540.48</ele>
      </trkpt>
      <trkpt lat="19.201410000000003" lon="98.85228000000001">
        <ele>534.59</ele>
      </trkpt>
      <trkpt lat="19.20139" lon="98.852">
        <ele>534.59</ele>
      </trkpt>
      <trkpt lat="19.201430000000002" lon="98.85189000000001">
        <ele>530.1</ele>
      </trkpt>
      <trkpt lat="19.201490000000003" lon="98.85184000000001">
        <ele>530.1</ele>
      </trkpt>
      <trkpt lat="19.20158" lon="98.85179000000001">
        <ele>528.66</ele>
      </trkpt>
      <trkpt lat="19.20232" lon="98.85153000000001">
        <ele>516.22</ele>
      </trkpt>
      <trkpt lat="19.20247" lon="98.8515">
        <ele>513.82</ele>
      </trkpt>
      <trkpt lat="19.20267" lon="98.85152000000001">
        <ele>511.5200000000001</ele>
      </trkpt>
      <trkpt lat="19.202840000000002" lon="98.85165">
        <ele>508.14000000000004</ele>
      </trkpt>
      <trkpt lat="19.20319000031598" lon="98.8519699993543">
        <ele>503.43</ele>
      </trkpt>
      <trkpt lat="19.20354" lon="98.85229000000001">
        <ele>498.71000000000004</ele>
      </trkpt>
      <trkpt lat="19.203770000000002" lon="98.85243000000001">
        <ele>494.65000000000003</ele>
      </trkpt>
      <trkpt lat="19.204310000000003" lon="98.85269000000001">
        <ele>491.11</ele>
      </trkpt>
      <trkpt lat="19.204970000000003" lon="98.85310000000001">
        <ele>483.11</ele>
      </trkpt>
      <trkpt lat="19.205810000000003" lon="98.85337000000001">
        <ele>476.57000000000005</ele>
      </trkpt>
      <trkpt lat="19.206030000000002" lon="98.85347">
        <ele>475.13000000000005</ele>
      </trkpt>
      <trkpt lat="19.206190000000003" lon="98.85359000000001">
        <ele>474.37</ele>
      </trkpt>
      <trkpt lat="19.20655" lon="98.85391000000001">
        <ele>471.16</ele>
      </trkpt>
      <trkpt lat="19.206680000000002" lon="98.85397">
        <ele>469.9200000000001</ele>
      </trkpt>
      <trkpt lat="19.206940000000003" lon="98.85402">
        <ele>468.4200000000001</ele>
      </trkpt>
      <trkpt lat="19.20717" lon="98.85403000000001">
        <ele>467.18</ele>
      </trkpt>
      <trkpt lat="19.20763" lon="98.85389">
        <ele>461.97</ele>
      </trkpt>
      <trkpt lat="19.20774" lon="98.85390000000001">
        <ele>461.26000000000005</ele>
      </trkpt>
      <trkpt lat="19.20784" lon="98.85396000000001">
        <ele>458.32000000000005</ele>
      </trkpt>
      <trkpt lat="19.20793" lon="98.85405000000002">
        <ele>457.02000000000004</ele>
      </trkpt>
      <trkpt lat="19.2081" lon="98.85443000000001">
        <ele>452.69000000000005</ele>
      </trkpt>
      <trkpt lat="19.208340000000003" lon="98.85469">
        <ele>450.94000000000005</ele>
      </trkpt>
      <trkpt lat="19.208550000000002" lon="98.85481000000001">
        <ele>449.54</ele>
      </trkpt>
      <trkpt lat="19.20888" lon="98.85480000000001">
        <ele>448.33000000000004</ele>
      </trkpt>
      <trkpt lat="19.20951" lon="98.85467000000001">
        <ele>447.66</ele>
      </trkpt>
      <trkpt lat="19.209780000000002" lon="98.85464">
        <ele>447.74</ele>
      </trkpt>
      <trkpt lat="19.210040000000003" lon="98.85465">
        <ele>447.83000000000004</ele>
      </trkpt>
      <trkpt lat="19.210240000000002" lon="98.85472000000001">
        <ele>448.01</ele>
      </trkpt>
      <trkpt lat="19.21039" lon="98.85482">
        <ele>448.01</ele>
      </trkpt>
      <trkpt lat="19.210530000000002" lon="98.85496">
        <ele>448.14000000000004</ele>
      </trkpt>
      <trkpt lat="19.21096" lon="98.85558">
        <ele>448.40000000000003</ele>
      </trkpt>
      <trkpt lat="19.21115" lon="98.85578000000001">
        <ele>448.40000000000003</ele>
      </trkpt>
      <trkpt lat="19.2113" lon="98.85588000000001">
        <ele>448.45</ele>
      </trkpt>
      <trkpt lat="19.211530000000003" lon="98.85597000000001">
        <ele>448.38000000000005</ele>
      </trkpt>
      <trkpt lat="19.21171" lon="98.85600000000001">
        <ele>448.33000000000004</ele>
      </trkpt>
      <trkpt lat="19.212100000000003" lon="98.85600000000001">
        <ele>448.31000000000006</ele>
      </trkpt>
      <trkpt lat="19.21233" lon="98.85594">
        <ele>448.41</ele>
      </trkpt>
      <trkpt lat="19.213055000288573" lon="98.85562000140631">
        <ele>449.08000000000004</ele>
      </trkpt>
      <trkpt lat="19.21378" lon="98.85530000000001">
        <ele>448.81000000000006</ele>
      </trkpt>
      <trkpt lat="19.214080000000003" lon="98.85497000000001">
        <ele>448.96000000000004</ele>
      </trkpt>
      <trkpt lat="19.2147" lon="98.85470000000001">
        <ele>449.57</ele>
      </trkpt>
      <trkpt lat="19.21526" lon="98.85441">
        <ele>449.84000000000003</ele>
      </trkpt>
      <trkpt lat="19.216075000415312" lon="98.85408000158756">
        <ele>450.0</ele>
      </trkpt>
      <trkpt lat="19.216890000000003" lon="98.85375">
        <ele>450.43000000000006</ele>
      </trkpt>
      <trkpt lat="19.21714" lon="98.85360000000001">
        <ele>450.31000000000006</ele>
      </trkpt>
      <trkpt lat="19.217550000000003" lon="98.85328000000001">
        <ele>450.20000000000005</ele>
      </trkpt>
      <trkpt lat="19.2178" lon="98.85301000000001">
        <ele>450.21000000000004</ele>
      </trkpt>
      <trkpt lat="19.218350001438058" lon="98.85227500249599">
        <ele>450.12</ele>
      </trkpt>
      <trkpt lat="19.2189" lon="98.85154000000001">
        <ele>449.95</ele>
      </trkpt>
      <trkpt lat="19.219040000000003" lon="98.85129">
        <ele>449.98</ele>
      </trkpt>
      <trkpt lat="19.219285000973517" lon="98.8506900009018">
        <ele>450.43000000000006</ele>
      </trkpt>
      <trkpt lat="19.219530000000002" lon="98.85009000000001">
        <ele>450.21000000000004</ele>
      </trkpt>
      <trkpt lat="19.219610000000003" lon="98.8498">
        <ele>449.67</ele>
      </trkpt>
      <trkpt lat="19.21968" lon="98.84942000000001">
        <ele>449.37000000000006</ele>
      </trkpt>
      <trkpt lat="19.21974" lon="98.84924000000001">
        <ele>449.5</ele>
      </trkpt>
      <trkpt lat="19.21985" lon="98.84902000000001">
        <ele>449.86</ele>
      </trkpt>
      <trkpt lat="19.21996" lon="98.84865">
        <ele>450.15000000000003</ele>
      </trkpt>
      <trkpt lat="19.22013" lon="98.84789">
        <ele>450.02000000000004</ele>
      </trkpt>
      <trkpt lat="19.22012" lon="98.84765">
        <ele>450.94000000000005</ele>
      </trkpt>
      <trkpt lat="19.22005" lon="98.84745000000001">
        <ele>451.55000000000007</ele>
      </trkpt>
      <trkpt lat="19.21993" lon="98.84722000000001">
        <ele>453.3</ele>
      </trkpt>
      <trkpt lat="19.220820000000003" lon="98.84732000000001">
        <ele>453.64000000000004</ele>
      </trkpt>
      <trkpt lat="19.221290000000003" lon="98.84738">
        <ele>455.18</ele>
      </trkpt>
      <trkpt lat="19.22145" lon="98.84825000000001">
        <ele>457.15000000000003</ele>
      </trkpt>
      <trkpt lat="19.22144" lon="98.84862000000001">
        <ele>456.05</ele>
      </trkpt>
      <trkpt lat="19.221410000000002" lon="98.84883">
        <ele>455.53000000000003</ele>
      </trkpt>
      <trkpt lat="19.221230000000002" lon="98.84963">
        <ele>457.97</ele>
      </trkpt>
      <trkpt lat="19.22099" lon="98.85006000000001">
        <ele>464.74</ele>
      </trkpt>
      <trkpt lat="19.22091" lon="98.8503">
        <ele>466.33000000000004</ele>
      </trkpt>
      <trkpt lat="19.22088" lon="98.85052">
        <ele>467.19000000000005</ele>
      </trkpt>
      <trkpt lat="19.2209" lon="98.85086000000001">
        <ele>468.16</ele>
      </trkpt>
      <trkpt lat="19.220830000000003" lon="98.85132">
        <ele>471.38</ele>
      </trkpt>
      <trkpt lat="19.220550000000003" lon="98.85198000000001">
        <ele>474.69000000000005</ele>
      </trkpt>
      <trkpt lat="19.22051" lon="98.85219000000001">
        <ele>475.25000000000006</ele>
      </trkpt>
      <trkpt lat="19.220560000000003" lon="98.85244">
        <ele>476.16</ele>
      </trkpt>
      <trkpt lat="19.22069" lon="98.85269000000001">
        <ele>478.59000000000003</ele>
      </trkpt>
      <trkpt lat="19.22089" lon="98.8529">
        <ele>480.89000000000004</ele>
      </trkpt>
      <trkpt lat="19.22135" lon="98.85323000000001">
        <ele>483.39000000000004</ele>
      </trkpt>
      <trkpt lat="19.221500000000002" lon="98.85337000000001">
        <ele>483.84000000000003</ele>
      </trkpt>
      <trkpt lat="19.221590000000003" lon="98.85350000000001">
        <ele>484.03000000000003</ele>
      </trkpt>
      <trkpt lat="19.221600000000002" lon="98.85366">
        <ele>484.32</ele>
      </trkpt>
      <trkpt lat="19.221580000000003" lon="98.85372000000001">
        <ele>484.49</ele>
      </trkpt>
      <trkpt lat="19.221500000000002" lon="98.85381000000001">
        <ele>484.87</ele>
      </trkpt>
      <trkpt lat="19.221110000000003" lon="98.85407000000001">
        <ele>484.61</ele>
      </trkpt>
      <trkpt lat="19.220940000000002" lon="98.85416000000001">
        <ele>483.16</ele>
      </trkpt>
      <trkpt lat="19.220570000000002" lon="98.85430000000001">
        <ele>476.86000000000007</ele>
      </trkpt>
      <trkpt lat="19.2204" lon="98.85440000000001">
        <ele>472.31000000000006</ele>
      </trkpt>
      <trkpt lat="19.22005" lon="98.85475000000001">
        <ele>466.61</ele>
      </trkpt>
      <trkpt lat="19.21985" lon="98.85484000000001">
        <ele>464.45000000000005</ele>
      </trkpt>
      <trkpt lat="19.21928" lon="98.85502000000001">
        <ele>458.8</ele>
      </trkpt>
      <trkpt lat="19.219" lon="98.85517">
        <ele>457.43000000000006</ele>
      </trkpt>
      <trkpt lat="19.2189" lon="98.85536">
        <ele>456.1000000000001</ele>
      </trkpt>
      <trkpt lat="19.21875" lon="98.8559">
        <ele>451.56</ele>
      </trkpt>
      <trkpt lat="19.218590000000003" lon="98.85656">
        <ele>450.94000000000005</ele>
      </trkpt>
      <trkpt lat="19.21835" lon="98.85705000000002">
        <ele>451.68</ele>
      </trkpt>
      <trkpt lat="19.21826" lon="98.85733">
        <ele>451.78000000000003</ele>
      </trkpt>
      <trkpt lat="19.218110000684185" lon="98.85781000024849">
        <ele>451.57</ele>
      </trkpt>
      <trkpt lat="19.21796" lon="98.85829000000001">
        <ele>449.57</ele>
      </trkpt>
      <trkpt lat="19.217716668895388" lon="98.8589266684737">
        <ele>447.08000000000004</ele>
      </trkpt>
      <trkpt lat="19.21747333559187" lon="98.85956333506232">
        <ele>446.99000000000007</ele>
      </trkpt>
      <trkpt lat="19.21723" lon="98.8602">
        <ele>446.08000000000004</ele>
      </trkpt>
      <trkpt lat="19.217030000510945" lon="98.86063500053427">
        <ele>445.02000000000004</ele>
      </trkpt>
      <trkpt lat="19.21683" lon="98.86107000000001">
        <ele>445.01</ele>
      </trkpt>
      <trkpt lat="19.216420000000003" lon="98.86179000000001">
        <ele>446.42</ele>
      </trkpt>
      <trkpt lat="19.216320000000003" lon="98.86205000000001">
        <ele>447.67</ele>
      </trkpt>
      <trkpt lat="19.21613500115915" lon="98.86271500089312">
        <ele>448.71000000000004</ele>
      </trkpt>
      <trkpt lat="19.215950000000003" lon="98.86338">
        <ele>448.64000000000004</ele>
      </trkpt>
      <trkpt lat="19.21582" lon="98.86412000000001">
        <ele>447.76000000000005</ele>
      </trkpt>
      <trkpt lat="19.215760000000003" lon="98.86484000000002">
        <ele>447.76000000000005</ele>
      </trkpt>
      <trkpt lat="19.21565" lon="98.86529">
        <ele>449.67</ele>
      </trkpt>
      <trkpt lat="19.21546" lon="98.86571">
        <ele>451.49000000000007</ele>
      </trkpt>
      <trkpt lat="19.21534" lon="98.86592">
        <ele>450.42</ele>
      </trkpt>
      <trkpt lat="19.21518" lon="98.86634000000001">
        <ele>449.20000000000005</ele>
      </trkpt>
      <trkpt lat="19.21515" lon="98.86646">
        <ele>449.07</ele>
      </trkpt>
      <trkpt lat="19.21515" lon="98.86659">
        <ele>448.99000000000007</ele>
      </trkpt>
      <trkpt lat="19.21524" lon="98.86679000000001">
        <ele>449.26000000000005</ele>
      </trkpt>
      <trkpt lat="19.21534" lon="98.86696">
        <ele>450.28000000000003</ele>
      </trkpt>
      <trkpt lat="19.215880000000002" lon="98.86768000000001">
        <ele>450.56</ele>
      </trkpt>
      <trkpt lat="19.215980000000002" lon="98.86792000000001">
        <ele>450.01</ele>
      </trkpt>
      <trkpt lat="19.21609" lon="98.86848">
        <ele>449.44000000000005</ele>
      </trkpt>
      <trkpt lat="19.215960000000003" lon="98.86879">
        <ele>448.90000000000003</ele>
      </trkpt>
      <trkpt lat="19.2159" lon="98.86908000000001">
        <ele>448.13</ele>
      </trkpt>
      <trkpt lat="19.215700000000002" lon="98.86945000000001">
        <ele>447.01</ele>
      </trkpt>
      <trkpt lat="19.21552" lon="98.86995">
        <ele>444.62</ele>
      </trkpt>
      <trkpt lat="19.21534" lon="98.87014">
        <ele>443.95</ele>
      </trkpt>
      <trkpt lat="19.214925000234334" lon="98.87043000072774">
        <ele>443.70000000000005</ele>
      </trkpt>
      <trkpt lat="19.21451" lon="98.87072">
        <ele>444.43000000000006</ele>
      </trkpt>
      <trkpt lat="19.21431" lon="98.87093">
        <ele>445.53000000000003</ele>
      </trkpt>
      <trkpt lat="19.21403" lon="98.87132000000001">
        <ele>445.74</ele>
      </trkpt>
      <trkpt lat="19.21383" lon="98.87150000000001">
        <ele>445.12</ele>
      </trkpt>
      <trkpt lat="19.21373" lon="98.87154000000001">
        <ele>444.45</ele>
      </trkpt>
      <trkpt lat="19.213230000000003" lon="98.87139">
        <ele>444.68</ele>
      </trkpt>
      <trkpt lat="19.213140000000003" lon="98.87143">
        <ele>445.56</ele>
      </trkpt>
      <trkpt lat="19.213" lon="98.87164000000001">
        <ele>446.51</ele>
      </trkpt>
      <trkpt lat="19.212775000890943" lon="98.87221500080133">
        <ele>450.82000000000005</ele>
      </trkpt>
      <trkpt lat="19.21255" lon="98.87279000000001">
        <ele>456.29</ele>
      </trkpt>
      <trkpt lat="19.21206" lon="98.87343000000001">
        <ele>465.29</ele>
      </trkpt>
      <trkpt lat="19.211850000000002" lon="98.87354">
        <ele>467.51000000000005</ele>
      </trkpt>
      <trkpt lat="19.21159" lon="98.87358">
        <ele>471.12</ele>
      </trkpt>
      <trkpt lat="19.2114" lon="98.87359000000001">
        <ele>472.58000000000004</ele>
      </trkpt>
      <trkpt lat="19.21114" lon="98.87370000000001">
        <ele>474.86000000000007</ele>
      </trkpt>
      <trkpt lat="19.210500000000003" lon="98.87406000000001">
        <ele>486.05</ele>
      </trkpt>
      <trkpt lat="19.209870000000002" lon="98.87446000000001">
        <ele>498.15000000000003</ele>
      </trkpt>
      <trkpt lat="19.20955" lon="98.87486000000001">
        <ele>505.11000000000007</ele>
      </trkpt>
      <trkpt lat="19.209480000000003" lon="98.87522000000001">
        <ele>508.73</ele>
      </trkpt>
      <trkpt lat="19.20953" lon="98.87549000000001">
        <ele>508.6400000000001</ele>
      </trkpt>
      <trkpt lat="19.209680000000002" lon="98.87586">
        <ele>504.01000000000005</ele>
      </trkpt>
      <trkpt lat="19.20971" lon="98.87611000000001">
        <ele>502.58000000000004</ele>
      </trkpt>
      <trkpt lat="19.209680000000002" lon="98.87629000000001">
        <ele>501.02000000000004</ele>
      </trkpt>
      <trkpt lat="19.20934" lon="98.87694">
        <ele>495.59000000000003</ele>
      </trkpt>
      <trkpt lat="19.20923" lon="98.87759000000001">
        <ele>485.33000000000004</ele>
      </trkpt>
      <trkpt lat="19.20907" lon="98.87788">
        <ele>482.67</ele>
      </trkpt>
      <trkpt lat="19.20861" lon="98.87821000000001">
        <ele>474.94</ele>
      </trkpt>
      <trkpt lat="19.208450000000003" lon="98.87847000000001">
        <ele>472.25000000000006</ele>
      </trkpt>
      <trkpt lat="19.208370000000002" lon="98.87875000000001">
        <ele>468.47</ele>
      </trkpt>
      <trkpt lat="19.208280000000002" lon="98.87892000000001">
        <ele>466.76000000000005</ele>
      </trkpt>
      <trkpt lat="19.207880000125346" lon="98.87916000060223">
        <ele>460.38</ele>
      </trkpt>
      <trkpt lat="19.20748" lon="98.8794">
        <ele>455.71000000000004</ele>
      </trkpt>
      <trkpt lat="19.206985000125446" lon="98.87961000062955">
        <ele>448.39</ele>
      </trkpt>
      <trkpt lat="19.206490000000002" lon="98.87982000000001">
        <ele>442.07</ele>
      </trkpt>
      <trkpt lat="19.20617" lon="98.87999">
        <ele>437.66</ele>
      </trkpt>
      <trkpt lat="19.205840000000002" lon="98.88022000000001">
        <ele>431.25</ele>
      </trkpt>
      <trkpt lat="19.20571" lon="98.88026">
        <ele>431.25</ele>
      </trkpt>
      <trkpt lat="19.20557" lon="98.88028000000001">
        <ele>427.8</ele>
      </trkpt>
      <trkpt lat="19.20503" lon="98.88017">
        <ele>420.67</ele>
      </trkpt>
      <trkpt lat="19.20445" lon="98.88018000000001">
        <ele>415.96999999999997</ele>
      </trkpt>
      <trkpt lat="19.203840000000003" lon="98.88033000000001">
        <ele>408.41</ele>
      </trkpt>
      <trkpt lat="19.20314000037727" lon="98.88067000141575">
        <ele>397.01000000000005</ele>
      </trkpt>
      <trkpt lat="19.202440000000003" lon="98.88101">
        <ele>391.24</ele>
      </trkpt>
      <trkpt lat="19.2019850003472" lon="98.88129500070866">
        <ele>387.79</ele>
      </trkpt>
      <trkpt lat="19.20153" lon="98.88158000000001">
        <ele>385.21000000000004</ele>
      </trkpt>
      <trkpt lat="19.201320000000003" lon="98.88176000000001">
        <ele>384.73</ele>
      </trkpt>
      <trkpt lat="19.200940001037907" lon="98.88237500139982">
        <ele>379.66</ele>
      </trkpt>
      <trkpt lat="19.200560000000003" lon="98.88299">
        <ele>375.05000000000007</ele>
      </trkpt>
      <trkpt lat="19.200460000000003" lon="98.88319000000001">
        <ele>373.94000000000005</ele>
      </trkpt>
      <trkpt lat="19.200400000000002" lon="98.88341000000001">
        <ele>371.86</ele>
      </trkpt>
      <trkpt lat="19.200290000000003" lon="98.8842">
        <ele>363.94000000000005</ele>
      </trkpt>
      <trkpt lat="19.200230001587702" lon="98.88496500025902">
        <ele>362.27000000000004</ele>
      </trkpt>
      <trkpt lat="19.20017" lon="98.88573000000001">
        <ele>362.71000000000004</ele>
      </trkpt>
      <trkpt lat="19.20016" lon="98.8866">
        <ele>364.21000000000004</ele>
      </trkpt>
      <trkpt lat="19.20017" lon="98.88699000000001">
        <ele>364.44000000000005</ele>
      </trkpt>
      <trkpt lat="19.20024" lon="98.88775000000001">
        <ele>364.27000000000004</ele>
      </trkpt>
      <trkpt lat="19.20036" lon="98.88863">
        <ele>364.55</ele>
      </trkpt>
      <trkpt lat="19.20051" lon="98.88949000000001">
        <ele>364.64</ele>
      </trkpt>
      <trkpt lat="19.200740000000003" lon="98.89004000000001">
        <ele>364.69</ele>
      </trkpt>
      <trkpt lat="19.2009" lon="98.89053000000001">
        <ele>365.57</ele>
      </trkpt>
      <trkpt lat="19.20089" lon="98.89078">
        <ele>366.74</ele>
      </trkpt>
      <trkpt lat="19.20082" lon="98.89099">
        <ele>369.1</ele>
      </trkpt>
      <trkpt lat="19.200750000000003" lon="98.89110000000001">
        <ele>369.1</ele>
      </trkpt>
      <trkpt lat="19.200200000000002" lon="98.89168000000001">
        <ele>377.66</ele>
      </trkpt>
      <trkpt lat="19.19976" lon="98.89209000000001">
        <ele>382.39</ele>
      </trkpt>
      <trkpt lat="19.199460000000002" lon="98.8923">
        <ele>384.07</ele>
      </trkpt>
      <trkpt lat="19.19913" lon="98.89246000000001">
        <ele>384.43000000000006</ele>
      </trkpt>
      <trkpt lat="19.198900000000002" lon="98.89264000000001">
        <ele>384.07</ele>
      </trkpt>
      <trkpt lat="19.198430000599377" lon="98.89312000139661">
        <ele>383.99000000000007</ele>
      </trkpt>
      <trkpt lat="19.197960000000002" lon="98.8936">
        <ele>390.41</ele>
      </trkpt>
      <trkpt lat="19.1973750003663" lon="98.89401500154659">
        <ele>391.58000000000004</ele>
      </trkpt>
      <trkpt lat="19.19679" lon="98.89443000000001">
        <ele>385.94</ele>
      </trkpt>
      <trkpt lat="19.19625500017823" lon="98.89473500103367">
        <ele>375.50000000000006</ele>
      </trkpt>
      <trkpt lat="19.19572" lon="98.89504000000001">
        <ele>367.83000000000004</ele>
      </trkpt>
      <trkpt lat="19.195400000000003" lon="98.89526000000001">
        <ele>365.39000000000004</ele>
      </trkpt>
      <trkpt lat="19.194970000596665" lon="98.89570000107588">
        <ele>364.34000000000003</ele>
      </trkpt>
      <trkpt lat="19.19454" lon="98.89614">
        <ele>365.91</ele>
      </trkpt>
      <trkpt lat="19.194100000000002" lon="98.89657000000001">
        <ele>367.28000000000003</ele>
      </trkpt>
      <trkpt lat="19.193720000293652" lon="98.89689500074398">
        <ele>367.41</ele>
      </trkpt>
      <trkpt lat="19.193340000000003" lon="98.89722">
        <ele>367.15000000000003</ele>
      </trkpt>
      <trkpt lat="19.192826667407207" lon="98.89759666903683">
        <ele>366.8</ele>
      </trkpt>
      <trkpt lat="19.192313334045593" lon="98.89797333572422">
        <ele>365.66</ele>
      </trkpt>
      <trkpt lat="19.1918" lon="98.89835000000001">
        <ele>363.87</ele>
      </trkpt>
      <trkpt lat="19.1915" lon="98.89853000000001">
        <ele>363.14</ele>
      </trkpt>
      <trkpt lat="19.19121" lon="98.89868000000001">
        <ele>363.03000000000003</ele>
      </trkpt>
      <trkpt lat="19.19086" lon="98.89897">
        <ele>364.1</ele>
      </trkpt>
      <trkpt lat="19.190360000000002" lon="98.89958000000001">
        <ele>368.49</ele>
      </trkpt>
      <trkpt lat="19.18980000064599" lon="98.90002500142671">
        <ele>374.58000000000004</ele>
      </trkpt>
      <trkpt lat="19.18924" lon="98.90047000000001">
        <ele>377.31</ele>
      </trkpt>
      <trkpt lat="19.1889" lon="98.90091000000001">
        <ele>377.43000000000006</ele>
      </trkpt>
      <trkpt lat="19.18877" lon="98.9012">
        <ele>375.96000000000004</ele>
      </trkpt>
      <trkpt lat="19.188540000000003" lon="98.90203000000001">
        <ele>369.01</ele>
      </trkpt>
      <trkpt lat="19.188360000000003" lon="98.90249000000001">
        <ele>365.76000000000005</ele>
      </trkpt>
      <trkpt lat="19.188100000000002" lon="98.90292000000001">
        <ele>364.05</ele>
      </trkpt>
      <trkpt lat="19.187710000000003" lon="98.90347000000001">
        <ele>361.49</ele>
      </trkpt>
      <trkpt lat="19.1872" lon="98.90404000000001">
        <ele>357.33000000000004</ele>
      </trkpt>
      <trkpt lat="19.18679000034574" lon="98.90442500101106">
        <ele>356.43</ele>
      </trkpt>
      <trkpt lat="19.186380000000003" lon="98.90481000000001">
        <ele>357.89000000000004</ele>
      </trkpt>
      <trkpt lat="19.186220000000002" lon="98.90493000000001">
        <ele>359.8</ele>
      </trkpt>
      <trkpt lat="19.18589" lon="98.9051">
        <ele>363.23</ele>
      </trkpt>
      <trkpt lat="19.185470000000002" lon="98.90527">
        <ele>366.85</ele>
      </trkpt>
      <trkpt lat="19.185290000000002" lon="98.90540000000001">
        <ele>367.22</ele>
      </trkpt>
      <trkpt lat="19.18514" lon="98.90556000000001">
        <ele>367.2300000000001</ele>
      </trkpt>
      <trkpt lat="19.18503" lon="98.90571000000001">
        <ele>366.94000000000005</ele>
      </trkpt>
      <trkpt lat="19.18497" lon="98.90589000000001">
        <ele>366.59000000000003</ele>
      </trkpt>
      <trkpt lat="19.18494" lon="98.90607000000001">
        <ele>365.87</ele>
      </trkpt>
      <trkpt lat="19.18491000117834" lon="98.90673000015252">
        <ele>363.62000000000006</ele>
      </trkpt>
      <trkpt lat="19.184880000000003" lon="98.90739">
        <ele>362.90000000000003</ele>
      </trkpt>
      <trkpt lat="19.184815000709005" lon="98.90790500027731">
        <ele>363.19</ele>
      </trkpt>
      <trkpt lat="19.18475" lon="98.90842">
        <ele>366.86</ele>
      </trkpt>
      <trkpt lat="19.18468" lon="98.90862000000001">
        <ele>369.88000000000005</ele>
      </trkpt>
      <trkpt lat="19.18456" lon="98.90875000000001">
        <ele>371.46</ele>
      </trkpt>
      <trkpt lat="19.184420000000003" lon="98.90884000000001">
        <ele>373.06000000000006</ele>
      </trkpt>
      <trkpt lat="19.18403" lon="98.90898000000001">
        <ele>375.57</ele>
      </trkpt>
      <trkpt lat="19.18374" lon="98.90917">
        <ele>375.9</ele>
      </trkpt>
      <trkpt lat="19.183100000000003" lon="98.90947000000001">
        <ele>373.31</ele>
      </trkpt>
      <trkpt lat="19.183020000000003" lon="98.90958">
        <ele>372.59000000000003</ele>
      </trkpt>
      <trkpt lat="19.18278" lon="98.91010000000001">
        <ele>367.54</ele>
      </trkpt>
      <trkpt lat="19.18261" lon="98.91027000000001">
        <ele>364.97</ele>
      </trkpt>
      <trkpt lat="19.182350000000003" lon="98.91040000000001">
        <ele>361.6</ele>
      </trkpt>
      <trkpt lat="19.18164" lon="98.91091">
        <ele>354.05</ele>
      </trkpt>
      <trkpt lat="19.18146" lon="98.91111000000001">
        <ele>353.43</ele>
      </trkpt>
      <trkpt lat="19.18121" lon="98.9115">
        <ele>353.23</ele>
      </trkpt>
      <trkpt lat="19.180770000000003" lon="98.91231">
        <ele>352.86</ele>
      </trkpt>
      <trkpt lat="19.18048000171561" lon="98.91310500138843">
        <ele>354.46000000000004</ele>
      </trkpt>
      <trkpt lat="19.180190000000003" lon="98.91390000000001">
        <ele>356.03000000000003</ele>
      </trkpt>
      <trkpt lat="19.179930000000002" lon="98.91437">
        <ele>356.19</ele>
      </trkpt>
      <trkpt lat="19.1794" lon="98.91512">
        <ele>355.59000000000003</ele>
      </trkpt>
      <trkpt lat="19.179060000000003" lon="98.91574000000001">
        <ele>353.6</ele>
      </trkpt>
      <trkpt lat="19.17896" lon="98.91589">
        <ele>353.15000000000003</ele>
      </trkpt>
      <trkpt lat="19.17882" lon="98.91603">
        <ele>353.02000000000004</ele>
      </trkpt>
      <trkpt lat="19.17868" lon="98.91610000000001">
        <ele>353.11</ele>
      </trkpt>
      <trkpt lat="19.17847" lon="98.91613000000001">
        <ele>353.35</ele>
      </trkpt>
      <trkpt lat="19.1782" lon="98.91613000000001">
        <ele>353.47</ele>
      </trkpt>
      <trkpt lat="19.177760000000003" lon="98.91612">
        <ele>354.72</ele>
      </trkpt>
      <trkpt lat="19.17726500009944" lon="98.91605499981628">
        <ele>357.88000000000005</ele>
      </trkpt>
      <trkpt lat="19.17677" lon="98.91599000000001">
        <ele>360.66</ele>
      </trkpt>
      <trkpt lat="19.17648" lon="98.91599000000001">
        <ele>361.67</ele>
      </trkpt>
      <trkpt lat="19.1762" lon="98.91603">
        <ele>362.19</ele>
      </trkpt>
      <trkpt lat="19.17567" lon="98.91616">
        <ele>362.87</ele>
      </trkpt>
      <trkpt lat="19.175050000000002" lon="98.91635000000001">
        <ele>363.03000000000003</ele>
      </trkpt>
      <trkpt lat="19.174860000000002" lon="98.91644000000001">
        <ele>363.01000000000005</ele>
      </trkpt>
      <trkpt lat="19.174670000000003" lon="98.91658000000001">
        <ele>363.05</ele>
      </trkpt>
      <trkpt lat="19.174500000000002" lon="98.91677000000001">
        <ele>363.34000000000003</ele>
      </trkpt>
      <trkpt lat="19.174390000000002" lon="98.91692">
        <ele>363.55</ele>
      </trkpt>
      <trkpt lat="19.17405" lon="98.91763">
        <ele>364.13</ele>
      </trkpt>
      <trkpt lat="19.17383500096344" lon="98.91823000081396">
        <ele>363.92</ele>
      </trkpt>
      <trkpt lat="19.173620000000003" lon="98.91883000000001">
        <ele>364.03000000000003</ele>
      </trkpt>
      <trkpt lat="19.173350001350283" lon="98.91954500126072">
        <ele>363.78000000000003</ele>
      </trkpt>
      <trkpt lat="19.173080000000002" lon="98.92026000000001">
        <ele>363.63</ele>
      </trkpt>
      <trkpt lat="19.17290500088157" lon="98.9208450007712">
        <ele>363.41</ele>
      </trkpt>
      <trkpt lat="19.17273" lon="98.92143000000002">
        <ele>363.59000000000003</ele>
      </trkpt>
      <trkpt lat="19.172520001083406" lon="98.92206000077586">
        <ele>363.37</ele>
      </trkpt>
      <trkpt lat="19.172310000000003" lon="98.92269">
        <ele>363.2900000000001</ele>
      </trkpt>
      <trkpt lat="19.17207800615866" lon="98.92344400423637">
        <ele>363.31</ele>
      </trkpt>
      <trkpt lat="19.171846009239417" lon="98.92419800634977">
        <ele>363.97</ele>
      </trkpt>
      <trkpt lat="19.171614009242333" lon="98.92495200634013">
        <ele>364.98</ele>
      </trkpt>
      <trkpt lat="19.171382006167445" lon="98.9257060042075">
        <ele>366.9</ele>
      </trkpt>
      <trkpt lat="19.17115" lon="98.92646">
        <ele>367.78000000000003</ele>
      </trkpt>
      <trkpt lat="19.171010000000003" lon="98.92673">
        <ele>367.68</ele>
      </trkpt>
      <trkpt lat="19.17085" lon="98.92696000000001">
        <ele>367.33000000000004</ele>
      </trkpt>
      <trkpt lat="19.170620000000003" lon="98.92720000000001">
        <ele>366.87</ele>
      </trkpt>
      <trkpt lat="19.170090003026846" lon="98.9277280067832">
        <ele>364.49</ele>
      </trkpt>
      <trkpt lat="19.1695600045445" lon="98.9282560101704">
        <ele>363.77000000000004</ele>
      </trkpt>
      <trkpt lat="19.169030004553004" lon="98.92878401016176">
        <ele>363.67</ele>
      </trkpt>
      <trkpt lat="19.168500003052422" lon="98.92931200675737">
        <ele>363.86</ele>
      </trkpt>
      <trkpt lat="19.16797" lon="98.92984000000001">
        <ele>363.86</ele>
      </trkpt>
      <trkpt lat="19.167432002782114" lon="98.93034600659618">
        <ele>363.77000000000004</ele>
      </trkpt>
      <trkpt lat="19.166894004178346" lon="98.93085200988922">
        <ele>363.40000000000003</ele>
      </trkpt>
      <trkpt lat="19.166356004188742" lon="98.93135800987929">
        <ele>362.65000000000003</ele>
      </trkpt>
      <trkpt lat="19.165818002813353" lon="98.93186400656649">
        <ele>361.91</ele>
      </trkpt>
      <trkpt lat="19.165280000000003" lon="98.93237">
        <ele>361.08</ele>
      </trkpt>
      <trkpt lat="19.16478" lon="98.93292000000001">
        <ele>360.90000000000003</ele>
      </trkpt>
      <trkpt lat="19.16438" lon="98.93352">
        <ele>361.57</ele>
      </trkpt>
      <trkpt lat="19.16409" lon="98.93435000000001">
        <ele>365.25</ele>
      </trkpt>
      <trkpt lat="19.163970000000003" lon="98.93483">
        <ele>370.08</ele>
      </trkpt>
      <trkpt lat="19.163820003976223" lon="98.93568666819947">
        <ele>375.56</ele>
      </trkpt>
      <trkpt lat="19.163670003980773" lon="98.93654333484011">
        <ele>380.16</ele>
      </trkpt>
      <trkpt lat="19.163520000000002" lon="98.93740000000001">
        <ele>384.61</ele>
      </trkpt>
      <trkpt lat="19.16343" lon="98.93777000000001">
        <ele>387.42</ele>
      </trkpt>
      <trkpt lat="19.16309" lon="98.93842000000001">
        <ele>391.73</ele>
      </trkpt>
      <trkpt lat="19.1629" lon="98.93864">
        <ele>392.03000000000003</ele>
      </trkpt>
      <trkpt lat="19.162650000000003" lon="98.93888000000001">
        <ele>392.74</ele>
      </trkpt>
      <trkpt lat="19.162360000000003" lon="98.93908">
        <ele>392.72</ele>
      </trkpt>
      <trkpt lat="19.16176333407504" lon="98.9394533360431">
        <ele>392.78000000000003</ele>
      </trkpt>
      <trkpt lat="19.161166667395843" lon="98.93982666938425">
        <ele>393.02000000000004</ele>
      </trkpt>
      <trkpt lat="19.16057" lon="98.9402">
        <ele>394.03000000000003</ele>
      </trkpt>
      <trkpt lat="19.15979" lon="98.94061">
        <ele>394.69000000000005</ele>
      </trkpt>
      <trkpt lat="19.158998001709662" lon="98.94100600760065">
        <ele>395.33</ele>
      </trkpt>
      <trkpt lat="19.158206002570804" lon="98.94140201139759">
        <ele>395.81000000000006</ele>
      </trkpt>
      <trkpt lat="19.15741400258348" lon="98.94179801139103">
        <ele>396.26000000000005</ele>
      </trkpt>
      <trkpt lat="19.156622001747728" lon="98.94219400758118">
        <ele>396.6</ele>
      </trkpt>
      <trkpt lat="19.15583" lon="98.94259000000001">
        <ele>397.0400000000001</ele>
      </trkpt>
      <trkpt lat="19.155153333675358" lon="98.94284666877796">
        <ele>396.96000000000004</ele>
      </trkpt>
      <trkpt lat="19.154476666994324" lon="98.94310333545005">
        <ele>396.99</ele>
      </trkpt>
      <trkpt lat="19.1538" lon="98.94336000000001">
        <ele>396.77</ele>
      </trkpt>
      <trkpt lat="19.15343" lon="98.94357000000001">
        <ele>396.78000000000003</ele>
      </trkpt>
      <trkpt lat="19.152675000621226" lon="98.94406000226081">
        <ele>396.8</ele>
      </trkpt>
      <trkpt lat="19.15192" lon="98.94455">
        <ele>396.94</ele>
      </trkpt>
      <trkpt lat="19.15153" lon="98.94477">
        <ele>397.11</ele>
      </trkpt>
      <trkpt lat="19.15117" lon="98.94492000000001">
        <ele>397.32</ele>
      </trkpt>
      <trkpt lat="19.150730000000003" lon="98.94506000000001">
        <ele>397.45000000000005</ele>
      </trkpt>
      <trkpt lat="19.149986666899043" lon="98.94525000170248">
        <ele>397.0400000000001</ele>
      </trkpt>
      <trkpt lat="19.149243333602836" lon="98.94544000169296">
        <ele>396.49</ele>
      </trkpt>
      <trkpt lat="19.148500000000002" lon="98.94563000000001">
        <ele>395.72</ele>
      </trkpt>
      <trkpt lat="19.14795500019981" lon="98.94583000062693">
        <ele>395.15000000000003</ele>
      </trkpt>
      <trkpt lat="19.14741" lon="98.94603000000001">
        <ele>394.99</ele>
      </trkpt>
      <trkpt lat="19.146925000129023" lon="98.94628000075534">
        <ele>393.72</ele>
      </trkpt>
      <trkpt lat="19.146440000000002" lon="98.94653000000001">
        <ele>393.70000000000005</ele>
      </trkpt>
      <trkpt lat="19.14627" lon="98.94667000000001">
        <ele>393.71000000000004</ele>
      </trkpt>
      <trkpt lat="19.14646" lon="98.94665">
        <ele>393.71000000000004</ele>
      </trkpt>
      <trkpt lat="19.14664" lon="98.94666000000001">
        <ele>393.55</ele>
      </trkpt>
      <trkpt lat="19.146890000000003" lon="98.9467">
        <ele>393.55</ele>
      </trkpt>
      <trkpt lat="19.147700000197798" lon="98.94689999803194">
        <ele>393.01</ele>
      </trkpt>
      <trkpt lat="19.14851000017927" lon="98.94709999802734">
        <ele>393.0</ele>
      </trkpt>
      <trkpt lat="19.149320000000003" lon="98.94730000000001">
        <ele>393.53000000000003</ele>
      </trkpt>
      <trkpt lat="19.150175000192895" lon="98.94749999898343">
        <ele>393.53000000000003</ele>
      </trkpt>
      <trkpt lat="19.151030000000002" lon="98.94770000000001">
        <ele>394.37000000000006</ele>
      </trkpt>
      <trkpt lat="19.151010000000003" lon="98.94781">
        <ele>394.3</ele>
      </trkpt>
      <trkpt lat="19.15039" lon="98.94764">
        <ele>394.19000000000005</ele>
      </trkpt>
      <trkpt lat="19.149535000333984" lon="98.94743249677069">
        <ele>394.13000000000005</ele>
      </trkpt>
      <trkpt lat="19.148680000435093" lon="98.94722499569187">
        <ele>393.87000000000006</ele>
      </trkpt>
      <trkpt lat="19.147825000303342" lon="98.9470174967634">
        <ele>393.59000000000003</ele>
      </trkpt>
      <trkpt lat="19.146970000000003" lon="98.94681000000001">
        <ele>393.42</ele>
      </trkpt>
      <trkpt lat="19.14639" lon="98.94673">
        <ele>393.28000000000003</ele>
      </trkpt>
      <trkpt lat="19.14628" lon="98.94675000000001">
        <ele>393.28000000000003</ele>
      </trkpt>
      <trkpt lat="19.145970000000002" lon="98.94682">
        <ele>393.22</ele>
      </trkpt>
      <trkpt lat="19.145193333706448" lon="98.94708000244452">
        <ele>393.07000000000005</ele>
      </trkpt>
      <trkpt lat="19.14441666704735" lon="98.94734000244193">
        <ele>391.36</ele>
      </trkpt>
      <trkpt lat="19.14364" lon="98.94760000000001">
        <ele>387.95</ele>
      </trkpt>
      <trkpt lat="19.14338" lon="98.94766000000001">
        <ele>386.67</ele>
      </trkpt>
      <trkpt lat="19.14272" lon="98.94776">
        <ele>381.92</ele>
      </trkpt>
      <trkpt lat="19.14226" lon="98.94781">
        <ele>378.56</ele>
      </trkpt>
      <trkpt lat="19.142110000000002" lon="98.94781">
        <ele>377.87</ele>
      </trkpt>
      <trkpt lat="19.141810000000003" lon="98.94776">
        <ele>375.41</ele>
      </trkpt>
      <trkpt lat="19.141233333618462" lon="98.9475366651123">
        <ele>366.83000000000004</ele>
      </trkpt>
      <trkpt lat="19.14065666696725" lon="98.94731333178497">
        <ele>361.02</ele>
      </trkpt>
      <trkpt lat="19.14008" lon="98.94709">
        <ele>356.83000000000004</ele>
      </trkpt>
      <trkpt lat="19.139740000000003" lon="98.94703000000001">
        <ele>354.97</ele>
      </trkpt>
      <trkpt lat="19.13961" lon="98.94704">
        <ele>353.62000000000006</ele>
      </trkpt>
      <trkpt lat="19.139460000000003" lon="98.94708000000001">
        <ele>353.14</ele>
      </trkpt>
      <trkpt lat="19.13922" lon="98.94722">
        <ele>352.31</ele>
      </trkpt>
      <trkpt lat="19.13857" lon="98.94776">
        <ele>350.43</ele>
      </trkpt>
      <trkpt lat="19.13821" lon="98.94802000000001">
        <ele>350.7</ele>
      </trkpt>
      <trkpt lat="19.13801" lon="98.94813">
        <ele>351.04</ele>
      </trkpt>
      <trkpt lat="19.137210000000003" lon="98.94832000000001">
        <ele>351.6</ele>
      </trkpt>
      <trkpt lat="19.13648400019645" lon="98.94845800242874">
        <ele>351.54</ele>
      </trkpt>
      <trkpt lat="19.135758000289965" lon="98.94859600364393">
        <ele>351.32</ele>
      </trkpt>
      <trkpt lat="19.13503200028053" lon="98.94873400364567">
        <ele>351.48</ele>
      </trkpt>
      <trkpt lat="19.134306000168166" lon="98.94887200243399">
        <ele>351.35</ele>
      </trkpt>
      <trkpt lat="19.133580000000002" lon="98.94901">
        <ele>351.18000000000006</ele>
      </trkpt>
      <trkpt lat="19.132969999991502" lon="98.94911000074896">
        <ele>350.63000000000005</ele>
      </trkpt>
      <trkpt lat="19.13235999992897" lon="98.94921000075921">
        <ele>349.93</ele>
      </trkpt>
      <trkpt lat="19.13175" lon="98.94931000000001">
        <ele>349.85</ele>
      </trkpt>
      <trkpt lat="19.131200000000003" lon="98.94934">
        <ele>347.44</ele>
      </trkpt>
      <trkpt lat="19.13091" lon="98.94934">
        <ele>346.27000000000004</ele>
      </trkpt>
      <trkpt lat="19.130070000020083" lon="98.94926999928754">
        <ele>343.89000000000004</ele>
      </trkpt>
      <trkpt lat="19.129230000013685" lon="98.949199999287">
        <ele>342.0</ele>
      </trkpt>
      <trkpt lat="19.128390000000003" lon="98.94913000000001">
        <ele>340.69000000000005</ele>
      </trkpt>
      <trkpt lat="19.12829" lon="98.94953000000001">
        <ele>340.94</ele>
      </trkpt>
      <trkpt lat="19.128210000000003" lon="98.94965">
        <ele>340.89000000000004</ele>
      </trkpt>
      <trkpt lat="19.12806" lon="98.94977000000002">
        <ele>340.82</ele>
      </trkpt>
      <trkpt lat="19.127460000149846" lon="98.9499350005783">
        <ele>340.52000000000004</ele>
      </trkpt>
      <trkpt lat="19.12686" lon="98.9501">
        <ele>341.24</ele>
      </trkpt>
      <trkpt lat="19.126285000088572" lon="98.9501500001669">
        <ele>341.72</ele>
      </trkpt>
      <trkpt lat="19.12571" lon="98.95020000000001">
        <ele>341.12</ele>
      </trkpt>
      <trkpt lat="19.12490999998083" lon="98.95035000074125">
        <ele>340.38</ele>
      </trkpt>
      <trkpt lat="19.12411" lon="98.9505">
        <ele>340.34000000000003</ele>
      </trkpt>
      <trkpt lat="19.12384" lon="98.95060000000001">
        <ele>340.56</ele>
      </trkpt>
      <trkpt lat="19.123310000620627" lon="98.95096000236332">
        <ele>341.30000000000007</ele>
      </trkpt>
      <trkpt lat="19.12278000054112" lon="98.95132000241729">
        <ele>340.94</ele>
      </trkpt>
      <trkpt lat="19.12225" lon="98.95168000000001">
        <ele>340.26</ele>
      </trkpt>
      <trkpt lat="19.121560000000002" lon="98.95191000000001">
        <ele>339.79</ele>
      </trkpt>
      <trkpt lat="19.12111" lon="98.95193">
        <ele>339.72</ele>
      </trkpt>
      <trkpt lat="19.120630000000002" lon="98.95187000000001">
        <ele>340.19000000000005</ele>
      </trkpt>
      <trkpt lat="19.12002" lon="98.95163000000001">
        <ele>341.34000000000003</ele>
      </trkpt>
      <trkpt lat="19.11954" lon="98.95137000000001">
        <ele>340.17</ele>
      </trkpt>
      <trkpt lat="19.11914" lon="98.95123000000001">
        <ele>339.23</ele>
      </trkpt>
      <trkpt lat="19.118629999987434" lon="98.95107999951561">
        <ele>339.55</ele>
      </trkpt>
      <trkpt lat="19.11812" lon="98.95093000000001">
        <ele>340.12</ele>
      </trkpt>
      <trkpt lat="19.117780000000003" lon="98.95095">
        <ele>339.26</ele>
      </trkpt>
      <trkpt lat="19.117175000081513" lon="98.95112000062124">
        <ele>338.72</ele>
      </trkpt>
      <trkpt lat="19.116570000000003" lon="98.95129000000001">
        <ele>338.89000000000004</ele>
      </trkpt>
      <trkpt lat="19.116380000000003" lon="98.95138000000001">
        <ele>338.87</ele>
      </trkpt>
      <trkpt lat="19.115900000400618" lon="98.95180500131116">
        <ele>338.86000000000007</ele>
      </trkpt>
      <trkpt lat="19.11542" lon="98.95223000000001">
        <ele>340.31</ele>
      </trkpt>
      <trkpt lat="19.11513" lon="98.95243">
        <ele>340.58000000000004</ele>
      </trkpt>
      <trkpt lat="19.11495" lon="98.95250000000001">
        <ele>340.69000000000005</ele>
      </trkpt>
      <trkpt lat="19.11475" lon="98.95254000000001">
        <ele>340.69000000000005</ele>
      </trkpt>
      <trkpt lat="19.114104999891424" lon="98.95262500034849">
        <ele>341.29</ele>
      </trkpt>
      <trkpt lat="19.11346" lon="98.95271000000001">
        <ele>341.93</ele>
      </trkpt>
      <trkpt lat="19.11259" lon="98.95285000000001">
        <ele>341.59</ele>
      </trkpt>
      <trkpt lat="19.11197499998177" lon="98.95292000026396">
        <ele>341.1</ele>
      </trkpt>
      <trkpt lat="19.11136" lon="98.95299000000001">
        <ele>340.79</ele>
      </trkpt>
      <trkpt lat="19.110530000034103" lon="98.95310500057744">
        <ele>339.76</ele>
      </trkpt>
      <trkpt lat="19.1097" lon="98.95322">
        <ele>340.1</ele>
      </trkpt>
      <trkpt lat="19.108835000056636" lon="98.95336000073165">
        <ele>340.24</ele>
      </trkpt>
      <trkpt lat="19.10797" lon="98.9535">
        <ele>340.42</ele>
      </trkpt>
      <trkpt lat="19.10751999982275" lon="98.9535650002041">
        <ele>340.22</ele>
      </trkpt>
      <trkpt lat="19.10707" lon="98.95363">
        <ele>339.82</ele>
      </trkpt>
      <trkpt lat="19.106370000000002" lon="98.95372">
        <ele>339.89000000000004</ele>
      </trkpt>
      <trkpt lat="19.106080000000002" lon="98.95332">
        <ele>338.66</ele>
      </trkpt>
      <trkpt lat="19.105686668940127" lon="98.9526666635086">
        <ele>337.71</ele>
      </trkpt>
      <trkpt lat="19.10529333557613" lon="98.95201333012439">
        <ele>337.01000000000005</ele>
      </trkpt>
      <trkpt lat="19.1049" lon="98.95136000000001">
        <ele>337.28000000000003</ele>
      </trkpt>
      <trkpt lat="19.10479" lon="98.95127000000001">
        <ele>337.28000000000003</ele>
      </trkpt>
      <trkpt lat="19.104670000000002" lon="98.95127000000001">
        <ele>337.33</ele>
      </trkpt>
      <trkpt lat="19.10390500003236" lon="98.95143500077191">
        <ele>337.21</ele>
      </trkpt>
      <trkpt lat="19.10314" lon="98.95160000000001">
        <ele>337.6</ele>
      </trkpt>
      <trkpt lat="19.1031" lon="98.95135">
        <ele>337.75000000000006</ele>
      </trkpt>
      <trkpt lat="19.10301" lon="98.95115000000001">
        <ele>338.06</ele>
      </trkpt>
      <trkpt lat="19.10282" lon="98.95094">
        <ele>338.22</ele>
      </trkpt>
      <trkpt lat="19.102610000000002" lon="98.95081">
        <ele>338.39000000000004</ele>
      </trkpt>
      <trkpt lat="19.10247" lon="98.95076">
        <ele>338.22</ele>
      </trkpt>
      <trkpt lat="19.10217" lon="98.95078000000001">
        <ele>338.03000000000003</ele>
      </trkpt>
      <trkpt lat="19.1018" lon="98.9509">
        <ele>337.93</ele>
      </trkpt>
      <trkpt lat="19.101370000000003" lon="98.95119000000001">
        <ele>337.65</ele>
      </trkpt>
      <trkpt lat="19.100733334686698" lon="98.95169333721793">
        <ele>336.85</ele>
      </trkpt>
      <trkpt lat="19.100096668006127" lon="98.95219667056219">
        <ele>336.34000000000003</ele>
      </trkpt>
      <trkpt lat="19.09946" lon="98.95270000000001">
        <ele>335.70000000000005</ele>
      </trkpt>
      <trkpt lat="19.09908" lon="98.95294000000001">
        <ele>335.32</ele>
      </trkpt>
      <trkpt lat="19.0988" lon="98.95301">
        <ele>335.3</ele>
      </trkpt>
      <trkpt lat="19.09851" lon="98.95296">
        <ele>335.32</ele>
      </trkpt>
      <trkpt lat="19.09831" lon="98.95288000000001">
        <ele>335.3</ele>
      </trkpt>
      <trkpt lat="19.097483752180697" lon="98.95253998811683">
        <ele>335.14000000000004</ele>
      </trkpt>
      <trkpt lat="19.09665750373757" lon="98.95219997962893">
        <ele>335.06</ele>
      </trkpt>
      <trkpt lat="19.095831254670667" lon="98.95185997453613">
        <ele>334.93</ele>
      </trkpt>
      <trkpt lat="19.09500500498001" lon="98.95151997283824">
        <ele>334.88</ele>
      </trkpt>
      <trkpt lat="19.09417875466564" lon="98.9511799745351">
        <ele>335.06</ele>
      </trkpt>
      <trkpt lat="19.0933525037276" lon="98.95083997962647">
        <ele>335.40000000000003</ele>
      </trkpt>
      <trkpt lat="19.092526252165914" lon="98.95049998811217">
        <ele>335.15</ele>
      </trkpt>
      <trkpt lat="19.091700000000003" lon="98.95016000000001">
        <ele>334.70000000000005</ele>
      </trkpt>
      <trkpt lat="19.091450000000002" lon="98.95008000000001">
        <ele>334.52000000000004</ele>
      </trkpt>
      <trkpt lat="19.091160000000002" lon="98.95004">
        <ele>334.33</ele>
      </trkpt>
      <trkpt lat="19.09081" lon="98.95003000000001">
        <ele>334.15</ele>
      </trkpt>
      <trkpt lat="19.090055000136847" lon="98.95006500015344">
        <ele>334.15</ele>
      </trkpt>
      <trkpt lat="19.0893" lon="98.9501">
        <ele>334.64000000000004</ele>
      </trkpt>
      <trkpt lat="19.08873000010876" lon="98.95011000003254">
        <ele>335.20000000000005</ele>
      </trkpt>
      <trkpt lat="19.088160000000002" lon="98.95012000000001">
        <ele>335.47</ele>
      </trkpt>
      <trkpt lat="19.087780000000002" lon="98.95016000000001">
        <ele>335.70000000000005</ele>
      </trkpt>
      <trkpt lat="19.08753" lon="98.95023">
        <ele>335.72</ele>
      </trkpt>
      <trkpt lat="19.08723" lon="98.95034000000001">
        <ele>335.66</ele>
      </trkpt>
      <trkpt lat="19.086685000151864" lon="98.95064500105927">
        <ele>335.65</ele>
      </trkpt>
      <trkpt lat="19.08614" lon="98.95095">
        <ele>335.49</ele>
      </trkpt>
      <trkpt lat="19.085380000871847" lon="98.95135000366682">
        <ele>334.4800000000001</ele>
      </trkpt>
      <trkpt lat="19.08462000088078" lon="98.95175000366204">
        <ele>333.89</ele>
      </trkpt>
      <trkpt lat="19.08386" lon="98.95215">
        <ele>333.54</ele>
      </trkpt>
      <trkpt lat="19.083050000591445" lon="98.95242500404164">
        <ele>333.24</ele>
      </trkpt>
      <trkpt lat="19.082240000775073" lon="98.95270000539333">
        <ele>333.26</ele>
      </trkpt>
      <trkpt lat="19.081430000550895" lon="98.95297500405525">
        <ele>333.01000000000005</ele>
      </trkpt>
      <trkpt lat="19.080620000000003" lon="98.95325000000001">
        <ele>332.90000000000003</ele>
      </trkpt>
      <trkpt lat="19.080340000000003" lon="98.95339000000001">
        <ele>332.88</ele>
      </trkpt>
      <trkpt lat="19.07968200278015" lon="98.95389800807332">
        <ele>332.72</ele>
      </trkpt>
      <trkpt lat="19.07902400416884" lon="98.95440601211082">
        <ele>332.90000000000003</ele>
      </trkpt>
      <trkpt lat="19.07836600416614" lon="98.95491401211268">
        <ele>332.91</ele>
      </trkpt>
      <trkpt lat="19.077708002772116" lon="98.95542200807908">
        <ele>332.93</ele>
      </trkpt>
      <trkpt lat="19.07705" lon="98.95593000000001">
        <ele>333.05</ele>
      </trkpt>
      <trkpt lat="19.07675" lon="98.95611000000001">
        <ele>333.05</ele>
      </trkpt>
      <trkpt lat="19.075954001429245" lon="98.95647600704008">
        <ele>333.11</ele>
      </trkpt>
      <trkpt lat="19.075158002136327" lon="98.9568420105634">
        <ele>333.20000000000005</ele>
      </trkpt>
      <trkpt lat="19.074362002121294" lon="98.95720801057011">
        <ele>333.11</ele>
      </trkpt>
      <trkpt lat="19.073566001384172" lon="98.9575740070604">
        <ele>333.32</ele>
      </trkpt>
      <trkpt lat="19.072770000000002" lon="98.95794000000001">
        <ele>333.31000000000006</ele>
      </trkpt>
      <trkpt lat="19.07195666749042" lon="98.958336670572">
        <ele>332.70000000000005</ele>
      </trkpt>
      <trkpt lat="19.071143334132753" lon="98.95873333725044">
        <ele>332.14000000000004</ele>
      </trkpt>
      <trkpt lat="19.070330000000002" lon="98.95913">
        <ele>331.54</ele>
      </trkpt>
      <trkpt lat="19.069677500712018" lon="98.9594275035151">
        <ele>331.13000000000005</ele>
      </trkpt>
      <trkpt lat="19.06902500094704" lon="98.95972500468778">
        <ele>330.93</ele>
      </trkpt>
      <trkpt lat="19.068372500705077" lon="98.96002250351815">
        <ele>330.98</ele>
      </trkpt>
      <trkpt lat="19.06772" lon="98.96032000000001">
        <ele>331.34000000000003</ele>
      </trkpt>
      <trkpt lat="19.06747" lon="98.96048">
        <ele>331.57000000000005</ele>
      </trkpt>
      <trkpt lat="19.06704500040871" lon="98.96081500077507">
        <ele>331.91</ele>
      </trkpt>
      <trkpt lat="19.06662" lon="98.96115">
        <ele>332.21</ele>
      </trkpt>
      <trkpt lat="19.06634" lon="98.96074">
        <ele>330.87000000000006</ele>
      </trkpt>
      <trkpt lat="19.066030000450603" lon="98.96028499899185">
        <ele>330.05</ele>
      </trkpt>
      <trkpt lat="19.065720000000002" lon="98.95983000000001">
        <ele>329.44</ele>
      </trkpt>
      <trkpt lat="19.06541" lon="98.95943000000001">
        <ele>329.08000000000004</ele>
      </trkpt>
      <trkpt lat="19.06509" lon="98.9591">
        <ele>329.26000000000005</ele>
      </trkpt>
      <trkpt lat="19.064780000000003" lon="98.95896">
        <ele>329.27</ele>
      </trkpt>
      <trkpt lat="19.064500000000002" lon="98.95875000000001">
        <ele>329.08000000000004</ele>
      </trkpt>
      <trkpt lat="19.064030000000002" lon="98.95851">
        <ele>328.97</ele>
      </trkpt>
      <trkpt lat="19.063660000000002" lon="98.95835000000001">
        <ele>329.02000000000004</ele>
      </trkpt>
      <trkpt lat="19.063260000000003" lon="98.95824">
        <ele>328.99</ele>
      </trkpt>
      <trkpt lat="19.06288" lon="98.95816">
        <ele>329.07000000000005</ele>
      </trkpt>
      <trkpt lat="19.062520000000003" lon="98.95812000000001">
        <ele>329.09000000000003</ele>
      </trkpt>
      <trkpt lat="19.06208" lon="98.9581">
        <ele>329.06</ele>
      </trkpt>
      <trkpt lat="19.061690000000002" lon="98.95812000000001">
        <ele>329.25000000000006</ele>
      </trkpt>
      <trkpt lat="19.061400000000003" lon="98.95818000000001">
        <ele>329.25000000000006</ele>
      </trkpt>
      <trkpt lat="19.06105" lon="98.95827000000001">
        <ele>329.11</ele>
      </trkpt>
      <trkpt lat="19.06047000011441" lon="98.95848500075572">
        <ele>329.08000000000004</ele>
      </trkpt>
      <trkpt lat="19.059890000000003" lon="98.95870000000001">
        <ele>329.01</ele>
      </trkpt>
      <trkpt lat="19.059044002078505" lon="98.95899301345115">
        <ele>328.77</ele>
      </trkpt>
      <trkpt lat="19.05819800369451" lon="98.95928602391285">
        <ele>328.59000000000003</ele>
      </trkpt>
      <trkpt lat="19.057352004848063" lon="98.95957903138532">
        <ele>328.42</ele>
      </trkpt>
      <trkpt lat="19.05650600553917" lon="98.95987203586871">
        <ele>328.33</ele>
      </trkpt>
      <trkpt lat="19.055660005767873" lon="98.96016503736323">
        <ele>328.31000000000006</ele>
      </trkpt>
      <trkpt lat="19.054814005534187" lon="98.960458035869">
        <ele>328.14000000000004</ele>
      </trkpt>
      <trkpt lat="19.053968004838147" lon="98.96075103138622">
        <ele>328.09000000000003</ele>
      </trkpt>
      <trkpt lat="19.05312200367977" lon="98.96104402391506">
        <ele>328.24</ele>
      </trkpt>
      <trkpt lat="19.052276002059102" lon="98.96133701345569">
        <ele>328.12</ele>
      </trkpt>
      <trkpt lat="19.05143" lon="98.96163000000001">
        <ele>327.86</ele>
      </trkpt>
      <trkpt lat="19.050870000000003" lon="98.96191">
        <ele>327.8</ele>
      </trkpt>
      <trkpt lat="19.050127147273678" lon="98.96243287118659">
        <ele>327.68</ele>
      </trkpt>
      <trkpt lat="19.049384293075217" lon="98.96295573769144">
        <ele>327.6</ele>
      </trkpt>
      <trkpt lat="19.04864143740471" lon="98.96347859951477">
        <ele>327.54</ele>
      </trkpt>
      <trkpt lat="19.04789858026222" lon="98.9640014566568">
        <ele>327.47</ele>
      </trkpt>
      <trkpt lat="19.047155721647833" lon="98.96452430911779">
        <ele>327.37000000000006</ele>
      </trkpt>
      <trkpt lat="19.046412861561613" lon="98.96504715689792">
        <ele>327.33</ele>
      </trkpt>
      <trkpt lat="19.04567" lon="98.96557000000001">
        <ele>327.40000000000003</ele>
      </trkpt>
      <trkpt lat="19.044935718699872" lon="98.96609287102144">
        <ele>327.3</ele>
      </trkpt>
      <trkpt lat="19.04420143592796" lon="98.96661573741652">
        <ele>327.32</ele>
      </trkpt>
      <trkpt lat="19.043467151684325" lon="98.96713859918545">
        <ele>327.41</ele>
      </trkpt>
      <trkpt lat="19.04273286596906" lon="98.96766145632844">
        <ele>327.61</ele>
      </trkpt>
      <trkpt lat="19.041998578782223" lon="98.96818430884575">
        <ele>327.99</ele>
      </trkpt>
      <trkpt lat="19.041264290123898" lon="98.9687071567376">
        <ele>328.20000000000005</ele>
      </trkpt>
      <trkpt lat="19.04053" lon="98.96923000000001">
        <ele>328.86</ele>
      </trkpt>
      <trkpt lat="19.04014" lon="98.96943">
        <ele>328.92</ele>
      </trkpt>
      <trkpt lat="19.039820000000002" lon="98.96952">
        <ele>328.91</ele>
      </trkpt>
      <trkpt lat="19.03948" lon="98.96953">
        <ele>328.95</ele>
      </trkpt>
      <trkpt lat="19.039250000000003" lon="98.96951000000001">
        <ele>328.82</ele>
      </trkpt>
      <trkpt lat="19.038413333504682" lon="98.96933666492184">
        <ele>328.34000000000003</ele>
      </trkpt>
      <trkpt lat="19.037576666847666" lon="98.96916333159054">
        <ele>328.31000000000006</ele>
      </trkpt>
      <trkpt lat="19.03674" lon="98.96899">
        <ele>328.12</ele>
      </trkpt>
      <trkpt lat="19.035905000147935" lon="98.96879499903012">
        <ele>327.74</ele>
      </trkpt>
      <trkpt lat="19.03507" lon="98.96860000000001">
        <ele>327.89</ele>
      </trkpt>
      <trkpt lat="19.03471" lon="98.96848000000001">
        <ele>327.70000000000005</ele>
      </trkpt>
      <trkpt lat="19.034460000000003" lon="98.96834000000001">
        <ele>327.70000000000005</ele>
      </trkpt>
      <trkpt lat="19.034020000403945" lon="98.96790999876941">
        <ele>327.52000000000004</ele>
      </trkpt>
      <trkpt lat="19.03358" lon="98.96748000000001">
        <ele>327.13000000000005</ele>
      </trkpt>
      <trkpt lat="19.03301" lon="98.96707">
        <ele>326.83</ele>
      </trkpt>
      <trkpt lat="19.03264" lon="98.96688">
        <ele>326.75000000000006</ele>
      </trkpt>
      <trkpt lat="19.03244" lon="98.96681000000001">
        <ele>326.75000000000006</ele>
      </trkpt>
      <trkpt lat="19.031760000000002" lon="98.96674">
        <ele>326.49</ele>
      </trkpt>
      <trkpt lat="19.031460000000003" lon="98.96677000000001">
        <ele>326.38</ele>
      </trkpt>
      <trkpt lat="19.03061400044298" lon="98.96697200411403">
        <ele>326.33</ele>
      </trkpt>
      <trkpt lat="19.029768000666436" lon="98.96717400617045">
        <ele>326.22</ele>
      </trkpt>
      <trkpt lat="19.02892200067036" lon="98.96737600616937">
        <ele>326.14000000000004</ele>
      </trkpt>
      <trkpt lat="19.028076000454785" lon="98.96757800411096">
        <ele>326.14000000000004</ele>
      </trkpt>
      <trkpt lat="19.027230000000003" lon="98.96778">
        <ele>325.76000000000005</ele>
      </trkpt>
      <trkpt lat="19.026420834519254" lon="98.9679800107121">
        <ele>325.54</ele>
      </trkpt>
      <trkpt lat="19.025611668823316" lon="98.96818001947604">
        <ele>325.53000000000003</ele>
      </trkpt>
      <trkpt lat="19.02480250291222" lon="98.968380026292">
        <ele>325.24</ele>
      </trkpt>
      <trkpt lat="19.02399333678596" lon="98.96858003116">
        <ele>325.12</ele>
      </trkpt>
      <trkpt lat="19.02318417044456" lon="98.96878003408023">
        <ele>324.96000000000004</ele>
      </trkpt>
      <trkpt lat="19.022375003888015" lon="98.96898003505274">
        <ele>324.77</ele>
      </trkpt>
      <trkpt lat="19.02156583711636" lon="98.96918003407767">
        <ele>324.65000000000003</ele>
      </trkpt>
      <trkpt lat="19.020756670129593" lon="98.96938003115511">
        <ele>324.54</ele>
      </trkpt>
      <trkpt lat="19.01994750292773" lon="98.96958002628517">
        <ele>324.44</ele>
      </trkpt>
      <trkpt lat="19.01913833551078" lon="98.96978001946796">
        <ele>324.39</ele>
      </trkpt>
      <trkpt lat="19.018329167878758" lon="98.9699800107036">
        <ele>324.23</ele>
      </trkpt>
      <trkpt lat="19.01752" lon="98.97018000000001">
        <ele>324.06</ele>
      </trkpt>
      <trkpt lat="19.016700000578503" lon="98.97038667176228">
        <ele>324.04</ele>
      </trkpt>
      <trkpt lat="19.015880000927346" lon="98.97059334148571">
        <ele>324.09999999999997</ele>
      </trkpt>
      <trkpt lat="19.01506000104656" lon="98.97080000917042">
        <ele>324.04</ele>
      </trkpt>
      <trkpt lat="19.01424000093614" lon="98.97100667481651">
        <ele>324.08000000000004</ele>
      </trkpt>
      <trkpt lat="19.01342000059611" lon="98.97121333842412">
        <ele>324.06</ele>
      </trkpt>
      <trkpt lat="19.012600000000003" lon="98.97142000000001">
        <ele>324.31000000000006</ele>
      </trkpt>
      <trkpt lat="19.01204999990666" lon="98.97151000031654">
        <ele>324.36</ele>
      </trkpt>
      <trkpt lat="19.0115" lon="98.97160000000001">
        <ele>324.31000000000006</ele>
      </trkpt>
      <trkpt lat="19.010730000000002" lon="98.97169000000001">
        <ele>324.36</ele>
      </trkpt>
      <trkpt lat="19.00988714289076" lon="98.97174143013576">
        <ele>324.14000000000004</ele>
      </trkpt>
      <trkpt lat="19.009044285767303" lon="98.9717928597502">
        <ele>324.17</ele>
      </trkpt>
      <trkpt lat="19.008201428629633" lon="98.97184428884336">
        <ele>323.96000000000004</ele>
      </trkpt>
      <trkpt lat="19.007358571477745" lon="98.97189571741528">
        <ele>324.04</ele>
      </trkpt>
      <trkpt lat="19.00651571431164" lon="98.97194714546599">
        <ele>324.54</ele>
      </trkpt>
      <trkpt lat="19.00567285713132" lon="98.97199857299552">
        <ele>325.14000000000004</ele>
      </trkpt>
      <trkpt lat="19.004830000000002" lon="98.97205000000001">
        <ele>325.18</ele>
      </trkpt>
      <trkpt lat="19.004179999949926" lon="98.97208000011965">
        <ele>325.07</ele>
      </trkpt>
      <trkpt lat="19.00353" lon="98.97211000000001">
        <ele>324.85</ele>
      </trkpt>
      <trkpt lat="19.003300000000003" lon="98.97214000000001">
        <ele>324.85</ele>
      </trkpt>
      <trkpt lat="19.00287" lon="98.97224000000001">
        <ele>324.85</ele>
      </trkpt>
      <trkpt lat="19.0025" lon="98.97240000000001">
        <ele>324.59000000000003</ele>
      </trkpt>
      <trkpt lat="19.002170000000003" lon="98.97262">
        <ele>324.59000000000003</ele>
      </trkpt>
      <trkpt lat="19.001980000000003" lon="98.97277000000001">
        <ele>324.59000000000003</ele>
      </trkpt>
      <trkpt lat="19.001810000000003" lon="98.97293">
        <ele>324.46000000000004</ele>
      </trkpt>
      <trkpt lat="19.0015" lon="98.97327000000001">
        <ele>324.46000000000004</ele>
      </trkpt>
      <trkpt lat="19.000965001096585" lon="98.97392500217457">
        <ele>324.46000000000004</ele>
      </trkpt>
      <trkpt lat="19.00043" lon="98.97458">
        <ele>324.72</ele>
      </trkpt>
      <trkpt lat="18.99995500084787" lon="98.97516000172381">
        <ele>324.96000000000004</ele>
      </trkpt>
      <trkpt lat="18.999480000000002" lon="98.97574">
        <ele>325.27</ele>
      </trkpt>
      <trkpt lat="18.998920000000002" lon="98.97621000000001">
        <ele>325.40000000000003</ele>
      </trkpt>
      <trkpt lat="18.99866" lon="98.97638">
        <ele>325.45</ele>
      </trkpt>
      <trkpt lat="18.99828" lon="98.97658000000001">
        <ele>325.73</ele>
      </trkpt>
      <trkpt lat="18.99802" lon="98.97671000000001">
        <ele>325.8</ele>
      </trkpt>
      <trkpt lat="18.99746" lon="98.97692">
        <ele>326.01</ele>
      </trkpt>
      <trkpt lat="18.996742500359918" lon="98.97712750267988">
        <ele>326.09000000000003</ele>
      </trkpt>
      <trkpt lat="18.996025000488526" lon="98.9773350035706">
        <ele>326.22</ele>
      </trkpt>
      <trkpt lat="18.99530750038586" lon="98.97754250267229">
        <ele>326.16</ele>
      </trkpt>
      <trkpt lat="18.994590000000002" lon="98.97775000000001">
        <ele>326.42</ele>
      </trkpt>
      <trkpt lat="18.99400666680248" lon="98.97792666791455">
        <ele>326.37000000000006</ele>
      </trkpt>
      <trkpt lat="18.99342333343731" lon="98.97810333459084">
        <ele>326.35</ele>
      </trkpt>
      <trkpt lat="18.99284" lon="98.97828000000001">
        <ele>326.57</ele>
      </trkpt>
      <trkpt lat="18.99238" lon="98.97837000000001">
        <ele>326.63000000000005</ele>
      </trkpt>
      <trkpt lat="18.99163" lon="98.97838">
        <ele>326.78000000000003</ele>
      </trkpt>
      <trkpt lat="18.99109" lon="98.97831000000001">
        <ele>326.76000000000005</ele>
      </trkpt>
      <trkpt lat="18.99021250020001" lon="98.97814249734668">
        <ele>326.67</ele>
      </trkpt>
      <trkpt lat="18.989335000249348" lon="98.97797499645898">
        <ele>326.61</ele>
      </trkpt>
      <trkpt lat="18.988457500148016" lon="98.97780749733687">
        <ele>326.56</ele>
      </trkpt>
      <trkpt lat="18.98758" lon="98.97764000000001">
        <ele>326.54</ele>
      </trkpt>
      <trkpt lat="18.986970000000003" lon="98.97755000000001">
        <ele>326.41</ele>
      </trkpt>
      <trkpt lat="18.98644" lon="98.97756000000001">
        <ele>326.41</ele>
      </trkpt>
      <trkpt lat="18.98582" lon="98.97764000000001">
        <ele>326.65000000000003</ele>
      </trkpt>
      <trkpt lat="18.98526" lon="98.97781">
        <ele>326.69000000000005</ele>
      </trkpt>
      <trkpt lat="18.984690000334577" lon="98.97805333499183">
        <ele>326.91</ele>
      </trkpt>
      <trkpt lat="18.984120000351243" lon="98.97829666831802">
        <ele>327.06</ele>
      </trkpt>
      <trkpt lat="18.98355" lon="98.97854000000001">
        <ele>327.31000000000006</ele>
      </trkpt>
      <trkpt lat="18.982920000262432" lon="98.97882500105791">
        <ele>327.39</ele>
      </trkpt>
      <trkpt lat="18.982290000000003" lon="98.97911">
        <ele>327.23</ele>
      </trkpt>
      <trkpt lat="18.98149" lon="98.97951">
        <ele>326.99</ele>
      </trkpt>
      <trkpt lat="18.98074" lon="98.98">
        <ele>326.66</ele>
      </trkpt>
      <trkpt lat="18.98009500084793" lon="98.98053500200531">
        <ele>326.61</ele>
      </trkpt>
      <trkpt lat="18.97945" lon="98.98107">
        <ele>327.04</ele>
      </trkpt>
      <trkpt lat="18.978800000000003" lon="98.98151000000001">
        <ele>327.11</ele>
      </trkpt>
      <trkpt lat="18.97803" lon="98.98185000000001">
        <ele>326.41</ele>
      </trkpt>
      <trkpt lat="18.97748" lon="98.98204000000001">
        <ele>326.21</ele>
      </trkpt>
      <trkpt lat="18.97701" lon="98.98215">
        <ele>325.83</ele>
      </trkpt>
      <trkpt lat="18.976182727717177" lon="98.98227909731797">
        <ele>324.77</ele>
      </trkpt>
      <trkpt lat="18.9753554553449" lon="98.982408193354">
        <ele>324.09000000000003</ele>
      </trkpt>
      <trkpt lat="18.97452818288319" lon="98.98253728810823">
        <ele>323.75000000000006</ele>
      </trkpt>
      <trkpt lat="18.973700910332045" lon="98.98266638158067">
        <ele>323.69000000000005</ele>
      </trkpt>
      <trkpt lat="18.972873637691464" lon="98.98279547377143">
        <ele>323.71000000000004</ele>
      </trkpt>
      <trkpt lat="18.97204636496146" lon="98.98292456468057">
        <ele>323.68</ele>
      </trkpt>
      <trkpt lat="18.97121909214204" lon="98.9830536543082">
        <ele>323.78000000000003</ele>
      </trkpt>
      <trkpt lat="18.970391819233203" lon="98.98318274265435">
        <ele>323.85</ele>
      </trkpt>
      <trkpt lat="18.96956454623496" lon="98.98331182971909">
        <ele>323.76000000000005</ele>
      </trkpt>
      <trkpt lat="18.968737273147305" lon="98.9834409155025">
        <ele>323.69000000000005</ele>
      </trkpt>
      <trkpt lat="18.96791" lon="98.98357000000001">
        <ele>323.35</ele>
      </trkpt>
      <trkpt lat="18.967253333378444" lon="98.98367000078912">
        <ele>323.09000000000003</ele>
      </trkpt>
      <trkpt lat="18.966596666703243" lon="98.9837700007904">
        <ele>323.09000000000003</ele>
      </trkpt>
      <trkpt lat="18.96594" lon="98.98387000000001">
        <ele>322.71000000000004</ele>
      </trkpt>
      <trkpt lat="18.965100000005965" lon="98.98388833379512">
        <ele>322.38</ele>
      </trkpt>
      <trkpt lat="18.96426000001012" lon="98.98390666740549">
        <ele>321.65999999999997</ele>
      </trkpt>
      <trkpt lat="18.96342000001248" lon="98.98392500083114">
        <ele>321.62</ele>
      </trkpt>
      <trkpt lat="18.96258000001303" lon="98.98394333407207">
        <ele>321.62</ele>
      </trkpt>
      <trkpt lat="18.96174000001179" lon="98.98396166712828">
        <ele>321.53000000000003</ele>
      </trkpt>
      <trkpt lat="18.960900000000002" lon="98.98398">
        <ele>321.53000000000003</ele>
      </trkpt>
      <trkpt lat="18.96008666667765" lon="98.9839866667316">
        <ele>321.47</ele>
      </trkpt>
      <trkpt lat="18.959273333355068" lon="98.98399333339817">
        <ele>321.55</ele>
      </trkpt>
      <trkpt lat="18.958460000000002" lon="98.98400000000001">
        <ele>321.55</ele>
      </trkpt>
      <trkpt lat="18.957562857149533" lon="98.98401428671299">
        <ele>321.6</ele>
      </trkpt>
      <trkpt lat="18.95666571429797" lon="98.98402857327228">
        <ele>321.63</ele>
      </trkpt>
      <trkpt lat="18.95576857144531" lon="98.98404285967793">
        <ele>321.59000000000003</ele>
      </trkpt>
      <trkpt lat="18.95487142859156" lon="98.98405714592988">
        <ele>321.57</ele>
      </trkpt>
      <trkpt lat="18.953974285736713" lon="98.98407143202819">
        <ele>321.55</ele>
      </trkpt>
      <trkpt lat="18.95307714288077" lon="98.98408571797285">
        <ele>321.49000000000007</ele>
      </trkpt>
      <trkpt lat="18.952180000023734" lon="98.98410000376388">
        <ele>321.17</ele>
      </trkpt>
      <trkpt lat="18.95128285716561" lon="98.98411428940128">
        <ele>320.91</ele>
      </trkpt>
      <trkpt lat="18.950385714306385" lon="98.98412857488506">
        <ele>320.61</ele>
      </trkpt>
      <trkpt lat="18.949488571446068" lon="98.98414286021526">
        <ele>320.44</ele>
      </trkpt>
      <trkpt lat="18.948591428584653" lon="98.98415714539183">
        <ele>320.76000000000005</ele>
      </trkpt>
      <trkpt lat="18.947694285722154" lon="98.98417143041483">
        <ele>321.05</ele>
      </trkpt>
      <trkpt lat="18.946797142858554" lon="98.98418571528424">
        <ele>321.15000000000003</ele>
      </trkpt>
      <trkpt lat="18.9459" lon="98.9842">
        <ele>320.85</ele>
      </trkpt>
      <trkpt lat="18.945130000000002" lon="98.98426">
        <ele>320.87000000000006</ele>
      </trkpt>
      <trkpt lat="18.94452" lon="98.98435">
        <ele>320.71000000000004</ele>
      </trkpt>
      <trkpt lat="18.94396" lon="98.98450000000001">
        <ele>320.82000000000005</ele>
      </trkpt>
      <trkpt lat="18.943514999998904" lon="98.98465000042056">
        <ele>320.82000000000005</ele>
      </trkpt>
      <trkpt lat="18.943070000000002" lon="98.9848">
        <ele>320.5</ele>
      </trkpt>
      <trkpt lat="18.942253534195586" lon="98.98513414378695">
        <ele>320.24</ele>
      </trkpt>
      <trkpt lat="18.941437067792865" lon="98.98546828430555">
        <ele>320.08000000000004</ele>
      </trkpt>
      <trkpt lat="18.940620600791856" lon="98.98580242155604">
        <ele>319.90000000000003</ele>
      </trkpt>
      <trkpt lat="18.9398041331926" lon="98.98613655553855">
        <ele>320.09000000000003</ele>
      </trkpt>
      <trkpt lat="18.938987664995132" lon="98.9864706862533">
        <ele>319.88000000000005</ele>
      </trkpt>
      <trkpt lat="18.938171196199484" lon="98.98680481370043">
        <ele>319.95</ele>
      </trkpt>
      <trkpt lat="18.93735472680569" lon="98.98713893788015">
        <ele>320.42</ele>
      </trkpt>
      <trkpt lat="18.936538256813787" lon="98.98747305879263">
        <ele>320.82000000000005</ele>
      </trkpt>
      <trkpt lat="18.9357217862238" lon="98.98780717643807">
        <ele>321.03000000000003</ele>
      </trkpt>
      <trkpt lat="18.934905315035778" lon="98.98814129081664">
        <ele>321.17</ele>
      </trkpt>
      <trkpt lat="18.934088843249732" lon="98.98847540192851">
        <ele>321.71000000000004</ele>
      </trkpt>
      <trkpt lat="18.933272370865716" lon="98.98880950977386">
        <ele>321.81000000000006</ele>
      </trkpt>
      <trkpt lat="18.932455897883756" lon="98.9891436143529">
        <ele>322.19</ele>
      </trkpt>
      <trkpt lat="18.931639424303878" lon="98.98947771566579">
        <ele>322.47</ele>
      </trkpt>
      <trkpt lat="18.930822950126128" lon="98.9898118137127">
        <ele>322.41</ele>
      </trkpt>
      <trkpt lat="18.930006475350538" lon="98.99014590849384">
        <ele>322.35</ele>
      </trkpt>
      <trkpt lat="18.929190000000002" lon="98.99048">
        <ele>322.35</ele>
      </trkpt>
      <trkpt lat="18.92882" lon="98.99066">
        <ele>322.24</ele>
      </trkpt>
      <trkpt lat="18.928040003945004" lon="98.99108890490257">
        <ele>322.38</ele>
      </trkpt>
      <trkpt lat="18.927260006904838" lon="98.99151780580054">
        <ele>322.67</ele>
      </trkpt>
      <trkpt lat="18.926480008879565" lon="98.99194670269418">
        <ele>322.67</ele>
      </trkpt>
      <trkpt lat="18.92570000986924" lon="98.99237559558364">
        <ele>322.76000000000005</ele>
      </trkpt>
      <trkpt lat="18.924920009873908" lon="98.99280448446915">
        <ele>322.44</ele>
      </trkpt>
      <trkpt lat="18.924140008893634" lon="98.99323336935096">
        <ele>322.1</ele>
      </trkpt>
      <trkpt lat="18.923360006928455" lon="98.99366225022924">
        <ele>321.72</ele>
      </trkpt>
      <trkpt lat="18.922580003978435" lon="98.99409112710418">
        <ele>321.32000000000005</ele>
      </trkpt>
      <trkpt lat="18.9218" lon="98.99452000000001">
        <ele>321.56</ele>
      </trkpt>
      <trkpt lat="18.92141" lon="98.99376000000001">
        <ele>321.02000000000004</ele>
      </trkpt>
      <trkpt lat="18.92100750483909" lon="98.99298249435363">
        <ele>320.61</ele>
      </trkpt>
      <trkpt lat="18.92060500644181" lon="98.99220499245176">
        <ele>319.70000000000005</ele>
      </trkpt>
      <trkpt lat="18.920202504808255" lon="98.99142749429433">
        <ele>319.11</ele>
      </trkpt>
      <trkpt lat="18.919800000000002" lon="98.99065">
        <ele>318.49000000000007</ele>
      </trkpt>
      <trkpt lat="18.91964" lon="98.99017">
        <ele>317.90000000000003</ele>
      </trkpt>
      <trkpt lat="18.91957" lon="98.98981">
        <ele>317.76000000000005</ele>
      </trkpt>
      <trkpt lat="18.919474006413374" lon="98.98903599821652">
        <ele>317.49000000000007</ele>
      </trkpt>
      <trkpt lat="18.9193780096197" lon="98.98826199732197">
        <ele>317.67</ele>
      </trkpt>
      <trkpt lat="18.91928200961899" lon="98.98748799731644">
        <ele>318.08000000000004</ele>
      </trkpt>
      <trkpt lat="18.919186006411277" lon="98.9867139981999">
        <ele>317.55</ele>
      </trkpt>
      <trkpt lat="18.91909" lon="98.98594000000001">
        <ele>316.41</ele>
      </trkpt>
      <trkpt lat="18.918987523760133" lon="98.98504166060967">
        <ele>315.97</ele>
      </trkpt>
      <trkpt lat="18.918885043200174" lon="98.98414332232076">
        <ele>315.87000000000006</ele>
      </trkpt>
      <trkpt lat="18.918782558320146" lon="98.98324498513333">
        <ele>315.98</ele>
      </trkpt>
      <trkpt lat="18.918680069120082" lon="98.98234664904737">
        <ele>315.86</ele>
      </trkpt>
      <trkpt lat="18.91857757560003" lon="98.98144831406297">
        <ele>315.76000000000005</ele>
      </trkpt>
      <trkpt lat="18.91847507776" lon="98.98054998018014">
        <ele>315.73</ele>
      </trkpt>
      <trkpt lat="18.91837257560002" lon="98.97965164739891">
        <ele>315.73</ele>
      </trkpt>
      <trkpt lat="18.918270069120137" lon="98.97875331571935">
        <ele>315.97</ele>
      </trkpt>
      <trkpt lat="18.91816755832037" lon="98.97785498514146">
        <ele>316.56</ele>
      </trkpt>
      <trkpt lat="18.918065043200755" lon="98.97695665566532">
        <ele>317.26000000000005</ele>
      </trkpt>
      <trkpt lat="18.917962523761318" lon="98.97605832729094">
        <ele>317.40000000000003</ele>
      </trkpt>
      <trkpt lat="18.91786" lon="98.97516">
        <ele>317.43000000000006</ele>
      </trkpt>
      <trkpt lat="18.91777" lon="98.97449">
        <ele>317.43000000000006</ele>
      </trkpt>
      <trkpt lat="18.917730000000002" lon="98.97444">
        <ele>317.43000000000006</ele>
      </trkpt>
      <trkpt lat="18.91768" lon="98.97428000000001">
        <ele>317.35</ele>
      </trkpt>
      <trkpt lat="18.91759333668058" lon="98.97348999924047">
        <ele>317.03000000000003</ele>
      </trkpt>
      <trkpt lat="18.917506670020437" lon="98.9726999993">
        <ele>316.96000000000004</ele>
      </trkpt>
      <trkpt lat="18.91742" lon="98.97191000000001">
        <ele>316.88000000000005</ele>
      </trkpt>
      <trkpt lat="18.91735500073303" lon="98.97139499998346">
        <ele>317.02000000000004</ele>
      </trkpt>
      <trkpt lat="18.91729" lon="98.97088000000001">
        <ele>317.77000000000004</ele>
      </trkpt>
      <trkpt lat="18.91671500020244" lon="98.971040000513">
        <ele>317.73</ele>
      </trkpt>
      <trkpt lat="18.916140000000002" lon="98.97120000000001">
        <ele>317.62</ele>
      </trkpt>
      <trkpt lat="18.91549999993852" lon="98.9714250009305">
        <ele>317.61</ele>
      </trkpt>
      <trkpt lat="18.91486" lon="98.97165000000001">
        <ele>317.55</ele>
      </trkpt>
      <trkpt lat="18.914350000000002" lon="98.97203">
        <ele>317.57</ele>
      </trkpt>
      <trkpt lat="18.913955000211164" lon="98.97229000059428">
        <ele>317.38000000000005</ele>
      </trkpt>
      <trkpt lat="18.91356" lon="98.97255000000001">
        <ele>317.35</ele>
      </trkpt>
      <trkpt lat="18.91317" lon="98.97292">
        <ele>317.35</ele>
      </trkpt>
      <trkpt lat="18.912650000000003" lon="98.97331000000001">
        <ele>317.43000000000006</ele>
      </trkpt>
      <trkpt lat="18.912120000285423" lon="98.97362000096595">
        <ele>317.23</ele>
      </trkpt>
      <trkpt lat="18.91159" lon="98.97393000000001">
        <ele>317.08000000000004</ele>
      </trkpt>
      <trkpt lat="18.911250000000003" lon="98.97417000000002">
        <ele>317.1</ele>
      </trkpt>
      <trkpt lat="18.91072500066782" lon="98.97465500148697">
        <ele>316.98</ele>
      </trkpt>
      <trkpt lat="18.910200000000003" lon="98.97514000000001">
        <ele>316.98</ele>
      </trkpt>
      <trkpt lat="18.90988" lon="98.97547">
        <ele>317.0</ele>
      </trkpt>
      <trkpt lat="18.909460000743" lon="98.97595000106067">
        <ele>316.95</ele>
      </trkpt>
      <trkpt lat="18.90904" lon="98.97643000000001">
        <ele>316.98</ele>
      </trkpt>
      <trkpt lat="18.908620000000003" lon="98.97677">
        <ele>316.90000000000003</ele>
      </trkpt>
      <trkpt lat="18.90828" lon="98.97691">
        <ele>316.90000000000003</ele>
      </trkpt>
      <trkpt lat="18.90782" lon="98.97707000000001">
        <ele>316.90000000000003</ele>
      </trkpt>
      <trkpt lat="18.907140000000002" lon="98.97724000000001">
        <ele>316.87000000000006</ele>
      </trkpt>
      <trkpt lat="18.90628500005335" lon="98.97734500053373">
        <ele>316.93000000000006</ele>
      </trkpt>
      <trkpt lat="18.905430000000003" lon="98.97745">
        <ele>316.87000000000006</ele>
      </trkpt>
      <trkpt lat="18.905050000000003" lon="98.97749">
        <ele>316.76000000000005</ele>
      </trkpt>
      <trkpt lat="18.90443" lon="98.97743000000001">
        <ele>316.74</ele>
      </trkpt>
      <trkpt lat="18.904220000000002" lon="98.97737000000001">
        <ele>316.74</ele>
      </trkpt>
      <trkpt lat="18.9039" lon="98.97721000000001">
        <ele>316.81</ele>
      </trkpt>
      <trkpt lat="18.903550000000003" lon="98.97708000000002">
        <ele>316.81</ele>
      </trkpt>
      <trkpt lat="18.903270000000003" lon="98.97705">
        <ele>316.78</ele>
      </trkpt>
      <trkpt lat="18.902710000000003" lon="98.97687">
        <ele>316.8</ele>
      </trkpt>
      <trkpt lat="18.902130000000003" lon="98.97676000000001">
        <ele>316.65000000000003</ele>
      </trkpt>
      <trkpt lat="18.90174" lon="98.97659">
        <ele>316.51</ele>
      </trkpt>
      <trkpt lat="18.901580000000003" lon="98.97655">
        <ele>316.51</ele>
      </trkpt>
      <trkpt lat="18.901400000000002" lon="98.97657000000001">
        <ele>316.45</ele>
      </trkpt>
      <trkpt lat="18.90106" lon="98.97672000000001">
        <ele>316.31</ele>
      </trkpt>
      <trkpt lat="18.9007" lon="98.97703000000001">
        <ele>316.31</ele>
      </trkpt>
      <trkpt lat="18.90039" lon="98.97739000000001">
        <ele>316.56</ele>
      </trkpt>
      <trkpt lat="18.900080000000003" lon="98.97745">
        <ele>316.5</ele>
      </trkpt>
      <trkpt lat="18.899710000000002" lon="98.97748000000001">
        <ele>316.20000000000005</ele>
      </trkpt>
      <trkpt lat="18.89884" lon="98.97743000000001">
        <ele>316.3</ele>
      </trkpt>
      <trkpt lat="18.898100000000003" lon="98.97734000000001">
        <ele>316.41</ele>
      </trkpt>
      <trkpt lat="18.89771" lon="98.97724000000001">
        <ele>316.39</ele>
      </trkpt>
      <trkpt lat="18.8973" lon="98.97709">
        <ele>316.42</ele>
      </trkpt>
      <trkpt lat="18.89673" lon="98.97681000000001">
        <ele>316.36</ele>
      </trkpt>
      <trkpt lat="18.896410000000003" lon="98.97662000000001">
        <ele>316.39</ele>
      </trkpt>
      <trkpt lat="18.895760000000003" lon="98.9761">
        <ele>316.18</ele>
      </trkpt>
      <trkpt lat="18.89544" lon="98.97573000000001">
        <ele>316.26000000000005</ele>
      </trkpt>
      <trkpt lat="18.895120000000002" lon="98.97541000000001">
        <ele>316.3</ele>
      </trkpt>
      <trkpt lat="18.895000000000003" lon="98.97537000000001">
        <ele>316.28</ele>
      </trkpt>
      <trkpt lat="18.89423" lon="98.97526">
        <ele>315.86</ele>
      </trkpt>
      <trkpt lat="18.89355" lon="98.97507">
        <ele>315.90000000000003</ele>
      </trkpt>
      <trkpt lat="18.8929" lon="98.97496000000001">
        <ele>315.64000000000004</ele>
      </trkpt>
      <trkpt lat="18.892370000000003" lon="98.97483000000001">
        <ele>315.36</ele>
      </trkpt>
      <trkpt lat="18.89188" lon="98.97478000000001">
        <ele>315.25</ele>
      </trkpt>
      <trkpt lat="18.891440000000003" lon="98.97477">
        <ele>315.23</ele>
      </trkpt>
      <trkpt lat="18.89097500002798" lon="98.97480500009536">
        <ele>315.17</ele>
      </trkpt>
      <trkpt lat="18.890510000000003" lon="98.97484000000001">
        <ele>315.18</ele>
      </trkpt>
      <trkpt lat="18.890150000000002" lon="98.97491000000001">
        <ele>315.14000000000004</ele>
      </trkpt>
      <trkpt lat="18.88979" lon="98.97511000000002">
        <ele>315.14000000000004</ele>
      </trkpt>
      <trkpt lat="18.88953" lon="98.97532000000001">
        <ele>315.15000000000003</ele>
      </trkpt>
      <trkpt lat="18.889300000000002" lon="98.97556">
        <ele>315.08000000000004</ele>
      </trkpt>
      <trkpt lat="18.888810000000003" lon="98.97601">
        <ele>315.1</ele>
      </trkpt>
      <trkpt lat="18.888150000000003" lon="98.97659">
        <ele>315.1</ele>
      </trkpt>
      <trkpt lat="18.887970000000003" lon="98.97672000000001">
        <ele>315.20000000000005</ele>
      </trkpt>
      <trkpt lat="18.887600000000003" lon="98.97693000000001">
        <ele>315.27000000000004</ele>
      </trkpt>
      <trkpt lat="18.887000000239034" lon="98.97716500080611">
        <ele>315.20000000000005</ele>
      </trkpt>
      <trkpt lat="18.886400000000002" lon="98.9774">
        <ele>315.09000000000003</ele>
      </trkpt>
      <trkpt lat="18.885950000144998" lon="98.97752000029404">
        <ele>315.12</ele>
      </trkpt>
      <trkpt lat="18.8855" lon="98.97764000000001">
        <ele>315.08000000000004</ele>
      </trkpt>
      <trkpt lat="18.885070000000002" lon="98.97782000000001">
        <ele>315.28</ele>
      </trkpt>
      <trkpt lat="18.88465500017091" lon="98.9780800006503">
        <ele>315.35</ele>
      </trkpt>
      <trkpt lat="18.884240000000002" lon="98.97834">
        <ele>315.14000000000004</ele>
      </trkpt>
      <trkpt lat="18.883570000000002" lon="98.97873000000001">
        <ele>315.06</ele>
      </trkpt>
      <trkpt lat="18.882800000000003" lon="98.97912000000001">
        <ele>315.1</ele>
      </trkpt>
      <trkpt lat="18.88215500045051" lon="98.97950500144991">
        <ele>315.0</ele>
      </trkpt>
      <trkpt lat="18.881510000000002" lon="98.97989000000001">
        <ele>314.71000000000004</ele>
      </trkpt>
      <trkpt lat="18.881230000000002" lon="98.98002000000001">
        <ele>314.66</ele>
      </trkpt>
      <trkpt lat="18.88079500000321" lon="98.98017500042421">
        <ele>314.75</ele>
      </trkpt>
      <trkpt lat="18.880360000000003" lon="98.98033000000001">
        <ele>314.62</ele>
      </trkpt>
      <trkpt lat="18.880170000000003" lon="98.98036">
        <ele>314.59000000000003</ele>
      </trkpt>
      <trkpt lat="18.87996" lon="98.98036">
        <ele>314.61</ele>
      </trkpt>
      <trkpt lat="18.879800000000003" lon="98.98033000000001">
        <ele>314.76000000000005</ele>
      </trkpt>
      <trkpt lat="18.879136667520534" lon="98.97992666346366">
        <ele>314.71999999999997</ele>
      </trkpt>
      <trkpt lat="18.878473334171783" lon="98.97952333012103">
        <ele>314.45</ele>
      </trkpt>
      <trkpt lat="18.87781" lon="98.97912000000001">
        <ele>314.32000000000005</ele>
      </trkpt>
      <trkpt lat="18.87717000018767" lon="98.97874499845756">
        <ele>314.18</ele>
      </trkpt>
      <trkpt lat="18.876530000000002" lon="98.97837000000001">
        <ele>314.42</ele>
      </trkpt>
      <trkpt lat="18.8761" lon="98.97822000000001">
        <ele>314.34</ele>
      </trkpt>
      <trkpt lat="18.87524" lon="98.97806000000001">
        <ele>314.29</ele>
      </trkpt>
      <trkpt lat="18.87444" lon="98.97796000000001">
        <ele>314.40000000000003</ele>
      </trkpt>
      <trkpt lat="18.87423" lon="98.97797000000001">
        <ele>314.42</ele>
      </trkpt>
      <trkpt lat="18.874000000000002" lon="98.97805000000001">
        <ele>314.19</ele>
      </trkpt>
      <trkpt lat="18.87366" lon="98.97828000000001">
        <ele>314.15000000000003</ele>
      </trkpt>
      <trkpt lat="18.873320000000003" lon="98.97858000000001">
        <ele>314.09000000000003</ele>
      </trkpt>
      <trkpt lat="18.872690000000002" lon="98.97919">
        <ele>314.06</ele>
      </trkpt>
      <trkpt lat="18.87221000046693" lon="98.97951500080559">
        <ele>313.95</ele>
      </trkpt>
      <trkpt lat="18.871730000000003" lon="98.97984000000001">
        <ele>314.0</ele>
      </trkpt>
      <trkpt lat="18.871470000000002" lon="98.98004">
        <ele>313.90000000000003</ele>
      </trkpt>
      <trkpt lat="18.870980000000003" lon="98.98030000000001">
        <ele>313.85</ele>
      </trkpt>
      <trkpt lat="18.870710000000003" lon="98.98055000000001">
        <ele>313.82000000000005</ele>
      </trkpt>
      <trkpt lat="18.87022000103225" lon="98.98118500191403">
        <ele>313.57</ele>
      </trkpt>
      <trkpt lat="18.86973" lon="98.98182000000001">
        <ele>313.45</ele>
      </trkpt>
      <trkpt lat="18.86924" lon="98.98243000000001">
        <ele>313.25</ele>
      </trkpt>
      <trkpt lat="18.869130000000002" lon="98.98254000000001">
        <ele>313.28</ele>
      </trkpt>
      <trkpt lat="18.86852" lon="98.98294000000001">
        <ele>313.35</ele>
      </trkpt>
      <trkpt lat="18.86815" lon="98.98316000000001">
        <ele>313.20000000000005</ele>
      </trkpt>
      <trkpt lat="18.867990000000002" lon="98.98321000000001">
        <ele>313.20000000000005</ele>
      </trkpt>
      <trkpt lat="18.86794" lon="98.98323">
        <ele>313.21000000000004</ele>
      </trkpt>
      <trkpt lat="18.86774" lon="98.98324000000001">
        <ele>313.1</ele>
      </trkpt>
      <trkpt lat="18.86756" lon="98.98322">
        <ele>313.06</ele>
      </trkpt>
      <trkpt lat="18.86731" lon="98.98311000000001">
        <ele>313.14000000000004</ele>
      </trkpt>
      <trkpt lat="18.866600000000002" lon="98.98266000000001">
        <ele>313.84</ele>
      </trkpt>
      <trkpt lat="18.86624" lon="98.98246">
        <ele>313.91</ele>
      </trkpt>
      <trkpt lat="18.866110000000003" lon="98.98316000000001">
        <ele>313.69</ele>
      </trkpt>
      <trkpt lat="18.86595" lon="98.98383000000001">
        <ele>313.66</ele>
      </trkpt>
      <trkpt lat="18.865850000000002" lon="98.98417">
        <ele>313.47</ele>
      </trkpt>
      <trkpt lat="18.8659" lon="98.98424000000001">
        <ele>313.32000000000005</ele>
      </trkpt>
      <trkpt lat="18.86598" lon="98.98421">
        <ele>313.32000000000005</ele>
      </trkpt>
      <trkpt lat="18.86618" lon="98.98344">
        <ele>312.92</ele>
      </trkpt>
      <trkpt lat="18.866300000000003" lon="98.98281000000001">
        <ele>314.73</ele>
      </trkpt>
      <trkpt lat="18.866355000680272" lon="98.98231000004856">
        <ele>315.64000000000004</ele>
      </trkpt>
      <trkpt lat="18.866410000000002" lon="98.98181000000001">
        <ele>314.74</ele>
      </trkpt>
      <trkpt lat="18.86644000114949" lon="98.98115500003269">
        <ele>313.04</ele>
      </trkpt>
      <trkpt lat="18.866470000000003" lon="98.9805">
        <ele>313.67</ele>
      </trkpt>
      <trkpt lat="18.86649446239466" lon="98.97958333440363">
        <ele>317.13</ele>
      </trkpt>
      <trkpt lat="18.86651892030177" lon="98.9786666685398">
        <ele>318.44</ele>
      </trkpt>
      <trkpt lat="18.86654337372133" lon="98.97775000240857">
        <ele>318.34000000000003</ele>
      </trkpt>
      <trkpt lat="18.866567822653337" lon="98.97683333600997">
        <ele>318.18</ele>
      </trkpt>
      <trkpt lat="18.866592267097786" lon="98.97591666934407">
        <ele>316.89</ele>
      </trkpt>
      <trkpt lat="18.86661670705466" lon="98.97500000241091">
        <ele>314.04</ele>
      </trkpt>
      <trkpt lat="18.866641142523957" lon="98.97408333521052">
        <ele>312.78</ele>
      </trkpt>
      <trkpt lat="18.866665573505664" lon="98.97316666774297">
        <ele>313.15000000000003</ele>
      </trkpt>
      <trkpt lat="18.866690000000002" lon="98.97225">
        <ele>313.33000000000004</ele>
      </trkpt>
      <trkpt lat="18.866716675938388" lon="98.97141666733512">
        <ele>313.62</ele>
      </trkpt>
      <trkpt lat="18.866743348168022" lon="98.97058333440508">
        <ele>314.14000000000004</ele>
      </trkpt>
      <trkpt lat="18.8667700166889" lon="98.9697500012099">
        <ele>315.02000000000004</ele>
      </trkpt>
      <trkpt lat="18.866796681501015" lon="98.96891666774968">
        <ele>315.28</ele>
      </trkpt>
      <trkpt lat="18.866823342604352" lon="98.96808333402439">
        <ele>316.38000000000005</ele>
      </trkpt>
      <trkpt lat="18.866850000000003" lon="98.96725">
        <ele>317.34000000000003</ele>
      </trkpt>
      <trkpt lat="18.866875004238594" lon="98.9665225003623">
        <ele>317.97</ele>
      </trkpt>
      <trkpt lat="18.86690000565062" lon="98.9657950005076">
        <ele>318.6</ele>
      </trkpt>
      <trkpt lat="18.86692500423607" lon="98.96506750043594">
        <ele>319.86</ele>
      </trkpt>
      <trkpt lat="18.866950000000003" lon="98.96434">
        <ele>321.8</ele>
      </trkpt>
      <trkpt lat="18.866950002235676" lon="98.96342499982829">
        <ele>322.62</ele>
      </trkpt>
      <trkpt lat="18.866950000000003" lon="98.96251000000001">
        <ele>323.71000000000004</ele>
      </trkpt>
      <trkpt lat="18.866980001424196" lon="98.9617800001022">
        <ele>325.03000000000003</ele>
      </trkpt>
      <trkpt lat="18.86701" lon="98.96105000000001">
        <ele>326.84000000000003</ele>
      </trkpt>
      <trkpt lat="18.867" lon="98.96079">
        <ele>327.11</ele>
      </trkpt>
      <trkpt lat="18.86693" lon="98.96039">
        <ele>327.47</ele>
      </trkpt>
      <trkpt lat="18.866860000000003" lon="98.96021">
        <ele>327.70000000000005</ele>
      </trkpt>
      <trkpt lat="18.86674" lon="98.95996000000001">
        <ele>327.84000000000003</ele>
      </trkpt>
      <trkpt lat="18.86655" lon="98.95970000000001">
        <ele>327.89</ele>
      </trkpt>
      <trkpt lat="18.86632" lon="98.95948000000001">
        <ele>327.90000000000003</ele>
      </trkpt>
      <trkpt lat="18.866020000000002" lon="98.95928">
        <ele>327.90000000000003</ele>
      </trkpt>
      <trkpt lat="18.86571" lon="98.95916000000001">
        <ele>327.83</ele>
      </trkpt>
      <trkpt lat="18.865180000000002" lon="98.95913">
        <ele>327.79</ele>
      </trkpt>
      <trkpt lat="18.86487" lon="98.95920000000001">
        <ele>327.91</ele>
      </trkpt>
      <trkpt lat="18.864050000898004" lon="98.95953500491463">
        <ele>328.55</ele>
      </trkpt>
      <trkpt lat="18.86323000119672" lon="98.95987000655298">
        <ele>328.47</ele>
      </trkpt>
      <trkpt lat="18.86241000089618" lon="98.96020500491518">
        <ele>328.39</ele>
      </trkpt>
      <trkpt lat="18.861590000000003" lon="98.96054000000001">
        <ele>328.58000000000004</ele>
      </trkpt>
      <trkpt lat="18.860778334660747" lon="98.9608550076204">
        <ele>328.54</ele>
      </trkpt>
      <trkpt lat="18.85996666879168" lon="98.96117001219194">
        <ele>328.72</ele>
      </trkpt>
      <trkpt lat="18.859155002392846" lon="98.96148501371484">
        <ele>328.78000000000003</ele>
      </trkpt>
      <trkpt lat="18.858343335464276" lon="98.96180001218919">
        <ele>328.94</ele>
      </trkpt>
      <trkpt lat="18.85753166800599" lon="98.96211500761517">
        <ele>328.99</ele>
      </trkpt>
      <trkpt lat="18.856720000000003" lon="98.96243000000001">
        <ele>329.19000000000005</ele>
      </trkpt>
      <trkpt lat="18.85658" lon="98.96246000000001">
        <ele>329.20000000000005</ele>
      </trkpt>
      <trkpt lat="18.856270000000002" lon="98.96249">
        <ele>329.14000000000004</ele>
      </trkpt>
      <trkpt lat="18.855535000038287" lon="98.96241749904678">
        <ele>328.88</ele>
      </trkpt>
      <trkpt lat="18.85480000004851" lon="98.96234499872881">
        <ele>328.81000000000006</ele>
      </trkpt>
      <trkpt lat="18.854065000030687" lon="98.96227249904607">
        <ele>328.8</ele>
      </trkpt>
      <trkpt lat="18.853330000000003" lon="98.96220000000001">
        <ele>328.87000000000006</ele>
      </trkpt>
      <trkpt lat="18.85291" lon="98.96214">
        <ele>329.13000000000005</ele>
      </trkpt>
      <trkpt lat="18.852490000000003" lon="98.96204">
        <ele>329.20000000000005</ele>
      </trkpt>
      <trkpt lat="18.85181750039765" lon="98.96181249725927">
        <ele>328.79</ele>
      </trkpt>
      <trkpt lat="18.851145000519058" lon="98.96158499634198">
        <ele>328.71</ele>
      </trkpt>
      <trkpt lat="18.85047250036426" lon="98.96135749724807">
        <ele>328.59000000000003</ele>
      </trkpt>
      <trkpt lat="18.849800000000002" lon="98.96113000000001">
        <ele>328.72</ele>
      </trkpt>
      <trkpt lat="18.849020000000003" lon="98.96084">
        <ele>328.88</ele>
      </trkpt>
      <trkpt lat="18.848740000000003" lon="98.9607">
        <ele>328.25000000000006</ele>
      </trkpt>
      <trkpt lat="18.847995000367916" lon="98.96027499804856">
        <ele>327.94</ele>
      </trkpt>
      <trkpt lat="18.847250000000003" lon="98.95985">
        <ele>327.58000000000004</ele>
      </trkpt>
      <trkpt lat="18.846880000000002" lon="98.95977">
        <ele>327.59000000000003</ele>
      </trkpt>
      <trkpt lat="18.84673" lon="98.95977">
        <ele>327.59000000000003</ele>
      </trkpt>
      <trkpt lat="18.846180000208363" lon="98.9598850003406">
        <ele>328.13000000000005</ele>
      </trkpt>
      <trkpt lat="18.84563" lon="98.96000000000001">
        <ele>328.1</ele>
      </trkpt>
      <trkpt lat="18.845450000000003" lon="98.96005000000001">
        <ele>328.02000000000004</ele>
      </trkpt>
      <trkpt lat="18.84531" lon="98.96012">
        <ele>328.0</ele>
      </trkpt>
      <trkpt lat="18.845200000000002" lon="98.96022">
        <ele>328.01</ele>
      </trkpt>
      <trkpt lat="18.845100000000002" lon="98.96035">
        <ele>328.04</ele>
      </trkpt>
      <trkpt lat="18.844695003390505" lon="98.96100000468941">
        <ele>328.36</ele>
      </trkpt>
      <trkpt lat="18.844290004526822" lon="98.96165000624255">
        <ele>328.5</ele>
      </trkpt>
      <trkpt lat="18.84388500340902" lon="98.96230000465953">
        <ele>328.42</ele>
      </trkpt>
      <trkpt lat="18.843480000000003" lon="98.96295">
        <ele>328.48</ele>
      </trkpt>
      <trkpt lat="18.843033335843213" lon="98.96363667032888">
        <ele>328.36</ele>
      </trkpt>
      <trkpt lat="18.84258666917094" lon="98.9643233370041">
        <ele>328.37000000000006</ele>
      </trkpt>
      <trkpt lat="18.84214" lon="98.96501">
        <ele>328.5</ele>
      </trkpt>
      <trkpt lat="18.84205" lon="98.96513">
        <ele>328.76000000000005</ele>
      </trkpt>
      <trkpt lat="18.84195" lon="98.96522">
        <ele>328.76000000000005</ele>
      </trkpt>
      <trkpt lat="18.84183" lon="98.96530000000001">
        <ele>328.83</ele>
      </trkpt>
      <trkpt lat="18.841710000000003" lon="98.96535000000002">
        <ele>328.92</ele>
      </trkpt>
      <trkpt lat="18.84148" lon="98.9654">
        <ele>328.92</ele>
      </trkpt>
      <trkpt lat="18.841340000000002" lon="98.9654">
        <ele>328.8</ele>
      </trkpt>
      <trkpt lat="18.840529999982444" lon="98.96523999921125">
        <ele>329.0</ele>
      </trkpt>
      <trkpt lat="18.83972" lon="98.96508000000001">
        <ele>329.13000000000005</ele>
      </trkpt>
      <trkpt lat="18.8390333334359" lon="98.96492333204569">
        <ele>329.28000000000003</ele>
      </trkpt>
      <trkpt lat="18.83834666674088" lon="98.96476666537255">
        <ele>329.47</ele>
      </trkpt>
      <trkpt lat="18.837660000000003" lon="98.96461000000001">
        <ele>329.71</ele>
      </trkpt>
      <trkpt lat="18.837580000000003" lon="98.96459">
        <ele>329.77</ele>
      </trkpt>
      <trkpt lat="18.83685000016531" lon="98.96439999834128">
        <ele>329.90000000000003</ele>
      </trkpt>
      <trkpt lat="18.836120000138074" lon="98.96420999833423">
        <ele>329.24</ele>
      </trkpt>
      <trkpt lat="18.83539" lon="98.96402">
        <ele>328.68</ele>
      </trkpt>
      <trkpt lat="18.83521000109976" lon="98.96466000065898">
        <ele>328.48</ele>
      </trkpt>
      <trkpt lat="18.835030000000003" lon="98.96530000000001">
        <ele>328.90000000000003</ele>
      </trkpt>
      <trkpt lat="18.834940000000003" lon="98.96528">
        <ele>328.81000000000006</ele>
      </trkpt>
      <trkpt lat="18.83440666964366" lon="98.96603000479452">
        <ele>327.8</ele>
      </trkpt>
      <trkpt lat="18.83387333628758" lon="98.96678000482639">
        <ele>325.67</ele>
      </trkpt>
      <trkpt lat="18.833340000000003" lon="98.96753000000001">
        <ele>324.97</ele>
      </trkpt>
      <trkpt lat="18.83329" lon="98.96766000000001">
        <ele>324.97</ele>
      </trkpt>
      <trkpt lat="18.833280000000002" lon="98.96778">
        <ele>324.8</ele>
      </trkpt>
      <trkpt lat="18.83333" lon="98.96798000000001">
        <ele>324.75000000000006</ele>
      </trkpt>
      <trkpt lat="18.83355000137515" lon="98.9686899991704">
        <ele>324.5</ele>
      </trkpt>
      <trkpt lat="18.83377" lon="98.96940000000001">
        <ele>324.05</ele>
      </trkpt>
      <trkpt lat="18.833820000000003" lon="98.96948">
        <ele>324.05</ele>
      </trkpt>
      <trkpt lat="18.833930000000002" lon="98.96952">
        <ele>324.01</ele>
      </trkpt>
      <trkpt lat="18.83404" lon="98.96951000000001">
        <ele>323.98</ele>
      </trkpt>
      <trkpt lat="18.834760000237264" lon="98.9692600010471">
        <ele>323.82000000000005</ele>
      </trkpt>
      <trkpt lat="18.83548" lon="98.96901000000001">
        <ele>323.61</ele>
      </trkpt>
      <trkpt lat="18.83598500005556" lon="98.96882500056932">
        <ele>323.68</ele>
      </trkpt>
      <trkpt lat="18.83649" lon="98.96864000000001">
        <ele>323.70000000000005</ele>
      </trkpt>
    </trkseg>
  </trk>
</gpx>