<?xml version="1.0" encoding="UTF-8"?>
<gpx xmlns="http://www.topografix.com/GPX/1/1" xmlns:xsi="http://www.w3.org/2001/XMLSchema-instance" xsi:schemaLocation="http://www.topografix.com/GPX/1/1 http://www.topografix.com/GPX/1/1/gpx.xsd" version="1.1" creator="https://www.komoot.de">
  <metadata>
    <name>CM: Mae Wang complete</name>
    <desc>Distance: 107.4 km | Elevation: +430m / -431m</desc>
    <author>
      <link href="https://www.komoot.de">
        <text>komoot</text>
        <type>text/html</type>
      </link>
    </author>
  </metadata>
  <trk>
    <name>CM: Mae Wang complete</name>
    <trkseg>
      <trkpt lat="18.805624" lon="98.973982">
        <ele>319.619602</ele>
        <time>2025-11-26T04:05:21.296000Z</time>
      </trkpt>
      <trkpt lat="18.805788" lon="98.972566">
        <ele>319.703181</ele>
        <time>2025-11-26T04:05:50.885000Z</time>
      </trkpt>
      <trkpt lat="18.805818" lon="98.972303">
        <ele>319.749644</ele>
        <time>2025-11-26T04:05:56.117000Z</time>
      </trkpt>
      <trkpt lat="18.805885" lon="98.971758">
        <ele>319.846037</ele>
        <time>2025-11-26T04:06:07.811000Z</time>
      </trkpt>
      <trkpt lat="18.805967" lon="98.971103">
        <ele>319.978275</ele>
        <time>2025-11-26T04:06:23.282000Z</time>
      </trkpt>
      <trkpt lat="18.805995" lon="98.971042">
        <ele>320.011641</ele>
        <time>2025-11-26T04:06:25.006000Z</time>
      </trkpt>
      <trkpt lat="18.805779" lon="98.970848">
        <ele>320.159047</ele>
        <time>2025-11-26T04:06:32.522000Z</time>
      </trkpt>
      <trkpt lat="18.805526" lon="98.970625">
        <ele>320.330361</ele>
        <time>2025-11-26T04:06:40.614000Z</time>
      </trkpt>
      <trkpt lat="18.804985" lon="98.970161">
        <ele>320.692671</ele>
        <time>2025-11-26T04:06:57.469000Z</time>
      </trkpt>
      <trkpt lat="18.804702" lon="98.969949">
        <ele>320.873049</ele>
        <time>2025-11-26T04:07:05.510000Z</time>
      </trkpt>
      <trkpt lat="18.804647" lon="98.96991">
        <ele>320.890879</ele>
        <time>2025-11-26T04:07:07.106000Z</time>
      </trkpt>
      <trkpt lat="18.804524" lon="98.969827">
        <ele>320.902022</ele>
        <time>2025-11-26T04:07:10.657000Z</time>
      </trkpt>
      <trkpt lat="18.8042" lon="98.969608">
        <ele>320.93139</ele>
        <time>2025-11-26T04:07:19.404000Z</time>
      </trkpt>
      <trkpt lat="18.803658" lon="98.969264">
        <ele>320.979667</ele>
        <time>2025-11-26T04:07:32.289000Z</time>
      </trkpt>
      <trkpt lat="18.803475" lon="98.969151">
        <ele>320.995851</ele>
        <time>2025-11-26T04:07:37.145000Z</time>
      </trkpt>
      <trkpt lat="18.803344" lon="98.969073">
        <ele>321.007332</ele>
        <time>2025-11-26T04:07:40.688000Z</time>
      </trkpt>
      <trkpt lat="18.8032" lon="98.968864">
        <ele>321.030665</ele>
        <time>2025-11-26T04:07:46.691000Z</time>
      </trkpt>
      <trkpt lat="18.803" lon="98.968756">
        <ele>321.167113</ele>
        <time>2025-11-26T04:07:52.398000Z</time>
      </trkpt>
      <trkpt lat="18.802702" lon="98.968603">
        <ele>321.368387</ele>
        <time>2025-11-26T04:08:00.487000Z</time>
      </trkpt>
      <trkpt lat="18.801453" lon="98.968017">
        <ele>322.189827</ele>
        <time>2025-11-26T04:08:34.293000Z</time>
      </trkpt>
      <trkpt lat="18.801366" lon="98.967976">
        <ele>322.241409</ele>
        <time>2025-11-26T04:08:36.555000Z</time>
      </trkpt>
      <trkpt lat="18.801264" lon="98.967923">
        <ele>322.302959</ele>
        <time>2025-11-26T04:08:39.335000Z</time>
      </trkpt>
      <trkpt lat="18.801228" lon="98.967902">
        <ele>322.325226</ele>
        <time>2025-11-26T04:08:40.379000Z</time>
      </trkpt>
      <trkpt lat="18.801168" lon="98.96787">
        <ele>322.36162</ele>
        <time>2025-11-26T04:08:42.098000Z</time>
      </trkpt>
      <trkpt lat="18.800675" lon="98.967636">
        <ele>322.654272</ele>
        <time>2025-11-26T04:08:56.232000Z</time>
      </trkpt>
      <trkpt lat="18.80062" lon="98.967612">
        <ele>322.686493</ele>
        <time>2025-11-26T04:08:57.899000Z</time>
      </trkpt>
      <trkpt lat="18.800595" lon="98.967599">
        <ele>322.701581</ele>
        <time>2025-11-26T04:08:58.626000Z</time>
      </trkpt>
      <trkpt lat="18.800086" lon="98.967415">
        <ele>322.992878</ele>
        <time>2025-11-26T04:09:11.288000Z</time>
      </trkpt>
      <trkpt lat="18.799724" lon="98.967283">
        <ele>323.062695</ele>
        <time>2025-11-26T04:09:19.413000Z</time>
      </trkpt>
      <trkpt lat="18.799571" lon="98.967226">
        <ele>323.039039</ele>
        <time>2025-11-26T04:09:23.097000Z</time>
      </trkpt>
      <trkpt lat="18.79928" lon="98.96712">
        <ele>322.994156</ele>
        <time>2025-11-26T04:09:30.210000Z</time>
      </trkpt>
      <trkpt lat="18.799078" lon="98.967045">
        <ele>322.962936</ele>
        <time>2025-11-26T04:09:34.922000Z</time>
      </trkpt>
      <trkpt lat="18.798757" lon="98.966927">
        <ele>322.913378</ele>
        <time>2025-11-26T04:09:42.353000Z</time>
      </trkpt>
      <trkpt lat="18.798578" lon="98.966862">
        <ele>322.885779</ele>
        <time>2025-11-26T04:09:46.289000Z</time>
      </trkpt>
      <trkpt lat="18.798331" lon="98.966771">
        <ele>322.847636</ele>
        <time>2025-11-26T04:09:51.405000Z</time>
      </trkpt>
      <trkpt lat="18.797729" lon="98.966534">
        <ele>322.863437</ele>
        <time>2025-11-26T04:10:05.140000Z</time>
      </trkpt>
      <trkpt lat="18.797126" lon="98.96631">
        <ele>322.905106</ele>
        <time>2025-11-26T04:10:20.010000Z</time>
      </trkpt>
      <trkpt lat="18.796922" lon="98.966233">
        <ele>322.919228</ele>
        <time>2025-11-26T04:10:25.056000Z</time>
      </trkpt>
      <trkpt lat="18.796696" lon="98.966147">
        <ele>322.934887</ele>
        <time>2025-11-26T04:10:30.754000Z</time>
      </trkpt>
      <trkpt lat="18.796337" lon="98.966008">
        <ele>322.994209</ele>
        <time>2025-11-26T04:10:39.367000Z</time>
      </trkpt>
      <trkpt lat="18.796221" lon="98.965966">
        <ele>323.023439</ele>
        <time>2025-11-26T04:10:42.070000Z</time>
      </trkpt>
      <trkpt lat="18.796107" lon="98.965922">
        <ele>323.05237</ele>
        <time>2025-11-26T04:10:44.784000Z</time>
      </trkpt>
      <trkpt lat="18.795818" lon="98.965811">
        <ele>323.125671</ele>
        <time>2025-11-26T04:10:51.770000Z</time>
      </trkpt>
      <trkpt lat="18.795536" lon="98.965703">
        <ele>323.197173</ele>
        <time>2025-11-26T04:10:59.468000Z</time>
      </trkpt>
      <trkpt lat="18.79502" lon="98.965505">
        <ele>323.328036</ele>
        <time>2025-11-26T04:11:12.691000Z</time>
      </trkpt>
      <trkpt lat="18.794796" lon="98.965419">
        <ele>323.371048</ele>
        <time>2025-11-26T04:11:17.783000Z</time>
      </trkpt>
      <trkpt lat="18.794575" lon="98.965331">
        <ele>323.343272</ele>
        <time>2025-11-26T04:11:22.706000Z</time>
      </trkpt>
      <trkpt lat="18.793879" lon="98.965084">
        <ele>323.256922</ele>
        <time>2025-11-26T04:11:38.371000Z</time>
      </trkpt>
      <trkpt lat="18.793149" lon="98.964823">
        <ele>323.166285</ele>
        <time>2025-11-26T04:11:54.695000Z</time>
      </trkpt>
      <trkpt lat="18.792328" lon="98.964529">
        <ele>323.382367</ele>
        <time>2025-11-26T04:12:15.694000Z</time>
      </trkpt>
      <trkpt lat="18.791645" lon="98.964284">
        <ele>323.568021</ele>
        <time>2025-11-26T04:12:32.996000Z</time>
      </trkpt>
      <trkpt lat="18.791376" lon="98.964188">
        <ele>323.631824</ele>
        <time>2025-11-26T04:12:39.320000Z</time>
      </trkpt>
      <trkpt lat="18.791186" lon="98.96412">
        <ele>323.649438</ele>
        <time>2025-11-26T04:12:43.841000Z</time>
      </trkpt>
      <trkpt lat="18.790684" lon="98.963941">
        <ele>323.695958</ele>
        <time>2025-11-26T04:12:55.177000Z</time>
      </trkpt>
      <trkpt lat="18.790368" lon="98.963828">
        <ele>323.72525</ele>
        <time>2025-11-26T04:13:02.574000Z</time>
      </trkpt>
      <trkpt lat="18.790224" lon="98.963775">
        <ele>323.738639</ele>
        <time>2025-11-26T04:13:06.019000Z</time>
      </trkpt>
      <trkpt lat="18.790133" lon="98.963779">
        <ele>323.746636</ele>
        <time>2025-11-26T04:13:08.048000Z</time>
      </trkpt>
      <trkpt lat="18.79008" lon="98.963758">
        <ele>323.751606</ele>
        <time>2025-11-26T04:13:09.237000Z</time>
      </trkpt>
      <trkpt lat="18.790005" lon="98.963729">
        <ele>323.758619</ele>
        <time>2025-11-26T04:13:10.990000Z</time>
      </trkpt>
      <trkpt lat="18.790024" lon="98.963656">
        <ele>323.764912</ele>
        <time>2025-11-26T04:13:12.494000Z</time>
      </trkpt>
      <trkpt lat="18.790039" lon="98.963593">
        <ele>323.770311</ele>
        <time>2025-11-26T04:13:13.998000Z</time>
      </trkpt>
      <trkpt lat="18.790102" lon="98.963345">
        <ele>323.835148</ele>
        <time>2025-11-26T04:13:19.915000Z</time>
      </trkpt>
      <trkpt lat="18.790107" lon="98.963325">
        <ele>323.848011</ele>
        <time>2025-11-26T04:13:20.391000Z</time>
      </trkpt>
      <trkpt lat="18.790206" lon="98.962965">
        <ele>324.081125</ele>
        <time>2025-11-26T04:13:29.423000Z</time>
      </trkpt>
      <trkpt lat="18.790331" lon="98.96256">
        <ele>324.346015</ele>
        <time>2025-11-26T04:13:39.541000Z</time>
      </trkpt>
      <trkpt lat="18.790488" lon="98.962087">
        <ele>324.657697</ele>
        <time>2025-11-26T04:13:51.961000Z</time>
      </trkpt>
      <trkpt lat="18.790552" lon="98.961895">
        <ele>324.784274</ele>
        <time>2025-11-26T04:13:56.710000Z</time>
      </trkpt>
      <trkpt lat="18.790634" lon="98.96169">
        <ele>324.922662</ele>
        <time>2025-11-26T04:14:01.579000Z</time>
      </trkpt>
      <trkpt lat="18.79067" lon="98.961584">
        <ele>324.972519</ele>
        <time>2025-11-26T04:14:04.122000Z</time>
      </trkpt>
      <trkpt lat="18.790798" lon="98.961178">
        <ele>325.034684</ele>
        <time>2025-11-26T04:14:14.575000Z</time>
      </trkpt>
      <trkpt lat="18.790928" lon="98.9608">
        <ele>325.093109</ele>
        <time>2025-11-26T04:14:24.350000Z</time>
      </trkpt>
      <trkpt lat="18.790667" lon="98.960704">
        <ele>325.135519</ele>
        <time>2025-11-26T04:14:30.578000Z</time>
      </trkpt>
      <trkpt lat="18.790292" lon="98.960571">
        <ele>325.19622</ele>
        <time>2025-11-26T04:14:38.680000Z</time>
      </trkpt>
      <trkpt lat="18.79009" lon="98.960498">
        <ele>325.228981</ele>
        <time>2025-11-26T04:14:43.014000Z</time>
      </trkpt>
      <trkpt lat="18.789797" lon="98.960394">
        <ele>325.194823</ele>
        <time>2025-11-26T04:14:49.377000Z</time>
      </trkpt>
      <trkpt lat="18.789543" lon="98.960302">
        <ele>325.137258</ele>
        <time>2025-11-26T04:14:55.015000Z</time>
      </trkpt>
      <trkpt lat="18.788835" lon="98.960052">
        <ele>324.977221</ele>
        <time>2025-11-26T04:15:10.359000Z</time>
      </trkpt>
      <trkpt lat="18.788441" lon="98.959921">
        <ele>324.88867</ele>
        <time>2025-11-26T04:15:19.715000Z</time>
      </trkpt>
      <trkpt lat="18.787693" lon="98.959674">
        <ele>324.831009</ele>
        <time>2025-11-26T04:15:38.507000Z</time>
      </trkpt>
      <trkpt lat="18.787606" lon="98.959645">
        <ele>324.827306</ele>
        <time>2025-11-26T04:15:40.530000Z</time>
      </trkpt>
      <trkpt lat="18.787189" lon="98.959495">
        <ele>324.809424</ele>
        <time>2025-11-26T04:15:50.133000Z</time>
      </trkpt>
      <trkpt lat="18.786804" lon="98.959355">
        <ele>324.792897</ele>
        <time>2025-11-26T04:15:58.584000Z</time>
      </trkpt>
      <trkpt lat="18.785899" lon="98.959017">
        <ele>324.70148</ele>
        <time>2025-11-26T04:16:18.944000Z</time>
      </trkpt>
      <trkpt lat="18.785424" lon="98.958849">
        <ele>324.645406</ele>
        <time>2025-11-26T04:16:29.877000Z</time>
      </trkpt>
      <trkpt lat="18.785213" lon="98.958773">
        <ele>324.620451</ele>
        <time>2025-11-26T04:16:34.848000Z</time>
      </trkpt>
      <trkpt lat="18.784753" lon="98.958607">
        <ele>324.615731</ele>
        <time>2025-11-26T04:16:45.954000Z</time>
      </trkpt>
      <trkpt lat="18.784667" lon="98.958576">
        <ele>324.636392</ele>
        <time>2025-11-26T04:16:48.042000Z</time>
      </trkpt>
      <trkpt lat="18.784488" lon="98.95851">
        <ele>324.6795</ele>
        <time>2025-11-26T04:16:52.402000Z</time>
      </trkpt>
      <trkpt lat="18.784293" lon="98.958454">
        <ele>324.725447</ele>
        <time>2025-11-26T04:16:57.082000Z</time>
      </trkpt>
      <trkpt lat="18.78407" lon="98.958423">
        <ele>324.776588</ele>
        <time>2025-11-26T04:17:02.298000Z</time>
      </trkpt>
      <trkpt lat="18.783541" lon="98.958409">
        <ele>324.896905</ele>
        <time>2025-11-26T04:17:14.462000Z</time>
      </trkpt>
      <trkpt lat="18.782358" lon="98.958396">
        <ele>325.254591</ele>
        <time>2025-11-26T04:17:42.757000Z</time>
      </trkpt>
      <trkpt lat="18.781799" lon="98.958393">
        <ele>325.446291</ele>
        <time>2025-11-26T04:17:56.324000Z</time>
      </trkpt>
      <trkpt lat="18.781465" lon="98.958399">
        <ele>325.560846</ele>
        <time>2025-11-26T04:18:04.084000Z</time>
      </trkpt>
      <trkpt lat="18.780493" lon="98.9584">
        <ele>325.407795</ele>
        <time>2025-11-26T04:18:25.301000Z</time>
      </trkpt>
      <trkpt lat="18.780095" lon="98.958396">
        <ele>325.312147</ele>
        <time>2025-11-26T04:18:33.268000Z</time>
      </trkpt>
      <trkpt lat="18.779568" lon="98.958342">
        <ele>325.184908</ele>
        <time>2025-11-26T04:18:44.172000Z</time>
      </trkpt>
      <trkpt lat="18.779347" lon="98.958264">
        <ele>325.214431</ele>
        <time>2025-11-26T04:18:49.309000Z</time>
      </trkpt>
      <trkpt lat="18.778966" lon="98.958089">
        <ele>325.296066</ele>
        <time>2025-11-26T04:18:58.755000Z</time>
      </trkpt>
      <trkpt lat="18.778924" lon="98.958051">
        <ele>325.306933</ele>
        <time>2025-11-26T04:19:00.061000Z</time>
      </trkpt>
      <trkpt lat="18.778657" lon="98.957821">
        <ele>325.374632</ele>
        <time>2025-11-26T04:19:08.069000Z</time>
      </trkpt>
      <trkpt lat="18.778438" lon="98.957547">
        <ele>325.44134</ele>
        <time>2025-11-26T04:19:16.145000Z</time>
      </trkpt>
      <trkpt lat="18.778324" lon="98.957349">
        <ele>325.484451</ele>
        <time>2025-11-26T04:19:21.430000Z</time>
      </trkpt>
      <trkpt lat="18.778149" lon="98.956877">
        <ele>325.607083</ele>
        <time>2025-11-26T04:19:33.266000Z</time>
      </trkpt>
      <trkpt lat="18.777552" lon="98.954414">
        <ele>326.132953</ele>
        <time>2025-11-26T04:20:29.182000Z</time>
      </trkpt>
      <trkpt lat="18.777438" lon="98.954131">
        <ele>326.148989</ele>
        <time>2025-11-26T04:20:35.528000Z</time>
      </trkpt>
      <trkpt lat="18.777273" lon="98.953865">
        <ele>326.16557</ele>
        <time>2025-11-26T04:20:42.200000Z</time>
      </trkpt>
      <trkpt lat="18.77694" lon="98.953521">
        <ele>326.151525</ele>
        <time>2025-11-26T04:20:52.270000Z</time>
      </trkpt>
      <trkpt lat="18.776483" lon="98.953198">
        <ele>325.9986</ele>
        <time>2025-11-26T04:21:03.908000Z</time>
      </trkpt>
      <trkpt lat="18.7756" lon="98.952627">
        <ele>325.710661</ele>
        <time>2025-11-26T04:21:26.182000Z</time>
      </trkpt>
      <trkpt lat="18.775118" lon="98.952309">
        <ele>325.462082</ele>
        <time>2025-11-26T04:21:37.743000Z</time>
      </trkpt>
      <trkpt lat="18.774861" lon="98.952139">
        <ele>325.319837</ele>
        <time>2025-11-26T04:21:43.911000Z</time>
      </trkpt>
      <trkpt lat="18.774398" lon="98.951904">
        <ele>325.078877</ele>
        <time>2025-11-26T04:21:54.534000Z</time>
      </trkpt>
      <trkpt lat="18.774202" lon="98.951804">
        <ele>324.976772</ele>
        <time>2025-11-26T04:21:59.095000Z</time>
      </trkpt>
      <trkpt lat="18.773936" lon="98.951693">
        <ele>324.84261</ele>
        <time>2025-11-26T04:22:05.113000Z</time>
      </trkpt>
      <trkpt lat="18.773032" lon="98.95144">
        <ele>324.297357</ele>
        <time>2025-11-26T04:22:23.955000Z</time>
      </trkpt>
      <trkpt lat="18.772873" lon="98.951395">
        <ele>324.201303</ele>
        <time>2025-11-26T04:22:27.178000Z</time>
      </trkpt>
      <trkpt lat="18.772219" lon="98.951212">
        <ele>323.806513</ele>
        <time>2025-11-26T04:22:40.588000Z</time>
      </trkpt>
      <trkpt lat="18.771957" lon="98.951142">
        <ele>323.793865</ele>
        <time>2025-11-26T04:22:46.004000Z</time>
      </trkpt>
      <trkpt lat="18.769546" lon="98.950444">
        <ele>323.639933</ele>
        <time>2025-11-26T04:23:43.544000Z</time>
      </trkpt>
      <trkpt lat="18.769283" lon="98.950368">
        <ele>323.590602</ele>
        <time>2025-11-26T04:23:49.368000Z</time>
      </trkpt>
      <trkpt lat="18.76915" lon="98.950329">
        <ele>323.56563</ele>
        <time>2025-11-26T04:23:52.198000Z</time>
      </trkpt>
      <trkpt lat="18.768824" lon="98.950217">
        <ele>323.503608</ele>
        <time>2025-11-26T04:23:59.150000Z</time>
      </trkpt>
      <trkpt lat="18.768548" lon="98.950088">
        <ele>323.375621</ele>
        <time>2025-11-26T04:24:05.179000Z</time>
      </trkpt>
      <trkpt lat="18.768239" lon="98.949882">
        <ele>323.17674</ele>
        <time>2025-11-26T04:24:12.312000Z</time>
      </trkpt>
      <trkpt lat="18.768044" lon="98.949727">
        <ele>323.043908</ele>
        <time>2025-11-26T04:24:16.999000Z</time>
      </trkpt>
      <trkpt lat="18.766912" lon="98.948628">
        <ele>322.695141</ele>
        <time>2025-11-26T04:24:49.167000Z</time>
      </trkpt>
      <trkpt lat="18.766615" lon="98.948333">
        <ele>322.834809</ele>
        <time>2025-11-26T04:24:59.013000Z</time>
      </trkpt>
      <trkpt lat="18.765949" lon="98.947676">
        <ele>323.126327</ele>
        <time>2025-11-26T04:25:22.799000Z</time>
      </trkpt>
      <trkpt lat="18.765523" lon="98.947244">
        <ele>323.156112</ele>
        <time>2025-11-26T04:25:36.439000Z</time>
      </trkpt>
      <trkpt lat="18.765364" lon="98.947092">
        <ele>323.166928</ele>
        <time>2025-11-26T04:25:41.121000Z</time>
      </trkpt>
      <trkpt lat="18.765327" lon="98.947052">
        <ele>323.169599</ele>
        <time>2025-11-26T04:25:42.266000Z</time>
      </trkpt>
      <trkpt lat="18.764788" lon="98.946502">
        <ele>323.207397</ele>
        <time>2025-11-26T04:25:58.585000Z</time>
      </trkpt>
      <trkpt lat="18.764641" lon="98.94636">
        <ele>323.197705</ele>
        <time>2025-11-26T04:26:02.689000Z</time>
      </trkpt>
      <trkpt lat="18.763927" lon="98.945666">
        <ele>323.003633</ele>
        <time>2025-11-26T04:26:23.170000Z</time>
      </trkpt>
      <trkpt lat="18.763403" lon="98.945144">
        <ele>322.859568</ele>
        <time>2025-11-26T04:26:39.230000Z</time>
      </trkpt>
      <trkpt lat="18.76307" lon="98.9449">
        <ele>322.744152</ele>
        <time>2025-11-26T04:26:47.869000Z</time>
      </trkpt>
      <trkpt lat="18.762705" lon="98.944809">
        <ele>322.634891</ele>
        <time>2025-11-26T04:26:55.470000Z</time>
      </trkpt>
      <trkpt lat="18.762038" lon="98.94473">
        <ele>322.439352</ele>
        <time>2025-11-26T04:27:09.557000Z</time>
      </trkpt>
      <trkpt lat="18.761708" lon="98.944703">
        <ele>322.342923</ele>
        <time>2025-11-26T04:27:16.767000Z</time>
      </trkpt>
      <trkpt lat="18.761152" lon="98.944552">
        <ele>322.463055</ele>
        <time>2025-11-26T04:27:29.123000Z</time>
      </trkpt>
      <trkpt lat="18.76099" lon="98.944466">
        <ele>322.50877</ele>
        <time>2025-11-26T04:27:33.097000Z</time>
      </trkpt>
      <trkpt lat="18.759722" lon="98.943634">
        <ele>322.884876</ele>
        <time>2025-11-26T04:28:09.499000Z</time>
      </trkpt>
      <trkpt lat="18.759375" lon="98.943475">
        <ele>322.979992</ele>
        <time>2025-11-26T04:28:18.706000Z</time>
      </trkpt>
      <trkpt lat="18.759221" lon="98.943424">
        <ele>323.020577</ele>
        <time>2025-11-26T04:28:22.571000Z</time>
      </trkpt>
      <trkpt lat="18.758869" lon="98.943394">
        <ele>323.109379</ele>
        <time>2025-11-26T04:28:30.814000Z</time>
      </trkpt>
      <trkpt lat="18.758626" lon="98.943412">
        <ele>323.170635</ele>
        <time>2025-11-26T04:28:36.306000Z</time>
      </trkpt>
      <trkpt lat="18.758209" lon="98.943444">
        <ele>323.197447</ele>
        <time>2025-11-26T04:28:45.117000Z</time>
      </trkpt>
      <trkpt lat="18.757598" lon="98.943495">
        <ele>323.051759</ele>
        <time>2025-11-26T04:28:57.500000Z</time>
      </trkpt>
      <trkpt lat="18.757294" lon="98.943467">
        <ele>322.979224</ele>
        <time>2025-11-26T04:29:03.721000Z</time>
      </trkpt>
      <trkpt lat="18.757088" lon="98.943398">
        <ele>322.927854</ele>
        <time>2025-11-26T04:29:08.234000Z</time>
      </trkpt>
      <trkpt lat="18.756992" lon="98.943331">
        <ele>322.900502</ele>
        <time>2025-11-26T04:29:10.701000Z</time>
      </trkpt>
      <trkpt lat="18.756861" lon="98.94322">
        <ele>322.86058</ele>
        <time>2025-11-26T04:29:14.390000Z</time>
      </trkpt>
      <trkpt lat="18.756743" lon="98.943071">
        <ele>322.81686</ele>
        <time>2025-11-26T04:29:18.529000Z</time>
      </trkpt>
      <trkpt lat="18.756666" lon="98.942935">
        <ele>322.915867</ele>
        <time>2025-11-26T04:29:22.010000Z</time>
      </trkpt>
      <trkpt lat="18.756612" lon="98.942682">
        <ele>323.151101</ele>
        <time>2025-11-26T04:29:28.052000Z</time>
      </trkpt>
      <trkpt lat="18.756559" lon="98.941689">
        <ele>324.053203</ele>
        <time>2025-11-26T04:29:54.198000Z</time>
      </trkpt>
      <trkpt lat="18.756539" lon="98.941501">
        <ele>324.224796</ele>
        <time>2025-11-26T04:29:59.222000Z</time>
      </trkpt>
      <trkpt lat="18.756452" lon="98.941309">
        <ele>324.417857</ele>
        <time>2025-11-26T04:30:04.691000Z</time>
      </trkpt>
      <trkpt lat="18.756292" lon="98.941162">
        <ele>324.494661</ele>
        <time>2025-11-26T04:30:10.279000Z</time>
      </trkpt>
      <trkpt lat="18.75613" lon="98.941076">
        <ele>324.424868</ele>
        <time>2025-11-26T04:30:14.867000Z</time>
      </trkpt>
      <trkpt lat="18.75583" lon="98.941038">
        <ele>324.308562</ele>
        <time>2025-11-26T04:30:21.791000Z</time>
      </trkpt>
      <trkpt lat="18.755142" lon="98.941218">
        <ele>324.035728</ele>
        <time>2025-11-26T04:30:35.973000Z</time>
      </trkpt>
      <trkpt lat="18.754667" lon="98.941365">
        <ele>323.845199</ele>
        <time>2025-11-26T04:30:45.336000Z</time>
      </trkpt>
      <trkpt lat="18.754103" lon="98.941545">
        <ele>323.391059</ele>
        <time>2025-11-26T04:30:56.235000Z</time>
      </trkpt>
      <trkpt lat="18.753549" lon="98.941714">
        <ele>322.939848</ele>
        <time>2025-11-26T04:31:07.600000Z</time>
      </trkpt>
      <trkpt lat="18.753227" lon="98.941808">
        <ele>322.678443</ele>
        <time>2025-11-26T04:31:14.687000Z</time>
      </trkpt>
      <trkpt lat="18.753063" lon="98.941821">
        <ele>322.549757</ele>
        <time>2025-11-26T04:31:18.159000Z</time>
      </trkpt>
      <trkpt lat="18.752688" lon="98.941757">
        <ele>322.382311</ele>
        <time>2025-11-26T04:31:26.164000Z</time>
      </trkpt>
      <trkpt lat="18.752432" lon="98.94164">
        <ele>322.322636</ele>
        <time>2025-11-26T04:31:31.984000Z</time>
      </trkpt>
      <trkpt lat="18.751726" lon="98.941185">
        <ele>322.145699</ele>
        <time>2025-11-26T04:31:50.063000Z</time>
      </trkpt>
      <trkpt lat="18.751435" lon="98.941042">
        <ele>322.077035</ele>
        <time>2025-11-26T04:31:56.890000Z</time>
      </trkpt>
      <trkpt lat="18.751182" lon="98.940976">
        <ele>322.047065</ele>
        <time>2025-11-26T04:32:02.421000Z</time>
      </trkpt>
      <trkpt lat="18.750914" lon="98.940972">
        <ele>322.048668</ele>
        <time>2025-11-26T04:32:08.127000Z</time>
      </trkpt>
      <trkpt lat="18.750413" lon="98.94105">
        <ele>322.051696</ele>
        <time>2025-11-26T04:32:19.347000Z</time>
      </trkpt>
      <trkpt lat="18.749895" lon="98.941125">
        <ele>322.054822</ele>
        <time>2025-11-26T04:32:31.234000Z</time>
      </trkpt>
      <trkpt lat="18.749467" lon="98.941182">
        <ele>322.06324</ele>
        <time>2025-11-26T04:32:40.991000Z</time>
      </trkpt>
      <trkpt lat="18.74942" lon="98.94119">
        <ele>322.069404</ele>
        <time>2025-11-26T04:32:42.084000Z</time>
      </trkpt>
      <trkpt lat="18.749276" lon="98.941198">
        <ele>322.088076</ele>
        <time>2025-11-26T04:32:45.424000Z</time>
      </trkpt>
      <trkpt lat="18.749204" lon="98.941202">
        <ele>322.097412</ele>
        <time>2025-11-26T04:32:47.089000Z</time>
      </trkpt>
      <trkpt lat="18.748582" lon="98.941311">
        <ele>322.179054</ele>
        <time>2025-11-26T04:33:01.791000Z</time>
      </trkpt>
      <trkpt lat="18.748029" lon="98.941386">
        <ele>322.251249</ele>
        <time>2025-11-26T04:33:14.648000Z</time>
      </trkpt>
      <trkpt lat="18.747524" lon="98.941458">
        <ele>322.199247</ele>
        <time>2025-11-26T04:33:25.853000Z</time>
      </trkpt>
      <trkpt lat="18.747233" lon="98.941493">
        <ele>322.072743</ele>
        <time>2025-11-26T04:33:32.049000Z</time>
      </trkpt>
      <trkpt lat="18.747105" lon="98.941504">
        <ele>322.017273</ele>
        <time>2025-11-26T04:33:34.677000Z</time>
      </trkpt>
      <trkpt lat="18.746681" lon="98.941564">
        <ele>321.832499</ele>
        <time>2025-11-26T04:33:43.468000Z</time>
      </trkpt>
      <trkpt lat="18.746057" lon="98.941641">
        <ele>321.561142</ele>
        <time>2025-11-26T04:33:56.284000Z</time>
      </trkpt>
      <trkpt lat="18.745657" lon="98.941701">
        <ele>321.399302</ele>
        <time>2025-11-26T04:34:04.333000Z</time>
      </trkpt>
      <trkpt lat="18.745466" lon="98.941718">
        <ele>321.324801</ele>
        <time>2025-11-26T04:34:08.111000Z</time>
      </trkpt>
      <trkpt lat="18.745363" lon="98.941732">
        <ele>321.284436</ele>
        <time>2025-11-26T04:34:10.176000Z</time>
      </trkpt>
      <trkpt lat="18.744926" lon="98.941785">
        <ele>321.113466</ele>
        <time>2025-11-26T04:34:19.151000Z</time>
      </trkpt>
      <trkpt lat="18.744755" lon="98.941785">
        <ele>321.047002</ele>
        <time>2025-11-26T04:34:22.827000Z</time>
      </trkpt>
      <trkpt lat="18.744479" lon="98.941725">
        <ele>320.937476</ele>
        <time>2025-11-26T04:34:28.968000Z</time>
      </trkpt>
      <trkpt lat="18.744268" lon="98.941605">
        <ele>320.844327</ele>
        <time>2025-11-26T04:34:34.233000Z</time>
      </trkpt>
      <trkpt lat="18.744098" lon="98.941449">
        <ele>320.817446</ele>
        <time>2025-11-26T04:34:39.199000Z</time>
      </trkpt>
      <trkpt lat="18.743865" lon="98.941115">
        <ele>320.826538</ele>
        <time>2025-11-26T04:34:47.965000Z</time>
      </trkpt>
      <trkpt lat="18.743671" lon="98.9408">
        <ele>320.834773</ele>
        <time>2025-11-26T04:34:56.113000Z</time>
      </trkpt>
      <trkpt lat="18.742793" lon="98.939385">
        <ele>320.933978</ele>
        <time>2025-11-26T04:35:32.204000Z</time>
      </trkpt>
      <trkpt lat="18.742677" lon="98.939199">
        <ele>320.957596</ele>
        <time>2025-11-26T04:35:36.924000Z</time>
      </trkpt>
      <trkpt lat="18.742052" lon="98.938191">
        <ele>321.133157</ele>
        <time>2025-11-26T04:36:02.842000Z</time>
      </trkpt>
      <trkpt lat="18.741943" lon="98.938019">
        <ele>321.192195</ele>
        <time>2025-11-26T04:36:07.426000Z</time>
      </trkpt>
      <trkpt lat="18.741225" lon="98.936874">
        <ele>321.583938</ele>
        <time>2025-11-26T04:36:38.230000Z</time>
      </trkpt>
      <trkpt lat="18.741103" lon="98.936681">
        <ele>321.622508</ele>
        <time>2025-11-26T04:36:43.510000Z</time>
      </trkpt>
      <trkpt lat="18.740541" lon="98.9358">
        <ele>321.762141</ele>
        <time>2025-11-26T04:37:06.628000Z</time>
      </trkpt>
      <trkpt lat="18.740304" lon="98.93541">
        <ele>321.823054</ele>
        <time>2025-11-26T04:37:16.301000Z</time>
      </trkpt>
      <trkpt lat="18.740264" lon="98.935345">
        <ele>321.833244</ele>
        <time>2025-11-26T04:37:17.911000Z</time>
      </trkpt>
      <trkpt lat="18.740129" lon="98.935129">
        <ele>321.854848</ele>
        <time>2025-11-26T04:37:23.265000Z</time>
      </trkpt>
      <trkpt lat="18.739994" lon="98.934912">
        <ele>321.866309</ele>
        <time>2025-11-26T04:37:28.597000Z</time>
      </trkpt>
      <trkpt lat="18.739847" lon="98.934679">
        <ele>321.878668</ele>
        <time>2025-11-26T04:37:34.327000Z</time>
      </trkpt>
      <trkpt lat="18.73892" lon="98.933184">
        <ele>321.971584</ele>
        <time>2025-11-26T04:38:12.767000Z</time>
      </trkpt>
      <trkpt lat="18.738876" lon="98.933112">
        <ele>321.977479</ele>
        <time>2025-11-26T04:38:14.671000Z</time>
      </trkpt>
      <trkpt lat="18.738797" lon="98.932991">
        <ele>321.987588</ele>
        <time>2025-11-26T04:38:17.871000Z</time>
      </trkpt>
      <trkpt lat="18.738748" lon="98.932925">
        <ele>321.993357</ele>
        <time>2025-11-26T04:38:19.686000Z</time>
      </trkpt>
      <trkpt lat="18.738577" lon="98.932725">
        <ele>322.011891</ele>
        <time>2025-11-26T04:38:25.580000Z</time>
      </trkpt>
      <trkpt lat="18.738237" lon="98.932438">
        <ele>322.043508</ele>
        <time>2025-11-26T04:38:35.521000Z</time>
      </trkpt>
      <trkpt lat="18.737889" lon="98.932214">
        <ele>322.016067</ele>
        <time>2025-11-26T04:38:44.579000Z</time>
      </trkpt>
      <trkpt lat="18.737665" lon="98.932092">
        <ele>321.930486</ele>
        <time>2025-11-26T04:38:50.091000Z</time>
      </trkpt>
      <trkpt lat="18.735909" lon="98.931139">
        <ele>321.22691</ele>
        <time>2025-11-26T04:39:30.748000Z</time>
      </trkpt>
      <trkpt lat="18.735514" lon="98.930876">
        <ele>321.04098</ele>
        <time>2025-11-26T04:39:40.381000Z</time>
      </trkpt>
      <trkpt lat="18.735335" lon="98.930713">
        <ele>320.946868</ele>
        <time>2025-11-26T04:39:45.336000Z</time>
      </trkpt>
      <trkpt lat="18.735156" lon="98.930498">
        <ele>320.838924</ele>
        <time>2025-11-26T04:39:51.046000Z</time>
      </trkpt>
      <trkpt lat="18.734961" lon="98.930181">
        <ele>320.709391</ele>
        <time>2025-11-26T04:39:58.673000Z</time>
      </trkpt>
      <trkpt lat="18.734815" lon="98.929777">
        <ele>320.599631</ele>
        <time>2025-11-26T04:40:07.442000Z</time>
      </trkpt>
      <trkpt lat="18.734731" lon="98.929204">
        <ele>320.452455</ele>
        <time>2025-11-26T04:40:19.224000Z</time>
      </trkpt>
      <trkpt lat="18.734713" lon="98.929028">
        <ele>320.407521</ele>
        <time>2025-11-26T04:40:22.754000Z</time>
      </trkpt>
      <trkpt lat="18.734604" lon="98.927961">
        <ele>320.294475</ele>
        <time>2025-11-26T04:40:44.261000Z</time>
      </trkpt>
      <trkpt lat="18.734506" lon="98.927425">
        <ele>320.34153</ele>
        <time>2025-11-26T04:40:55.798000Z</time>
      </trkpt>
      <trkpt lat="18.734457" lon="98.927288">
        <ele>320.354154</ele>
        <time>2025-11-26T04:40:59.002000Z</time>
      </trkpt>
      <trkpt lat="18.734295" lon="98.927039">
        <ele>320.380194</ele>
        <time>2025-11-26T04:41:05.714000Z</time>
      </trkpt>
      <trkpt lat="18.734197" lon="98.926928">
        <ele>320.393275</ele>
        <time>2025-11-26T04:41:09.137000Z</time>
      </trkpt>
      <trkpt lat="18.733969" lon="98.926747">
        <ele>320.421435</ele>
        <time>2025-11-26T04:41:15.972000Z</time>
      </trkpt>
      <trkpt lat="18.733742" lon="98.926653">
        <ele>320.47729</ele>
        <time>2025-11-26T04:41:21.848000Z</time>
      </trkpt>
      <trkpt lat="18.733425" lon="98.926601">
        <ele>320.550777</ele>
        <time>2025-11-26T04:41:29.518000Z</time>
      </trkpt>
      <trkpt lat="18.731772" lon="98.926604">
        <ele>320.792232</ele>
        <time>2025-11-26T04:42:07.350000Z</time>
      </trkpt>
      <trkpt lat="18.730611" lon="98.926574">
        <ele>320.69188</ele>
        <time>2025-11-26T04:42:32.395000Z</time>
      </trkpt>
      <trkpt lat="18.72854" lon="98.92655">
        <ele>320.552243</ele>
        <time>2025-11-26T04:43:17.306000Z</time>
      </trkpt>
      <trkpt lat="18.72767" lon="98.926696">
        <ele>320.899064</ele>
        <time>2025-11-26T04:43:38.315000Z</time>
      </trkpt>
      <trkpt lat="18.727568" lon="98.926719">
        <ele>320.940127</ele>
        <time>2025-11-26T04:43:40.885000Z</time>
      </trkpt>
      <trkpt lat="18.727017" lon="98.926783">
        <ele>321.158366</ele>
        <time>2025-11-26T04:43:54.671000Z</time>
      </trkpt>
      <trkpt lat="18.725765" lon="98.92702">
        <ele>321.409231</ele>
        <time>2025-11-26T04:44:25.002000Z</time>
      </trkpt>
      <trkpt lat="18.723252" lon="98.927488">
        <ele>321.061906</ele>
        <time>2025-11-26T04:45:21.766000Z</time>
      </trkpt>
      <trkpt lat="18.72273" lon="98.927601">
        <ele>320.803493</ele>
        <time>2025-11-26T04:45:32.902000Z</time>
      </trkpt>
      <trkpt lat="18.722667" lon="98.927621">
        <ele>320.771589</ele>
        <time>2025-11-26T04:45:34.264000Z</time>
      </trkpt>
      <trkpt lat="18.722001" lon="98.927829">
        <ele>320.434775</ele>
        <time>2025-11-26T04:45:48.515000Z</time>
      </trkpt>
      <trkpt lat="18.720505" lon="98.928469">
        <ele>319.60398</ele>
        <time>2025-11-26T04:46:21.144000Z</time>
      </trkpt>
      <trkpt lat="18.720132" lon="98.928595">
        <ele>319.397654</ele>
        <time>2025-11-26T04:46:29.587000Z</time>
      </trkpt>
      <trkpt lat="18.719852" lon="98.928627">
        <ele>319.256987</ele>
        <time>2025-11-26T04:46:35.754000Z</time>
      </trkpt>
      <trkpt lat="18.719566" lon="98.928611">
        <ele>319.212686</ele>
        <time>2025-11-26T04:46:42.097000Z</time>
      </trkpt>
      <trkpt lat="18.719251" lon="98.928512">
        <ele>319.161848</ele>
        <time>2025-11-26T04:46:49.502000Z</time>
      </trkpt>
      <trkpt lat="18.716581" lon="98.927174">
        <ele>318.814876</ele>
        <time>2025-11-26T04:47:57.004000Z</time>
      </trkpt>
      <trkpt lat="18.714074" lon="98.925921">
        <ele>318.684081</ele>
        <time>2025-11-26T04:49:00.786000Z</time>
      </trkpt>
      <trkpt lat="18.71361" lon="98.925694">
        <ele>318.657237</ele>
        <time>2025-11-26T04:49:12.461000Z</time>
      </trkpt>
      <trkpt lat="18.713275" lon="98.92553">
        <ele>318.636898</ele>
        <time>2025-11-26T04:49:20.913000Z</time>
      </trkpt>
      <trkpt lat="18.712818" lon="98.925305">
        <ele>318.600988</ele>
        <time>2025-11-26T04:49:32.481000Z</time>
      </trkpt>
      <trkpt lat="18.711402" lon="98.924599">
        <ele>318.514604</ele>
        <time>2025-11-26T04:50:08.411000Z</time>
      </trkpt>
      <trkpt lat="18.710811" lon="98.924296">
        <ele>318.519007</ele>
        <time>2025-11-26T04:50:23.193000Z</time>
      </trkpt>
      <trkpt lat="18.710584" lon="98.924164">
        <ele>318.520744</ele>
        <time>2025-11-26T04:50:28.823000Z</time>
      </trkpt>
      <trkpt lat="18.710373" lon="98.923958">
        <ele>318.52267</ele>
        <time>2025-11-26T04:50:35.231000Z</time>
      </trkpt>
      <trkpt lat="18.710178" lon="98.92371">
        <ele>318.543725</ele>
        <time>2025-11-26T04:50:42.242000Z</time>
      </trkpt>
      <trkpt lat="18.710031" lon="98.923323">
        <ele>318.775595</ele>
        <time>2025-11-26T04:50:51.725000Z</time>
      </trkpt>
      <trkpt lat="18.709676" lon="98.922067">
        <ele>319.504486</ele>
        <time>2025-11-26T04:51:23.233000Z</time>
      </trkpt>
      <trkpt lat="18.709305" lon="98.920752">
        <ele>319.635099</ele>
        <time>2025-11-26T04:51:54.018000Z</time>
      </trkpt>
      <trkpt lat="18.709139" lon="98.920152">
        <ele>319.662716</ele>
        <time>2025-11-26T04:52:06.324000Z</time>
      </trkpt>
      <trkpt lat="18.708648" lon="98.918376">
        <ele>318.34265</ele>
        <time>2025-11-26T04:52:40.526000Z</time>
      </trkpt>
      <trkpt lat="18.708555" lon="98.918032">
        <ele>318.293926</ele>
        <time>2025-11-26T04:52:47.388000Z</time>
      </trkpt>
      <trkpt lat="18.708547" lon="98.918011">
        <ele>318.295187</ele>
        <time>2025-11-26T04:52:47.833000Z</time>
      </trkpt>
      <trkpt lat="18.708221" lon="98.916831">
        <ele>318.363663</ele>
        <time>2025-11-26T04:53:13.525000Z</time>
      </trkpt>
      <trkpt lat="18.708094" lon="98.916374">
        <ele>318.480194</ele>
        <time>2025-11-26T04:53:24.968000Z</time>
      </trkpt>
      <trkpt lat="18.707975" lon="98.915943">
        <ele>318.911633</ele>
        <time>2025-11-26T04:53:36.321000Z</time>
      </trkpt>
      <trkpt lat="18.707811" lon="98.91535">
        <ele>319.505314</ele>
        <time>2025-11-26T04:53:52.309000Z</time>
      </trkpt>
      <trkpt lat="18.707746" lon="98.915113">
        <ele>319.742432</ele>
        <time>2025-11-26T04:53:58.755000Z</time>
      </trkpt>
      <trkpt lat="18.707465" lon="98.914097">
        <ele>320.280638</ele>
        <time>2025-11-26T04:54:24.926000Z</time>
      </trkpt>
      <trkpt lat="18.707302" lon="98.913529">
        <ele>320.354297</ele>
        <time>2025-11-26T04:54:37.411000Z</time>
      </trkpt>
      <trkpt lat="18.707187" lon="98.913093">
        <ele>320.410469</ele>
        <time>2025-11-26T04:54:46.781000Z</time>
      </trkpt>
      <trkpt lat="18.707179" lon="98.913063">
        <ele>320.414337</ele>
        <time>2025-11-26T04:54:47.424000Z</time>
      </trkpt>
      <trkpt lat="18.70709" lon="98.912746">
        <ele>320.398188</ele>
        <time>2025-11-26T04:54:54.070000Z</time>
      </trkpt>
      <trkpt lat="18.707042" lon="98.912573">
        <ele>320.293644</ele>
        <time>2025-11-26T04:54:57.635000Z</time>
      </trkpt>
      <trkpt lat="18.706571" lon="98.91088">
        <ele>319.303628</ele>
        <time>2025-11-26T04:55:32.603000Z</time>
      </trkpt>
      <trkpt lat="18.705646" lon="98.907552">
        <ele>318.301882</ele>
        <time>2025-11-26T04:56:45.536000Z</time>
      </trkpt>
      <trkpt lat="18.705225" lon="98.906038">
        <ele>317.977998</ele>
        <time>2025-11-26T04:57:18.756000Z</time>
      </trkpt>
      <trkpt lat="18.705165" lon="98.905817">
        <ele>317.932606</ele>
        <time>2025-11-26T04:57:23.674000Z</time>
      </trkpt>
      <trkpt lat="18.705037" lon="98.905519">
        <ele>317.875035</ele>
        <time>2025-11-26T04:57:30.706000Z</time>
      </trkpt>
      <trkpt lat="18.70485" lon="98.905216">
        <ele>317.879492</ele>
        <time>2025-11-26T04:57:38.569000Z</time>
      </trkpt>
      <trkpt lat="18.704647" lon="98.904981">
        <ele>317.883411</ele>
        <time>2025-11-26T04:57:45.575000Z</time>
      </trkpt>
      <trkpt lat="18.702164" lon="98.902471">
        <ele>318.19449</ele>
        <time>2025-11-26T04:59:06.288000Z</time>
      </trkpt>
      <trkpt lat="18.702025" lon="98.90233">
        <ele>318.247255</ele>
        <time>2025-11-26T04:59:10.827000Z</time>
      </trkpt>
      <trkpt lat="18.701597" lon="98.901967">
        <ele>318.397534</ele>
        <time>2025-11-26T04:59:23.974000Z</time>
      </trkpt>
      <trkpt lat="18.701439" lon="98.901869">
        <ele>318.447695</ele>
        <time>2025-11-26T04:59:28.414000Z</time>
      </trkpt>
      <trkpt lat="18.698656" lon="98.900654">
        <ele>320.080637</ele>
        <time>2025-11-26T05:00:45.930000Z</time>
      </trkpt>
      <trkpt lat="18.698366" lon="98.900532">
        <ele>320.234014</ele>
        <time>2025-11-26T05:00:53.687000Z</time>
      </trkpt>
      <trkpt lat="18.697973" lon="98.900369">
        <ele>320.441466</ele>
        <time>2025-11-26T05:01:03.978000Z</time>
      </trkpt>
      <trkpt lat="18.69794" lon="98.900355">
        <ele>320.45894</ele>
        <time>2025-11-26T05:01:04.844000Z</time>
      </trkpt>
      <trkpt lat="18.697301" lon="98.900094">
        <ele>320.595282</ele>
        <time>2025-11-26T05:01:21.389000Z</time>
      </trkpt>
      <trkpt lat="18.695681" lon="98.89939">
        <ele>320.423654</ele>
        <time>2025-11-26T05:02:02.316000Z</time>
      </trkpt>
      <trkpt lat="18.694743" lon="98.898986">
        <ele>319.769531</ele>
        <time>2025-11-26T05:02:23.266000Z</time>
      </trkpt>
      <trkpt lat="18.694379" lon="98.898772">
        <ele>319.494043</ele>
        <time>2025-11-26T05:02:31.507000Z</time>
      </trkpt>
      <trkpt lat="18.693036" lon="98.897496">
        <ele>318.316251</ele>
        <time>2025-11-26T05:03:08.789000Z</time>
      </trkpt>
      <trkpt lat="18.692208" lon="98.896708">
        <ele>318.704163</ele>
        <time>2025-11-26T05:03:36.086000Z</time>
      </trkpt>
      <trkpt lat="18.69198" lon="98.89653">
        <ele>318.802838</ele>
        <time>2025-11-26T05:03:43.771000Z</time>
      </trkpt>
      <trkpt lat="18.691753" lon="98.896422">
        <ele>318.889479</ele>
        <time>2025-11-26T05:03:50.484000Z</time>
      </trkpt>
      <trkpt lat="18.691371" lon="98.896314">
        <ele>319.107336</ele>
        <time>2025-11-26T05:04:01.021000Z</time>
      </trkpt>
      <trkpt lat="18.69099" lon="98.896308">
        <ele>319.327702</ele>
        <time>2025-11-26T05:04:11.032000Z</time>
      </trkpt>
      <trkpt lat="18.689939" lon="98.896526">
        <ele>319.946568</ele>
        <time>2025-11-26T05:04:37.794000Z</time>
      </trkpt>
      <trkpt lat="18.687817" lon="98.897036">
        <ele>320.542202</ele>
        <time>2025-11-26T05:05:30.390000Z</time>
      </trkpt>
      <trkpt lat="18.687234" lon="98.897188">
        <ele>320.714859</ele>
        <time>2025-11-26T05:05:45.247000Z</time>
      </trkpt>
      <trkpt lat="18.685637" lon="98.897553">
        <ele>321.079474</ele>
        <time>2025-11-26T05:06:24.566000Z</time>
      </trkpt>
      <trkpt lat="18.68541" lon="98.897604">
        <ele>321.116263</ele>
        <time>2025-11-26T05:06:30.137000Z</time>
      </trkpt>
      <trkpt lat="18.684302" lon="98.897867">
        <ele>321.15145</ele>
        <time>2025-11-26T05:06:56.706000Z</time>
      </trkpt>
      <trkpt lat="18.68301" lon="98.898178">
        <ele>320.862339</ele>
        <time>2025-11-26T05:07:26.175000Z</time>
      </trkpt>
      <trkpt lat="18.682874" lon="98.898211">
        <ele>320.827152</ele>
        <time>2025-11-26T05:07:29.188000Z</time>
      </trkpt>
      <trkpt lat="18.682361" lon="98.898285">
        <ele>320.665634</ele>
        <time>2025-11-26T05:07:40.341000Z</time>
      </trkpt>
      <trkpt lat="18.682199" lon="98.898249">
        <ele>320.61399</ele>
        <time>2025-11-26T05:07:43.919000Z</time>
      </trkpt>
      <trkpt lat="18.682012" lon="98.898169">
        <ele>320.551047</ele>
        <time>2025-11-26T05:07:48.310000Z</time>
      </trkpt>
      <trkpt lat="18.681783" lon="98.898012">
        <ele>320.465866</ele>
        <time>2025-11-26T05:07:54.256000Z</time>
      </trkpt>
      <trkpt lat="18.68061" lon="98.897119">
        <ele>320.058758</ele>
        <time>2025-11-26T05:08:26.723000Z</time>
      </trkpt>
      <trkpt lat="18.680448" lon="98.896995">
        <ele>320.006626</ele>
        <time>2025-11-26T05:08:31.346000Z</time>
      </trkpt>
      <trkpt lat="18.680245" lon="98.896839">
        <ele>319.941212</ele>
        <time>2025-11-26T05:08:37.082000Z</time>
      </trkpt>
      <trkpt lat="18.678581" lon="98.895554">
        <ele>319.03517</ele>
        <time>2025-11-26T05:09:21.219000Z</time>
      </trkpt>
      <trkpt lat="18.678378" lon="98.895337">
        <ele>318.918666</ele>
        <time>2025-11-26T05:09:27.468000Z</time>
      </trkpt>
      <trkpt lat="18.678166" lon="98.895064">
        <ele>318.899302</ele>
        <time>2025-11-26T05:09:34.801000Z</time>
      </trkpt>
      <trkpt lat="18.677933" lon="98.894658">
        <ele>318.873263</ele>
        <time>2025-11-26T05:09:44.842000Z</time>
      </trkpt>
      <trkpt lat="18.677367" lon="98.893744">
        <ele>318.866841</ele>
        <time>2025-11-26T05:10:09.274000Z</time>
      </trkpt>
      <trkpt lat="18.677212" lon="98.893564">
        <ele>319.006098</ele>
        <time>2025-11-26T05:10:14.973000Z</time>
      </trkpt>
      <trkpt lat="18.676659" lon="98.893128">
        <ele>319.423207</ele>
        <time>2025-11-26T05:10:32.705000Z</time>
      </trkpt>
      <trkpt lat="18.676178" lon="98.89277">
        <ele>319.778868</ele>
        <time>2025-11-26T05:10:48.569000Z</time>
      </trkpt>
      <trkpt lat="18.675805" lon="98.892511">
        <ele>319.861832</ele>
        <time>2025-11-26T05:11:00.338000Z</time>
      </trkpt>
      <trkpt lat="18.675364" lon="98.892186">
        <ele>319.764248</ele>
        <time>2025-11-26T05:11:13.412000Z</time>
      </trkpt>
      <trkpt lat="18.675143" lon="98.891947">
        <ele>319.706843</ele>
        <time>2025-11-26T05:11:20.348000Z</time>
      </trkpt>
      <trkpt lat="18.674974" lon="98.891744">
        <ele>319.660393</ele>
        <time>2025-11-26T05:11:25.740000Z</time>
      </trkpt>
      <trkpt lat="18.674283" lon="98.890705">
        <ele>319.151551</ele>
        <time>2025-11-26T05:11:49.931000Z</time>
      </trkpt>
      <trkpt lat="18.672331" lon="98.887705">
        <ele>318.125259</ele>
        <time>2025-11-26T05:13:06.745000Z</time>
      </trkpt>
      <trkpt lat="18.672099" lon="98.887348">
        <ele>318.111476</ele>
        <time>2025-11-26T05:13:16.178000Z</time>
      </trkpt>
      <trkpt lat="18.669996" lon="98.884118">
        <ele>318.046103</ele>
        <time>2025-11-26T05:14:43.809000Z</time>
      </trkpt>
      <trkpt lat="18.669393" lon="98.883203">
        <ele>317.789478</ele>
        <time>2025-11-26T05:15:05.739000Z</time>
      </trkpt>
      <trkpt lat="18.668619" lon="98.88203">
        <ele>317.372996</ele>
        <time>2025-11-26T05:15:35.536000Z</time>
      </trkpt>
      <trkpt lat="18.668303" lon="98.881551">
        <ele>317.529079</ele>
        <time>2025-11-26T05:15:49.573000Z</time>
      </trkpt>
      <trkpt lat="18.66799" lon="98.881022">
        <ele>317.737193</ele>
        <time>2025-11-26T05:16:04.886000Z</time>
      </trkpt>
      <trkpt lat="18.667826" lon="98.88069">
        <ele>317.86213</ele>
        <time>2025-11-26T05:16:13.949000Z</time>
      </trkpt>
      <trkpt lat="18.667149" lon="98.878657">
        <ele>317.716774</ele>
        <time>2025-11-26T05:17:00.140000Z</time>
      </trkpt>
      <trkpt lat="18.667042" lon="98.878368">
        <ele>317.686128</ele>
        <time>2025-11-26T05:17:06.492000Z</time>
      </trkpt>
      <trkpt lat="18.666912" lon="98.878101">
        <ele>317.667045</ele>
        <time>2025-11-26T05:17:12.696000Z</time>
      </trkpt>
      <trkpt lat="18.666712" lon="98.877811">
        <ele>317.644244</ele>
        <time>2025-11-26T05:17:20.165000Z</time>
      </trkpt>
      <trkpt lat="18.665279" lon="98.875985">
        <ele>317.92853</ele>
        <time>2025-11-26T05:18:13.503000Z</time>
      </trkpt>
      <trkpt lat="18.663484" lon="98.873681">
        <ele>318.976396</ele>
        <time>2025-11-26T05:19:24.536000Z</time>
      </trkpt>
      <trkpt lat="18.662422" lon="98.87235">
        <ele>318.991769</ele>
        <time>2025-11-26T05:20:02.379000Z</time>
      </trkpt>
      <trkpt lat="18.661935" lon="98.871748">
        <ele>318.769466</ele>
        <time>2025-11-26T05:20:18.770000Z</time>
      </trkpt>
      <trkpt lat="18.661435" lon="98.871107">
        <ele>318.544759</ele>
        <time>2025-11-26T05:20:35.859000Z</time>
      </trkpt>
      <trkpt lat="18.660854" lon="98.870388">
        <ele>318.392599</ele>
        <time>2025-11-26T05:20:55.916000Z</time>
      </trkpt>
      <trkpt lat="18.660702" lon="98.870144">
        <ele>318.345579</ele>
        <time>2025-11-26T05:21:02.219000Z</time>
      </trkpt>
      <trkpt lat="18.660601" lon="98.869927">
        <ele>318.306649</ele>
        <time>2025-11-26T05:21:07.483000Z</time>
      </trkpt>
      <trkpt lat="18.66046" lon="98.869544">
        <ele>318.254461</ele>
        <time>2025-11-26T05:21:16.511000Z</time>
      </trkpt>
      <trkpt lat="18.660401" lon="98.869257">
        <ele>318.273476</ele>
        <time>2025-11-26T05:21:23.109000Z</time>
      </trkpt>
      <trkpt lat="18.660306" lon="98.868685">
        <ele>318.311077</ele>
        <time>2025-11-26T05:21:36.110000Z</time>
      </trkpt>
      <trkpt lat="18.660232" lon="98.868492">
        <ele>318.324558</ele>
        <time>2025-11-26T05:21:40.638000Z</time>
      </trkpt>
      <trkpt lat="18.660094" lon="98.868227">
        <ele>318.344138</ele>
        <time>2025-11-26T05:21:47.315000Z</time>
      </trkpt>
      <trkpt lat="18.660001" lon="98.868114">
        <ele>318.353829</ele>
        <time>2025-11-26T05:21:50.706000Z</time>
      </trkpt>
      <trkpt lat="18.659725" lon="98.867859">
        <ele>318.386458</ele>
        <time>2025-11-26T05:21:59.299000Z</time>
      </trkpt>
      <trkpt lat="18.659335" lon="98.867612">
        <ele>318.460101</ele>
        <time>2025-11-26T05:22:09.836000Z</time>
      </trkpt>
      <trkpt lat="18.659226" lon="98.867549">
        <ele>318.480222</ele>
        <time>2025-11-26T05:22:12.745000Z</time>
      </trkpt>
      <trkpt lat="18.658437" lon="98.86708">
        <ele>318.62684</ele>
        <time>2025-11-26T05:22:34.454000Z</time>
      </trkpt>
      <trkpt lat="18.658145" lon="98.866858">
        <ele>318.678407</ele>
        <time>2025-11-26T05:22:43.326000Z</time>
      </trkpt>
      <trkpt lat="18.657875" lon="98.866568">
        <ele>318.720397</ele>
        <time>2025-11-26T05:22:52.721000Z</time>
      </trkpt>
      <trkpt lat="18.657121" lon="98.865501">
        <ele>318.857868</ele>
        <time>2025-11-26T05:23:22.452000Z</time>
      </trkpt>
      <trkpt lat="18.656928" lon="98.865227">
        <ele>318.727533</ele>
        <time>2025-11-26T05:23:29.556000Z</time>
      </trkpt>
      <trkpt lat="18.656644" lon="98.864824">
        <ele>318.514836</ele>
        <time>2025-11-26T05:23:39.814000Z</time>
      </trkpt>
      <trkpt lat="18.655836" lon="98.863703">
        <ele>318.111155</ele>
        <time>2025-11-26T05:24:08.094000Z</time>
      </trkpt>
      <trkpt lat="18.655394" lon="98.863084">
        <ele>318.240291</ele>
        <time>2025-11-26T05:24:25.474000Z</time>
      </trkpt>
      <trkpt lat="18.654725" lon="98.862044">
        <ele>318.469179</ele>
        <time>2025-11-26T05:24:56.265000Z</time>
      </trkpt>
      <trkpt lat="18.653717" lon="98.860218">
        <ele>318.897055</ele>
        <time>2025-11-26T05:25:42.834000Z</time>
      </trkpt>
      <trkpt lat="18.653312" lon="98.859503">
        <ele>319.054385</ele>
        <time>2025-11-26T05:26:01.730000Z</time>
      </trkpt>
      <trkpt lat="18.652965" lon="98.858899">
        <ele>319.184371</ele>
        <time>2025-11-26T05:26:18.723000Z</time>
      </trkpt>
      <trkpt lat="18.652449" lon="98.858003">
        <ele>319.371068</ele>
        <time>2025-11-26T05:26:43.074000Z</time>
      </trkpt>
      <trkpt lat="18.652281" lon="98.857691">
        <ele>319.434967</ele>
        <time>2025-11-26T05:26:50.780000Z</time>
      </trkpt>
      <trkpt lat="18.652138" lon="98.857424">
        <ele>319.399513</ele>
        <time>2025-11-26T05:26:57.343000Z</time>
      </trkpt>
      <trkpt lat="18.651785" lon="98.856767">
        <ele>319.019575</ele>
        <time>2025-11-26T05:27:12.784000Z</time>
      </trkpt>
      <trkpt lat="18.651658" lon="98.856565">
        <ele>318.897625</ele>
        <time>2025-11-26T05:27:17.608000Z</time>
      </trkpt>
      <trkpt lat="18.651356" lon="98.856216">
        <ele>318.659863</ele>
        <time>2025-11-26T05:27:26.918000Z</time>
      </trkpt>
      <trkpt lat="18.65003" lon="98.85517">
        <ele>317.671234</ele>
        <time>2025-11-26T05:28:01.465000Z</time>
      </trkpt>
      <trkpt lat="18.648856" lon="98.854249">
        <ele>317.426868</ele>
        <time>2025-11-26T05:28:33.739000Z</time>
      </trkpt>
      <trkpt lat="18.648461" lon="98.853899">
        <ele>317.433923</ele>
        <time>2025-11-26T05:28:46.284000Z</time>
      </trkpt>
      <trkpt lat="18.648293" lon="98.853712">
        <ele>317.437563</ele>
        <time>2025-11-26T05:28:52.460000Z</time>
      </trkpt>
      <trkpt lat="18.648108" lon="98.853461">
        <ele>317.579405</ele>
        <time>2025-11-26T05:29:00.159000Z</time>
      </trkpt>
      <trkpt lat="18.647745" lon="98.852894">
        <ele>317.884633</ele>
        <time>2025-11-26T05:29:16.925000Z</time>
      </trkpt>
      <trkpt lat="18.646576" lon="98.851066">
        <ele>318.720356</ele>
        <time>2025-11-26T05:30:08.357000Z</time>
      </trkpt>
      <trkpt lat="18.646417" lon="98.850816">
        <ele>318.820649</ele>
        <time>2025-11-26T05:30:15.442000Z</time>
      </trkpt>
      <trkpt lat="18.645926" lon="98.850039">
        <ele>318.836113</ele>
        <time>2025-11-26T05:30:36.748000Z</time>
      </trkpt>
      <trkpt lat="18.645601" lon="98.849568">
        <ele>318.7639</ele>
        <time>2025-11-26T05:30:49.615000Z</time>
      </trkpt>
      <trkpt lat="18.645544" lon="98.849501">
        <ele>318.752741</ele>
        <time>2025-11-26T05:30:51.530000Z</time>
      </trkpt>
      <trkpt lat="18.645271" lon="98.849234">
        <ele>318.704057</ele>
        <time>2025-11-26T05:30:59.466000Z</time>
      </trkpt>
      <trkpt lat="18.64502" lon="98.849076">
        <ele>318.644143</ele>
        <time>2025-11-26T05:31:05.471000Z</time>
      </trkpt>
      <trkpt lat="18.644103" lon="98.848759">
        <ele>318.337681</ele>
        <time>2025-11-26T05:31:25.516000Z</time>
      </trkpt>
      <trkpt lat="18.64395" lon="98.84868">
        <ele>318.283585</ele>
        <time>2025-11-26T05:31:29.318000Z</time>
      </trkpt>
      <trkpt lat="18.643693" lon="98.848492">
        <ele>318.184273</ele>
        <time>2025-11-26T05:31:36.696000Z</time>
      </trkpt>
      <trkpt lat="18.643428" lon="98.848209">
        <ele>318.085994</ele>
        <time>2025-11-26T05:31:46.294000Z</time>
      </trkpt>
      <trkpt lat="18.643302" lon="98.848019">
        <ele>318.049306</ele>
        <time>2025-11-26T05:31:52.058000Z</time>
      </trkpt>
      <trkpt lat="18.64284" lon="98.847174">
        <ele>317.894973</ele>
        <time>2025-11-26T05:32:14.808000Z</time>
      </trkpt>
      <trkpt lat="18.642011" lon="98.845595">
        <ele>316.09207</ele>
        <time>2025-11-26T05:32:47.967000Z</time>
      </trkpt>
      <trkpt lat="18.641774" lon="98.84521">
        <ele>315.468632</ele>
        <time>2025-11-26T05:32:56.184000Z</time>
      </trkpt>
      <trkpt lat="18.641175" lon="98.844128">
        <ele>313.65052</ele>
        <time>2025-11-26T05:33:18.892000Z</time>
      </trkpt>
      <trkpt lat="18.640625" lon="98.843069">
        <ele>312.056494</ele>
        <time>2025-11-26T05:33:40.851000Z</time>
      </trkpt>
      <trkpt lat="18.640502" lon="98.842872">
        <ele>311.817765</ele>
        <time>2025-11-26T05:33:45.166000Z</time>
      </trkpt>
      <trkpt lat="18.640367" lon="98.842674">
        <ele>311.570932</ele>
        <time>2025-11-26T05:33:49.652000Z</time>
      </trkpt>
      <trkpt lat="18.640105" lon="98.842311">
        <ele>311.109188</ele>
        <time>2025-11-26T05:33:58.293000Z</time>
      </trkpt>
      <trkpt lat="18.63975" lon="98.841925">
        <ele>310.564867</ele>
        <time>2025-11-26T05:34:08.981000Z</time>
      </trkpt>
      <trkpt lat="18.639423" lon="98.841621">
        <ele>310.583057</ele>
        <time>2025-11-26T05:34:18.539000Z</time>
      </trkpt>
      <trkpt lat="18.639156" lon="98.841416">
        <ele>310.627905</ele>
        <time>2025-11-26T05:34:26.147000Z</time>
      </trkpt>
      <trkpt lat="18.638914" lon="98.841273">
        <ele>310.665577</ele>
        <time>2025-11-26T05:34:32.805000Z</time>
      </trkpt>
      <trkpt lat="18.638619" lon="98.84112">
        <ele>310.710223</ele>
        <time>2025-11-26T05:34:41.011000Z</time>
      </trkpt>
      <trkpt lat="18.638005" lon="98.840895">
        <ele>310.847117</ele>
        <time>2025-11-26T05:34:57.667000Z</time>
      </trkpt>
      <trkpt lat="18.637636" lon="98.840804">
        <ele>310.99591</ele>
        <time>2025-11-26T05:35:07.433000Z</time>
      </trkpt>
      <trkpt lat="18.63665" lon="98.84062">
        <ele>311.389074</ele>
        <time>2025-11-26T05:35:32.716000Z</time>
      </trkpt>
      <trkpt lat="18.636179" lon="98.84054">
        <ele>311.278648</ele>
        <time>2025-11-26T05:35:43.629000Z</time>
      </trkpt>
      <trkpt lat="18.635582" lon="98.840417">
        <ele>310.786993</ele>
        <time>2025-11-26T05:35:56.548000Z</time>
      </trkpt>
      <trkpt lat="18.633394" lon="98.840034">
        <ele>308.588251</ele>
        <time>2025-11-26T05:36:39.810000Z</time>
      </trkpt>
      <trkpt lat="18.633172" lon="98.839994">
        <ele>308.334517</ele>
        <time>2025-11-26T05:36:44.397000Z</time>
      </trkpt>
      <trkpt lat="18.632754" lon="98.839915">
        <ele>307.953248</ele>
        <time>2025-11-26T05:36:53.228000Z</time>
      </trkpt>
      <trkpt lat="18.629076" lon="98.839247">
        <ele>306.811985</ele>
        <time>2025-11-26T05:38:16.233000Z</time>
      </trkpt>
      <trkpt lat="18.628771" lon="98.839194">
        <ele>306.718648</ele>
        <time>2025-11-26T05:38:23.177000Z</time>
      </trkpt>
      <trkpt lat="18.621247" lon="98.83781">
        <ele>304.581354</ele>
        <time>2025-11-26T05:41:11.548000Z</time>
      </trkpt>
      <trkpt lat="18.619152" lon="98.837387">
        <ele>304.442998</ele>
        <time>2025-11-26T05:42:01.923000Z</time>
      </trkpt>
      <trkpt lat="18.618707" lon="98.837297">
        <ele>304.431473</ele>
        <time>2025-11-26T05:42:11.966000Z</time>
      </trkpt>
      <trkpt lat="18.617615" lon="98.837044">
        <ele>304.044683</ele>
        <time>2025-11-26T05:42:36.041000Z</time>
      </trkpt>
      <trkpt lat="18.614138" lon="98.836409">
        <ele>303.055812</ele>
        <time>2025-11-26T05:43:54.128000Z</time>
      </trkpt>
      <trkpt lat="18.612986" lon="98.836201">
        <ele>302.86869</ele>
        <time>2025-11-26T05:44:20.511000Z</time>
      </trkpt>
      <trkpt lat="18.611579" lon="98.835945">
        <ele>302.827495</ele>
        <time>2025-11-26T05:44:53.469000Z</time>
      </trkpt>
      <trkpt lat="18.611188" lon="98.835951">
        <ele>302.889004</ele>
        <time>2025-11-26T05:45:02.340000Z</time>
      </trkpt>
      <trkpt lat="18.61093" lon="98.835913">
        <ele>302.929979</ele>
        <time>2025-11-26T05:45:08.326000Z</time>
      </trkpt>
      <trkpt lat="18.610113" lon="98.835728">
        <ele>303.061414</ele>
        <time>2025-11-26T05:45:27.685000Z</time>
      </trkpt>
      <trkpt lat="18.608544" lon="98.835335">
        <ele>303.327669</ele>
        <time>2025-11-26T05:46:05.340000Z</time>
      </trkpt>
      <trkpt lat="18.607723" lon="98.835219">
        <ele>303.287167</ele>
        <time>2025-11-26T05:46:23.319000Z</time>
      </trkpt>
      <trkpt lat="18.606678" lon="98.835151">
        <ele>302.971932</ele>
        <time>2025-11-26T05:46:45.240000Z</time>
      </trkpt>
      <trkpt lat="18.606189" lon="98.835125">
        <ele>302.842053</ele>
        <time>2025-11-26T05:46:55.342000Z</time>
      </trkpt>
      <trkpt lat="18.605851" lon="98.835105">
        <ele>302.789756</ele>
        <time>2025-11-26T05:47:02.507000Z</time>
      </trkpt>
      <trkpt lat="18.605738" lon="98.835098">
        <ele>302.77227</ele>
        <time>2025-11-26T05:47:04.937000Z</time>
      </trkpt>
      <trkpt lat="18.60558" lon="98.834719">
        <ele>302.71165</ele>
        <time>2025-11-26T05:47:13.878000Z</time>
      </trkpt>
      <trkpt lat="18.605197" lon="98.833851">
        <ele>302.572531</ele>
        <time>2025-11-26T05:47:33.888000Z</time>
      </trkpt>
      <trkpt lat="18.605075" lon="98.833579">
        <ele>302.53265</ele>
        <time>2025-11-26T05:47:40.295000Z</time>
      </trkpt>
      <trkpt lat="18.604482" lon="98.832228">
        <ele>302.335329</ele>
        <time>2025-11-26T05:48:10.821000Z</time>
      </trkpt>
      <trkpt lat="18.602992" lon="98.828833">
        <ele>302.082471</ele>
        <time>2025-11-26T05:49:28.530000Z</time>
      </trkpt>
      <trkpt lat="18.602328" lon="98.827299">
        <ele>302.041911</ele>
        <time>2025-11-26T05:50:03.347000Z</time>
      </trkpt>
      <trkpt lat="18.602157" lon="98.826919">
        <ele>302.105145</ele>
        <time>2025-11-26T05:50:12.543000Z</time>
      </trkpt>
      <trkpt lat="18.600813" lon="98.82385">
        <ele>304.562805</ele>
        <time>2025-11-26T05:51:32.984000Z</time>
      </trkpt>
      <trkpt lat="18.600477" lon="98.823107">
        <ele>305.820931</ele>
        <time>2025-11-26T05:51:55.656000Z</time>
      </trkpt>
      <trkpt lat="18.59962" lon="98.821139">
        <ele>310.002715</ele>
        <time>2025-11-26T05:52:59.181000Z</time>
      </trkpt>
      <trkpt lat="18.599597" lon="98.821087">
        <ele>310.119587</ele>
        <time>2025-11-26T05:53:00.822000Z</time>
      </trkpt>
      <trkpt lat="18.599608" lon="98.821035">
        <ele>310.2281</ele>
        <time>2025-11-26T05:53:02.370000Z</time>
      </trkpt>
      <trkpt lat="18.599486" lon="98.820702">
        <ele>310.95522</ele>
        <time>2025-11-26T05:53:12.526000Z</time>
      </trkpt>
      <trkpt lat="18.59947" lon="98.820642">
        <ele>311.082165</ele>
        <time>2025-11-26T05:53:14.305000Z</time>
      </trkpt>
      <trkpt lat="18.59926" lon="98.819738">
        <ele>312.966287</ele>
        <time>2025-11-26T05:53:41.967000Z</time>
      </trkpt>
      <trkpt lat="18.599152" lon="98.819305">
        <ele>313.863976</ele>
        <time>2025-11-26T05:53:55.292000Z</time>
      </trkpt>
      <trkpt lat="18.599131" lon="98.818606">
        <ele>315.266118</ele>
        <time>2025-11-26T05:54:16.160000Z</time>
      </trkpt>
      <trkpt lat="18.599134" lon="98.818418">
        <ele>315.643097</ele>
        <time>2025-11-26T05:54:21.755000Z</time>
      </trkpt>
      <trkpt lat="18.599211" lon="98.817366">
        <ele>316.583615</ele>
        <time>2025-11-26T05:54:49.405000Z</time>
      </trkpt>
      <trkpt lat="18.599252" lon="98.817026">
        <ele>316.800074</ele>
        <time>2025-11-26T05:54:57.250000Z</time>
      </trkpt>
      <trkpt lat="18.599511" lon="98.815834">
        <ele>316.912598</ele>
        <time>2025-11-26T05:55:21.893000Z</time>
      </trkpt>
      <trkpt lat="18.599551" lon="98.815669">
        <ele>316.805467</ele>
        <time>2025-11-26T05:55:25.096000Z</time>
      </trkpt>
      <trkpt lat="18.599575" lon="98.815586">
        <ele>316.750882</ele>
        <time>2025-11-26T05:55:26.711000Z</time>
      </trkpt>
      <trkpt lat="18.599598" lon="98.815485">
        <ele>316.685542</ele>
        <time>2025-11-26T05:55:28.653000Z</time>
      </trkpt>
      <trkpt lat="18.599798" lon="98.814478">
        <ele>316.036907</ele>
        <time>2025-11-26T05:55:47.693000Z</time>
      </trkpt>
      <trkpt lat="18.599876" lon="98.814083">
        <ele>315.745451</ele>
        <time>2025-11-26T05:55:55.242000Z</time>
      </trkpt>
      <trkpt lat="18.600181" lon="98.812358">
        <ele>314.460483</ele>
        <time>2025-11-26T05:56:28.472000Z</time>
      </trkpt>
      <trkpt lat="18.600336" lon="98.811738">
        <ele>313.956845</ele>
        <time>2025-11-26T05:56:40.370000Z</time>
      </trkpt>
      <trkpt lat="18.600572" lon="98.811162">
        <ele>313.463959</ele>
        <time>2025-11-26T05:56:51.888000Z</time>
      </trkpt>
      <trkpt lat="18.601293" lon="98.809402">
        <ele>312.386875</ele>
        <time>2025-11-26T05:57:28.123000Z</time>
      </trkpt>
      <trkpt lat="18.601896" lon="98.807741">
        <ele>312.457509</ele>
        <time>2025-11-26T05:58:06.494000Z</time>
      </trkpt>
      <trkpt lat="18.602025" lon="98.807319">
        <ele>312.531489</ele>
        <time>2025-11-26T05:58:16.703000Z</time>
      </trkpt>
      <trkpt lat="18.602095" lon="98.806901">
        <ele>312.546781</ele>
        <time>2025-11-26T05:58:26.545000Z</time>
      </trkpt>
      <trkpt lat="18.60213" lon="98.8063">
        <ele>312.566735</ele>
        <time>2025-11-26T05:58:40.313000Z</time>
      </trkpt>
      <trkpt lat="18.602115" lon="98.805449">
        <ele>312.594941</ele>
        <time>2025-11-26T05:58:57.330000Z</time>
      </trkpt>
      <trkpt lat="18.602105" lon="98.805018">
        <ele>312.218764</ele>
        <time>2025-11-26T05:59:05.263000Z</time>
      </trkpt>
      <trkpt lat="18.602025" lon="98.804794">
        <ele>311.994147</ele>
        <time>2025-11-26T05:59:09.515000Z</time>
      </trkpt>
      <trkpt lat="18.601011" lon="98.803546">
        <ele>310.712446</ele>
        <time>2025-11-26T05:59:39.023000Z</time>
      </trkpt>
      <trkpt lat="18.600321" lon="98.802727">
        <ele>310.42195</ele>
        <time>2025-11-26T06:00:02.153000Z</time>
      </trkpt>
      <trkpt lat="18.600052" lon="98.802488">
        <ele>310.323586</ele>
        <time>2025-11-26T06:00:10.568000Z</time>
      </trkpt>
      <trkpt lat="18.600012" lon="98.802417">
        <ele>310.28961</ele>
        <time>2025-11-26T06:00:12.358000Z</time>
      </trkpt>
      <trkpt lat="18.599871" lon="98.802406">
        <ele>310.203884</ele>
        <time>2025-11-26T06:00:15.523000Z</time>
      </trkpt>
      <trkpt lat="18.599808" lon="98.802823">
        <ele>309.961226</ele>
        <time>2025-11-26T06:00:24.346000Z</time>
      </trkpt>
      <trkpt lat="18.599711" lon="98.803386">
        <ele>309.632389</ele>
        <time>2025-11-26T06:00:35.567000Z</time>
      </trkpt>
      <trkpt lat="18.599691" lon="98.803724">
        <ele>309.437776</ele>
        <time>2025-11-26T06:00:42.208000Z</time>
      </trkpt>
      <trkpt lat="18.599655" lon="98.804239">
        <ele>309.119939</ele>
        <time>2025-11-26T06:00:52.039000Z</time>
      </trkpt>
      <trkpt lat="18.599681" lon="98.804496">
        <ele>308.932486</ele>
        <time>2025-11-26T06:00:56.931000Z</time>
      </trkpt>
      <trkpt lat="18.599676" lon="98.80477">
        <ele>308.733726</ele>
        <time>2025-11-26T06:01:02.139000Z</time>
      </trkpt>
      <trkpt lat="18.59964" lon="98.805167">
        <ele>308.444479</ele>
        <time>2025-11-26T06:01:09.920000Z</time>
      </trkpt>
      <trkpt lat="18.599747" lon="98.805607">
        <ele>308.115024</ele>
        <time>2025-11-26T06:01:18.972000Z</time>
      </trkpt>
      <trkpt lat="18.599741" lon="98.805687">
        <ele>308.056821</ele>
        <time>2025-11-26T06:01:20.596000Z</time>
      </trkpt>
      <trkpt lat="18.59967" lon="98.805762">
        <ele>307.97994</ele>
        <time>2025-11-26T06:01:22.756000Z</time>
      </trkpt>
      <trkpt lat="18.599665" lon="98.805858">
        <ele>307.910209</ele>
        <time>2025-11-26T06:01:24.729000Z</time>
      </trkpt>
      <trkpt lat="18.599716" lon="98.80662">
        <ele>307.646875</ele>
        <time>2025-11-26T06:01:40.654000Z</time>
      </trkpt>
      <trkpt lat="18.599709" lon="98.806659">
        <ele>307.635204</ele>
        <time>2025-11-26T06:01:41.485000Z</time>
      </trkpt>
      <trkpt lat="18.59969" lon="98.806765">
        <ele>307.603485</ele>
        <time>2025-11-26T06:01:43.779000Z</time>
      </trkpt>
      <trkpt lat="18.599584" lon="98.80698">
        <ele>307.532228</ele>
        <time>2025-11-26T06:01:48.928000Z</time>
      </trkpt>
      <trkpt lat="18.599319" lon="98.807897">
        <ele>307.245168</ele>
        <time>2025-11-26T06:02:09.092000Z</time>
      </trkpt>
      <trkpt lat="18.598999" lon="98.809008">
        <ele>306.855584</ele>
        <time>2025-11-26T06:02:32.874000Z</time>
      </trkpt>
      <trkpt lat="18.598678" lon="98.809796">
        <ele>306.673966</ele>
        <time>2025-11-26T06:02:50.821000Z</time>
      </trkpt>
      <trkpt lat="18.598654" lon="98.809974">
        <ele>306.691209</ele>
        <time>2025-11-26T06:02:54.750000Z</time>
      </trkpt>
      <trkpt lat="18.598729" lon="98.810392">
        <ele>306.73201</ele>
        <time>2025-11-26T06:03:04.264000Z</time>
      </trkpt>
      <trkpt lat="18.598729" lon="98.810536">
        <ele>306.745821</ele>
        <time>2025-11-26T06:03:07.556000Z</time>
      </trkpt>
      <trkpt lat="18.598684" lon="98.810773">
        <ele>306.769002</ele>
        <time>2025-11-26T06:03:13.091000Z</time>
      </trkpt>
      <trkpt lat="18.598679" lon="98.811036">
        <ele>306.794231</ele>
        <time>2025-11-26T06:03:19.165000Z</time>
      </trkpt>
      <trkpt lat="18.598578" lon="98.811417">
        <ele>306.832174</ele>
        <time>2025-11-26T06:03:28.288000Z</time>
      </trkpt>
      <trkpt lat="18.598501" lon="98.811524">
        <ele>306.823914</ele>
        <time>2025-11-26T06:03:31.358000Z</time>
      </trkpt>
      <trkpt lat="18.598175" lon="98.811738">
        <ele>306.797995</ele>
        <time>2025-11-26T06:03:40.513000Z</time>
      </trkpt>
      <trkpt lat="18.597911" lon="98.811963">
        <ele>306.775085</ele>
        <time>2025-11-26T06:03:48.377000Z</time>
      </trkpt>
      <trkpt lat="18.597764" lon="98.81205">
        <ele>306.763707</ele>
        <time>2025-11-26T06:03:52.204000Z</time>
      </trkpt>
      <trkpt lat="18.597622" lon="98.81206">
        <ele>306.754099</ele>
        <time>2025-11-26T06:03:55.427000Z</time>
      </trkpt>
      <trkpt lat="18.597494" lon="98.812119">
        <ele>306.74467</ele>
        <time>2025-11-26T06:03:58.556000Z</time>
      </trkpt>
      <trkpt lat="18.597367" lon="98.812377">
        <ele>306.726069</ele>
        <time>2025-11-26T06:04:04.699000Z</time>
      </trkpt>
      <trkpt lat="18.596361" lon="98.813514">
        <ele>306.384982</ele>
        <time>2025-11-26T06:04:37.038000Z</time>
      </trkpt>
      <trkpt lat="18.596218" lon="98.813578">
        <ele>306.344485</ele>
        <time>2025-11-26T06:04:40.441000Z</time>
      </trkpt>
      <trkpt lat="18.595658" lon="98.81412">
        <ele>306.445545</ele>
        <time>2025-11-26T06:04:57.588000Z</time>
      </trkpt>
      <trkpt lat="18.595532" lon="98.814367">
        <ele>306.593002</ele>
        <time>2025-11-26T06:05:03.924000Z</time>
      </trkpt>
      <trkpt lat="18.595202" lon="98.814914">
        <ele>306.933862</ele>
        <time>2025-11-26T06:05:19.590000Z</time>
      </trkpt>
      <trkpt lat="18.594917" lon="98.815236">
        <ele>307.165465</ele>
        <time>2025-11-26T06:05:31.013000Z</time>
      </trkpt>
      <trkpt lat="18.594485" lon="98.815671">
        <ele>307.866097</ele>
        <time>2025-11-26T06:05:48.086000Z</time>
      </trkpt>
      <trkpt lat="18.594302" lon="98.815773">
        <ele>308.145863</ele>
        <time>2025-11-26T06:05:54.240000Z</time>
      </trkpt>
      <trkpt lat="18.594198" lon="98.815955">
        <ele>308.418138</ele>
        <time>2025-11-26T06:06:00.300000Z</time>
      </trkpt>
      <trkpt lat="18.594215" lon="98.816052">
        <ele>308.54452</ele>
        <time>2025-11-26T06:06:03.142000Z</time>
      </trkpt>
      <trkpt lat="18.59449" lon="98.816347">
        <ele>309.074641</ele>
        <time>2025-11-26T06:06:14.866000Z</time>
      </trkpt>
      <trkpt lat="18.594739" lon="98.816513">
        <ele>309.472787</ele>
        <time>2025-11-26T06:06:23.189000Z</time>
      </trkpt>
      <trkpt lat="18.595212" lon="98.816727">
        <ele>309.944373</ele>
        <time>2025-11-26T06:06:36.828000Z</time>
      </trkpt>
      <trkpt lat="18.595063" lon="98.816958">
        <ele>310.141118</ele>
        <time>2025-11-26T06:06:43.407000Z</time>
      </trkpt>
      <trkpt lat="18.594957" lon="98.817065">
        <ele>310.250101</ele>
        <time>2025-11-26T06:06:47.104000Z</time>
      </trkpt>
      <trkpt lat="18.594896" lon="98.817103">
        <ele>310.302728</ele>
        <time>2025-11-26T06:06:48.894000Z</time>
      </trkpt>
      <trkpt lat="18.594784" lon="98.817103">
        <ele>310.385933</ele>
        <time>2025-11-26T06:06:51.734000Z</time>
      </trkpt>
      <trkpt lat="18.594713" lon="98.817151">
        <ele>310.448578</ele>
        <time>2025-11-26T06:06:53.837000Z</time>
      </trkpt>
      <trkpt lat="18.594675" lon="98.817238">
        <ele>310.516029</ele>
        <time>2025-11-26T06:06:56.157000Z</time>
      </trkpt>
      <trkpt lat="18.59445" lon="98.81775">
        <ele>310.913405</ele>
        <time>2025-11-26T06:07:09.638000Z</time>
      </trkpt>
      <trkpt lat="18.594551" lon="98.817789">
        <ele>310.993305</ele>
        <time>2025-11-26T06:07:12.454000Z</time>
      </trkpt>
      <trkpt lat="18.595045" lon="98.817977">
        <ele>311.803033</ele>
        <time>2025-11-26T06:07:27.043000Z</time>
      </trkpt>
      <trkpt lat="18.596048" lon="98.818137">
        <ele>313.396949</ele>
        <time>2025-11-26T06:07:58.568000Z</time>
      </trkpt>
      <trkpt lat="18.596452" lon="98.818201">
        <ele>313.894808</ele>
        <time>2025-11-26T06:08:11.180000Z</time>
      </trkpt>
      <trkpt lat="18.59664" lon="98.818231">
        <ele>313.984157</ele>
        <time>2025-11-26T06:08:16.766000Z</time>
      </trkpt>
      <trkpt lat="18.596955" lon="98.81818">
        <ele>314.133913</ele>
        <time>2025-11-26T06:08:25.644000Z</time>
      </trkpt>
      <trkpt lat="18.597492" lon="98.818094">
        <ele>314.389148</ele>
        <time>2025-11-26T06:08:38.879000Z</time>
      </trkpt>
      <trkpt lat="18.597468" lon="98.818305">
        <ele>314.483797</ele>
        <time>2025-11-26T06:08:43.305000Z</time>
      </trkpt>
      <trkpt lat="18.597528" lon="98.81842">
        <ele>314.542263</ele>
        <time>2025-11-26T06:08:45.984000Z</time>
      </trkpt>
      <trkpt lat="18.597738" lon="98.81882">
        <ele>314.553412</ele>
        <time>2025-11-26T06:08:55.099000Z</time>
      </trkpt>
      <trkpt lat="18.597781" lon="98.819119">
        <ele>314.303199</ele>
        <time>2025-11-26T06:09:01.006000Z</time>
      </trkpt>
      <trkpt lat="18.598337" lon="98.81919">
        <ele>313.814297</ele>
        <time>2025-11-26T06:09:12.429000Z</time>
      </trkpt>
      <trkpt lat="18.599152" lon="98.819305">
        <ele>313.096329</ele>
        <time>2025-11-26T06:09:29.093000Z</time>
      </trkpt>
      <trkpt lat="18.59926" lon="98.819738">
        <ele>312.720274</ele>
        <time>2025-11-26T06:09:37.243000Z</time>
      </trkpt>
      <trkpt lat="18.59947" lon="98.820642">
        <ele>311.938541</ele>
        <time>2025-11-26T06:09:53.988000Z</time>
      </trkpt>
      <trkpt lat="18.599694" lon="98.820601">
        <ele>311.737074</ele>
        <time>2025-11-26T06:09:58.700000Z</time>
      </trkpt>
      <trkpt lat="18.600182" lon="98.820588">
        <ele>311.484527</ele>
        <time>2025-11-26T06:10:09.424000Z</time>
      </trkpt>
      <trkpt lat="18.600814" lon="98.820571">
        <ele>311.404517</ele>
        <time>2025-11-26T06:10:24.069000Z</time>
      </trkpt>
      <trkpt lat="18.601313" lon="98.820566">
        <ele>311.341363</ele>
        <time>2025-11-26T06:10:35.780000Z</time>
      </trkpt>
      <trkpt lat="18.601378" lon="98.82057">
        <ele>311.333123</ele>
        <time>2025-11-26T06:10:37.259000Z</time>
      </trkpt>
      <trkpt lat="18.601911" lon="98.820562">
        <ele>311.197511</ele>
        <time>2025-11-26T06:10:49.313000Z</time>
      </trkpt>
      <trkpt lat="18.601959" lon="98.820553">
        <ele>311.171538</ele>
        <time>2025-11-26T06:10:50.406000Z</time>
      </trkpt>
      <trkpt lat="18.602196" lon="98.820554">
        <ele>311.04527</ele>
        <time>2025-11-26T06:10:55.659000Z</time>
      </trkpt>
      <trkpt lat="18.602324" lon="98.820555">
        <ele>310.977074</ele>
        <time>2025-11-26T06:10:58.451000Z</time>
      </trkpt>
      <trkpt lat="18.602538" lon="98.820557">
        <ele>310.863057</ele>
        <time>2025-11-26T06:11:03.096000Z</time>
      </trkpt>
      <trkpt lat="18.603193" lon="98.820566">
        <ele>310.514062</ele>
        <time>2025-11-26T06:11:16.723000Z</time>
      </trkpt>
      <trkpt lat="18.604037" lon="98.820575">
        <ele>310.211353</ele>
        <time>2025-11-26T06:11:34.204000Z</time>
      </trkpt>
      <trkpt lat="18.604373" lon="98.820615">
        <ele>310.131402</ele>
        <time>2025-11-26T06:11:41.489000Z</time>
      </trkpt>
      <trkpt lat="18.604445" lon="98.820625">
        <ele>310.114231</ele>
        <time>2025-11-26T06:11:43.105000Z</time>
      </trkpt>
      <trkpt lat="18.605321" lon="98.820862">
        <ele>309.907557</ele>
        <time>2025-11-26T06:12:04.363000Z</time>
      </trkpt>
      <trkpt lat="18.605691" lon="98.820934">
        <ele>310.035093</ele>
        <time>2025-11-26T06:12:13.987000Z</time>
      </trkpt>
      <trkpt lat="18.605922" lon="98.820984">
        <ele>310.115028</ele>
        <time>2025-11-26T06:12:20.001000Z</time>
      </trkpt>
      <trkpt lat="18.606469" lon="98.821114">
        <ele>310.305093</ele>
        <time>2025-11-26T06:12:33.985000Z</time>
      </trkpt>
      <trkpt lat="18.60673" lon="98.821168">
        <ele>310.395251</ele>
        <time>2025-11-26T06:12:40.527000Z</time>
      </trkpt>
      <trkpt lat="18.607609" lon="98.82135">
        <ele>310.530553</ele>
        <time>2025-11-26T06:13:01.721000Z</time>
      </trkpt>
      <trkpt lat="18.608329" lon="98.82154">
        <ele>310.554258</ele>
        <time>2025-11-26T06:13:18.944000Z</time>
      </trkpt>
      <trkpt lat="18.60879" lon="98.821625">
        <ele>310.569206</ele>
        <time>2025-11-26T06:13:29.667000Z</time>
      </trkpt>
      <trkpt lat="18.608869" lon="98.821643">
        <ele>310.563721</ele>
        <time>2025-11-26T06:13:31.511000Z</time>
      </trkpt>
      <trkpt lat="18.609569" lon="98.821741">
        <ele>310.446034</ele>
        <time>2025-11-26T06:13:47.363000Z</time>
      </trkpt>
      <trkpt lat="18.610028" lon="98.821741">
        <ele>310.369536</ele>
        <time>2025-11-26T06:13:57.570000Z</time>
      </trkpt>
      <trkpt lat="18.61058" lon="98.821665">
        <ele>310.276758</ele>
        <time>2025-11-26T06:14:10.011000Z</time>
      </trkpt>
      <trkpt lat="18.610917" lon="98.821598">
        <ele>310.290667</ele>
        <time>2025-11-26T06:14:17.774000Z</time>
      </trkpt>
      <trkpt lat="18.61117" lon="98.821558">
        <ele>310.307302</ele>
        <time>2025-11-26T06:14:23.678000Z</time>
      </trkpt>
      <trkpt lat="18.611606" lon="98.821571">
        <ele>310.335663</ele>
        <time>2025-11-26T06:14:34.040000Z</time>
      </trkpt>
      <trkpt lat="18.611928" lon="98.82154">
        <ele>310.356688</ele>
        <time>2025-11-26T06:14:41.904000Z</time>
      </trkpt>
      <trkpt lat="18.612955" lon="98.821322">
        <ele>310.526643</ele>
        <time>2025-11-26T06:15:06.737000Z</time>
      </trkpt>
      <trkpt lat="18.613735" lon="98.821104">
        <ele>310.723025</ele>
        <time>2025-11-26T06:15:26.482000Z</time>
      </trkpt>
      <trkpt lat="18.614516" lon="98.820893">
        <ele>310.896202</ele>
        <time>2025-11-26T06:15:45.934000Z</time>
      </trkpt>
      <trkpt lat="18.614832" lon="98.820811">
        <ele>310.955954</ele>
        <time>2025-11-26T06:15:53.970000Z</time>
      </trkpt>
      <trkpt lat="18.614951" lon="98.82078">
        <ele>310.978461</ele>
        <time>2025-11-26T06:15:56.980000Z</time>
      </trkpt>
      <trkpt lat="18.615607" lon="98.82071">
        <ele>311.09953</ele>
        <time>2025-11-26T06:16:12.461000Z</time>
      </trkpt>
      <trkpt lat="18.616115" lon="98.820672">
        <ele>311.136898</ele>
        <time>2025-11-26T06:16:24.085000Z</time>
      </trkpt>
      <trkpt lat="18.616615" lon="98.820614">
        <ele>311.090413</ele>
        <time>2025-11-26T06:16:35.911000Z</time>
      </trkpt>
      <trkpt lat="18.617368" lon="98.820406">
        <ele>311.018482</ele>
        <time>2025-11-26T06:16:53.701000Z</time>
      </trkpt>
      <trkpt lat="18.617604" lon="98.820369">
        <ele>310.996433</ele>
        <time>2025-11-26T06:16:59.047000Z</time>
      </trkpt>
      <trkpt lat="18.617678" lon="98.820359">
        <ele>310.989538</ele>
        <time>2025-11-26T06:17:00.700000Z</time>
      </trkpt>
      <trkpt lat="18.617731" lon="98.820353">
        <ele>310.963265</ele>
        <time>2025-11-26T06:17:01.907000Z</time>
      </trkpt>
      <trkpt lat="18.618397" lon="98.820346">
        <ele>310.631612</ele>
        <time>2025-11-26T06:17:16.495000Z</time>
      </trkpt>
      <trkpt lat="18.618959" lon="98.820352">
        <ele>310.351748</ele>
        <time>2025-11-26T06:17:28.569000Z</time>
      </trkpt>
      <trkpt lat="18.619115" lon="98.820353">
        <ele>310.274066</ele>
        <time>2025-11-26T06:17:31.922000Z</time>
      </trkpt>
      <trkpt lat="18.619658" lon="98.820468">
        <ele>309.867703</ele>
        <time>2025-11-26T06:17:43.670000Z</time>
      </trkpt>
      <trkpt lat="18.619886" lon="98.820533">
        <ele>309.58938</ele>
        <time>2025-11-26T06:17:48.340000Z</time>
      </trkpt>
      <trkpt lat="18.620603" lon="98.820757">
        <ele>308.708168</ele>
        <time>2025-11-26T06:18:02.659000Z</time>
      </trkpt>
      <trkpt lat="18.620884" lon="98.820845">
        <ele>308.362745</ele>
        <time>2025-11-26T06:18:08.374000Z</time>
      </trkpt>
      <trkpt lat="18.621065" lon="98.82086">
        <ele>308.148786</ele>
        <time>2025-11-26T06:18:11.874000Z</time>
      </trkpt>
      <trkpt lat="18.621343" lon="98.82081">
        <ele>307.976666</ele>
        <time>2025-11-26T06:18:17.367000Z</time>
      </trkpt>
      <trkpt lat="18.621567" lon="98.820741">
        <ele>307.980964</ele>
        <time>2025-11-26T06:18:21.993000Z</time>
      </trkpt>
      <trkpt lat="18.622788" lon="98.820382">
        <ele>308.00431</ele>
        <time>2025-11-26T06:18:52.359000Z</time>
      </trkpt>
      <trkpt lat="18.625048" lon="98.820355">
        <ele>310.402323</ele>
        <time>2025-11-26T06:19:57.253000Z</time>
      </trkpt>
      <trkpt lat="18.625427" lon="98.820345">
        <ele>310.626742</ele>
        <time>2025-11-26T06:20:07.110000Z</time>
      </trkpt>
      <trkpt lat="18.626535" lon="98.820625">
        <ele>311.296361</ele>
        <time>2025-11-26T06:20:34.649000Z</time>
      </trkpt>
      <trkpt lat="18.626578" lon="98.82064">
        <ele>311.310644</ele>
        <time>2025-11-26T06:20:35.732000Z</time>
      </trkpt>
      <trkpt lat="18.626953" lon="98.820746">
        <ele>311.433079</ele>
        <time>2025-11-26T06:20:45.048000Z</time>
      </trkpt>
      <trkpt lat="18.627955" lon="98.820851">
        <ele>311.750638</ele>
        <time>2025-11-26T06:21:09.612000Z</time>
      </trkpt>
      <trkpt lat="18.62925" lon="98.821397">
        <ele>312.504904</ele>
        <time>2025-11-26T06:21:44.176000Z</time>
      </trkpt>
      <trkpt lat="18.6297" lon="98.821445">
        <ele>312.782527</ele>
        <time>2025-11-26T06:21:56.027000Z</time>
      </trkpt>
      <trkpt lat="18.630322" lon="98.821665">
        <ele>313.374287</ele>
        <time>2025-11-26T06:22:13.998000Z</time>
      </trkpt>
      <trkpt lat="18.630753" lon="98.821675">
        <ele>313.863252</ele>
        <time>2025-11-26T06:22:26.039000Z</time>
      </trkpt>
      <trkpt lat="18.631251" lon="98.821359">
        <ele>314.522337</ele>
        <time>2025-11-26T06:22:41.926000Z</time>
      </trkpt>
      <trkpt lat="18.631718" lon="98.820959">
        <ele>315.205559</ele>
        <time>2025-11-26T06:22:58.850000Z</time>
      </trkpt>
      <trkpt lat="18.631808" lon="98.820901">
        <ele>315.325779</ele>
        <time>2025-11-26T06:23:01.916000Z</time>
      </trkpt>
      <trkpt lat="18.632016" lon="98.820819">
        <ele>315.578906</ele>
        <time>2025-11-26T06:23:08.506000Z</time>
      </trkpt>
      <trkpt lat="18.632198" lon="98.820698">
        <ele>315.824129</ele>
        <time>2025-11-26T06:23:14.938000Z</time>
      </trkpt>
      <trkpt lat="18.632313" lon="98.82057">
        <ele>316.014673</ele>
        <time>2025-11-26T06:23:19.769000Z</time>
      </trkpt>
      <trkpt lat="18.632442" lon="98.82034">
        <ele>316.303393</ele>
        <time>2025-11-26T06:23:26.745000Z</time>
      </trkpt>
      <trkpt lat="18.632606" lon="98.81995">
        <ele>316.764314</ele>
        <time>2025-11-26T06:23:37.455000Z</time>
      </trkpt>
      <trkpt lat="18.632685" lon="98.819858">
        <ele>316.898434</ele>
        <time>2025-11-26T06:23:40.596000Z</time>
      </trkpt>
      <trkpt lat="18.632795" lon="98.81978">
        <ele>317.049514</ele>
        <time>2025-11-26T06:23:44.112000Z</time>
      </trkpt>
      <trkpt lat="18.632904" lon="98.819815">
        <ele>317.130556</ele>
        <time>2025-11-26T06:23:47.101000Z</time>
      </trkpt>
      <trkpt lat="18.633203" lon="98.820044">
        <ele>317.389396</ele>
        <time>2025-11-26T06:23:56.601000Z</time>
      </trkpt>
      <trkpt lat="18.633417" lon="98.820091">
        <ele>317.542541</ele>
        <time>2025-11-26T06:24:02Z</time>
      </trkpt>
      <trkpt lat="18.633567" lon="98.820071">
        <ele>317.64847</ele>
        <time>2025-11-26T06:24:05.610000Z</time>
      </trkpt>
      <trkpt lat="18.634049" lon="98.819874">
        <ele>318.010611</ele>
        <time>2025-11-26T06:24:17.792000Z</time>
      </trkpt>
      <trkpt lat="18.634219" lon="98.819844">
        <ele>318.13137</ele>
        <time>2025-11-26T06:24:22.314000Z</time>
      </trkpt>
      <trkpt lat="18.634558" lon="98.819874">
        <ele>318.535119</ele>
        <time>2025-11-26T06:24:32.032000Z</time>
      </trkpt>
      <trkpt lat="18.634706" lon="98.819847">
        <ele>318.946389</ele>
        <time>2025-11-26T06:24:36.600000Z</time>
      </trkpt>
      <trkpt lat="18.634869" lon="98.819779">
        <ele>319.42633</ele>
        <time>2025-11-26T06:24:42.041000Z</time>
      </trkpt>
      <trkpt lat="18.635022" lon="98.819631">
        <ele>319.994648</ele>
        <time>2025-11-26T06:24:48.711000Z</time>
      </trkpt>
      <trkpt lat="18.635159" lon="98.819445">
        <ele>320.605911</ele>
        <time>2025-11-26T06:24:56.119000Z</time>
      </trkpt>
      <trkpt lat="18.635442" lon="98.818937">
        <ele>322.134923</ele>
        <time>2025-11-26T06:25:16.471000Z</time>
      </trkpt>
      <trkpt lat="18.635619" lon="98.81862">
        <ele>323.08961</ele>
        <time>2025-11-26T06:25:30.257000Z</time>
      </trkpt>
      <trkpt lat="18.635721" lon="98.818489">
        <ele>323.427265</ele>
        <time>2025-11-26T06:25:36.533000Z</time>
      </trkpt>
      <trkpt lat="18.63628" lon="98.817956">
        <ele>324.766574</ele>
        <time>2025-11-26T06:26:04.219000Z</time>
      </trkpt>
      <trkpt lat="18.636732" lon="98.81723">
        <ele>326.22992</ele>
        <time>2025-11-26T06:26:26.588000Z</time>
      </trkpt>
      <trkpt lat="18.637098" lon="98.816859">
        <ele>325.836125</ele>
        <time>2025-11-26T06:26:36.259000Z</time>
      </trkpt>
      <trkpt lat="18.637772" lon="98.816312">
        <ele>324.535476</ele>
        <time>2025-11-26T06:26:51.672000Z</time>
      </trkpt>
      <trkpt lat="18.638134" lon="98.815986">
        <ele>323.807506</ele>
        <time>2025-11-26T06:27:00.591000Z</time>
      </trkpt>
      <trkpt lat="18.638433" lon="98.81565">
        <ele>323.501041</ele>
        <time>2025-11-26T06:27:09.356000Z</time>
      </trkpt>
      <trkpt lat="18.638793" lon="98.815354">
        <ele>323.266442</ele>
        <time>2025-11-26T06:27:19.242000Z</time>
      </trkpt>
      <trkpt lat="18.640134" lon="98.814778">
        <ele>323.068612</ele>
        <time>2025-11-26T06:27:51.609000Z</time>
      </trkpt>
      <trkpt lat="18.64195" lon="98.813849">
        <ele>326.578927</ele>
        <time>2025-11-26T06:28:46.591000Z</time>
      </trkpt>
      <trkpt lat="18.642715" lon="98.813484">
        <ele>329.802309</ele>
        <time>2025-11-26T06:29:19.176000Z</time>
      </trkpt>
      <trkpt lat="18.642297" lon="98.812241">
        <ele>341.300495</ele>
        <time>2025-11-26T06:30:32.242000Z</time>
      </trkpt>
      <trkpt lat="18.642165" lon="98.811836">
        <ele>345.656592</ele>
        <time>2025-11-26T06:31:03.041000Z</time>
      </trkpt>
      <trkpt lat="18.642051" lon="98.811665">
        <ele>347.783168</ele>
        <time>2025-11-26T06:31:18.833000Z</time>
      </trkpt>
      <trkpt lat="18.641764" lon="98.811375">
        <ele>351.905173</ele>
        <time>2025-11-26T06:31:51.341000Z</time>
      </trkpt>
      <trkpt lat="18.641407" lon="98.811073">
        <ele>356.441026</ele>
        <time>2025-11-26T06:32:27.150000Z</time>
      </trkpt>
      <trkpt lat="18.641302" lon="98.810902">
        <ele>358.355138</ele>
        <time>2025-11-26T06:32:40.943000Z</time>
      </trkpt>
      <trkpt lat="18.641233" lon="98.810689">
        <ele>360.469692</ele>
        <time>2025-11-26T06:32:55.007000Z</time>
      </trkpt>
      <trkpt lat="18.64126" lon="98.809997">
        <ele>366.975625</ele>
        <time>2025-11-26T06:33:29.828000Z</time>
      </trkpt>
      <trkpt lat="18.641232" lon="98.809807">
        <ele>368.255518</ele>
        <time>2025-11-26T06:33:37.323000Z</time>
      </trkpt>
      <trkpt lat="18.640763" lon="98.808517">
        <ele>372.40813</ele>
        <time>2025-11-26T06:34:22.183000Z</time>
      </trkpt>
      <trkpt lat="18.641809" lon="98.808116">
        <ele>373.765847</ele>
        <time>2025-11-26T06:35:04.422000Z</time>
      </trkpt>
      <trkpt lat="18.641797" lon="98.809002">
        <ele>373.829237</ele>
        <time>2025-11-26T06:35:21.616000Z</time>
      </trkpt>
      <trkpt lat="18.641858" lon="98.809128">
        <ele>373.83936</ele>
        <time>2025-11-26T06:35:23.885000Z</time>
      </trkpt>
      <trkpt lat="18.642248" lon="98.809206">
        <ele>373.375737</ele>
        <time>2025-11-26T06:35:30.374000Z</time>
      </trkpt>
      <trkpt lat="18.642731" lon="98.809421">
        <ele>372.469231</ele>
        <time>2025-11-26T06:35:39.253000Z</time>
      </trkpt>
      <trkpt lat="18.643049" lon="98.809616">
        <ele>371.833226</ele>
        <time>2025-11-26T06:35:45.847000Z</time>
      </trkpt>
      <trkpt lat="18.643223" lon="98.809672">
        <ele>371.518648</ele>
        <time>2025-11-26T06:35:49.183000Z</time>
      </trkpt>
      <trkpt lat="18.644732" lon="98.81016">
        <ele>370.394989</ele>
        <time>2025-11-26T06:36:20.669000Z</time>
      </trkpt>
      <trkpt lat="18.644893" lon="98.810229">
        <ele>370.342057</ele>
        <time>2025-11-26T06:36:24.488000Z</time>
      </trkpt>
      <trkpt lat="18.644732" lon="98.81016">
        <ele>370.289124</ele>
        <time>2025-11-26T06:36:28.395000Z</time>
      </trkpt>
      <trkpt lat="18.643223" lon="98.809672">
        <ele>371.569203</ele>
        <time>2025-11-26T06:37:08.048000Z</time>
      </trkpt>
      <trkpt lat="18.643049" lon="98.809616">
        <ele>371.769196</ele>
        <time>2025-11-26T06:37:13.188000Z</time>
      </trkpt>
      <trkpt lat="18.642731" lon="98.809421">
        <ele>372.175989</ele>
        <time>2025-11-26T06:37:23.958000Z</time>
      </trkpt>
      <trkpt lat="18.642248" lon="98.809206">
        <ele>372.999951</ele>
        <time>2025-11-26T06:37:40.942000Z</time>
      </trkpt>
      <trkpt lat="18.641858" lon="98.809128">
        <ele>373.623876</ele>
        <time>2025-11-26T06:37:54.801000Z</time>
      </trkpt>
      <trkpt lat="18.641797" lon="98.809002">
        <ele>373.834612</ele>
        <time>2025-11-26T06:37:59.115000Z</time>
      </trkpt>
      <trkpt lat="18.641809" lon="98.808116">
        <ele>375.05364</ele>
        <time>2025-11-26T06:38:19.553000Z</time>
      </trkpt>
      <trkpt lat="18.640763" lon="98.808517">
        <ele>375.697514</ele>
        <time>2025-11-26T06:38:49.574000Z</time>
      </trkpt>
      <trkpt lat="18.640167" lon="98.806933">
        <ele>377.392618</ele>
        <time>2025-11-26T06:39:42.908000Z</time>
      </trkpt>
      <trkpt lat="18.639907" lon="98.806464">
        <ele>378.070604</ele>
        <time>2025-11-26T06:39:57.797000Z</time>
      </trkpt>
      <trkpt lat="18.639405" lon="98.805738">
        <ele>376.531547</ele>
        <time>2025-11-26T06:40:14.064000Z</time>
      </trkpt>
      <trkpt lat="18.638137" lon="98.803992">
        <ele>369.498789</ele>
        <time>2025-11-26T06:40:47.987000Z</time>
      </trkpt>
      <trkpt lat="18.635578" lon="98.800287">
        <ele>354.638952</ele>
        <time>2025-11-26T06:42:01.046000Z</time>
      </trkpt>
      <trkpt lat="18.636554" lon="98.79954">
        <ele>354.016496</ele>
        <time>2025-11-26T06:42:26.662000Z</time>
      </trkpt>
      <trkpt lat="18.637335" lon="98.798907">
        <ele>353.92499</ele>
        <time>2025-11-26T06:42:51.688000Z</time>
      </trkpt>
      <trkpt lat="18.637531" lon="98.798752">
        <ele>353.92846</ele>
        <time>2025-11-26T06:42:57.861000Z</time>
      </trkpt>
      <trkpt lat="18.638393" lon="98.798052">
        <ele>353.943868</ele>
        <time>2025-11-26T06:43:22.397000Z</time>
      </trkpt>
      <trkpt lat="18.638532" lon="98.797895">
        <ele>353.946753</ele>
        <time>2025-11-26T06:43:26.382000Z</time>
      </trkpt>
      <trkpt lat="18.638641" lon="98.797717">
        <ele>353.758396</ele>
        <time>2025-11-26T06:43:30.183000Z</time>
      </trkpt>
      <trkpt lat="18.638693" lon="98.797441">
        <ele>353.448863</ele>
        <time>2025-11-26T06:43:35.091000Z</time>
      </trkpt>
      <trkpt lat="18.638691" lon="98.796327">
        <ele>352.223501</ele>
        <time>2025-11-26T06:43:54.203000Z</time>
      </trkpt>
      <trkpt lat="18.638774" lon="98.79591">
        <ele>351.854157</ele>
        <time>2025-11-26T06:44:02.193000Z</time>
      </trkpt>
      <trkpt lat="18.639581" lon="98.794234">
        <ele>351.774191</ele>
        <time>2025-11-26T06:44:42.944000Z</time>
      </trkpt>
      <trkpt lat="18.6398" lon="98.793628">
        <ele>351.929719</ele>
        <time>2025-11-26T06:44:56.555000Z</time>
      </trkpt>
      <trkpt lat="18.639963" lon="98.793266">
        <ele>352.025828</ele>
        <time>2025-11-26T06:45:05.008000Z</time>
      </trkpt>
      <trkpt lat="18.640546" lon="98.791867">
        <ele>352.748781</ele>
        <time>2025-11-26T06:45:40.314000Z</time>
      </trkpt>
      <trkpt lat="18.640647" lon="98.791497">
        <ele>353.022599</ele>
        <time>2025-11-26T06:45:49.687000Z</time>
      </trkpt>
      <trkpt lat="18.64066" lon="98.791286">
        <ele>353.172964</ele>
        <time>2025-11-26T06:45:54.803000Z</time>
      </trkpt>
      <trkpt lat="18.640636" lon="98.791047">
        <ele>353.343876</ele>
        <time>2025-11-26T06:46:00.608000Z</time>
      </trkpt>
      <trkpt lat="18.640388" lon="98.790227">
        <ele>354.310535</ele>
        <time>2025-11-26T06:46:21.632000Z</time>
      </trkpt>
      <trkpt lat="18.640333" lon="98.789993">
        <ele>354.635815</ele>
        <time>2025-11-26T06:46:27.826000Z</time>
      </trkpt>
      <trkpt lat="18.640336" lon="98.789614">
        <ele>355.147178</ele>
        <time>2025-11-26T06:46:37.945000Z</time>
      </trkpt>
      <trkpt lat="18.640435" lon="98.789164">
        <ele>355.770466</ele>
        <time>2025-11-26T06:46:50.861000Z</time>
      </trkpt>
      <trkpt lat="18.640646" lon="98.788643">
        <ele>356.602335</ele>
        <time>2025-11-26T06:47:07.094000Z</time>
      </trkpt>
      <trkpt lat="18.640903" lon="98.788227">
        <ele>357.381741</ele>
        <time>2025-11-26T06:47:21.388000Z</time>
      </trkpt>
      <trkpt lat="18.641542" lon="98.787526">
        <ele>358.908378</ele>
        <time>2025-11-26T06:47:47.890000Z</time>
      </trkpt>
      <trkpt lat="18.641648" lon="98.787369">
        <ele>359.149663</ele>
        <time>2025-11-26T06:47:52.810000Z</time>
      </trkpt>
      <trkpt lat="18.641744" lon="98.78711">
        <ele>359.342709</ele>
        <time>2025-11-26T06:47:59.718000Z</time>
      </trkpt>
      <trkpt lat="18.64191" lon="98.786153">
        <ele>360.018031</ele>
        <time>2025-11-26T06:48:22.533000Z</time>
      </trkpt>
      <trkpt lat="18.64201" lon="98.785845">
        <ele>360.244026</ele>
        <time>2025-11-26T06:48:29.789000Z</time>
      </trkpt>
      <trkpt lat="18.642151" lon="98.785604">
        <ele>360.456192</ele>
        <time>2025-11-26T06:48:36.189000Z</time>
      </trkpt>
      <trkpt lat="18.642319" lon="98.78544">
        <ele>360.742783</ele>
        <time>2025-11-26T06:48:41.774000Z</time>
      </trkpt>
      <trkpt lat="18.64255" lon="98.785291">
        <ele>361.081819</ele>
        <time>2025-11-26T06:48:48.446000Z</time>
      </trkpt>
      <trkpt lat="18.642807" lon="98.785176">
        <ele>361.431397</ele>
        <time>2025-11-26T06:48:55.310000Z</time>
      </trkpt>
      <trkpt lat="18.643479" lon="98.784937">
        <ele>362.319452</ele>
        <time>2025-11-26T06:49:14.060000Z</time>
      </trkpt>
      <trkpt lat="18.643626" lon="98.784884">
        <ele>362.513988</ele>
        <time>2025-11-26T06:49:18.855000Z</time>
      </trkpt>
      <trkpt lat="18.643909" lon="98.784692">
        <ele>363.613014</ele>
        <time>2025-11-26T06:49:30.214000Z</time>
      </trkpt>
      <trkpt lat="18.644203" lon="98.784441">
        <ele>365.301596</ele>
        <time>2025-11-26T06:49:44.314000Z</time>
      </trkpt>
      <trkpt lat="18.645314" lon="98.783147">
        <ele>372.91491</ele>
        <time>2025-11-26T06:50:56.527000Z</time>
      </trkpt>
      <trkpt lat="18.64549" lon="98.782822">
        <ele>374.678092</ele>
        <time>2025-11-26T06:51:11.137000Z</time>
      </trkpt>
      <trkpt lat="18.645709" lon="98.782517">
        <ele>376.480589</ele>
        <time>2025-11-26T06:51:26.043000Z</time>
      </trkpt>
      <trkpt lat="18.646248" lon="98.781971">
        <ele>380.058554</ele>
        <time>2025-11-26T06:51:57.293000Z</time>
      </trkpt>
      <trkpt lat="18.646581" lon="98.781628">
        <ele>381.800549</ele>
        <time>2025-11-26T06:52:17.081000Z</time>
      </trkpt>
      <trkpt lat="18.646964" lon="98.781319">
        <ele>383.605366</ele>
        <time>2025-11-26T06:52:36.626000Z</time>
      </trkpt>
      <trkpt lat="18.647389" lon="98.781085">
        <ele>385.399957</ele>
        <time>2025-11-26T06:52:54.283000Z</time>
      </trkpt>
      <trkpt lat="18.649038" lon="98.780651">
        <ele>387.468063</ele>
        <time>2025-11-26T06:53:37.739000Z</time>
      </trkpt>
      <trkpt lat="18.649491" lon="98.780403">
        <ele>387.706142</ele>
        <time>2025-11-26T06:53:48.952000Z</time>
      </trkpt>
      <trkpt lat="18.649748" lon="98.780026">
        <ele>387.603306</ele>
        <time>2025-11-26T06:53:58.315000Z</time>
      </trkpt>
      <trkpt lat="18.649917" lon="98.779667">
        <ele>387.514546</ele>
        <time>2025-11-26T06:54:06.228000Z</time>
      </trkpt>
      <trkpt lat="18.650826" lon="98.77908">
        <ele>387.416334</ele>
        <time>2025-11-26T06:54:28.352000Z</time>
      </trkpt>
      <trkpt lat="18.651262" lon="98.778856">
        <ele>387.611713</ele>
        <time>2025-11-26T06:54:39.807000Z</time>
      </trkpt>
      <trkpt lat="18.653268" lon="98.778588">
        <ele>386.172641</ele>
        <time>2025-11-26T06:55:30.266000Z</time>
      </trkpt>
      <trkpt lat="18.655048" lon="98.781597">
        <ele>373.197932</ele>
        <time>2025-11-26T06:56:21.149000Z</time>
      </trkpt>
      <trkpt lat="18.65531" lon="98.782074">
        <ele>371.412964</ele>
        <time>2025-11-26T06:56:29.750000Z</time>
      </trkpt>
      <trkpt lat="18.655485" lon="98.782371">
        <ele>370.280688</ele>
        <time>2025-11-26T06:56:35.457000Z</time>
      </trkpt>
      <trkpt lat="18.655672" lon="98.782713">
        <ele>369.341004</ele>
        <time>2025-11-26T06:56:42.201000Z</time>
      </trkpt>
      <trkpt lat="18.655891" lon="98.78291">
        <ele>369.063285</ele>
        <time>2025-11-26T06:56:47.478000Z</time>
      </trkpt>
      <trkpt lat="18.656547" lon="98.783208">
        <ele>368.373997</ele>
        <time>2025-11-26T06:57:00.765000Z</time>
      </trkpt>
      <trkpt lat="18.656944" lon="98.783339">
        <ele>367.972546</ele>
        <time>2025-11-26T06:57:09.140000Z</time>
      </trkpt>
      <trkpt lat="18.657199" lon="98.783388">
        <ele>367.761022</ele>
        <time>2025-11-26T06:57:14.876000Z</time>
      </trkpt>
      <trkpt lat="18.657488" lon="98.783345">
        <ele>368.160659</ele>
        <time>2025-11-26T06:57:21.962000Z</time>
      </trkpt>
      <trkpt lat="18.65855" lon="98.782853">
        <ele>369.748759</ele>
        <time>2025-11-26T06:57:55.294000Z</time>
      </trkpt>
      <trkpt lat="18.659905" lon="98.78209">
        <ele>372.653403</ele>
        <time>2025-11-26T06:58:41.999000Z</time>
      </trkpt>
      <trkpt lat="18.660743" lon="98.78148">
        <ele>374.943403</ele>
        <time>2025-11-26T06:59:13.200000Z</time>
      </trkpt>
      <trkpt lat="18.664931" lon="98.779012">
        <ele>387.281374</ele>
        <time>2025-11-26T07:01:50.281000Z</time>
      </trkpt>
      <trkpt lat="18.665876" lon="98.778433">
        <ele>389.948296</ele>
        <time>2025-11-26T07:02:25.577000Z</time>
      </trkpt>
      <trkpt lat="18.667974" lon="98.777076">
        <ele>395.526955</ele>
        <time>2025-11-26T07:03:42.441000Z</time>
      </trkpt>
      <trkpt lat="18.668651" lon="98.776656">
        <ele>396.95343</ele>
        <time>2025-11-26T07:04:06.355000Z</time>
      </trkpt>
      <trkpt lat="18.669553" lon="98.776153">
        <ele>398.65978</ele>
        <time>2025-11-26T07:04:35.399000Z</time>
      </trkpt>
      <trkpt lat="18.669799" lon="98.775937">
        <ele>399.148463</ele>
        <time>2025-11-26T07:04:44.041000Z</time>
      </trkpt>
      <trkpt lat="18.670136" lon="98.775132">
        <ele>400.183638</ele>
        <time>2025-11-26T07:05:06.637000Z</time>
      </trkpt>
      <trkpt lat="18.670261" lon="98.774729">
        <ele>400.682411</ele>
        <time>2025-11-26T07:05:17.659000Z</time>
      </trkpt>
      <trkpt lat="18.670572" lon="98.774592">
        <ele>401.100807</ele>
        <time>2025-11-26T07:05:26.947000Z</time>
      </trkpt>
      <trkpt lat="18.671039" lon="98.774485">
        <ele>401.167476</ele>
        <time>2025-11-26T07:05:40.261000Z</time>
      </trkpt>
      <trkpt lat="18.672259" lon="98.774324">
        <ele>400.893896</ele>
        <time>2025-11-26T07:06:09.200000Z</time>
      </trkpt>
      <trkpt lat="18.672569" lon="98.77426">
        <ele>400.290871</ele>
        <time>2025-11-26T07:06:14.517000Z</time>
      </trkpt>
      <trkpt lat="18.672879" lon="98.774195">
        <ele>398.63862</ele>
        <time>2025-11-26T07:06:19.429000Z</time>
      </trkpt>
      <trkpt lat="18.674147" lon="98.774415">
        <ele>391.920945</ele>
        <time>2025-11-26T07:06:37.929000Z</time>
      </trkpt>
      <trkpt lat="18.674516" lon="98.774527">
        <ele>390.580127</ele>
        <time>2025-11-26T07:06:43.585000Z</time>
      </trkpt>
      <trkpt lat="18.673635" lon="98.777767">
        <ele>382.398725</ele>
        <time>2025-11-26T07:07:39.620000Z</time>
      </trkpt>
      <trkpt lat="18.673655" lon="98.777987">
        <ele>381.820124</ele>
        <time>2025-11-26T07:07:43.138000Z</time>
      </trkpt>
      <trkpt lat="18.674366" lon="98.78016">
        <ele>374.845849</ele>
        <time>2025-11-26T07:08:17.889000Z</time>
      </trkpt>
      <trkpt lat="18.674396" lon="98.780508">
        <ele>374.000781</ele>
        <time>2025-11-26T07:08:23.328000Z</time>
      </trkpt>
      <trkpt lat="18.674134" lon="98.784274">
        <ele>367.007152</ele>
        <time>2025-11-26T07:09:27.021000Z</time>
      </trkpt>
      <trkpt lat="18.673843" lon="98.784685">
        <ele>366.297935</ele>
        <time>2025-11-26T07:09:36.510000Z</time>
      </trkpt>
      <trkpt lat="18.673368" lon="98.785128">
        <ele>365.319556</ele>
        <time>2025-11-26T07:09:48.667000Z</time>
      </trkpt>
      <trkpt lat="18.673268" lon="98.785291">
        <ele>364.961465</ele>
        <time>2025-11-26T07:09:52.116000Z</time>
      </trkpt>
      <trkpt lat="18.673113" lon="98.787617">
        <ele>360.676658</ele>
        <time>2025-11-26T07:10:30.396000Z</time>
      </trkpt>
      <trkpt lat="18.672979" lon="98.788575">
        <ele>358.910393</ele>
        <time>2025-11-26T07:10:46.642000Z</time>
      </trkpt>
      <trkpt lat="18.672688" lon="98.78968">
        <ele>357.551232</ele>
        <time>2025-11-26T07:11:07.023000Z</time>
      </trkpt>
      <trkpt lat="18.672112" lon="98.791338">
        <ele>355.814298</ele>
        <time>2025-11-26T07:11:39.814000Z</time>
      </trkpt>
      <trkpt lat="18.671963" lon="98.791767">
        <ele>355.404907</ele>
        <time>2025-11-26T07:11:48.307000Z</time>
      </trkpt>
      <trkpt lat="18.671887" lon="98.792282">
        <ele>354.937913</ele>
        <time>2025-11-26T07:11:57.877000Z</time>
      </trkpt>
      <trkpt lat="18.671486" lon="98.793611">
        <ele>353.468001</ele>
        <time>2025-11-26T07:12:22.827000Z</time>
      </trkpt>
      <trkpt lat="18.670916" lon="98.794815">
        <ele>352.188934</ele>
        <time>2025-11-26T07:12:47.252000Z</time>
      </trkpt>
      <trkpt lat="18.67054" lon="98.795409">
        <ele>351.575393</ele>
        <time>2025-11-26T07:13:00.686000Z</time>
      </trkpt>
      <trkpt lat="18.670307" lon="98.795721">
        <ele>351.234196</ele>
        <time>2025-11-26T07:13:08.104000Z</time>
      </trkpt>
      <trkpt lat="18.670169" lon="98.796006">
        <ele>350.868621</ele>
        <time>2025-11-26T07:13:14.016000Z</time>
      </trkpt>
      <trkpt lat="18.670131" lon="98.796383">
        <ele>350.421265</ele>
        <time>2025-11-26T07:13:20.858000Z</time>
      </trkpt>
      <trkpt lat="18.670213" lon="98.797456">
        <ele>349.151056</ele>
        <time>2025-11-26T07:13:39.827000Z</time>
      </trkpt>
      <trkpt lat="18.670336" lon="98.79774">
        <ele>348.713862</ele>
        <time>2025-11-26T07:13:45.333000Z</time>
      </trkpt>
      <trkpt lat="18.671493" lon="98.799159">
        <ele>345.491362</ele>
        <time>2025-11-26T07:14:17.568000Z</time>
      </trkpt>
      <trkpt lat="18.671683" lon="98.799455">
        <ele>344.435649</ele>
        <time>2025-11-26T07:14:23.082000Z</time>
      </trkpt>
      <trkpt lat="18.671734" lon="98.799842">
        <ele>343.281963</ele>
        <time>2025-11-26T07:14:28.931000Z</time>
      </trkpt>
      <trkpt lat="18.67172" lon="98.800395">
        <ele>341.648553</ele>
        <time>2025-11-26T07:14:37.161000Z</time>
      </trkpt>
      <trkpt lat="18.671659" lon="98.800835">
        <ele>340.33554</ele>
        <time>2025-11-26T07:14:43.946000Z</time>
      </trkpt>
      <trkpt lat="18.671542" lon="98.801065">
        <ele>340.027756</ele>
        <time>2025-11-26T07:14:48.117000Z</time>
      </trkpt>
      <trkpt lat="18.671157" lon="98.801782">
        <ele>339.225012</ele>
        <time>2025-11-26T07:15:02.920000Z</time>
      </trkpt>
      <trkpt lat="18.670743" lon="98.802605">
        <ele>338.356474</ele>
        <time>2025-11-26T07:15:23.096000Z</time>
      </trkpt>
      <trkpt lat="18.670196" lon="98.803614">
        <ele>337.720931</ele>
        <time>2025-11-26T07:15:46.187000Z</time>
      </trkpt>
      <trkpt lat="18.670094" lon="98.803998">
        <ele>337.502905</ele>
        <time>2025-11-26T07:15:53.387000Z</time>
      </trkpt>
      <trkpt lat="18.670092" lon="98.804109">
        <ele>337.44221</ele>
        <time>2025-11-26T07:15:55.382000Z</time>
      </trkpt>
      <trkpt lat="18.670079" lon="98.804827">
        <ele>336.616187</ele>
        <time>2025-11-26T07:16:08.198000Z</time>
      </trkpt>
      <trkpt lat="18.670093" lon="98.805908">
        <ele>335.221927</ele>
        <time>2025-11-26T07:16:27.282000Z</time>
      </trkpt>
      <trkpt lat="18.670339" lon="98.806804">
        <ele>333.562403</ele>
        <time>2025-11-26T07:16:43.116000Z</time>
      </trkpt>
      <trkpt lat="18.67073" lon="98.807864">
        <ele>331.352386</ele>
        <time>2025-11-26T07:17:01.531000Z</time>
      </trkpt>
      <trkpt lat="18.670937" lon="98.808328">
        <ele>330.773114</ele>
        <time>2025-11-26T07:17:10.138000Z</time>
      </trkpt>
      <trkpt lat="18.671051" lon="98.808582">
        <ele>330.487246</ele>
        <time>2025-11-26T07:17:15.134000Z</time>
      </trkpt>
      <trkpt lat="18.671222" lon="98.808967">
        <ele>330.054766</ele>
        <time>2025-11-26T07:17:23.170000Z</time>
      </trkpt>
      <trkpt lat="18.671555" lon="98.810296">
        <ele>328.485179</ele>
        <time>2025-11-26T07:17:50.086000Z</time>
      </trkpt>
      <trkpt lat="18.671643" lon="98.810649">
        <ele>328.015095</ele>
        <time>2025-11-26T07:17:56.472000Z</time>
      </trkpt>
      <trkpt lat="18.671819" lon="98.811271">
        <ele>327.179092</ele>
        <time>2025-11-26T07:18:07.308000Z</time>
      </trkpt>
      <trkpt lat="18.671921" lon="98.811673">
        <ele>326.688064</ele>
        <time>2025-11-26T07:18:14.138000Z</time>
      </trkpt>
      <trkpt lat="18.671957" lon="98.811928">
        <ele>326.426329</ele>
        <time>2025-11-26T07:18:18.515000Z</time>
      </trkpt>
      <trkpt lat="18.671924" lon="98.812571">
        <ele>325.772596</ele>
        <time>2025-11-26T07:18:29.848000Z</time>
      </trkpt>
      <trkpt lat="18.671939" lon="98.812969">
        <ele>325.368226</ele>
        <time>2025-11-26T07:18:37.275000Z</time>
      </trkpt>
      <trkpt lat="18.671905" lon="98.813798">
        <ele>324.969526</ele>
        <time>2025-11-26T07:18:54.546000Z</time>
      </trkpt>
      <trkpt lat="18.671916" lon="98.814099">
        <ele>325.001159</ele>
        <time>2025-11-26T07:19:01.153000Z</time>
      </trkpt>
      <trkpt lat="18.672408" lon="98.814052">
        <ele>325.055919</ele>
        <time>2025-11-26T07:19:12.908000Z</time>
      </trkpt>
      <trkpt lat="18.672501" lon="98.814">
        <ele>325.067585</ele>
        <time>2025-11-26T07:19:15.371000Z</time>
      </trkpt>
      <trkpt lat="18.672665" lon="98.813497">
        <ele>325.123447</ele>
        <time>2025-11-26T07:19:27.407000Z</time>
      </trkpt>
      <trkpt lat="18.672786" lon="98.813426">
        <ele>325.151053</ele>
        <time>2025-11-26T07:19:30.847000Z</time>
      </trkpt>
      <trkpt lat="18.673044" lon="98.813361">
        <ele>325.211843</ele>
        <time>2025-11-26T07:19:37.366000Z</time>
      </trkpt>
      <trkpt lat="18.673105" lon="98.81331">
        <ele>325.229677</ele>
        <time>2025-11-26T07:19:39.246000Z</time>
      </trkpt>
      <trkpt lat="18.673111" lon="98.813298">
        <ele>325.232623</ele>
        <time>2025-11-26T07:19:39.564000Z</time>
      </trkpt>
      <trkpt lat="18.673139" lon="98.81324">
        <ele>325.246757</ele>
        <time>2025-11-26T07:19:41.059000Z</time>
      </trkpt>
      <trkpt lat="18.673146" lon="98.813152">
        <ele>325.265931</ele>
        <time>2025-11-26T07:19:43.080000Z</time>
      </trkpt>
      <trkpt lat="18.673088" lon="98.812914">
        <ele>325.319288</ele>
        <time>2025-11-26T07:19:48.706000Z</time>
      </trkpt>
      <trkpt lat="18.673102" lon="98.812779">
        <ele>325.348774</ele>
        <time>2025-11-26T07:19:51.800000Z</time>
      </trkpt>
      <trkpt lat="18.673289" lon="98.812435">
        <ele>325.434886</ele>
        <time>2025-11-26T07:20:00.787000Z</time>
      </trkpt>
      <trkpt lat="18.673463" lon="98.812235">
        <ele>325.493843</ele>
        <time>2025-11-26T07:20:06.988000Z</time>
      </trkpt>
      <trkpt lat="18.673553" lon="98.812164">
        <ele>325.519593</ele>
        <time>2025-11-26T07:20:09.712000Z</time>
      </trkpt>
      <trkpt lat="18.673699" lon="98.812102">
        <ele>325.545807</ele>
        <time>2025-11-26T07:20:13.553000Z</time>
      </trkpt>
      <trkpt lat="18.674559" lon="98.811923">
        <ele>325.623982</ele>
        <time>2025-11-26T07:20:34.297000Z</time>
      </trkpt>
      <trkpt lat="18.674797" lon="98.811901">
        <ele>325.645289</ele>
        <time>2025-11-26T07:20:39.759000Z</time>
      </trkpt>
      <trkpt lat="18.675305" lon="98.811877">
        <ele>325.69064</ele>
        <time>2025-11-26T07:20:51.488000Z</time>
      </trkpt>
      <trkpt lat="18.675441" lon="98.81185">
        <ele>325.689293</ele>
        <time>2025-11-26T07:20:54.699000Z</time>
      </trkpt>
      <trkpt lat="18.67579" lon="98.811719">
        <ele>325.573659</ele>
        <time>2025-11-26T07:21:03.344000Z</time>
      </trkpt>
      <trkpt lat="18.676138" lon="98.811647">
        <ele>325.462954</ele>
        <time>2025-11-26T07:21:11.676000Z</time>
      </trkpt>
      <trkpt lat="18.676334" lon="98.811539">
        <ele>325.393932</ele>
        <time>2025-11-26T07:21:16.851000Z</time>
      </trkpt>
      <trkpt lat="18.677278" lon="98.810717">
        <ele>324.989532</ele>
        <time>2025-11-26T07:21:42.517000Z</time>
      </trkpt>
      <trkpt lat="18.677416" lon="98.810668">
        <ele>324.936042</ele>
        <time>2025-11-26T07:21:45.456000Z</time>
      </trkpt>
      <trkpt lat="18.677567" lon="98.810651">
        <ele>324.880253</ele>
        <time>2025-11-26T07:21:48.526000Z</time>
      </trkpt>
      <trkpt lat="18.677974" lon="98.810748">
        <ele>324.726964</ele>
        <time>2025-11-26T07:21:57.167000Z</time>
      </trkpt>
      <trkpt lat="18.678141" lon="98.810749">
        <ele>324.66561</ele>
        <time>2025-11-26T07:22:00.733000Z</time>
      </trkpt>
      <trkpt lat="18.678323" lon="98.810683">
        <ele>324.594911</ele>
        <time>2025-11-26T07:22:04.883000Z</time>
      </trkpt>
      <trkpt lat="18.679512" lon="98.809901">
        <ele>325.231513</ele>
        <time>2025-11-26T07:22:41.582000Z</time>
      </trkpt>
      <trkpt lat="18.680102" lon="98.809314">
        <ele>325.770027</ele>
        <time>2025-11-26T07:23:03.528000Z</time>
      </trkpt>
      <trkpt lat="18.680823" lon="98.808934">
        <ele>326.104004</ele>
        <time>2025-11-26T07:23:22.997000Z</time>
      </trkpt>
      <trkpt lat="18.681289" lon="98.808604">
        <ele>326.336559</ele>
        <time>2025-11-26T07:23:35.451000Z</time>
      </trkpt>
      <trkpt lat="18.681612" lon="98.808338">
        <ele>326.785691</ele>
        <time>2025-11-26T07:23:45.380000Z</time>
      </trkpt>
      <trkpt lat="18.681726" lon="98.808295">
        <ele>327.306375</ele>
        <time>2025-11-26T07:23:48.706000Z</time>
      </trkpt>
      <trkpt lat="18.68195" lon="98.808288">
        <ele>328.270238</ele>
        <time>2025-11-26T07:23:55.429000Z</time>
      </trkpt>
      <trkpt lat="18.682064" lon="98.80828">
        <ele>328.761643</ele>
        <time>2025-11-26T07:23:59.183000Z</time>
      </trkpt>
      <trkpt lat="18.682452" lon="98.80819">
        <ele>330.470274</ele>
        <time>2025-11-26T07:24:14.249000Z</time>
      </trkpt>
      <trkpt lat="18.682579" lon="98.808126">
        <ele>331.075561</ele>
        <time>2025-11-26T07:24:20.350000Z</time>
      </trkpt>
      <trkpt lat="18.682681" lon="98.808045">
        <ele>331.624547</ele>
        <time>2025-11-26T07:24:26.222000Z</time>
      </trkpt>
      <trkpt lat="18.682754" lon="98.807891">
        <ele>332.326183</ele>
        <time>2025-11-26T07:24:34.197000Z</time>
      </trkpt>
      <trkpt lat="18.682792" lon="98.807754">
        <ele>332.907816</ele>
        <time>2025-11-26T07:24:41.232000Z</time>
      </trkpt>
      <trkpt lat="18.682797" lon="98.807609">
        <ele>333.499001</ele>
        <time>2025-11-26T07:24:48.717000Z</time>
      </trkpt>
      <trkpt lat="18.682754" lon="98.806871">
        <ele>335.962607</ele>
        <time>2025-11-26T07:25:26.612000Z</time>
      </trkpt>
      <trkpt lat="18.682814" lon="98.806663">
        <ele>336.63695</ele>
        <time>2025-11-26T07:25:36.292000Z</time>
      </trkpt>
      <trkpt lat="18.682943" lon="98.806484">
        <ele>337.334494</ele>
        <time>2025-11-26T07:25:45.216000Z</time>
      </trkpt>
      <trkpt lat="18.683044" lon="98.806394">
        <ele>337.767223</ele>
        <time>2025-11-26T07:25:50.102000Z</time>
      </trkpt>
      <trkpt lat="18.683327" lon="98.806318">
        <ele>338.723262</ele>
        <time>2025-11-26T07:25:58.900000Z</time>
      </trkpt>
      <trkpt lat="18.683588" lon="98.806311">
        <ele>339.578037</ele>
        <time>2025-11-26T07:26:04.539000Z</time>
      </trkpt>
      <trkpt lat="18.684051" lon="98.806367">
        <ele>338.790262</ele>
        <time>2025-11-26T07:26:12.581000Z</time>
      </trkpt>
      <trkpt lat="18.684548" lon="98.806507">
        <ele>336.587809</ele>
        <time>2025-11-26T07:26:20.669000Z</time>
      </trkpt>
      <trkpt lat="18.684691" lon="98.806509">
        <ele>335.975475</ele>
        <time>2025-11-26T07:26:22.881000Z</time>
      </trkpt>
      <trkpt lat="18.684873" lon="98.806442">
        <ele>335.150185</ele>
        <time>2025-11-26T07:26:25.857000Z</time>
      </trkpt>
      <trkpt lat="18.685129" lon="98.806241">
        <ele>333.784133</ele>
        <time>2025-11-26T07:26:30.802000Z</time>
      </trkpt>
      <trkpt lat="18.68533" lon="98.806115">
        <ele>332.783213</ele>
        <time>2025-11-26T07:26:34.494000Z</time>
      </trkpt>
      <trkpt lat="18.685814" lon="98.805863">
        <ele>332.061086</ele>
        <time>2025-11-26T07:26:43.521000Z</time>
      </trkpt>
      <trkpt lat="18.685977" lon="98.805876">
        <ele>331.937989</ele>
        <time>2025-11-26T07:26:46.531000Z</time>
      </trkpt>
      <trkpt lat="18.686254" lon="98.805984">
        <ele>331.715621</ele>
        <time>2025-11-26T07:26:52.438000Z</time>
      </trkpt>
      <trkpt lat="18.686393" lon="98.805986">
        <ele>331.610938</ele>
        <time>2025-11-26T07:26:55.573000Z</time>
      </trkpt>
      <trkpt lat="18.686576" lon="98.805914">
        <ele>331.463869</ele>
        <time>2025-11-26T07:27:00.463000Z</time>
      </trkpt>
      <trkpt lat="18.687347" lon="98.805527">
        <ele>331.571005</ele>
        <time>2025-11-26T07:27:27.873000Z</time>
      </trkpt>
      <trkpt lat="18.687889" lon="98.805382">
        <ele>332.555658</ele>
        <time>2025-11-26T07:27:46.881000Z</time>
      </trkpt>
      <trkpt lat="18.688076" lon="98.805595">
        <ele>333.040119</ele>
        <time>2025-11-26T07:27:55.250000Z</time>
      </trkpt>
      <trkpt lat="18.688305" lon="98.806137">
        <ele>334.030136</ele>
        <time>2025-11-26T07:28:10.596000Z</time>
      </trkpt>
      <trkpt lat="18.688747" lon="98.807326">
        <ele>334.300198</ele>
        <time>2025-11-26T07:28:38.329000Z</time>
      </trkpt>
      <trkpt lat="18.68888" lon="98.807855">
        <ele>334.341023</ele>
        <time>2025-11-26T07:28:49.277000Z</time>
      </trkpt>
      <trkpt lat="18.689111" lon="98.809029">
        <ele>333.737127</ele>
        <time>2025-11-26T07:29:12.743000Z</time>
      </trkpt>
      <trkpt lat="18.689171" lon="98.809157">
        <ele>333.650245</ele>
        <time>2025-11-26T07:29:15.472000Z</time>
      </trkpt>
      <trkpt lat="18.689253" lon="98.809204">
        <ele>333.590322</ele>
        <time>2025-11-26T07:29:17.344000Z</time>
      </trkpt>
      <trkpt lat="18.68954" lon="98.809177">
        <ele>333.405275</ele>
        <time>2025-11-26T07:29:23.081000Z</time>
      </trkpt>
      <trkpt lat="18.690038" lon="98.809005">
        <ele>332.776132</ele>
        <time>2025-11-26T07:29:33.290000Z</time>
      </trkpt>
      <trkpt lat="18.690286" lon="98.808952">
        <ele>332.250201</ele>
        <time>2025-11-26T07:29:38.118000Z</time>
      </trkpt>
      <trkpt lat="18.690524" lon="98.808887">
        <ele>331.739225</ele>
        <time>2025-11-26T07:29:42.553000Z</time>
      </trkpt>
      <trkpt lat="18.691276" lon="98.808712">
        <ele>330.138646</ele>
        <time>2025-11-26T07:29:55.357000Z</time>
      </trkpt>
      <trkpt lat="18.691398" lon="98.808761">
        <ele>329.867333</ele>
        <time>2025-11-26T07:29:57.515000Z</time>
      </trkpt>
      <trkpt lat="18.691565" lon="98.808813">
        <ele>329.505434</ele>
        <time>2025-11-26T07:30:00.429000Z</time>
      </trkpt>
      <trkpt lat="18.692084" lon="98.808947">
        <ele>328.893883</ele>
        <time>2025-11-26T07:30:09.602000Z</time>
      </trkpt>
      <trkpt lat="18.693057" lon="98.809198">
        <ele>327.786336</ele>
        <time>2025-11-26T07:30:28.736000Z</time>
      </trkpt>
      <trkpt lat="18.693458" lon="98.809343">
        <ele>327.835452</ele>
        <time>2025-11-26T07:30:38.873000Z</time>
      </trkpt>
      <trkpt lat="18.693701" lon="98.809496">
        <ele>328.570458</ele>
        <time>2025-11-26T07:30:46.548000Z</time>
      </trkpt>
      <trkpt lat="18.693859" lon="98.809591">
        <ele>329.042808</ele>
        <time>2025-11-26T07:30:52.095000Z</time>
      </trkpt>
      <trkpt lat="18.693987" lon="98.809629">
        <ele>329.38822</ele>
        <time>2025-11-26T07:30:56.383000Z</time>
      </trkpt>
      <trkpt lat="18.694384" lon="98.809695">
        <ele>330.432245</ele>
        <time>2025-11-26T07:31:10.144000Z</time>
      </trkpt>
      <trkpt lat="18.694696" lon="98.809742">
        <ele>331.250959</ele>
        <time>2025-11-26T07:31:21.694000Z</time>
      </trkpt>
      <trkpt lat="18.694945" lon="98.809793">
        <ele>331.909865</ele>
        <time>2025-11-26T07:31:31.473000Z</time>
      </trkpt>
      <trkpt lat="18.695109" lon="98.809869">
        <ele>332.462577</ele>
        <time>2025-11-26T07:31:38.510000Z</time>
      </trkpt>
      <trkpt lat="18.695072" lon="98.80997">
        <ele>332.830161</ele>
        <time>2025-11-26T07:31:42.666000Z</time>
      </trkpt>
      <trkpt lat="18.694969" lon="98.810365">
        <ele>334.220837</ele>
        <time>2025-11-26T07:31:58.725000Z</time>
      </trkpt>
      <trkpt lat="18.694975" lon="98.810822">
        <ele>335.772242</ele>
        <time>2025-11-26T07:32:15.867000Z</time>
      </trkpt>
      <trkpt lat="18.694957" lon="98.811107">
        <ele>336.741804</ele>
        <time>2025-11-26T07:32:25.578000Z</time>
      </trkpt>
      <trkpt lat="18.694949" lon="98.811145">
        <ele>336.87394</ele>
        <time>2025-11-26T07:32:26.872000Z</time>
      </trkpt>
      <trkpt lat="18.694923" lon="98.81127">
        <ele>337.308353</ele>
        <time>2025-11-26T07:32:31.004000Z</time>
      </trkpt>
      <trkpt lat="18.694531" lon="98.812027">
        <ele>339.140306</ele>
        <time>2025-11-26T07:32:55.943000Z</time>
      </trkpt>
      <trkpt lat="18.694389" lon="98.812189">
        <ele>339.390617</ele>
        <time>2025-11-26T07:33:01.584000Z</time>
      </trkpt>
      <trkpt lat="18.69427" lon="98.812257">
        <ele>339.55262</ele>
        <time>2025-11-26T07:33:05.158000Z</time>
      </trkpt>
      <trkpt lat="18.693771" lon="98.812403">
        <ele>340.172562</ele>
        <time>2025-11-26T07:33:18.286000Z</time>
      </trkpt>
      <trkpt lat="18.693614" lon="98.812537">
        <ele>340.414274</ele>
        <time>2025-11-26T07:33:23.092000Z</time>
      </trkpt>
      <trkpt lat="18.693359" lon="98.812887">
        <ele>341.372882</ele>
        <time>2025-11-26T07:33:32.759000Z</time>
      </trkpt>
      <trkpt lat="18.693228" lon="98.812984">
        <ele>342.075954</ele>
        <time>2025-11-26T07:33:36.747000Z</time>
      </trkpt>
      <trkpt lat="18.692932" lon="98.813098">
        <ele>343.460397</ele>
        <time>2025-11-26T07:33:45.601000Z</time>
      </trkpt>
      <trkpt lat="18.692554" lon="98.813166">
        <ele>345.145234</ele>
        <time>2025-11-26T07:33:58.781000Z</time>
      </trkpt>
      <trkpt lat="18.692279" lon="98.813226">
        <ele>346.379094</ele>
        <time>2025-11-26T07:34:10.643000Z</time>
      </trkpt>
      <trkpt lat="18.691957" lon="98.813346">
        <ele>347.879501</ele>
        <time>2025-11-26T07:34:27.876000Z</time>
      </trkpt>
      <trkpt lat="18.69181" lon="98.813418">
        <ele>348.591538</ele>
        <time>2025-11-26T07:34:37.083000Z</time>
      </trkpt>
      <trkpt lat="18.691537" lon="98.813602">
        <ele>351.968972</ele>
        <time>2025-11-26T07:34:57.823000Z</time>
      </trkpt>
      <trkpt lat="18.690826" lon="98.814338">
        <ele>362.594466</ele>
        <time>2025-11-26T07:36:11.721000Z</time>
      </trkpt>
      <trkpt lat="18.690732" lon="98.814496">
        <ele>364.480346</ele>
        <time>2025-11-26T07:36:24.285000Z</time>
      </trkpt>
      <trkpt lat="18.690638" lon="98.81477">
        <ele>367.425905</ele>
        <time>2025-11-26T07:36:42.097000Z</time>
      </trkpt>
      <trkpt lat="18.690515" lon="98.814978">
        <ele>367.815345</ele>
        <time>2025-11-26T07:36:54.666000Z</time>
      </trkpt>
      <trkpt lat="18.690418" lon="98.815087">
        <ele>367.798022</ele>
        <time>2025-11-26T07:37:01.208000Z</time>
      </trkpt>
      <trkpt lat="18.690155" lon="98.815252">
        <ele>367.760613</ele>
        <time>2025-11-26T07:37:12.529000Z</time>
      </trkpt>
      <trkpt lat="18.689887" lon="98.815304">
        <ele>367.727294</ele>
        <time>2025-11-26T07:37:19.448000Z</time>
      </trkpt>
      <trkpt lat="18.688554" lon="98.815099">
        <ele>363.902146</ele>
        <time>2025-11-26T07:37:39.378000Z</time>
      </trkpt>
      <trkpt lat="18.688267" lon="98.815029">
        <ele>361.532724</ele>
        <time>2025-11-26T07:37:43.442000Z</time>
      </trkpt>
      <trkpt lat="18.688038" lon="98.814924">
        <ele>359.524414</ele>
        <time>2025-11-26T07:37:46.887000Z</time>
      </trkpt>
      <trkpt lat="18.68751" lon="98.81445">
        <ele>353.949134</ele>
        <time>2025-11-26T07:37:56.408000Z</time>
      </trkpt>
      <trkpt lat="18.686979" lon="98.814243">
        <ele>349.807454</ele>
        <time>2025-11-26T07:38:04.260000Z</time>
      </trkpt>
      <trkpt lat="18.686408" lon="98.813941">
        <ele>345.233222</ele>
        <time>2025-11-26T07:38:13.334000Z</time>
      </trkpt>
      <trkpt lat="18.686198" lon="98.813858">
        <ele>343.627182</ele>
        <time>2025-11-26T07:38:16.576000Z</time>
      </trkpt>
      <trkpt lat="18.685561" lon="98.813681">
        <ele>339.404576</ele>
        <time>2025-11-26T07:38:26.288000Z</time>
      </trkpt>
      <trkpt lat="18.684724" lon="98.813506">
        <ele>335.519734</ele>
        <time>2025-11-26T07:38:39.187000Z</time>
      </trkpt>
      <trkpt lat="18.684259" lon="98.813379">
        <ele>333.332904</ele>
        <time>2025-11-26T07:38:46.685000Z</time>
      </trkpt>
      <trkpt lat="18.684128" lon="98.813368">
        <ele>332.734585</ele>
        <time>2025-11-26T07:38:48.789000Z</time>
      </trkpt>
      <trkpt lat="18.683958" lon="98.81342">
        <ele>332.010131</ele>
        <time>2025-11-26T07:38:51.641000Z</time>
      </trkpt>
      <trkpt lat="18.68325" lon="98.813695">
        <ele>330.430312</ele>
        <time>2025-11-26T07:39:04.372000Z</time>
      </trkpt>
      <trkpt lat="18.682557" lon="98.814139">
        <ele>328.732707</ele>
        <time>2025-11-26T07:39:19.145000Z</time>
      </trkpt>
      <trkpt lat="18.682125" lon="98.814473">
        <ele>328.220185</ele>
        <time>2025-11-26T07:39:29.233000Z</time>
      </trkpt>
      <trkpt lat="18.681904" lon="98.814648">
        <ele>328.143751</ele>
        <time>2025-11-26T07:39:34.616000Z</time>
      </trkpt>
      <trkpt lat="18.681532" lon="98.814829">
        <ele>328.030424</ele>
        <time>2025-11-26T07:39:42.941000Z</time>
      </trkpt>
      <trkpt lat="18.681254" lon="98.815044">
        <ele>327.935077</ele>
        <time>2025-11-26T07:39:50.519000Z</time>
      </trkpt>
      <trkpt lat="18.680758" lon="98.81556">
        <ele>328.173244</ele>
        <time>2025-11-26T07:40:08.420000Z</time>
      </trkpt>
      <trkpt lat="18.680658" lon="98.815767">
        <ele>328.472604</ele>
        <time>2025-11-26T07:40:14.687000Z</time>
      </trkpt>
      <trkpt lat="18.680609" lon="98.816021">
        <ele>328.806558</ele>
        <time>2025-11-26T07:40:21.866000Z</time>
      </trkpt>
      <trkpt lat="18.680639" lon="98.816602">
        <ele>329.556194</ele>
        <time>2025-11-26T07:40:38.192000Z</time>
      </trkpt>
      <trkpt lat="18.680605" lon="98.816959">
        <ele>330.018449</ele>
        <time>2025-11-26T07:40:48.040000Z</time>
      </trkpt>
      <trkpt lat="18.680558" lon="98.817183">
        <ele>330.255699</ele>
        <time>2025-11-26T07:40:54.027000Z</time>
      </trkpt>
      <trkpt lat="18.68035" lon="98.817798">
        <ele>330.16518</ele>
        <time>2025-11-26T07:41:09.049000Z</time>
      </trkpt>
      <trkpt lat="18.680122" lon="98.818309">
        <ele>330.086885</ele>
        <time>2025-11-26T07:41:19.758000Z</time>
      </trkpt>
      <trkpt lat="18.679881" lon="98.818697">
        <ele>330.022572</ele>
        <time>2025-11-26T07:41:28.179000Z</time>
      </trkpt>
      <trkpt lat="18.679689" lon="98.819057">
        <ele>329.993859</ele>
        <time>2025-11-26T07:41:35.857000Z</time>
      </trkpt>
      <trkpt lat="18.679609" lon="98.819434">
        <ele>329.986818</ele>
        <time>2025-11-26T07:41:43.585000Z</time>
      </trkpt>
      <trkpt lat="18.679509" lon="98.820246">
        <ele>329.971895</ele>
        <time>2025-11-26T07:42:02.293000Z</time>
      </trkpt>
      <trkpt lat="18.679381" lon="98.820525">
        <ele>329.966246</ele>
        <time>2025-11-26T07:42:09.455000Z</time>
      </trkpt>
      <trkpt lat="18.678924" lon="98.820943">
        <ele>329.684298</ele>
        <time>2025-11-26T07:42:22.879000Z</time>
      </trkpt>
      <trkpt lat="18.678627" lon="98.821323">
        <ele>329.404657</ele>
        <time>2025-11-26T07:42:32.027000Z</time>
      </trkpt>
      <trkpt lat="18.678126" lon="98.822064">
        <ele>328.887894</ele>
        <time>2025-11-26T07:42:48.191000Z</time>
      </trkpt>
      <trkpt lat="18.677913" lon="98.822539">
        <ele>329.307178</ele>
        <time>2025-11-26T07:42:59.065000Z</time>
      </trkpt>
      <trkpt lat="18.677833" lon="98.822818">
        <ele>329.542523</ele>
        <time>2025-11-26T07:43:06.033000Z</time>
      </trkpt>
      <trkpt lat="18.67783" lon="98.823966">
        <ele>330.438074</ele>
        <time>2025-11-26T07:43:37.847000Z</time>
      </trkpt>
      <trkpt lat="18.67775" lon="98.824615">
        <ele>330.640055</ele>
        <time>2025-11-26T07:43:55.039000Z</time>
      </trkpt>
      <trkpt lat="18.677592" lon="98.825224">
        <ele>330.834923</ele>
        <time>2025-11-26T07:44:08.547000Z</time>
      </trkpt>
      <trkpt lat="18.677438" lon="98.825649">
        <ele>330.975352</ele>
        <time>2025-11-26T07:44:17.102000Z</time>
      </trkpt>
      <trkpt lat="18.677239" lon="98.825975">
        <ele>330.833502</ele>
        <time>2025-11-26T07:44:24.031000Z</time>
      </trkpt>
      <trkpt lat="18.677138" lon="98.826094">
        <ele>330.740127</ele>
        <time>2025-11-26T07:44:26.880000Z</time>
      </trkpt>
      <trkpt lat="18.6766" lon="98.826705">
        <ele>330.252621</ele>
        <time>2025-11-26T07:44:42.271000Z</time>
      </trkpt>
      <trkpt lat="18.676379" lon="98.82708">
        <ele>329.994517</ele>
        <time>2025-11-26T07:44:51.413000Z</time>
      </trkpt>
      <trkpt lat="18.676122" lon="98.827601">
        <ele>329.748611</ele>
        <time>2025-11-26T07:45:04.038000Z</time>
      </trkpt>
      <trkpt lat="18.675938" lon="98.827864">
        <ele>329.633848</ele>
        <time>2025-11-26T07:45:10.831000Z</time>
      </trkpt>
      <trkpt lat="18.675677" lon="98.828106">
        <ele>329.505131</ele>
        <time>2025-11-26T07:45:18.219000Z</time>
      </trkpt>
      <trkpt lat="18.674923" lon="98.828608">
        <ele>329.106884</ele>
        <time>2025-11-26T07:45:36.141000Z</time>
      </trkpt>
      <trkpt lat="18.67479" lon="98.828718">
        <ele>328.965205</ele>
        <time>2025-11-26T07:45:39.388000Z</time>
      </trkpt>
      <trkpt lat="18.674643" lon="98.82886">
        <ele>328.798119</ele>
        <time>2025-11-26T07:45:43.178000Z</time>
      </trkpt>
      <trkpt lat="18.674574" lon="98.829017">
        <ele>328.660636</ele>
        <time>2025-11-26T07:45:46.311000Z</time>
      </trkpt>
      <trkpt lat="18.673653" lon="98.830627">
        <ele>327.307394</ele>
        <time>2025-11-26T07:46:21.546000Z</time>
      </trkpt>
      <trkpt lat="18.673119" lon="98.83153">
        <ele>326.676745</ele>
        <time>2025-11-26T07:46:41.889000Z</time>
      </trkpt>
      <trkpt lat="18.672921" lon="98.831703">
        <ele>326.603638</ele>
        <time>2025-11-26T07:46:47.327000Z</time>
      </trkpt>
      <trkpt lat="18.672656" lon="98.831963">
        <ele>326.62643</ele>
        <time>2025-11-26T07:46:55.272000Z</time>
      </trkpt>
      <trkpt lat="18.67228" lon="98.832535">
        <ele>326.667982</ele>
        <time>2025-11-26T07:47:10.760000Z</time>
      </trkpt>
      <trkpt lat="18.672072" lon="98.832791">
        <ele>326.688111</ele>
        <time>2025-11-26T07:47:18.337000Z</time>
      </trkpt>
      <trkpt lat="18.671853" lon="98.833015">
        <ele>326.707322</ele>
        <time>2025-11-26T07:47:25.505000Z</time>
      </trkpt>
      <trkpt lat="18.671703" lon="98.833111">
        <ele>326.621744</ele>
        <time>2025-11-26T07:47:29.524000Z</time>
      </trkpt>
      <trkpt lat="18.670196" lon="98.833526">
        <ele>325.715812</ele>
        <time>2025-11-26T07:48:00.965000Z</time>
      </trkpt>
      <trkpt lat="18.669735" lon="98.83363">
        <ele>325.165752</ele>
        <time>2025-11-26T07:48:09.810000Z</time>
      </trkpt>
      <trkpt lat="18.66894" lon="98.833783">
        <ele>324.109224</ele>
        <time>2025-11-26T07:48:24.731000Z</time>
      </trkpt>
      <trkpt lat="18.668787" lon="98.833796">
        <ele>323.908542</ele>
        <time>2025-11-26T07:48:27.584000Z</time>
      </trkpt>
      <trkpt lat="18.668394" lon="98.833829">
        <ele>323.393106</ele>
        <time>2025-11-26T07:48:34.889000Z</time>
      </trkpt>
      <trkpt lat="18.668359" lon="98.833832">
        <ele>323.347196</ele>
        <time>2025-11-26T07:48:35.544000Z</time>
      </trkpt>
      <trkpt lat="18.667137" lon="98.83417">
        <ele>321.157764</ele>
        <time>2025-11-26T07:48:58.761000Z</time>
      </trkpt>
      <trkpt lat="18.666958" lon="98.834253">
        <ele>320.817054</ele>
        <time>2025-11-26T07:49:02.218000Z</time>
      </trkpt>
      <trkpt lat="18.666629" lon="98.833827">
        <ele>319.867399</ele>
        <time>2025-11-26T07:49:11.611000Z</time>
      </trkpt>
      <trkpt lat="18.666101" lon="98.833008">
        <ele>317.973074</ele>
        <time>2025-11-26T07:49:28.286000Z</time>
      </trkpt>
      <trkpt lat="18.66569" lon="98.832212">
        <ele>316.494129</ele>
        <time>2025-11-26T07:49:44.643000Z</time>
      </trkpt>
      <trkpt lat="18.665609" lon="98.832031">
        <ele>316.429016</ele>
        <time>2025-11-26T07:49:48.460000Z</time>
      </trkpt>
      <trkpt lat="18.665446" lon="98.831815">
        <ele>316.33919</ele>
        <time>2025-11-26T07:49:53.912000Z</time>
      </trkpt>
      <trkpt lat="18.665249" lon="98.831638">
        <ele>316.250366</ele>
        <time>2025-11-26T07:49:59.498000Z</time>
      </trkpt>
      <trkpt lat="18.665086" lon="98.831533">
        <ele>316.184802</ele>
        <time>2025-11-26T07:50:03.782000Z</time>
      </trkpt>
      <trkpt lat="18.66479" lon="98.831558">
        <ele>316.082848</ele>
        <time>2025-11-26T07:50:10.807000Z</time>
      </trkpt>
      <trkpt lat="18.664689" lon="98.831526">
        <ele>316.046642</ele>
        <time>2025-11-26T07:50:13.370000Z</time>
      </trkpt>
      <trkpt lat="18.664616" lon="98.83147">
        <ele>316.015658</ele>
        <time>2025-11-26T07:50:15.601000Z</time>
      </trkpt>
      <trkpt lat="18.664563" lon="98.831364">
        <ele>315.976671</ele>
        <time>2025-11-26T07:50:18.414000Z</time>
      </trkpt>
      <trkpt lat="18.664535" lon="98.831042">
        <ele>316.041034</ele>
        <time>2025-11-26T07:50:26.128000Z</time>
      </trkpt>
      <trkpt lat="18.664754" lon="98.829629">
        <ele>316.954016</ele>
        <time>2025-11-26T07:51:02.200000Z</time>
      </trkpt>
      <trkpt lat="18.664775" lon="98.829431">
        <ele>317.08106</ele>
        <time>2025-11-26T07:51:07.110000Z</time>
      </trkpt>
      <trkpt lat="18.664764" lon="98.829197">
        <ele>317.122008</ele>
        <time>2025-11-26T07:51:12.747000Z</time>
      </trkpt>
      <trkpt lat="18.664621" lon="98.828605">
        <ele>317.047901</ele>
        <time>2025-11-26T07:51:26.413000Z</time>
      </trkpt>
      <trkpt lat="18.664547" lon="98.828437">
        <ele>317.025428</ele>
        <time>2025-11-26T07:51:30.326000Z</time>
      </trkpt>
      <trkpt lat="18.664433" lon="98.828286">
        <ele>317.002007</ele>
        <time>2025-11-26T07:51:34.297000Z</time>
      </trkpt>
      <trkpt lat="18.664171" lon="98.82796">
        <ele>316.950152</ele>
        <time>2025-11-26T07:51:42.877000Z</time>
      </trkpt>
      <trkpt lat="18.663653" lon="98.827353">
        <ele>316.711313</ele>
        <time>2025-11-26T07:51:59.575000Z</time>
      </trkpt>
      <trkpt lat="18.663551" lon="98.827124">
        <ele>316.606659</ele>
        <time>2025-11-26T07:52:04.907000Z</time>
      </trkpt>
      <trkpt lat="18.663532" lon="98.827011">
        <ele>316.559195</ele>
        <time>2025-11-26T07:52:07.317000Z</time>
      </trkpt>
      <trkpt lat="18.663577" lon="98.826751">
        <ele>316.449885</ele>
        <time>2025-11-26T07:52:12.667000Z</time>
      </trkpt>
      <trkpt lat="18.663628" lon="98.826576">
        <ele>316.374163</ele>
        <time>2025-11-26T07:52:16.193000Z</time>
      </trkpt>
      <trkpt lat="18.663587" lon="98.826429">
        <ele>316.310787</ele>
        <time>2025-11-26T07:52:19.206000Z</time>
      </trkpt>
      <trkpt lat="18.663359" lon="98.826132">
        <ele>316.152693</ele>
        <time>2025-11-26T07:52:27.061000Z</time>
      </trkpt>
      <trkpt lat="18.663535" lon="98.82598">
        <ele>316.207914</ele>
        <time>2025-11-26T07:52:32.012000Z</time>
      </trkpt>
      <trkpt lat="18.663776" lon="98.825785">
        <ele>316.365982</ele>
        <time>2025-11-26T07:52:38.602000Z</time>
      </trkpt>
      <trkpt lat="18.66391" lon="98.825641">
        <ele>316.465523</ele>
        <time>2025-11-26T07:52:42.817000Z</time>
      </trkpt>
      <trkpt lat="18.663997" lon="98.825447">
        <ele>316.571373</ele>
        <time>2025-11-26T07:52:47.388000Z</time>
      </trkpt>
      <trkpt lat="18.66403" lon="98.825338">
        <ele>316.627805</ele>
        <time>2025-11-26T07:52:49.833000Z</time>
      </trkpt>
      <trkpt lat="18.665097" lon="98.820668">
        <ele>321.837552</ele>
        <time>2025-11-26T07:54:54.199000Z</time>
      </trkpt>
      <trkpt lat="18.665152" lon="98.819773">
        <ele>322.748718</ele>
        <time>2025-11-26T07:55:19.005000Z</time>
      </trkpt>
      <trkpt lat="18.665158" lon="98.819609">
        <ele>322.915455</ele>
        <time>2025-11-26T07:55:23.215000Z</time>
      </trkpt>
      <trkpt lat="18.664596" lon="98.81963">
        <ele>323.51848</ele>
        <time>2025-11-26T07:55:37.807000Z</time>
      </trkpt>
      <trkpt lat="18.663782" lon="98.819739">
        <ele>323.764677</ele>
        <time>2025-11-26T07:55:56.503000Z</time>
      </trkpt>
      <trkpt lat="18.66361" lon="98.819722">
        <ele>323.796353</ele>
        <time>2025-11-26T07:56:00.443000Z</time>
      </trkpt>
      <trkpt lat="18.663463" lon="98.819617">
        <ele>323.828898</ele>
        <time>2025-11-26T07:56:04.553000Z</time>
      </trkpt>
      <trkpt lat="18.663125" lon="98.819237">
        <ele>323.919444</ele>
        <time>2025-11-26T07:56:16.388000Z</time>
      </trkpt>
      <trkpt lat="18.662792" lon="98.819048">
        <ele>323.996158</ele>
        <time>2025-11-26T07:56:25.829000Z</time>
      </trkpt>
      <trkpt lat="18.66248" lon="98.818947">
        <ele>324.073682</ele>
        <time>2025-11-26T07:56:34.034000Z</time>
      </trkpt>
      <trkpt lat="18.662164" lon="98.818747">
        <ele>324.161209</ele>
        <time>2025-11-26T07:56:43.170000Z</time>
      </trkpt>
      <trkpt lat="18.662009" lon="98.818716">
        <ele>324.198685</ele>
        <time>2025-11-26T07:56:46.953000Z</time>
      </trkpt>
      <trkpt lat="18.661463" lon="98.818726">
        <ele>324.328408</ele>
        <time>2025-11-26T07:56:59.994000Z</time>
      </trkpt>
      <trkpt lat="18.661275" lon="98.818729">
        <ele>324.373073</ele>
        <time>2025-11-26T07:57:04.492000Z</time>
      </trkpt>
      <trkpt lat="18.66018" lon="98.818764">
        <ele>323.937291</ele>
        <time>2025-11-26T07:57:29.339000Z</time>
      </trkpt>
      <trkpt lat="18.659329" lon="98.818748">
        <ele>323.482199</ele>
        <time>2025-11-26T07:57:47.005000Z</time>
      </trkpt>
      <trkpt lat="18.659127" lon="98.818715">
        <ele>323.17538</ele>
        <time>2025-11-26T07:57:50.982000Z</time>
      </trkpt>
      <trkpt lat="18.658838" lon="98.818616">
        <ele>322.719306</ele>
        <time>2025-11-26T07:57:56.784000Z</time>
      </trkpt>
      <trkpt lat="18.658624" lon="98.818579">
        <ele>322.393804</ele>
        <time>2025-11-26T07:58:00.908000Z</time>
      </trkpt>
      <trkpt lat="18.658245" lon="98.818575">
        <ele>321.824884</ele>
        <time>2025-11-26T07:58:08.030000Z</time>
      </trkpt>
      <trkpt lat="18.65798" lon="98.818558">
        <ele>321.426377</ele>
        <time>2025-11-26T07:58:12.975000Z</time>
      </trkpt>
      <trkpt lat="18.657441" lon="98.818387">
        <ele>320.795496</ele>
        <time>2025-11-26T07:58:23.549000Z</time>
      </trkpt>
      <trkpt lat="18.657174" lon="98.818334">
        <ele>320.66966</ele>
        <time>2025-11-26T07:58:28.983000Z</time>
      </trkpt>
      <trkpt lat="18.65682" lon="98.818301">
        <ele>320.505057</ele>
        <time>2025-11-26T07:58:36.476000Z</time>
      </trkpt>
      <trkpt lat="18.656578" lon="98.818244">
        <ele>320.390211</ele>
        <time>2025-11-26T07:58:41.975000Z</time>
      </trkpt>
      <trkpt lat="18.656173" lon="98.818049">
        <ele>320.184028</ele>
        <time>2025-11-26T07:58:52.348000Z</time>
      </trkpt>
      <trkpt lat="18.655529" lon="98.817889">
        <ele>320.162055</ele>
        <time>2025-11-26T07:59:09.165000Z</time>
      </trkpt>
      <trkpt lat="18.655006" lon="98.817587">
        <ele>320.321603</ele>
        <time>2025-11-26T07:59:24.251000Z</time>
      </trkpt>
      <trkpt lat="18.654814" lon="98.817361">
        <ele>320.398572</ele>
        <time>2025-11-26T07:59:31.288000Z</time>
      </trkpt>
      <trkpt lat="18.654413" lon="98.816559">
        <ele>320.503661</ele>
        <time>2025-11-26T07:59:50.916000Z</time>
      </trkpt>
      <trkpt lat="18.654297" lon="98.816426">
        <ele>320.485389</ele>
        <time>2025-11-26T07:59:54.615000Z</time>
      </trkpt>
      <trkpt lat="18.654201" lon="98.816352">
        <ele>320.472706</ele>
        <time>2025-11-26T07:59:57.183000Z</time>
      </trkpt>
      <trkpt lat="18.654061" lon="98.816316">
        <ele>320.457333</ele>
        <time>2025-11-26T08:00:00.316000Z</time>
      </trkpt>
      <trkpt lat="18.653767" lon="98.816351">
        <ele>320.425769</ele>
        <time>2025-11-26T08:00:06.829000Z</time>
      </trkpt>
      <trkpt lat="18.653501" lon="98.816427">
        <ele>320.396369</ele>
        <time>2025-11-26T08:00:12.935000Z</time>
      </trkpt>
      <trkpt lat="18.653332" lon="98.816474">
        <ele>320.377723</ele>
        <time>2025-11-26T08:00:16.911000Z</time>
      </trkpt>
      <trkpt lat="18.653196" lon="98.816486">
        <ele>320.363163</ele>
        <time>2025-11-26T08:00:20.004000Z</time>
      </trkpt>
      <trkpt lat="18.653081" lon="98.816463">
        <ele>320.350676</ele>
        <time>2025-11-26T08:00:22.731000Z</time>
      </trkpt>
      <trkpt lat="18.652977" lon="98.816387">
        <ele>320.420118</ele>
        <time>2025-11-26T08:00:25.699000Z</time>
      </trkpt>
      <trkpt lat="18.65236" lon="98.81558">
        <ele>321.169666</ele>
        <time>2025-11-26T08:00:51.372000Z</time>
      </trkpt>
      <trkpt lat="18.651862" lon="98.814696">
        <ele>322.007653</ele>
        <time>2025-11-26T08:01:18.358000Z</time>
      </trkpt>
      <trkpt lat="18.651696" lon="98.814476">
        <ele>322.310305</ele>
        <time>2025-11-26T08:01:25.724000Z</time>
      </trkpt>
      <trkpt lat="18.651455" lon="98.814227">
        <ele>322.693355</ele>
        <time>2025-11-26T08:01:35.080000Z</time>
      </trkpt>
      <trkpt lat="18.651332" lon="98.814164">
        <ele>322.848639</ele>
        <time>2025-11-26T08:01:38.855000Z</time>
      </trkpt>
      <trkpt lat="18.650267" lon="98.813781">
        <ele>324.057986</ele>
        <time>2025-11-26T08:02:09.871000Z</time>
      </trkpt>
      <trkpt lat="18.650174" lon="98.813756">
        <ele>324.146464</ele>
        <time>2025-11-26T08:02:12.518000Z</time>
      </trkpt>
      <trkpt lat="18.649758" lon="98.813642">
        <ele>324.54271</ele>
        <time>2025-11-26T08:02:24.366000Z</time>
      </trkpt>
      <trkpt lat="18.649521" lon="98.81362">
        <ele>324.762054</ele>
        <time>2025-11-26T08:02:30.872000Z</time>
      </trkpt>
      <trkpt lat="18.649337" lon="98.813616">
        <ele>324.931727</ele>
        <time>2025-11-26T08:02:35.846000Z</time>
      </trkpt>
      <trkpt lat="18.649195" lon="98.813643">
        <ele>325.064751</ele>
        <time>2025-11-26T08:02:39.719000Z</time>
      </trkpt>
      <trkpt lat="18.649048" lon="98.813699">
        <ele>325.208835</ele>
        <time>2025-11-26T08:02:43.894000Z</time>
      </trkpt>
      <trkpt lat="18.64877" lon="98.81387">
        <ele>325.332017</ele>
        <time>2025-11-26T08:02:52.343000Z</time>
      </trkpt>
      <trkpt lat="18.648534" lon="98.813963">
        <ele>325.089355</ele>
        <time>2025-11-26T08:02:58.770000Z</time>
      </trkpt>
      <trkpt lat="18.648031" lon="98.814082">
        <ele>324.592803</ele>
        <time>2025-11-26T08:03:10.236000Z</time>
      </trkpt>
      <trkpt lat="18.647518" lon="98.814159">
        <ele>324.09367</ele>
        <time>2025-11-26T08:03:20.252000Z</time>
      </trkpt>
      <trkpt lat="18.646948" lon="98.814959">
        <ele>322.145107</ele>
        <time>2025-11-26T08:03:36.247000Z</time>
      </trkpt>
      <trkpt lat="18.646655" lon="98.815309">
        <ele>320.850308</ele>
        <time>2025-11-26T08:03:43.424000Z</time>
      </trkpt>
      <trkpt lat="18.64651" lon="98.815373">
        <ele>320.390438</ele>
        <time>2025-11-26T08:03:45.986000Z</time>
      </trkpt>
      <trkpt lat="18.646138" lon="98.815337">
        <ele>319.297417</ele>
        <time>2025-11-26T08:03:52.080000Z</time>
      </trkpt>
      <trkpt lat="18.646017" lon="98.815371">
        <ele>318.931043</ele>
        <time>2025-11-26T08:03:54.129000Z</time>
      </trkpt>
      <trkpt lat="18.645948" lon="98.815431">
        <ele>318.669453</ele>
        <time>2025-11-26T08:03:55.594000Z</time>
      </trkpt>
      <trkpt lat="18.645628" lon="98.816744">
        <ele>315.646204</ele>
        <time>2025-11-26T08:04:16.902000Z</time>
      </trkpt>
      <trkpt lat="18.645592" lon="98.816987">
        <ele>315.107006</ele>
        <time>2025-11-26T08:04:20.939000Z</time>
      </trkpt>
      <trkpt lat="18.645222" lon="98.819257">
        <ele>313.143493</ele>
        <time>2025-11-26T08:05:04.422000Z</time>
      </trkpt>
      <trkpt lat="18.644676" lon="98.822312">
        <ele>314.800286</ele>
        <time>2025-11-26T08:06:18.943000Z</time>
      </trkpt>
      <trkpt lat="18.644502" lon="98.822654">
        <ele>315.012006</ele>
        <time>2025-11-26T08:06:27.913000Z</time>
      </trkpt>
      <trkpt lat="18.644405" lon="98.822762">
        <ele>315.093168</ele>
        <time>2025-11-26T08:06:31.259000Z</time>
      </trkpt>
      <trkpt lat="18.6441" lon="98.822958">
        <ele>315.092384</ele>
        <time>2025-11-26T08:06:39.408000Z</time>
      </trkpt>
      <trkpt lat="18.643714" lon="98.823206">
        <ele>314.953492</ele>
        <time>2025-11-26T08:06:48.968000Z</time>
      </trkpt>
      <trkpt lat="18.643229" lon="98.823433">
        <ele>314.790427</ele>
        <time>2025-11-26T08:06:59.764000Z</time>
      </trkpt>
      <trkpt lat="18.64301" lon="98.823472">
        <ele>314.722166</ele>
        <time>2025-11-26T08:07:04.268000Z</time>
      </trkpt>
      <trkpt lat="18.642787" lon="98.823461">
        <ele>314.653552</ele>
        <time>2025-11-26T08:07:08.782000Z</time>
      </trkpt>
      <trkpt lat="18.642716" lon="98.823643">
        <ele>314.598185</ele>
        <time>2025-11-26T08:07:12.563000Z</time>
      </trkpt>
      <trkpt lat="18.642191" lon="98.824844">
        <ele>314.262593</ele>
        <time>2025-11-26T08:07:39.145000Z</time>
      </trkpt>
      <trkpt lat="18.642143" lon="98.824938">
        <ele>314.235499</ele>
        <time>2025-11-26T08:07:41.402000Z</time>
      </trkpt>
      <trkpt lat="18.641614" lon="98.825992">
        <ele>313.906245</ele>
        <time>2025-11-26T08:08:06.035000Z</time>
      </trkpt>
      <trkpt lat="18.641483" lon="98.826254">
        <ele>313.820916</ele>
        <time>2025-11-26T08:08:11.949000Z</time>
      </trkpt>
      <trkpt lat="18.641269" lon="98.826816">
        <ele>313.646454</ele>
        <time>2025-11-26T08:08:23.796000Z</time>
      </trkpt>
      <trkpt lat="18.641203" lon="98.82712">
        <ele>313.538038</ele>
        <time>2025-11-26T08:08:29.802000Z</time>
      </trkpt>
      <trkpt lat="18.641042" lon="98.827623">
        <ele>313.277341</ele>
        <time>2025-11-26T08:08:40.118000Z</time>
      </trkpt>
      <trkpt lat="18.640957" lon="98.827789">
        <ele>313.18469</ele>
        <time>2025-11-26T08:08:43.820000Z</time>
      </trkpt>
      <trkpt lat="18.640705" lon="98.828004">
        <ele>313.016766</ele>
        <time>2025-11-26T08:08:50.550000Z</time>
      </trkpt>
      <trkpt lat="18.640414" lon="98.828405">
        <ele>312.768752</ele>
        <time>2025-11-26T08:09:00.363000Z</time>
      </trkpt>
      <trkpt lat="18.640387" lon="98.828463">
        <ele>312.737021</ele>
        <time>2025-11-26T08:09:01.602000Z</time>
      </trkpt>
      <trkpt lat="18.640225" lon="98.828867">
        <ele>312.527543</ele>
        <time>2025-11-26T08:09:10.088000Z</time>
      </trkpt>
      <trkpt lat="18.640113" lon="98.829026">
        <ele>312.434722</ele>
        <time>2025-11-26T08:09:13.908000Z</time>
      </trkpt>
      <trkpt lat="18.639951" lon="98.829201">
        <ele>312.3201</ele>
        <time>2025-11-26T08:09:18.595000Z</time>
      </trkpt>
      <trkpt lat="18.639886" lon="98.829326">
        <ele>312.253297</ele>
        <time>2025-11-26T08:09:21.313000Z</time>
      </trkpt>
      <trkpt lat="18.639735" lon="98.830284">
        <ele>311.798298</ele>
        <time>2025-11-26T08:09:40.091000Z</time>
      </trkpt>
      <trkpt lat="18.639531" lon="98.830723">
        <ele>311.751996</ele>
        <time>2025-11-26T08:09:50.032000Z</time>
      </trkpt>
      <trkpt lat="18.639454" lon="98.83083">
        <ele>311.748858</ele>
        <time>2025-11-26T08:09:52.792000Z</time>
      </trkpt>
      <trkpt lat="18.63933" lon="98.83091">
        <ele>311.745276</ele>
        <time>2025-11-26T08:09:55.970000Z</time>
      </trkpt>
      <trkpt lat="18.639034" lon="98.831047">
        <ele>311.737311</ele>
        <time>2025-11-26T08:10:03.139000Z</time>
      </trkpt>
      <trkpt lat="18.638223" lon="98.831483">
        <ele>311.72691</ele>
        <time>2025-11-26T08:10:23.989000Z</time>
      </trkpt>
      <trkpt lat="18.638001" lon="98.831755">
        <ele>311.760965</ele>
        <time>2025-11-26T08:10:31.932000Z</time>
      </trkpt>
      <trkpt lat="18.637904" lon="98.832263">
        <ele>311.810123</ele>
        <time>2025-11-26T08:10:43.410000Z</time>
      </trkpt>
      <trkpt lat="18.637454" lon="98.833081">
        <ele>311.888634</ele>
        <time>2025-11-26T08:11:03.451000Z</time>
      </trkpt>
      <trkpt lat="18.637385" lon="98.833478">
        <ele>311.757037</ele>
        <time>2025-11-26T08:11:11.569000Z</time>
      </trkpt>
      <trkpt lat="18.637169" lon="98.833753">
        <ele>311.640578</ele>
        <time>2025-11-26T08:11:18.628000Z</time>
      </trkpt>
      <trkpt lat="18.636921" lon="98.833886">
        <ele>311.54486</ele>
        <time>2025-11-26T08:11:24.305000Z</time>
      </trkpt>
      <trkpt lat="18.636525" lon="98.834103">
        <ele>311.391329</ele>
        <time>2025-11-26T08:11:33.383000Z</time>
      </trkpt>
      <trkpt lat="18.636538" lon="98.834399">
        <ele>311.294718</ele>
        <time>2025-11-26T08:11:39.226000Z</time>
      </trkpt>
      <trkpt lat="18.636623" lon="98.834705">
        <ele>311.334517</ele>
        <time>2025-11-26T08:11:45.689000Z</time>
      </trkpt>
      <trkpt lat="18.636706" lon="98.834891">
        <ele>311.377383</ele>
        <time>2025-11-26T08:11:49.980000Z</time>
      </trkpt>
      <trkpt lat="18.637078" lon="98.836356">
        <ele>311.69326</ele>
        <time>2025-11-26T08:12:24.163000Z</time>
      </trkpt>
      <trkpt lat="18.637457" lon="98.837144">
        <ele>311.874163</ele>
        <time>2025-11-26T08:12:44.384000Z</time>
      </trkpt>
      <trkpt lat="18.637533" lon="98.83739">
        <ele>311.927131</ele>
        <time>2025-11-26T08:12:50.120000Z</time>
      </trkpt>
      <trkpt lat="18.637534" lon="98.837455">
        <ele>311.940439</ele>
        <time>2025-11-26T08:12:51.532000Z</time>
      </trkpt>
      <trkpt lat="18.637487" lon="98.837546">
        <ele>311.961655</ele>
        <time>2025-11-26T08:12:53.783000Z</time>
      </trkpt>
      <trkpt lat="18.637398" lon="98.837637">
        <ele>311.988427</ele>
        <time>2025-11-26T08:12:56.569000Z</time>
      </trkpt>
      <trkpt lat="18.637163" lon="98.83781">
        <ele>312.050328</ele>
        <time>2025-11-26T08:13:02.695000Z</time>
      </trkpt>
      <trkpt lat="18.636787" lon="98.838009">
        <ele>311.94406</ele>
        <time>2025-11-26T08:13:11.507000Z</time>
      </trkpt>
      <trkpt lat="18.636464" lon="98.838148">
        <ele>311.829955</ele>
        <time>2025-11-26T08:13:18.878000Z</time>
      </trkpt>
      <trkpt lat="18.636328" lon="98.838237">
        <ele>311.777608</ele>
        <time>2025-11-26T08:13:22.267000Z</time>
      </trkpt>
      <trkpt lat="18.636174" lon="98.838502">
        <ele>311.681251</ele>
        <time>2025-11-26T08:13:28.530000Z</time>
      </trkpt>
      <trkpt lat="18.63611" lon="98.838814">
        <ele>311.582302</ele>
        <time>2025-11-26T08:13:34.937000Z</time>
      </trkpt>
      <trkpt lat="18.6361" lon="98.839293">
        <ele>311.390617</ele>
        <time>2025-11-26T08:13:44.483000Z</time>
      </trkpt>
      <trkpt lat="18.636144" lon="98.839538">
        <ele>311.231191</ele>
        <time>2025-11-26T08:13:49.372000Z</time>
      </trkpt>
      <trkpt lat="18.636299" lon="98.839929">
        <ele>310.960215</ele>
        <time>2025-11-26T08:13:57.287000Z</time>
      </trkpt>
      <trkpt lat="18.636309" lon="98.840167">
        <ele>310.807904</ele>
        <time>2025-11-26T08:14:01.606000Z</time>
      </trkpt>
      <trkpt lat="18.637259" lon="98.840322">
        <ele>310.231641</ele>
        <time>2025-11-26T08:14:21.673000Z</time>
      </trkpt>
      <trkpt lat="18.637607" lon="98.840392">
        <ele>310.162879</ele>
        <time>2025-11-26T08:14:29.198000Z</time>
      </trkpt>
      <trkpt lat="18.638346" lon="98.840588">
        <ele>310.014981</ele>
        <time>2025-11-26T08:14:46.677000Z</time>
      </trkpt>
      <trkpt lat="18.638968" lon="98.840876">
        <ele>309.981127</ele>
        <time>2025-11-26T08:15:02.573000Z</time>
      </trkpt>
      <trkpt lat="18.639223" lon="98.841033">
        <ele>310.120164</ele>
        <time>2025-11-26T08:15:09.419000Z</time>
      </trkpt>
      <trkpt lat="18.639636" lon="98.84132">
        <ele>310.353048</ele>
        <time>2025-11-26T08:15:21.313000Z</time>
      </trkpt>
      <trkpt lat="18.640118" lon="98.841762">
        <ele>310.653771</ele>
        <time>2025-11-26T08:15:37.746000Z</time>
      </trkpt>
      <trkpt lat="18.64046" lon="98.842187">
        <ele>311.223368</ele>
        <time>2025-11-26T08:15:52.078000Z</time>
      </trkpt>
      <trkpt lat="18.640959" lon="98.842982">
        <ele>312.598372</ele>
        <time>2025-11-26T08:16:18.789000Z</time>
      </trkpt>
      <trkpt lat="18.641084" lon="98.843197">
        <ele>312.962085</ele>
        <time>2025-11-26T08:16:26.112000Z</time>
      </trkpt>
      <trkpt lat="18.64145" lon="98.843889">
        <ele>314.193594</ele>
        <time>2025-11-26T08:16:49.012000Z</time>
      </trkpt>
      <trkpt lat="18.641588" lon="98.844147">
        <ele>314.683079</ele>
        <time>2025-11-26T08:16:57.601000Z</time>
      </trkpt>
      <trkpt lat="18.642067" lon="98.845043">
        <ele>316.382773</ele>
        <time>2025-11-26T08:17:27.136000Z</time>
      </trkpt>
      <trkpt lat="18.642436" lon="98.845732">
        <ele>317.229739</ele>
        <time>2025-11-26T08:17:49.087000Z</time>
      </trkpt>
      <trkpt lat="18.64322" lon="98.847231">
        <ele>318.356899</ele>
        <time>2025-11-26T08:18:31.518000Z</time>
      </trkpt>
      <trkpt lat="18.643683" lon="98.848074">
        <ele>318.257556</ele>
        <time>2025-11-26T08:18:51.224000Z</time>
      </trkpt>
      <trkpt lat="18.643935" lon="98.848351">
        <ele>318.218405</ele>
        <time>2025-11-26T08:18:58.858000Z</time>
      </trkpt>
      <trkpt lat="18.644013" lon="98.848411">
        <ele>318.214293</ele>
        <time>2025-11-26T08:19:00.919000Z</time>
      </trkpt>
      <trkpt lat="18.644245" lon="98.848524">
        <ele>318.289259</ele>
        <time>2025-11-26T08:19:06.605000Z</time>
      </trkpt>
      <trkpt lat="18.644884" lon="98.8487">
        <ele>318.483014</ele>
        <time>2025-11-26T08:19:22.999000Z</time>
      </trkpt>
      <trkpt lat="18.645095" lon="98.848786">
        <ele>318.549375</ele>
        <time>2025-11-26T08:19:28.980000Z</time>
      </trkpt>
      <trkpt lat="18.645353" lon="98.84892">
        <ele>318.633739</ele>
        <time>2025-11-26T08:19:36.447000Z</time>
      </trkpt>
      <trkpt lat="18.645461" lon="98.849002">
        <ele>318.672773</ele>
        <time>2025-11-26T08:19:39.831000Z</time>
      </trkpt>
      <trkpt lat="18.645722" lon="98.84922">
        <ele>318.724489</ele>
        <time>2025-11-26T08:19:48.161000Z</time>
      </trkpt>
      <trkpt lat="18.646021" lon="98.849588">
        <ele>318.671773</ele>
        <time>2025-11-26T08:19:59.148000Z</time>
      </trkpt>
      <trkpt lat="18.646681" lon="98.850626">
        <ele>318.535838</ele>
        <time>2025-11-26T08:20:24.923000Z</time>
      </trkpt>
      <trkpt lat="18.648434" lon="98.853356">
        <ele>317.901724</ele>
        <time>2025-11-26T08:21:34.834000Z</time>
      </trkpt>
      <trkpt lat="18.648654" lon="98.853618">
        <ele>317.853698</ele>
        <time>2025-11-26T08:21:42.506000Z</time>
      </trkpt>
      <trkpt lat="18.648913" lon="98.853881">
        <ele>317.844245</ele>
        <time>2025-11-26T08:21:50.858000Z</time>
      </trkpt>
      <trkpt lat="18.650215" lon="98.854896">
        <ele>318.001033</ele>
        <time>2025-11-26T08:22:28.860000Z</time>
      </trkpt>
      <trkpt lat="18.651464" lon="98.855895">
        <ele>318.117052</ele>
        <time>2025-11-26T08:23:06.132000Z</time>
      </trkpt>
      <trkpt lat="18.651687" lon="98.856099">
        <ele>318.145511</ele>
        <time>2025-11-26T08:23:12.775000Z</time>
      </trkpt>
      <trkpt lat="18.65191" lon="98.856347">
        <ele>318.205341</ele>
        <time>2025-11-26T08:23:20.131000Z</time>
      </trkpt>
      <trkpt lat="18.652083" lon="98.85658">
        <ele>318.257142</ele>
        <time>2025-11-26T08:23:26.496000Z</time>
      </trkpt>
      <trkpt lat="18.653313" lon="98.858847">
        <ele>318.900942</ele>
        <time>2025-11-26T08:24:27.173000Z</time>
      </trkpt>
      <trkpt lat="18.653673" lon="98.859499">
        <ele>319.070792</ele>
        <time>2025-11-26T08:24:45.034000Z</time>
      </trkpt>
      <trkpt lat="18.654998" lon="98.861904">
        <ele>318.965561</ele>
        <time>2025-11-26T08:25:45.963000Z</time>
      </trkpt>
      <trkpt lat="18.655286" lon="98.862382">
        <ele>318.850584</ele>
        <time>2025-11-26T08:25:57.320000Z</time>
      </trkpt>
      <trkpt lat="18.656093" lon="98.86354">
        <ele>318.471295</ele>
        <time>2025-11-26T08:26:26.429000Z</time>
      </trkpt>
      <trkpt lat="18.65699" lon="98.86478">
        <ele>318.588319</ele>
        <time>2025-11-26T08:27:01.613000Z</time>
      </trkpt>
      <trkpt lat="18.657313" lon="98.865238">
        <ele>318.768273</ele>
        <time>2025-11-26T08:27:15.717000Z</time>
      </trkpt>
      <trkpt lat="18.657601" lon="98.865642">
        <ele>318.875493</ele>
        <time>2025-11-26T08:27:28.121000Z</time>
      </trkpt>
      <trkpt lat="18.657837" lon="98.865955">
        <ele>318.794158</ele>
        <time>2025-11-26T08:27:37.008000Z</time>
      </trkpt>
      <trkpt lat="18.658244" lon="98.866478">
        <ele>318.656544</ele>
        <time>2025-11-26T08:27:50.727000Z</time>
      </trkpt>
      <trkpt lat="18.658398" lon="98.866628">
        <ele>318.611573</ele>
        <time>2025-11-26T08:27:55.133000Z</time>
      </trkpt>
      <trkpt lat="18.658628" lon="98.866811">
        <ele>318.549759</ele>
        <time>2025-11-26T08:28:01.262000Z</time>
      </trkpt>
      <trkpt lat="18.658804" lon="98.866914">
        <ele>318.510482</ele>
        <time>2025-11-26T08:28:05.566000Z</time>
      </trkpt>
      <trkpt lat="18.659636" lon="98.867418">
        <ele>318.543994</ele>
        <time>2025-11-26T08:28:27.300000Z</time>
      </trkpt>
      <trkpt lat="18.660028" lon="98.867685">
        <ele>318.560292</ele>
        <time>2025-11-26T08:28:39.073000Z</time>
      </trkpt>
      <trkpt lat="18.66025" lon="98.867892">
        <ele>318.570641</ele>
        <time>2025-11-26T08:28:46.382000Z</time>
      </trkpt>
      <trkpt lat="18.660423" lon="98.868138">
        <ele>318.589337</ele>
        <time>2025-11-26T08:28:53.355000Z</time>
      </trkpt>
      <trkpt lat="18.660511" lon="98.868304">
        <ele>318.602357</ele>
        <time>2025-11-26T08:28:57.622000Z</time>
      </trkpt>
      <trkpt lat="18.660588" lon="98.868513">
        <ele>318.617706</ele>
        <time>2025-11-26T08:29:02.614000Z</time>
      </trkpt>
      <trkpt lat="18.660601" lon="98.868578">
        <ele>318.622253</ele>
        <time>2025-11-26T08:29:04.089000Z</time>
      </trkpt>
      <trkpt lat="18.660727" lon="98.869181">
        <ele>318.664519</ele>
        <time>2025-11-26T08:29:17.624000Z</time>
      </trkpt>
      <trkpt lat="18.660828" lon="98.869594">
        <ele>318.693714</ele>
        <time>2025-11-26T08:29:26.921000Z</time>
      </trkpt>
      <trkpt lat="18.660963" lon="98.869938">
        <ele>318.74998</ele>
        <time>2025-11-26T08:29:35.074000Z</time>
      </trkpt>
      <trkpt lat="18.661248" lon="98.87036">
        <ele>318.851672</ele>
        <time>2025-11-26T08:29:46.596000Z</time>
      </trkpt>
      <trkpt lat="18.661674" lon="98.870903">
        <ele>318.990011</ele>
        <time>2025-11-26T08:30:02.722000Z</time>
      </trkpt>
      <trkpt lat="18.662613" lon="98.872096">
        <ele>319.426654</ele>
        <time>2025-11-26T08:30:39.225000Z</time>
      </trkpt>
      <trkpt lat="18.663023" lon="98.872617">
        <ele>319.639799</ele>
        <time>2025-11-26T08:30:54.785000Z</time>
      </trkpt>
      <trkpt lat="18.663635" lon="98.873395">
        <ele>319.710212</ele>
        <time>2025-11-26T08:31:17.351000Z</time>
      </trkpt>
      <trkpt lat="18.664867" lon="98.874959">
        <ele>319.654123</ele>
        <time>2025-11-26T08:32:01.603000Z</time>
      </trkpt>
      <trkpt lat="18.666936" lon="98.877581">
        <ele>319.449009</ele>
        <time>2025-11-26T08:33:14.778000Z</time>
      </trkpt>
      <trkpt lat="18.667071" lon="98.87779">
        <ele>319.502997</ele>
        <time>2025-11-26T08:33:20.733000Z</time>
      </trkpt>
      <trkpt lat="18.6672" lon="98.877999">
        <ele>319.556235</ele>
        <time>2025-11-26T08:33:26.684000Z</time>
      </trkpt>
      <trkpt lat="18.66734" lon="98.878297">
        <ele>319.627227</ele>
        <time>2025-11-26T08:33:34.709000Z</time>
      </trkpt>
      <trkpt lat="18.667777" lon="98.879568">
        <ele>319.495211</ele>
        <time>2025-11-26T08:34:05.851000Z</time>
      </trkpt>
      <trkpt lat="18.668034" lon="98.880335">
        <ele>319.307208</ele>
        <time>2025-11-26T08:34:22.046000Z</time>
      </trkpt>
      <trkpt lat="18.66814" lon="98.880595">
        <ele>319.173363</ele>
        <time>2025-11-26T08:34:27.473000Z</time>
      </trkpt>
      <trkpt lat="18.668301" lon="98.880896">
        <ele>318.929525</ele>
        <time>2025-11-26T08:34:33.960000Z</time>
      </trkpt>
      <trkpt lat="18.668887" lon="98.881862">
        <ele>318.120359</ele>
        <time>2025-11-26T08:34:56.100000Z</time>
      </trkpt>
      <trkpt lat="18.669632" lon="98.88304">
        <ele>318.126991</ele>
        <time>2025-11-26T08:35:27.235000Z</time>
      </trkpt>
      <trkpt lat="18.670251" lon="98.883992">
        <ele>318.268797</ele>
        <time>2025-11-26T08:35:55.130000Z</time>
      </trkpt>
      <trkpt lat="18.672627" lon="98.887607">
        <ele>318.623443</ele>
        <time>2025-11-26T08:37:31.496000Z</time>
      </trkpt>
      <trkpt lat="18.673076" lon="98.8883">
        <ele>318.789428</ele>
        <time>2025-11-26T08:37:51.312000Z</time>
      </trkpt>
      <trkpt lat="18.675172" lon="98.891505">
        <ele>320.107095</ele>
        <time>2025-11-26T08:39:22.837000Z</time>
      </trkpt>
      <trkpt lat="18.675415" lon="98.891795">
        <ele>319.945683</ele>
        <time>2025-11-26T08:39:31.037000Z</time>
      </trkpt>
      <trkpt lat="18.675722" lon="98.892072">
        <ele>319.767947</ele>
        <time>2025-11-26T08:39:39.677000Z</time>
      </trkpt>
      <trkpt lat="18.67654" lon="98.89267">
        <ele>319.331684</ele>
        <time>2025-11-26T08:40:00.556000Z</time>
      </trkpt>
      <trkpt lat="18.677085" lon="98.893063">
        <ele>319.107462</ele>
        <time>2025-11-26T08:40:14.459000Z</time>
      </trkpt>
      <trkpt lat="18.677378" lon="98.893302">
        <ele>318.98167</ele>
        <time>2025-11-26T08:40:22.560000Z</time>
      </trkpt>
      <trkpt lat="18.677613" lon="98.893565">
        <ele>318.86532</ele>
        <time>2025-11-26T08:40:30.249000Z</time>
      </trkpt>
      <trkpt lat="18.677779" lon="98.893806">
        <ele>318.769426</ele>
        <time>2025-11-26T08:40:36.631000Z</time>
      </trkpt>
      <trkpt lat="18.678097" lon="98.894412">
        <ele>318.827064</ele>
        <time>2025-11-26T08:40:51.747000Z</time>
      </trkpt>
      <trkpt lat="18.678404" lon="98.894906">
        <ele>318.933845</ele>
        <time>2025-11-26T08:41:05.110000Z</time>
      </trkpt>
      <trkpt lat="18.678593" lon="98.895155">
        <ele>318.991512</ele>
        <time>2025-11-26T08:41:12.483000Z</time>
      </trkpt>
      <trkpt lat="18.67882" lon="98.895389">
        <ele>319.052044</ele>
        <time>2025-11-26T08:41:20.375000Z</time>
      </trkpt>
      <trkpt lat="18.679517" lon="98.895927">
        <ele>319.400705</ele>
        <time>2025-11-26T08:41:42.139000Z</time>
      </trkpt>
      <trkpt lat="18.680401" lon="98.896598">
        <ele>319.850924</ele>
        <time>2025-11-26T08:42:09.294000Z</time>
      </trkpt>
      <trkpt lat="18.681487" lon="98.897399">
        <ele>320.070768</ele>
        <time>2025-11-26T08:42:41.366000Z</time>
      </trkpt>
      <trkpt lat="18.681633" lon="98.897491">
        <ele>320.098983</ele>
        <time>2025-11-26T08:42:45.251000Z</time>
      </trkpt>
      <trkpt lat="18.68197" lon="98.897649">
        <ele>320.125588</ele>
        <time>2025-11-26T08:42:53.508000Z</time>
      </trkpt>
      <trkpt lat="18.682327" lon="98.897748">
        <ele>320.087183</ele>
        <time>2025-11-26T08:43:01.623000Z</time>
      </trkpt>
      <trkpt lat="18.682907" lon="98.897806">
        <ele>320.026566</ele>
        <time>2025-11-26T08:43:14.700000Z</time>
      </trkpt>
      <trkpt lat="18.683333" lon="98.897765">
        <ele>319.982058</ele>
        <time>2025-11-26T08:43:24.325000Z</time>
      </trkpt>
      <trkpt lat="18.683539" lon="98.89772">
        <ele>319.960171</ele>
        <time>2025-11-26T08:43:29.192000Z</time>
      </trkpt>
      <trkpt lat="18.684252" lon="98.897549">
        <ele>320.350869</ele>
        <time>2025-11-26T08:43:46.868000Z</time>
      </trkpt>
      <trkpt lat="18.685408" lon="98.897298">
        <ele>321.075729</ele>
        <time>2025-11-26T08:44:18.335000Z</time>
      </trkpt>
      <trkpt lat="18.685651" lon="98.897245">
        <ele>321.233733</ele>
        <time>2025-11-26T08:44:25.066000Z</time>
      </trkpt>
      <trkpt lat="18.685745" lon="98.896792">
        <ele>321.513467</ele>
        <time>2025-11-26T08:44:36.568000Z</time>
      </trkpt>
      <trkpt lat="18.685782" lon="98.896574">
        <ele>321.647061</ele>
        <time>2025-11-26T08:44:41.967000Z</time>
      </trkpt>
      <trkpt lat="18.68607" lon="98.896824">
        <ele>321.884492</ele>
        <time>2025-11-26T08:44:51.899000Z</time>
      </trkpt>
      <trkpt lat="18.686193" lon="98.896844">
        <ele>321.963739</ele>
        <time>2025-11-26T08:44:55.082000Z</time>
      </trkpt>
      <trkpt lat="18.686382" lon="98.896838">
        <ele>322.084144</ele>
        <time>2025-11-26T08:44:59.764000Z</time>
      </trkpt>
      <trkpt lat="18.686193" lon="98.896844">
        <ele>322.19852</ele>
        <time>2025-11-26T08:45:04.152000Z</time>
      </trkpt>
      <trkpt lat="18.68607" lon="98.896824">
        <ele>322.154613</ele>
        <time>2025-11-26T08:45:06.860000Z</time>
      </trkpt>
      <trkpt lat="18.685782" lon="98.896574">
        <ele>322.023063</ele>
        <time>2025-11-26T08:45:14.743000Z</time>
      </trkpt>
      <trkpt lat="18.685745" lon="98.896792">
        <ele>321.949045</ele>
        <time>2025-11-26T08:45:19.021000Z</time>
      </trkpt>
      <trkpt lat="18.685995" lon="98.896985">
        <ele>321.839774</ele>
        <time>2025-11-26T08:45:27.546000Z</time>
      </trkpt>
      <trkpt lat="18.686202" lon="98.897009">
        <ele>321.766304</ele>
        <time>2025-11-26T08:45:33.338000Z</time>
      </trkpt>
      <trkpt lat="18.686223" lon="98.897029">
        <ele>321.756325</ele>
        <time>2025-11-26T08:45:34.109000Z</time>
      </trkpt>
      <trkpt lat="18.686228" lon="98.897099">
        <ele>321.732864</ele>
        <time>2025-11-26T08:45:35.961000Z</time>
      </trkpt>
      <trkpt lat="18.687724" lon="98.89671">
        <ele>321.132194</ele>
        <time>2025-11-26T08:46:09.697000Z</time>
      </trkpt>
      <trkpt lat="18.687928" lon="98.896667">
        <ele>321.04768</ele>
        <time>2025-11-26T08:46:14.258000Z</time>
      </trkpt>
      <trkpt lat="18.689871" lon="98.896211">
        <ele>320.044701</ele>
        <time>2025-11-26T08:46:56.770000Z</time>
      </trkpt>
      <trkpt lat="18.691061" lon="98.895995">
        <ele>319.521116</ele>
        <time>2025-11-26T08:47:22.321000Z</time>
      </trkpt>
      <trkpt lat="18.691465" lon="98.89602">
        <ele>319.361671</ele>
        <time>2025-11-26T08:47:31.167000Z</time>
      </trkpt>
      <trkpt lat="18.691814" lon="98.896118">
        <ele>319.219387</ele>
        <time>2025-11-26T08:47:39.275000Z</time>
      </trkpt>
      <trkpt lat="18.692132" lon="98.896259">
        <ele>319.194022</ele>
        <time>2025-11-26T08:47:47.222000Z</time>
      </trkpt>
      <trkpt lat="18.69235" lon="98.896417">
        <ele>319.244676</ele>
        <time>2025-11-26T08:47:53.476000Z</time>
      </trkpt>
      <trkpt lat="18.694356" lon="98.898285">
        <ele>319.994962</ele>
        <time>2025-11-26T08:48:58.480000Z</time>
      </trkpt>
      <trkpt lat="18.694719" lon="98.898549">
        <ele>320.158278</ele>
        <time>2025-11-26T08:49:09.728000Z</time>
      </trkpt>
      <trkpt lat="18.695077" lon="98.898767">
        <ele>320.290513</ele>
        <time>2025-11-26T08:49:20.332000Z</time>
      </trkpt>
      <trkpt lat="18.695823" lon="98.899106">
        <ele>320.547347</ele>
        <time>2025-11-26T08:49:40.625000Z</time>
      </trkpt>
      <trkpt lat="18.696249" lon="98.89927">
        <ele>320.690739</ele>
        <time>2025-11-26T08:49:51.129000Z</time>
      </trkpt>
      <trkpt lat="18.697374" lon="98.899749">
        <ele>320.561098</ele>
        <time>2025-11-26T08:50:18.370000Z</time>
      </trkpt>
      <trkpt lat="18.697769" lon="98.899921">
        <ele>320.490283</ele>
        <time>2025-11-26T08:50:27.982000Z</time>
      </trkpt>
      <trkpt lat="18.6981" lon="98.900066">
        <ele>320.423945</ele>
        <time>2025-11-26T08:50:36.057000Z</time>
      </trkpt>
      <trkpt lat="18.698134" lon="98.900081">
        <ele>320.412906</ele>
        <time>2025-11-26T08:50:36.903000Z</time>
      </trkpt>
      <trkpt lat="18.698805" lon="98.900368">
        <ele>320.196039</ele>
        <time>2025-11-26T08:50:53.283000Z</time>
      </trkpt>
      <trkpt lat="18.701312" lon="98.901471">
        <ele>319.278633</ele>
        <time>2025-11-26T08:51:52.434000Z</time>
      </trkpt>
      <trkpt lat="18.701677" lon="98.901656">
        <ele>319.218658</ele>
        <time>2025-11-26T08:52:01.516000Z</time>
      </trkpt>
      <trkpt lat="18.701895" lon="98.901828">
        <ele>319.190077</ele>
        <time>2025-11-26T08:52:07.668000Z</time>
      </trkpt>
      <trkpt lat="18.70235" lon="98.902257">
        <ele>319.12601</ele>
        <time>2025-11-26T08:52:21.635000Z</time>
      </trkpt>
      <trkpt lat="18.70491" lon="98.904752">
        <ele>319.047177</ele>
        <time>2025-11-26T08:53:41.632000Z</time>
      </trkpt>
      <trkpt lat="18.705098" lon="98.904968">
        <ele>319.068223</ele>
        <time>2025-11-26T08:53:48.161000Z</time>
      </trkpt>
      <trkpt lat="18.705293" lon="98.905281">
        <ele>319.095101</ele>
        <time>2025-11-26T08:53:56.689000Z</time>
      </trkpt>
      <trkpt lat="18.705418" lon="98.905573">
        <ele>319.363016</ele>
        <time>2025-11-26T08:54:04.196000Z</time>
      </trkpt>
      <trkpt lat="18.705876" lon="98.905072">
        <ele>320.078193</ele>
        <time>2025-11-26T08:54:21.475000Z</time>
      </trkpt>
      <trkpt lat="18.706058" lon="98.904872">
        <ele>320.363064</ele>
        <time>2025-11-26T08:54:28.833000Z</time>
      </trkpt>
      <trkpt lat="18.706361" lon="98.904506">
        <ele>320.862349</ele>
        <time>2025-11-26T08:54:42.439000Z</time>
      </trkpt>
      <trkpt lat="18.706627" lon="98.904087">
        <ele>321.713106</ele>
        <time>2025-11-26T08:54:57.018000Z</time>
      </trkpt>
      <trkpt lat="18.70686" lon="98.903748">
        <ele>322.576639</ele>
        <time>2025-11-26T08:55:09.464000Z</time>
      </trkpt>
      <trkpt lat="18.707204" lon="98.903435">
        <ele>323.565114</ele>
        <time>2025-11-26T08:55:24.098000Z</time>
      </trkpt>
      <trkpt lat="18.707478" lon="98.903313">
        <ele>324.212389</ele>
        <time>2025-11-26T08:55:33.838000Z</time>
      </trkpt>
      <trkpt lat="18.707749" lon="98.903141">
        <ele>324.900649</ele>
        <time>2025-11-26T08:55:44.311000Z</time>
      </trkpt>
      <trkpt lat="18.708002" lon="98.902906">
        <ele>325.720009</ele>
        <time>2025-11-26T08:55:55.585000Z</time>
      </trkpt>
      <trkpt lat="18.708644" lon="98.902028">
        <ele>328.300374</ele>
        <time>2025-11-26T08:56:30.035000Z</time>
      </trkpt>
      <trkpt lat="18.708766" lon="98.901862">
        <ele>328.789164</ele>
        <time>2025-11-26T08:56:36.168000Z</time>
      </trkpt>
      <trkpt lat="18.709376" lon="98.901027">
        <ele>332.411532</ele>
        <time>2025-11-26T08:57:08.900000Z</time>
      </trkpt>
      <trkpt lat="18.709745" lon="98.900519">
        <ele>334.837291</ele>
        <time>2025-11-26T08:57:32.783000Z</time>
      </trkpt>
      <trkpt lat="18.709963" lon="98.900222">
        <ele>336.261034</ele>
        <time>2025-11-26T08:57:48.345000Z</time>
      </trkpt>
      <trkpt lat="18.710165" lon="98.899947">
        <ele>338.25586</ele>
        <time>2025-11-26T08:58:03.672000Z</time>
      </trkpt>
      <trkpt lat="18.711024" lon="98.898773">
        <ele>347.673182</ele>
        <time>2025-11-26T08:59:13.708000Z</time>
      </trkpt>
      <trkpt lat="18.711597" lon="98.898187">
        <ele>353.004851</ele>
        <time>2025-11-26T08:59:55.372000Z</time>
      </trkpt>
      <trkpt lat="18.71218" lon="98.897749">
        <ele>357.784179</ele>
        <time>2025-11-26T09:00:31.480000Z</time>
      </trkpt>
      <trkpt lat="18.712756" lon="98.897415">
        <ele>361.680932</ele>
        <time>2025-11-26T09:01:00.715000Z</time>
      </trkpt>
      <trkpt lat="18.713285" lon="98.897182">
        <ele>364.27387</ele>
        <time>2025-11-26T09:01:24.053000Z</time>
      </trkpt>
      <trkpt lat="18.713372" lon="98.897174">
        <ele>364.668924</ele>
        <time>2025-11-26T09:01:27.464000Z</time>
      </trkpt>
      <trkpt lat="18.713826" lon="98.896394">
        <ele>368.591521</ele>
        <time>2025-11-26T09:02:00.932000Z</time>
      </trkpt>
      <trkpt lat="18.713987" lon="98.896235">
        <ele>369.417906</ele>
        <time>2025-11-26T09:02:09.319000Z</time>
      </trkpt>
      <trkpt lat="18.714148" lon="98.896198">
        <ele>370.005069</ele>
        <time>2025-11-26T09:02:15.610000Z</time>
      </trkpt>
      <trkpt lat="18.714284" lon="98.896123">
        <ele>370.551835</ele>
        <time>2025-11-26T09:02:21.383000Z</time>
      </trkpt>
      <trkpt lat="18.715205" lon="98.893049">
        <ele>381.470724</ele>
        <time>2025-11-26T09:04:10.575000Z</time>
      </trkpt>
      <trkpt lat="18.715466" lon="98.89203">
        <ele>385.118808</ele>
        <time>2025-11-26T09:04:52.301000Z</time>
      </trkpt>
      <trkpt lat="18.71548" lon="98.891979">
        <ele>385.302475</ele>
        <time>2025-11-26T09:04:54.311000Z</time>
      </trkpt>
      <trkpt lat="18.715698" lon="98.891601">
        <ele>386.833277</ele>
        <time>2025-11-26T09:05:10.178000Z</time>
      </trkpt>
      <trkpt lat="18.715835" lon="98.891092">
        <ele>388.287239</ele>
        <time>2025-11-26T09:05:26.013000Z</time>
      </trkpt>
      <trkpt lat="18.716393" lon="98.890173">
        <ele>388.933414</ele>
        <time>2025-11-26T09:05:49.651000Z</time>
      </trkpt>
      <trkpt lat="18.716465" lon="98.889995">
        <ele>389.047985</ele>
        <time>2025-11-26T09:05:53.529000Z</time>
      </trkpt>
      <trkpt lat="18.716468" lon="98.889507">
        <ele>389.331407</ele>
        <time>2025-11-26T09:06:04.046000Z</time>
      </trkpt>
      <trkpt lat="18.716366" lon="98.88829">
        <ele>388.822132</ele>
        <time>2025-11-26T09:06:33.719000Z</time>
      </trkpt>
      <trkpt lat="18.716602" lon="98.887819">
        <ele>388.60002</ele>
        <time>2025-11-26T09:06:43.727000Z</time>
      </trkpt>
      <trkpt lat="18.716763" lon="98.887617">
        <ele>387.663678</ele>
        <time>2025-11-26T09:06:47.898000Z</time>
      </trkpt>
      <trkpt lat="18.717205" lon="98.887383">
        <ele>383.993592</ele>
        <time>2025-11-26T09:06:55.319000Z</time>
      </trkpt>
      <trkpt lat="18.717303" lon="98.887293">
        <ele>383.02952</ele>
        <time>2025-11-26T09:06:57.171000Z</time>
      </trkpt>
      <trkpt lat="18.717499" lon="98.886946">
        <ele>380.189237</ele>
        <time>2025-11-26T09:07:02.453000Z</time>
      </trkpt>
      <trkpt lat="18.717598" lon="98.886825">
        <ele>379.065161</ele>
        <time>2025-11-26T09:07:04.506000Z</time>
      </trkpt>
      <trkpt lat="18.717916" lon="98.886614">
        <ele>376.277401</ele>
        <time>2025-11-26T09:07:09.565000Z</time>
      </trkpt>
      <trkpt lat="18.718132" lon="98.886565">
        <ele>374.640425</ele>
        <time>2025-11-26T09:07:12.551000Z</time>
      </trkpt>
      <trkpt lat="18.718538" lon="98.886597">
        <ele>371.634208</ele>
        <time>2025-11-26T09:07:18.107000Z</time>
      </trkpt>
      <trkpt lat="18.718659" lon="98.886587">
        <ele>370.73802</ele>
        <time>2025-11-26T09:07:19.772000Z</time>
      </trkpt>
      <trkpt lat="18.718919" lon="98.886498">
        <ele>368.719826</ele>
        <time>2025-11-26T09:07:23.563000Z</time>
      </trkpt>
      <trkpt lat="18.719229" lon="98.886355">
        <ele>366.221886</ele>
        <time>2025-11-26T09:07:28.380000Z</time>
      </trkpt>
      <trkpt lat="18.719569" lon="98.886197">
        <ele>363.47895</ele>
        <time>2025-11-26T09:07:33.906000Z</time>
      </trkpt>
      <trkpt lat="18.720009" lon="98.886045">
        <ele>361.301421</ele>
        <time>2025-11-26T09:07:41.250000Z</time>
      </trkpt>
      <trkpt lat="18.720352" lon="98.885935">
        <ele>360.429962</ele>
        <time>2025-11-26T09:07:47.149000Z</time>
      </trkpt>
      <trkpt lat="18.720773" lon="98.885759">
        <ele>359.329196</ele>
        <time>2025-11-26T09:07:54.963000Z</time>
      </trkpt>
      <trkpt lat="18.720972" lon="98.885564">
        <ele>358.669186</ele>
        <time>2025-11-26T09:07:59.938000Z</time>
      </trkpt>
      <trkpt lat="18.721144" lon="98.885471">
        <ele>358.199412</ele>
        <time>2025-11-26T09:08:03.593000Z</time>
      </trkpt>
      <trkpt lat="18.721356" lon="98.88541">
        <ele>357.665239</ele>
        <time>2025-11-26T09:08:07.738000Z</time>
      </trkpt>
      <trkpt lat="18.721759" lon="98.885248">
        <ele>357.327207</ele>
        <time>2025-11-26T09:08:15.825000Z</time>
      </trkpt>
      <trkpt lat="18.721942" lon="98.885141">
        <ele>357.210859</ele>
        <time>2025-11-26T09:08:19.754000Z</time>
      </trkpt>
      <trkpt lat="18.722479" lon="98.884677">
        <ele>356.824919</ele>
        <time>2025-11-26T09:08:33.381000Z</time>
      </trkpt>
      <trkpt lat="18.722631" lon="98.884582">
        <ele>356.726676</ele>
        <time>2025-11-26T09:08:37.121000Z</time>
      </trkpt>
      <trkpt lat="18.722895" lon="98.884513">
        <ele>356.575409</ele>
        <time>2025-11-26T09:08:43.293000Z</time>
      </trkpt>
      <trkpt lat="18.722971" lon="98.884463">
        <ele>356.576493</ele>
        <time>2025-11-26T09:08:45.479000Z</time>
      </trkpt>
      <trkpt lat="18.723215" lon="98.883892">
        <ele>357.655742</ele>
        <time>2025-11-26T09:09:01.844000Z</time>
      </trkpt>
      <trkpt lat="18.723583" lon="98.883238">
        <ele>358.966351</ele>
        <time>2025-11-26T09:09:25.264000Z</time>
      </trkpt>
      <trkpt lat="18.723626" lon="98.882877">
        <ele>359.593199</ele>
        <time>2025-11-26T09:09:36.370000Z</time>
      </trkpt>
      <trkpt lat="18.723696" lon="98.882698">
        <ele>359.863788</ele>
        <time>2025-11-26T09:09:42.104000Z</time>
      </trkpt>
      <trkpt lat="18.723715" lon="98.88265">
        <ele>359.905268</ele>
        <time>2025-11-26T09:09:43.618000Z</time>
      </trkpt>
      <trkpt lat="18.723856" lon="98.88245">
        <ele>360.104065</ele>
        <time>2025-11-26T09:09:50.687000Z</time>
      </trkpt>
      <trkpt lat="18.724059" lon="98.882245">
        <ele>360.340548</ele>
        <time>2025-11-26T09:09:58.691000Z</time>
      </trkpt>
      <trkpt lat="18.724242" lon="98.882119">
        <ele>360.524474</ele>
        <time>2025-11-26T09:10:04.507000Z</time>
      </trkpt>
      <trkpt lat="18.724559" lon="98.88197">
        <ele>360.816599</ele>
        <time>2025-11-26T09:10:12.979000Z</time>
      </trkpt>
      <trkpt lat="18.724823" lon="98.881751">
        <ele>361.099244</ele>
        <time>2025-11-26T09:10:20.513000Z</time>
      </trkpt>
      <trkpt lat="18.725095" lon="98.881463">
        <ele>361.24525</ele>
        <time>2025-11-26T09:10:28.573000Z</time>
      </trkpt>
      <trkpt lat="18.72522" lon="98.881386">
        <ele>361.149489</ele>
        <time>2025-11-26T09:10:31.482000Z</time>
      </trkpt>
      <trkpt lat="18.72538" lon="98.881343">
        <ele>361.04024</ele>
        <time>2025-11-26T09:10:34.766000Z</time>
      </trkpt>
      <trkpt lat="18.725806" lon="98.881324">
        <ele>360.758099</ele>
        <time>2025-11-26T09:10:43.040000Z</time>
      </trkpt>
      <trkpt lat="18.725984" lon="98.881319">
        <ele>360.640272</ele>
        <time>2025-11-26T09:10:46.466000Z</time>
      </trkpt>
      <trkpt lat="18.726291" lon="98.881352">
        <ele>360.436077</ele>
        <time>2025-11-26T09:10:52.600000Z</time>
      </trkpt>
      <trkpt lat="18.726466" lon="98.881464">
        <ele>360.300666</ele>
        <time>2025-11-26T09:10:56.728000Z</time>
      </trkpt>
      <trkpt lat="18.726619" lon="98.881686">
        <ele>360.126203</ele>
        <time>2025-11-26T09:11:02.014000Z</time>
      </trkpt>
      <trkpt lat="18.726703" lon="98.881894">
        <ele>359.915373</ele>
        <time>2025-11-26T09:11:06.411000Z</time>
      </trkpt>
      <trkpt lat="18.726734" lon="98.882089">
        <ele>359.731017</ele>
        <time>2025-11-26T09:11:10.254000Z</time>
      </trkpt>
      <trkpt lat="18.726718" lon="98.882353">
        <ele>359.484368</ele>
        <time>2025-11-26T09:11:15.410000Z</time>
      </trkpt>
      <trkpt lat="18.726733" lon="98.88265">
        <ele>359.20706</ele>
        <time>2025-11-26T09:11:21.190000Z</time>
      </trkpt>
      <trkpt lat="18.726817" lon="98.882904">
        <ele>358.956214</ele>
        <time>2025-11-26T09:11:26.337000Z</time>
      </trkpt>
      <trkpt lat="18.727007" lon="98.883204">
        <ele>358.619721</ele>
        <time>2025-11-26T09:11:32.944000Z</time>
      </trkpt>
      <trkpt lat="18.727301" lon="98.883581">
        <ele>357.793804</ele>
        <time>2025-11-26T09:11:41.141000Z</time>
      </trkpt>
      <trkpt lat="18.727612" lon="98.883844">
        <ele>356.668821</ele>
        <time>2025-11-26T09:11:47.791000Z</time>
      </trkpt>
      <trkpt lat="18.728012" lon="98.884085">
        <ele>355.368535</ele>
        <time>2025-11-26T09:11:55.250000Z</time>
      </trkpt>
      <trkpt lat="18.728186" lon="98.884127">
        <ele>354.864587</ele>
        <time>2025-11-26T09:11:58.113000Z</time>
      </trkpt>
      <trkpt lat="18.728428" lon="98.884078">
        <ele>354.16887</ele>
        <time>2025-11-26T09:12:02.086000Z</time>
      </trkpt>
      <trkpt lat="18.728695" lon="98.883983">
        <ele>353.373369</ele>
        <time>2025-11-26T09:12:06.673000Z</time>
      </trkpt>
      <trkpt lat="18.728964" lon="98.883957">
        <ele>352.873742</ele>
        <time>2025-11-26T09:12:11.142000Z</time>
      </trkpt>
      <trkpt lat="18.729093" lon="98.883978">
        <ele>352.649095</ele>
        <time>2025-11-26T09:12:13.343000Z</time>
      </trkpt>
      <trkpt lat="18.729167" lon="98.883989">
        <ele>352.520477</ele>
        <time>2025-11-26T09:12:14.628000Z</time>
      </trkpt>
      <trkpt lat="18.729335" lon="98.884091">
        <ele>352.186939</ele>
        <time>2025-11-26T09:12:17.990000Z</time>
      </trkpt>
      <trkpt lat="18.729644" lon="98.884321">
        <ele>351.536262</ele>
        <time>2025-11-26T09:12:24.894000Z</time>
      </trkpt>
      <trkpt lat="18.729999" lon="98.884505">
        <ele>350.855627</ele>
        <time>2025-11-26T09:12:32.530000Z</time>
      </trkpt>
      <trkpt lat="18.73016" lon="98.884635">
        <ele>350.506795</ele>
        <time>2025-11-26T09:12:36.541000Z</time>
      </trkpt>
      <trkpt lat="18.730625" lon="98.884985">
        <ele>349.626638</ele>
        <time>2025-11-26T09:12:47.712000Z</time>
      </trkpt>
      <trkpt lat="18.730881" lon="98.885369">
        <ele>348.979418</ele>
        <time>2025-11-26T09:12:55.963000Z</time>
      </trkpt>
      <trkpt lat="18.730923" lon="98.885614">
        <ele>348.636265</ele>
        <time>2025-11-26T09:13:00.219000Z</time>
      </trkpt>
      <trkpt lat="18.730841" lon="98.886389">
        <ele>347.56771</ele>
        <time>2025-11-26T09:13:13.336000Z</time>
      </trkpt>
      <trkpt lat="18.731001" lon="98.886993">
        <ele>347.255766</ele>
        <time>2025-11-26T09:13:24.088000Z</time>
      </trkpt>
      <trkpt lat="18.731101" lon="98.887154">
        <ele>347.160003</ele>
        <time>2025-11-26T09:13:27.488000Z</time>
      </trkpt>
      <trkpt lat="18.731246" lon="98.887304">
        <ele>347.053395</ele>
        <time>2025-11-26T09:13:31.362000Z</time>
      </trkpt>
      <trkpt lat="18.731421" lon="98.887387">
        <ele>346.952642</ele>
        <time>2025-11-26T09:13:35.108000Z</time>
      </trkpt>
      <trkpt lat="18.73179" lon="98.887442">
        <ele>346.756926</ele>
        <time>2025-11-26T09:13:42.893000Z</time>
      </trkpt>
      <trkpt lat="18.732274" lon="98.887455">
        <ele>347.636818</ele>
        <time>2025-11-26T09:13:56.430000Z</time>
      </trkpt>
      <trkpt lat="18.732597" lon="98.887629">
        <ele>349.18904</ele>
        <time>2025-11-26T09:14:09.911000Z</time>
      </trkpt>
      <trkpt lat="18.732528" lon="98.887998">
        <ele>350.713845</ele>
        <time>2025-11-26T09:14:25.648000Z</time>
      </trkpt>
      <trkpt lat="18.732254" lon="98.888447">
        <ele>352.879265</ele>
        <time>2025-11-26T09:14:49.305000Z</time>
      </trkpt>
      <trkpt lat="18.732219" lon="98.88856">
        <ele>353.361245</ele>
        <time>2025-11-26T09:14:54.658000Z</time>
      </trkpt>
      <trkpt lat="18.732211" lon="98.888657">
        <ele>353.755971</ele>
        <time>2025-11-26T09:14:59.075000Z</time>
      </trkpt>
      <trkpt lat="18.732233" lon="98.888783">
        <ele>354.275384</ele>
        <time>2025-11-26T09:15:04.912000Z</time>
      </trkpt>
      <trkpt lat="18.732271" lon="98.888883">
        <ele>354.450191</ele>
        <time>2025-11-26T09:15:09.710000Z</time>
      </trkpt>
      <trkpt lat="18.732347" lon="98.888977">
        <ele>354.611196</ele>
        <time>2025-11-26T09:15:15.143000Z</time>
      </trkpt>
      <trkpt lat="18.733447" lon="98.889333">
        <ele>356.19375</ele>
        <time>2025-11-26T09:15:48.547000Z</time>
      </trkpt>
      <trkpt lat="18.733884" lon="98.8895">
        <ele>356.788664</ele>
        <time>2025-11-26T09:15:56.467000Z</time>
      </trkpt>
      <trkpt lat="18.734577" lon="98.889708">
        <ele>356.439374</ele>
        <time>2025-11-26T09:16:08.569000Z</time>
      </trkpt>
      <trkpt lat="18.734627" lon="98.889891">
        <ele>356.351926</ele>
        <time>2025-11-26T09:16:11.704000Z</time>
      </trkpt>
      <trkpt lat="18.734817" lon="98.890288">
        <ele>356.147696</ele>
        <time>2025-11-26T09:16:20.024000Z</time>
      </trkpt>
      <trkpt lat="18.734949" lon="98.890419">
        <ele>356.059871</ele>
        <time>2025-11-26T09:16:24.943000Z</time>
      </trkpt>
      <trkpt lat="18.735196" lon="98.890748">
        <ele>356.365155</ele>
        <time>2025-11-26T09:16:38.633000Z</time>
      </trkpt>
      <trkpt lat="18.735238" lon="98.890942">
        <ele>357.018657</ele>
        <time>2025-11-26T09:16:45.799000Z</time>
      </trkpt>
      <trkpt lat="18.735107" lon="98.891667">
        <ele>359.4424</ele>
        <time>2025-11-26T09:17:13.811000Z</time>
      </trkpt>
      <trkpt lat="18.735142" lon="98.891912">
        <ele>360.256047</ele>
        <time>2025-11-26T09:17:23.331000Z</time>
      </trkpt>
      <trkpt lat="18.7353" lon="98.892299">
        <ele>361.639967</ele>
        <time>2025-11-26T09:17:38.911000Z</time>
      </trkpt>
      <trkpt lat="18.735851" lon="98.893016">
        <ele>361.751899</ele>
        <time>2025-11-26T09:18:03.506000Z</time>
      </trkpt>
      <trkpt lat="18.736262" lon="98.893453">
        <ele>361.418509</ele>
        <time>2025-11-26T09:18:14.005000Z</time>
      </trkpt>
      <trkpt lat="18.736371" lon="98.893553">
        <ele>361.335974</ele>
        <time>2025-11-26T09:18:16.446000Z</time>
      </trkpt>
      <trkpt lat="18.737085" lon="98.89401">
        <ele>359.889965</ele>
        <time>2025-11-26T09:18:30.063000Z</time>
      </trkpt>
      <trkpt lat="18.737213" lon="98.894145">
        <ele>359.426617</ele>
        <time>2025-11-26T09:18:33.002000Z</time>
      </trkpt>
      <trkpt lat="18.73754" lon="98.894598">
        <ele>358.045077</ele>
        <time>2025-11-26T09:18:42.054000Z</time>
      </trkpt>
      <trkpt lat="18.737686" lon="98.894874">
        <ele>357.278291</ele>
        <time>2025-11-26T09:18:47.400000Z</time>
      </trkpt>
      <trkpt lat="18.737779" lon="98.89512">
        <ele>356.63584</ele>
        <time>2025-11-26T09:18:52.113000Z</time>
      </trkpt>
      <trkpt lat="18.738102" lon="98.896299">
        <ele>352.799098</ele>
        <time>2025-11-26T09:19:11.988000Z</time>
      </trkpt>
      <trkpt lat="18.738405" lon="98.897066">
        <ele>350.116271</ele>
        <time>2025-11-26T09:19:23.909000Z</time>
      </trkpt>
      <trkpt lat="18.738462" lon="98.897242">
        <ele>349.427839</ele>
        <time>2025-11-26T09:19:26.545000Z</time>
      </trkpt>
      <trkpt lat="18.738481" lon="98.897385">
        <ele>348.893399</ele>
        <time>2025-11-26T09:19:28.575000Z</time>
      </trkpt>
      <trkpt lat="18.738474" lon="98.897523">
        <ele>348.381917</ele>
        <time>2025-11-26T09:19:30.519000Z</time>
      </trkpt>
      <trkpt lat="18.738394" lon="98.897744">
        <ele>347.506254</ele>
        <time>2025-11-26T09:19:33.887000Z</time>
      </trkpt>
      <trkpt lat="18.737685" lon="98.898743">
        <ele>343.161201</ele>
        <time>2025-11-26T09:19:53.230000Z</time>
      </trkpt>
      <trkpt lat="18.737371" lon="98.899195">
        <ele>341.995241</ele>
        <time>2025-11-26T09:20:03.111000Z</time>
      </trkpt>
      <trkpt lat="18.737345" lon="98.89923">
        <ele>341.902719</ele>
        <time>2025-11-26T09:20:03.850000Z</time>
      </trkpt>
      <trkpt lat="18.737041" lon="98.899666">
        <ele>340.776581</ele>
        <time>2025-11-26T09:20:12.780000Z</time>
      </trkpt>
      <trkpt lat="18.736523" lon="98.90041">
        <ele>339.238845</ele>
        <time>2025-11-26T09:20:28.042000Z</time>
      </trkpt>
      <trkpt lat="18.736445" lon="98.900576">
        <ele>339.061814</ele>
        <time>2025-11-26T09:20:31.193000Z</time>
      </trkpt>
      <trkpt lat="18.736322" lon="98.900986">
        <ele>338.650948</ele>
        <time>2025-11-26T09:20:38.755000Z</time>
      </trkpt>
      <trkpt lat="18.736169" lon="98.901812">
        <ele>337.846899</ele>
        <time>2025-11-26T09:20:55.458000Z</time>
      </trkpt>
      <trkpt lat="18.736114" lon="98.901999">
        <ele>337.761556</ele>
        <time>2025-11-26T09:20:59.793000Z</time>
      </trkpt>
      <trkpt lat="18.735708" lon="98.902995">
        <ele>337.898056</ele>
        <time>2025-11-26T09:21:22.157000Z</time>
      </trkpt>
      <trkpt lat="18.735461" lon="98.9036">
        <ele>337.980991</ele>
        <time>2025-11-26T09:21:37.152000Z</time>
      </trkpt>
      <trkpt lat="18.735611" lon="98.903713">
        <ele>338.091778</ele>
        <time>2025-11-26T09:21:41.712000Z</time>
      </trkpt>
      <trkpt lat="18.735645" lon="98.903783">
        <ele>338.152902</ele>
        <time>2025-11-26T09:21:43.560000Z</time>
      </trkpt>
      <trkpt lat="18.735616" lon="98.904358">
        <ele>338.600291</ele>
        <time>2025-11-26T09:21:57.394000Z</time>
      </trkpt>
      <trkpt lat="18.73553" lon="98.904656">
        <ele>338.842339</ele>
        <time>2025-11-26T09:22:05.791000Z</time>
      </trkpt>
      <trkpt lat="18.735383" lon="98.904967">
        <ele>339.112402</ele>
        <time>2025-11-26T09:22:14.972000Z</time>
      </trkpt>
      <trkpt lat="18.735175" lon="98.905276">
        <ele>339.406956</ele>
        <time>2025-11-26T09:22:23.906000Z</time>
      </trkpt>
      <trkpt lat="18.734723" lon="98.905719">
        <ele>339.402595</ele>
        <time>2025-11-26T09:22:37.916000Z</time>
      </trkpt>
      <trkpt lat="18.734389" lon="98.906046">
        <ele>339.351025</ele>
        <time>2025-11-26T09:22:47.519000Z</time>
      </trkpt>
      <trkpt lat="18.733738" lon="98.906667">
        <ele>339.202407</ele>
        <time>2025-11-26T09:23:06.006000Z</time>
      </trkpt>
      <trkpt lat="18.732939" lon="98.907">
        <ele>338.580586</ele>
        <time>2025-11-26T09:23:23.289000Z</time>
      </trkpt>
      <trkpt lat="18.732792" lon="98.90701">
        <ele>338.473951</ele>
        <time>2025-11-26T09:23:26.211000Z</time>
      </trkpt>
      <trkpt lat="18.732418" lon="98.907004">
        <ele>338.20318</ele>
        <time>2025-11-26T09:23:33.579000Z</time>
      </trkpt>
      <trkpt lat="18.73193" lon="98.907283">
        <ele>337.847938</ele>
        <time>2025-11-26T09:23:44.268000Z</time>
      </trkpt>
      <trkpt lat="18.731206" lon="98.907771">
        <ele>337.409851</ele>
        <time>2025-11-26T09:24:01.345000Z</time>
      </trkpt>
      <trkpt lat="18.731019" lon="98.907842">
        <ele>337.308496</ele>
        <time>2025-11-26T09:24:05.607000Z</time>
      </trkpt>
      <trkpt lat="18.730412" lon="98.907933">
        <ele>336.978186</ele>
        <time>2025-11-26T09:24:19.313000Z</time>
      </trkpt>
      <trkpt lat="18.730102" lon="98.90801">
        <ele>336.753042</ele>
        <time>2025-11-26T09:24:26.396000Z</time>
      </trkpt>
      <trkpt lat="18.729542" lon="98.908332">
        <ele>336.302243</ele>
        <time>2025-11-26T09:24:39.439000Z</time>
      </trkpt>
      <trkpt lat="18.729228" lon="98.908551">
        <ele>336.0362</ele>
        <time>2025-11-26T09:24:46.521000Z</time>
      </trkpt>
      <trkpt lat="18.728573" lon="98.909007">
        <ele>335.701434</ele>
        <time>2025-11-26T09:25:01.033000Z</time>
      </trkpt>
      <trkpt lat="18.728363" lon="98.909178">
        <ele>335.656959</ele>
        <time>2025-11-26T09:25:06.160000Z</time>
      </trkpt>
      <trkpt lat="18.728274" lon="98.90933">
        <ele>335.628576</ele>
        <time>2025-11-26T09:25:09.611000Z</time>
      </trkpt>
      <trkpt lat="18.728239" lon="98.909476">
        <ele>335.604656</ele>
        <time>2025-11-26T09:25:12.690000Z</time>
      </trkpt>
      <trkpt lat="18.728253" lon="98.909633">
        <ele>335.579609</ele>
        <time>2025-11-26T09:25:16.089000Z</time>
      </trkpt>
      <trkpt lat="18.728313" lon="98.909804">
        <ele>335.550646</ele>
        <time>2025-11-26T09:25:20.261000Z</time>
      </trkpt>
      <trkpt lat="18.72842" lon="98.909984">
        <ele>335.516891</ele>
        <time>2025-11-26T09:25:25.431000Z</time>
      </trkpt>
      <trkpt lat="18.728801" lon="98.91034">
        <ele>335.551545</ele>
        <time>2025-11-26T09:25:39.367000Z</time>
      </trkpt>
      <trkpt lat="18.729024" lon="98.910619">
        <ele>335.683622</ele>
        <time>2025-11-26T09:25:48.527000Z</time>
      </trkpt>
      <trkpt lat="18.729296" lon="98.911108">
        <ele>335.888785</ele>
        <time>2025-11-26T09:26:01.865000Z</time>
      </trkpt>
      <trkpt lat="18.729135" lon="98.911192">
        <ele>335.957386</ele>
        <time>2025-11-26T09:26:05.939000Z</time>
      </trkpt>
      <trkpt lat="18.729094" lon="98.911259">
        <ele>335.986244</ele>
        <time>2025-11-26T09:26:07.604000Z</time>
      </trkpt>
      <trkpt lat="18.729162" lon="98.911512">
        <ele>336.081387</ele>
        <time>2025-11-26T09:26:12.913000Z</time>
      </trkpt>
      <trkpt lat="18.729328" lon="98.911851">
        <ele>336.101681</ele>
        <time>2025-11-26T09:26:20.250000Z</time>
      </trkpt>
      <trkpt lat="18.729362" lon="98.912141">
        <ele>336.013464</ele>
        <time>2025-11-26T09:26:25.665000Z</time>
      </trkpt>
      <trkpt lat="18.729543" lon="98.912578">
        <ele>335.869471</ele>
        <time>2025-11-26T09:26:34.782000Z</time>
      </trkpt>
      <trkpt lat="18.729568" lon="98.912724">
        <ele>335.82468</ele>
        <time>2025-11-26T09:26:37.754000Z</time>
      </trkpt>
      <trkpt lat="18.729846" lon="98.913288">
        <ele>335.632731</ele>
        <time>2025-11-26T09:26:50.916000Z</time>
      </trkpt>
      <trkpt lat="18.729972" lon="98.913745">
        <ele>335.565936</ele>
        <time>2025-11-26T09:27:01.128000Z</time>
      </trkpt>
      <trkpt lat="18.730053" lon="98.913913">
        <ele>335.556156</ele>
        <time>2025-11-26T09:27:05.200000Z</time>
      </trkpt>
      <trkpt lat="18.730109" lon="98.913977">
        <ele>335.551636</ele>
        <time>2025-11-26T09:27:07.097000Z</time>
      </trkpt>
      <trkpt lat="18.730218" lon="98.914264">
        <ele>335.535594</ele>
        <time>2025-11-26T09:27:13.751000Z</time>
      </trkpt>
      <trkpt lat="18.730385" lon="98.914729">
        <ele>335.509795</ele>
        <time>2025-11-26T09:27:24.253000Z</time>
      </trkpt>
      <trkpt lat="18.730598" lon="98.915433">
        <ele>335.474615</ele>
        <time>2025-11-26T09:27:38.887000Z</time>
      </trkpt>
      <trkpt lat="18.7311" lon="98.916184">
        <ele>335.439582</ele>
        <time>2025-11-26T09:27:57.014000Z</time>
      </trkpt>
      <trkpt lat="18.731415" lon="98.916505">
        <ele>335.421965</ele>
        <time>2025-11-26T09:28:07.409000Z</time>
      </trkpt>
      <trkpt lat="18.731536" lon="98.916603">
        <ele>335.415829</ele>
        <time>2025-11-26T09:28:11.143000Z</time>
      </trkpt>
      <trkpt lat="18.731617" lon="98.916637">
        <ele>335.412321</ele>
        <time>2025-11-26T09:28:13.209000Z</time>
      </trkpt>
      <trkpt lat="18.731715" lon="98.916754">
        <ele>335.460298</ele>
        <time>2025-11-26T09:28:16.877000Z</time>
      </trkpt>
      <trkpt lat="18.731755" lon="98.916684">
        <ele>335.493592</ele>
        <time>2025-11-26T09:28:18.928000Z</time>
      </trkpt>
      <trkpt lat="18.732182" lon="98.91703">
        <ele>335.725042</ele>
        <time>2025-11-26T09:28:32.342000Z</time>
      </trkpt>
      <trkpt lat="18.732518" lon="98.917351">
        <ele>335.919888</ele>
        <time>2025-11-26T09:28:43.895000Z</time>
      </trkpt>
      <trkpt lat="18.732694" lon="98.917535">
        <ele>336.026389</ele>
        <time>2025-11-26T09:28:49.721000Z</time>
      </trkpt>
      <trkpt lat="18.733206" lon="98.91816">
        <ele>336.079634</ele>
        <time>2025-11-26T09:29:06.592000Z</time>
      </trkpt>
      <trkpt lat="18.73338" lon="98.918381">
        <ele>336.010919</ele>
        <time>2025-11-26T09:29:12.281000Z</time>
      </trkpt>
      <trkpt lat="18.734011" lon="98.919185">
        <ele>335.761262</ele>
        <time>2025-11-26T09:29:33.142000Z</time>
      </trkpt>
      <trkpt lat="18.734564" lon="98.919833">
        <ele>335.521459</ele>
        <time>2025-11-26T09:29:50.819000Z</time>
      </trkpt>
      <trkpt lat="18.734771" lon="98.920046">
        <ele>335.435652</ele>
        <time>2025-11-26T09:29:57.106000Z</time>
      </trkpt>
      <trkpt lat="18.735145" lon="98.920321">
        <ele>335.300353</ele>
        <time>2025-11-26T09:30:06.999000Z</time>
      </trkpt>
      <trkpt lat="18.736117" lon="98.921023">
        <ele>334.519533</ele>
        <time>2025-11-26T09:30:30.976000Z</time>
      </trkpt>
      <trkpt lat="18.73628" lon="98.921189">
        <ele>334.334269</ele>
        <time>2025-11-26T09:30:35.223000Z</time>
      </trkpt>
      <trkpt lat="18.736393" lon="98.921348">
        <ele>334.180254</ele>
        <time>2025-11-26T09:30:38.735000Z</time>
      </trkpt>
      <trkpt lat="18.736534" lon="98.921607">
        <ele>333.9488</ele>
        <time>2025-11-26T09:30:44.069000Z</time>
      </trkpt>
      <trkpt lat="18.736796" lon="98.922055">
        <ele>333.738244</ele>
        <time>2025-11-26T09:30:53.721000Z</time>
      </trkpt>
      <trkpt lat="18.73703" lon="98.922339">
        <ele>333.759419</ele>
        <time>2025-11-26T09:31:01.063000Z</time>
      </trkpt>
      <trkpt lat="18.737402" lon="98.922664">
        <ele>333.788098</ele>
        <time>2025-11-26T09:31:12.052000Z</time>
      </trkpt>
      <trkpt lat="18.738055" lon="98.923182">
        <ele>333.884581</ele>
        <time>2025-11-26T09:31:32.723000Z</time>
      </trkpt>
      <trkpt lat="18.739049" lon="98.923877">
        <ele>334.649995</ele>
        <time>2025-11-26T09:32:02.202000Z</time>
      </trkpt>
      <trkpt lat="18.739294" lon="98.923988">
        <ele>334.821163</ele>
        <time>2025-11-26T09:32:08.547000Z</time>
      </trkpt>
      <trkpt lat="18.739637" lon="98.924156">
        <ele>335.0989</ele>
        <time>2025-11-26T09:32:17.717000Z</time>
      </trkpt>
      <trkpt lat="18.740009" lon="98.924276">
        <ele>335.461517</ele>
        <time>2025-11-26T09:32:27.577000Z</time>
      </trkpt>
      <trkpt lat="18.740261" lon="98.924321">
        <ele>335.699779</ele>
        <time>2025-11-26T09:32:34.284000Z</time>
      </trkpt>
      <trkpt lat="18.740554" lon="98.924334">
        <ele>335.973168</ele>
        <time>2025-11-26T09:32:42.085000Z</time>
      </trkpt>
      <trkpt lat="18.74143" lon="98.924128">
        <ele>336.732324</ele>
        <time>2025-11-26T09:33:06.201000Z</time>
      </trkpt>
      <trkpt lat="18.742118" lon="98.924104">
        <ele>337.034592</ele>
        <time>2025-11-26T09:33:23.513000Z</time>
      </trkpt>
      <trkpt lat="18.742655" lon="98.924092">
        <ele>337.270443</ele>
        <time>2025-11-26T09:33:35.972000Z</time>
      </trkpt>
      <trkpt lat="18.742989" lon="98.924198">
        <ele>337.423583</ele>
        <time>2025-11-26T09:33:43.779000Z</time>
      </trkpt>
      <trkpt lat="18.74332" lon="98.924374">
        <ele>337.291104</ele>
        <time>2025-11-26T09:33:51.778000Z</time>
      </trkpt>
      <trkpt lat="18.743741" lon="98.924778">
        <ele>336.987308</ele>
        <time>2025-11-26T09:34:03.784000Z</time>
      </trkpt>
      <trkpt lat="18.743856" lon="98.924807">
        <ele>336.924166</ele>
        <time>2025-11-26T09:34:06.239000Z</time>
      </trkpt>
      <trkpt lat="18.743905" lon="98.925079">
        <ele>336.784143</ele>
        <time>2025-11-26T09:34:11.615000Z</time>
      </trkpt>
      <trkpt lat="18.743997" lon="98.925159">
        <ele>336.720498</ele>
        <time>2025-11-26T09:34:14.014000Z</time>
      </trkpt>
      <trkpt lat="18.744025" lon="98.92525">
        <ele>336.672109</ele>
        <time>2025-11-26T09:34:15.821000Z</time>
      </trkpt>
      <trkpt lat="18.744243" lon="98.926006">
        <ele>335.847572</ele>
        <time>2025-11-26T09:34:29.972000Z</time>
      </trkpt>
      <trkpt lat="18.744231" lon="98.926203">
        <ele>335.555026</ele>
        <time>2025-11-26T09:34:33.354000Z</time>
      </trkpt>
      <trkpt lat="18.744179" lon="98.926415">
        <ele>335.230487</ele>
        <time>2025-11-26T09:34:37.056000Z</time>
      </trkpt>
      <trkpt lat="18.743917" lon="98.927245">
        <ele>333.933936</ele>
        <time>2025-11-26T09:34:51.838000Z</time>
      </trkpt>
      <trkpt lat="18.743912" lon="98.927523">
        <ele>333.589529</ele>
        <time>2025-11-26T09:34:56.633000Z</time>
      </trkpt>
      <trkpt lat="18.743941" lon="98.927753">
        <ele>333.394878</ele>
        <time>2025-11-26T09:35:00.614000Z</time>
      </trkpt>
      <trkpt lat="18.743979" lon="98.927898">
        <ele>333.268664</ele>
        <time>2025-11-26T09:35:03.208000Z</time>
      </trkpt>
      <trkpt lat="18.744036" lon="98.928005">
        <ele>333.165673</ele>
        <time>2025-11-26T09:35:05.363000Z</time>
      </trkpt>
      <trkpt lat="18.744127" lon="98.928103">
        <ele>333.05053</ele>
        <time>2025-11-26T09:35:07.787000Z</time>
      </trkpt>
      <trkpt lat="18.74426" lon="98.928157">
        <ele>332.924298</ele>
        <time>2025-11-26T09:35:10.501000Z</time>
      </trkpt>
      <trkpt lat="18.744285" lon="98.928165">
        <ele>332.901156</ele>
        <time>2025-11-26T09:35:10.994000Z</time>
      </trkpt>
      <trkpt lat="18.74438" lon="98.928207">
        <ele>332.809919</ele>
        <time>2025-11-26T09:35:13.010000Z</time>
      </trkpt>
      <trkpt lat="18.744495" lon="98.928356">
        <ele>332.648664</ele>
        <time>2025-11-26T09:35:16.613000Z</time>
      </trkpt>
      <trkpt lat="18.744504" lon="98.928428">
        <ele>332.587739</ele>
        <time>2025-11-26T09:35:18.004000Z</time>
      </trkpt>
      <trkpt lat="18.744685" lon="98.928548">
        <ele>332.398412</ele>
        <time>2025-11-26T09:35:22.463000Z</time>
      </trkpt>
      <trkpt lat="18.744829" lon="98.928543">
        <ele>332.270775</ele>
        <time>2025-11-26T09:35:25.573000Z</time>
      </trkpt>
      <trkpt lat="18.744949" lon="98.928492">
        <ele>332.156181</ele>
        <time>2025-11-26T09:35:28.411000Z</time>
      </trkpt>
      <trkpt lat="18.74503" lon="98.928489">
        <ele>332.084384</ele>
        <time>2025-11-26T09:35:30.228000Z</time>
      </trkpt>
      <trkpt lat="18.745311" lon="98.928238">
        <ele>332.200937</ele>
        <time>2025-11-26T09:35:38.612000Z</time>
      </trkpt>
      <trkpt lat="18.745676" lon="98.927735">
        <ele>332.390973</ele>
        <time>2025-11-26T09:35:53.284000Z</time>
      </trkpt>
      <trkpt lat="18.745963" lon="98.927273">
        <ele>332.55667</ele>
        <time>2025-11-26T09:36:06.187000Z</time>
      </trkpt>
      <trkpt lat="18.746177" lon="98.927019">
        <ele>332.648536</ele>
        <time>2025-11-26T09:36:13.736000Z</time>
      </trkpt>
      <trkpt lat="18.746482" lon="98.926701">
        <ele>332.489389</ele>
        <time>2025-11-26T09:36:23.292000Z</time>
      </trkpt>
      <trkpt lat="18.746787" lon="98.926444">
        <ele>332.344505</ele>
        <time>2025-11-26T09:36:31.441000Z</time>
      </trkpt>
      <trkpt lat="18.746988" lon="98.926307">
        <ele>332.255676</ele>
        <time>2025-11-26T09:36:36.235000Z</time>
      </trkpt>
      <trkpt lat="18.747182" lon="98.926215">
        <ele>332.176712</ele>
        <time>2025-11-26T09:36:40.471000Z</time>
      </trkpt>
      <trkpt lat="18.747264" lon="98.926208">
        <ele>332.146165</ele>
        <time>2025-11-26T09:36:42.126000Z</time>
      </trkpt>
      <trkpt lat="18.747428" lon="98.926256">
        <ele>332.082975</ele>
        <time>2025-11-26T09:36:45.529000Z</time>
      </trkpt>
      <trkpt lat="18.74767" lon="98.926445">
        <ele>331.969769</ele>
        <time>2025-11-26T09:36:51.592000Z</time>
      </trkpt>
      <trkpt lat="18.747872" lon="98.926591">
        <ele>331.870075</ele>
        <time>2025-11-26T09:36:56.609000Z</time>
      </trkpt>
      <trkpt lat="18.747966" lon="98.926636">
        <ele>331.828041</ele>
        <time>2025-11-26T09:36:58.755000Z</time>
      </trkpt>
      <trkpt lat="18.748494" lon="98.926884">
        <ele>331.592687</ele>
        <time>2025-11-26T09:37:10.874000Z</time>
      </trkpt>
      <trkpt lat="18.749079" lon="98.927245">
        <ele>331.316733</ele>
        <time>2025-11-26T09:37:25.228000Z</time>
      </trkpt>
      <trkpt lat="18.749364" lon="98.927468">
        <ele>331.265198</ele>
        <time>2025-11-26T09:37:32.565000Z</time>
      </trkpt>
      <trkpt lat="18.749575" lon="98.927674">
        <ele>331.281926</ele>
        <time>2025-11-26T09:37:38.509000Z</time>
      </trkpt>
      <trkpt lat="18.75001" lon="98.928328">
        <ele>331.325981</ele>
        <time>2025-11-26T09:37:54.693000Z</time>
      </trkpt>
      <trkpt lat="18.75007" lon="98.928386">
        <ele>331.330716</ele>
        <time>2025-11-26T09:37:56.489000Z</time>
      </trkpt>
      <trkpt lat="18.75019" lon="98.928413">
        <ele>331.337858</ele>
        <time>2025-11-26T09:37:59.246000Z</time>
      </trkpt>
      <trkpt lat="18.750286" lon="98.928397">
        <ele>331.343516</ele>
        <time>2025-11-26T09:38:01.505000Z</time>
      </trkpt>
      <trkpt lat="18.750378" lon="98.928316">
        <ele>331.350488</ele>
        <time>2025-11-26T09:38:04.374000Z</time>
      </trkpt>
      <trkpt lat="18.750939" lon="98.927635">
        <ele>332.602915</ele>
        <time>2025-11-26T09:38:27.853000Z</time>
      </trkpt>
      <trkpt lat="18.751213" lon="98.927346">
        <ele>333.271529</ele>
        <time>2025-11-26T09:38:39.710000Z</time>
      </trkpt>
      <trkpt lat="18.751673" lon="98.927045">
        <ele>334.205842</ele>
        <time>2025-11-26T09:38:56.478000Z</time>
      </trkpt>
      <trkpt lat="18.751923" lon="98.926832">
        <ele>334.937343</ele>
        <time>2025-11-26T09:39:06.622000Z</time>
      </trkpt>
      <trkpt lat="18.752386" lon="98.926352">
        <ele>336.725424</ele>
        <time>2025-11-26T09:39:27.345000Z</time>
      </trkpt>
      <trkpt lat="18.752475" lon="98.926272">
        <ele>337.047521</ele>
        <time>2025-11-26T09:39:31.176000Z</time>
      </trkpt>
      <trkpt lat="18.752836" lon="98.925865">
        <ele>338.502823</ele>
        <time>2025-11-26T09:39:48.944000Z</time>
      </trkpt>
      <trkpt lat="18.753517" lon="98.925084">
        <ele>341.351408</ele>
        <time>2025-11-26T09:40:25.319000Z</time>
      </trkpt>
      <trkpt lat="18.753626" lon="98.924964">
        <ele>341.803611</ele>
        <time>2025-11-26T09:40:31.087000Z</time>
      </trkpt>
      <trkpt lat="18.753797" lon="98.924775">
        <ele>342.514491</ele>
        <time>2025-11-26T09:40:39.836000Z</time>
      </trkpt>
      <trkpt lat="18.754224" lon="98.924317">
        <ele>344.262383</ele>
        <time>2025-11-26T09:40:58.517000Z</time>
      </trkpt>
      <trkpt lat="18.754495" lon="98.924037">
        <ele>345.359634</ele>
        <time>2025-11-26T09:41:09.213000Z</time>
      </trkpt>
      <trkpt lat="18.754778" lon="98.923732">
        <ele>346.533687</ele>
        <time>2025-11-26T09:41:22.686000Z</time>
      </trkpt>
      <trkpt lat="18.755152" lon="98.923393">
        <ele>347.964757</ele>
        <time>2025-11-26T09:41:40.324000Z</time>
      </trkpt>
      <trkpt lat="18.755375" lon="98.923233">
        <ele>348.74755</ele>
        <time>2025-11-26T09:41:49.667000Z</time>
      </trkpt>
      <trkpt lat="18.755736" lon="98.923036">
        <ele>349.86774</ele>
        <time>2025-11-26T09:42:04.194000Z</time>
      </trkpt>
      <trkpt lat="18.75596" lon="98.922918">
        <ele>350.229229</ele>
        <time>2025-11-26T09:42:13.214000Z</time>
      </trkpt>
      <trkpt lat="18.756242" lon="98.922771">
        <ele>350.683372</ele>
        <time>2025-11-26T09:42:24.682000Z</time>
      </trkpt>
      <trkpt lat="18.75651" lon="98.922602">
        <ele>351.134135</ele>
        <time>2025-11-26T09:42:34.692000Z</time>
      </trkpt>
      <trkpt lat="18.757033" lon="98.922366">
        <ele>351.955454</ele>
        <time>2025-11-26T09:42:48.417000Z</time>
      </trkpt>
      <trkpt lat="18.757297" lon="98.922284">
        <ele>352.352844</ele>
        <time>2025-11-26T09:42:54.028000Z</time>
      </trkpt>
      <trkpt lat="18.757718" lon="98.922195">
        <ele>351.709781</ele>
        <time>2025-11-26T09:43:02.087000Z</time>
      </trkpt>
      <trkpt lat="18.757922" lon="98.922198">
        <ele>351.347785</ele>
        <time>2025-11-26T09:43:05.651000Z</time>
      </trkpt>
      <trkpt lat="18.758718" lon="98.922336">
        <ele>349.916525</ele>
        <time>2025-11-26T09:43:19.108000Z</time>
      </trkpt>
      <trkpt lat="18.758919" lon="98.922352">
        <ele>349.558876</ele>
        <time>2025-11-26T09:43:22.601000Z</time>
      </trkpt>
      <trkpt lat="18.759271" lon="98.922361">
        <ele>349.197886</ele>
        <time>2025-11-26T09:43:29.037000Z</time>
      </trkpt>
      <trkpt lat="18.75936" lon="98.922344">
        <ele>349.188237</ele>
        <time>2025-11-26T09:43:30.817000Z</time>
      </trkpt>
      <trkpt lat="18.759453" lon="98.922296">
        <ele>349.177193</ele>
        <time>2025-11-26T09:43:32.931000Z</time>
      </trkpt>
      <trkpt lat="18.759807" lon="98.921891">
        <ele>349.121511</ele>
        <time>2025-11-26T09:43:45.717000Z</time>
      </trkpt>
      <trkpt lat="18.760506" lon="98.921316">
        <ele>349.026981</ele>
        <time>2025-11-26T09:44:08.958000Z</time>
      </trkpt>
      <trkpt lat="18.760791" lon="98.92122">
        <ele>348.555556</ele>
        <time>2025-11-26T09:44:14.663000Z</time>
      </trkpt>
      <trkpt lat="18.760664" lon="98.921714">
        <ele>347.686199</ele>
        <time>2025-11-26T09:44:23.059000Z</time>
      </trkpt>
      <trkpt lat="18.760632" lon="98.921954">
        <ele>347.274574</ele>
        <time>2025-11-26T09:44:26.911000Z</time>
      </trkpt>
      <trkpt lat="18.760632" lon="98.922392">
        <ele>346.530698</ele>
        <time>2025-11-26T09:44:33.712000Z</time>
      </trkpt>
      <trkpt lat="18.760713" lon="98.922813">
        <ele>345.801082</ele>
        <time>2025-11-26T09:44:40.618000Z</time>
      </trkpt>
      <trkpt lat="18.76083" lon="98.923232">
        <ele>345.794847</ele>
        <time>2025-11-26T09:44:48.757000Z</time>
      </trkpt>
      <trkpt lat="18.760977" lon="98.923605">
        <ele>345.793089</ele>
        <time>2025-11-26T09:44:57.540000Z</time>
      </trkpt>
      <trkpt lat="18.761014" lon="98.923759">
        <ele>345.792397</ele>
        <time>2025-11-26T09:45:01.257000Z</time>
      </trkpt>
      <trkpt lat="18.761033" lon="98.924747">
        <ele>345.775996</ele>
        <time>2025-11-26T09:45:25.196000Z</time>
      </trkpt>
      <trkpt lat="18.761076" lon="98.925002">
        <ele>345.738345</ele>
        <time>2025-11-26T09:45:31.267000Z</time>
      </trkpt>
      <trkpt lat="18.761183" lon="98.925244">
        <ele>345.699521</ele>
        <time>2025-11-26T09:45:37.445000Z</time>
      </trkpt>
      <trkpt lat="18.762152" lon="98.926658">
        <ele>344.927175</ele>
        <time>2025-11-26T09:46:11.285000Z</time>
      </trkpt>
      <trkpt lat="18.762217" lon="98.926838">
        <ele>344.68094</ele>
        <time>2025-11-26T09:46:14.525000Z</time>
      </trkpt>
      <trkpt lat="18.762233" lon="98.927001">
        <ele>344.471481</ele>
        <time>2025-11-26T09:46:17.263000Z</time>
      </trkpt>
      <trkpt lat="18.762127" lon="98.927413">
        <ele>343.925778</ele>
        <time>2025-11-26T09:46:24.331000Z</time>
      </trkpt>
      <trkpt lat="18.762375" lon="98.927856">
        <ele>343.267984</ele>
        <time>2025-11-26T09:46:32.975000Z</time>
      </trkpt>
      <trkpt lat="18.762644" lon="98.928236">
        <ele>343.161946</ele>
        <time>2025-11-26T09:46:41.441000Z</time>
      </trkpt>
      <trkpt lat="18.763077" lon="98.928847">
        <ele>343.340989</ele>
        <time>2025-11-26T09:46:58.984000Z</time>
      </trkpt>
      <trkpt lat="18.764267" lon="98.930533">
        <ele>344.280508</ele>
        <time>2025-11-26T09:47:51.106000Z</time>
      </trkpt>
      <trkpt lat="18.764694" lon="98.931152">
        <ele>344.410021</ele>
        <time>2025-11-26T09:48:07.741000Z</time>
      </trkpt>
      <trkpt lat="18.764833" lon="98.931598">
        <ele>343.781221</ele>
        <time>2025-11-26T09:48:16.469000Z</time>
      </trkpt>
      <trkpt lat="18.76486" lon="98.932455">
        <ele>342.632907</ele>
        <time>2025-11-26T09:48:30.786000Z</time>
      </trkpt>
      <trkpt lat="18.764887" lon="98.933285">
        <ele>341.447258</ele>
        <time>2025-11-26T09:48:44.453000Z</time>
      </trkpt>
      <trkpt lat="18.764973" lon="98.933724">
        <ele>340.768744</ele>
        <time>2025-11-26T09:48:52.199000Z</time>
      </trkpt>
      <trkpt lat="18.765276" lon="98.93472">
        <ele>339.187329</ele>
        <time>2025-11-26T09:49:10.839000Z</time>
      </trkpt>
      <trkpt lat="18.765701" lon="98.936131">
        <ele>337.125244</ele>
        <time>2025-11-26T09:49:36.132000Z</time>
      </trkpt>
      <trkpt lat="18.765723" lon="98.936382">
        <ele>336.774191</ele>
        <time>2025-11-26T09:49:40.357000Z</time>
      </trkpt>
      <trkpt lat="18.76572" lon="98.937781">
        <ele>336.429942</ele>
        <time>2025-11-26T09:50:06.971000Z</time>
      </trkpt>
      <trkpt lat="18.76572" lon="98.938873">
        <ele>336.584748</ele>
        <time>2025-11-26T09:50:34.786000Z</time>
      </trkpt>
      <trkpt lat="18.765694" lon="98.939483">
        <ele>336.896403</ele>
        <time>2025-11-26T09:50:50.424000Z</time>
      </trkpt>
      <trkpt lat="18.765706" lon="98.939578">
        <ele>336.945319</ele>
        <time>2025-11-26T09:50:52.647000Z</time>
      </trkpt>
      <trkpt lat="18.765764" lon="98.939663">
        <ele>336.998795</ele>
        <time>2025-11-26T09:50:55.007000Z</time>
      </trkpt>
      <trkpt lat="18.766249" lon="98.940173">
        <ele>337.258542</ele>
        <time>2025-11-26T09:51:09.429000Z</time>
      </trkpt>
      <trkpt lat="18.766502" lon="98.94052">
        <ele>336.845961</ele>
        <time>2025-11-26T09:51:18.111000Z</time>
      </trkpt>
      <trkpt lat="18.766532" lon="98.940607">
        <ele>336.758737</ele>
        <time>2025-11-26T09:51:19.812000Z</time>
      </trkpt>
      <trkpt lat="18.766691" lon="98.940702">
        <ele>336.57698</ele>
        <time>2025-11-26T09:51:23.229000Z</time>
      </trkpt>
      <trkpt lat="18.766887" lon="98.940669">
        <ele>336.379508</ele>
        <time>2025-11-26T09:51:26.933000Z</time>
      </trkpt>
      <trkpt lat="18.76697" lon="98.940614">
        <ele>336.282019</ele>
        <time>2025-11-26T09:51:28.715000Z</time>
      </trkpt>
      <trkpt lat="18.767145" lon="98.940417">
        <ele>336.027543</ele>
        <time>2025-11-26T09:51:33.423000Z</time>
      </trkpt>
      <trkpt lat="18.767299" lon="98.940438">
        <ele>335.873049</ele>
        <time>2025-11-26T09:51:36.281000Z</time>
      </trkpt>
      <trkpt lat="18.767603" lon="98.940594">
        <ele>335.537311</ele>
        <time>2025-11-26T09:51:42.615000Z</time>
      </trkpt>
      <trkpt lat="18.768092" lon="98.941001">
        <ele>335.027911</ele>
        <time>2025-11-26T09:51:54.837000Z</time>
      </trkpt>
      <trkpt lat="18.768136" lon="98.941048">
        <ele>334.976708</ele>
        <time>2025-11-26T09:51:56.008000Z</time>
      </trkpt>
      <trkpt lat="18.768279" lon="98.941212">
        <ele>334.803993</ele>
        <time>2025-11-26T09:52:00.122000Z</time>
      </trkpt>
      <trkpt lat="18.768336" lon="98.941267">
        <ele>334.740823</ele>
        <time>2025-11-26T09:52:01.663000Z</time>
      </trkpt>
      <trkpt lat="18.768562" lon="98.941594">
        <ele>334.427193</ele>
        <time>2025-11-26T09:52:09.577000Z</time>
      </trkpt>
      <trkpt lat="18.768639" lon="98.941781">
        <ele>334.269221</ele>
        <time>2025-11-26T09:52:13.484000Z</time>
      </trkpt>
      <trkpt lat="18.768694" lon="98.94202">
        <ele>334.078682</ele>
        <time>2025-11-26T09:52:18.167000Z</time>
      </trkpt>
      <trkpt lat="18.768735" lon="98.942245">
        <ele>333.911297</ele>
        <time>2025-11-26T09:52:22.533000Z</time>
      </trkpt>
      <trkpt lat="18.768793" lon="98.942548">
        <ele>333.686329</ele>
        <time>2025-11-26T09:52:28.235000Z</time>
      </trkpt>
      <trkpt lat="18.768839" lon="98.94278">
        <ele>333.51383</ele>
        <time>2025-11-26T09:52:32.488000Z</time>
      </trkpt>
      <trkpt lat="18.768887" lon="98.943156">
        <ele>333.237722</ele>
        <time>2025-11-26T09:52:39.359000Z</time>
      </trkpt>
      <trkpt lat="18.76903" lon="98.943474">
        <ele>332.981524</ele>
        <time>2025-11-26T09:52:45.833000Z</time>
      </trkpt>
      <trkpt lat="18.769059" lon="98.943745">
        <ele>332.78305</ele>
        <time>2025-11-26T09:52:50.979000Z</time>
      </trkpt>
      <trkpt lat="18.7691" lon="98.944151">
        <ele>332.720792</ele>
        <time>2025-11-26T09:52:59.083000Z</time>
      </trkpt>
      <trkpt lat="18.769295" lon="98.94474">
        <ele>332.80055</ele>
        <time>2025-11-26T09:53:12.749000Z</time>
      </trkpt>
      <trkpt lat="18.769488" lon="98.945389">
        <ele>332.887503</ele>
        <time>2025-11-26T09:53:28.478000Z</time>
      </trkpt>
      <trkpt lat="18.769911" lon="98.94535">
        <ele>332.985995</ele>
        <time>2025-11-26T09:53:38.126000Z</time>
      </trkpt>
      <trkpt lat="18.769953" lon="98.945353">
        <ele>333.006027</ele>
        <time>2025-11-26T09:53:39.039000Z</time>
      </trkpt>
      <trkpt lat="18.770184" lon="98.945401">
        <ele>333.118062</ele>
        <time>2025-11-26T09:53:44.247000Z</time>
      </trkpt>
      <trkpt lat="18.770215" lon="98.945418">
        <ele>333.134684</ele>
        <time>2025-11-26T09:53:45.006000Z</time>
      </trkpt>
      <trkpt lat="18.770674" lon="98.945682">
        <ele>333.3834</ele>
        <time>2025-11-26T09:53:57.890000Z</time>
      </trkpt>
      <trkpt lat="18.771149" lon="98.946022">
        <ele>333.656462</ele>
        <time>2025-11-26T09:54:11.783000Z</time>
      </trkpt>
      <trkpt lat="18.771432" lon="98.946141">
        <ele>333.810216</ele>
        <time>2025-11-26T09:54:19.250000Z</time>
      </trkpt>
      <trkpt lat="18.771537" lon="98.946153">
        <ele>333.886553</ele>
        <time>2025-11-26T09:54:21.941000Z</time>
      </trkpt>
      <trkpt lat="18.771711" lon="98.946126">
        <ele>334.013669</ele>
        <time>2025-11-26T09:54:26.491000Z</time>
      </trkpt>
      <trkpt lat="18.771984" lon="98.946007">
        <ele>334.227137</ele>
        <time>2025-11-26T09:54:34.252000Z</time>
      </trkpt>
      <trkpt lat="18.772104" lon="98.945965">
        <ele>334.318511</ele>
        <time>2025-11-26T09:54:37.575000Z</time>
      </trkpt>
      <trkpt lat="18.772224" lon="98.945936">
        <ele>334.407488</ele>
        <time>2025-11-26T09:54:40.843000Z</time>
      </trkpt>
      <trkpt lat="18.77234" lon="98.945934">
        <ele>334.491344</ele>
        <time>2025-11-26T09:54:43.882000Z</time>
      </trkpt>
      <trkpt lat="18.772436" lon="98.945962">
        <ele>334.563329</ele>
        <time>2025-11-26T09:54:46.400000Z</time>
      </trkpt>
      <trkpt lat="18.772753" lon="98.946083">
        <ele>334.806959</ele>
        <time>2025-11-26T09:54:54.585000Z</time>
      </trkpt>
      <trkpt lat="18.772812" lon="98.9461">
        <ele>334.851163</ele>
        <time>2025-11-26T09:54:56.068000Z</time>
      </trkpt>
      <trkpt lat="18.773305" lon="98.946211">
        <ele>335.258398</ele>
        <time>2025-11-26T09:55:08.269000Z</time>
      </trkpt>
      <trkpt lat="18.773602" lon="98.946279">
        <ele>335.549972</ele>
        <time>2025-11-26T09:55:15.731000Z</time>
      </trkpt>
      <trkpt lat="18.77384" lon="98.946393">
        <ele>335.800705</ele>
        <time>2025-11-26T09:55:22.283000Z</time>
      </trkpt>
      <trkpt lat="18.774238" lon="98.946662">
        <ele>336.254057</ele>
        <time>2025-11-26T09:55:34.801000Z</time>
      </trkpt>
      <trkpt lat="18.774703" lon="98.947071">
        <ele>336.822436</ele>
        <time>2025-11-26T09:55:51.766000Z</time>
      </trkpt>
      <trkpt lat="18.774859" lon="98.947205">
        <ele>336.918985</ele>
        <time>2025-11-26T09:55:57.401000Z</time>
      </trkpt>
      <trkpt lat="18.775499" lon="98.947748">
        <ele>337.313157</ele>
        <time>2025-11-26T09:56:19.083000Z</time>
      </trkpt>
      <trkpt lat="18.775504" lon="98.947751">
        <ele>337.315918</ele>
        <time>2025-11-26T09:56:19.226000Z</time>
      </trkpt>
      <trkpt lat="18.775821" lon="98.947996">
        <ele>337.504528</ele>
        <time>2025-11-26T09:56:28.257000Z</time>
      </trkpt>
      <trkpt lat="18.776008" lon="98.94821">
        <ele>337.636917</ele>
        <time>2025-11-26T09:56:34Z</time>
      </trkpt>
      <trkpt lat="18.776064" lon="98.948339">
        <ele>337.592209</ele>
        <time>2025-11-26T09:56:36.655000Z</time>
      </trkpt>
      <trkpt lat="18.776232" lon="98.949043">
        <ele>336.615556</ele>
        <time>2025-11-26T09:56:49.290000Z</time>
      </trkpt>
      <trkpt lat="18.776258" lon="98.949165">
        <ele>336.447333</ele>
        <time>2025-11-26T09:56:51.410000Z</time>
      </trkpt>
      <trkpt lat="18.776393" lon="98.949579">
        <ele>335.858307</ele>
        <time>2025-11-26T09:56:58.768000Z</time>
      </trkpt>
      <trkpt lat="18.776487" lon="98.949781">
        <ele>335.555525</ele>
        <time>2025-11-26T09:57:02.589000Z</time>
      </trkpt>
      <trkpt lat="18.776756" lon="98.95014">
        <ele>335.034058</ele>
        <time>2025-11-26T09:57:10.497000Z</time>
      </trkpt>
      <trkpt lat="18.776935" lon="98.950299">
        <ele>334.877381</ele>
        <time>2025-11-26T09:57:14.857000Z</time>
      </trkpt>
      <trkpt lat="18.777449" lon="98.95055">
        <ele>334.498038</ele>
        <time>2025-11-26T09:57:25.939000Z</time>
      </trkpt>
      <trkpt lat="18.777819" lon="98.950653">
        <ele>334.241715</ele>
        <time>2025-11-26T09:57:33.977000Z</time>
      </trkpt>
      <trkpt lat="18.778159" lon="98.950713">
        <ele>334.010796</ele>
        <time>2025-11-26T09:57:41.552000Z</time>
      </trkpt>
      <trkpt lat="18.77833" lon="98.950729">
        <ele>333.91876</ele>
        <time>2025-11-26T09:57:45.311000Z</time>
      </trkpt>
      <trkpt lat="18.7788" lon="98.950742">
        <ele>334.014991</ele>
        <time>2025-11-26T09:57:55.721000Z</time>
      </trkpt>
      <trkpt lat="18.779111" lon="98.950735">
        <ele>334.07866</ele>
        <time>2025-11-26T09:58:02.923000Z</time>
      </trkpt>
      <trkpt lat="18.779324" lon="98.950771">
        <ele>334.122811</ele>
        <time>2025-11-26T09:58:08.127000Z</time>
      </trkpt>
      <trkpt lat="18.779847" lon="98.951136">
        <ele>334.251114</ele>
        <time>2025-11-26T09:58:23.092000Z</time>
      </trkpt>
      <trkpt lat="18.780034" lon="98.95138">
        <ele>334.369632</ele>
        <time>2025-11-26T09:58:29.741000Z</time>
      </trkpt>
      <trkpt lat="18.780068" lon="98.951495">
        <ele>334.437249</ele>
        <time>2025-11-26T09:58:32.398000Z</time>
      </trkpt>
      <trkpt lat="18.780065" lon="98.951678">
        <ele>334.539973</ele>
        <time>2025-11-26T09:58:36.458000Z</time>
      </trkpt>
      <trkpt lat="18.780058" lon="98.951972">
        <ele>334.705033</ele>
        <time>2025-11-26T09:58:43.224000Z</time>
      </trkpt>
      <trkpt lat="18.780038" lon="98.952356">
        <ele>334.920879</ele>
        <time>2025-11-26T09:58:52.373000Z</time>
      </trkpt>
      <trkpt lat="18.78008" lon="98.95248">
        <ele>334.994793</ele>
        <time>2025-11-26T09:58:55.541000Z</time>
      </trkpt>
      <trkpt lat="18.780123" lon="98.952537">
        <ele>335.035698</ele>
        <time>2025-11-26T09:58:57.240000Z</time>
      </trkpt>
      <trkpt lat="18.780857" lon="98.953072">
        <ele>335.634643</ele>
        <time>2025-11-26T09:59:19.598000Z</time>
      </trkpt>
      <trkpt lat="18.781233" lon="98.953333">
        <ele>335.987907</ele>
        <time>2025-11-26T09:59:31.799000Z</time>
      </trkpt>
      <trkpt lat="18.781632" lon="98.953554">
        <ele>336.341645</ele>
        <time>2025-11-26T09:59:43.056000Z</time>
      </trkpt>
      <trkpt lat="18.781945" lon="98.953732">
        <ele>336.620754</ele>
        <time>2025-11-26T09:59:51.606000Z</time>
      </trkpt>
      <trkpt lat="18.782147" lon="98.953852">
        <ele>336.805372</ele>
        <time>2025-11-26T09:59:57.244000Z</time>
      </trkpt>
      <trkpt lat="18.782506" lon="98.954085">
        <ele>337.156747</ele>
        <time>2025-11-26T10:00:08.061000Z</time>
      </trkpt>
      <trkpt lat="18.782704" lon="98.954441">
        <ele>337.482722</ele>
        <time>2025-11-26T10:00:18.399000Z</time>
      </trkpt>
      <trkpt lat="18.782833" lon="98.954561">
        <ele>337.626068</ele>
        <time>2025-11-26T10:00:22.839000Z</time>
      </trkpt>
      <trkpt lat="18.783117" lon="98.954252">
        <ele>337.966073</ele>
        <time>2025-11-26T10:00:33.228000Z</time>
      </trkpt>
      <trkpt lat="18.783155" lon="98.954235">
        <ele>338.000487</ele>
        <time>2025-11-26T10:00:34.292000Z</time>
      </trkpt>
      <trkpt lat="18.783367" lon="98.954342">
        <ele>338.196422</ele>
        <time>2025-11-26T10:00:40.468000Z</time>
      </trkpt>
      <trkpt lat="18.78349" lon="98.954378">
        <ele>338.270979</ele>
        <time>2025-11-26T10:00:43.766000Z</time>
      </trkpt>
      <trkpt lat="18.783976" lon="98.954466">
        <ele>338.376999</ele>
        <time>2025-11-26T10:00:56.504000Z</time>
      </trkpt>
      <trkpt lat="18.784171" lon="98.954454">
        <ele>338.418997</ele>
        <time>2025-11-26T10:01:01.230000Z</time>
      </trkpt>
      <trkpt lat="18.784555" lon="98.954431">
        <ele>338.501694</ele>
        <time>2025-11-26T10:01:09.642000Z</time>
      </trkpt>
      <trkpt lat="18.784716" lon="98.954421">
        <ele>338.536371</ele>
        <time>2025-11-26T10:01:13.014000Z</time>
      </trkpt>
      <trkpt lat="18.784736" lon="98.9542">
        <ele>338.581562</ele>
        <time>2025-11-26T10:01:17.359000Z</time>
      </trkpt>
      <trkpt lat="18.784933" lon="98.954268">
        <ele>338.626124</ele>
        <time>2025-11-26T10:01:21.632000Z</time>
      </trkpt>
      <trkpt lat="18.785379" lon="98.954456">
        <ele>338.7239</ele>
        <time>2025-11-26T10:01:31.986000Z</time>
      </trkpt>
      <trkpt lat="18.785717" lon="98.954582">
        <ele>338.79587</ele>
        <time>2025-11-26T10:01:40.169000Z</time>
      </trkpt>
      <trkpt lat="18.785953" lon="98.954638">
        <ele>338.844438</ele>
        <time>2025-11-26T10:01:45.629000Z</time>
      </trkpt>
      <trkpt lat="18.786211" lon="98.954658">
        <ele>338.896381</ele>
        <time>2025-11-26T10:01:51.683000Z</time>
      </trkpt>
      <trkpt lat="18.786406" lon="98.95464">
        <ele>338.935685</ele>
        <time>2025-11-26T10:01:56.504000Z</time>
      </trkpt>
      <trkpt lat="18.787603" lon="98.954568">
        <ele>339.887956</ele>
        <time>2025-11-26T10:02:26.046000Z</time>
      </trkpt>
      <trkpt lat="18.787593" lon="98.954168">
        <ele>340.284955</ele>
        <time>2025-11-26T10:02:35.289000Z</time>
      </trkpt>
      <trkpt lat="18.787581" lon="98.953722">
        <ele>340.727635</ele>
        <time>2025-11-26T10:02:47.441000Z</time>
      </trkpt>
      <trkpt lat="18.788229" lon="98.953693">
        <ele>341.976819</ele>
        <time>2025-11-26T10:03:07.624000Z</time>
      </trkpt>
      <trkpt lat="18.788272" lon="98.953772">
        <ele>342.167282</ele>
        <time>2025-11-26T10:03:10.672000Z</time>
      </trkpt>
      <trkpt lat="18.788618" lon="98.953744">
        <ele>342.933402</ele>
        <time>2025-11-26T10:03:22.572000Z</time>
      </trkpt>
      <trkpt lat="18.789668" lon="98.953668">
        <ele>344.845814</ele>
        <time>2025-11-26T10:03:55.353000Z</time>
      </trkpt>
      <trkpt lat="18.78978" lon="98.953823">
        <ele>344.827281</ele>
        <time>2025-11-26T10:04:00.182000Z</time>
      </trkpt>
      <trkpt lat="18.790207" lon="98.954168">
        <ele>344.77331</ele>
        <time>2025-11-26T10:04:13.167000Z</time>
      </trkpt>
      <trkpt lat="18.790244" lon="98.954228">
        <ele>344.766504</ele>
        <time>2025-11-26T10:04:14.667000Z</time>
      </trkpt>
      <trkpt lat="18.79042" lon="98.9542">
        <ele>344.748635</ele>
        <time>2025-11-26T10:04:18.396000Z</time>
      </trkpt>
      <trkpt lat="18.791293" lon="98.954063">
        <ele>344.092308</ele>
        <time>2025-11-26T10:04:34.666000Z</time>
      </trkpt>
      <trkpt lat="18.791408" lon="98.9545">
        <ele>342.989484</ele>
        <time>2025-11-26T10:04:41.644000Z</time>
      </trkpt>
      <trkpt lat="18.791451" lon="98.954563">
        <ele>342.800643</ele>
        <time>2025-11-26T10:04:42.824000Z</time>
      </trkpt>
      <trkpt lat="18.792026" lon="98.954778">
        <ele>341.234059</ele>
        <time>2025-11-26T10:04:52.666000Z</time>
      </trkpt>
      <trkpt lat="18.792062" lon="98.954791">
        <ele>341.136345</ele>
        <time>2025-11-26T10:04:53.272000Z</time>
      </trkpt>
      <trkpt lat="18.792824" lon="98.955076">
        <ele>339.981116</ele>
        <time>2025-11-26T10:05:07.365000Z</time>
      </trkpt>
      <trkpt lat="18.792993" lon="98.954485">
        <ele>339.857705</ele>
        <time>2025-11-26T10:05:20.633000Z</time>
      </trkpt>
      <trkpt lat="18.793101" lon="98.954106">
        <ele>339.778586</ele>
        <time>2025-11-26T10:05:30.325000Z</time>
      </trkpt>
      <trkpt lat="18.793234" lon="98.953639">
        <ele>339.681796</ele>
        <time>2025-11-26T10:05:42.405000Z</time>
      </trkpt>
      <trkpt lat="18.793319" lon="98.953341">
        <ele>339.635486</ele>
        <time>2025-11-26T10:05:49.421000Z</time>
      </trkpt>
      <trkpt lat="18.793351" lon="98.953231">
        <ele>339.618363</ele>
        <time>2025-11-26T10:05:51.926000Z</time>
      </trkpt>
      <trkpt lat="18.794991" lon="98.953238">
        <ele>339.151098</ele>
        <time>2025-11-26T10:06:26.222000Z</time>
      </trkpt>
      <trkpt lat="18.795265" lon="98.953242">
        <ele>338.88536</ele>
        <time>2025-11-26T10:06:31.463000Z</time>
      </trkpt>
      <trkpt lat="18.796297" lon="98.953243">
        <ele>337.884576</ele>
        <time>2025-11-26T10:06:50.750000Z</time>
      </trkpt>
      <trkpt lat="18.796382" lon="98.953244">
        <ele>337.802142</ele>
        <time>2025-11-26T10:06:52.348000Z</time>
      </trkpt>
      <trkpt lat="18.796422" lon="98.953192">
        <ele>337.740631</ele>
        <time>2025-11-26T10:06:53.579000Z</time>
      </trkpt>
      <trkpt lat="18.796491" lon="98.953161">
        <ele>337.667917</ele>
        <time>2025-11-26T10:06:55.015000Z</time>
      </trkpt>
      <trkpt lat="18.796565" lon="98.953173">
        <ele>337.661082</ele>
        <time>2025-11-26T10:06:56.474000Z</time>
      </trkpt>
      <trkpt lat="18.796624" lon="98.95323">
        <ele>337.666373</ele>
        <time>2025-11-26T10:06:58.034000Z</time>
      </trkpt>
      <trkpt lat="18.796646" lon="98.953301">
        <ele>337.671054</ele>
        <time>2025-11-26T10:06:59.422000Z</time>
      </trkpt>
      <trkpt lat="18.79678" lon="98.953299">
        <ele>337.679923</ele>
        <time>2025-11-26T10:07:02.093000Z</time>
      </trkpt>
      <trkpt lat="18.798692" lon="98.953274">
        <ele>338.107376</ele>
        <time>2025-11-26T10:07:47.371000Z</time>
      </trkpt>
      <trkpt lat="18.79884" lon="98.953274">
        <ele>338.213632</ele>
        <time>2025-11-26T10:07:51.392000Z</time>
      </trkpt>
      <trkpt lat="18.798947" lon="98.953275">
        <ele>338.290455</ele>
        <time>2025-11-26T10:07:54.354000Z</time>
      </trkpt>
      <trkpt lat="18.79946" lon="98.953261">
        <ele>338.658885</ele>
        <time>2025-11-26T10:08:08.240000Z</time>
      </trkpt>
      <trkpt lat="18.799494" lon="98.953268">
        <ele>338.683755</ele>
        <time>2025-11-26T10:08:09.169000Z</time>
      </trkpt>
      <trkpt lat="18.799923" lon="98.953291">
        <ele>338.99215</ele>
        <time>2025-11-26T10:08:20.113000Z</time>
      </trkpt>
      <trkpt lat="18.800095" lon="98.953322">
        <ele>339.02325</ele>
        <time>2025-11-26T10:08:24.313000Z</time>
      </trkpt>
      <trkpt lat="18.800124" lon="98.953329">
        <ele>339.004523</ele>
        <time>2025-11-26T10:08:25.012000Z</time>
      </trkpt>
      <trkpt lat="18.800532" lon="98.953458">
        <ele>338.736422</ele>
        <time>2025-11-26T10:08:34.326000Z</time>
      </trkpt>
      <trkpt lat="18.800765" lon="98.95356">
        <ele>338.577648</ele>
        <time>2025-11-26T10:08:39.393000Z</time>
      </trkpt>
      <trkpt lat="18.800919" lon="98.953655">
        <ele>338.465382</ele>
        <time>2025-11-26T10:08:42.864000Z</time>
      </trkpt>
      <trkpt lat="18.801027" lon="98.953819">
        <ele>338.346328</ele>
        <time>2025-11-26T10:08:46.466000Z</time>
      </trkpt>
      <trkpt lat="18.801066" lon="98.953938">
        <ele>338.271282</ele>
        <time>2025-11-26T10:08:48.689000Z</time>
      </trkpt>
      <trkpt lat="18.801077" lon="98.954066">
        <ele>338.19469</ele>
        <time>2025-11-26T10:08:50.965000Z</time>
      </trkpt>
      <trkpt lat="18.801111" lon="98.954422">
        <ele>337.981462</ele>
        <time>2025-11-26T10:08:57.337000Z</time>
      </trkpt>
      <trkpt lat="18.801157" lon="98.954525">
        <ele>337.89321</ele>
        <time>2025-11-26T10:08:59.404000Z</time>
      </trkpt>
      <trkpt lat="18.80124" lon="98.954599">
        <ele>337.759634</ele>
        <time>2025-11-26T10:09:01.494000Z</time>
      </trkpt>
      <trkpt lat="18.80169" lon="98.954754">
        <ele>337.177515</ele>
        <time>2025-11-26T10:09:10.457000Z</time>
      </trkpt>
      <trkpt lat="18.801789" lon="98.954788">
        <ele>337.049485</ele>
        <time>2025-11-26T10:09:12.410000Z</time>
      </trkpt>
      <trkpt lat="18.802275" lon="98.95443">
        <ele>336.320797</ele>
        <time>2025-11-26T10:09:23.714000Z</time>
      </trkpt>
      <trkpt lat="18.802599" lon="98.954362">
        <ele>335.914531</ele>
        <time>2025-11-26T10:09:29.913000Z</time>
      </trkpt>
      <trkpt lat="18.802793" lon="98.954356">
        <ele>335.691774</ele>
        <time>2025-11-26T10:09:33.524000Z</time>
      </trkpt>
      <trkpt lat="18.80288" lon="98.954341">
        <ele>335.620098</ele>
        <time>2025-11-26T10:09:35.165000Z</time>
      </trkpt>
      <trkpt lat="18.8033" lon="98.954298">
        <ele>335.276995</ele>
        <time>2025-11-26T10:09:42.879000Z</time>
      </trkpt>
      <trkpt lat="18.803426" lon="98.954254">
        <ele>335.169092</ele>
        <time>2025-11-26T10:09:45.257000Z</time>
      </trkpt>
      <trkpt lat="18.803583" lon="98.954158">
        <ele>335.021591</ele>
        <time>2025-11-26T10:09:48.545000Z</time>
      </trkpt>
      <trkpt lat="18.803885" lon="98.953893">
        <ele>334.70237</ele>
        <time>2025-11-26T10:09:56.060000Z</time>
      </trkpt>
      <trkpt lat="18.80387" lon="98.953816">
        <ele>334.64186</ele>
        <time>2025-11-26T10:09:57.553000Z</time>
      </trkpt>
      <trkpt lat="18.803906" lon="98.953778">
        <ele>334.60048</ele>
        <time>2025-11-26T10:09:58.593000Z</time>
      </trkpt>
      <trkpt lat="18.803932" lon="98.953772">
        <ele>334.578841</ele>
        <time>2025-11-26T10:09:59.115000Z</time>
      </trkpt>
      <trkpt lat="18.803979" lon="98.953793">
        <ele>334.537348</ele>
        <time>2025-11-26T10:10:00.194000Z</time>
      </trkpt>
      <trkpt lat="18.803994" lon="98.953864">
        <ele>334.481354</ele>
        <time>2025-11-26T10:10:01.681000Z</time>
      </trkpt>
      <trkpt lat="18.804102" lon="98.953883">
        <ele>334.39233</ele>
        <time>2025-11-26T10:10:04.097000Z</time>
      </trkpt>
      <trkpt lat="18.804316" lon="98.953981">
        <ele>334.365836</ele>
        <time>2025-11-26T10:10:09.613000Z</time>
      </trkpt>
      <trkpt lat="18.804446" lon="98.953853">
        <ele>334.629851</ele>
        <time>2025-11-26T10:10:14.212000Z</time>
      </trkpt>
      <trkpt lat="18.804532" lon="98.953755">
        <ele>334.817782</ele>
        <time>2025-11-26T10:10:17.636000Z</time>
      </trkpt>
      <trkpt lat="18.804706" lon="98.953602">
        <ele>335.154115</ele>
        <time>2025-11-26T10:10:24.211000Z</time>
      </trkpt>
      <trkpt lat="18.805177" lon="98.953292">
        <ele>335.978547</ele>
        <time>2025-11-26T10:10:41.145000Z</time>
      </trkpt>
      <trkpt lat="18.805263" lon="98.953265">
        <ele>336.111834</ele>
        <time>2025-11-26T10:10:43.972000Z</time>
      </trkpt>
      <trkpt lat="18.805272" lon="98.95315">
        <ele>336.274113</ele>
        <time>2025-11-26T10:10:47.341000Z</time>
      </trkpt>
      <trkpt lat="18.805353" lon="98.952995">
        <ele>336.523104</ele>
        <time>2025-11-26T10:10:52.557000Z</time>
      </trkpt>
      <trkpt lat="18.805444" lon="98.952836">
        <ele>336.784402</ele>
        <time>2025-11-26T10:10:57.905000Z</time>
      </trkpt>
      <trkpt lat="18.805517" lon="98.952795">
        <ele>336.907228</ele>
        <time>2025-11-26T10:11:00.325000Z</time>
      </trkpt>
      <trkpt lat="18.805599" lon="98.952783">
        <ele>336.930479</ele>
        <time>2025-11-26T10:11:02.745000Z</time>
      </trkpt>
      <trkpt lat="18.805684" lon="98.952804">
        <ele>336.927782</ele>
        <time>2025-11-26T10:11:05.192000Z</time>
      </trkpt>
      <trkpt lat="18.805753" lon="98.952852">
        <ele>336.925231</ele>
        <time>2025-11-26T10:11:07.439000Z</time>
      </trkpt>
      <trkpt lat="18.805802" lon="98.952922">
        <ele>336.922685</ele>
        <time>2025-11-26T10:11:09.656000Z</time>
      </trkpt>
      <trkpt lat="18.805825" lon="98.953005">
        <ele>336.920157</ele>
        <time>2025-11-26T10:11:11.737000Z</time>
      </trkpt>
      <trkpt lat="18.80582" lon="98.953092">
        <ele>336.917609</ele>
        <time>2025-11-26T10:11:13.855000Z</time>
      </trkpt>
      <trkpt lat="18.805785" lon="98.953163">
        <ele>336.915268</ele>
        <time>2025-11-26T10:11:15.624000Z</time>
      </trkpt>
      <trkpt lat="18.80597" lon="98.953267">
        <ele>336.908796</ele>
        <time>2025-11-26T10:11:20.451000Z</time>
      </trkpt>
      <trkpt lat="18.806248" lon="98.953425">
        <ele>336.899046</ele>
        <time>2025-11-26T10:11:26.970000Z</time>
      </trkpt>
      <trkpt lat="18.806417" lon="98.953519">
        <ele>336.893147</ele>
        <time>2025-11-26T10:11:30.647000Z</time>
      </trkpt>
      <trkpt lat="18.806919" lon="98.953798">
        <ele>336.824288</ele>
        <time>2025-11-26T10:11:41.549000Z</time>
      </trkpt>
      <trkpt lat="18.807366" lon="98.954058">
        <ele>336.200253</ele>
        <time>2025-11-26T10:11:51.148000Z</time>
      </trkpt>
      <trkpt lat="18.80798" lon="98.954407">
        <ele>335.347583</ele>
        <time>2025-11-26T10:12:04.109000Z</time>
      </trkpt>
      <trkpt lat="18.808236" lon="98.954554">
        <ele>334.991252</ele>
        <time>2025-11-26T10:12:09.784000Z</time>
      </trkpt>
      <trkpt lat="18.808367" lon="98.954627">
        <ele>334.810126</ele>
        <time>2025-11-26T10:12:12.670000Z</time>
      </trkpt>
      <trkpt lat="18.808451" lon="98.954675">
        <ele>334.693334</ele>
        <time>2025-11-26T10:12:14.472000Z</time>
      </trkpt>
      <trkpt lat="18.808365" lon="98.954843">
        <ele>334.464056</ele>
        <time>2025-11-26T10:12:17.934000Z</time>
      </trkpt>
      <trkpt lat="18.808294" lon="98.954984">
        <ele>334.2718</ele>
        <time>2025-11-26T10:12:20.770000Z</time>
      </trkpt>
      <trkpt lat="18.808254" lon="98.955058">
        <ele>334.169218</ele>
        <time>2025-11-26T10:12:22.231000Z</time>
      </trkpt>
      <trkpt lat="18.808012" lon="98.955507">
        <ele>333.547238</ele>
        <time>2025-11-26T10:12:30.916000Z</time>
      </trkpt>
      <trkpt lat="18.807782" lon="98.955946">
        <ele>332.943225</ele>
        <time>2025-11-26T10:12:40.080000Z</time>
      </trkpt>
      <trkpt lat="18.807665" lon="98.956167">
        <ele>332.638404</ele>
        <time>2025-11-26T10:12:44.792000Z</time>
      </trkpt>
      <trkpt lat="18.807625" lon="98.956243">
        <ele>332.533724</ele>
        <time>2025-11-26T10:12:46.414000Z</time>
      </trkpt>
      <trkpt lat="18.80735" lon="98.956761">
        <ele>331.898219</ele>
        <time>2025-11-26T10:12:57.005000Z</time>
      </trkpt>
      <trkpt lat="18.807118" lon="98.957204">
        <ele>331.373517</ele>
        <time>2025-11-26T10:13:05.900000Z</time>
      </trkpt>
      <trkpt lat="18.807057" lon="98.957317">
        <ele>331.2387</ele>
        <time>2025-11-26T10:13:08.375000Z</time>
      </trkpt>
      <trkpt lat="18.807054" lon="98.957323">
        <ele>331.231667</ele>
        <time>2025-11-26T10:13:08.510000Z</time>
      </trkpt>
      <trkpt lat="18.806641" lon="98.958106">
        <ele>330.26181</ele>
        <time>2025-11-26T10:13:25.211000Z</time>
      </trkpt>
      <trkpt lat="18.80617" lon="98.958997">
        <ele>328.837882</ele>
        <time>2025-11-26T10:13:42.618000Z</time>
      </trkpt>
      <trkpt lat="18.805826" lon="98.959647">
        <ele>327.798813</ele>
        <time>2025-11-26T10:13:55.671000Z</time>
      </trkpt>
      <trkpt lat="18.805779" lon="98.959737">
        <ele>327.714318</ele>
        <time>2025-11-26T10:13:57.439000Z</time>
      </trkpt>
      <trkpt lat="18.805611" lon="98.960053">
        <ele>327.469629</ele>
        <time>2025-11-26T10:14:03.695000Z</time>
      </trkpt>
      <trkpt lat="18.805575" lon="98.960122">
        <ele>327.416437</ele>
        <time>2025-11-26T10:14:05.051000Z</time>
      </trkpt>
      <trkpt lat="18.805452" lon="98.960345">
        <ele>327.242186</ele>
        <time>2025-11-26T10:14:09.590000Z</time>
      </trkpt>
      <trkpt lat="18.80398" lon="98.963082">
        <ele>326.078898</ele>
        <time>2025-11-26T10:15:13.840000Z</time>
      </trkpt>
      <trkpt lat="18.803889" lon="98.96325">
        <ele>325.963371</ele>
        <time>2025-11-26T10:15:17.906000Z</time>
      </trkpt>
      <trkpt lat="18.803642" lon="98.963704">
        <ele>325.650831</ele>
        <time>2025-11-26T10:15:28.618000Z</time>
      </trkpt>
      <trkpt lat="18.80307" lon="98.964758">
        <ele>324.841603</ele>
        <time>2025-11-26T10:15:50.908000Z</time>
      </trkpt>
      <trkpt lat="18.802986" lon="98.964913">
        <ele>324.641693</ele>
        <time>2025-11-26T10:15:53.907000Z</time>
      </trkpt>
      <trkpt lat="18.802935" lon="98.965009">
        <ele>324.518475</ele>
        <time>2025-11-26T10:15:55.790000Z</time>
      </trkpt>
      <trkpt lat="18.802857" lon="98.965155">
        <ele>324.330828</ele>
        <time>2025-11-26T10:15:58.683000Z</time>
      </trkpt>
      <trkpt lat="18.802815" lon="98.965234">
        <ele>324.229413</ele>
        <time>2025-11-26T10:16:00.291000Z</time>
      </trkpt>
      <trkpt lat="18.802575" lon="98.965686">
        <ele>323.649336</ele>
        <time>2025-11-26T10:16:09.827000Z</time>
      </trkpt>
      <trkpt lat="18.802459" lon="98.965907">
        <ele>323.366489</ele>
        <time>2025-11-26T10:16:14.433000Z</time>
      </trkpt>
      <trkpt lat="18.802312" lon="98.966183">
        <ele>323.012021</ele>
        <time>2025-11-26T10:16:19.952000Z</time>
      </trkpt>
      <trkpt lat="18.802155" lon="98.966478">
        <ele>322.771432</ele>
        <time>2025-11-26T10:16:25.851000Z</time>
      </trkpt>
      <trkpt lat="18.801955" lon="98.966855">
        <ele>322.543064</ele>
        <time>2025-11-26T10:16:33.974000Z</time>
      </trkpt>
      <trkpt lat="18.801864" lon="98.967028">
        <ele>322.43848</ele>
        <time>2025-11-26T10:16:38.378000Z</time>
      </trkpt>
      <trkpt lat="18.801707" lon="98.96733">
        <ele>322.256413</ele>
        <time>2025-11-26T10:16:45.787000Z</time>
      </trkpt>
      <trkpt lat="18.801521" lon="98.967685">
        <ele>322.042004</ele>
        <time>2025-11-26T10:16:53.454000Z</time>
      </trkpt>
      <trkpt lat="18.801464" lon="98.967793">
        <ele>321.976663</ele>
        <time>2025-11-26T10:16:55.720000Z</time>
      </trkpt>
      <trkpt lat="18.801431" lon="98.967854">
        <ele>321.939536</ele>
        <time>2025-11-26T10:16:57.025000Z</time>
      </trkpt>
      <trkpt lat="18.801366" lon="98.967976">
        <ele>321.882644</ele>
        <time>2025-11-26T10:16:59.602000Z</time>
      </trkpt>
      <trkpt lat="18.801343" lon="98.968019">
        <ele>321.874069</ele>
        <time>2025-11-26T10:17:00.516000Z</time>
      </trkpt>
      <trkpt lat="18.801301" lon="98.968097">
        <ele>321.858491</ele>
        <time>2025-11-26T10:17:02.194000Z</time>
      </trkpt>
      <trkpt lat="18.800692" lon="98.969225">
        <ele>321.63305</ele>
        <time>2025-11-26T10:17:30.561000Z</time>
      </trkpt>
      <trkpt lat="18.800477" lon="98.969624">
        <ele>321.554393</ele>
        <time>2025-11-26T10:17:38.945000Z</time>
      </trkpt>
      <trkpt lat="18.800456" lon="98.969663">
        <ele>321.547652</ele>
        <time>2025-11-26T10:17:39.810000Z</time>
      </trkpt>
      <trkpt lat="18.800302" lon="98.969949">
        <ele>321.498214</ele>
        <time>2025-11-26T10:17:46.449000Z</time>
      </trkpt>
      <trkpt lat="18.800254" lon="98.970038">
        <ele>321.482823</ele>
        <time>2025-11-26T10:17:48.646000Z</time>
      </trkpt>
      <trkpt lat="18.800098" lon="98.970328">
        <ele>321.432706</ele>
        <time>2025-11-26T10:17:55.825000Z</time>
      </trkpt>
      <trkpt lat="18.799984" lon="98.97054">
        <ele>321.396071</ele>
        <time>2025-11-26T10:18:01.227000Z</time>
      </trkpt>
      <trkpt lat="18.799683" lon="98.971098">
        <ele>321.299573</ele>
        <time>2025-11-26T10:18:14.094000Z</time>
      </trkpt>
      <trkpt lat="18.799537" lon="98.971366">
        <ele>321.225587</ele>
        <time>2025-11-26T10:18:20.352000Z</time>
      </trkpt>
      <trkpt lat="18.799436" lon="98.971559">
        <ele>321.151999</ele>
        <time>2025-11-26T10:18:25.369000Z</time>
      </trkpt>
      <trkpt lat="18.799204" lon="98.971998">
        <ele>320.984227</ele>
        <time>2025-11-26T10:18:35.365000Z</time>
      </trkpt>
      <trkpt lat="18.798732" lon="98.972889">
        <ele>320.64352</ele>
        <time>2025-11-26T10:18:55.362000Z</time>
      </trkpt>
      <trkpt lat="18.798624" lon="98.973091">
        <ele>320.609466</ele>
        <time>2025-11-26T10:18:59.602000Z</time>
      </trkpt>
      <trkpt lat="18.79854" lon="98.973248">
        <ele>320.583832</ele>
        <time>2025-11-26T10:19:02.993000Z</time>
      </trkpt>
      <trkpt lat="18.798403" lon="98.973512">
        <ele>320.541037</ele>
        <time>2025-11-26T10:19:09.074000Z</time>
      </trkpt>
      <trkpt lat="18.798253" lon="98.973796">
        <ele>320.494809</ele>
        <time>2025-11-26T10:19:16.369000Z</time>
      </trkpt>
      <trkpt lat="18.798194" lon="98.973908">
        <ele>320.47659</ele>
        <time>2025-11-26T10:19:19.438000Z</time>
      </trkpt>
      <trkpt lat="18.799161" lon="98.974405">
        <ele>320.084434</ele>
        <time>2025-11-26T10:19:43.071000Z</time>
      </trkpt>
      <trkpt lat="18.798886" lon="98.974995">
        <ele>319.60896</ele>
        <time>2025-11-26T10:19:55.506000Z</time>
      </trkpt>
      <trkpt lat="18.799363" lon="98.975229">
        <ele>319.207286</ele>
        <time>2025-11-26T10:20:05.149000Z</time>
      </trkpt>
      <trkpt lat="18.800426" lon="98.975553">
        <ele>318.558544</ele>
        <time>2025-11-26T10:20:26.915000Z</time>
      </trkpt>
      <trkpt lat="18.800733" lon="98.975643">
        <ele>318.390345</ele>
        <time>2025-11-26T10:20:33.667000Z</time>
      </trkpt>
      <trkpt lat="18.800784" lon="98.975662">
        <ele>318.361795</ele>
        <time>2025-11-26T10:20:34.813000Z</time>
      </trkpt>
      <trkpt lat="18.801134" lon="98.975773">
        <ele>318.168874</ele>
        <time>2025-11-26T10:20:42.525000Z</time>
      </trkpt>
      <trkpt lat="18.801538" lon="98.975911">
        <ele>318.084355</ele>
        <time>2025-11-26T10:20:51.971000Z</time>
      </trkpt>
      <trkpt lat="18.801672" lon="98.975957">
        <ele>318.110235</ele>
        <time>2025-11-26T10:20:55.260000Z</time>
      </trkpt>
      <trkpt lat="18.802232" lon="98.976005">
        <ele>318.213435</ele>
        <time>2025-11-26T10:21:08.018000Z</time>
      </trkpt>
      <trkpt lat="18.802341" lon="98.975179">
        <ele>318.358449</ele>
        <time>2025-11-26T10:21:25.939000Z</time>
      </trkpt>
      <trkpt lat="18.802873" lon="98.975249">
        <ele>318.540772</ele>
        <time>2025-11-26T10:21:39.393000Z</time>
      </trkpt>
      <trkpt lat="18.80339" lon="98.975335">
        <ele>318.73994</ele>
        <time>2025-11-26T10:21:52.250000Z</time>
      </trkpt>
      <trkpt lat="18.803524" lon="98.974255">
        <ele>319.086353</ele>
        <time>2025-11-26T10:22:15.876000Z</time>
      </trkpt>
      <trkpt lat="18.804001" lon="98.974344">
        <ele>319.14816</ele>
        <time>2025-11-26T10:22:27.080000Z</time>
      </trkpt>
      <trkpt lat="18.804484" lon="98.974434">
        <ele>319.210742</ele>
        <time>2025-11-26T10:22:37.927000Z</time>
      </trkpt>
      <trkpt lat="18.805049" lon="98.97454">
        <ele>319.283964</ele>
        <time>2025-11-26T10:22:51.118000Z</time>
      </trkpt>
      <trkpt lat="18.805548" lon="98.974633">
        <ele>319.292668</ele>
        <time>2025-11-26T10:23:02.784000Z</time>
      </trkpt>
      <trkpt lat="18.805597" lon="98.974216">
        <ele>319.292668</ele>
        <time>2025-11-26T10:23:11.237000Z</time>
      </trkpt>
      <trkpt lat="18.805603" lon="98.974168">
        <ele>319.292668</ele>
        <time>2025-11-26T10:23:12.242000Z</time>
      </trkpt>
      <trkpt lat="18.805943" lon="98.974285">
        <ele>319.292668</ele>
        <time>2025-11-26T10:23:22.413000Z</time>
      </trkpt>
      <trkpt lat="18.805977" lon="98.974248">
        <ele>319.292668</ele>
        <time>2025-11-26T10:23:23.820000Z</time>
      </trkpt>
    </trkseg>
  </trk>
</gpx>