<?xml version="1.0" encoding="UTF-8"?>
<gpx xmlns="http://www.topografix.com/GPX/1/1" xmlns:route="http://gpx-routes.example.com/1.0" xmlns:xsi="http://www.w3.org/2001/XMLSchema-instance" xsi:schemaLocation="http://www.topografix.com/GPX/1/1 http://www.topografix.com/GPX/1/1/gpx.xsd" version="1.1" creator="StravaGPX">
  <metadata>
    <name>Ob Khan</name>
    <desc>Distance: 67.3 km | Elevation: +811m / -812m</desc>
    <author>
      <name>Vladimir Sumarokov 🇰🇿🇷🇺🇹🇭</name>
      <link href="https://www.strava.com/athletes/16069938">
      </link>
    </author>
    <copyright author="OpenStreetMap contributors">
      <year>2020</year>
      <license>https://www.openstreetmap.org/copyright</license>
    </copyright>
    <link href="https://www.strava.com/routes/3440909844848258984">
    </link>
    <extensions>
      <route:distance>67.3</route:distance>
      <route:elevation>811</route:elevation>
    </extensions>
  </metadata>
  <trk>
    <name>Ob Khan</name>
    <desc>#cnx</desc>
    <link href="https://www.strava.com/routes/3440909844848258984">
    </link>
    <type>cycling</type>
    <trkseg>
      <trkpt lat="18.805760000000003" lon="98.9728">
        <ele>320.01</ele>
      </trkpt>
      <trkpt lat="18.80586000191756" lon="98.97195000055994">
        <ele>320.48</ele>
      </trkpt>
      <trkpt lat="18.805960000000002" lon="98.9711">
        <ele>321.29</ele>
      </trkpt>
      <trkpt lat="18.80599" lon="98.97103000000001">
        <ele>321.29</ele>
      </trkpt>
      <trkpt lat="18.805485000472956" lon="98.97059499866772">
        <ele>321.52000000000004</ele>
      </trkpt>
      <trkpt lat="18.80498" lon="98.97016">
        <ele>321.96000000000004</ele>
      </trkpt>
      <trkpt lat="18.8047" lon="98.96994000000001">
        <ele>322.12</ele>
      </trkpt>
      <trkpt lat="18.8042" lon="98.96960000000001">
        <ele>322.44</ele>
      </trkpt>
      <trkpt lat="18.80377000007083" lon="98.96933499925123">
        <ele>322.64000000000004</ele>
      </trkpt>
      <trkpt lat="18.803340000000002" lon="98.96907">
        <ele>322.65999999999997</ele>
      </trkpt>
      <trkpt lat="18.80319" lon="98.96886">
        <ele>322.61</ele>
      </trkpt>
      <trkpt lat="18.8027" lon="98.96860000000001">
        <ele>322.65999999999997</ele>
      </trkpt>
      <trkpt lat="18.80203000038844" lon="98.96828499880431">
        <ele>322.44</ele>
      </trkpt>
      <trkpt lat="18.801360000000003" lon="98.96797000000001">
        <ele>322.81000000000006</ele>
      </trkpt>
      <trkpt lat="18.800590000000003" lon="98.96759">
        <ele>323.21000000000004</ele>
      </trkpt>
      <trkpt lat="18.79983666707133" lon="98.96731666422235">
        <ele>323.07</ele>
      </trkpt>
      <trkpt lat="18.799083333744843" lon="98.96704333089154">
        <ele>323.02000000000004</ele>
      </trkpt>
      <trkpt lat="18.79833" lon="98.96677000000001">
        <ele>322.82000000000005</ele>
      </trkpt>
      <trkpt lat="18.797578000865894" lon="98.9664819948471">
        <ele>322.87000000000006</ele>
      </trkpt>
      <trkpt lat="18.796826001290192" lon="98.96619399226745">
        <ele>322.94</ele>
      </trkpt>
      <trkpt lat="18.796074001272906" lon="98.96590599226099">
        <ele>323.01</ele>
      </trkpt>
      <trkpt lat="18.79532200081407" lon="98.96561799482753">
        <ele>323.18</ele>
      </trkpt>
      <trkpt lat="18.79457" lon="98.96533000000001">
        <ele>323.24</ele>
      </trkpt>
      <trkpt lat="18.79471500147194" lon="98.96459000056367">
        <ele>323.91</ele>
      </trkpt>
      <trkpt lat="18.79486" lon="98.96385000000001">
        <ele>324.46000000000004</ele>
      </trkpt>
      <trkpt lat="18.795005001162355" lon="98.96319000055509">
        <ele>325.35</ele>
      </trkpt>
      <trkpt lat="18.795150000000003" lon="98.96253">
        <ele>326.54</ele>
      </trkpt>
      <trkpt lat="18.79511" lon="98.9624">
        <ele>326.72</ele>
      </trkpt>
      <trkpt lat="18.795070000000003" lon="98.96233000000001">
        <ele>326.72</ele>
      </trkpt>
      <trkpt lat="18.795" lon="98.96228">
        <ele>326.78000000000003</ele>
      </trkpt>
      <trkpt lat="18.794272500548615" lon="98.96201999663282">
        <ele>326.45</ele>
      </trkpt>
      <trkpt lat="18.793545000737378" lon="98.96175999551261">
        <ele>326.61</ele>
      </trkpt>
      <trkpt lat="18.792817500566308" lon="98.96149999663925">
        <ele>326.6</ele>
      </trkpt>
      <trkpt lat="18.79209" lon="98.96124">
        <ele>326.28000000000003</ele>
      </trkpt>
      <trkpt lat="18.791423333639084" lon="98.96098999801039">
        <ele>325.53000000000003</ele>
      </trkpt>
      <trkpt lat="18.790756666945505" lon="98.96073999800034">
        <ele>325.33</ele>
      </trkpt>
      <trkpt lat="18.790090000000003" lon="98.96049000000001">
        <ele>325.77</ele>
      </trkpt>
      <trkpt lat="18.78946000012333" lon="98.96026999917508">
        <ele>325.95</ele>
      </trkpt>
      <trkpt lat="18.78883" lon="98.96005000000001">
        <ele>325.93000000000006</ele>
      </trkpt>
      <trkpt lat="18.78821500002689" lon="98.95984499922312">
        <ele>325.90000000000003</ele>
      </trkpt>
      <trkpt lat="18.7876" lon="98.95964000000001">
        <ele>325.88</ele>
      </trkpt>
      <trkpt lat="18.78703000026778" lon="98.95942999859086">
        <ele>325.87000000000006</ele>
      </trkpt>
      <trkpt lat="18.78646000030088" lon="98.95921999860307">
        <ele>325.91</ele>
      </trkpt>
      <trkpt lat="18.785890000000002" lon="98.95901">
        <ele>325.90000000000003</ele>
      </trkpt>
      <trkpt lat="18.785090000149243" lon="98.95872999864946">
        <ele>325.79</ele>
      </trkpt>
      <trkpt lat="18.784290000000002" lon="98.95845000000001">
        <ele>325.68</ele>
      </trkpt>
      <trkpt lat="18.78407" lon="98.95842">
        <ele>325.71</ele>
      </trkpt>
      <trkpt lat="18.783540000000002" lon="98.95841000000001">
        <ele>325.68</ele>
      </trkpt>
      <trkpt lat="18.782664999955017" lon="98.95839499992132">
        <ele>325.91</ele>
      </trkpt>
      <trkpt lat="18.78179" lon="98.95838">
        <ele>326.05</ele>
      </trkpt>
      <trkpt lat="18.78093999993825" lon="98.95838500002559">
        <ele>326.01</ele>
      </trkpt>
      <trkpt lat="18.78009" lon="98.95839000000001">
        <ele>326.07</ele>
      </trkpt>
      <trkpt lat="18.77956" lon="98.95834">
        <ele>326.27</ele>
      </trkpt>
      <trkpt lat="18.77934" lon="98.95826000000001">
        <ele>326.34000000000003</ele>
      </trkpt>
      <trkpt lat="18.77896" lon="98.95809000000001">
        <ele>326.39</ele>
      </trkpt>
      <trkpt lat="18.778650000000003" lon="98.95782000000001">
        <ele>326.5</ele>
      </trkpt>
      <trkpt lat="18.77843" lon="98.95754000000001">
        <ele>326.49</ele>
      </trkpt>
      <trkpt lat="18.77832" lon="98.95734">
        <ele>326.49</ele>
      </trkpt>
      <trkpt lat="18.77814" lon="98.95687000000001">
        <ele>326.41</ele>
      </trkpt>
      <trkpt lat="18.777943336920465" lon="98.95604999812988">
        <ele>326.44</ele>
      </trkpt>
      <trkpt lat="18.777746670264293" lon="98.9552299981737">
        <ele>326.84000000000003</ele>
      </trkpt>
      <trkpt lat="18.77755" lon="98.95441000000001">
        <ele>326.38</ele>
      </trkpt>
      <trkpt lat="18.777430000000003" lon="98.95413">
        <ele>326.24</ele>
      </trkpt>
      <trkpt lat="18.77727" lon="98.95386">
        <ele>326.38</ele>
      </trkpt>
      <trkpt lat="18.7771" lon="98.95367">
        <ele>326.40000000000003</ele>
      </trkpt>
      <trkpt lat="18.776940000000003" lon="98.95352000000001">
        <ele>326.48</ele>
      </trkpt>
      <trkpt lat="18.776480000000003" lon="98.95320000000001">
        <ele>326.75000000000006</ele>
      </trkpt>
      <trkpt lat="18.775940000657858" lon="98.95284666439849">
        <ele>326.72</ele>
      </trkpt>
      <trkpt lat="18.775400000651704" lon="98.95249333106115">
        <ele>325.79</ele>
      </trkpt>
      <trkpt lat="18.77486" lon="98.95214000000001">
        <ele>324.81000000000006</ele>
      </trkpt>
      <trkpt lat="18.7742" lon="98.9518">
        <ele>324.38</ele>
      </trkpt>
      <trkpt lat="18.77393" lon="98.95169000000001">
        <ele>324.29</ele>
      </trkpt>
      <trkpt lat="18.77327000023239" lon="98.95150666524594">
        <ele>324.78000000000003</ele>
      </trkpt>
      <trkpt lat="18.772610000286026" lon="98.95132333192753">
        <ele>324.93000000000006</ele>
      </trkpt>
      <trkpt lat="18.77195" lon="98.95114000000001">
        <ele>324.98</ele>
      </trkpt>
      <trkpt lat="18.771247500355237" lon="98.95093749747666">
        <ele>324.61</ele>
      </trkpt>
      <trkpt lat="18.770545000492415" lon="98.950734996641">
        <ele>324.64000000000004</ele>
      </trkpt>
      <trkpt lat="18.76984250041155" lon="98.95053249749299">
        <ele>324.84000000000003</ele>
      </trkpt>
      <trkpt lat="18.76914" lon="98.95033000000001">
        <ele>325.03000000000003</ele>
      </trkpt>
      <trkpt lat="18.7692" lon="98.9501">
        <ele>324.09999999999997</ele>
      </trkpt>
      <trkpt lat="18.76922" lon="98.94990000000001">
        <ele>324.57</ele>
      </trkpt>
      <trkpt lat="18.76921" lon="98.94974">
        <ele>324.79</ele>
      </trkpt>
      <trkpt lat="18.769170000000003" lon="98.94959000000001">
        <ele>325.43000000000006</ele>
      </trkpt>
      <trkpt lat="18.769060000000003" lon="98.94927000000001">
        <ele>326.08000000000004</ele>
      </trkpt>
      <trkpt lat="18.76904" lon="98.94911">
        <ele>326.20000000000005</ele>
      </trkpt>
      <trkpt lat="18.769070000000003" lon="98.94860000000001">
        <ele>326.8</ele>
      </trkpt>
      <trkpt lat="18.76914500081149" lon="98.9480699997785">
        <ele>327.83</ele>
      </trkpt>
      <trkpt lat="18.76922" lon="98.94754">
        <ele>328.25000000000006</ele>
      </trkpt>
      <trkpt lat="18.76942" lon="98.94719">
        <ele>329.07000000000005</ele>
      </trkpt>
      <trkpt lat="18.76948" lon="98.94703000000001">
        <ele>329.53000000000003</ele>
      </trkpt>
      <trkpt lat="18.769640000000003" lon="98.94624">
        <ele>330.92</ele>
      </trkpt>
      <trkpt lat="18.769650000000002" lon="98.94599000000001">
        <ele>331.25000000000006</ele>
      </trkpt>
      <trkpt lat="18.769620000000003" lon="98.94582000000001">
        <ele>331.71</ele>
      </trkpt>
      <trkpt lat="18.769455000765713" lon="98.94527999944037">
        <ele>332.93</ele>
      </trkpt>
      <trkpt lat="18.76929" lon="98.94474000000001">
        <ele>333.33</ele>
      </trkpt>
      <trkpt lat="18.7691" lon="98.94415000000001">
        <ele>333.43</ele>
      </trkpt>
      <trkpt lat="18.76902" lon="98.94347">
        <ele>333.70000000000005</ele>
      </trkpt>
      <trkpt lat="18.768880000000003" lon="98.94315">
        <ele>334.03000000000003</ele>
      </trkpt>
      <trkpt lat="18.76883" lon="98.94277000000001">
        <ele>334.44</ele>
      </trkpt>
      <trkpt lat="18.768690000000003" lon="98.94201000000001">
        <ele>335.53000000000003</ele>
      </trkpt>
      <trkpt lat="18.76863" lon="98.94178000000001">
        <ele>335.79</ele>
      </trkpt>
      <trkpt lat="18.76856" lon="98.94159">
        <ele>336.3</ele>
      </trkpt>
      <trkpt lat="18.768330000000002" lon="98.94126000000001">
        <ele>337.14000000000004</ele>
      </trkpt>
      <trkpt lat="18.76809" lon="98.941">
        <ele>337.94</ele>
      </trkpt>
      <trkpt lat="18.7676" lon="98.94059000000001">
        <ele>339.86000000000007</ele>
      </trkpt>
      <trkpt lat="18.767290000000003" lon="98.94043">
        <ele>340.2</ele>
      </trkpt>
      <trkpt lat="18.767220000000002" lon="98.94041000000001">
        <ele>340.21</ele>
      </trkpt>
      <trkpt lat="18.76714" lon="98.94041000000001">
        <ele>340.21</ele>
      </trkpt>
      <trkpt lat="18.76696" lon="98.94061">
        <ele>339.57000000000005</ele>
      </trkpt>
      <trkpt lat="18.76688" lon="98.94066000000001">
        <ele>339.51000000000005</ele>
      </trkpt>
      <trkpt lat="18.76669" lon="98.9407">
        <ele>339.65</ele>
      </trkpt>
      <trkpt lat="18.766530000000003" lon="98.9406">
        <ele>339.59</ele>
      </trkpt>
      <trkpt lat="18.7665" lon="98.94051">
        <ele>338.91</ele>
      </trkpt>
      <trkpt lat="18.76624" lon="98.94017000000001">
        <ele>336.62</ele>
      </trkpt>
      <trkpt lat="18.76576" lon="98.93966">
        <ele>339.54</ele>
      </trkpt>
      <trkpt lat="18.765700000000002" lon="98.93957">
        <ele>339.27</ele>
      </trkpt>
      <trkpt lat="18.765690000000003" lon="98.93948">
        <ele>338.99</ele>
      </trkpt>
      <trkpt lat="18.76572" lon="98.93887000000001">
        <ele>334.86</ele>
      </trkpt>
      <trkpt lat="18.765720003662363" lon="98.93803999993362">
        <ele>334.25000000000006</ele>
      </trkpt>
      <trkpt lat="18.765720003662366" lon="98.93720999986722">
        <ele>335.32</ele>
      </trkpt>
      <trkpt lat="18.76572" lon="98.93638000000001">
        <ele>336.70000000000005</ele>
      </trkpt>
      <trkpt lat="18.765700000000002" lon="98.93613">
        <ele>337.20000000000005</ele>
      </trkpt>
      <trkpt lat="18.765456670099322" lon="98.93532666435465">
        <ele>339.16</ele>
      </trkpt>
      <trkpt lat="18.765213336767864" lon="98.93452333102756">
        <ele>342.67</ele>
      </trkpt>
      <trkpt lat="18.76497" lon="98.93372000000001">
        <ele>344.08000000000004</ele>
      </trkpt>
      <trkpt lat="18.76488" lon="98.93328000000001">
        <ele>343.15</ele>
      </trkpt>
      <trkpt lat="18.764855001898788" lon="98.93243499990508">
        <ele>342.73</ele>
      </trkpt>
      <trkpt lat="18.76483" lon="98.93159000000001">
        <ele>343.69000000000005</ele>
      </trkpt>
      <trkpt lat="18.76469" lon="98.93115">
        <ele>344.14</ele>
      </trkpt>
      <trkpt lat="18.76422600463551" lon="98.93048999274312">
        <ele>344.40000000000003</ele>
      </trkpt>
      <trkpt lat="18.763762006955385" lon="98.92982998911789">
        <ele>344.53</ele>
      </trkpt>
      <trkpt lat="18.763298006959698" lon="98.92916998912422">
        <ele>344.63000000000005</ele>
      </trkpt>
      <trkpt lat="18.76283400464852" lon="98.92850999276202">
        <ele>344.26</ele>
      </trkpt>
      <trkpt lat="18.76237" lon="98.92785">
        <ele>343.48</ele>
      </trkpt>
      <trkpt lat="18.762120000000003" lon="98.92741000000001">
        <ele>343.31</ele>
      </trkpt>
      <trkpt lat="18.762230000000002" lon="98.927">
        <ele>344.06</ele>
      </trkpt>
      <trkpt lat="18.762210000000003" lon="98.92683000000001">
        <ele>344.06</ele>
      </trkpt>
      <trkpt lat="18.762150000000002" lon="98.92665000000001">
        <ele>344.52000000000004</ele>
      </trkpt>
      <trkpt lat="18.761665001312608" lon="98.92594499796078">
        <ele>347.46999999999997</ele>
      </trkpt>
      <trkpt lat="18.761180000000003" lon="98.92524">
        <ele>346.98</ele>
      </trkpt>
      <trkpt lat="18.76107" lon="98.92500000000001">
        <ele>345.06</ele>
      </trkpt>
      <trkpt lat="18.76103" lon="98.92474000000001">
        <ele>343.94</ele>
      </trkpt>
      <trkpt lat="18.76103" lon="98.9239">
        <ele>343.25000000000006</ele>
      </trkpt>
      <trkpt lat="18.761010000000002" lon="98.92375000000001">
        <ele>343.25000000000006</ele>
      </trkpt>
      <trkpt lat="18.76097" lon="98.92360000000001">
        <ele>343.38</ele>
      </trkpt>
      <trkpt lat="18.760820000000002" lon="98.92323">
        <ele>343.44</ele>
      </trkpt>
      <trkpt lat="18.760710000000003" lon="98.92281000000001">
        <ele>343.35</ele>
      </trkpt>
      <trkpt lat="18.760630000000003" lon="98.92239000000001">
        <ele>343.15</ele>
      </trkpt>
      <trkpt lat="18.760630000000003" lon="98.92195000000001">
        <ele>342.68</ele>
      </trkpt>
      <trkpt lat="18.76066" lon="98.92171">
        <ele>342.59</ele>
      </trkpt>
      <trkpt lat="18.76078" lon="98.92121">
        <ele>342.7</ele>
      </trkpt>
      <trkpt lat="18.76086" lon="98.92105000000001">
        <ele>342.93</ele>
      </trkpt>
      <trkpt lat="18.761120000000002" lon="98.92061000000001">
        <ele>343.44</ele>
      </trkpt>
      <trkpt lat="18.76123" lon="98.92049000000002">
        <ele>343.89000000000004</ele>
      </trkpt>
      <trkpt lat="18.76143" lon="98.92032">
        <ele>345.33000000000004</ele>
      </trkpt>
      <trkpt lat="18.76173" lon="98.92019">
        <ele>348.1</ele>
      </trkpt>
      <trkpt lat="18.762220000000003" lon="98.92007000000001">
        <ele>350.19</ele>
      </trkpt>
      <trkpt lat="18.76253" lon="98.91995000000001">
        <ele>350.04</ele>
      </trkpt>
      <trkpt lat="18.762600000000003" lon="98.91989000000001">
        <ele>349.76</ele>
      </trkpt>
      <trkpt lat="18.762700000000002" lon="98.91974">
        <ele>348.77000000000004</ele>
      </trkpt>
      <trkpt lat="18.76275" lon="98.91951">
        <ele>348.46000000000004</ele>
      </trkpt>
      <trkpt lat="18.76275" lon="98.91883000000001">
        <ele>347.53</ele>
      </trkpt>
      <trkpt lat="18.762710000000002" lon="98.91849">
        <ele>347.55</ele>
      </trkpt>
      <trkpt lat="18.76263" lon="98.91824000000001">
        <ele>347.85</ele>
      </trkpt>
      <trkpt lat="18.762510000000002" lon="98.91801000000001">
        <ele>347.84000000000003</ele>
      </trkpt>
      <trkpt lat="18.76245" lon="98.91783000000001">
        <ele>347.63000000000005</ele>
      </trkpt>
      <trkpt lat="18.762330000738906" lon="98.91730499965436">
        <ele>346.13000000000005</ele>
      </trkpt>
      <trkpt lat="18.762210000000003" lon="98.91678">
        <ele>343.11</ele>
      </trkpt>
      <trkpt lat="18.76191" lon="98.91604000000001">
        <ele>342.06</ele>
      </trkpt>
      <trkpt lat="18.76178" lon="98.91583000000001">
        <ele>342.35</ele>
      </trkpt>
      <trkpt lat="18.76133" lon="98.91532000000001">
        <ele>344.80000000000007</ele>
      </trkpt>
      <trkpt lat="18.76126" lon="98.91521">
        <ele>345.18</ele>
      </trkpt>
      <trkpt lat="18.76114" lon="98.91498000000001">
        <ele>345.64</ele>
      </trkpt>
      <trkpt lat="18.76105" lon="98.91462000000001">
        <ele>344.87</ele>
      </trkpt>
      <trkpt lat="18.761000000000003" lon="98.91454">
        <ele>344.53</ele>
      </trkpt>
      <trkpt lat="18.760820000000002" lon="98.91435000000001">
        <ele>344.2</ele>
      </trkpt>
      <trkpt lat="18.76061" lon="98.91420000000001">
        <ele>344.02000000000004</ele>
      </trkpt>
      <trkpt lat="18.76009" lon="98.91394000000001">
        <ele>344.51000000000005</ele>
      </trkpt>
      <trkpt lat="18.76" lon="98.91384000000001">
        <ele>345.44</ele>
      </trkpt>
      <trkpt lat="18.75991" lon="98.91366000000001">
        <ele>347.31</ele>
      </trkpt>
      <trkpt lat="18.759870000000003" lon="98.91323000000001">
        <ele>348.91</ele>
      </trkpt>
      <trkpt lat="18.75974" lon="98.91287000000001">
        <ele>349.6</ele>
      </trkpt>
      <trkpt lat="18.759590000000003" lon="98.91234000000001">
        <ele>349.49</ele>
      </trkpt>
      <trkpt lat="18.759510000000002" lon="98.91220000000001">
        <ele>349.11</ele>
      </trkpt>
      <trkpt lat="18.75925" lon="98.91189000000001">
        <ele>347.51000000000005</ele>
      </trkpt>
      <trkpt lat="18.75881" lon="98.91130000000001">
        <ele>346.82</ele>
      </trkpt>
      <trkpt lat="18.75863" lon="98.91119">
        <ele>346.59</ele>
      </trkpt>
      <trkpt lat="18.758300000000002" lon="98.91104000000001">
        <ele>346.72</ele>
      </trkpt>
      <trkpt lat="18.75807" lon="98.91089000000001">
        <ele>347.23</ele>
      </trkpt>
      <trkpt lat="18.75794" lon="98.91079">
        <ele>347.52000000000004</ele>
      </trkpt>
      <trkpt lat="18.75776" lon="98.91056">
        <ele>350.27000000000004</ele>
      </trkpt>
      <trkpt lat="18.7577" lon="98.91041000000001">
        <ele>351.08</ele>
      </trkpt>
      <trkpt lat="18.75766" lon="98.91006">
        <ele>351.86</ele>
      </trkpt>
      <trkpt lat="18.75766" lon="98.90942000000001">
        <ele>352.03000000000003</ele>
      </trkpt>
      <trkpt lat="18.7577" lon="98.90884000000001">
        <ele>352.2</ele>
      </trkpt>
      <trkpt lat="18.75751" lon="98.90815">
        <ele>353.22</ele>
      </trkpt>
      <trkpt lat="18.75748" lon="98.90792">
        <ele>354.03000000000003</ele>
      </trkpt>
      <trkpt lat="18.757350000000002" lon="98.90740000000001">
        <ele>355.15000000000003</ele>
      </trkpt>
      <trkpt lat="18.75723" lon="98.90713000000001">
        <ele>355.18000000000006</ele>
      </trkpt>
      <trkpt lat="18.75711" lon="98.90695000000001">
        <ele>355.19</ele>
      </trkpt>
      <trkpt lat="18.756970000000003" lon="98.90678000000001">
        <ele>355.36</ele>
      </trkpt>
      <trkpt lat="18.75674" lon="98.90660000000001">
        <ele>356.08</ele>
      </trkpt>
      <trkpt lat="18.756510000000002" lon="98.90645">
        <ele>356.93</ele>
      </trkpt>
      <trkpt lat="18.75637" lon="98.90629000000001">
        <ele>358.15000000000003</ele>
      </trkpt>
      <trkpt lat="18.75617" lon="98.90582">
        <ele>360.05</ele>
      </trkpt>
      <trkpt lat="18.75591" lon="98.90549000000001">
        <ele>360.49</ele>
      </trkpt>
      <trkpt lat="18.75582" lon="98.90522000000001">
        <ele>360.28000000000003</ele>
      </trkpt>
      <trkpt lat="18.75578" lon="98.90502000000001">
        <ele>360.23</ele>
      </trkpt>
      <trkpt lat="18.75578" lon="98.90445000000001">
        <ele>360.05</ele>
      </trkpt>
      <trkpt lat="18.755760000000002" lon="98.90429">
        <ele>360.25</ele>
      </trkpt>
      <trkpt lat="18.75569" lon="98.90407">
        <ele>360.89000000000004</ele>
      </trkpt>
      <trkpt lat="18.7556" lon="98.90387000000001">
        <ele>361.12000000000006</ele>
      </trkpt>
      <trkpt lat="18.755480000000002" lon="98.90367">
        <ele>362.16</ele>
      </trkpt>
      <trkpt lat="18.75533" lon="98.90346000000001">
        <ele>363.54</ele>
      </trkpt>
      <trkpt lat="18.755190000000002" lon="98.90313">
        <ele>365.42</ele>
      </trkpt>
      <trkpt lat="18.75506" lon="98.90265000000001">
        <ele>366.95000000000005</ele>
      </trkpt>
      <trkpt lat="18.754990000000003" lon="98.90248000000001">
        <ele>367.02</ele>
      </trkpt>
      <trkpt lat="18.75473000074067" lon="98.90196999931158">
        <ele>366.58</ele>
      </trkpt>
      <trkpt lat="18.75447" lon="98.90146000000001">
        <ele>366.50000000000006</ele>
      </trkpt>
      <trkpt lat="18.75401500100736" lon="98.90084499834519">
        <ele>367.50000000000006</ele>
      </trkpt>
      <trkpt lat="18.75356" lon="98.90023000000001">
        <ele>371.4</ele>
      </trkpt>
      <trkpt lat="18.75343" lon="98.89999">
        <ele>373.36</ele>
      </trkpt>
      <trkpt lat="18.753210000000003" lon="98.89939000000001">
        <ele>379.39</ele>
      </trkpt>
      <trkpt lat="18.753140000000002" lon="98.89914">
        <ele>382.29</ele>
      </trkpt>
      <trkpt lat="18.7531" lon="98.89872000000001">
        <ele>390.99000000000007</ele>
      </trkpt>
      <trkpt lat="18.75305" lon="98.89857">
        <ele>392.22</ele>
      </trkpt>
      <trkpt lat="18.75298" lon="98.89851">
        <ele>392.81000000000006</ele>
      </trkpt>
      <trkpt lat="18.752740000000003" lon="98.89841000000001">
        <ele>396.21</ele>
      </trkpt>
      <trkpt lat="18.752260000000003" lon="98.89829">
        <ele>402.90000000000003</ele>
      </trkpt>
      <trkpt lat="18.75193" lon="98.89803">
        <ele>407.56</ele>
      </trkpt>
      <trkpt lat="18.751640000000002" lon="98.89769000000001">
        <ele>410.80000000000007</ele>
      </trkpt>
      <trkpt lat="18.751520000000003" lon="98.89744">
        <ele>412.83000000000004</ele>
      </trkpt>
      <trkpt lat="18.751450000000002" lon="98.89678">
        <ele>419.05</ele>
      </trkpt>
      <trkpt lat="18.75138" lon="98.89644000000001">
        <ele>421.46000000000004</ele>
      </trkpt>
      <trkpt lat="18.75131" lon="98.89628">
        <ele>422.62000000000006</ele>
      </trkpt>
      <trkpt lat="18.751250000000002" lon="98.89617000000001">
        <ele>422.81</ele>
      </trkpt>
      <trkpt lat="18.75108" lon="98.89599000000001">
        <ele>422.31</ele>
      </trkpt>
      <trkpt lat="18.750880000000002" lon="98.8956">
        <ele>422.07000000000005</ele>
      </trkpt>
      <trkpt lat="18.750760000000003" lon="98.89529">
        <ele>422.04</ele>
      </trkpt>
      <trkpt lat="18.75072" lon="98.89510000000001">
        <ele>420.6</ele>
      </trkpt>
      <trkpt lat="18.75073" lon="98.89482000000001">
        <ele>420.16</ele>
      </trkpt>
      <trkpt lat="18.75082" lon="98.89453">
        <ele>418.17</ele>
      </trkpt>
      <trkpt lat="18.75083" lon="98.89443000000001">
        <ele>417.33000000000004</ele>
      </trkpt>
      <trkpt lat="18.75071" lon="98.89409">
        <ele>413.58000000000004</ele>
      </trkpt>
      <trkpt lat="18.750420000000002" lon="98.89351">
        <ele>410.78000000000003</ele>
      </trkpt>
      <trkpt lat="18.750420000000002" lon="98.89345">
        <ele>409.44</ele>
      </trkpt>
      <trkpt lat="18.75054" lon="98.89312000000001">
        <ele>406.46000000000004</ele>
      </trkpt>
      <trkpt lat="18.750510000000002" lon="98.89294000000001">
        <ele>403.28000000000003</ele>
      </trkpt>
      <trkpt lat="18.75017" lon="98.89246000000001">
        <ele>398.3</ele>
      </trkpt>
      <trkpt lat="18.75009" lon="98.8923">
        <ele>395.40000000000003</ele>
      </trkpt>
      <trkpt lat="18.75005" lon="98.89213000000001">
        <ele>395.40000000000003</ele>
      </trkpt>
      <trkpt lat="18.75005" lon="98.89215000000002">
        <ele>395.40000000000003</ele>
      </trkpt>
      <trkpt lat="18.7501" lon="98.89195000000001">
        <ele>393.14000000000004</ele>
      </trkpt>
      <trkpt lat="18.750420000000002" lon="98.89153">
        <ele>388.63</ele>
      </trkpt>
      <trkpt lat="18.750590000000003" lon="98.89127">
        <ele>386.38000000000005</ele>
      </trkpt>
      <trkpt lat="18.75083" lon="98.89104">
        <ele>385.12</ele>
      </trkpt>
      <trkpt lat="18.751070000000002" lon="98.89098000000001">
        <ele>384.06</ele>
      </trkpt>
      <trkpt lat="18.75129" lon="98.89102000000001">
        <ele>383.04</ele>
      </trkpt>
      <trkpt lat="18.75155" lon="98.89131">
        <ele>381.91</ele>
      </trkpt>
      <trkpt lat="18.751720000000002" lon="98.89154">
        <ele>381.06</ele>
      </trkpt>
      <trkpt lat="18.751820000000002" lon="98.89164000000001">
        <ele>380.11</ele>
      </trkpt>
      <trkpt lat="18.752000000000002" lon="98.89170000000001">
        <ele>378.46000000000004</ele>
      </trkpt>
      <trkpt lat="18.752080000000003" lon="98.89169000000001">
        <ele>378.46000000000004</ele>
      </trkpt>
      <trkpt lat="18.752080000000003" lon="98.89165000000001">
        <ele>378.46000000000004</ele>
      </trkpt>
      <trkpt lat="18.75195" lon="98.89136">
        <ele>374.98</ele>
      </trkpt>
      <trkpt lat="18.75185" lon="98.89099">
        <ele>370.11000000000007</ele>
      </trkpt>
      <trkpt lat="18.751790000000003" lon="98.89068">
        <ele>368.65000000000003</ele>
      </trkpt>
      <trkpt lat="18.751790000000003" lon="98.89053000000001">
        <ele>367.65000000000003</ele>
      </trkpt>
      <trkpt lat="18.751820000000002" lon="98.89041">
        <ele>367.22</ele>
      </trkpt>
      <trkpt lat="18.752000000000002" lon="98.89012000000001">
        <ele>365.89000000000004</ele>
      </trkpt>
      <trkpt lat="18.752280000000003" lon="98.88951">
        <ele>363.26000000000005</ele>
      </trkpt>
      <trkpt lat="18.75232" lon="98.88937000000001">
        <ele>362.22</ele>
      </trkpt>
      <trkpt lat="18.75231" lon="98.88918000000001">
        <ele>361.53000000000003</ele>
      </trkpt>
      <trkpt lat="18.752260000000003" lon="98.88903">
        <ele>360.87</ele>
      </trkpt>
      <trkpt lat="18.7523" lon="98.88896000000001">
        <ele>360.74</ele>
      </trkpt>
      <trkpt lat="18.752360000000003" lon="98.88867">
        <ele>360.37</ele>
      </trkpt>
      <trkpt lat="18.75243" lon="98.88854">
        <ele>360.29</ele>
      </trkpt>
      <trkpt lat="18.752570000000002" lon="98.88834000000001">
        <ele>360.35</ele>
      </trkpt>
      <trkpt lat="18.75269" lon="98.88826">
        <ele>360.50000000000006</ele>
      </trkpt>
      <trkpt lat="18.753110000000003" lon="98.88809">
        <ele>361.43</ele>
      </trkpt>
      <trkpt lat="18.75334" lon="98.88795">
        <ele>362.04</ele>
      </trkpt>
      <trkpt lat="18.75382500079119" lon="98.88742000147415">
        <ele>364.40000000000003</ele>
      </trkpt>
      <trkpt lat="18.75431" lon="98.88689000000001">
        <ele>364.87</ele>
      </trkpt>
      <trkpt lat="18.754640000000002" lon="98.88656">
        <ele>364.91</ele>
      </trkpt>
      <trkpt lat="18.755020000309266" lon="98.8862700005876">
        <ele>366.04</ele>
      </trkpt>
      <trkpt lat="18.7554" lon="98.88598">
        <ele>368.27000000000004</ele>
      </trkpt>
      <trkpt lat="18.75572" lon="98.88572">
        <ele>370.88000000000005</ele>
      </trkpt>
      <trkpt lat="18.7559" lon="98.88554">
        <ele>373.45</ele>
      </trkpt>
      <trkpt lat="18.75599" lon="98.88543000000001">
        <ele>373.98</ele>
      </trkpt>
      <trkpt lat="18.75601" lon="98.88537000000001">
        <ele>374.19</ele>
      </trkpt>
      <trkpt lat="18.756030000000003" lon="98.88529000000001">
        <ele>374.51</ele>
      </trkpt>
      <trkpt lat="18.756030000000003" lon="98.88519000000001">
        <ele>374.55000000000007</ele>
      </trkpt>
      <trkpt lat="18.755920000000003" lon="98.88504">
        <ele>374.49</ele>
      </trkpt>
      <trkpt lat="18.75582" lon="98.88498000000001">
        <ele>374.25</ele>
      </trkpt>
      <trkpt lat="18.755660000000002" lon="98.88493000000001">
        <ele>373.83000000000004</ele>
      </trkpt>
      <trkpt lat="18.75514" lon="98.88484000000001">
        <ele>371.82000000000005</ele>
      </trkpt>
      <trkpt lat="18.754430000000003" lon="98.88485000000001">
        <ele>369.56000000000006</ele>
      </trkpt>
      <trkpt lat="18.75431" lon="98.88482">
        <ele>369.42</ele>
      </trkpt>
      <trkpt lat="18.75383" lon="98.88463">
        <ele>369.25</ele>
      </trkpt>
      <trkpt lat="18.75346" lon="98.88438000000001">
        <ele>370.6</ele>
      </trkpt>
      <trkpt lat="18.753300000000003" lon="98.88424">
        <ele>371.45000000000005</ele>
      </trkpt>
      <trkpt lat="18.75315" lon="98.88400000000001">
        <ele>373.53000000000003</ele>
      </trkpt>
      <trkpt lat="18.75299" lon="98.88362000000001">
        <ele>375.83000000000004</ele>
      </trkpt>
      <trkpt lat="18.752940000000002" lon="98.88341000000001">
        <ele>376.9</ele>
      </trkpt>
      <trkpt lat="18.752940000000002" lon="98.88324000000001">
        <ele>376.9</ele>
      </trkpt>
      <trkpt lat="18.75298" lon="98.88307">
        <ele>378.56</ele>
      </trkpt>
      <trkpt lat="18.753040000000002" lon="98.88296000000001">
        <ele>379.09000000000003</ele>
      </trkpt>
      <trkpt lat="18.753140000000002" lon="98.88286000000001">
        <ele>380.19</ele>
      </trkpt>
      <trkpt lat="18.75328" lon="98.88278000000001">
        <ele>380.55000000000007</ele>
      </trkpt>
      <trkpt lat="18.75345" lon="98.88271">
        <ele>381.18</ele>
      </trkpt>
      <trkpt lat="18.75366" lon="98.88266">
        <ele>381.46000000000004</ele>
      </trkpt>
      <trkpt lat="18.75383" lon="98.88268000000001">
        <ele>381.46000000000004</ele>
      </trkpt>
      <trkpt lat="18.7543" lon="98.88284">
        <ele>380.08000000000004</ele>
      </trkpt>
      <trkpt lat="18.7544" lon="98.88285">
        <ele>379.58000000000004</ele>
      </trkpt>
      <trkpt lat="18.75447" lon="98.88283000000001">
        <ele>379.58000000000004</ele>
      </trkpt>
      <trkpt lat="18.75457" lon="98.88273000000001">
        <ele>377.13</ele>
      </trkpt>
      <trkpt lat="18.75459" lon="98.88266">
        <ele>377.13</ele>
      </trkpt>
      <trkpt lat="18.7546" lon="98.88236">
        <ele>376.1</ele>
      </trkpt>
      <trkpt lat="18.754640000000002" lon="98.88225000000001">
        <ele>375.85</ele>
      </trkpt>
      <trkpt lat="18.75475" lon="98.88211000000001">
        <ele>375.49000000000007</ele>
      </trkpt>
      <trkpt lat="18.75493" lon="98.88193000000001">
        <ele>375.25</ele>
      </trkpt>
      <trkpt lat="18.75513" lon="98.88126000000001">
        <ele>375.21000000000004</ele>
      </trkpt>
      <trkpt lat="18.75522" lon="98.8811">
        <ele>375.29</ele>
      </trkpt>
      <trkpt lat="18.755390000000002" lon="98.88095000000001">
        <ele>375.62</ele>
      </trkpt>
      <trkpt lat="18.75553" lon="98.88085000000001">
        <ele>375.73</ele>
      </trkpt>
      <trkpt lat="18.75573" lon="98.88076000000001">
        <ele>375.73</ele>
      </trkpt>
      <trkpt lat="18.755860000000002" lon="98.88073000000001">
        <ele>375.9</ele>
      </trkpt>
      <trkpt lat="18.75598" lon="98.88075">
        <ele>375.9</ele>
      </trkpt>
      <trkpt lat="18.756420000000002" lon="98.88089000000001">
        <ele>374.70000000000005</ele>
      </trkpt>
      <trkpt lat="18.75676" lon="98.88089000000001">
        <ele>373.09000000000003</ele>
      </trkpt>
      <trkpt lat="18.7572" lon="98.88097">
        <ele>369.65000000000003</ele>
      </trkpt>
      <trkpt lat="18.757360000000002" lon="98.88093">
        <ele>367.22</ele>
      </trkpt>
      <trkpt lat="18.757440000000003" lon="98.88088">
        <ele>363.86</ele>
      </trkpt>
      <trkpt lat="18.757740000000002" lon="98.88053000000001">
        <ele>359.99</ele>
      </trkpt>
      <trkpt lat="18.758010000000002" lon="98.88033000000001">
        <ele>358.54</ele>
      </trkpt>
      <trkpt lat="18.758680000000002" lon="98.88003">
        <ele>357.40000000000003</ele>
      </trkpt>
      <trkpt lat="18.75889" lon="98.87989">
        <ele>358.32</ele>
      </trkpt>
      <trkpt lat="18.759" lon="98.87979000000001">
        <ele>358.75</ele>
      </trkpt>
      <trkpt lat="18.759485000828295" lon="98.87922500164768">
        <ele>362.47</ele>
      </trkpt>
      <trkpt lat="18.759970000000003" lon="98.87866000000001">
        <ele>366.14</ele>
      </trkpt>
      <trkpt lat="18.760180000000002" lon="98.87834000000001">
        <ele>368.24</ele>
      </trkpt>
      <trkpt lat="18.76046000088885" lon="98.87776500093346">
        <ele>370.09000000000003</ele>
      </trkpt>
      <trkpt lat="18.760740000000002" lon="98.87719000000001">
        <ele>371.41</ele>
      </trkpt>
      <trkpt lat="18.76078" lon="98.87698">
        <ele>372.79</ele>
      </trkpt>
      <trkpt lat="18.76078" lon="98.87638000000001">
        <ele>376.17</ele>
      </trkpt>
      <trkpt lat="18.76089" lon="98.87597000000001">
        <ele>380.75</ele>
      </trkpt>
      <trkpt lat="18.76103" lon="98.87570000000001">
        <ele>382.47</ele>
      </trkpt>
      <trkpt lat="18.76133" lon="98.87529">
        <ele>383.75</ele>
      </trkpt>
      <trkpt lat="18.761480000000002" lon="98.87518000000001">
        <ele>383.67</ele>
      </trkpt>
      <trkpt lat="18.7617" lon="98.87511">
        <ele>383.20000000000005</ele>
      </trkpt>
      <trkpt lat="18.76191" lon="98.87509000000001">
        <ele>381.99000000000007</ele>
      </trkpt>
      <trkpt lat="18.762130000000003" lon="98.87509000000001">
        <ele>381.33000000000004</ele>
      </trkpt>
      <trkpt lat="18.76236" lon="98.87513000000001">
        <ele>380.47</ele>
      </trkpt>
      <trkpt lat="18.762710000000002" lon="98.87523">
        <ele>378.81</ele>
      </trkpt>
      <trkpt lat="18.762890000000002" lon="98.87532">
        <ele>378.81</ele>
      </trkpt>
      <trkpt lat="18.76303" lon="98.87542">
        <ele>378.35</ele>
      </trkpt>
      <trkpt lat="18.763260000000002" lon="98.87566000000001">
        <ele>377.85</ele>
      </trkpt>
      <trkpt lat="18.763430000000003" lon="98.87581">
        <ele>377.21000000000004</ele>
      </trkpt>
      <trkpt lat="18.7635" lon="98.87584000000001">
        <ele>377.21000000000004</ele>
      </trkpt>
      <trkpt lat="18.76358" lon="98.87585000000001">
        <ele>377.21000000000004</ele>
      </trkpt>
      <trkpt lat="18.763710000000003" lon="98.87581">
        <ele>376.81</ele>
      </trkpt>
      <trkpt lat="18.76358" lon="98.87569">
        <ele>376.71000000000004</ele>
      </trkpt>
      <trkpt lat="18.7631" lon="98.87535000000001">
        <ele>373.89000000000004</ele>
      </trkpt>
      <trkpt lat="18.763" lon="98.87525000000001">
        <ele>372.29</ele>
      </trkpt>
      <trkpt lat="18.76292" lon="98.87512000000001">
        <ele>372.29</ele>
      </trkpt>
      <trkpt lat="18.76283" lon="98.87463000000001">
        <ele>371.32000000000005</ele>
      </trkpt>
      <trkpt lat="18.762680000000003" lon="98.87404000000001">
        <ele>371.19</ele>
      </trkpt>
      <trkpt lat="18.76258" lon="98.87378000000001">
        <ele>370.85</ele>
      </trkpt>
      <trkpt lat="18.762430000000002" lon="98.87358">
        <ele>369.79</ele>
      </trkpt>
      <trkpt lat="18.76178" lon="98.87319000000001">
        <ele>365.62000000000006</ele>
      </trkpt>
      <trkpt lat="18.761400000000002" lon="98.87273">
        <ele>364.88000000000005</ele>
      </trkpt>
      <trkpt lat="18.76115" lon="98.87247">
        <ele>364.47</ele>
      </trkpt>
      <trkpt lat="18.76104" lon="98.87216000000001">
        <ele>364.32000000000005</ele>
      </trkpt>
      <trkpt lat="18.76096" lon="98.87207000000001">
        <ele>364.41</ele>
      </trkpt>
      <trkpt lat="18.76086" lon="98.87198000000001">
        <ele>364.37</ele>
      </trkpt>
      <trkpt lat="18.76022" lon="98.87169000000002">
        <ele>364.29</ele>
      </trkpt>
      <trkpt lat="18.76014" lon="98.87161">
        <ele>364.37</ele>
      </trkpt>
      <trkpt lat="18.75972" lon="98.87111">
        <ele>365.26000000000005</ele>
      </trkpt>
      <trkpt lat="18.75962" lon="98.87093">
        <ele>365.26000000000005</ele>
      </trkpt>
      <trkpt lat="18.75955" lon="98.87064000000001">
        <ele>366.01000000000005</ele>
      </trkpt>
      <trkpt lat="18.759420000000002" lon="98.87023">
        <ele>367.13</ele>
      </trkpt>
      <trkpt lat="18.75926" lon="98.86994000000001">
        <ele>368.04</ele>
      </trkpt>
      <trkpt lat="18.758750001070897" lon="98.86931999818582">
        <ele>372.87</ele>
      </trkpt>
      <trkpt lat="18.75824" lon="98.8687">
        <ele>373.43</ele>
      </trkpt>
      <trkpt lat="18.75812" lon="98.86864000000001">
        <ele>373.35</ele>
      </trkpt>
      <trkpt lat="18.75803" lon="98.86864000000001">
        <ele>373.35</ele>
      </trkpt>
      <trkpt lat="18.75732" lon="98.86850000000001">
        <ele>373.38000000000005</ele>
      </trkpt>
      <trkpt lat="18.75654" lon="98.86831000000001">
        <ele>377.51</ele>
      </trkpt>
      <trkpt lat="18.756310000000003" lon="98.86827000000001">
        <ele>378.75</ele>
      </trkpt>
      <trkpt lat="18.755460000000003" lon="98.86817">
        <ele>379.40000000000003</ele>
      </trkpt>
      <trkpt lat="18.755370000000003" lon="98.86810000000001">
        <ele>379.08000000000004</ele>
      </trkpt>
      <trkpt lat="18.755010000000002" lon="98.86759">
        <ele>380.46000000000004</ele>
      </trkpt>
      <trkpt lat="18.75486" lon="98.86745">
        <ele>380.71000000000004</ele>
      </trkpt>
      <trkpt lat="18.75468" lon="98.86718">
        <ele>381.45</ele>
      </trkpt>
      <trkpt lat="18.754550000000002" lon="98.86703000000001">
        <ele>381.53000000000003</ele>
      </trkpt>
      <trkpt lat="18.75438" lon="98.867">
        <ele>382.25</ele>
      </trkpt>
      <trkpt lat="18.75419" lon="98.86706000000001">
        <ele>384.69</ele>
      </trkpt>
      <trkpt lat="18.75399" lon="98.86704">
        <ele>386.19</ele>
      </trkpt>
      <trkpt lat="18.753525000326334" lon="98.86676499931642">
        <ele>390.45</ele>
      </trkpt>
      <trkpt lat="18.75306" lon="98.86649000000001">
        <ele>395.29</ele>
      </trkpt>
      <trkpt lat="18.752730000000003" lon="98.86634000000001">
        <ele>397.85</ele>
      </trkpt>
      <trkpt lat="18.75259" lon="98.86637">
        <ele>398.88</ele>
      </trkpt>
      <trkpt lat="18.752270000000003" lon="98.86623">
        <ele>402.77</ele>
      </trkpt>
      <trkpt lat="18.752100000000002" lon="98.86622000000001">
        <ele>404.53000000000003</ele>
      </trkpt>
      <trkpt lat="18.751900000000003" lon="98.86626000000001">
        <ele>405.18</ele>
      </trkpt>
      <trkpt lat="18.751720000000002" lon="98.86640000000001">
        <ele>405.58000000000004</ele>
      </trkpt>
      <trkpt lat="18.751620000000003" lon="98.86641">
        <ele>405.79</ele>
      </trkpt>
      <trkpt lat="18.751450000000002" lon="98.86630000000001">
        <ele>406.85</ele>
      </trkpt>
      <trkpt lat="18.75128" lon="98.86629">
        <ele>407.09</ele>
      </trkpt>
      <trkpt lat="18.751060000000003" lon="98.86636000000001">
        <ele>405.64000000000004</ele>
      </trkpt>
      <trkpt lat="18.750980000000002" lon="98.86651">
        <ele>405.11</ele>
      </trkpt>
      <trkpt lat="18.75084" lon="98.86654000000001">
        <ele>405.35</ele>
      </trkpt>
      <trkpt lat="18.750860000000003" lon="98.86612000000001">
        <ele>408.74000000000007</ele>
      </trkpt>
      <trkpt lat="18.750760000000003" lon="98.86592">
        <ele>413.04</ele>
      </trkpt>
      <trkpt lat="18.75044" lon="98.86567000000001">
        <ele>417.34000000000003</ele>
      </trkpt>
      <trkpt lat="18.750300000000003" lon="98.86561">
        <ele>420.84000000000003</ele>
      </trkpt>
      <trkpt lat="18.7497" lon="98.86553">
        <ele>429.40000000000003</ele>
      </trkpt>
      <trkpt lat="18.74903" lon="98.86569000000001">
        <ele>441.83000000000004</ele>
      </trkpt>
      <trkpt lat="18.74836" lon="98.86599000000001">
        <ele>448.85</ele>
      </trkpt>
      <trkpt lat="18.74831" lon="98.86598000000001">
        <ele>448.85</ele>
      </trkpt>
      <trkpt lat="18.74827" lon="98.86595000000001">
        <ele>449.53000000000003</ele>
      </trkpt>
      <trkpt lat="18.748250000000002" lon="98.86587">
        <ele>449.73</ele>
      </trkpt>
      <trkpt lat="18.7483" lon="98.86569000000001">
        <ele>450.15000000000003</ele>
      </trkpt>
      <trkpt lat="18.74828" lon="98.86557">
        <ele>450.28000000000003</ele>
      </trkpt>
      <trkpt lat="18.74827" lon="98.86552">
        <ele>450.28000000000003</ele>
      </trkpt>
      <trkpt lat="18.74818" lon="98.86547">
        <ele>450.59000000000003</ele>
      </trkpt>
      <trkpt lat="18.74754" lon="98.86540000000001">
        <ele>457.73</ele>
      </trkpt>
      <trkpt lat="18.747230000000002" lon="98.86531000000001">
        <ele>464.1</ele>
      </trkpt>
      <trkpt lat="18.7464" lon="98.86515000000001">
        <ele>476.32</ele>
      </trkpt>
      <trkpt lat="18.74585" lon="98.86502">
        <ele>475.98</ele>
      </trkpt>
      <trkpt lat="18.745440000000002" lon="98.86507">
        <ele>469.31000000000006</ele>
      </trkpt>
      <trkpt lat="18.745150000000002" lon="98.86501000000001">
        <ele>466.62</ele>
      </trkpt>
      <trkpt lat="18.745" lon="98.86502">
        <ele>464.3</ele>
      </trkpt>
      <trkpt lat="18.74471" lon="98.86509000000001">
        <ele>462.1</ele>
      </trkpt>
      <trkpt lat="18.74455" lon="98.86502">
        <ele>459.75000000000006</ele>
      </trkpt>
      <trkpt lat="18.744" lon="98.86486000000001">
        <ele>455.22</ele>
      </trkpt>
      <trkpt lat="18.743930000000002" lon="98.86482000000001">
        <ele>454.1600000000001</ele>
      </trkpt>
      <trkpt lat="18.74378" lon="98.86456000000001">
        <ele>452.95</ele>
      </trkpt>
      <trkpt lat="18.74371" lon="98.86453">
        <ele>445.8</ele>
      </trkpt>
      <trkpt lat="18.74353" lon="98.8645">
        <ele>445.8</ele>
      </trkpt>
      <trkpt lat="18.74311" lon="98.86461000000001">
        <ele>440.4</ele>
      </trkpt>
      <trkpt lat="18.74292" lon="98.86468">
        <ele>439.36</ele>
      </trkpt>
      <trkpt lat="18.74284" lon="98.86466000000001">
        <ele>437.02000000000004</ele>
      </trkpt>
      <trkpt lat="18.74277" lon="98.86460000000001">
        <ele>436.49</ele>
      </trkpt>
      <trkpt lat="18.742340000000002" lon="98.8639">
        <ele>432.65000000000003</ele>
      </trkpt>
      <trkpt lat="18.742230000000003" lon="98.8636">
        <ele>430.96</ele>
      </trkpt>
      <trkpt lat="18.74209" lon="98.86344000000001">
        <ele>429.35</ele>
      </trkpt>
      <trkpt lat="18.74172" lon="98.86316000000001">
        <ele>424.22</ele>
      </trkpt>
      <trkpt lat="18.74152" lon="98.86291000000001">
        <ele>421.52000000000004</ele>
      </trkpt>
      <trkpt lat="18.74137" lon="98.86269000000001">
        <ele>418.09000000000003</ele>
      </trkpt>
      <trkpt lat="18.740940000000002" lon="98.86247">
        <ele>409.95000000000005</ele>
      </trkpt>
      <trkpt lat="18.740640000000003" lon="98.86236000000001">
        <ele>405.78000000000003</ele>
      </trkpt>
      <trkpt lat="18.74049" lon="98.86234">
        <ele>405.02000000000004</ele>
      </trkpt>
      <trkpt lat="18.740350000000003" lon="98.86227000000001">
        <ele>404.75000000000006</ele>
      </trkpt>
      <trkpt lat="18.74029" lon="98.86215000000001">
        <ele>404.9200000000001</ele>
      </trkpt>
      <trkpt lat="18.73995" lon="98.86207">
        <ele>405.49</ele>
      </trkpt>
      <trkpt lat="18.73973" lon="98.86209000000001">
        <ele>406.99</ele>
      </trkpt>
      <trkpt lat="18.73936" lon="98.86204000000001">
        <ele>407.97</ele>
      </trkpt>
      <trkpt lat="18.738840000000003" lon="98.86187000000001">
        <ele>407.57000000000005</ele>
      </trkpt>
      <trkpt lat="18.73871" lon="98.86176">
        <ele>408.27000000000004</ele>
      </trkpt>
      <trkpt lat="18.738400000000002" lon="98.86136">
        <ele>411.89000000000004</ele>
      </trkpt>
      <trkpt lat="18.738030000000002" lon="98.86124000000001">
        <ele>411.73</ele>
      </trkpt>
      <trkpt lat="18.73750000017511" lon="98.86100499927527">
        <ele>410.43</ele>
      </trkpt>
      <trkpt lat="18.736970000000003" lon="98.86077">
        <ele>407.11</ele>
      </trkpt>
      <trkpt lat="18.736870000000003" lon="98.86077">
        <ele>405.93</ele>
      </trkpt>
      <trkpt lat="18.73676" lon="98.86086">
        <ele>403.48</ele>
      </trkpt>
      <trkpt lat="18.736620000000002" lon="98.86099">
        <ele>402.36000000000007</ele>
      </trkpt>
      <trkpt lat="18.736410000000003" lon="98.86126">
        <ele>400.90000000000003</ele>
      </trkpt>
      <trkpt lat="18.73637" lon="98.86128000000001">
        <ele>400.89000000000004</ele>
      </trkpt>
      <trkpt lat="18.736320000000003" lon="98.86129000000001">
        <ele>400.9200000000001</ele>
      </trkpt>
      <trkpt lat="18.73601" lon="98.86122">
        <ele>401.88</ele>
      </trkpt>
      <trkpt lat="18.73569" lon="98.86122">
        <ele>402.19000000000005</ele>
      </trkpt>
      <trkpt lat="18.73535" lon="98.86126">
        <ele>401.78000000000003</ele>
      </trkpt>
      <trkpt lat="18.73505" lon="98.8614">
        <ele>399.63000000000005</ele>
      </trkpt>
      <trkpt lat="18.73469" lon="98.86170000000001">
        <ele>394.08000000000004</ele>
      </trkpt>
      <trkpt lat="18.734184999958615" lon="98.8618150003612">
        <ele>391.94</ele>
      </trkpt>
      <trkpt lat="18.733680000000003" lon="98.86193000000002">
        <ele>389.95</ele>
      </trkpt>
      <trkpt lat="18.73344" lon="98.86184000000002">
        <ele>389.41</ele>
      </trkpt>
      <trkpt lat="18.73319" lon="98.86142000000001">
        <ele>390.23</ele>
      </trkpt>
      <trkpt lat="18.73299" lon="98.86124000000001">
        <ele>391.28000000000003</ele>
      </trkpt>
      <trkpt lat="18.732490000000002" lon="98.86115000000001">
        <ele>393.70000000000005</ele>
      </trkpt>
      <trkpt lat="18.73175" lon="98.86099">
        <ele>393.38</ele>
      </trkpt>
      <trkpt lat="18.731360000000002" lon="98.86056">
        <ele>395.72</ele>
      </trkpt>
      <trkpt lat="18.73095" lon="98.86032">
        <ele>400.17</ele>
      </trkpt>
      <trkpt lat="18.73048" lon="98.86014">
        <ele>406.14000000000004</ele>
      </trkpt>
      <trkpt lat="18.73029" lon="98.85992">
        <ele>407.96000000000004</ele>
      </trkpt>
      <trkpt lat="18.73025" lon="98.85904000000001">
        <ele>410.13000000000005</ele>
      </trkpt>
      <trkpt lat="18.73048" lon="98.85860000000001">
        <ele>409.92</ele>
      </trkpt>
      <trkpt lat="18.730500000000003" lon="98.85821000000001">
        <ele>409.91</ele>
      </trkpt>
      <trkpt lat="18.730370000805813" lon="98.8576499994553">
        <ele>410.43</ele>
      </trkpt>
      <trkpt lat="18.730240000000002" lon="98.85709000000001">
        <ele>411.18000000000006</ele>
      </trkpt>
      <trkpt lat="18.73011" lon="98.85643">
        <ele>413.15000000000003</ele>
      </trkpt>
      <trkpt lat="18.73044" lon="98.8558">
        <ele>417.94</ele>
      </trkpt>
      <trkpt lat="18.730490000000003" lon="98.85537000000001">
        <ele>421.51000000000005</ele>
      </trkpt>
      <trkpt lat="18.730600000000003" lon="98.85502000000001">
        <ele>424.97</ele>
      </trkpt>
      <trkpt lat="18.73067" lon="98.85446">
        <ele>427.52</ele>
      </trkpt>
      <trkpt lat="18.730520000000002" lon="98.85416000000001">
        <ele>429.28000000000003</ele>
      </trkpt>
      <trkpt lat="18.73026" lon="98.85373000000001">
        <ele>428.28000000000003</ele>
      </trkpt>
      <trkpt lat="18.72959" lon="98.85361">
        <ele>424.6</ele>
      </trkpt>
      <trkpt lat="18.729110000000002" lon="98.85357">
        <ele>423.04</ele>
      </trkpt>
      <trkpt lat="18.728710000000003" lon="98.85361">
        <ele>421.77000000000004</ele>
      </trkpt>
      <trkpt lat="18.727880000000003" lon="98.85350000000001">
        <ele>417.91</ele>
      </trkpt>
      <trkpt lat="18.72738" lon="98.85366">
        <ele>416.65000000000003</ele>
      </trkpt>
      <trkpt lat="18.72728" lon="98.85360000000001">
        <ele>416.34000000000003</ele>
      </trkpt>
      <trkpt lat="18.727140000000002" lon="98.85310000000001">
        <ele>415.56000000000006</ele>
      </trkpt>
      <trkpt lat="18.726660000000003" lon="98.85282000000001">
        <ele>415.25</ele>
      </trkpt>
      <trkpt lat="18.726090000000003" lon="98.85329">
        <ele>410.72</ele>
      </trkpt>
      <trkpt lat="18.72570000003649" lon="98.85354000065976">
        <ele>409.32</ele>
      </trkpt>
      <trkpt lat="18.72531" lon="98.85379">
        <ele>409.29</ele>
      </trkpt>
      <trkpt lat="18.72512" lon="98.85408000000001">
        <ele>409.12</ele>
      </trkpt>
      <trkpt lat="18.724510000000002" lon="98.85471000000001">
        <ele>407.0</ele>
      </trkpt>
      <trkpt lat="18.724050000000002" lon="98.85501000000001">
        <ele>405.80000000000007</ele>
      </trkpt>
      <trkpt lat="18.72377000047229" lon="98.8553900005084">
        <ele>406.24</ele>
      </trkpt>
      <trkpt lat="18.72349" lon="98.85577">
        <ele>405.35</ele>
      </trkpt>
      <trkpt lat="18.72307" lon="98.85648">
        <ele>403.8</ele>
      </trkpt>
      <trkpt lat="18.722830000000002" lon="98.85673000000001">
        <ele>403.19000000000005</ele>
      </trkpt>
      <trkpt lat="18.722520000000003" lon="98.85687000000001">
        <ele>402.76</ele>
      </trkpt>
      <trkpt lat="18.7219" lon="98.85690000000001">
        <ele>400.56</ele>
      </trkpt>
      <trkpt lat="18.721410000000002" lon="98.85703000000001">
        <ele>398.04</ele>
      </trkpt>
      <trkpt lat="18.721020000000003" lon="98.85707000000001">
        <ele>393.58000000000004</ele>
      </trkpt>
      <trkpt lat="18.720660000000002" lon="98.85686000000001">
        <ele>390.58000000000004</ele>
      </trkpt>
      <trkpt lat="18.72012" lon="98.85664000000001">
        <ele>387.31000000000006</ele>
      </trkpt>
      <trkpt lat="18.71949" lon="98.85659000000001">
        <ele>383.82000000000005</ele>
      </trkpt>
      <trkpt lat="18.71883" lon="98.85678000000001">
        <ele>380.93000000000006</ele>
      </trkpt>
      <trkpt lat="18.71833" lon="98.85667000000001">
        <ele>378.13</ele>
      </trkpt>
      <trkpt lat="18.71816" lon="98.85649000000001">
        <ele>377.66</ele>
      </trkpt>
      <trkpt lat="18.71796" lon="98.8562">
        <ele>377.48</ele>
      </trkpt>
      <trkpt lat="18.717820000000003" lon="98.85606000000001">
        <ele>377.48</ele>
      </trkpt>
      <trkpt lat="18.71758" lon="98.85593000000001">
        <ele>377.12</ele>
      </trkpt>
      <trkpt lat="18.717350000000003" lon="98.85585">
        <ele>376.77000000000004</ele>
      </trkpt>
      <trkpt lat="18.71722" lon="98.85575000000001">
        <ele>375.72</ele>
      </trkpt>
      <trkpt lat="18.717080000000003" lon="98.85557000000001">
        <ele>375.27000000000004</ele>
      </trkpt>
      <trkpt lat="18.716880000000003" lon="98.85539000000001">
        <ele>374.84</ele>
      </trkpt>
      <trkpt lat="18.71667" lon="98.85531">
        <ele>374.74</ele>
      </trkpt>
      <trkpt lat="18.716150000489645" lon="98.85490499879727">
        <ele>374.87</ele>
      </trkpt>
      <trkpt lat="18.71563" lon="98.8545">
        <ele>373.97</ele>
      </trkpt>
      <trkpt lat="18.71535" lon="98.85437">
        <ele>374.13</ele>
      </trkpt>
      <trkpt lat="18.71527" lon="98.85430000000001">
        <ele>374.32000000000005</ele>
      </trkpt>
      <trkpt lat="18.715220000000002" lon="98.85418000000001">
        <ele>374.18</ele>
      </trkpt>
      <trkpt lat="18.71519" lon="98.85387000000001">
        <ele>374.39000000000004</ele>
      </trkpt>
      <trkpt lat="18.71516" lon="98.85381000000001">
        <ele>374.39000000000004</ele>
      </trkpt>
      <trkpt lat="18.71508" lon="98.85375">
        <ele>374.47</ele>
      </trkpt>
      <trkpt lat="18.715030000000002" lon="98.85374">
        <ele>374.47</ele>
      </trkpt>
      <trkpt lat="18.7149" lon="98.85375">
        <ele>374.1700000000001</ele>
      </trkpt>
      <trkpt lat="18.714360000000003" lon="98.85385000000001">
        <ele>373.8</ele>
      </trkpt>
      <trkpt lat="18.71411" lon="98.85398">
        <ele>373.1</ele>
      </trkpt>
      <trkpt lat="18.71402" lon="98.85399000000001">
        <ele>373.00000000000006</ele>
      </trkpt>
      <trkpt lat="18.71395" lon="98.85398">
        <ele>373.00000000000006</ele>
      </trkpt>
      <trkpt lat="18.713800000000003" lon="98.85390000000001">
        <ele>372.82000000000005</ele>
      </trkpt>
      <trkpt lat="18.713420000000003" lon="98.85345000000001">
        <ele>372.36</ele>
      </trkpt>
      <trkpt lat="18.713160000000002" lon="98.85338">
        <ele>371.3</ele>
      </trkpt>
      <trkpt lat="18.71293" lon="98.85336000000001">
        <ele>370.39000000000004</ele>
      </trkpt>
      <trkpt lat="18.71205" lon="98.85350000000001">
        <ele>369.33000000000004</ele>
      </trkpt>
      <trkpt lat="18.71189" lon="98.85349000000001">
        <ele>368.62</ele>
      </trkpt>
      <trkpt lat="18.71131" lon="98.85336000000001">
        <ele>367.6700000000001</ele>
      </trkpt>
      <trkpt lat="18.71115" lon="98.85334">
        <ele>367.6700000000001</ele>
      </trkpt>
      <trkpt lat="18.71103" lon="98.85335">
        <ele>367.54</ele>
      </trkpt>
      <trkpt lat="18.71086" lon="98.85345000000001">
        <ele>366.78000000000003</ele>
      </trkpt>
      <trkpt lat="18.71058" lon="98.85375">
        <ele>365.76000000000005</ele>
      </trkpt>
      <trkpt lat="18.710140000000003" lon="98.85414">
        <ele>365.12000000000006</ele>
      </trkpt>
      <trkpt lat="18.71002" lon="98.85428">
        <ele>364.46</ele>
      </trkpt>
      <trkpt lat="18.70974" lon="98.85473">
        <ele>364.32000000000005</ele>
      </trkpt>
      <trkpt lat="18.709680000000002" lon="98.85479000000001">
        <ele>364.32000000000005</ele>
      </trkpt>
      <trkpt lat="18.70953" lon="98.85484000000001">
        <ele>364.29</ele>
      </trkpt>
      <trkpt lat="18.70942" lon="98.85483">
        <ele>364.29</ele>
      </trkpt>
      <trkpt lat="18.70904" lon="98.85472000000001">
        <ele>365.19</ele>
      </trkpt>
      <trkpt lat="18.709300000000002" lon="98.85431000000001">
        <ele>366.57</ele>
      </trkpt>
      <trkpt lat="18.709400000000002" lon="98.85407000000001">
        <ele>367.53000000000003</ele>
      </trkpt>
      <trkpt lat="18.709490000000002" lon="98.85374">
        <ele>369.71000000000004</ele>
      </trkpt>
      <trkpt lat="18.70982" lon="98.85291000000001">
        <ele>370.25</ele>
      </trkpt>
      <trkpt lat="18.71002" lon="98.85256000000001">
        <ele>369.64000000000004</ele>
      </trkpt>
      <trkpt lat="18.71007" lon="98.85241">
        <ele>369.39000000000004</ele>
      </trkpt>
      <trkpt lat="18.71007" lon="98.85224000000001">
        <ele>369.25</ele>
      </trkpt>
      <trkpt lat="18.7099" lon="98.85161000000001">
        <ele>369.44000000000005</ele>
      </trkpt>
      <trkpt lat="18.70992" lon="98.85143000000001">
        <ele>370.02</ele>
      </trkpt>
      <trkpt lat="18.7101" lon="98.85104000000001">
        <ele>371.6700000000001</ele>
      </trkpt>
      <trkpt lat="18.710230000000003" lon="98.85069000000001">
        <ele>374.28000000000003</ele>
      </trkpt>
      <trkpt lat="18.710250000000002" lon="98.85049000000001">
        <ele>376.72</ele>
      </trkpt>
      <trkpt lat="18.710050000000003" lon="98.84974000000001">
        <ele>380.17</ele>
      </trkpt>
      <trkpt lat="18.710040000000003" lon="98.84955000000001">
        <ele>379.93000000000006</ele>
      </trkpt>
      <trkpt lat="18.710050000000003" lon="98.84936">
        <ele>379.12</ele>
      </trkpt>
      <trkpt lat="18.710150000000002" lon="98.84923">
        <ele>378.75</ele>
      </trkpt>
      <trkpt lat="18.710510000000003" lon="98.84898000000001">
        <ele>378.53000000000003</ele>
      </trkpt>
      <trkpt lat="18.71065" lon="98.84887">
        <ele>378.44000000000005</ele>
      </trkpt>
      <trkpt lat="18.71086" lon="98.84862000000001">
        <ele>378.18</ele>
      </trkpt>
      <trkpt lat="18.71104" lon="98.84848000000001">
        <ele>378.49000000000007</ele>
      </trkpt>
      <trkpt lat="18.71143" lon="98.84831000000001">
        <ele>381.59000000000003</ele>
      </trkpt>
      <trkpt lat="18.71169" lon="98.84805000000001">
        <ele>386.85</ele>
      </trkpt>
      <trkpt lat="18.71198" lon="98.84790000000001">
        <ele>389.23</ele>
      </trkpt>
      <trkpt lat="18.712190000000003" lon="98.84783">
        <ele>392.17</ele>
      </trkpt>
      <trkpt lat="18.71236" lon="98.8478">
        <ele>394.24</ele>
      </trkpt>
      <trkpt lat="18.712590000000002" lon="98.8478">
        <ele>397.33</ele>
      </trkpt>
      <trkpt lat="18.712660000000003" lon="98.84776000000001">
        <ele>398.40000000000003</ele>
      </trkpt>
      <trkpt lat="18.71282" lon="98.84738">
        <ele>401.67</ele>
      </trkpt>
      <trkpt lat="18.71293" lon="98.84721">
        <ele>403.07000000000005</ele>
      </trkpt>
      <trkpt lat="18.713050000000003" lon="98.84714000000001">
        <ele>403.07000000000005</ele>
      </trkpt>
      <trkpt lat="18.713420000000003" lon="98.84706000000001">
        <ele>406.18</ele>
      </trkpt>
      <trkpt lat="18.71384" lon="98.84702000000001">
        <ele>410.25000000000006</ele>
      </trkpt>
      <trkpt lat="18.714290000000002" lon="98.8469">
        <ele>412.12000000000006</ele>
      </trkpt>
      <trkpt lat="18.71453" lon="98.84676">
        <ele>413.03</ele>
      </trkpt>
      <trkpt lat="18.714630000000003" lon="98.84668">
        <ele>413.15000000000003</ele>
      </trkpt>
      <trkpt lat="18.71486" lon="98.84626000000002">
        <ele>409.27000000000004</ele>
      </trkpt>
      <trkpt lat="18.715210000000003" lon="98.846">
        <ele>406.13000000000005</ele>
      </trkpt>
      <trkpt lat="18.715570000000003" lon="98.84580000000001">
        <ele>404.9200000000001</ele>
      </trkpt>
      <trkpt lat="18.716140000000003" lon="98.8456">
        <ele>406.7</ele>
      </trkpt>
      <trkpt lat="18.71667" lon="98.84558000000001">
        <ele>415.56000000000006</ele>
      </trkpt>
      <trkpt lat="18.716810000000002" lon="98.84554000000001">
        <ele>417.43</ele>
      </trkpt>
      <trkpt lat="18.71703" lon="98.84524">
        <ele>421.34000000000003</ele>
      </trkpt>
      <trkpt lat="18.717670000000002" lon="98.8448">
        <ele>427.67</ele>
      </trkpt>
      <trkpt lat="18.717740000000003" lon="98.84469000000001">
        <ele>429.94000000000005</ele>
      </trkpt>
      <trkpt lat="18.717830000000003" lon="98.84443">
        <ele>432.40000000000003</ele>
      </trkpt>
      <trkpt lat="18.717930000000003" lon="98.84429000000002">
        <ele>434.71000000000004</ele>
      </trkpt>
      <trkpt lat="18.718140000000002" lon="98.84413">
        <ele>438.53000000000003</ele>
      </trkpt>
      <trkpt lat="18.71819" lon="98.84397000000001">
        <ele>438.55000000000007</ele>
      </trkpt>
      <trkpt lat="18.71819" lon="98.84388000000001">
        <ele>437.4</ele>
      </trkpt>
      <trkpt lat="18.71809" lon="98.84373000000001">
        <ele>434.94000000000005</ele>
      </trkpt>
      <trkpt lat="18.71796" lon="98.84360000000001">
        <ele>432.89000000000004</ele>
      </trkpt>
      <trkpt lat="18.717830000000003" lon="98.84349">
        <ele>431.96</ele>
      </trkpt>
      <trkpt lat="18.717670000000002" lon="98.84339000000001">
        <ele>431.99</ele>
      </trkpt>
      <trkpt lat="18.71753" lon="98.84333000000001">
        <ele>432.81</ele>
      </trkpt>
      <trkpt lat="18.717090000000002" lon="98.84321000000001">
        <ele>437.79</ele>
      </trkpt>
      <trkpt lat="18.717000000000002" lon="98.84312000000001">
        <ele>437.33000000000004</ele>
      </trkpt>
      <trkpt lat="18.716920000000002" lon="98.84292">
        <ele>436.08000000000004</ele>
      </trkpt>
      <trkpt lat="18.716900000000003" lon="98.84281000000001">
        <ele>435.62000000000006</ele>
      </trkpt>
      <trkpt lat="18.716900000000003" lon="98.84267000000001">
        <ele>435.22</ele>
      </trkpt>
      <trkpt lat="18.716980000000003" lon="98.84242">
        <ele>434.04</ele>
      </trkpt>
      <trkpt lat="18.717370000000003" lon="98.84174">
        <ele>426.40000000000003</ele>
      </trkpt>
      <trkpt lat="18.717460000000003" lon="98.84165">
        <ele>426.13</ele>
      </trkpt>
      <trkpt lat="18.7177" lon="98.84146000000001">
        <ele>425.31</ele>
      </trkpt>
      <trkpt lat="18.717850000000002" lon="98.84138000000002">
        <ele>424.68000000000006</ele>
      </trkpt>
      <trkpt lat="18.718040000000002" lon="98.84123000000001">
        <ele>423.19</ele>
      </trkpt>
      <trkpt lat="18.71833" lon="98.84096000000001">
        <ele>418.71000000000004</ele>
      </trkpt>
      <trkpt lat="18.718680000000003" lon="98.84081">
        <ele>416.90000000000003</ele>
      </trkpt>
      <trkpt lat="18.7189" lon="98.84076">
        <ele>416.34000000000003</ele>
      </trkpt>
      <trkpt lat="18.71913" lon="98.84061000000001">
        <ele>414.85</ele>
      </trkpt>
      <trkpt lat="18.7193" lon="98.84046000000001">
        <ele>414.5</ele>
      </trkpt>
      <trkpt lat="18.719715000539324" lon="98.84000500112755">
        <ele>413.21000000000004</ele>
      </trkpt>
      <trkpt lat="18.72013" lon="98.83955">
        <ele>409.45000000000005</ele>
      </trkpt>
      <trkpt lat="18.720370000000003" lon="98.83918000000001">
        <ele>406.98</ele>
      </trkpt>
      <trkpt lat="18.720570000000002" lon="98.83883">
        <ele>403.04</ele>
      </trkpt>
      <trkpt lat="18.720755000615206" lon="98.83834500055367">
        <ele>396.71</ele>
      </trkpt>
      <trkpt lat="18.720940000000002" lon="98.83786">
        <ele>392.51</ele>
      </trkpt>
      <trkpt lat="18.72107" lon="98.83744000000002">
        <ele>389.89</ele>
      </trkpt>
      <trkpt lat="18.721200000000003" lon="98.83718">
        <ele>388.64000000000004</ele>
      </trkpt>
      <trkpt lat="18.72128" lon="98.83715000000001">
        <ele>388.64000000000004</ele>
      </trkpt>
      <trkpt lat="18.72138" lon="98.83708000000001">
        <ele>388.22</ele>
      </trkpt>
      <trkpt lat="18.721400000000003" lon="98.83703000000001">
        <ele>388.22</ele>
      </trkpt>
      <trkpt lat="18.721400000000003" lon="98.83696">
        <ele>387.65000000000003</ele>
      </trkpt>
      <trkpt lat="18.72135" lon="98.83689000000001">
        <ele>387.39</ele>
      </trkpt>
      <trkpt lat="18.72128" lon="98.83684000000001">
        <ele>387.32000000000005</ele>
      </trkpt>
      <trkpt lat="18.721230000000002" lon="98.83669">
        <ele>387.42</ele>
      </trkpt>
      <trkpt lat="18.72124" lon="98.83650000000002">
        <ele>387.87000000000006</ele>
      </trkpt>
      <trkpt lat="18.721200000000003" lon="98.83602">
        <ele>383.96000000000004</ele>
      </trkpt>
      <trkpt lat="18.72124" lon="98.83581000000001">
        <ele>383.08000000000004</ele>
      </trkpt>
      <trkpt lat="18.721320000000002" lon="98.83558000000001">
        <ele>379.71000000000004</ele>
      </trkpt>
      <trkpt lat="18.72157" lon="98.83524000000001">
        <ele>377.48</ele>
      </trkpt>
      <trkpt lat="18.721700000000002" lon="98.83497000000001">
        <ele>374.42</ele>
      </trkpt>
      <trkpt lat="18.721880000000002" lon="98.83427">
        <ele>367.25</ele>
      </trkpt>
      <trkpt lat="18.721950000000003" lon="98.83391">
        <ele>367.44000000000005</ele>
      </trkpt>
      <trkpt lat="18.72204" lon="98.83365">
        <ele>366.22</ele>
      </trkpt>
      <trkpt lat="18.722550000000002" lon="98.83321000000001">
        <ele>363.1</ele>
      </trkpt>
      <trkpt lat="18.722540000000002" lon="98.83322000000001">
        <ele>363.1</ele>
      </trkpt>
      <trkpt lat="18.722920000000002" lon="98.83306">
        <ele>360.11</ele>
      </trkpt>
      <trkpt lat="18.72349" lon="98.83292">
        <ele>356.58</ele>
      </trkpt>
      <trkpt lat="18.72424" lon="98.83290000000001">
        <ele>352.61</ele>
      </trkpt>
      <trkpt lat="18.7249" lon="98.83277000000001">
        <ele>353.42</ele>
      </trkpt>
      <trkpt lat="18.72512" lon="98.83282000000001">
        <ele>354.79</ele>
      </trkpt>
      <trkpt lat="18.72528" lon="98.83294000000001">
        <ele>357.24</ele>
      </trkpt>
      <trkpt lat="18.7254" lon="98.83308000000001">
        <ele>358.1</ele>
      </trkpt>
      <trkpt lat="18.72559" lon="98.83323000000001">
        <ele>357.94000000000005</ele>
      </trkpt>
      <trkpt lat="18.725920000000002" lon="98.83338">
        <ele>355.75</ele>
      </trkpt>
      <trkpt lat="18.726210000000002" lon="98.83344000000001">
        <ele>355.6</ele>
      </trkpt>
      <trkpt lat="18.726750000000003" lon="98.83346">
        <ele>357.95000000000005</ele>
      </trkpt>
      <trkpt lat="18.72689" lon="98.83348000000001">
        <ele>358.33000000000004</ele>
      </trkpt>
      <trkpt lat="18.727020000000003" lon="98.83352000000001">
        <ele>358.47</ele>
      </trkpt>
      <trkpt lat="18.727495000508853" lon="98.83386999915174">
        <ele>361.76</ele>
      </trkpt>
      <trkpt lat="18.727970000000003" lon="98.83422">
        <ele>362.53000000000003</ele>
      </trkpt>
      <trkpt lat="18.728060000000003" lon="98.83424000000001">
        <ele>361.85</ele>
      </trkpt>
      <trkpt lat="18.72821" lon="98.83423">
        <ele>360.52</ele>
      </trkpt>
      <trkpt lat="18.728340000000003" lon="98.83414">
        <ele>359.23</ele>
      </trkpt>
      <trkpt lat="18.7286" lon="98.83373">
        <ele>358.74</ele>
      </trkpt>
      <trkpt lat="18.728990000000003" lon="98.83301">
        <ele>361.6</ele>
      </trkpt>
      <trkpt lat="18.72913" lon="98.83265">
        <ele>362.40000000000003</ele>
      </trkpt>
      <trkpt lat="18.72951" lon="98.83193000000001">
        <ele>370.01</ele>
      </trkpt>
      <trkpt lat="18.729860000000002" lon="98.83165000000001">
        <ele>373.79</ele>
      </trkpt>
      <trkpt lat="18.730130000000003" lon="98.83148000000001">
        <ele>373.73</ele>
      </trkpt>
      <trkpt lat="18.73026" lon="98.83132">
        <ele>372.93</ele>
      </trkpt>
      <trkpt lat="18.73036" lon="98.83090000000001">
        <ele>368.8</ele>
      </trkpt>
      <trkpt lat="18.73046" lon="98.83073">
        <ele>367.89000000000004</ele>
      </trkpt>
      <trkpt lat="18.730800000000002" lon="98.83058000000001">
        <ele>364.48</ele>
      </trkpt>
      <trkpt lat="18.731" lon="98.83040000000001">
        <ele>363.18</ele>
      </trkpt>
      <trkpt lat="18.7311" lon="98.83023000000001">
        <ele>363.03000000000003</ele>
      </trkpt>
      <trkpt lat="18.731170000000002" lon="98.82973000000001">
        <ele>364.40000000000003</ele>
      </trkpt>
      <trkpt lat="18.73133" lon="98.82956000000001">
        <ele>365.03000000000003</ele>
      </trkpt>
      <trkpt lat="18.73187500035736" lon="98.82924500096172">
        <ele>364.44000000000005</ele>
      </trkpt>
      <trkpt lat="18.73242" lon="98.82893000000001">
        <ele>364.2</ele>
      </trkpt>
      <trkpt lat="18.732840000353498" lon="98.82862000069797">
        <ele>364.72</ele>
      </trkpt>
      <trkpt lat="18.73326" lon="98.82831">
        <ele>365.9</ele>
      </trkpt>
      <trkpt lat="18.73347" lon="98.82798000000001">
        <ele>367.58</ele>
      </trkpt>
      <trkpt lat="18.733620000000002" lon="98.82797000000001">
        <ele>368.29</ele>
      </trkpt>
      <trkpt lat="18.733870000000003" lon="98.82798000000001">
        <ele>369.84000000000003</ele>
      </trkpt>
      <trkpt lat="18.73395" lon="98.82796">
        <ele>370.3</ele>
      </trkpt>
      <trkpt lat="18.73423" lon="98.82783">
        <ele>370.93</ele>
      </trkpt>
      <trkpt lat="18.7343" lon="98.82784000000001">
        <ele>371.03000000000003</ele>
      </trkpt>
      <trkpt lat="18.73438" lon="98.82788000000001">
        <ele>371.1700000000001</ele>
      </trkpt>
      <trkpt lat="18.73457" lon="98.82806000000001">
        <ele>372.62</ele>
      </trkpt>
      <trkpt lat="18.734710000000003" lon="98.82808000000001">
        <ele>373.9</ele>
      </trkpt>
      <trkpt lat="18.735400000000002" lon="98.82783">
        <ele>378.46000000000004</ele>
      </trkpt>
      <trkpt lat="18.73551" lon="98.82777">
        <ele>378.57</ele>
      </trkpt>
      <trkpt lat="18.73573" lon="98.82761">
        <ele>378.53000000000003</ele>
      </trkpt>
      <trkpt lat="18.736230000000003" lon="98.82749000000001">
        <ele>378.45</ele>
      </trkpt>
      <trkpt lat="18.73668000021145" lon="98.82747500003293">
        <ele>379.45</ele>
      </trkpt>
      <trkpt lat="18.73713" lon="98.82746">
        <ele>380.99000000000007</ele>
      </trkpt>
      <trkpt lat="18.73738" lon="98.82738">
        <ele>380.24</ele>
      </trkpt>
      <trkpt lat="18.7376" lon="98.82725">
        <ele>379.96000000000004</ele>
      </trkpt>
      <trkpt lat="18.73796" lon="98.82692">
        <ele>379.3</ele>
      </trkpt>
      <trkpt lat="18.738415000345302" lon="98.82667000057492">
        <ele>380.11</ele>
      </trkpt>
      <trkpt lat="18.738870000000002" lon="98.82642000000001">
        <ele>380.5</ele>
      </trkpt>
      <trkpt lat="18.73917" lon="98.82622">
        <ele>379.67</ele>
      </trkpt>
      <trkpt lat="18.7394" lon="98.82610000000001">
        <ele>379.24</ele>
      </trkpt>
      <trkpt lat="18.74009000003791" lon="98.82598500046939">
        <ele>378.20000000000005</ele>
      </trkpt>
      <trkpt lat="18.74078" lon="98.82587000000001">
        <ele>376.64000000000004</ele>
      </trkpt>
      <trkpt lat="18.741120000000002" lon="98.82573000000001">
        <ele>379.0</ele>
      </trkpt>
      <trkpt lat="18.74124" lon="98.82565000000001">
        <ele>379.62</ele>
      </trkpt>
      <trkpt lat="18.74171" lon="98.82525000000001">
        <ele>383.68</ele>
      </trkpt>
      <trkpt lat="18.74193" lon="98.82514">
        <ele>385.02000000000004</ele>
      </trkpt>
      <trkpt lat="18.74209" lon="98.8251">
        <ele>385.41</ele>
      </trkpt>
      <trkpt lat="18.742240000000002" lon="98.82511000000001">
        <ele>385.37000000000006</ele>
      </trkpt>
      <trkpt lat="18.742410000000003" lon="98.82518">
        <ele>384.88000000000005</ele>
      </trkpt>
      <trkpt lat="18.74296" lon="98.82554">
        <ele>384.91</ele>
      </trkpt>
      <trkpt lat="18.743160000000003" lon="98.82571000000002">
        <ele>386.11</ele>
      </trkpt>
      <trkpt lat="18.743250000000003" lon="98.82596000000001">
        <ele>389.67</ele>
      </trkpt>
      <trkpt lat="18.743380000000002" lon="98.82619000000001">
        <ele>390.44</ele>
      </trkpt>
      <trkpt lat="18.743460000000002" lon="98.82628000000001">
        <ele>391.25000000000006</ele>
      </trkpt>
      <trkpt lat="18.74348" lon="98.8264">
        <ele>391.83</ele>
      </trkpt>
      <trkpt lat="18.743570000000002" lon="98.82660000000001">
        <ele>394.38</ele>
      </trkpt>
      <trkpt lat="18.743630000000003" lon="98.82679">
        <ele>395.47</ele>
      </trkpt>
      <trkpt lat="18.74371" lon="98.82682000000001">
        <ele>395.89</ele>
      </trkpt>
      <trkpt lat="18.74397" lon="98.82679">
        <ele>395.5400000000001</ele>
      </trkpt>
      <trkpt lat="18.744110000000003" lon="98.82682000000001">
        <ele>394.5400000000001</ele>
      </trkpt>
      <trkpt lat="18.744210000000002" lon="98.82681000000001">
        <ele>394.01</ele>
      </trkpt>
      <trkpt lat="18.744390000000003" lon="98.82674000000002">
        <ele>392.96000000000004</ele>
      </trkpt>
      <trkpt lat="18.744600000000002" lon="98.82673000000001">
        <ele>390.93000000000006</ele>
      </trkpt>
      <trkpt lat="18.744940000000003" lon="98.8268">
        <ele>387.8</ele>
      </trkpt>
      <trkpt lat="18.745070000000002" lon="98.82681000000001">
        <ele>387.26000000000005</ele>
      </trkpt>
      <trkpt lat="18.7452" lon="98.82678000000001">
        <ele>386.63</ele>
      </trkpt>
      <trkpt lat="18.745330000000003" lon="98.8267">
        <ele>386.5</ele>
      </trkpt>
      <trkpt lat="18.74577" lon="98.82635">
        <ele>392.65000000000003</ele>
      </trkpt>
      <trkpt lat="18.74611" lon="98.82585">
        <ele>397.64000000000004</ele>
      </trkpt>
      <trkpt lat="18.746260000000003" lon="98.82568">
        <ele>397.87000000000006</ele>
      </trkpt>
      <trkpt lat="18.7464" lon="98.82563">
        <ele>397.85</ele>
      </trkpt>
      <trkpt lat="18.7465" lon="98.82564">
        <ele>397.72</ele>
      </trkpt>
      <trkpt lat="18.74687" lon="98.82578000000001">
        <ele>395.79</ele>
      </trkpt>
      <trkpt lat="18.74736" lon="98.82582000000001">
        <ele>394.27</ele>
      </trkpt>
      <trkpt lat="18.74773" lon="98.82591000000001">
        <ele>393.99</ele>
      </trkpt>
      <trkpt lat="18.74781" lon="98.8259">
        <ele>394.04</ele>
      </trkpt>
      <trkpt lat="18.748050000000003" lon="98.82571000000002">
        <ele>393.64000000000004</ele>
      </trkpt>
      <trkpt lat="18.74819" lon="98.82571000000002">
        <ele>393.0</ele>
      </trkpt>
      <trkpt lat="18.74867" lon="98.82581">
        <ele>391.73</ele>
      </trkpt>
      <trkpt lat="18.74904" lon="98.82586">
        <ele>393.02000000000004</ele>
      </trkpt>
      <trkpt lat="18.74934" lon="98.82598">
        <ele>393.27</ele>
      </trkpt>
      <trkpt lat="18.74987" lon="98.82631">
        <ele>392.20000000000005</ele>
      </trkpt>
      <trkpt lat="18.75024000012031" lon="98.82659999928349">
        <ele>392.14000000000004</ele>
      </trkpt>
      <trkpt lat="18.75061" lon="98.82689">
        <ele>392.8</ele>
      </trkpt>
      <trkpt lat="18.750510000000002" lon="98.82702">
        <ele>391.89</ele>
      </trkpt>
      <trkpt lat="18.75027" lon="98.82718000000001">
        <ele>391.21000000000004</ele>
      </trkpt>
      <trkpt lat="18.749670000000002" lon="98.82704000000001">
        <ele>390.1</ele>
      </trkpt>
      <trkpt lat="18.74905" lon="98.82700000000001">
        <ele>389.23</ele>
      </trkpt>
      <trkpt lat="18.748710000000003" lon="98.82708000000001">
        <ele>390.22</ele>
      </trkpt>
      <trkpt lat="18.748320000000003" lon="98.82737">
        <ele>394.35</ele>
      </trkpt>
      <trkpt lat="18.748710000000003" lon="98.82708000000001">
        <ele>390.22</ele>
      </trkpt>
      <trkpt lat="18.74905" lon="98.82700000000001">
        <ele>389.23</ele>
      </trkpt>
      <trkpt lat="18.749670000000002" lon="98.82704000000001">
        <ele>390.1</ele>
      </trkpt>
      <trkpt lat="18.75027" lon="98.82718000000001">
        <ele>391.21000000000004</ele>
      </trkpt>
      <trkpt lat="18.750510000000002" lon="98.82702">
        <ele>391.89</ele>
      </trkpt>
      <trkpt lat="18.75061" lon="98.82689">
        <ele>392.8</ele>
      </trkpt>
      <trkpt lat="18.75024000032647" lon="98.8265999994451">
        <ele>392.14000000000004</ele>
      </trkpt>
      <trkpt lat="18.74987" lon="98.82631">
        <ele>392.20000000000005</ele>
      </trkpt>
      <trkpt lat="18.74934" lon="98.82598">
        <ele>393.27</ele>
      </trkpt>
      <trkpt lat="18.74904" lon="98.82586">
        <ele>392.70000000000005</ele>
      </trkpt>
      <trkpt lat="18.74867" lon="98.82581">
        <ele>391.71000000000004</ele>
      </trkpt>
      <trkpt lat="18.74819" lon="98.82571000000002">
        <ele>393.37000000000006</ele>
      </trkpt>
      <trkpt lat="18.748050000000003" lon="98.82571000000002">
        <ele>393.64000000000004</ele>
      </trkpt>
      <trkpt lat="18.74781" lon="98.8259">
        <ele>394.04</ele>
      </trkpt>
      <trkpt lat="18.74773" lon="98.82591000000001">
        <ele>393.99</ele>
      </trkpt>
      <trkpt lat="18.74736" lon="98.82582000000001">
        <ele>394.56</ele>
      </trkpt>
      <trkpt lat="18.74687" lon="98.82578000000001">
        <ele>396.02000000000004</ele>
      </trkpt>
      <trkpt lat="18.7465" lon="98.82564">
        <ele>397.72</ele>
      </trkpt>
      <trkpt lat="18.7464" lon="98.82563">
        <ele>397.85</ele>
      </trkpt>
      <trkpt lat="18.746260000000003" lon="98.82568">
        <ele>397.87000000000006</ele>
      </trkpt>
      <trkpt lat="18.74611" lon="98.82585">
        <ele>397.64000000000004</ele>
      </trkpt>
      <trkpt lat="18.74577" lon="98.82635">
        <ele>392.65000000000003</ele>
      </trkpt>
      <trkpt lat="18.745330000000003" lon="98.8267">
        <ele>386.42</ele>
      </trkpt>
      <trkpt lat="18.7452" lon="98.82678000000001">
        <ele>386.81000000000006</ele>
      </trkpt>
      <trkpt lat="18.745070000000002" lon="98.82681000000001">
        <ele>387.26000000000005</ele>
      </trkpt>
      <trkpt lat="18.744940000000003" lon="98.8268">
        <ele>388.39</ele>
      </trkpt>
      <trkpt lat="18.744600000000002" lon="98.82673000000001">
        <ele>390.93000000000006</ele>
      </trkpt>
      <trkpt lat="18.744390000000003" lon="98.82674000000002">
        <ele>392.96000000000004</ele>
      </trkpt>
      <trkpt lat="18.744210000000002" lon="98.82681000000001">
        <ele>394.29</ele>
      </trkpt>
      <trkpt lat="18.744110000000003" lon="98.82682000000001">
        <ele>394.97</ele>
      </trkpt>
      <trkpt lat="18.74397" lon="98.82679">
        <ele>395.5400000000001</ele>
      </trkpt>
      <trkpt lat="18.74371" lon="98.82682000000001">
        <ele>395.89</ele>
      </trkpt>
      <trkpt lat="18.743630000000003" lon="98.82679">
        <ele>395.47</ele>
      </trkpt>
      <trkpt lat="18.743570000000002" lon="98.82660000000001">
        <ele>393.12</ele>
      </trkpt>
      <trkpt lat="18.74348" lon="98.8264">
        <ele>391.83</ele>
      </trkpt>
      <trkpt lat="18.743460000000002" lon="98.82628000000001">
        <ele>391.25000000000006</ele>
      </trkpt>
      <trkpt lat="18.743380000000002" lon="98.82619000000001">
        <ele>390.44</ele>
      </trkpt>
      <trkpt lat="18.743250000000003" lon="98.82596000000001">
        <ele>386.77000000000004</ele>
      </trkpt>
      <trkpt lat="18.743160000000003" lon="98.82571000000002">
        <ele>386.11</ele>
      </trkpt>
      <trkpt lat="18.74296" lon="98.82554">
        <ele>384.76000000000005</ele>
      </trkpt>
      <trkpt lat="18.742410000000003" lon="98.82518">
        <ele>384.88000000000005</ele>
      </trkpt>
      <trkpt lat="18.742240000000002" lon="98.82511000000001">
        <ele>385.37000000000006</ele>
      </trkpt>
      <trkpt lat="18.74209" lon="98.8251">
        <ele>385.36</ele>
      </trkpt>
      <trkpt lat="18.74193" lon="98.82514">
        <ele>384.84000000000003</ele>
      </trkpt>
      <trkpt lat="18.74171" lon="98.82525000000001">
        <ele>383.68</ele>
      </trkpt>
      <trkpt lat="18.74124" lon="98.82565000000001">
        <ele>379.62</ele>
      </trkpt>
      <trkpt lat="18.741120000000002" lon="98.82573000000001">
        <ele>378.03000000000003</ele>
      </trkpt>
      <trkpt lat="18.74078" lon="98.82587000000001">
        <ele>376.49000000000007</ele>
      </trkpt>
      <trkpt lat="18.74009000003231" lon="98.82598500047031">
        <ele>378.20000000000005</ele>
      </trkpt>
      <trkpt lat="18.7394" lon="98.82610000000001">
        <ele>379.35</ele>
      </trkpt>
      <trkpt lat="18.73917" lon="98.82622">
        <ele>379.67</ele>
      </trkpt>
      <trkpt lat="18.738870000000002" lon="98.82642000000001">
        <ele>380.5</ele>
      </trkpt>
      <trkpt lat="18.738414999986556" lon="98.82667000077204">
        <ele>380.11</ele>
      </trkpt>
      <trkpt lat="18.73796" lon="98.82692">
        <ele>379.3</ele>
      </trkpt>
      <trkpt lat="18.7376" lon="98.82725">
        <ele>379.96000000000004</ele>
      </trkpt>
      <trkpt lat="18.73738" lon="98.82738">
        <ele>380.24</ele>
      </trkpt>
      <trkpt lat="18.73713" lon="98.82746">
        <ele>380.96000000000004</ele>
      </trkpt>
      <trkpt lat="18.73667999978975" lon="98.827475000047">
        <ele>379.18</ele>
      </trkpt>
      <trkpt lat="18.736230000000003" lon="98.82749000000001">
        <ele>378.45</ele>
      </trkpt>
      <trkpt lat="18.73573" lon="98.82761">
        <ele>378.53000000000003</ele>
      </trkpt>
      <trkpt lat="18.73551" lon="98.82777">
        <ele>378.57</ele>
      </trkpt>
      <trkpt lat="18.735400000000002" lon="98.82783">
        <ele>378.46000000000004</ele>
      </trkpt>
      <trkpt lat="18.734710000000003" lon="98.82808000000001">
        <ele>373.44000000000005</ele>
      </trkpt>
      <trkpt lat="18.73457" lon="98.82806000000001">
        <ele>372.27000000000004</ele>
      </trkpt>
      <trkpt lat="18.73438" lon="98.82788000000001">
        <ele>371.08000000000004</ele>
      </trkpt>
      <trkpt lat="18.7343" lon="98.82784000000001">
        <ele>371.03000000000003</ele>
      </trkpt>
      <trkpt lat="18.73423" lon="98.82783">
        <ele>370.93</ele>
      </trkpt>
      <trkpt lat="18.73395" lon="98.82796">
        <ele>369.84000000000003</ele>
      </trkpt>
      <trkpt lat="18.733870000000003" lon="98.82798000000001">
        <ele>369.84000000000003</ele>
      </trkpt>
      <trkpt lat="18.733620000000002" lon="98.82797000000001">
        <ele>368.09000000000003</ele>
      </trkpt>
      <trkpt lat="18.73347" lon="98.82798000000001">
        <ele>367.58</ele>
      </trkpt>
      <trkpt lat="18.73326" lon="98.82831">
        <ele>365.9</ele>
      </trkpt>
      <trkpt lat="18.732840000156635" lon="98.82862000084329">
        <ele>364.6</ele>
      </trkpt>
      <trkpt lat="18.73242" lon="98.82893000000001">
        <ele>364.2</ele>
      </trkpt>
      <trkpt lat="18.731875000169335" lon="98.8292450010704">
        <ele>364.44000000000005</ele>
      </trkpt>
      <trkpt lat="18.73133" lon="98.82956000000001">
        <ele>364.93</ele>
      </trkpt>
      <trkpt lat="18.731170000000002" lon="98.82973000000001">
        <ele>364.40000000000003</ele>
      </trkpt>
      <trkpt lat="18.7311" lon="98.83023000000001">
        <ele>363.03000000000003</ele>
      </trkpt>
      <trkpt lat="18.731" lon="98.83040000000001">
        <ele>363.38000000000005</ele>
      </trkpt>
      <trkpt lat="18.730800000000002" lon="98.83058000000001">
        <ele>364.81</ele>
      </trkpt>
      <trkpt lat="18.73046" lon="98.83073">
        <ele>367.89000000000004</ele>
      </trkpt>
      <trkpt lat="18.73036" lon="98.83090000000001">
        <ele>370.96</ele>
      </trkpt>
      <trkpt lat="18.73026" lon="98.83132">
        <ele>373.12</ele>
      </trkpt>
      <trkpt lat="18.730130000000003" lon="98.83148000000001">
        <ele>373.73</ele>
      </trkpt>
      <trkpt lat="18.729860000000002" lon="98.83165000000001">
        <ele>373.56</ele>
      </trkpt>
      <trkpt lat="18.72951" lon="98.83193000000001">
        <ele>370.01</ele>
      </trkpt>
      <trkpt lat="18.72913" lon="98.83265">
        <ele>362.40000000000003</ele>
      </trkpt>
      <trkpt lat="18.728990000000003" lon="98.83301">
        <ele>361.6</ele>
      </trkpt>
      <trkpt lat="18.7286" lon="98.83373">
        <ele>358.66</ele>
      </trkpt>
      <trkpt lat="18.728340000000003" lon="98.83414">
        <ele>359.47</ele>
      </trkpt>
      <trkpt lat="18.72821" lon="98.83423">
        <ele>360.52</ele>
      </trkpt>
      <trkpt lat="18.728060000000003" lon="98.83424000000001">
        <ele>362.22</ele>
      </trkpt>
      <trkpt lat="18.727970000000003" lon="98.83422">
        <ele>362.77000000000004</ele>
      </trkpt>
      <trkpt lat="18.727495000141264" lon="98.83386999888087">
        <ele>361.76</ele>
      </trkpt>
      <trkpt lat="18.727020000000003" lon="98.83352000000001">
        <ele>358.49</ele>
      </trkpt>
      <trkpt lat="18.72689" lon="98.83348000000001">
        <ele>358.16</ele>
      </trkpt>
      <trkpt lat="18.726750000000003" lon="98.83346">
        <ele>357.95000000000005</ele>
      </trkpt>
      <trkpt lat="18.726210000000002" lon="98.83344000000001">
        <ele>355.51000000000005</ele>
      </trkpt>
      <trkpt lat="18.725920000000002" lon="98.83338">
        <ele>355.94000000000005</ele>
      </trkpt>
      <trkpt lat="18.72559" lon="98.83323000000001">
        <ele>358.1</ele>
      </trkpt>
      <trkpt lat="18.7254" lon="98.83308000000001">
        <ele>357.97</ele>
      </trkpt>
      <trkpt lat="18.72528" lon="98.83294000000001">
        <ele>356.89000000000004</ele>
      </trkpt>
      <trkpt lat="18.72512" lon="98.83282000000001">
        <ele>354.79</ele>
      </trkpt>
      <trkpt lat="18.7249" lon="98.83277000000001">
        <ele>353.42</ele>
      </trkpt>
      <trkpt lat="18.72424" lon="98.83290000000001">
        <ele>352.61</ele>
      </trkpt>
      <trkpt lat="18.72349" lon="98.83292">
        <ele>356.58</ele>
      </trkpt>
      <trkpt lat="18.722920000000002" lon="98.83306">
        <ele>360.11</ele>
      </trkpt>
      <trkpt lat="18.722540000000002" lon="98.83322000000001">
        <ele>363.18</ele>
      </trkpt>
      <trkpt lat="18.722550000000002" lon="98.83321000000001">
        <ele>363.18</ele>
      </trkpt>
      <trkpt lat="18.72204" lon="98.83365">
        <ele>367.00000000000006</ele>
      </trkpt>
      <trkpt lat="18.721950000000003" lon="98.83391">
        <ele>367.44000000000005</ele>
      </trkpt>
      <trkpt lat="18.721880000000002" lon="98.83427">
        <ele>367.35</ele>
      </trkpt>
      <trkpt lat="18.721700000000002" lon="98.83497000000001">
        <ele>375.50000000000006</ele>
      </trkpt>
      <trkpt lat="18.72157" lon="98.83524000000001">
        <ele>377.76000000000005</ele>
      </trkpt>
      <trkpt lat="18.721320000000002" lon="98.83558000000001">
        <ele>380.09000000000003</ele>
      </trkpt>
      <trkpt lat="18.72124" lon="98.83581000000001">
        <ele>383.08000000000004</ele>
      </trkpt>
      <trkpt lat="18.721200000000003" lon="98.83602">
        <ele>383.96000000000004</ele>
      </trkpt>
      <trkpt lat="18.72124" lon="98.83650000000002">
        <ele>387.85</ele>
      </trkpt>
      <trkpt lat="18.721230000000002" lon="98.83669">
        <ele>387.42</ele>
      </trkpt>
      <trkpt lat="18.72128" lon="98.83684000000001">
        <ele>387.32000000000005</ele>
      </trkpt>
      <trkpt lat="18.72135" lon="98.83689000000001">
        <ele>387.39</ele>
      </trkpt>
      <trkpt lat="18.721400000000003" lon="98.83696">
        <ele>387.65000000000003</ele>
      </trkpt>
      <trkpt lat="18.721400000000003" lon="98.83703000000001">
        <ele>388.22</ele>
      </trkpt>
      <trkpt lat="18.72138" lon="98.83708000000001">
        <ele>388.22</ele>
      </trkpt>
      <trkpt lat="18.72128" lon="98.83715000000001">
        <ele>388.64000000000004</ele>
      </trkpt>
      <trkpt lat="18.721200000000003" lon="98.83718">
        <ele>388.96000000000004</ele>
      </trkpt>
      <trkpt lat="18.72107" lon="98.83744000000002">
        <ele>389.89</ele>
      </trkpt>
      <trkpt lat="18.720940000000002" lon="98.83786">
        <ele>393.73</ele>
      </trkpt>
      <trkpt lat="18.72075500063275" lon="98.8383450005077">
        <ele>398.70000000000005</ele>
      </trkpt>
      <trkpt lat="18.720570000000002" lon="98.83883">
        <ele>403.58000000000004</ele>
      </trkpt>
      <trkpt lat="18.720370000000003" lon="98.83918000000001">
        <ele>406.98</ele>
      </trkpt>
      <trkpt lat="18.72013" lon="98.83955">
        <ele>409.45000000000005</ele>
      </trkpt>
      <trkpt lat="18.71971500055897" lon="98.84000500110602">
        <ele>413.21000000000004</ele>
      </trkpt>
      <trkpt lat="18.7193" lon="98.84046000000001">
        <ele>414.5</ele>
      </trkpt>
      <trkpt lat="18.71913" lon="98.84061000000001">
        <ele>414.99</ele>
      </trkpt>
      <trkpt lat="18.7189" lon="98.84076">
        <ele>416.34000000000003</ele>
      </trkpt>
      <trkpt lat="18.718680000000003" lon="98.84081">
        <ele>416.90000000000003</ele>
      </trkpt>
      <trkpt lat="18.71833" lon="98.84096000000001">
        <ele>418.71000000000004</ele>
      </trkpt>
      <trkpt lat="18.718040000000002" lon="98.84123000000001">
        <ele>423.19</ele>
      </trkpt>
      <trkpt lat="18.717850000000002" lon="98.84138000000002">
        <ele>424.68000000000006</ele>
      </trkpt>
      <trkpt lat="18.7177" lon="98.84146000000001">
        <ele>425.31</ele>
      </trkpt>
      <trkpt lat="18.717460000000003" lon="98.84165">
        <ele>426.13</ele>
      </trkpt>
      <trkpt lat="18.717370000000003" lon="98.84174">
        <ele>426.40000000000003</ele>
      </trkpt>
      <trkpt lat="18.716980000000003" lon="98.84242">
        <ele>434.04</ele>
      </trkpt>
      <trkpt lat="18.716900000000003" lon="98.84267000000001">
        <ele>435.22</ele>
      </trkpt>
      <trkpt lat="18.716900000000003" lon="98.84281000000001">
        <ele>435.62000000000006</ele>
      </trkpt>
      <trkpt lat="18.716920000000002" lon="98.84292">
        <ele>436.08000000000004</ele>
      </trkpt>
      <trkpt lat="18.717000000000002" lon="98.84312000000001">
        <ele>437.33000000000004</ele>
      </trkpt>
      <trkpt lat="18.717090000000002" lon="98.84321000000001">
        <ele>437.79</ele>
      </trkpt>
      <trkpt lat="18.71753" lon="98.84333000000001">
        <ele>432.81</ele>
      </trkpt>
      <trkpt lat="18.717670000000002" lon="98.84339000000001">
        <ele>431.83000000000004</ele>
      </trkpt>
      <trkpt lat="18.717830000000003" lon="98.84349">
        <ele>431.96</ele>
      </trkpt>
      <trkpt lat="18.71809" lon="98.84373000000001">
        <ele>434.94000000000005</ele>
      </trkpt>
      <trkpt lat="18.71819" lon="98.84388000000001">
        <ele>437.4</ele>
      </trkpt>
      <trkpt lat="18.71819" lon="98.84397000000001">
        <ele>438.55000000000007</ele>
      </trkpt>
      <trkpt lat="18.718140000000002" lon="98.84413">
        <ele>438.53000000000003</ele>
      </trkpt>
      <trkpt lat="18.717930000000003" lon="98.84429000000002">
        <ele>434.71000000000004</ele>
      </trkpt>
      <trkpt lat="18.717830000000003" lon="98.84443">
        <ele>432.40000000000003</ele>
      </trkpt>
      <trkpt lat="18.717740000000003" lon="98.84469000000001">
        <ele>429.39000000000004</ele>
      </trkpt>
      <trkpt lat="18.717670000000002" lon="98.8448">
        <ele>427.67</ele>
      </trkpt>
      <trkpt lat="18.71703" lon="98.84524">
        <ele>421.34000000000003</ele>
      </trkpt>
      <trkpt lat="18.716810000000002" lon="98.84554000000001">
        <ele>416.86</ele>
      </trkpt>
      <trkpt lat="18.71667" lon="98.84558000000001">
        <ele>414.82</ele>
      </trkpt>
      <trkpt lat="18.716140000000003" lon="98.8456">
        <ele>406.28000000000003</ele>
      </trkpt>
      <trkpt lat="18.715570000000003" lon="98.84580000000001">
        <ele>404.9200000000001</ele>
      </trkpt>
      <trkpt lat="18.715210000000003" lon="98.846">
        <ele>406.13000000000005</ele>
      </trkpt>
      <trkpt lat="18.71486" lon="98.84626000000002">
        <ele>409.27000000000004</ele>
      </trkpt>
      <trkpt lat="18.714630000000003" lon="98.84668">
        <ele>413.15000000000003</ele>
      </trkpt>
      <trkpt lat="18.71453" lon="98.84676">
        <ele>412.56</ele>
      </trkpt>
      <trkpt lat="18.714290000000002" lon="98.8469">
        <ele>412.12000000000006</ele>
      </trkpt>
      <trkpt lat="18.71384" lon="98.84702000000001">
        <ele>410.25000000000006</ele>
      </trkpt>
      <trkpt lat="18.713420000000003" lon="98.84706000000001">
        <ele>406.18</ele>
      </trkpt>
      <trkpt lat="18.713050000000003" lon="98.84714000000001">
        <ele>403.07000000000005</ele>
      </trkpt>
      <trkpt lat="18.71293" lon="98.84721">
        <ele>403.07000000000005</ele>
      </trkpt>
      <trkpt lat="18.71282" lon="98.84738">
        <ele>401.67</ele>
      </trkpt>
      <trkpt lat="18.712660000000003" lon="98.84776000000001">
        <ele>398.40000000000003</ele>
      </trkpt>
      <trkpt lat="18.712590000000002" lon="98.8478">
        <ele>397.33</ele>
      </trkpt>
      <trkpt lat="18.71236" lon="98.8478">
        <ele>394.24</ele>
      </trkpt>
      <trkpt lat="18.712190000000003" lon="98.84783">
        <ele>392.17</ele>
      </trkpt>
      <trkpt lat="18.71198" lon="98.84790000000001">
        <ele>389.23</ele>
      </trkpt>
      <trkpt lat="18.71169" lon="98.84805000000001">
        <ele>386.85</ele>
      </trkpt>
      <trkpt lat="18.71143" lon="98.84831000000001">
        <ele>381.59000000000003</ele>
      </trkpt>
      <trkpt lat="18.71104" lon="98.84848000000001">
        <ele>378.39</ele>
      </trkpt>
      <trkpt lat="18.71086" lon="98.84862000000001">
        <ele>378.18</ele>
      </trkpt>
      <trkpt lat="18.71065" lon="98.84887">
        <ele>378.44000000000005</ele>
      </trkpt>
      <trkpt lat="18.710510000000003" lon="98.84898000000001">
        <ele>378.53000000000003</ele>
      </trkpt>
      <trkpt lat="18.710150000000002" lon="98.84923">
        <ele>378.75</ele>
      </trkpt>
      <trkpt lat="18.710050000000003" lon="98.84936">
        <ele>379.12</ele>
      </trkpt>
      <trkpt lat="18.710040000000003" lon="98.84955000000001">
        <ele>379.93000000000006</ele>
      </trkpt>
      <trkpt lat="18.710050000000003" lon="98.84974000000001">
        <ele>380.18</ele>
      </trkpt>
      <trkpt lat="18.710250000000002" lon="98.85049000000001">
        <ele>376.72</ele>
      </trkpt>
      <trkpt lat="18.710230000000003" lon="98.85069000000001">
        <ele>374.28000000000003</ele>
      </trkpt>
      <trkpt lat="18.71018" lon="98.85086000000001">
        <ele>372.97</ele>
      </trkpt>
      <trkpt lat="18.70992" lon="98.85143000000001">
        <ele>370.02</ele>
      </trkpt>
      <trkpt lat="18.7099" lon="98.85161000000001">
        <ele>369.34000000000003</ele>
      </trkpt>
      <trkpt lat="18.71007" lon="98.85224000000001">
        <ele>369.25</ele>
      </trkpt>
      <trkpt lat="18.71007" lon="98.85241">
        <ele>369.39000000000004</ele>
      </trkpt>
      <trkpt lat="18.71002" lon="98.85256000000001">
        <ele>369.64000000000004</ele>
      </trkpt>
      <trkpt lat="18.70982" lon="98.85291000000001">
        <ele>370.25</ele>
      </trkpt>
      <trkpt lat="18.709490000000002" lon="98.85374">
        <ele>369.47</ele>
      </trkpt>
      <trkpt lat="18.709400000000002" lon="98.85407000000001">
        <ele>367.53000000000003</ele>
      </trkpt>
      <trkpt lat="18.709300000000002" lon="98.85431000000001">
        <ele>366.57</ele>
      </trkpt>
      <trkpt lat="18.709030000000002" lon="98.85472000000001">
        <ele>365.2300000000001</ele>
      </trkpt>
      <trkpt lat="18.708930000000002" lon="98.85486">
        <ele>364.62000000000006</ele>
      </trkpt>
      <trkpt lat="18.70876" lon="98.85528000000001">
        <ele>364.25</ele>
      </trkpt>
      <trkpt lat="18.708530000483368" lon="98.85572000065535">
        <ele>363.98</ele>
      </trkpt>
      <trkpt lat="18.7083" lon="98.85616">
        <ele>363.04</ele>
      </trkpt>
      <trkpt lat="18.708190000000002" lon="98.85668000000001">
        <ele>362.52</ele>
      </trkpt>
      <trkpt lat="18.708080000000002" lon="98.85691000000001">
        <ele>362.51000000000005</ele>
      </trkpt>
      <trkpt lat="18.70766" lon="98.85737">
        <ele>364.7</ele>
      </trkpt>
      <trkpt lat="18.70745" lon="98.85752000000001">
        <ele>364.49</ele>
      </trkpt>
      <trkpt lat="18.70718" lon="98.85765">
        <ele>363.66</ele>
      </trkpt>
      <trkpt lat="18.707040000000003" lon="98.85778">
        <ele>361.83000000000004</ele>
      </trkpt>
      <trkpt lat="18.706950000000003" lon="98.85803000000001">
        <ele>361.16</ele>
      </trkpt>
      <trkpt lat="18.70693" lon="98.85832">
        <ele>361.18000000000006</ele>
      </trkpt>
      <trkpt lat="18.70673" lon="98.85913000000001">
        <ele>360.79</ele>
      </trkpt>
      <trkpt lat="18.70651" lon="98.85954000000001">
        <ele>360.46</ele>
      </trkpt>
      <trkpt lat="18.706390000000003" lon="98.85968000000001">
        <ele>360.25</ele>
      </trkpt>
      <trkpt lat="18.706220000000002" lon="98.85978000000001">
        <ele>360.18000000000006</ele>
      </trkpt>
      <trkpt lat="18.705370000000002" lon="98.86003000000001">
        <ele>358.81</ele>
      </trkpt>
      <trkpt lat="18.70523" lon="98.86013000000001">
        <ele>358.79</ele>
      </trkpt>
      <trkpt lat="18.704890000000002" lon="98.86062000000001">
        <ele>362.32000000000005</ele>
      </trkpt>
      <trkpt lat="18.704800000000002" lon="98.86062000000001">
        <ele>362.66</ele>
      </trkpt>
      <trkpt lat="18.704050000000002" lon="98.86033">
        <ele>363.88000000000005</ele>
      </trkpt>
      <trkpt lat="18.703840000000003" lon="98.86029">
        <ele>363.88000000000005</ele>
      </trkpt>
      <trkpt lat="18.703560000000003" lon="98.86029">
        <ele>364.33000000000004</ele>
      </trkpt>
      <trkpt lat="18.70344" lon="98.86032">
        <ele>364.22</ele>
      </trkpt>
      <trkpt lat="18.70307" lon="98.8605">
        <ele>361.94000000000005</ele>
      </trkpt>
      <trkpt lat="18.703010000000003" lon="98.86051">
        <ele>360.41</ele>
      </trkpt>
      <trkpt lat="18.70289" lon="98.86045000000001">
        <ele>359.56000000000006</ele>
      </trkpt>
      <trkpt lat="18.702740000000002" lon="98.86026000000001">
        <ele>358.33000000000004</ele>
      </trkpt>
      <trkpt lat="18.70268" lon="98.86024">
        <ele>358.34000000000003</ele>
      </trkpt>
      <trkpt lat="18.70261" lon="98.86024">
        <ele>358.34000000000003</ele>
      </trkpt>
      <trkpt lat="18.702430000000003" lon="98.86027000000001">
        <ele>358.12000000000006</ele>
      </trkpt>
      <trkpt lat="18.7022" lon="98.86036000000001">
        <ele>358.15000000000003</ele>
      </trkpt>
      <trkpt lat="18.701990000000002" lon="98.86048000000001">
        <ele>358.29</ele>
      </trkpt>
      <trkpt lat="18.70186" lon="98.86063000000001">
        <ele>358.59000000000003</ele>
      </trkpt>
      <trkpt lat="18.70172" lon="98.86093000000001">
        <ele>358.40000000000003</ele>
      </trkpt>
      <trkpt lat="18.70157" lon="98.86109">
        <ele>358.45000000000005</ele>
      </trkpt>
      <trkpt lat="18.701420000000002" lon="98.86119000000001">
        <ele>358.05</ele>
      </trkpt>
      <trkpt lat="18.701030000000003" lon="98.86135">
        <ele>355.46000000000004</ele>
      </trkpt>
      <trkpt lat="18.700840000000003" lon="98.86145">
        <ele>354.78000000000003</ele>
      </trkpt>
      <trkpt lat="18.70017000084378" lon="98.86203500237069">
        <ele>353.14</ele>
      </trkpt>
      <trkpt lat="18.6995" lon="98.86262">
        <ele>352.07000000000005</ele>
      </trkpt>
      <trkpt lat="18.699370000000002" lon="98.86280000000001">
        <ele>352.07000000000005</ele>
      </trkpt>
      <trkpt lat="18.69907500089138" lon="98.8633900010904">
        <ele>351.76</ele>
      </trkpt>
      <trkpt lat="18.698780000000003" lon="98.86398000000001">
        <ele>352.01000000000005</ele>
      </trkpt>
      <trkpt lat="18.69863" lon="98.86418">
        <ele>352.01000000000005</ele>
      </trkpt>
      <trkpt lat="18.69828" lon="98.86443000000001">
        <ele>351.74000000000007</ele>
      </trkpt>
      <trkpt lat="18.697850000000003" lon="98.86468">
        <ele>351.03000000000003</ele>
      </trkpt>
      <trkpt lat="18.69778" lon="98.86475000000002">
        <ele>350.99</ele>
      </trkpt>
      <trkpt lat="18.69745" lon="98.86518000000001">
        <ele>351.13000000000005</ele>
      </trkpt>
      <trkpt lat="18.697155000204162" lon="98.86554000079722">
        <ele>350.71000000000004</ele>
      </trkpt>
      <trkpt lat="18.69686" lon="98.86590000000001">
        <ele>350.42</ele>
      </trkpt>
      <trkpt lat="18.69659" lon="98.86608000000001">
        <ele>350.6</ele>
      </trkpt>
      <trkpt lat="18.69658" lon="98.86608000000001">
        <ele>350.6</ele>
      </trkpt>
      <trkpt lat="18.696740000000002" lon="98.86627000000001">
        <ele>350.86</ele>
      </trkpt>
      <trkpt lat="18.697290000608056" lon="98.86661333109215">
        <ele>352.46999999999997</ele>
      </trkpt>
      <trkpt lat="18.697840000591395" lon="98.86695666441506">
        <ele>353.54</ele>
      </trkpt>
      <trkpt lat="18.69839" lon="98.86730000000001">
        <ele>354.23</ele>
      </trkpt>
      <trkpt lat="18.698980000000002" lon="98.86759">
        <ele>355.13000000000005</ele>
      </trkpt>
      <trkpt lat="18.699080000000002" lon="98.86766000000001">
        <ele>355.13000000000005</ele>
      </trkpt>
      <trkpt lat="18.69913" lon="98.86773000000001">
        <ele>355.64</ele>
      </trkpt>
      <trkpt lat="18.699180000000002" lon="98.86786000000001">
        <ele>355.64</ele>
      </trkpt>
      <trkpt lat="18.69922" lon="98.86811">
        <ele>355.94000000000005</ele>
      </trkpt>
      <trkpt lat="18.699180000000002" lon="98.86839">
        <ele>355.23</ele>
      </trkpt>
      <trkpt lat="18.699050000000003" lon="98.86889000000001">
        <ele>351.74000000000007</ele>
      </trkpt>
      <trkpt lat="18.69904" lon="98.86904000000001">
        <ele>351.21000000000004</ele>
      </trkpt>
      <trkpt lat="18.69911" lon="98.86917000000001">
        <ele>350.0</ele>
      </trkpt>
      <trkpt lat="18.699520000000003" lon="98.86946">
        <ele>348.39000000000004</ele>
      </trkpt>
      <trkpt lat="18.6997" lon="98.86954000000001">
        <ele>347.35</ele>
      </trkpt>
      <trkpt lat="18.69996" lon="98.86961000000001">
        <ele>346.85</ele>
      </trkpt>
      <trkpt lat="18.70004" lon="98.86966000000001">
        <ele>346.86</ele>
      </trkpt>
      <trkpt lat="18.70014" lon="98.86976000000001">
        <ele>346.93</ele>
      </trkpt>
      <trkpt lat="18.700490000000002" lon="98.86994000000001">
        <ele>347.52000000000004</ele>
      </trkpt>
      <trkpt lat="18.70078" lon="98.87006000000001">
        <ele>347.64</ele>
      </trkpt>
      <trkpt lat="18.70098" lon="98.87003000000001">
        <ele>347.88</ele>
      </trkpt>
      <trkpt lat="18.701400000000003" lon="98.86985000000001">
        <ele>349.90000000000003</ele>
      </trkpt>
      <trkpt lat="18.701710000000002" lon="98.86961000000001">
        <ele>351.28000000000003</ele>
      </trkpt>
      <trkpt lat="18.70204" lon="98.86929">
        <ele>351.81</ele>
      </trkpt>
      <trkpt lat="18.70219" lon="98.86922000000001">
        <ele>351.59000000000003</ele>
      </trkpt>
      <trkpt lat="18.702350000000003" lon="98.8692">
        <ele>351.52000000000004</ele>
      </trkpt>
      <trkpt lat="18.70279" lon="98.86922000000001">
        <ele>350.41</ele>
      </trkpt>
      <trkpt lat="18.70306" lon="98.86927000000001">
        <ele>349.80000000000007</ele>
      </trkpt>
      <trkpt lat="18.703180000000003" lon="98.86925000000001">
        <ele>349.80000000000007</ele>
      </trkpt>
      <trkpt lat="18.703390000000002" lon="98.86915">
        <ele>349.52000000000004</ele>
      </trkpt>
      <trkpt lat="18.70351" lon="98.86913000000001">
        <ele>349.52000000000004</ele>
      </trkpt>
      <trkpt lat="18.7039" lon="98.86924">
        <ele>350.34000000000003</ele>
      </trkpt>
      <trkpt lat="18.704140000000002" lon="98.86933">
        <ele>351.83000000000004</ele>
      </trkpt>
      <trkpt lat="18.70454" lon="98.86952000000001">
        <ele>354.13000000000005</ele>
      </trkpt>
      <trkpt lat="18.704810000000002" lon="98.86972000000002">
        <ele>355.04</ele>
      </trkpt>
      <trkpt lat="18.70495" lon="98.86976000000001">
        <ele>355.3</ele>
      </trkpt>
      <trkpt lat="18.705470000000002" lon="98.86976000000001">
        <ele>356.05</ele>
      </trkpt>
      <trkpt lat="18.705820000000003" lon="98.86972000000002">
        <ele>357.45000000000005</ele>
      </trkpt>
      <trkpt lat="18.70607" lon="98.86974000000001">
        <ele>357.75</ele>
      </trkpt>
      <trkpt lat="18.70673" lon="98.86962000000001">
        <ele>359.77000000000004</ele>
      </trkpt>
      <trkpt lat="18.707030000000003" lon="98.86966000000001">
        <ele>360.94000000000005</ele>
      </trkpt>
      <trkpt lat="18.70726" lon="98.86962000000001">
        <ele>362.08</ele>
      </trkpt>
      <trkpt lat="18.70756" lon="98.86952000000001">
        <ele>362.8</ele>
      </trkpt>
      <trkpt lat="18.70765" lon="98.86952000000001">
        <ele>362.93</ele>
      </trkpt>
      <trkpt lat="18.70774" lon="98.86955">
        <ele>362.93</ele>
      </trkpt>
      <trkpt lat="18.708110000285803" lon="98.86988499925681">
        <ele>364.03000000000003</ele>
      </trkpt>
      <trkpt lat="18.70848" lon="98.87022">
        <ele>366.54</ele>
      </trkpt>
      <trkpt lat="18.708560000000002" lon="98.87035">
        <ele>367.37</ele>
      </trkpt>
      <trkpt lat="18.70862" lon="98.87082000000001">
        <ele>368.32000000000005</ele>
      </trkpt>
      <trkpt lat="18.70869" lon="98.87104000000001">
        <ele>368.36</ele>
      </trkpt>
      <trkpt lat="18.708920000000003" lon="98.87141000000001">
        <ele>368.84000000000003</ele>
      </trkpt>
      <trkpt lat="18.709210000000002" lon="98.87165">
        <ele>370.55</ele>
      </trkpt>
      <trkpt lat="18.709935000465812" lon="98.87200499854315">
        <ele>375.28000000000003</ele>
      </trkpt>
      <trkpt lat="18.71066" lon="98.87236000000001">
        <ele>377.66</ele>
      </trkpt>
      <trkpt lat="18.711316667273383" lon="98.87269666405577">
        <ele>379.8</ele>
      </trkpt>
      <trkpt lat="18.711973333945693" lon="98.87303333072526">
        <ele>381.19</ele>
      </trkpt>
      <trkpt lat="18.71263" lon="98.87337000000001">
        <ele>376.63</ele>
      </trkpt>
      <trkpt lat="18.71272" lon="98.8735">
        <ele>376.04</ele>
      </trkpt>
      <trkpt lat="18.71281" lon="98.87404000000001">
        <ele>379.99000000000007</ele>
      </trkpt>
      <trkpt lat="18.71292" lon="98.87443">
        <ele>381.43000000000006</ele>
      </trkpt>
      <trkpt lat="18.71312" lon="98.87496">
        <ele>381.96000000000004</ele>
      </trkpt>
      <trkpt lat="18.71317" lon="98.87522000000001">
        <ele>382.73</ele>
      </trkpt>
      <trkpt lat="18.713150000000002" lon="98.87541">
        <ele>383.90000000000003</ele>
      </trkpt>
      <trkpt lat="18.71308" lon="98.87565000000001">
        <ele>385.21000000000004</ele>
      </trkpt>
      <trkpt lat="18.712635000312382" lon="98.87608000130317">
        <ele>393.82000000000005</ele>
      </trkpt>
      <trkpt lat="18.712190000000003" lon="98.87651000000001">
        <ele>397.49</ele>
      </trkpt>
      <trkpt lat="18.712040000000002" lon="98.87671">
        <ele>398.88</ele>
      </trkpt>
      <trkpt lat="18.71196" lon="98.87694">
        <ele>400.70000000000005</ele>
      </trkpt>
      <trkpt lat="18.711823337096646" lon="98.87778333474779">
        <ele>403.09000000000003</ele>
      </trkpt>
      <trkpt lat="18.711686670421578" lon="98.87862666813291">
        <ele>403.75000000000006</ele>
      </trkpt>
      <trkpt lat="18.711550000000003" lon="98.87947000000001">
        <ele>404.58000000000004</ele>
      </trkpt>
      <trkpt lat="18.711540000000003" lon="98.87984">
        <ele>404.28000000000003</ele>
      </trkpt>
      <trkpt lat="18.7116" lon="98.8802">
        <ele>404.47</ele>
      </trkpt>
      <trkpt lat="18.711740000000002" lon="98.88055000000001">
        <ele>405.02000000000004</ele>
      </trkpt>
      <trkpt lat="18.71197" lon="98.88089000000001">
        <ele>404.02000000000004</ele>
      </trkpt>
      <trkpt lat="18.712010000000003" lon="98.88101">
        <ele>403.61</ele>
      </trkpt>
      <trkpt lat="18.71199" lon="98.88114">
        <ele>403.61</ele>
      </trkpt>
      <trkpt lat="18.711660000000002" lon="98.88173">
        <ele>402.21</ele>
      </trkpt>
      <trkpt lat="18.7114" lon="98.88214">
        <ele>402.4800000000001</ele>
      </trkpt>
      <trkpt lat="18.71102" lon="98.88272">
        <ele>401.41</ele>
      </trkpt>
      <trkpt lat="18.71092" lon="98.88291000000001">
        <ele>401.41</ele>
      </trkpt>
      <trkpt lat="18.710610000000003" lon="98.88367000000001">
        <ele>399.86</ele>
      </trkpt>
      <trkpt lat="18.710610000000003" lon="98.88388">
        <ele>399.63000000000005</ele>
      </trkpt>
      <trkpt lat="18.710700000000003" lon="98.88404000000001">
        <ele>399.63000000000005</ele>
      </trkpt>
      <trkpt lat="18.71086" lon="98.88421000000001">
        <ele>399.4800000000001</ele>
      </trkpt>
      <trkpt lat="18.711370000000002" lon="98.88464">
        <ele>401.96000000000004</ele>
      </trkpt>
      <trkpt lat="18.71142" lon="98.88472">
        <ele>401.96000000000004</ele>
      </trkpt>
      <trkpt lat="18.711380000000002" lon="98.88506000000001">
        <ele>403.16</ele>
      </trkpt>
      <trkpt lat="18.71149" lon="98.88528000000001">
        <ele>404.41</ele>
      </trkpt>
      <trkpt lat="18.712190000000003" lon="98.88584">
        <ele>410.11</ele>
      </trkpt>
      <trkpt lat="18.71263" lon="98.88607">
        <ele>412.90000000000003</ele>
      </trkpt>
      <trkpt lat="18.71284" lon="98.88624000000002">
        <ele>416.40000000000003</ele>
      </trkpt>
      <trkpt lat="18.713220000000003" lon="98.88668000000001">
        <ele>414.94</ele>
      </trkpt>
      <trkpt lat="18.71338" lon="98.88677000000001">
        <ele>412.52000000000004</ele>
      </trkpt>
      <trkpt lat="18.714010000000002" lon="98.88692">
        <ele>401.09000000000003</ele>
      </trkpt>
      <trkpt lat="18.71449" lon="98.88696">
        <ele>394.71</ele>
      </trkpt>
      <trkpt lat="18.71479" lon="98.88692">
        <ele>392.58000000000004</ele>
      </trkpt>
      <trkpt lat="18.71516" lon="98.88695000000001">
        <ele>389.78000000000003</ele>
      </trkpt>
      <trkpt lat="18.71543" lon="98.88703000000001">
        <ele>388.46000000000004</ele>
      </trkpt>
      <trkpt lat="18.715500000000002" lon="98.88709000000001">
        <ele>388.46000000000004</ele>
      </trkpt>
      <trkpt lat="18.71562" lon="98.88727000000002">
        <ele>387.28000000000003</ele>
      </trkpt>
      <trkpt lat="18.715780000000002" lon="98.88759">
        <ele>386.61</ele>
      </trkpt>
      <trkpt lat="18.715880000000002" lon="98.88774000000001">
        <ele>385.94</ele>
      </trkpt>
      <trkpt lat="18.71591" lon="98.88778">
        <ele>385.39</ele>
      </trkpt>
      <trkpt lat="18.71618" lon="98.88796">
        <ele>383.8</ele>
      </trkpt>
      <trkpt lat="18.71636" lon="98.88829000000001">
        <ele>382.27000000000004</ele>
      </trkpt>
      <trkpt lat="18.716410000974097" lon="98.88889499986156">
        <ele>379.96000000000004</ele>
      </trkpt>
      <trkpt lat="18.71646" lon="98.88950000000001">
        <ele>378.25</ele>
      </trkpt>
      <trkpt lat="18.71646" lon="98.88999000000001">
        <ele>377.46000000000004</ele>
      </trkpt>
      <trkpt lat="18.71639" lon="98.89017000000001">
        <ele>377.17</ele>
      </trkpt>
      <trkpt lat="18.716110000587168" lon="98.89063000071893">
        <ele>375.89000000000004</ele>
      </trkpt>
      <trkpt lat="18.71583" lon="98.89109">
        <ele>375.31</ele>
      </trkpt>
      <trkpt lat="18.715690000000002" lon="98.89160000000001">
        <ele>373.6</ele>
      </trkpt>
      <trkpt lat="18.71547" lon="98.89197000000001">
        <ele>373.05000000000007</ele>
      </trkpt>
      <trkpt lat="18.715335000737173" lon="98.89250500051388">
        <ele>371.61000000000007</ele>
      </trkpt>
      <trkpt lat="18.715200000000003" lon="98.89304000000001">
        <ele>370.22</ele>
      </trkpt>
      <trkpt lat="18.714982504087715" lon="98.89375750279468">
        <ele>367.74</ele>
      </trkpt>
      <trkpt lat="18.714765005444892" lon="98.89447500374392">
        <ele>366.56000000000006</ele>
      </trkpt>
      <trkpt lat="18.71454750407158" lon="98.89519250284776">
        <ele>365.81</ele>
      </trkpt>
      <trkpt lat="18.71433" lon="98.89591000000001">
        <ele>363.93</ele>
      </trkpt>
      <trkpt lat="18.714280000000002" lon="98.89612000000001">
        <ele>363.69</ele>
      </trkpt>
      <trkpt lat="18.71414" lon="98.89619">
        <ele>362.8</ele>
      </trkpt>
      <trkpt lat="18.713980000000003" lon="98.89623">
        <ele>362.19</ele>
      </trkpt>
      <trkpt lat="18.713820000000002" lon="98.89639000000001">
        <ele>360.44000000000005</ele>
      </trkpt>
      <trkpt lat="18.71337" lon="98.89717">
        <ele>357.06000000000006</ele>
      </trkpt>
      <trkpt lat="18.71328" lon="98.89718">
        <ele>357.06000000000006</ele>
      </trkpt>
      <trkpt lat="18.71275" lon="98.89741000000001">
        <ele>356.82</ele>
      </trkpt>
      <trkpt lat="18.71217" lon="98.89774000000001">
        <ele>357.98</ele>
      </trkpt>
      <trkpt lat="18.71159" lon="98.89818000000001">
        <ele>356.86</ele>
      </trkpt>
      <trkpt lat="18.71102" lon="98.89877000000001">
        <ele>348.2</ele>
      </trkpt>
      <trkpt lat="18.710544004505746" lon="98.89942200734178">
        <ele>342.43</ele>
      </trkpt>
      <trkpt lat="18.710068006757165" lon="98.90007401101445">
        <ele>338.52000000000004</ele>
      </trkpt>
      <trkpt lat="18.709592006754338" lon="98.90072601101812">
        <ele>333.96000000000004</ele>
      </trkpt>
      <trkpt lat="18.709116004497336" lon="98.9013780073529">
        <ele>331.34000000000003</ele>
      </trkpt>
      <trkpt lat="18.708640000000003" lon="98.90203000000001">
        <ele>330.32</ele>
      </trkpt>
      <trkpt lat="18.70920000107013" lon="98.90249333020958">
        <ele>329.75000000000006</ele>
      </trkpt>
      <trkpt lat="18.709760001001925" lon="98.90295666348644">
        <ele>330.29</ele>
      </trkpt>
      <trkpt lat="18.710320000000003" lon="98.90342000000001">
        <ele>330.29</ele>
      </trkpt>
      <trkpt lat="18.71103" lon="98.90389">
        <ele>330.22</ele>
      </trkpt>
      <trkpt lat="18.711260000000003" lon="98.90401000000001">
        <ele>330.1</ele>
      </trkpt>
      <trkpt lat="18.71159" lon="98.90410000000001">
        <ele>330.18</ele>
      </trkpt>
      <trkpt lat="18.711920000000003" lon="98.90415">
        <ele>330.49</ele>
      </trkpt>
      <trkpt lat="18.712300000000003" lon="98.90418000000001">
        <ele>330.96000000000004</ele>
      </trkpt>
      <trkpt lat="18.712780000000002" lon="98.90426000000001">
        <ele>331.09000000000003</ele>
      </trkpt>
      <trkpt lat="18.7134" lon="98.90427000000001">
        <ele>331.13000000000005</ele>
      </trkpt>
      <trkpt lat="18.71396" lon="98.90436000000001">
        <ele>331.43</ele>
      </trkpt>
      <trkpt lat="18.714290000000002" lon="98.90449000000001">
        <ele>331.64000000000004</ele>
      </trkpt>
      <trkpt lat="18.714820000339124" lon="98.90478999911674">
        <ele>332.27</ele>
      </trkpt>
      <trkpt lat="18.71535" lon="98.90509">
        <ele>332.73</ele>
      </trkpt>
      <trkpt lat="18.71573" lon="98.90519">
        <ele>332.88</ele>
      </trkpt>
      <trkpt lat="18.715950000000003" lon="98.90520000000001">
        <ele>333.46000000000004</ele>
      </trkpt>
      <trkpt lat="18.71656" lon="98.9051">
        <ele>335.1</ele>
      </trkpt>
      <trkpt lat="18.71669" lon="98.90507000000001">
        <ele>336.55</ele>
      </trkpt>
      <trkpt lat="18.71711" lon="98.90487">
        <ele>337.48</ele>
      </trkpt>
      <trkpt lat="18.71721" lon="98.90486000000001">
        <ele>337.6</ele>
      </trkpt>
      <trkpt lat="18.71772" lon="98.90503000000001">
        <ele>338.16</ele>
      </trkpt>
      <trkpt lat="18.71788" lon="98.90506">
        <ele>338.61</ele>
      </trkpt>
      <trkpt lat="18.71827" lon="98.90507000000001">
        <ele>338.94</ele>
      </trkpt>
      <trkpt lat="18.718760000000003" lon="98.90515">
        <ele>338.87</ele>
      </trkpt>
      <trkpt lat="18.719440000000002" lon="98.90521000000001">
        <ele>338.15</ele>
      </trkpt>
      <trkpt lat="18.719920000000002" lon="98.90529000000001">
        <ele>337.73</ele>
      </trkpt>
      <trkpt lat="18.72044" lon="98.90542">
        <ele>336.97</ele>
      </trkpt>
      <trkpt lat="18.721020000000003" lon="98.90551">
        <ele>336.49</ele>
      </trkpt>
      <trkpt lat="18.72147" lon="98.90551">
        <ele>336.44</ele>
      </trkpt>
      <trkpt lat="18.72198000002551" lon="98.90550000002969">
        <ele>336.02000000000004</ele>
      </trkpt>
      <trkpt lat="18.72249" lon="98.90549000000001">
        <ele>335.71</ele>
      </trkpt>
      <trkpt lat="18.72306" lon="98.90546">
        <ele>335.07000000000005</ele>
      </trkpt>
      <trkpt lat="18.72352" lon="98.90533">
        <ele>334.84000000000003</ele>
      </trkpt>
      <trkpt lat="18.723830000000003" lon="98.90516000000001">
        <ele>334.91</ele>
      </trkpt>
      <trkpt lat="18.72407" lon="98.90508000000001">
        <ele>334.89</ele>
      </trkpt>
      <trkpt lat="18.724705000170516" lon="98.9050600000698">
        <ele>334.46000000000004</ele>
      </trkpt>
      <trkpt lat="18.725340000000003" lon="98.90504000000001">
        <ele>333.26</ele>
      </trkpt>
      <trkpt lat="18.72576" lon="98.90497">
        <ele>333.03000000000003</ele>
      </trkpt>
      <trkpt lat="18.72605" lon="98.90487">
        <ele>332.83</ele>
      </trkpt>
      <trkpt lat="18.72634" lon="98.90482000000002">
        <ele>332.84000000000003</ele>
      </trkpt>
      <trkpt lat="18.726905000206628" lon="98.90479000008948">
        <ele>332.88</ele>
      </trkpt>
      <trkpt lat="18.72747" lon="98.90476000000001">
        <ele>333.04</ele>
      </trkpt>
      <trkpt lat="18.72783" lon="98.90476000000001">
        <ele>332.78000000000003</ele>
      </trkpt>
      <trkpt lat="18.728330000000003" lon="98.90485000000001">
        <ele>331.21</ele>
      </trkpt>
      <trkpt lat="18.72849" lon="98.90493000000001">
        <ele>330.97</ele>
      </trkpt>
      <trkpt lat="18.72866" lon="98.90508000000001">
        <ele>330.71</ele>
      </trkpt>
      <trkpt lat="18.728740000000002" lon="98.90518">
        <ele>330.54</ele>
      </trkpt>
      <trkpt lat="18.72884" lon="98.90547000000001">
        <ele>330.08000000000004</ele>
      </trkpt>
      <trkpt lat="18.72898" lon="98.90545">
        <ele>330.08000000000004</ele>
      </trkpt>
      <trkpt lat="18.72952" lon="98.90543000000001">
        <ele>330.43</ele>
      </trkpt>
      <trkpt lat="18.730020000000003" lon="98.90596000000001">
        <ele>330.70000000000005</ele>
      </trkpt>
      <trkpt lat="18.730150000000002" lon="98.90607000000001">
        <ele>330.71</ele>
      </trkpt>
      <trkpt lat="18.73025" lon="98.90611000000001">
        <ele>330.71</ele>
      </trkpt>
      <trkpt lat="18.73065" lon="98.90620000000001">
        <ele>331.15</ele>
      </trkpt>
      <trkpt lat="18.730590000000003" lon="98.90637000000001">
        <ele>330.65</ele>
      </trkpt>
      <trkpt lat="18.73039" lon="98.90669000000001">
        <ele>330.39</ele>
      </trkpt>
      <trkpt lat="18.730020000000003" lon="98.90717000000001">
        <ele>331.53000000000003</ele>
      </trkpt>
      <trkpt lat="18.72998" lon="98.90728000000001">
        <ele>332.02000000000004</ele>
      </trkpt>
      <trkpt lat="18.72998" lon="98.90737000000001">
        <ele>332.58000000000004</ele>
      </trkpt>
      <trkpt lat="18.72983" lon="98.90744000000001">
        <ele>332.6</ele>
      </trkpt>
      <trkpt lat="18.72933" lon="98.90776000000001">
        <ele>332.67</ele>
      </trkpt>
      <trkpt lat="18.729400000000002" lon="98.90791">
        <ele>333.07000000000005</ele>
      </trkpt>
      <trkpt lat="18.72954" lon="98.90833">
        <ele>333.82</ele>
      </trkpt>
      <trkpt lat="18.729055000380594" lon="98.90866500090426">
        <ele>334.35</ele>
      </trkpt>
      <trkpt lat="18.72857" lon="98.909">
        <ele>334.21</ele>
      </trkpt>
      <trkpt lat="18.728360000000002" lon="98.90917">
        <ele>334.20000000000005</ele>
      </trkpt>
      <trkpt lat="18.728270000000002" lon="98.90933000000001">
        <ele>334.31000000000006</ele>
      </trkpt>
      <trkpt lat="18.72823" lon="98.90947000000001">
        <ele>334.41</ele>
      </trkpt>
      <trkpt lat="18.728250000000003" lon="98.90963">
        <ele>334.54</ele>
      </trkpt>
      <trkpt lat="18.72831" lon="98.9098">
        <ele>334.56</ele>
      </trkpt>
      <trkpt lat="18.72842" lon="98.90998">
        <ele>334.55</ele>
      </trkpt>
      <trkpt lat="18.728800000000003" lon="98.91034">
        <ele>335.08000000000004</ele>
      </trkpt>
      <trkpt lat="18.729020000000002" lon="98.91061">
        <ele>335.72</ele>
      </trkpt>
      <trkpt lat="18.729290000000002" lon="98.9111">
        <ele>336.28000000000003</ele>
      </trkpt>
      <trkpt lat="18.729550001971997" lon="98.91195999870752">
        <ele>335.98</ele>
      </trkpt>
      <trkpt lat="18.72981" lon="98.91282000000001">
        <ele>335.71</ele>
      </trkpt>
      <trkpt lat="18.730110001636813" lon="98.91360999854629">
        <ele>336.15</ele>
      </trkpt>
      <trkpt lat="18.730410000000003" lon="98.91440000000001">
        <ele>336.47</ele>
      </trkpt>
      <trkpt lat="18.730635001038287" lon="98.91503999900915">
        <ele>336.21</ele>
      </trkpt>
      <trkpt lat="18.73086" lon="98.91568000000001">
        <ele>335.45000000000005</ele>
      </trkpt>
      <trkpt lat="18.7311" lon="98.91609000000001">
        <ele>335.6</ele>
      </trkpt>
      <trkpt lat="18.731370000000002" lon="98.91637000000001">
        <ele>335.75000000000006</ele>
      </trkpt>
      <trkpt lat="18.731775000354276" lon="98.91669499928035">
        <ele>335.86</ele>
      </trkpt>
      <trkpt lat="18.732180000000003" lon="98.91702000000001">
        <ele>336.70000000000005</ele>
      </trkpt>
      <trkpt lat="18.73269" lon="98.91753000000001">
        <ele>336.96000000000004</ele>
      </trkpt>
      <trkpt lat="18.73313000159183" lon="98.91807999711781">
        <ele>337.02000000000004</ele>
      </trkpt>
      <trkpt lat="18.733570001577892" lon="98.91862999710034">
        <ele>337.06</ele>
      </trkpt>
      <trkpt lat="18.73401" lon="98.91918000000001">
        <ele>336.78000000000003</ele>
      </trkpt>
      <trkpt lat="18.734560000000002" lon="98.91983">
        <ele>335.72</ele>
      </trkpt>
      <trkpt lat="18.73477" lon="98.92004000000001">
        <ele>335.48</ele>
      </trkpt>
      <trkpt lat="18.735440000686932" lon="98.92052999809286">
        <ele>334.4800000000001</ele>
      </trkpt>
      <trkpt lat="18.73611" lon="98.92102000000001">
        <ele>333.97</ele>
      </trkpt>
      <trkpt lat="18.73628" lon="98.92118">
        <ele>334.20000000000005</ele>
      </trkpt>
      <trkpt lat="18.73639" lon="98.92134000000001">
        <ele>334.22</ele>
      </trkpt>
      <trkpt lat="18.736790000000003" lon="98.92205000000001">
        <ele>334.61</ele>
      </trkpt>
      <trkpt lat="18.73703" lon="98.92233">
        <ele>334.6</ele>
      </trkpt>
      <trkpt lat="18.7374" lon="98.92266000000001">
        <ele>334.82</ele>
      </trkpt>
      <trkpt lat="18.73805" lon="98.92317000000001">
        <ele>334.92</ele>
      </trkpt>
      <trkpt lat="18.738545000426065" lon="98.92351999904555">
        <ele>334.4800000000001</ele>
      </trkpt>
      <trkpt lat="18.739040000000003" lon="98.92387000000001">
        <ele>333.51000000000005</ele>
      </trkpt>
      <trkpt lat="18.739630000000002" lon="98.92415000000001">
        <ele>333.85</ele>
      </trkpt>
      <trkpt lat="18.740000000000002" lon="98.92427">
        <ele>334.14000000000004</ele>
      </trkpt>
      <trkpt lat="18.740260000000003" lon="98.92432000000001">
        <ele>334.26</ele>
      </trkpt>
      <trkpt lat="18.740550000000002" lon="98.92433000000001">
        <ele>334.56</ele>
      </trkpt>
      <trkpt lat="18.74099000015419" lon="98.92422500024378">
        <ele>335.55</ele>
      </trkpt>
      <trkpt lat="18.74143" lon="98.92412">
        <ele>335.66</ele>
      </trkpt>
      <trkpt lat="18.74211" lon="98.92410000000001">
        <ele>334.88</ele>
      </trkpt>
      <trkpt lat="18.74238" lon="98.92408">
        <ele>334.73</ele>
      </trkpt>
      <trkpt lat="18.74265" lon="98.92409">
        <ele>334.65</ele>
      </trkpt>
      <trkpt lat="18.742980000000003" lon="98.92419000000001">
        <ele>334.53000000000003</ele>
      </trkpt>
      <trkpt lat="18.74331" lon="98.92437000000001">
        <ele>334.33</ele>
      </trkpt>
      <trkpt lat="18.743740000000003" lon="98.92477000000001">
        <ele>335.03000000000003</ele>
      </trkpt>
      <trkpt lat="18.743850000000002" lon="98.9248">
        <ele>335.03000000000003</ele>
      </trkpt>
      <trkpt lat="18.7439" lon="98.92507">
        <ele>335.28000000000003</ele>
      </trkpt>
      <trkpt lat="18.74399" lon="98.92515">
        <ele>335.28000000000003</ele>
      </trkpt>
      <trkpt lat="18.744020000000003" lon="98.92524">
        <ele>335.28000000000003</ele>
      </trkpt>
      <trkpt lat="18.744200000000003" lon="98.92581000000001">
        <ele>335.75000000000006</ele>
      </trkpt>
      <trkpt lat="18.74424" lon="98.926">
        <ele>335.37</ele>
      </trkpt>
      <trkpt lat="18.74423" lon="98.92620000000001">
        <ele>334.71</ele>
      </trkpt>
      <trkpt lat="18.74407000072588" lon="98.92672000046733">
        <ele>332.92</ele>
      </trkpt>
      <trkpt lat="18.743910000000003" lon="98.92724000000001">
        <ele>331.77</ele>
      </trkpt>
      <trkpt lat="18.743910000000003" lon="98.92752">
        <ele>330.96000000000004</ele>
      </trkpt>
      <trkpt lat="18.74397" lon="98.92789">
        <ele>330.58000000000004</ele>
      </trkpt>
      <trkpt lat="18.744030000000002" lon="98.92800000000001">
        <ele>330.57000000000005</ele>
      </trkpt>
      <trkpt lat="18.744120000000002" lon="98.92810000000001">
        <ele>330.67</ele>
      </trkpt>
      <trkpt lat="18.744380000000003" lon="98.9282">
        <ele>331.1</ele>
      </trkpt>
      <trkpt lat="18.744490000000003" lon="98.92835000000001">
        <ele>331.14000000000004</ele>
      </trkpt>
      <trkpt lat="18.744500000000002" lon="98.92842">
        <ele>331.14000000000004</ele>
      </trkpt>
      <trkpt lat="18.744670000000003" lon="98.92853000000001">
        <ele>331.21</ele>
      </trkpt>
      <trkpt lat="18.74482" lon="98.92854000000001">
        <ele>331.28000000000003</ele>
      </trkpt>
      <trkpt lat="18.744940000000003" lon="98.92849000000001">
        <ele>331.42</ele>
      </trkpt>
      <trkpt lat="18.74502" lon="98.92848000000001">
        <ele>331.63000000000005</ele>
      </trkpt>
      <trkpt lat="18.74531" lon="98.92823000000001">
        <ele>332.36</ele>
      </trkpt>
      <trkpt lat="18.74567" lon="98.92773000000001">
        <ele>333.25000000000006</ele>
      </trkpt>
      <trkpt lat="18.745810000000002" lon="98.92748">
        <ele>333.18</ele>
      </trkpt>
      <trkpt lat="18.74596" lon="98.92727000000001">
        <ele>332.66</ele>
      </trkpt>
      <trkpt lat="18.746170000000003" lon="98.92701000000001">
        <ele>332.29</ele>
      </trkpt>
      <trkpt lat="18.746480000000002" lon="98.92670000000001">
        <ele>331.84000000000003</ele>
      </trkpt>
      <trkpt lat="18.74678" lon="98.92644000000001">
        <ele>331.92</ele>
      </trkpt>
      <trkpt lat="18.74698" lon="98.92630000000001">
        <ele>332.33</ele>
      </trkpt>
      <trkpt lat="18.74718" lon="98.92621000000001">
        <ele>332.44</ele>
      </trkpt>
      <trkpt lat="18.74734" lon="98.92621000000001">
        <ele>332.44</ele>
      </trkpt>
      <trkpt lat="18.74742" lon="98.92625000000001">
        <ele>332.38</ele>
      </trkpt>
      <trkpt lat="18.747950000000003" lon="98.92664">
        <ele>332.41</ele>
      </trkpt>
      <trkpt lat="18.74849" lon="98.92688000000001">
        <ele>332.40000000000003</ele>
      </trkpt>
      <trkpt lat="18.748730000000002" lon="98.92701000000001">
        <ele>332.54</ele>
      </trkpt>
      <trkpt lat="18.749070000000003" lon="98.92724000000001">
        <ele>332.76</ele>
      </trkpt>
      <trkpt lat="18.749360000000003" lon="98.92746000000001">
        <ele>332.82</ele>
      </trkpt>
      <trkpt lat="18.749570000000002" lon="98.92767">
        <ele>332.87000000000006</ele>
      </trkpt>
      <trkpt lat="18.75006" lon="98.92838">
        <ele>332.83</ele>
      </trkpt>
      <trkpt lat="18.75018" lon="98.92841000000001">
        <ele>332.97</ele>
      </trkpt>
      <trkpt lat="18.75028" lon="98.92839000000001">
        <ele>332.97</ele>
      </trkpt>
      <trkpt lat="18.75060500036994" lon="98.92801000074766">
        <ele>333.35</ele>
      </trkpt>
      <trkpt lat="18.75093" lon="98.92763000000001">
        <ele>333.8</ele>
      </trkpt>
      <trkpt lat="18.75121" lon="98.92734000000002">
        <ele>334.21</ele>
      </trkpt>
      <trkpt lat="18.751450000000002" lon="98.92717">
        <ele>334.57000000000005</ele>
      </trkpt>
      <trkpt lat="18.75167" lon="98.92704">
        <ele>334.70000000000005</ele>
      </trkpt>
      <trkpt lat="18.751920000000002" lon="98.92683000000001">
        <ele>334.89</ele>
      </trkpt>
      <trkpt lat="18.752470000000002" lon="98.92626000000001">
        <ele>335.48</ele>
      </trkpt>
      <trkpt lat="18.752910001302965" lon="98.9257633359319">
        <ele>335.91</ele>
      </trkpt>
      <trkpt lat="18.753350001295292" lon="98.92526666927392">
        <ele>337.40000000000003</ele>
      </trkpt>
      <trkpt lat="18.753790000000002" lon="98.92477000000001">
        <ele>340.66</ele>
      </trkpt>
      <trkpt lat="18.754280000803444" lon="98.92424500144821">
        <ele>343.67</ele>
      </trkpt>
      <trkpt lat="18.75477" lon="98.92372">
        <ele>344.30000000000007</ele>
      </trkpt>
      <trkpt lat="18.755010000000002" lon="98.92349">
        <ele>345.38</ele>
      </trkpt>
      <trkpt lat="18.755370000000003" lon="98.92323">
        <ele>346.12</ele>
      </trkpt>
      <trkpt lat="18.75580500002394" lon="98.92299500067219">
        <ele>346.72</ele>
      </trkpt>
      <trkpt lat="18.756240000000002" lon="98.92276000000001">
        <ele>347.42</ele>
      </trkpt>
      <trkpt lat="18.756500000000003" lon="98.92259000000001">
        <ele>348.01000000000005</ele>
      </trkpt>
      <trkpt lat="18.75703" lon="98.92236000000001">
        <ele>348.6</ele>
      </trkpt>
      <trkpt lat="18.75729" lon="98.92228000000001">
        <ele>349.98</ele>
      </trkpt>
      <trkpt lat="18.757710000000003" lon="98.92219000000001">
        <ele>349.28000000000003</ele>
      </trkpt>
      <trkpt lat="18.757920000000002" lon="98.92219000000001">
        <ele>348.19000000000005</ele>
      </trkpt>
      <trkpt lat="18.75871" lon="98.92233">
        <ele>342.18</ele>
      </trkpt>
      <trkpt lat="18.75927" lon="98.92236000000001">
        <ele>339.96000000000004</ele>
      </trkpt>
      <trkpt lat="18.75936" lon="98.92234">
        <ele>339.96000000000004</ele>
      </trkpt>
      <trkpt lat="18.75945" lon="98.92229">
        <ele>339.33000000000004</ele>
      </trkpt>
      <trkpt lat="18.759800000000002" lon="98.92189">
        <ele>337.65</ele>
      </trkpt>
      <trkpt lat="18.7605" lon="98.92131">
        <ele>339.02000000000004</ele>
      </trkpt>
      <trkpt lat="18.76078" lon="98.92121">
        <ele>342.68</ele>
      </trkpt>
      <trkpt lat="18.76066" lon="98.92171">
        <ele>342.59</ele>
      </trkpt>
      <trkpt lat="18.760630000000003" lon="98.92195000000001">
        <ele>342.68</ele>
      </trkpt>
      <trkpt lat="18.760630000000003" lon="98.92239000000001">
        <ele>343.15</ele>
      </trkpt>
      <trkpt lat="18.760710000000003" lon="98.92281000000001">
        <ele>343.42</ele>
      </trkpt>
      <trkpt lat="18.760820000000002" lon="98.92323">
        <ele>343.44</ele>
      </trkpt>
      <trkpt lat="18.76097" lon="98.92360000000001">
        <ele>343.25000000000006</ele>
      </trkpt>
      <trkpt lat="18.761010000000002" lon="98.92375000000001">
        <ele>343.25000000000006</ele>
      </trkpt>
      <trkpt lat="18.76103" lon="98.9239">
        <ele>343.23</ele>
      </trkpt>
      <trkpt lat="18.76103" lon="98.92474000000001">
        <ele>344.11</ele>
      </trkpt>
      <trkpt lat="18.76107" lon="98.92500000000001">
        <ele>345.96000000000004</ele>
      </trkpt>
      <trkpt lat="18.761180000000003" lon="98.92524">
        <ele>347.16</ele>
      </trkpt>
      <trkpt lat="18.761665001329224" lon="98.92594499798498">
        <ele>347.46999999999997</ele>
      </trkpt>
      <trkpt lat="18.762150000000002" lon="98.92665000000001">
        <ele>344.37</ele>
      </trkpt>
      <trkpt lat="18.762210000000003" lon="98.92683000000001">
        <ele>344.06</ele>
      </trkpt>
      <trkpt lat="18.762230000000002" lon="98.927">
        <ele>344.06</ele>
      </trkpt>
      <trkpt lat="18.762120000000003" lon="98.92741000000001">
        <ele>343.31</ele>
      </trkpt>
      <trkpt lat="18.76237" lon="98.92785">
        <ele>343.48</ele>
      </trkpt>
      <trkpt lat="18.762834004626594" lon="98.92850999273085">
        <ele>344.26</ele>
      </trkpt>
      <trkpt lat="18.76329800693777" lon="98.92916998909305">
        <ele>344.63000000000005</ele>
      </trkpt>
      <trkpt lat="18.763762006933458" lon="98.9298299890867">
        <ele>344.53</ele>
      </trkpt>
      <trkpt lat="18.764226004613583" lon="98.93048999271193">
        <ele>344.40000000000003</ele>
      </trkpt>
      <trkpt lat="18.76469" lon="98.93115">
        <ele>344.14</ele>
      </trkpt>
      <trkpt lat="18.76483" lon="98.93159000000001">
        <ele>343.69000000000005</ele>
      </trkpt>
      <trkpt lat="18.764855001896997" lon="98.93243499984442">
        <ele>342.73</ele>
      </trkpt>
      <trkpt lat="18.76488" lon="98.93328000000001">
        <ele>343.15</ele>
      </trkpt>
      <trkpt lat="18.76497" lon="98.93372000000001">
        <ele>344.06</ele>
      </trkpt>
      <trkpt lat="18.76521333676218" lon="98.9345233310088">
        <ele>342.67</ele>
      </trkpt>
      <trkpt lat="18.765456670093638" lon="98.93532666433588">
        <ele>339.16</ele>
      </trkpt>
      <trkpt lat="18.765700000000002" lon="98.93613">
        <ele>337.20000000000005</ele>
      </trkpt>
      <trkpt lat="18.76572" lon="98.93638000000001">
        <ele>336.70000000000005</ele>
      </trkpt>
      <trkpt lat="18.765720003662363" lon="98.93721000006639">
        <ele>335.32</ele>
      </trkpt>
      <trkpt lat="18.765720003662366" lon="98.93804000013279">
        <ele>334.25000000000006</ele>
      </trkpt>
      <trkpt lat="18.76572" lon="98.93887000000001">
        <ele>334.86</ele>
      </trkpt>
      <trkpt lat="18.765690000000003" lon="98.93948">
        <ele>339.27</ele>
      </trkpt>
      <trkpt lat="18.765700000000002" lon="98.93957">
        <ele>339.54</ele>
      </trkpt>
      <trkpt lat="18.76576" lon="98.93966">
        <ele>339.45000000000005</ele>
      </trkpt>
      <trkpt lat="18.76624" lon="98.94017000000001">
        <ele>336.70000000000005</ele>
      </trkpt>
      <trkpt lat="18.7665" lon="98.94051">
        <ele>339.27</ele>
      </trkpt>
      <trkpt lat="18.766530000000003" lon="98.9406">
        <ele>339.59</ele>
      </trkpt>
      <trkpt lat="18.76669" lon="98.9407">
        <ele>339.65</ele>
      </trkpt>
      <trkpt lat="18.766730000000003" lon="98.9407">
        <ele>339.55</ele>
      </trkpt>
      <trkpt lat="18.76688" lon="98.94066000000001">
        <ele>339.57000000000005</ele>
      </trkpt>
      <trkpt lat="18.76696" lon="98.94061">
        <ele>339.64000000000004</ele>
      </trkpt>
      <trkpt lat="18.76714" lon="98.94041000000001">
        <ele>340.21</ele>
      </trkpt>
      <trkpt lat="18.767220000000002" lon="98.94041000000001">
        <ele>340.2</ele>
      </trkpt>
      <trkpt lat="18.767290000000003" lon="98.94043">
        <ele>340.2</ele>
      </trkpt>
      <trkpt lat="18.7676" lon="98.94059000000001">
        <ele>339.86000000000007</ele>
      </trkpt>
      <trkpt lat="18.76809" lon="98.941">
        <ele>337.94</ele>
      </trkpt>
      <trkpt lat="18.768330000000002" lon="98.94126000000001">
        <ele>337.14000000000004</ele>
      </trkpt>
      <trkpt lat="18.76856" lon="98.94159">
        <ele>336.3</ele>
      </trkpt>
      <trkpt lat="18.768690000000003" lon="98.94201000000001">
        <ele>335.53000000000003</ele>
      </trkpt>
      <trkpt lat="18.76883" lon="98.94277000000001">
        <ele>334.44</ele>
      </trkpt>
      <trkpt lat="18.768880000000003" lon="98.94315">
        <ele>334.03000000000003</ele>
      </trkpt>
      <trkpt lat="18.76902" lon="98.94347">
        <ele>333.70000000000005</ele>
      </trkpt>
      <trkpt lat="18.7691" lon="98.94415000000001">
        <ele>333.43</ele>
      </trkpt>
      <trkpt lat="18.76929" lon="98.94474000000001">
        <ele>333.33</ele>
      </trkpt>
      <trkpt lat="18.76948" lon="98.94538000000001">
        <ele>332.93</ele>
      </trkpt>
      <trkpt lat="18.76995" lon="98.94535">
        <ele>333.9800000000001</ele>
      </trkpt>
      <trkpt lat="18.77018" lon="98.9454">
        <ele>334.03000000000003</ele>
      </trkpt>
      <trkpt lat="18.77032" lon="98.94546000000001">
        <ele>334.04</ele>
      </trkpt>
      <trkpt lat="18.770670000000003" lon="98.94567">
        <ele>333.1</ele>
      </trkpt>
      <trkpt lat="18.771140000000003" lon="98.94602">
        <ele>331.83</ele>
      </trkpt>
      <trkpt lat="18.771430000000002" lon="98.94614000000001">
        <ele>331.71</ele>
      </trkpt>
      <trkpt lat="18.771530000000002" lon="98.94615">
        <ele>331.89</ele>
      </trkpt>
      <trkpt lat="18.771710000000002" lon="98.94612000000001">
        <ele>332.54</ele>
      </trkpt>
      <trkpt lat="18.772100000000002" lon="98.94596000000001">
        <ele>334.39</ele>
      </trkpt>
      <trkpt lat="18.77222" lon="98.94593">
        <ele>334.72</ele>
      </trkpt>
      <trkpt lat="18.77234" lon="98.94593">
        <ele>334.96000000000004</ele>
      </trkpt>
      <trkpt lat="18.772750000000002" lon="98.94608000000001">
        <ele>335.36</ele>
      </trkpt>
      <trkpt lat="18.773600000000002" lon="98.94627000000001">
        <ele>335.53000000000003</ele>
      </trkpt>
      <trkpt lat="18.77383" lon="98.94639000000001">
        <ele>335.84000000000003</ele>
      </trkpt>
      <trkpt lat="18.774230000000003" lon="98.94666000000001">
        <ele>335.8</ele>
      </trkpt>
      <trkpt lat="18.77486500083254" lon="98.94720499798335">
        <ele>335.91</ele>
      </trkpt>
      <trkpt lat="18.7755" lon="98.94775000000001">
        <ele>336.59</ele>
      </trkpt>
      <trkpt lat="18.775820000000003" lon="98.94799">
        <ele>337.16</ele>
      </trkpt>
      <trkpt lat="18.77595" lon="98.94812">
        <ele>337.25000000000006</ele>
      </trkpt>
      <trkpt lat="18.77606" lon="98.94833000000001">
        <ele>337.22</ele>
      </trkpt>
      <trkpt lat="18.77625" lon="98.94916">
        <ele>336.85</ele>
      </trkpt>
      <trkpt lat="18.776390000000003" lon="98.94957000000001">
        <ele>336.54</ele>
      </trkpt>
      <trkpt lat="18.776480000000003" lon="98.94978">
        <ele>335.84000000000003</ele>
      </trkpt>
      <trkpt lat="18.77675" lon="98.95013">
        <ele>335.4200000000001</ele>
      </trkpt>
      <trkpt lat="18.77693" lon="98.95030000000001">
        <ele>335.28000000000003</ele>
      </trkpt>
      <trkpt lat="18.777440000000002" lon="98.95054">
        <ele>334.52000000000004</ele>
      </trkpt>
      <trkpt lat="18.777810000000002" lon="98.95065000000001">
        <ele>334.06</ele>
      </trkpt>
      <trkpt lat="18.77815" lon="98.95071000000002">
        <ele>333.92</ele>
      </trkpt>
      <trkpt lat="18.77832" lon="98.95072">
        <ele>334.0</ele>
      </trkpt>
      <trkpt lat="18.7788" lon="98.95074000000001">
        <ele>334.57000000000005</ele>
      </trkpt>
      <trkpt lat="18.77918" lon="98.95073000000001">
        <ele>335.20000000000005</ele>
      </trkpt>
      <trkpt lat="18.779320000000002" lon="98.95076">
        <ele>335.31000000000006</ele>
      </trkpt>
      <trkpt lat="18.779410000000002" lon="98.95081">
        <ele>335.37</ele>
      </trkpt>
      <trkpt lat="18.77984" lon="98.95113">
        <ele>335.78000000000003</ele>
      </trkpt>
      <trkpt lat="18.78003" lon="98.95137000000001">
        <ele>335.87</ele>
      </trkpt>
      <trkpt lat="18.780060000000002" lon="98.95149">
        <ele>335.87</ele>
      </trkpt>
      <trkpt lat="18.780050000000003" lon="98.95197">
        <ele>335.85</ele>
      </trkpt>
      <trkpt lat="18.78003" lon="98.95235000000001">
        <ele>336.28000000000003</ele>
      </trkpt>
      <trkpt lat="18.780070000000002" lon="98.95248000000001">
        <ele>336.35</ele>
      </trkpt>
      <trkpt lat="18.780460000283757" lon="98.95277499935675">
        <ele>336.17</ele>
      </trkpt>
      <trkpt lat="18.78085" lon="98.95307000000001">
        <ele>335.87</ele>
      </trkpt>
      <trkpt lat="18.78123" lon="98.95333000000001">
        <ele>335.66</ele>
      </trkpt>
      <trkpt lat="18.78182500046436" lon="98.9536699988889">
        <ele>334.94</ele>
      </trkpt>
      <trkpt lat="18.782420000000002" lon="98.95401000000001">
        <ele>335.07000000000005</ele>
      </trkpt>
      <trkpt lat="18.78255" lon="98.95414000000001">
        <ele>335.07000000000005</ele>
      </trkpt>
      <trkpt lat="18.782700000000002" lon="98.95444">
        <ele>334.98</ele>
      </trkpt>
      <trkpt lat="18.782760000000003" lon="98.95451000000001">
        <ele>334.99</ele>
      </trkpt>
      <trkpt lat="18.78282" lon="98.95455000000001">
        <ele>334.99</ele>
      </trkpt>
      <trkpt lat="18.78283" lon="98.95455000000001">
        <ele>334.99</ele>
      </trkpt>
      <trkpt lat="18.78338" lon="98.95481000000001">
        <ele>335.21</ele>
      </trkpt>
      <trkpt lat="18.78348" lon="98.95437000000001">
        <ele>337.46000000000004</ele>
      </trkpt>
      <trkpt lat="18.783530000000003" lon="98.95403">
        <ele>339.34000000000003</ele>
      </trkpt>
      <trkpt lat="18.783640000000002" lon="98.95386">
        <ele>340.53000000000003</ele>
      </trkpt>
      <trkpt lat="18.78379" lon="98.95375000000001">
        <ele>341.17</ele>
      </trkpt>
      <trkpt lat="18.78388" lon="98.95377">
        <ele>340.94</ele>
      </trkpt>
      <trkpt lat="18.784480000000002" lon="98.95409000000001">
        <ele>337.09</ele>
      </trkpt>
      <trkpt lat="18.785095000237792" lon="98.95433499913662">
        <ele>336.68</ele>
      </trkpt>
      <trkpt lat="18.78571" lon="98.95458">
        <ele>336.1</ele>
      </trkpt>
      <trkpt lat="18.785950000000003" lon="98.95463000000001">
        <ele>336.11</ele>
      </trkpt>
      <trkpt lat="18.78621" lon="98.95465000000002">
        <ele>336.25000000000006</ele>
      </trkpt>
      <trkpt lat="18.786905000114" lon="98.95460500017866">
        <ele>337.07000000000005</ele>
      </trkpt>
      <trkpt lat="18.7876" lon="98.95456000000001">
        <ele>338.41</ele>
      </trkpt>
      <trkpt lat="18.78834" lon="98.9547">
        <ele>339.95000000000005</ele>
      </trkpt>
      <trkpt lat="18.788769999958006" lon="98.95491999935093">
        <ele>339.78000000000003</ele>
      </trkpt>
      <trkpt lat="18.7892" lon="98.95514000000001">
        <ele>338.69000000000005</ele>
      </trkpt>
      <trkpt lat="18.789350000000002" lon="98.95524">
        <ele>338.49</ele>
      </trkpt>
      <trkpt lat="18.78977" lon="98.95580000000001">
        <ele>337.88</ele>
      </trkpt>
      <trkpt lat="18.789930000000002" lon="98.95592">
        <ele>337.88</ele>
      </trkpt>
      <trkpt lat="18.79004" lon="98.95598000000001">
        <ele>337.99</ele>
      </trkpt>
      <trkpt lat="18.79051" lon="98.95609">
        <ele>338.02000000000004</ele>
      </trkpt>
      <trkpt lat="18.790570000000002" lon="98.95612000000001">
        <ele>338.02000000000004</ele>
      </trkpt>
      <trkpt lat="18.79078" lon="98.95633000000001">
        <ele>337.91</ele>
      </trkpt>
      <trkpt lat="18.7912" lon="98.95638000000001">
        <ele>336.19000000000005</ele>
      </trkpt>
      <trkpt lat="18.79147" lon="98.95644000000001">
        <ele>334.95000000000005</ele>
      </trkpt>
      <trkpt lat="18.791899999891232" lon="98.95661999945872">
        <ele>333.94</ele>
      </trkpt>
      <trkpt lat="18.792330000000003" lon="98.9568">
        <ele>333.81000000000006</ele>
      </trkpt>
      <trkpt lat="18.792585006355374" lon="98.95590750407061">
        <ele>334.59000000000003</ele>
      </trkpt>
      <trkpt lat="18.79284000847091" lon="98.95501500543787">
        <ele>335.40000000000003</ele>
      </trkpt>
      <trkpt lat="18.793095006346544" lon="98.95412250410176">
        <ele>336.52000000000004</ele>
      </trkpt>
      <trkpt lat="18.79335" lon="98.95323">
        <ele>338.57000000000005</ele>
      </trkpt>
      <trkpt lat="18.794107499994105" lon="98.95323249996623">
        <ele>338.45000000000005</ele>
      </trkpt>
      <trkpt lat="18.794864999988178" lon="98.95323499995497">
        <ele>338.1</ele>
      </trkpt>
      <trkpt lat="18.795622499982215" lon="98.9532374999662">
        <ele>336.89000000000004</ele>
      </trkpt>
      <trkpt lat="18.796380000000003" lon="98.95324000000001">
        <ele>336.34000000000003</ele>
      </trkpt>
      <trkpt lat="18.79642" lon="98.95319">
        <ele>336.34000000000003</ele>
      </trkpt>
      <trkpt lat="18.796490000000002" lon="98.95316000000001">
        <ele>336.44</ele>
      </trkpt>
      <trkpt lat="18.796560000000003" lon="98.95317000000001">
        <ele>336.44</ele>
      </trkpt>
      <trkpt lat="18.79662" lon="98.95323">
        <ele>336.28000000000003</ele>
      </trkpt>
      <trkpt lat="18.79664" lon="98.95330000000001">
        <ele>336.28000000000003</ele>
      </trkpt>
      <trkpt lat="18.797342500018132" lon="98.95329000012498">
        <ele>335.34000000000003</ele>
      </trkpt>
      <trkpt lat="18.79804500003574" lon="98.95328000016646">
        <ele>334.92</ele>
      </trkpt>
      <trkpt lat="18.798747500052805" lon="98.95327000012449">
        <ele>334.65</ele>
      </trkpt>
      <trkpt lat="18.79945" lon="98.95326000000001">
        <ele>335.38</ele>
      </trkpt>
      <trkpt lat="18.79992" lon="98.95329000000001">
        <ele>335.75000000000006</ele>
      </trkpt>
      <trkpt lat="18.80009" lon="98.95332">
        <ele>335.72</ele>
      </trkpt>
      <trkpt lat="18.800530000000002" lon="98.95345">
        <ele>334.65</ele>
      </trkpt>
      <trkpt lat="18.800910000000002" lon="98.95365000000001">
        <ele>332.94</ele>
      </trkpt>
      <trkpt lat="18.800980000000003" lon="98.95373000000001">
        <ele>332.62</ele>
      </trkpt>
      <trkpt lat="18.801060000000003" lon="98.95393000000001">
        <ele>332.23</ele>
      </trkpt>
      <trkpt lat="18.80111" lon="98.95442000000001">
        <ele>332.06</ele>
      </trkpt>
      <trkpt lat="18.80115" lon="98.95452">
        <ele>332.06</ele>
      </trkpt>
      <trkpt lat="18.80123" lon="98.95459000000001">
        <ele>332.36</ele>
      </trkpt>
      <trkpt lat="18.80178" lon="98.95478000000001">
        <ele>333.26</ele>
      </trkpt>
      <trkpt lat="18.801840000000002" lon="98.95476000000001">
        <ele>333.16</ele>
      </trkpt>
      <trkpt lat="18.80205" lon="98.95457">
        <ele>333.08000000000004</ele>
      </trkpt>
      <trkpt lat="18.80227" lon="98.95442000000001">
        <ele>332.87000000000006</ele>
      </trkpt>
      <trkpt lat="18.80236" lon="98.9544">
        <ele>332.63000000000005</ele>
      </trkpt>
      <trkpt lat="18.802590000000002" lon="98.95436000000001">
        <ele>332.44</ele>
      </trkpt>
      <trkpt lat="18.80279" lon="98.95435">
        <ele>332.21</ele>
      </trkpt>
      <trkpt lat="18.8033" lon="98.95429000000001">
        <ele>331.61</ele>
      </trkpt>
      <trkpt lat="18.803420000000003" lon="98.95425">
        <ele>330.85</ele>
      </trkpt>
      <trkpt lat="18.80358" lon="98.95415000000001">
        <ele>330.3</ele>
      </trkpt>
      <trkpt lat="18.803880000000003" lon="98.95389">
        <ele>330.27</ele>
      </trkpt>
      <trkpt lat="18.80393" lon="98.95391000000001">
        <ele>330.24</ele>
      </trkpt>
      <trkpt lat="18.803990000000002" lon="98.95386">
        <ele>330.24</ele>
      </trkpt>
      <trkpt lat="18.804100000000002" lon="98.95388000000001">
        <ele>330.24</ele>
      </trkpt>
      <trkpt lat="18.80431" lon="98.95397000000001">
        <ele>330.28000000000003</ele>
      </trkpt>
      <trkpt lat="18.804830000000003" lon="98.95431">
        <ele>330.84000000000003</ele>
      </trkpt>
      <trkpt lat="18.80496" lon="98.95442000000001">
        <ele>331.18</ele>
      </trkpt>
      <trkpt lat="18.805130000000002" lon="98.95453">
        <ele>331.68</ele>
      </trkpt>
      <trkpt lat="18.80516" lon="98.95451000000001">
        <ele>331.68</ele>
      </trkpt>
      <trkpt lat="18.80523" lon="98.95451000000001">
        <ele>332.69000000000005</ele>
      </trkpt>
      <trkpt lat="18.805290000000003" lon="98.95456000000001">
        <ele>332.69000000000005</ele>
      </trkpt>
      <trkpt lat="18.805490000000002" lon="98.95424000000001">
        <ele>333.41</ele>
      </trkpt>
      <trkpt lat="18.805730000641574" lon="98.9537500006945">
        <ele>334.67</ele>
      </trkpt>
      <trkpt lat="18.805970000000002" lon="98.95326000000001">
        <ele>335.84000000000003</ele>
      </trkpt>
      <trkpt lat="18.80659000098544" lon="98.9536124960987">
        <ele>335.47</ele>
      </trkpt>
      <trkpt lat="18.80721000130908" lon="98.95396499479546">
        <ele>335.51000000000005</ele>
      </trkpt>
      <trkpt lat="18.807830000970903" lon="98.95431749609031">
        <ele>335.07000000000005</ele>
      </trkpt>
      <trkpt lat="18.80845" lon="98.95467000000001">
        <ele>335.91</ele>
      </trkpt>
      <trkpt lat="18.80806715120639" lon="98.95539286701339">
        <ele>335.07000000000005</ele>
      </trkpt>
      <trkpt lat="18.807684299629525" lon="98.95611573073661">
        <ele>334.1</ele>
      </trkpt>
      <trkpt lat="18.807301445269463" lon="98.95683859116971">
        <ele>333.36</ele>
      </trkpt>
      <trkpt lat="18.80691858812629" lon="98.95756144831276">
        <ele>332.44</ele>
      </trkpt>
      <trkpt lat="18.80653572820007" lon="98.95828430216582">
        <ele>331.52000000000004</ele>
      </trkpt>
      <trkpt lat="18.80615286549089" lon="98.95900715272897">
        <ele>330.14000000000004</ele>
      </trkpt>
      <trkpt lat="18.805770000000003" lon="98.95973000000001">
        <ele>329.42</ele>
      </trkpt>
      <trkpt lat="18.80534715272151" lon="98.9605157261314">
        <ele>327.27</ele>
      </trkpt>
      <trkpt lat="18.804924302155055" lon="98.96130144831346">
        <ele>326.22</ele>
      </trkpt>
      <trkpt lat="18.80450144830074" lon="98.96208716654634">
        <ele>325.85</ele>
      </trkpt>
      <trkpt lat="18.804078591158667" lon="98.96287288083009">
        <ele>326.01</ele>
      </trkpt>
      <trkpt lat="18.803655730728924" lon="98.96365859116476">
        <ele>326.07</ele>
      </trkpt>
      <trkpt lat="18.803232867011612" lon="98.96444429755049">
        <ele>325.83</ele>
      </trkpt>
      <trkpt lat="18.80281" lon="98.96523">
        <ele>325.22</ele>
      </trkpt>
      <trkpt lat="18.802465003436204" lon="98.96588500401079">
        <ele>324.48</ele>
      </trkpt>
      <trkpt lat="18.80212000458778" lon="98.96654000533587">
        <ele>324.29</ele>
      </trkpt>
      <trkpt lat="18.801775003454786" lon="98.96719500397536">
        <ele>323.86</ele>
      </trkpt>
      <trkpt lat="18.80143" lon="98.96785000000001">
        <ele>322.99</ele>
      </trkpt>
      <trkpt lat="18.801050005252783" lon="98.96855200633146">
        <ele>322.43000000000006</ele>
      </trkpt>
      <trkpt lat="18.80067000788146" lon="98.96925400949276">
        <ele>322.61</ele>
      </trkpt>
      <trkpt lat="18.800290007886105" lon="98.969956009484">
        <ele>322.40000000000003</ele>
      </trkpt>
      <trkpt lat="18.799910005266785" lon="98.97065800630521">
        <ele>322.20000000000005</ele>
      </trkpt>
      <trkpt lat="18.79953" lon="98.97136">
        <ele>321.53000000000003</ele>
      </trkpt>
      <trkpt lat="18.799195003219154" lon="98.97199500379378">
        <ele>321.35</ele>
      </trkpt>
      <trkpt lat="18.798860004291402" lon="98.97263000505981">
        <ele>321.06</ele>
      </trkpt>
      <trkpt lat="18.79852500321677" lon="98.97326500379816">
        <ele>320.95</ele>
      </trkpt>
      <trkpt lat="18.79819" lon="98.97390000000001">
        <ele>320.68</ele>
      </trkpt>
      <trkpt lat="18.798675000230514" lon="98.9741499993127">
        <ele>319.69</ele>
      </trkpt>
      <trkpt lat="18.79916" lon="98.9744">
        <ele>320.42</ele>
      </trkpt>
      <trkpt lat="18.79888" lon="98.97499">
        <ele>320.15999999999997</ele>
      </trkpt>
      <trkpt lat="18.79936" lon="98.97522000000001">
        <ele>319.83</ele>
      </trkpt>
      <trkpt lat="18.800045000137963" lon="98.97542499917347">
        <ele>319.82000000000005</ele>
      </trkpt>
      <trkpt lat="18.80073" lon="98.97563000000001">
        <ele>319.55</ele>
      </trkpt>
      <trkpt lat="18.80113" lon="98.97577000000001">
        <ele>319.35</ele>
      </trkpt>
      <trkpt lat="18.80133" lon="98.97502000000001">
        <ele>319.53000000000003</ele>
      </trkpt>
      <trkpt lat="18.802016666711495" lon="98.97512333248825">
        <ele>319.89</ele>
      </trkpt>
      <trkpt lat="18.80270333336613" lon="98.97522666581978">
        <ele>320.05</ele>
      </trkpt>
      <trkpt lat="18.80339" lon="98.97533000000001">
        <ele>320.29</ele>
      </trkpt>
      <trkpt lat="18.80345500076934" lon="98.97479000026757">
        <ele>319.8</ele>
      </trkpt>
      <trkpt lat="18.803520000000002" lon="98.97425000000001">
        <ele>320.59000000000003</ele>
      </trkpt>
      <trkpt lat="18.804193333422706" lon="98.97437666565365">
        <ele>320.8</ele>
      </trkpt>
      <trkpt lat="18.80486666675997" lon="98.97450333232104">
        <ele>320.81000000000006</ele>
      </trkpt>
      <trkpt lat="18.80554" lon="98.97463">
        <ele>320.28000000000003</ele>
      </trkpt>
      <trkpt lat="18.805625001287314" lon="98.97392500065669">
        <ele>319.65999999999997</ele>
      </trkpt>
      <trkpt lat="18.80571" lon="98.97322000000001">
        <ele>319.79</ele>
      </trkpt>
    </trkseg>
  </trk>
</gpx>