<?xml version="1.0" encoding="UTF-8"?>
<gpx xmlns="http://www.topografix.com/GPX/1/1" xmlns:route="http://gpx-routes.example.com/1.0" xmlns:xsi="http://www.w3.org/2001/XMLSchema-instance" xsi:schemaLocation="http://www.topografix.com/GPX/1/1 http://www.topografix.com/GPX/1/1/gpx.xsd" version="1.1" creator="https://www.komoot.de">
  <metadata>
    <name>CM: Sri Lanna</name>
    <desc>Distance: 142.5 km | Elevation: +592m / -586m</desc>
    <author>
      <link href="https://www.komoot.de">
        <text>komoot</text>
        <type>text/html</type>
      </link>
    </author>
    <extensions>
      <route:distance>142.5</route:distance>
      <route:elevation>592</route:elevation>
    </extensions>
  </metadata>
  <trk>
    <name>CM: Sri Lanna</name>
    <trkseg>
      <trkpt lat="18.805511" lon="98.974964">
        <ele>318.271846</ele>
        <time>2025-11-18T08:09:50.434000Z</time>
      </trkpt>
      <trkpt lat="18.805313" lon="98.976725">
        <ele>318.055857</ele>
        <time>2025-11-18T08:10:24.839000Z</time>
      </trkpt>
      <trkpt lat="18.80525" lon="98.977286">
        <ele>317.907657</ele>
        <time>2025-11-18T08:10:36.265000Z</time>
      </trkpt>
      <trkpt lat="18.805122" lon="98.9784">
        <ele>317.842726</ele>
        <time>2025-11-18T08:11:00.027000Z</time>
      </trkpt>
      <trkpt lat="18.805096" lon="98.978495">
        <ele>317.853958</ele>
        <time>2025-11-18T08:11:02.289000Z</time>
      </trkpt>
      <trkpt lat="18.804966" lon="98.978615">
        <ele>317.874672</ele>
        <time>2025-11-18T08:11:06.378000Z</time>
      </trkpt>
      <trkpt lat="18.804574" lon="98.978571">
        <ele>317.921971</ele>
        <time>2025-11-18T08:11:15.687000Z</time>
      </trkpt>
      <trkpt lat="18.804043" lon="98.978504">
        <ele>317.986137</ele>
        <time>2025-11-18T08:11:28.185000Z</time>
      </trkpt>
      <trkpt lat="18.803016" lon="98.978376">
        <ele>317.550384</ele>
        <time>2025-11-18T08:11:49.878000Z</time>
      </trkpt>
      <trkpt lat="18.802858" lon="98.978357">
        <ele>317.481191</ele>
        <time>2025-11-18T08:11:53.019000Z</time>
      </trkpt>
      <trkpt lat="18.802596" lon="98.978912">
        <ele>317.225737</ele>
        <time>2025-11-18T08:12:04.724000Z</time>
      </trkpt>
      <trkpt lat="18.802577" lon="98.978938">
        <ele>317.212208</ele>
        <time>2025-11-18T08:12:05.324000Z</time>
      </trkpt>
      <trkpt lat="18.802373" lon="98.979207">
        <ele>317.062588</ele>
        <time>2025-11-18T08:12:11.797000Z</time>
      </trkpt>
      <trkpt lat="18.802344" lon="98.979253">
        <ele>317.038546</ele>
        <time>2025-11-18T08:12:12.851000Z</time>
      </trkpt>
      <trkpt lat="18.802222" lon="98.979441">
        <ele>316.939394</ele>
        <time>2025-11-18T08:12:17.256000Z</time>
      </trkpt>
      <trkpt lat="18.802145" lon="98.97964">
        <ele>316.845876</ele>
        <time>2025-11-18T08:12:21.504000Z</time>
      </trkpt>
      <trkpt lat="18.802131" lon="98.979676">
        <ele>316.828946</ele>
        <time>2025-11-18T08:12:22.310000Z</time>
      </trkpt>
      <trkpt lat="18.801663" lon="98.980868">
        <ele>316.257377</ele>
        <time>2025-11-18T08:12:48.261000Z</time>
      </trkpt>
      <trkpt lat="18.801598" lon="98.981071">
        <ele>316.155691</ele>
        <time>2025-11-18T08:12:52.200000Z</time>
      </trkpt>
      <trkpt lat="18.801533" lon="98.981274">
        <ele>316.054004</ele>
        <time>2025-11-18T08:12:56.159000Z</time>
      </trkpt>
      <trkpt lat="18.801411" lon="98.981664">
        <ele>315.859103</ele>
        <time>2025-11-18T08:13:04.056000Z</time>
      </trkpt>
      <trkpt lat="18.801391" lon="98.98173">
        <ele>315.82622</ele>
        <time>2025-11-18T08:13:05.473000Z</time>
      </trkpt>
      <trkpt lat="18.801202" lon="98.982345">
        <ele>315.519404</ele>
        <time>2025-11-18T08:13:17.608000Z</time>
      </trkpt>
      <trkpt lat="18.801124" lon="98.98259">
        <ele>315.523311</ele>
        <time>2025-11-18T08:13:22.792000Z</time>
      </trkpt>
      <trkpt lat="18.801108" lon="98.98266">
        <ele>315.542057</ele>
        <time>2025-11-18T08:13:24.334000Z</time>
      </trkpt>
      <trkpt lat="18.801041" lon="98.982864">
        <ele>315.598268</ele>
        <time>2025-11-18T08:13:29.354000Z</time>
      </trkpt>
      <trkpt lat="18.800971" lon="98.98312">
        <ele>315.667635</ele>
        <time>2025-11-18T08:13:35.736000Z</time>
      </trkpt>
      <trkpt lat="18.800826" lon="98.983405">
        <ele>315.751864</ele>
        <time>2025-11-18T08:13:43.705000Z</time>
      </trkpt>
      <trkpt lat="18.800754" lon="98.983638">
        <ele>315.815669</ele>
        <time>2025-11-18T08:13:49.770000Z</time>
      </trkpt>
      <trkpt lat="18.800764" lon="98.983925">
        <ele>315.890433</ele>
        <time>2025-11-18T08:13:56.168000Z</time>
      </trkpt>
      <trkpt lat="18.800736" lon="98.984256">
        <ele>315.957917</ele>
        <time>2025-11-18T08:14:03.337000Z</time>
      </trkpt>
      <trkpt lat="18.800617" lon="98.984587">
        <ele>315.594338</ele>
        <time>2025-11-18T08:14:10.388000Z</time>
      </trkpt>
      <trkpt lat="18.800448" lon="98.984886">
        <ele>315.23674</ele>
        <time>2025-11-18T08:14:16.567000Z</time>
      </trkpt>
      <trkpt lat="18.800326" lon="98.985397">
        <ele>314.69558</ele>
        <time>2025-11-18T08:14:25.770000Z</time>
      </trkpt>
      <trkpt lat="18.800314" lon="98.986004">
        <ele>314.072135</ele>
        <time>2025-11-18T08:14:36.244000Z</time>
      </trkpt>
      <trkpt lat="18.800396" lon="98.986186">
        <ele>313.913731</ele>
        <time>2025-11-18T08:14:39.736000Z</time>
      </trkpt>
      <trkpt lat="18.800493" lon="98.986388">
        <ele>313.75316</ele>
        <time>2025-11-18T08:14:43.787000Z</time>
      </trkpt>
      <trkpt lat="18.800564" lon="98.986553">
        <ele>313.624672</ele>
        <time>2025-11-18T08:14:47.099000Z</time>
      </trkpt>
      <trkpt lat="18.800579" lon="98.986644">
        <ele>313.55919</ele>
        <time>2025-11-18T08:14:48.774000Z</time>
      </trkpt>
      <trkpt lat="18.800411" lon="98.987504">
        <ele>312.936677</ele>
        <time>2025-11-18T08:15:05.681000Z</time>
      </trkpt>
      <trkpt lat="18.800358" lon="98.987606">
        <ele>312.854191</ele>
        <time>2025-11-18T08:15:08.031000Z</time>
      </trkpt>
      <trkpt lat="18.800117" lon="98.987882">
        <ele>312.627373</ele>
        <time>2025-11-18T08:15:15.681000Z</time>
      </trkpt>
      <trkpt lat="18.799634" lon="98.988406">
        <ele>312.343299</ele>
        <time>2025-11-18T08:15:30.249000Z</time>
      </trkpt>
      <trkpt lat="18.799544" lon="98.988562">
        <ele>312.27234</ele>
        <time>2025-11-18T08:15:33.544000Z</time>
      </trkpt>
      <trkpt lat="18.799468" lon="98.98872">
        <ele>312.203503</ele>
        <time>2025-11-18T08:15:36.879000Z</time>
      </trkpt>
      <trkpt lat="18.799401" lon="98.98899">
        <ele>312.095088</ele>
        <time>2025-11-18T08:15:42.681000Z</time>
      </trkpt>
      <trkpt lat="18.7994" lon="98.989339">
        <ele>311.95953</ele>
        <time>2025-11-18T08:15:49.766000Z</time>
      </trkpt>
      <trkpt lat="18.799398" lon="98.989555">
        <ele>311.81233</ele>
        <time>2025-11-18T08:15:54.112000Z</time>
      </trkpt>
      <trkpt lat="18.799398" lon="98.989633">
        <ele>311.750833</ele>
        <time>2025-11-18T08:15:55.715000Z</time>
      </trkpt>
      <trkpt lat="18.799408" lon="98.989694">
        <ele>311.702024</ele>
        <time>2025-11-18T08:15:56.897000Z</time>
      </trkpt>
      <trkpt lat="18.799437" lon="98.989859">
        <ele>311.569711</ele>
        <time>2025-11-18T08:16:00.204000Z</time>
      </trkpt>
      <trkpt lat="18.799451" lon="98.989958">
        <ele>311.490791</ele>
        <time>2025-11-18T08:16:02.150000Z</time>
      </trkpt>
      <trkpt lat="18.799451" lon="98.990034">
        <ele>311.430871</ele>
        <time>2025-11-18T08:16:03.545000Z</time>
      </trkpt>
      <trkpt lat="18.799444" lon="98.99013">
        <ele>311.354959</ele>
        <time>2025-11-18T08:16:05.332000Z</time>
      </trkpt>
      <trkpt lat="18.799446" lon="98.99035">
        <ele>311.181498</ele>
        <time>2025-11-18T08:16:09.313000Z</time>
      </trkpt>
      <trkpt lat="18.799464" lon="98.990759">
        <ele>310.858685</ele>
        <time>2025-11-18T08:16:17.008000Z</time>
      </trkpt>
      <trkpt lat="18.799471" lon="98.99092">
        <ele>310.731616</ele>
        <time>2025-11-18T08:16:20.140000Z</time>
      </trkpt>
      <trkpt lat="18.799493" lon="98.991452">
        <ele>310.256841</ele>
        <time>2025-11-18T08:16:29.472000Z</time>
      </trkpt>
      <trkpt lat="18.799521" lon="98.991649">
        <ele>310.03201</ele>
        <time>2025-11-18T08:16:32.854000Z</time>
      </trkpt>
      <trkpt lat="18.799553" lon="98.991869">
        <ele>309.7808</ele>
        <time>2025-11-18T08:16:36.777000Z</time>
      </trkpt>
      <trkpt lat="18.799828" lon="98.992627">
        <ele>308.864633</ele>
        <time>2025-11-18T08:16:50.882000Z</time>
      </trkpt>
      <trkpt lat="18.799979" lon="98.993054">
        <ele>308.350185</ele>
        <time>2025-11-18T08:16:59.292000Z</time>
      </trkpt>
      <trkpt lat="18.800037" lon="98.993223">
        <ele>308.286269</ele>
        <time>2025-11-18T08:17:02.670000Z</time>
      </trkpt>
      <trkpt lat="18.800064" lon="98.993309">
        <ele>308.280416</ele>
        <time>2025-11-18T08:17:04.440000Z</time>
      </trkpt>
      <trkpt lat="18.800137" lon="98.993656">
        <ele>308.257457</ele>
        <time>2025-11-18T08:17:11.460000Z</time>
      </trkpt>
      <trkpt lat="18.800141" lon="98.993689">
        <ele>308.255308</ele>
        <time>2025-11-18T08:17:12.245000Z</time>
      </trkpt>
      <trkpt lat="18.800148" lon="98.993804">
        <ele>308.247865</ele>
        <time>2025-11-18T08:17:14.752000Z</time>
      </trkpt>
      <trkpt lat="18.80015" lon="98.993849">
        <ele>308.244955</ele>
        <time>2025-11-18T08:17:15.788000Z</time>
      </trkpt>
      <trkpt lat="18.800147" lon="98.993951">
        <ele>308.238364</ele>
        <time>2025-11-18T08:17:17.969000Z</time>
      </trkpt>
      <trkpt lat="18.800133" lon="98.994103">
        <ele>308.228499</ele>
        <time>2025-11-18T08:17:21.146000Z</time>
      </trkpt>
      <trkpt lat="18.800054" lon="98.994551">
        <ele>308.199065</ele>
        <time>2025-11-18T08:17:30.452000Z</time>
      </trkpt>
      <trkpt lat="18.800045" lon="98.994598">
        <ele>308.195968</ele>
        <time>2025-11-18T08:17:31.489000Z</time>
      </trkpt>
      <trkpt lat="18.799998" lon="98.994849">
        <ele>308.179442</ele>
        <time>2025-11-18T08:17:37.750000Z</time>
      </trkpt>
      <trkpt lat="18.799978" lon="98.994952">
        <ele>308.17265</ele>
        <time>2025-11-18T08:17:40.389000Z</time>
      </trkpt>
      <trkpt lat="18.799956" lon="98.99508">
        <ele>308.235567</ele>
        <time>2025-11-18T08:17:43.282000Z</time>
      </trkpt>
      <trkpt lat="18.799904" lon="98.995383">
        <ele>308.399078</ele>
        <time>2025-11-18T08:17:49.953000Z</time>
      </trkpt>
      <trkpt lat="18.799898" lon="98.99574">
        <ele>308.588669</ele>
        <time>2025-11-18T08:17:58.634000Z</time>
      </trkpt>
      <trkpt lat="18.799898" lon="98.995781">
        <ele>308.61044</ele>
        <time>2025-11-18T08:17:59.643000Z</time>
      </trkpt>
      <trkpt lat="18.799966" lon="98.996028">
        <ele>308.747027</ele>
        <time>2025-11-18T08:18:05.921000Z</time>
      </trkpt>
      <trkpt lat="18.800098" lon="98.996382">
        <ele>308.949052</ele>
        <time>2025-11-18T08:18:14.984000Z</time>
      </trkpt>
      <trkpt lat="18.800154" lon="98.996493">
        <ele>309.015839</ele>
        <time>2025-11-18T08:18:17.930000Z</time>
      </trkpt>
      <trkpt lat="18.800226" lon="98.996636">
        <ele>309.101841</ele>
        <time>2025-11-18T08:18:21.648000Z</time>
      </trkpt>
      <trkpt lat="18.800631" lon="98.997444">
        <ele>309.088871</ele>
        <time>2025-11-18T08:18:41.697000Z</time>
      </trkpt>
      <trkpt lat="18.800829" lon="98.997923">
        <ele>309.02606</ele>
        <time>2025-11-18T08:18:52.347000Z</time>
      </trkpt>
      <trkpt lat="18.801013" lon="98.998788">
        <ele>308.922056</ele>
        <time>2025-11-18T08:19:09.100000Z</time>
      </trkpt>
      <trkpt lat="18.801085" lon="98.999165">
        <ele>308.879391</ele>
        <time>2025-11-18T08:19:17.033000Z</time>
      </trkpt>
      <trkpt lat="18.801092" lon="98.9992">
        <ele>308.875423</ele>
        <time>2025-11-18T08:19:17.788000Z</time>
      </trkpt>
      <trkpt lat="18.801098" lon="98.999252">
        <ele>308.869611</ele>
        <time>2025-11-18T08:19:18.896000Z</time>
      </trkpt>
      <trkpt lat="18.801128" lon="98.999481">
        <ele>308.843966</ele>
        <time>2025-11-18T08:19:23.830000Z</time>
      </trkpt>
      <trkpt lat="18.801134" lon="99.000307">
        <ele>308.752332</ele>
        <time>2025-11-18T08:19:41.543000Z</time>
      </trkpt>
      <trkpt lat="18.801103" lon="99.000579">
        <ele>308.682105</ele>
        <time>2025-11-18T08:19:47.451000Z</time>
      </trkpt>
      <trkpt lat="18.800895" lon="99.001446">
        <ele>308.383385</ele>
        <time>2025-11-18T08:20:05.341000Z</time>
      </trkpt>
      <trkpt lat="18.800793" lon="99.001841">
        <ele>308.24664</ele>
        <time>2025-11-18T08:20:13.037000Z</time>
      </trkpt>
      <trkpt lat="18.80076" lon="99.001945">
        <ele>308.210006</ele>
        <time>2025-11-18T08:20:15.107000Z</time>
      </trkpt>
      <trkpt lat="18.800642" lon="99.002324">
        <ele>308.141877</ele>
        <time>2025-11-18T08:20:22.814000Z</time>
      </trkpt>
      <trkpt lat="18.800613" lon="99.002421">
        <ele>308.180644</ele>
        <time>2025-11-18T08:20:24.802000Z</time>
      </trkpt>
      <trkpt lat="18.800525" lon="99.002739">
        <ele>308.306907</ele>
        <time>2025-11-18T08:20:31.379000Z</time>
      </trkpt>
      <trkpt lat="18.800376" lon="99.003265">
        <ele>308.516151</ele>
        <time>2025-11-18T08:20:43.252000Z</time>
      </trkpt>
      <trkpt lat="18.800138" lon="99.004107">
        <ele>308.860045</ele>
        <time>2025-11-18T08:21:05.159000Z</time>
      </trkpt>
      <trkpt lat="18.800002" lon="99.004554">
        <ele>309.120494</ele>
        <time>2025-11-18T08:21:17.982000Z</time>
      </trkpt>
      <trkpt lat="18.800021" lon="99.005359">
        <ele>309.567177</ele>
        <time>2025-11-18T08:21:38.570000Z</time>
      </trkpt>
      <trkpt lat="18.800039" lon="99.005543">
        <ele>309.669788</ele>
        <time>2025-11-18T08:21:42.100000Z</time>
      </trkpt>
      <trkpt lat="18.800066" lon="99.005943">
        <ele>309.884146</ele>
        <time>2025-11-18T08:21:49.516000Z</time>
      </trkpt>
      <trkpt lat="18.800108" lon="99.006386">
        <ele>309.845649</ele>
        <time>2025-11-18T08:21:57.685000Z</time>
      </trkpt>
      <trkpt lat="18.800118" lon="99.006488">
        <ele>309.836782</ele>
        <time>2025-11-18T08:21:59.522000Z</time>
      </trkpt>
      <trkpt lat="18.800131" lon="99.006629">
        <ele>309.824533</ele>
        <time>2025-11-18T08:22:02.112000Z</time>
      </trkpt>
      <trkpt lat="18.800166" lon="99.006994">
        <ele>309.79281</ele>
        <time>2025-11-18T08:22:09.435000Z</time>
      </trkpt>
      <trkpt lat="18.800218" lon="99.007516">
        <ele>309.747425</ele>
        <time>2025-11-18T08:22:20.554000Z</time>
      </trkpt>
      <trkpt lat="18.800309" lon="99.008167">
        <ele>309.821051</ele>
        <time>2025-11-18T08:22:37.631000Z</time>
      </trkpt>
      <trkpt lat="18.800427" lon="99.008642">
        <ele>309.960771</ele>
        <time>2025-11-18T08:22:50.851000Z</time>
      </trkpt>
      <trkpt lat="18.800776" lon="99.009332">
        <ele>310.18335</ele>
        <time>2025-11-18T08:23:06.645000Z</time>
      </trkpt>
      <trkpt lat="18.801015" lon="99.009776">
        <ele>310.096598</ele>
        <time>2025-11-18T08:23:15.945000Z</time>
      </trkpt>
      <trkpt lat="18.801121" lon="99.009967">
        <ele>309.941864</ele>
        <time>2025-11-18T08:23:20.078000Z</time>
      </trkpt>
      <trkpt lat="18.8013" lon="99.01029">
        <ele>309.680289</ele>
        <time>2025-11-18T08:23:27.356000Z</time>
      </trkpt>
      <trkpt lat="18.801356" lon="99.010395">
        <ele>309.596062</ele>
        <time>2025-11-18T08:23:29.616000Z</time>
      </trkpt>
      <trkpt lat="18.801433" lon="99.01054">
        <ele>309.479869</ele>
        <time>2025-11-18T08:23:32.689000Z</time>
      </trkpt>
      <trkpt lat="18.801782" lon="99.011226">
        <ele>308.935589</ele>
        <time>2025-11-18T08:23:47.188000Z</time>
      </trkpt>
      <trkpt lat="18.801803" lon="99.011266">
        <ele>308.917853</ele>
        <time>2025-11-18T08:23:48.078000Z</time>
      </trkpt>
      <trkpt lat="18.802115" lon="99.011864">
        <ele>308.666891</ele>
        <time>2025-11-18T08:24:01.202000Z</time>
      </trkpt>
      <trkpt lat="18.802176" lon="99.012001">
        <ele>308.611246</ele>
        <time>2025-11-18T08:24:04.112000Z</time>
      </trkpt>
      <trkpt lat="18.802236" lon="99.012135">
        <ele>308.556764</ele>
        <time>2025-11-18T08:24:06.914000Z</time>
      </trkpt>
      <trkpt lat="18.802182" lon="99.012187">
        <ele>308.528394</ele>
        <time>2025-11-18T08:24:08.430000Z</time>
      </trkpt>
      <trkpt lat="18.801888" lon="99.012461">
        <ele>308.376172</ele>
        <time>2025-11-18T08:24:16.348000Z</time>
      </trkpt>
      <trkpt lat="18.801129" lon="99.01314">
        <ele>308.657794</ele>
        <time>2025-11-18T08:24:40.073000Z</time>
      </trkpt>
      <trkpt lat="18.80098" lon="99.013273">
        <ele>308.788248</ele>
        <time>2025-11-18T08:24:45.095000Z</time>
      </trkpt>
      <trkpt lat="18.800588" lon="99.013625">
        <ele>309.132315</ele>
        <time>2025-11-18T08:24:58.679000Z</time>
      </trkpt>
      <trkpt lat="18.801094" lon="99.014351">
        <ele>309.455345</ele>
        <time>2025-11-18T08:25:20.524000Z</time>
      </trkpt>
      <trkpt lat="18.801385" lon="99.014759">
        <ele>309.476338</ele>
        <time>2025-11-18T08:25:31.979000Z</time>
      </trkpt>
      <trkpt lat="18.801722" lon="99.015232">
        <ele>309.500666</ele>
        <time>2025-11-18T08:25:43.555000Z</time>
      </trkpt>
      <trkpt lat="18.80176" lon="99.015285">
        <ele>309.503399</ele>
        <time>2025-11-18T08:25:44.934000Z</time>
      </trkpt>
      <trkpt lat="18.802174" lon="99.015866">
        <ele>309.26013</ele>
        <time>2025-11-18T08:25:59.106000Z</time>
      </trkpt>
      <trkpt lat="18.802269" lon="99.015998">
        <ele>309.157793</ele>
        <time>2025-11-18T08:26:02.057000Z</time>
      </trkpt>
      <trkpt lat="18.802539" lon="99.016377">
        <ele>308.865049</ele>
        <time>2025-11-18T08:26:10.683000Z</time>
      </trkpt>
      <trkpt lat="18.802663" lon="99.016538">
        <ele>308.736952</ele>
        <time>2025-11-18T08:26:14.882000Z</time>
      </trkpt>
      <trkpt lat="18.802931" lon="99.016926">
        <ele>308.440522</ele>
        <time>2025-11-18T08:26:25.338000Z</time>
      </trkpt>
      <trkpt lat="18.803042" lon="99.017079">
        <ele>308.32694</ele>
        <time>2025-11-18T08:26:28.856000Z</time>
      </trkpt>
      <trkpt lat="18.803124" lon="99.017197">
        <ele>308.258686</ele>
        <time>2025-11-18T08:26:31.337000Z</time>
      </trkpt>
      <trkpt lat="18.803276" lon="99.017357">
        <ele>308.152993</ele>
        <time>2025-11-18T08:26:35.244000Z</time>
      </trkpt>
      <trkpt lat="18.803509" lon="99.017691">
        <ele>307.959537</ele>
        <time>2025-11-18T08:26:42.633000Z</time>
      </trkpt>
      <trkpt lat="18.803726" lon="99.018007">
        <ele>307.777508</ele>
        <time>2025-11-18T08:26:50.712000Z</time>
      </trkpt>
      <trkpt lat="18.80376" lon="99.018056">
        <ele>307.749181</ele>
        <time>2025-11-18T08:26:51.862000Z</time>
      </trkpt>
      <trkpt lat="18.804015" lon="99.01843">
        <ele>307.53427</ele>
        <time>2025-11-18T08:27:01.369000Z</time>
      </trkpt>
      <trkpt lat="18.804256" lon="99.018776">
        <ele>307.556583</ele>
        <time>2025-11-18T08:27:10.197000Z</time>
      </trkpt>
      <trkpt lat="18.804904" lon="99.019688">
        <ele>307.981968</ele>
        <time>2025-11-18T08:27:36.729000Z</time>
      </trkpt>
      <trkpt lat="18.805056" lon="99.019898">
        <ele>308.080583</ele>
        <time>2025-11-18T08:27:42.824000Z</time>
      </trkpt>
      <trkpt lat="18.805174" lon="99.020063">
        <ele>308.157725</ele>
        <time>2025-11-18T08:27:47.696000Z</time>
      </trkpt>
      <trkpt lat="18.805482" lon="99.02049">
        <ele>308.26676</ele>
        <time>2025-11-18T08:27:59.634000Z</time>
      </trkpt>
      <trkpt lat="18.805885" lon="99.02105">
        <ele>308.404197</ele>
        <time>2025-11-18T08:28:14.415000Z</time>
      </trkpt>
      <trkpt lat="18.806258" lon="99.021568">
        <ele>308.531353</ele>
        <time>2025-11-18T08:28:28.936000Z</time>
      </trkpt>
      <trkpt lat="18.806506" lon="99.021911">
        <ele>308.615248</ele>
        <time>2025-11-18T08:28:38.061000Z</time>
      </trkpt>
      <trkpt lat="18.806855" lon="99.022396">
        <ele>308.733618</ele>
        <time>2025-11-18T08:28:50.968000Z</time>
      </trkpt>
      <trkpt lat="18.807038" lon="99.022646">
        <ele>308.795021</ele>
        <time>2025-11-18T08:28:58.266000Z</time>
      </trkpt>
      <trkpt lat="18.807735" lon="99.023618">
        <ele>308.624756</ele>
        <time>2025-11-18T08:29:25.199000Z</time>
      </trkpt>
      <trkpt lat="18.807925" lon="99.023879">
        <ele>308.480502</ele>
        <time>2025-11-18T08:29:31.466000Z</time>
      </trkpt>
      <trkpt lat="18.808049" lon="99.024057">
        <ele>308.383674</ele>
        <time>2025-11-18T08:29:35.609000Z</time>
      </trkpt>
      <trkpt lat="18.808432" lon="99.024608">
        <ele>308.084175</ele>
        <time>2025-11-18T08:29:48.383000Z</time>
      </trkpt>
      <trkpt lat="18.80858" lon="99.024821">
        <ele>307.930717</ele>
        <time>2025-11-18T08:29:53.060000Z</time>
      </trkpt>
      <trkpt lat="18.808733" lon="99.025041">
        <ele>307.768561</ele>
        <time>2025-11-18T08:29:57.884000Z</time>
      </trkpt>
      <trkpt lat="18.808879" lon="99.025251">
        <ele>307.613794</ele>
        <time>2025-11-18T08:30:02.551000Z</time>
      </trkpt>
      <trkpt lat="18.809083" lon="99.025544">
        <ele>307.397747</ele>
        <time>2025-11-18T08:30:09.207000Z</time>
      </trkpt>
      <trkpt lat="18.809138" lon="99.025623">
        <ele>307.339496</ele>
        <time>2025-11-18T08:30:11.122000Z</time>
      </trkpt>
      <trkpt lat="18.809308" lon="99.025869">
        <ele>307.158579</ele>
        <time>2025-11-18T08:30:17.455000Z</time>
      </trkpt>
      <trkpt lat="18.809367" lon="99.025955">
        <ele>307.09549</ele>
        <time>2025-11-18T08:30:19.707000Z</time>
      </trkpt>
      <trkpt lat="18.809448" lon="99.026068">
        <ele>307.011296</ele>
        <time>2025-11-18T08:30:22.651000Z</time>
      </trkpt>
      <trkpt lat="18.809516" lon="99.02617">
        <ele>306.956438</ele>
        <time>2025-11-18T08:30:25.164000Z</time>
      </trkpt>
      <trkpt lat="18.809679" lon="99.026395">
        <ele>307.167988</ele>
        <time>2025-11-18T08:30:31.015000Z</time>
      </trkpt>
      <trkpt lat="18.809737" lon="99.02649">
        <ele>307.252393</ele>
        <time>2025-11-18T08:30:33.722000Z</time>
      </trkpt>
      <trkpt lat="18.809865" lon="99.026681">
        <ele>307.427125</ele>
        <time>2025-11-18T08:30:39.672000Z</time>
      </trkpt>
      <trkpt lat="18.810189" lon="99.027142">
        <ele>307.855833</ele>
        <time>2025-11-18T08:30:54.523000Z</time>
      </trkpt>
      <trkpt lat="18.810261" lon="99.027255">
        <ele>307.957538</ele>
        <time>2025-11-18T08:30:58.148000Z</time>
      </trkpt>
      <trkpt lat="18.810326" lon="99.027342">
        <ele>308.040292</ele>
        <time>2025-11-18T08:31:01.098000Z</time>
      </trkpt>
      <trkpt lat="18.810439" lon="99.027507">
        <ele>308.192351</ele>
        <time>2025-11-18T08:31:06.383000Z</time>
      </trkpt>
      <trkpt lat="18.811017" lon="99.028346">
        <ele>308.419653</ele>
        <time>2025-11-18T08:31:29.947000Z</time>
      </trkpt>
      <trkpt lat="18.811384" lon="99.028426">
        <ele>308.446728</ele>
        <time>2025-11-18T08:31:37.543000Z</time>
      </trkpt>
      <trkpt lat="18.811777" lon="99.02851">
        <ele>308.475699</ele>
        <time>2025-11-18T08:31:45.910000Z</time>
      </trkpt>
      <trkpt lat="18.812275" lon="99.02861">
        <ele>308.501788</ele>
        <time>2025-11-18T08:31:56.800000Z</time>
      </trkpt>
      <trkpt lat="18.812421" lon="99.028633">
        <ele>308.506183</ele>
        <time>2025-11-18T08:32:00.329000Z</time>
      </trkpt>
      <trkpt lat="18.813611" lon="99.02882">
        <ele>308.542001</ele>
        <time>2025-11-18T08:32:27.958000Z</time>
      </trkpt>
      <trkpt lat="18.814164" lon="99.028907">
        <ele>308.447329</ele>
        <time>2025-11-18T08:32:40.259000Z</time>
      </trkpt>
      <trkpt lat="18.814474" lon="99.028951">
        <ele>308.359708</ele>
        <time>2025-11-18T08:32:46.881000Z</time>
      </trkpt>
      <trkpt lat="18.81552" lon="99.029143">
        <ele>308.062302</ele>
        <time>2025-11-18T08:33:08.402000Z</time>
      </trkpt>
      <trkpt lat="18.816178" lon="99.029358">
        <ele>308.250826</ele>
        <time>2025-11-18T08:33:24.306000Z</time>
      </trkpt>
      <trkpt lat="18.816386" lon="99.029451">
        <ele>308.32568</ele>
        <time>2025-11-18T08:33:29.340000Z</time>
      </trkpt>
      <trkpt lat="18.816869" lon="99.029694">
        <ele>308.50298</ele>
        <time>2025-11-18T08:33:42.046000Z</time>
      </trkpt>
      <trkpt lat="18.817047" lon="99.029813">
        <ele>308.572792</ele>
        <time>2025-11-18T08:33:47.458000Z</time>
      </trkpt>
      <trkpt lat="18.817259" lon="99.029967">
        <ele>308.661533</ele>
        <time>2025-11-18T08:33:54.627000Z</time>
      </trkpt>
      <trkpt lat="18.817366" lon="99.030042">
        <ele>308.712371</ele>
        <time>2025-11-18T08:33:58.182000Z</time>
      </trkpt>
      <trkpt lat="18.817852" lon="99.030398">
        <ele>308.946505</ele>
        <time>2025-11-18T08:34:12.400000Z</time>
      </trkpt>
      <trkpt lat="18.81796" lon="99.030479">
        <ele>308.998942</ele>
        <time>2025-11-18T08:34:15.229000Z</time>
      </trkpt>
      <trkpt lat="18.818195" lon="99.030654">
        <ele>309.112769</ele>
        <time>2025-11-18T08:34:21.707000Z</time>
      </trkpt>
      <trkpt lat="18.818847" lon="99.03114">
        <ele>309.399949</ele>
        <time>2025-11-18T08:34:40.361000Z</time>
      </trkpt>
      <trkpt lat="18.819606" lon="99.031734">
        <ele>309.633259</ele>
        <time>2025-11-18T08:35:01.989000Z</time>
      </trkpt>
      <trkpt lat="18.819754" lon="99.031842">
        <ele>309.677688</ele>
        <time>2025-11-18T08:35:06.440000Z</time>
      </trkpt>
      <trkpt lat="18.821193" lon="99.032974">
        <ele>310.010316</ele>
        <time>2025-11-18T08:35:48.096000Z</time>
      </trkpt>
      <trkpt lat="18.821397" lon="99.033142">
        <ele>310.05243</ele>
        <time>2025-11-18T08:35:53.856000Z</time>
      </trkpt>
      <trkpt lat="18.821532" lon="99.033251">
        <ele>310.080095</ele>
        <time>2025-11-18T08:35:57.637000Z</time>
      </trkpt>
      <trkpt lat="18.821624" lon="99.033325">
        <ele>310.085981</ele>
        <time>2025-11-18T08:36:00.218000Z</time>
      </trkpt>
      <trkpt lat="18.822383" lon="99.033914">
        <ele>310.030622</ele>
        <time>2025-11-18T08:36:21.099000Z</time>
      </trkpt>
      <trkpt lat="18.823083" lon="99.034456">
        <ele>309.995368</ele>
        <time>2025-11-18T08:36:39.621000Z</time>
      </trkpt>
      <trkpt lat="18.823724" lon="99.034951">
        <ele>310.129143</ele>
        <time>2025-11-18T08:36:57.710000Z</time>
      </trkpt>
      <trkpt lat="18.824151" lon="99.03528">
        <ele>310.218187</ele>
        <time>2025-11-18T08:37:10.193000Z</time>
      </trkpt>
      <trkpt lat="18.824637" lon="99.03564">
        <ele>310.292993</ele>
        <time>2025-11-18T08:37:24.067000Z</time>
      </trkpt>
      <trkpt lat="18.824935" lon="99.035878">
        <ele>310.305519</ele>
        <time>2025-11-18T08:37:32.643000Z</time>
      </trkpt>
      <trkpt lat="18.825704" lon="99.036473">
        <ele>310.337481</ele>
        <time>2025-11-18T08:37:53.682000Z</time>
      </trkpt>
      <trkpt lat="18.826085" lon="99.036752">
        <ele>310.361442</ele>
        <time>2025-11-18T08:38:03.751000Z</time>
      </trkpt>
      <trkpt lat="18.826212" lon="99.036846">
        <ele>310.373957</ele>
        <time>2025-11-18T08:38:07.107000Z</time>
      </trkpt>
      <trkpt lat="18.827136" lon="99.037522">
        <ele>310.464671</ele>
        <time>2025-11-18T08:38:32.253000Z</time>
      </trkpt>
      <trkpt lat="18.82766" lon="99.037908">
        <ele>310.63036</ele>
        <time>2025-11-18T08:38:47.321000Z</time>
      </trkpt>
      <trkpt lat="18.828092" lon="99.038227">
        <ele>310.875093</ele>
        <time>2025-11-18T08:38:59.966000Z</time>
      </trkpt>
      <trkpt lat="18.828635" lon="99.038629">
        <ele>311.182969</ele>
        <time>2025-11-18T08:39:16.472000Z</time>
      </trkpt>
      <trkpt lat="18.828763" lon="99.038724">
        <ele>311.255604</ele>
        <time>2025-11-18T08:39:20.368000Z</time>
      </trkpt>
      <trkpt lat="18.829294" lon="99.0391">
        <ele>311.354604</ele>
        <time>2025-11-18T08:39:35.828000Z</time>
      </trkpt>
      <trkpt lat="18.830437" lon="99.039909">
        <ele>311.386681</ele>
        <time>2025-11-18T08:40:06.398000Z</time>
      </trkpt>
      <trkpt lat="18.830753" lon="99.040126">
        <ele>311.13218</ele>
        <time>2025-11-18T08:40:13.762000Z</time>
      </trkpt>
      <trkpt lat="18.831083" lon="99.040325">
        <ele>310.875594</ele>
        <time>2025-11-18T08:40:20.957000Z</time>
      </trkpt>
      <trkpt lat="18.831249" lon="99.040372">
        <ele>310.759542</ele>
        <time>2025-11-18T08:40:24.163000Z</time>
      </trkpt>
      <trkpt lat="18.831745" lon="99.040627">
        <ele>310.387053</ele>
        <time>2025-11-18T08:40:34.959000Z</time>
      </trkpt>
      <trkpt lat="18.831862" lon="99.040687">
        <ele>310.29923</ele>
        <time>2025-11-18T08:40:37.751000Z</time>
      </trkpt>
      <trkpt lat="18.832107" lon="99.040805">
        <ele>310.290327</ele>
        <time>2025-11-18T08:40:43.446000Z</time>
      </trkpt>
      <trkpt lat="18.832142" lon="99.040824">
        <ele>310.311434</ele>
        <time>2025-11-18T08:40:44.291000Z</time>
      </trkpt>
      <trkpt lat="18.832807" lon="99.041188">
        <ele>310.713169</ele>
        <time>2025-11-18T08:41:02.045000Z</time>
      </trkpt>
      <trkpt lat="18.832913" lon="99.041244">
        <ele>310.776739</ele>
        <time>2025-11-18T08:41:05.260000Z</time>
      </trkpt>
      <trkpt lat="18.833154" lon="99.041364">
        <ele>310.919648</ele>
        <time>2025-11-18T08:41:12.842000Z</time>
      </trkpt>
      <trkpt lat="18.833265" lon="99.04147">
        <ele>310.999905</ele>
        <time>2025-11-18T08:41:17.133000Z</time>
      </trkpt>
      <trkpt lat="18.83339" lon="99.041537">
        <ele>311.07509</ele>
        <time>2025-11-18T08:41:20.880000Z</time>
      </trkpt>
      <trkpt lat="18.833588" lon="99.041632">
        <ele>311.18332</ele>
        <time>2025-11-18T08:41:26.027000Z</time>
      </trkpt>
      <trkpt lat="18.833694" lon="99.041681">
        <ele>311.205702</ele>
        <time>2025-11-18T08:41:28.655000Z</time>
      </trkpt>
      <trkpt lat="18.833862" lon="99.041755">
        <ele>311.240912</ele>
        <time>2025-11-18T08:41:32.768000Z</time>
      </trkpt>
      <trkpt lat="18.834229" lon="99.041894">
        <ele>311.316331</ele>
        <time>2025-11-18T08:41:42.178000Z</time>
      </trkpt>
      <trkpt lat="18.834593" lon="99.042013">
        <ele>311.390039</ele>
        <time>2025-11-18T08:41:51.014000Z</time>
      </trkpt>
      <trkpt lat="18.834786" lon="99.042073">
        <ele>311.428957</ele>
        <time>2025-11-18T08:41:55.615000Z</time>
      </trkpt>
      <trkpt lat="18.835351" lon="99.042246">
        <ele>311.54852</ele>
        <time>2025-11-18T08:42:07.514000Z</time>
      </trkpt>
      <trkpt lat="18.83597" lon="99.042375">
        <ele>311.713933</ele>
        <time>2025-11-18T08:42:22.569000Z</time>
      </trkpt>
      <trkpt lat="18.83657" lon="99.042473">
        <ele>311.873107</ele>
        <time>2025-11-18T08:42:37.757000Z</time>
      </trkpt>
      <trkpt lat="18.837075" lon="99.042537">
        <ele>311.991582</ele>
        <time>2025-11-18T08:42:48.971000Z</time>
      </trkpt>
      <trkpt lat="18.83741" lon="99.04259">
        <ele>311.922751</ele>
        <time>2025-11-18T08:42:56.765000Z</time>
      </trkpt>
      <trkpt lat="18.837907" lon="99.042657">
        <ele>311.820943</ele>
        <time>2025-11-18T08:43:08.409000Z</time>
      </trkpt>
      <trkpt lat="18.838347" lon="99.042733">
        <ele>311.730349</ele>
        <time>2025-11-18T08:43:17.544000Z</time>
      </trkpt>
      <trkpt lat="18.839117" lon="99.042845">
        <ele>311.707246</ele>
        <time>2025-11-18T08:43:33.246000Z</time>
      </trkpt>
      <trkpt lat="18.839937" lon="99.042963">
        <ele>311.91583</ele>
        <time>2025-11-18T08:43:50.944000Z</time>
      </trkpt>
      <trkpt lat="18.840069" lon="99.042983">
        <ele>311.94944</ele>
        <time>2025-11-18T08:43:54.251000Z</time>
      </trkpt>
      <trkpt lat="18.840175" lon="99.042995">
        <ele>311.97631</ele>
        <time>2025-11-18T08:43:56.989000Z</time>
      </trkpt>
      <trkpt lat="18.840421" lon="99.043025">
        <ele>312.038725</ele>
        <time>2025-11-18T08:44:03.557000Z</time>
      </trkpt>
      <trkpt lat="18.841357" lon="99.043139">
        <ele>313.034155</ele>
        <time>2025-11-18T08:44:30.647000Z</time>
      </trkpt>
      <trkpt lat="18.843349" lon="99.043381">
        <ele>314.650485</ele>
        <time>2025-11-18T08:45:23.870000Z</time>
      </trkpt>
      <trkpt lat="18.843445" lon="99.043393">
        <ele>314.681182</ele>
        <time>2025-11-18T08:45:25.789000Z</time>
      </trkpt>
      <trkpt lat="18.843878" lon="99.043446">
        <ele>314.819601</ele>
        <time>2025-11-18T08:45:34.479000Z</time>
      </trkpt>
      <trkpt lat="18.843927" lon="99.043452">
        <ele>314.835265</ele>
        <time>2025-11-18T08:45:35.513000Z</time>
      </trkpt>
      <trkpt lat="18.844165" lon="99.04348">
        <ele>314.911309</ele>
        <time>2025-11-18T08:45:40.387000Z</time>
      </trkpt>
      <trkpt lat="18.844187" lon="99.043481">
        <ele>314.91686</ele>
        <time>2025-11-18T08:45:40.850000Z</time>
      </trkpt>
      <trkpt lat="18.844465" lon="99.043522">
        <ele>314.939876</ele>
        <time>2025-11-18T08:45:46.789000Z</time>
      </trkpt>
      <trkpt lat="18.845031" lon="99.043582">
        <ele>314.986517</ele>
        <time>2025-11-18T08:45:58.937000Z</time>
      </trkpt>
      <trkpt lat="18.845465" lon="99.043643">
        <ele>315.022416</ele>
        <time>2025-11-18T08:46:09.131000Z</time>
      </trkpt>
      <trkpt lat="18.845501" lon="99.043646">
        <ele>315.025377</ele>
        <time>2025-11-18T08:46:10.028000Z</time>
      </trkpt>
      <trkpt lat="18.846491" lon="99.043741">
        <ele>315.180513</ele>
        <time>2025-11-18T08:46:34.697000Z</time>
      </trkpt>
      <trkpt lat="18.847145" lon="99.043788">
        <ele>315.326188</ele>
        <time>2025-11-18T08:46:49.899000Z</time>
      </trkpt>
      <trkpt lat="18.847394" lon="99.043829">
        <ele>315.382191</ele>
        <time>2025-11-18T08:46:55.806000Z</time>
      </trkpt>
      <trkpt lat="18.848209" lon="99.043951">
        <ele>315.456662</ele>
        <time>2025-11-18T08:47:13.419000Z</time>
      </trkpt>
      <trkpt lat="18.84852" lon="99.044055">
        <ele>315.451745</ele>
        <time>2025-11-18T08:47:20.288000Z</time>
      </trkpt>
      <trkpt lat="18.848751" lon="99.044167">
        <ele>315.447914</ele>
        <time>2025-11-18T08:47:25.837000Z</time>
      </trkpt>
      <trkpt lat="18.84903" lon="99.044305">
        <ele>315.443271</ele>
        <time>2025-11-18T08:47:32.923000Z</time>
      </trkpt>
      <trkpt lat="18.849067" lon="99.044322">
        <ele>315.442662</ele>
        <time>2025-11-18T08:47:33.885000Z</time>
      </trkpt>
      <trkpt lat="18.849509" lon="99.044517">
        <ele>315.453431</ele>
        <time>2025-11-18T08:47:44.853000Z</time>
      </trkpt>
      <trkpt lat="18.849977" lon="99.044643">
        <ele>315.577531</ele>
        <time>2025-11-18T08:47:55.498000Z</time>
      </trkpt>
      <trkpt lat="18.850102" lon="99.044646">
        <ele>315.609659</ele>
        <time>2025-11-18T08:47:58.594000Z</time>
      </trkpt>
      <trkpt lat="18.850528" lon="99.044646">
        <ele>315.719125</ele>
        <time>2025-11-18T08:48:09.302000Z</time>
      </trkpt>
      <trkpt lat="18.850882" lon="99.044586">
        <ele>315.811252</ele>
        <time>2025-11-18T08:48:17.737000Z</time>
      </trkpt>
      <trkpt lat="18.851239" lon="99.044483">
        <ele>315.911328</ele>
        <time>2025-11-18T08:48:25.828000Z</time>
      </trkpt>
      <trkpt lat="18.85154" lon="99.044457">
        <ele>316.039003</ele>
        <time>2025-11-18T08:48:32.556000Z</time>
      </trkpt>
      <trkpt lat="18.851674" lon="99.044471">
        <ele>316.095928</ele>
        <time>2025-11-18T08:48:35.672000Z</time>
      </trkpt>
      <trkpt lat="18.851808" lon="99.044552">
        <ele>316.161192</ele>
        <time>2025-11-18T08:48:39.290000Z</time>
      </trkpt>
      <trkpt lat="18.851982" lon="99.044775">
        <ele>316.276824</ele>
        <time>2025-11-18T08:48:45.914000Z</time>
      </trkpt>
      <trkpt lat="18.852125" lon="99.044977">
        <ele>316.377749</ele>
        <time>2025-11-18T08:48:51.793000Z</time>
      </trkpt>
      <trkpt lat="18.852428" lon="99.045274">
        <ele>316.55247</ele>
        <time>2025-11-18T08:49:02.062000Z</time>
      </trkpt>
      <trkpt lat="18.853129" lon="99.046013">
        <ele>316.861572</ele>
        <time>2025-11-18T08:49:26.386000Z</time>
      </trkpt>
      <trkpt lat="18.853426" lon="99.046283">
        <ele>316.969081</ele>
        <time>2025-11-18T08:49:35.538000Z</time>
      </trkpt>
      <trkpt lat="18.853607" lon="99.046384">
        <ele>317.025248</ele>
        <time>2025-11-18T08:49:40.170000Z</time>
      </trkpt>
      <trkpt lat="18.853814" lon="99.046438">
        <ele>317.083755</ele>
        <time>2025-11-18T08:49:44.767000Z</time>
      </trkpt>
      <trkpt lat="18.854114" lon="99.04652">
        <ele>317.153235</ele>
        <time>2025-11-18T08:49:51.388000Z</time>
      </trkpt>
      <trkpt lat="18.854259" lon="99.046595">
        <ele>317.155063</ele>
        <time>2025-11-18T08:49:54.967000Z</time>
      </trkpt>
      <trkpt lat="18.854346" lon="99.046687">
        <ele>317.156456</ele>
        <time>2025-11-18T08:49:57.725000Z</time>
      </trkpt>
      <trkpt lat="18.854417" lon="99.046781">
        <ele>317.157744</ele>
        <time>2025-11-18T08:50:00.337000Z</time>
      </trkpt>
      <trkpt lat="18.854673" lon="99.047192">
        <ele>317.163014</ele>
        <time>2025-11-18T08:50:10.856000Z</time>
      </trkpt>
      <trkpt lat="18.854983" lon="99.047761">
        <ele>317.170047</ele>
        <time>2025-11-18T08:50:24.546000Z</time>
      </trkpt>
      <trkpt lat="18.855174" lon="99.048206">
        <ele>317.236819</ele>
        <time>2025-11-18T08:50:34.791000Z</time>
      </trkpt>
      <trkpt lat="18.855413" lon="99.048648">
        <ele>317.384682</ele>
        <time>2025-11-18T08:50:46.184000Z</time>
      </trkpt>
      <trkpt lat="18.855571" lon="99.048898">
        <ele>317.472001</ele>
        <time>2025-11-18T08:50:52.778000Z</time>
      </trkpt>
      <trkpt lat="18.855625" lon="99.048982">
        <ele>317.501497</ele>
        <time>2025-11-18T08:50:55.025000Z</time>
      </trkpt>
      <trkpt lat="18.85576" lon="99.049154">
        <ele>317.566403</ele>
        <time>2025-11-18T08:50:59.953000Z</time>
      </trkpt>
      <trkpt lat="18.85603" lon="99.049418">
        <ele>317.679308</ele>
        <time>2025-11-18T08:51:08.696000Z</time>
      </trkpt>
      <trkpt lat="18.85622" lon="99.049523">
        <ele>317.74568</ele>
        <time>2025-11-18T08:51:13.836000Z</time>
      </trkpt>
      <trkpt lat="18.856829" lon="99.049705">
        <ele>317.945348</ele>
        <time>2025-11-18T08:51:29.396000Z</time>
      </trkpt>
      <trkpt lat="18.857247" lon="99.049858">
        <ele>318.084909</ele>
        <time>2025-11-18T08:51:40.085000Z</time>
      </trkpt>
      <trkpt lat="18.857375" lon="99.049929">
        <ele>318.130517</ele>
        <time>2025-11-18T08:51:43.437000Z</time>
      </trkpt>
      <trkpt lat="18.857511" lon="99.05006">
        <ele>318.188574</ele>
        <time>2025-11-18T08:51:47.632000Z</time>
      </trkpt>
      <trkpt lat="18.85759" lon="99.0502">
        <ele>318.237238</ele>
        <time>2025-11-18T08:51:51.129000Z</time>
      </trkpt>
      <trkpt lat="18.857661" lon="99.050477">
        <ele>318.274158</ele>
        <time>2025-11-18T08:51:57.171000Z</time>
      </trkpt>
      <trkpt lat="18.857718" lon="99.050951">
        <ele>318.188648</ele>
        <time>2025-11-18T08:52:06.955000Z</time>
      </trkpt>
      <trkpt lat="18.857749" lon="99.051046">
        <ele>318.170665</ele>
        <time>2025-11-18T08:52:08.985000Z</time>
      </trkpt>
      <trkpt lat="18.857771" lon="99.051123">
        <ele>318.15627</ele>
        <time>2025-11-18T08:52:10.589000Z</time>
      </trkpt>
      <trkpt lat="18.857865" lon="99.051355">
        <ele>318.111106</ele>
        <time>2025-11-18T08:52:15.666000Z</time>
      </trkpt>
      <trkpt lat="18.857968" lon="99.051569">
        <ele>318.068139</ele>
        <time>2025-11-18T08:52:20.471000Z</time>
      </trkpt>
      <trkpt lat="18.858146" lon="99.051977">
        <ele>317.987737</ele>
        <time>2025-11-18T08:52:29.394000Z</time>
      </trkpt>
      <trkpt lat="18.858238" lon="99.052109">
        <ele>317.958399</ele>
        <time>2025-11-18T08:52:32.712000Z</time>
      </trkpt>
      <trkpt lat="18.85853" lon="99.052389">
        <ele>317.868597</ele>
        <time>2025-11-18T08:52:41.280000Z</time>
      </trkpt>
      <trkpt lat="18.85861" lon="99.052456">
        <ele>317.844997</ele>
        <time>2025-11-18T08:52:43.573000Z</time>
      </trkpt>
      <trkpt lat="18.858961" lon="99.052675">
        <ele>317.750757</ele>
        <time>2025-11-18T08:52:52.496000Z</time>
      </trkpt>
      <trkpt lat="18.859102" lon="99.052727">
        <ele>317.71623</ele>
        <time>2025-11-18T08:52:55.553000Z</time>
      </trkpt>
      <trkpt lat="18.859183" lon="99.052755">
        <ele>317.696526</ele>
        <time>2025-11-18T08:52:57.302000Z</time>
      </trkpt>
      <trkpt lat="18.859221" lon="99.052737">
        <ele>317.686899</ele>
        <time>2025-11-18T08:52:58.142000Z</time>
      </trkpt>
      <trkpt lat="18.859269" lon="99.052709">
        <ele>317.674223</ele>
        <time>2025-11-18T08:52:59.249000Z</time>
      </trkpt>
      <trkpt lat="18.85967" lon="99.052522">
        <ele>317.572886</ele>
        <time>2025-11-18T08:53:08.507000Z</time>
      </trkpt>
      <trkpt lat="18.860182" lon="99.052476">
        <ele>317.384503</ele>
        <time>2025-11-18T08:53:19.805000Z</time>
      </trkpt>
      <trkpt lat="18.860263" lon="99.052485">
        <ele>317.349764</ele>
        <time>2025-11-18T08:53:21.596000Z</time>
      </trkpt>
      <trkpt lat="18.861032" lon="99.052465">
        <ele>317.021662</ele>
        <time>2025-11-18T08:53:37.371000Z</time>
      </trkpt>
      <trkpt lat="18.8615" lon="99.052414">
        <ele>316.820987</ele>
        <time>2025-11-18T08:53:47.558000Z</time>
      </trkpt>
      <trkpt lat="18.862219" lon="99.052289">
        <ele>316.442948</ele>
        <time>2025-11-18T08:54:01.703000Z</time>
      </trkpt>
      <trkpt lat="18.862345" lon="99.05227">
        <ele>316.374572</ele>
        <time>2025-11-18T08:54:04.097000Z</time>
      </trkpt>
      <trkpt lat="18.862692" lon="99.052256">
        <ele>316.188016</ele>
        <time>2025-11-18T08:54:10.907000Z</time>
      </trkpt>
      <trkpt lat="18.863252" lon="99.052289">
        <ele>315.8867</ele>
        <time>2025-11-18T08:54:22.885000Z</time>
      </trkpt>
      <trkpt lat="18.863711" lon="99.052308">
        <ele>315.891139</ele>
        <time>2025-11-18T08:54:33.086000Z</time>
      </trkpt>
      <trkpt lat="18.863829" lon="99.052307">
        <ele>315.925415</ele>
        <time>2025-11-18T08:54:35.820000Z</time>
      </trkpt>
      <trkpt lat="18.864266" lon="99.05233">
        <ele>316.052505</ele>
        <time>2025-11-18T08:54:46.541000Z</time>
      </trkpt>
      <trkpt lat="18.865116" lon="99.052363">
        <ele>316.299565</ele>
        <time>2025-11-18T08:55:07.666000Z</time>
      </trkpt>
      <trkpt lat="18.865558" lon="99.052346">
        <ele>316.307671</ele>
        <time>2025-11-18T08:55:16.957000Z</time>
      </trkpt>
      <trkpt lat="18.865855" lon="99.052295">
        <ele>316.292555</ele>
        <time>2025-11-18T08:55:23.270000Z</time>
      </trkpt>
      <trkpt lat="18.865941" lon="99.052278">
        <ele>316.28816</ele>
        <time>2025-11-18T08:55:25.155000Z</time>
      </trkpt>
      <trkpt lat="18.866197" lon="99.052225">
        <ele>316.275055</ele>
        <time>2025-11-18T08:55:30.736000Z</time>
      </trkpt>
      <trkpt lat="18.866595" lon="99.052104">
        <ele>316.254249</ele>
        <time>2025-11-18T08:55:39.830000Z</time>
      </trkpt>
      <trkpt lat="18.867883" lon="99.051692">
        <ele>316.449556</ele>
        <time>2025-11-18T08:56:10.334000Z</time>
      </trkpt>
      <trkpt lat="18.867924" lon="99.051679">
        <ele>316.459083</ele>
        <time>2025-11-18T08:56:11.399000Z</time>
      </trkpt>
      <trkpt lat="18.868146" lon="99.051586">
        <ele>316.512233</ele>
        <time>2025-11-18T08:56:17.102000Z</time>
      </trkpt>
      <trkpt lat="18.868309" lon="99.051518">
        <ele>316.551235</ele>
        <time>2025-11-18T08:56:21.382000Z</time>
      </trkpt>
      <trkpt lat="18.86896" lon="99.051257">
        <ele>316.726957</ele>
        <time>2025-11-18T08:56:37.497000Z</time>
      </trkpt>
      <trkpt lat="18.869295" lon="99.051114">
        <ele>316.830935</ele>
        <time>2025-11-18T08:56:46.243000Z</time>
      </trkpt>
      <trkpt lat="18.869796" lon="99.050899">
        <ele>316.986551</ele>
        <time>2025-11-18T08:56:59.275000Z</time>
      </trkpt>
      <trkpt lat="18.87007" lon="99.050869">
        <ele>317.065828</ele>
        <time>2025-11-18T08:57:05.697000Z</time>
      </trkpt>
      <trkpt lat="18.870869" lon="99.050926">
        <ele>317.115414</ele>
        <time>2025-11-18T08:57:23.596000Z</time>
      </trkpt>
      <trkpt lat="18.871685" lon="99.051018">
        <ele>317.053458</ele>
        <time>2025-11-18T08:57:41.105000Z</time>
      </trkpt>
      <trkpt lat="18.871712" lon="99.051022">
        <ele>317.0514</ele>
        <time>2025-11-18T08:57:41.702000Z</time>
      </trkpt>
      <trkpt lat="18.872073" lon="99.0511">
        <ele>317.023582</ele>
        <time>2025-11-18T08:57:49.610000Z</time>
      </trkpt>
      <trkpt lat="18.872321" lon="99.051181">
        <ele>317.054792</ele>
        <time>2025-11-18T08:57:55.371000Z</time>
      </trkpt>
      <trkpt lat="18.872478" lon="99.05123">
        <ele>317.089909</ele>
        <time>2025-11-18T08:57:59.095000Z</time>
      </trkpt>
      <trkpt lat="18.872559" lon="99.051258">
        <ele>317.10819</ele>
        <time>2025-11-18T08:58:01.045000Z</time>
      </trkpt>
      <trkpt lat="18.873604" lon="99.051634">
        <ele>317.344989</ele>
        <time>2025-11-18T08:58:26.850000Z</time>
      </trkpt>
      <trkpt lat="18.873773" lon="99.051664">
        <ele>317.38175</ele>
        <time>2025-11-18T08:58:31.040000Z</time>
      </trkpt>
      <trkpt lat="18.873991" lon="99.051668">
        <ele>317.39973</ele>
        <time>2025-11-18T08:58:36.306000Z</time>
      </trkpt>
      <trkpt lat="18.874714" lon="99.051643">
        <ele>317.379576</ele>
        <time>2025-11-18T08:58:52.954000Z</time>
      </trkpt>
      <trkpt lat="18.875377" lon="99.05167">
        <ele>317.36109</ele>
        <time>2025-11-18T08:59:07.237000Z</time>
      </trkpt>
      <trkpt lat="18.875878" lon="99.051694">
        <ele>317.266627</ele>
        <time>2025-11-18T08:59:17.815000Z</time>
      </trkpt>
      <trkpt lat="18.875966" lon="99.051697">
        <ele>317.23019</ele>
        <time>2025-11-18T08:59:19.639000Z</time>
      </trkpt>
      <trkpt lat="18.876488" lon="99.051672">
        <ele>317.013944</ele>
        <time>2025-11-18T08:59:30.325000Z</time>
      </trkpt>
      <trkpt lat="18.876701" lon="99.051659">
        <ele>316.925649</ele>
        <time>2025-11-18T08:59:34.688000Z</time>
      </trkpt>
      <trkpt lat="18.877021" lon="99.051738">
        <ele>316.789654</ele>
        <time>2025-11-18T08:59:41.442000Z</time>
      </trkpt>
      <trkpt lat="18.877514" lon="99.051787">
        <ele>316.57041</ele>
        <time>2025-11-18T08:59:51.785000Z</time>
      </trkpt>
      <trkpt lat="18.877647" lon="99.051831">
        <ele>316.478098</ele>
        <time>2025-11-18T08:59:54.751000Z</time>
      </trkpt>
      <trkpt lat="18.878246" lon="99.051963">
        <ele>316.072798</ele>
        <time>2025-11-18T09:00:07.469000Z</time>
      </trkpt>
      <trkpt lat="18.878871" lon="99.052058">
        <ele>315.65455</ele>
        <time>2025-11-18T09:00:19.896000Z</time>
      </trkpt>
      <trkpt lat="18.878997" lon="99.052056">
        <ele>315.571081</ele>
        <time>2025-11-18T09:00:22.363000Z</time>
      </trkpt>
      <trkpt lat="18.87909" lon="99.052044">
        <ele>315.509022</ele>
        <time>2025-11-18T09:00:24.179000Z</time>
      </trkpt>
      <trkpt lat="18.87926" lon="99.05197">
        <ele>315.405312</ele>
        <time>2025-11-18T09:00:27.774000Z</time>
      </trkpt>
      <trkpt lat="18.87941" lon="99.051831">
        <ele>315.352911</ele>
        <time>2025-11-18T09:00:31.692000Z</time>
      </trkpt>
      <trkpt lat="18.879599" lon="99.051736">
        <ele>315.297939</ele>
        <time>2025-11-18T09:00:35.816000Z</time>
      </trkpt>
      <trkpt lat="18.879858" lon="99.051679">
        <ele>315.228449</ele>
        <time>2025-11-18T09:00:41.053000Z</time>
      </trkpt>
      <trkpt lat="18.88081" lon="99.051672">
        <ele>314.978386</ele>
        <time>2025-11-18T09:01:01.689000Z</time>
      </trkpt>
      <trkpt lat="18.881374" lon="99.051567">
        <ele>315.289608</ele>
        <time>2025-11-18T09:01:16.173000Z</time>
      </trkpt>
      <trkpt lat="18.881992" lon="99.051379">
        <ele>315.78842</ele>
        <time>2025-11-18T09:01:33.119000Z</time>
      </trkpt>
      <trkpt lat="18.882294" lon="99.051232">
        <ele>316.046315</ele>
        <time>2025-11-18T09:01:41.863000Z</time>
      </trkpt>
      <trkpt lat="18.882749" lon="99.050881">
        <ele>316.317581</ele>
        <time>2025-11-18T09:01:56.189000Z</time>
      </trkpt>
      <trkpt lat="18.882932" lon="99.050813">
        <ele>316.294207</ele>
        <time>2025-11-18T09:02:00.923000Z</time>
      </trkpt>
      <trkpt lat="18.88314" lon="99.050837">
        <ele>316.268995</ele>
        <time>2025-11-18T09:02:05.815000Z</time>
      </trkpt>
      <trkpt lat="18.883291" lon="99.050894">
        <ele>316.249674</ele>
        <time>2025-11-18T09:02:09.385000Z</time>
      </trkpt>
      <trkpt lat="18.883685" lon="99.05105">
        <ele>316.198977</ele>
        <time>2025-11-18T09:02:18.175000Z</time>
      </trkpt>
      <trkpt lat="18.884013" lon="99.051088">
        <ele>316.159217</ele>
        <time>2025-11-18T09:02:24.772000Z</time>
      </trkpt>
      <trkpt lat="18.884917" lon="99.051128">
        <ele>316.178094</ele>
        <time>2025-11-18T09:02:42.931000Z</time>
      </trkpt>
      <trkpt lat="18.885369" lon="99.05122">
        <ele>316.219896</ele>
        <time>2025-11-18T09:02:52.782000Z</time>
      </trkpt>
      <trkpt lat="18.885968" lon="99.051112">
        <ele>316.275079</ele>
        <time>2025-11-18T09:03:07.694000Z</time>
      </trkpt>
      <trkpt lat="18.886619" lon="99.050943">
        <ele>316.844617</ele>
        <time>2025-11-18T09:03:26.122000Z</time>
      </trkpt>
      <trkpt lat="18.886714" lon="99.050917">
        <ele>316.945129</ele>
        <time>2025-11-18T09:03:28.906000Z</time>
      </trkpt>
      <trkpt lat="18.887178" lon="99.050855">
        <ele>317.424155</ele>
        <time>2025-11-18T09:03:42Z</time>
      </trkpt>
      <trkpt lat="18.88733" lon="99.050776">
        <ele>317.597643</ele>
        <time>2025-11-18T09:03:46.634000Z</time>
      </trkpt>
      <trkpt lat="18.887486" lon="99.050701">
        <ele>317.773177</ele>
        <time>2025-11-18T09:03:51.213000Z</time>
      </trkpt>
      <trkpt lat="18.887967" lon="99.050549">
        <ele>318.123567</ele>
        <time>2025-11-18T09:04:03.592000Z</time>
      </trkpt>
      <trkpt lat="18.888419" lon="99.050358">
        <ele>318.107461</ele>
        <time>2025-11-18T09:04:13.943000Z</time>
      </trkpt>
      <trkpt lat="18.88871" lon="99.050268">
        <ele>318.097429</ele>
        <time>2025-11-18T09:04:20.283000Z</time>
      </trkpt>
      <trkpt lat="18.889142" lon="99.050182">
        <ele>318.082885</ele>
        <time>2025-11-18T09:04:29.421000Z</time>
      </trkpt>
      <trkpt lat="18.890371" lon="99.049989">
        <ele>318.397754</ele>
        <time>2025-11-18T09:04:57.666000Z</time>
      </trkpt>
      <trkpt lat="18.890789" lon="99.0499">
        <ele>318.566883</ele>
        <time>2025-11-18T09:05:08.379000Z</time>
      </trkpt>
      <trkpt lat="18.891458" lon="99.049745">
        <ele>318.878215</ele>
        <time>2025-11-18T09:05:25.563000Z</time>
      </trkpt>
      <trkpt lat="18.89191" lon="99.04966">
        <ele>319.189488</ele>
        <time>2025-11-18T09:05:36.980000Z</time>
      </trkpt>
      <trkpt lat="18.89209" lon="99.049725">
        <ele>319.318456</ele>
        <time>2025-11-18T09:05:41.685000Z</time>
      </trkpt>
      <trkpt lat="18.892276" lon="99.04971">
        <ele>319.444933</ele>
        <time>2025-11-18T09:05:46.203000Z</time>
      </trkpt>
      <trkpt lat="18.892533" lon="99.04965">
        <ele>319.623381</ele>
        <time>2025-11-18T09:05:52.588000Z</time>
      </trkpt>
      <trkpt lat="18.893119" lon="99.049586">
        <ele>320.026978</ele>
        <time>2025-11-18T09:06:07.291000Z</time>
      </trkpt>
      <trkpt lat="18.89315" lon="99.049581">
        <ele>320.052521</ele>
        <time>2025-11-18T09:06:08.089000Z</time>
      </trkpt>
      <trkpt lat="18.893371" lon="99.049539">
        <ele>320.235416</ele>
        <time>2025-11-18T09:06:13.792000Z</time>
      </trkpt>
      <trkpt lat="18.893683" lon="99.049364">
        <ele>320.523112</ele>
        <time>2025-11-18T09:06:22.864000Z</time>
      </trkpt>
      <trkpt lat="18.893934" lon="99.049273">
        <ele>320.739249</ele>
        <time>2025-11-18T09:06:29.744000Z</time>
      </trkpt>
      <trkpt lat="18.894054" lon="99.049272">
        <ele>320.836994</ele>
        <time>2025-11-18T09:06:32.853000Z</time>
      </trkpt>
      <trkpt lat="18.894341" lon="99.049268">
        <ele>321.07078</ele>
        <time>2025-11-18T09:06:40.290000Z</time>
      </trkpt>
      <trkpt lat="18.894894" lon="99.049309">
        <ele>321.485736</ele>
        <time>2025-11-18T09:06:54.737000Z</time>
      </trkpt>
      <trkpt lat="18.895016" lon="99.049317">
        <ele>321.519303</ele>
        <time>2025-11-18T09:06:57.814000Z</time>
      </trkpt>
      <trkpt lat="18.895657" lon="99.049361">
        <ele>321.695698</ele>
        <time>2025-11-18T09:07:13.076000Z</time>
      </trkpt>
      <trkpt lat="18.896715" lon="99.049418">
        <ele>321.998895</ele>
        <time>2025-11-18T09:07:36.267000Z</time>
      </trkpt>
      <trkpt lat="18.897741" lon="99.049459">
        <ele>322.416358</ele>
        <time>2025-11-18T09:07:59.924000Z</time>
      </trkpt>
      <trkpt lat="18.897792" lon="99.049329">
        <ele>322.470495</ele>
        <time>2025-11-18T09:08:03.312000Z</time>
      </trkpt>
      <trkpt lat="18.897817" lon="99.049168">
        <ele>322.533257</ele>
        <time>2025-11-18T09:08:07.279000Z</time>
      </trkpt>
      <trkpt lat="18.897952" lon="99.049118">
        <ele>322.591419</ele>
        <time>2025-11-18T09:08:10.987000Z</time>
      </trkpt>
      <trkpt lat="18.898268" lon="99.049136">
        <ele>322.736057</ele>
        <time>2025-11-18T09:08:19.200000Z</time>
      </trkpt>
      <trkpt lat="18.898456" lon="99.049147">
        <ele>322.856718</ele>
        <time>2025-11-18T09:08:24.159000Z</time>
      </trkpt>
      <trkpt lat="18.898817" lon="99.049185">
        <ele>323.089203</ele>
        <time>2025-11-18T09:08:33.862000Z</time>
      </trkpt>
      <trkpt lat="18.899433" lon="99.049278">
        <ele>323.487963</ele>
        <time>2025-11-18T09:08:49.717000Z</time>
      </trkpt>
      <trkpt lat="18.899835" lon="99.049403">
        <ele>323.756495</ele>
        <time>2025-11-18T09:08:59.298000Z</time>
      </trkpt>
      <trkpt lat="18.899887" lon="99.049217">
        <ele>323.851389</ele>
        <time>2025-11-18T09:09:03.408000Z</time>
      </trkpt>
      <trkpt lat="18.899958" lon="99.048527">
        <ele>323.943796</ele>
        <time>2025-11-18T09:09:18.060000Z</time>
      </trkpt>
      <trkpt lat="18.899936" lon="99.047268">
        <ele>324.110761</ele>
        <time>2025-11-18T09:09:45.181000Z</time>
      </trkpt>
      <trkpt lat="18.900004" lon="99.046929">
        <ele>324.154526</ele>
        <time>2025-11-18T09:09:52.967000Z</time>
      </trkpt>
      <trkpt lat="18.900514" lon="99.045472">
        <ele>324.343745</ele>
        <time>2025-11-18T09:10:26.546000Z</time>
      </trkpt>
      <trkpt lat="18.900541" lon="99.045229">
        <ele>324.357395</ele>
        <time>2025-11-18T09:10:31.470000Z</time>
      </trkpt>
      <trkpt lat="18.900538" lon="99.044438">
        <ele>324.401524</ele>
        <time>2025-11-18T09:10:47.457000Z</time>
      </trkpt>
      <trkpt lat="18.900628" lon="99.044136">
        <ele>324.419188</ele>
        <time>2025-11-18T09:10:53.926000Z</time>
      </trkpt>
      <trkpt lat="18.90118" lon="99.042997">
        <ele>325.131111</ele>
        <time>2025-11-18T09:11:23.762000Z</time>
      </trkpt>
      <trkpt lat="18.901536" lon="99.042325">
        <ele>325.768495</ele>
        <time>2025-11-18T09:11:43.408000Z</time>
      </trkpt>
      <trkpt lat="18.901651" lon="99.042057">
        <ele>326.012033</ele>
        <time>2025-11-18T09:11:50.787000Z</time>
      </trkpt>
      <trkpt lat="18.901696" lon="99.041815">
        <ele>326.282859</ele>
        <time>2025-11-18T09:11:56.997000Z</time>
      </trkpt>
      <trkpt lat="18.901689" lon="99.041383">
        <ele>326.760614</ele>
        <time>2025-11-18T09:12:07.791000Z</time>
      </trkpt>
      <trkpt lat="18.901667" lon="99.041027">
        <ele>327.1551</ele>
        <time>2025-11-18T09:12:17.088000Z</time>
      </trkpt>
      <trkpt lat="18.901607" lon="99.040742">
        <ele>327.477947</ele>
        <time>2025-11-18T09:12:24.792000Z</time>
      </trkpt>
      <trkpt lat="18.901459" lon="99.040416">
        <ele>327.877777</ele>
        <time>2025-11-18T09:12:34.443000Z</time>
      </trkpt>
      <trkpt lat="18.901291" lon="99.040135">
        <ele>328.157901</ele>
        <time>2025-11-18T09:12:43.422000Z</time>
      </trkpt>
      <trkpt lat="18.900987" lon="99.0398">
        <ele>328.313545</ele>
        <time>2025-11-18T09:12:56.187000Z</time>
      </trkpt>
      <trkpt lat="18.900121" lon="99.039372">
        <ele>328.65236</ele>
        <time>2025-11-18T09:13:20.170000Z</time>
      </trkpt>
      <trkpt lat="18.899896" lon="99.039231">
        <ele>328.745064</ele>
        <time>2025-11-18T09:13:25.493000Z</time>
      </trkpt>
      <trkpt lat="18.899682" lon="99.038976">
        <ele>328.338627</ele>
        <time>2025-11-18T09:13:31.669000Z</time>
      </trkpt>
      <trkpt lat="18.899578" lon="99.038823">
        <ele>328.079455</ele>
        <time>2025-11-18T09:13:34.960000Z</time>
      </trkpt>
      <trkpt lat="18.898942" lon="99.037891">
        <ele>326.498599</ele>
        <time>2025-11-18T09:13:54.918000Z</time>
      </trkpt>
      <trkpt lat="18.898717" lon="99.037709">
        <ele>326.143103</ele>
        <time>2025-11-18T09:14:00.572000Z</time>
      </trkpt>
      <trkpt lat="18.897339" lon="99.037302">
        <ele>326.186342</ele>
        <time>2025-11-18T09:14:35.233000Z</time>
      </trkpt>
      <trkpt lat="18.896605" lon="99.03699">
        <ele>326.012622</ele>
        <time>2025-11-18T09:14:54.621000Z</time>
      </trkpt>
      <trkpt lat="18.896341" lon="99.036811">
        <ele>325.887737</ele>
        <time>2025-11-18T09:15:01.621000Z</time>
      </trkpt>
      <trkpt lat="18.896183" lon="99.036639">
        <ele>325.797427</ele>
        <time>2025-11-18T09:15:06.482000Z</time>
      </trkpt>
      <trkpt lat="18.894837" lon="99.034212">
        <ele>324.004401</ele>
        <time>2025-11-18T09:16:00.797000Z</time>
      </trkpt>
      <trkpt lat="18.894511" lon="99.033625">
        <ele>323.960972</ele>
        <time>2025-11-18T09:16:15.568000Z</time>
      </trkpt>
      <trkpt lat="18.89423" lon="99.033126">
        <ele>323.923921</ele>
        <time>2025-11-18T09:16:29.111000Z</time>
      </trkpt>
      <trkpt lat="18.894027" lon="99.032711">
        <ele>323.894113</ele>
        <time>2025-11-18T09:16:39.818000Z</time>
      </trkpt>
      <trkpt lat="18.893884" lon="99.032418">
        <ele>323.996838</ele>
        <time>2025-11-18T09:16:46.676000Z</time>
      </trkpt>
      <trkpt lat="18.893745" lon="99.031949">
        <ele>324.233358</ele>
        <time>2025-11-18T09:16:56.911000Z</time>
      </trkpt>
      <trkpt lat="18.893532" lon="99.031411">
        <ele>324.514025</ele>
        <time>2025-11-18T09:17:10.380000Z</time>
      </trkpt>
      <trkpt lat="18.892841" lon="99.029363">
        <ele>326.92752</ele>
        <time>2025-11-18T09:18:09.409000Z</time>
      </trkpt>
      <trkpt lat="18.89274" lon="99.028907">
        <ele>327.531851</ele>
        <time>2025-11-18T09:18:22.931000Z</time>
      </trkpt>
      <trkpt lat="18.892735" lon="99.02858">
        <ele>327.909751</ele>
        <time>2025-11-18T09:18:32.137000Z</time>
      </trkpt>
      <trkpt lat="18.892801" lon="99.028261">
        <ele>328.287068</ele>
        <time>2025-11-18T09:18:41.157000Z</time>
      </trkpt>
      <trkpt lat="18.892924" lon="99.027871">
        <ele>328.762093</ele>
        <time>2025-11-18T09:18:52.244000Z</time>
      </trkpt>
      <trkpt lat="18.893156" lon="99.027531">
        <ele>329.24648</ele>
        <time>2025-11-18T09:19:03.149000Z</time>
      </trkpt>
      <trkpt lat="18.893273" lon="99.027436">
        <ele>329.42667</ele>
        <time>2025-11-18T09:19:07.119000Z</time>
      </trkpt>
      <trkpt lat="18.894376" lon="99.026584">
        <ele>329.384942</ele>
        <time>2025-11-18T09:19:40.224000Z</time>
      </trkpt>
      <trkpt lat="18.894582" lon="99.026276">
        <ele>329.333926</ele>
        <time>2025-11-18T09:19:47.467000Z</time>
      </trkpt>
      <trkpt lat="18.89466" lon="99.026004">
        <ele>329.202071</ele>
        <time>2025-11-18T09:19:52.744000Z</time>
      </trkpt>
      <trkpt lat="18.894633" lon="99.025675">
        <ele>328.795817</ele>
        <time>2025-11-18T09:19:58.712000Z</time>
      </trkpt>
      <trkpt lat="18.894577" lon="99.025498">
        <ele>328.566221</ele>
        <time>2025-11-18T09:20:02.017000Z</time>
      </trkpt>
      <trkpt lat="18.894471" lon="99.025343">
        <ele>328.330944</ele>
        <time>2025-11-18T09:20:05.397000Z</time>
      </trkpt>
      <trkpt lat="18.893625" lon="99.024835">
        <ele>327.065799</ele>
        <time>2025-11-18T09:20:24.399000Z</time>
      </trkpt>
      <trkpt lat="18.893392" lon="99.024529">
        <ele>326.836848</ele>
        <time>2025-11-18T09:20:32.097000Z</time>
      </trkpt>
      <trkpt lat="18.89335" lon="99.024395">
        <ele>326.777658</ele>
        <time>2025-11-18T09:20:34.910000Z</time>
      </trkpt>
      <trkpt lat="18.89331" lon="99.024111">
        <ele>326.657263</ele>
        <time>2025-11-18T09:20:40.696000Z</time>
      </trkpt>
      <trkpt lat="18.893323" lon="99.023842">
        <ele>326.544323</ele>
        <time>2025-11-18T09:20:46.230000Z</time>
      </trkpt>
      <trkpt lat="18.89346" lon="99.023494">
        <ele>326.386277</ele>
        <time>2025-11-18T09:20:54.205000Z</time>
      </trkpt>
      <trkpt lat="18.893664" lon="99.023215">
        <ele>326.238427</ele>
        <time>2025-11-18T09:21:01.685000Z</time>
      </trkpt>
      <trkpt lat="18.89397" lon="99.022957">
        <ele>326.218489</ele>
        <time>2025-11-18T09:21:10.479000Z</time>
      </trkpt>
      <trkpt lat="18.895266" lon="99.022326">
        <ele>326.499985</ele>
        <time>2025-11-18T09:21:44.883000Z</time>
      </trkpt>
      <trkpt lat="18.895726" lon="99.022068">
        <ele>326.686938</ele>
        <time>2025-11-18T09:21:57.968000Z</time>
      </trkpt>
      <trkpt lat="18.896113" lon="99.021812">
        <ele>326.875916</ele>
        <time>2025-11-18T09:22:09.548000Z</time>
      </trkpt>
      <trkpt lat="18.89669" lon="99.021337">
        <ele>327.178649</ele>
        <time>2025-11-18T09:22:27.843000Z</time>
      </trkpt>
      <trkpt lat="18.897187" lon="99.020683">
        <ele>327.318028</ele>
        <time>2025-11-18T09:22:46.882000Z</time>
      </trkpt>
      <trkpt lat="18.898032" lon="99.019265">
        <ele>327.528218</ele>
        <time>2025-11-18T09:23:23.524000Z</time>
      </trkpt>
      <trkpt lat="18.89829" lon="99.018993">
        <ele>327.638267</ele>
        <time>2025-11-18T09:23:32.258000Z</time>
      </trkpt>
      <trkpt lat="18.898453" lon="99.018896">
        <ele>327.694759</ele>
        <time>2025-11-18T09:23:36.836000Z</time>
      </trkpt>
      <trkpt lat="18.898718" lon="99.018807">
        <ele>327.778732</ele>
        <time>2025-11-18T09:23:43.712000Z</time>
      </trkpt>
      <trkpt lat="18.898869" lon="99.018798">
        <ele>327.824407</ele>
        <time>2025-11-18T09:23:47.495000Z</time>
      </trkpt>
      <trkpt lat="18.899055" lon="99.018801">
        <ele>327.880586</ele>
        <time>2025-11-18T09:23:52.238000Z</time>
      </trkpt>
      <trkpt lat="18.899243" lon="99.018854">
        <ele>327.939347</ele>
        <time>2025-11-18T09:23:57.214000Z</time>
      </trkpt>
      <trkpt lat="18.899957" lon="99.019278">
        <ele>328.217168</ele>
        <time>2025-11-18T09:24:18.151000Z</time>
      </trkpt>
      <trkpt lat="18.900327" lon="99.019453">
        <ele>328.356284</ele>
        <time>2025-11-18T09:24:28.431000Z</time>
      </trkpt>
      <trkpt lat="18.901045" lon="99.019688">
        <ele>328.529122</ele>
        <time>2025-11-18T09:24:46.188000Z</time>
      </trkpt>
      <trkpt lat="18.901205" lon="99.019711">
        <ele>328.445021</ele>
        <time>2025-11-18T09:24:49.731000Z</time>
      </trkpt>
      <trkpt lat="18.9014" lon="99.019706">
        <ele>328.343428</ele>
        <time>2025-11-18T09:24:53.902000Z</time>
      </trkpt>
      <trkpt lat="18.901593" lon="99.019656">
        <ele>328.239932</ele>
        <time>2025-11-18T09:24:58.077000Z</time>
      </trkpt>
      <trkpt lat="18.901785" lon="99.019567">
        <ele>328.130738</ele>
        <time>2025-11-18T09:25:02.452000Z</time>
      </trkpt>
      <trkpt lat="18.90194" lon="99.019455">
        <ele>328.032947</ele>
        <time>2025-11-18T09:25:06.314000Z</time>
      </trkpt>
      <trkpt lat="18.90207" lon="99.01932">
        <ele>327.938028</ele>
        <time>2025-11-18T09:25:10.028000Z</time>
      </trkpt>
      <trkpt lat="18.902192" lon="99.019153">
        <ele>327.834061</ele>
        <time>2025-11-18T09:25:14.110000Z</time>
      </trkpt>
      <trkpt lat="18.902313" lon="99.018923">
        <ele>327.704385</ele>
        <time>2025-11-18T09:25:19.261000Z</time>
      </trkpt>
      <trkpt lat="18.902608" lon="99.018172">
        <ele>327.633997</ele>
        <time>2025-11-18T09:25:36.170000Z</time>
      </trkpt>
      <trkpt lat="18.902736" lon="99.017962">
        <ele>327.630507</ele>
        <time>2025-11-18T09:25:41.728000Z</time>
      </trkpt>
      <trkpt lat="18.903035" lon="99.017482">
        <ele>327.622479</ele>
        <time>2025-11-18T09:25:54.920000Z</time>
      </trkpt>
      <trkpt lat="18.903954" lon="99.015982">
        <ele>327.870965</ele>
        <time>2025-11-18T09:26:35.911000Z</time>
      </trkpt>
      <trkpt lat="18.904099" lon="99.015744">
        <ele>327.922292</ele>
        <time>2025-11-18T09:26:42.212000Z</time>
      </trkpt>
      <trkpt lat="18.905112" lon="99.01464">
        <ele>327.880967</ele>
        <time>2025-11-18T09:27:14.330000Z</time>
      </trkpt>
      <trkpt lat="18.90536" lon="99.014472">
        <ele>327.861905</ele>
        <time>2025-11-18T09:27:20.778000Z</time>
      </trkpt>
      <trkpt lat="18.905587" lon="99.014361">
        <ele>327.84572</ele>
        <time>2025-11-18T09:27:26.248000Z</time>
      </trkpt>
      <trkpt lat="18.907082" lon="99.013768">
        <ele>327.4767</ele>
        <time>2025-11-18T09:28:00.422000Z</time>
      </trkpt>
      <trkpt lat="18.907415" lon="99.013489">
        <ele>327.40478</ele>
        <time>2025-11-18T09:28:09.265000Z</time>
      </trkpt>
      <trkpt lat="18.907658" lon="99.013176">
        <ele>327.362618</ele>
        <time>2025-11-18T09:28:17.334000Z</time>
      </trkpt>
      <trkpt lat="18.907772" lon="99.012948">
        <ele>327.335765</ele>
        <time>2025-11-18T09:28:22.540000Z</time>
      </trkpt>
      <trkpt lat="18.907877" lon="99.012802">
        <ele>327.316668</ele>
        <time>2025-11-18T09:28:26.293000Z</time>
      </trkpt>
      <trkpt lat="18.908121" lon="99.012549">
        <ele>327.279047</ele>
        <time>2025-11-18T09:28:33.829000Z</time>
      </trkpt>
      <trkpt lat="18.908316" lon="99.012394">
        <ele>327.252193</ele>
        <time>2025-11-18T09:28:39.347000Z</time>
      </trkpt>
      <trkpt lat="18.90873" lon="99.012261">
        <ele>327.294739</ele>
        <time>2025-11-18T09:28:49.436000Z</time>
      </trkpt>
      <trkpt lat="18.910289" lon="99.012077">
        <ele>327.715489</ele>
        <time>2025-11-18T09:29:26.214000Z</time>
      </trkpt>
      <trkpt lat="18.910866" lon="99.011957">
        <ele>327.875188</ele>
        <time>2025-11-18T09:29:39.783000Z</time>
      </trkpt>
      <trkpt lat="18.911337" lon="99.011824">
        <ele>328.007582</ele>
        <time>2025-11-18T09:29:51.119000Z</time>
      </trkpt>
      <trkpt lat="18.912713" lon="99.011506">
        <ele>328.295154</ele>
        <time>2025-11-18T09:30:24.290000Z</time>
      </trkpt>
      <trkpt lat="18.913615" lon="99.011326">
        <ele>328.418846</ele>
        <time>2025-11-18T09:30:44.845000Z</time>
      </trkpt>
      <trkpt lat="18.913915" lon="99.011279">
        <ele>328.467481</ele>
        <time>2025-11-18T09:30:51.478000Z</time>
      </trkpt>
      <trkpt lat="18.914272" lon="99.011257">
        <ele>328.539526</ele>
        <time>2025-11-18T09:30:59.371000Z</time>
      </trkpt>
      <trkpt lat="18.914715" lon="99.011274">
        <ele>328.628834</ele>
        <time>2025-11-18T09:31:09.415000Z</time>
      </trkpt>
      <trkpt lat="18.914983" lon="99.011304">
        <ele>328.683129</ele>
        <time>2025-11-18T09:31:15.675000Z</time>
      </trkpt>
      <trkpt lat="18.915174" lon="99.011351">
        <ele>328.722637</ele>
        <time>2025-11-18T09:31:20.303000Z</time>
      </trkpt>
      <trkpt lat="18.915369" lon="99.01142">
        <ele>328.764066</ele>
        <time>2025-11-18T09:31:25.251000Z</time>
      </trkpt>
      <trkpt lat="18.915767" lon="99.011635">
        <ele>328.759258</ele>
        <time>2025-11-18T09:31:36.210000Z</time>
      </trkpt>
      <trkpt lat="18.916595" lon="99.012154">
        <ele>328.56773</ele>
        <time>2025-11-18T09:31:58.137000Z</time>
      </trkpt>
      <trkpt lat="18.916879" lon="99.0123">
        <ele>328.504897</ele>
        <time>2025-11-18T09:32:04.476000Z</time>
      </trkpt>
      <trkpt lat="18.91705" lon="99.012321">
        <ele>328.470645</ele>
        <time>2025-11-18T09:32:07.810000Z</time>
      </trkpt>
      <trkpt lat="18.917344" lon="99.01229">
        <ele>328.236979</ele>
        <time>2025-11-18T09:32:13.390000Z</time>
      </trkpt>
      <trkpt lat="18.917432" lon="99.01227">
        <ele>328.133647</ele>
        <time>2025-11-18T09:32:15.052000Z</time>
      </trkpt>
      <trkpt lat="18.917563" lon="99.01224">
        <ele>327.97977</ele>
        <time>2025-11-18T09:32:17.496000Z</time>
      </trkpt>
      <trkpt lat="18.91787" lon="99.012098">
        <ele>327.595072</ele>
        <time>2025-11-18T09:32:23.656000Z</time>
      </trkpt>
      <trkpt lat="18.918097" lon="99.011944">
        <ele>327.285427</ele>
        <time>2025-11-18T09:32:28.755000Z</time>
      </trkpt>
      <trkpt lat="18.91826" lon="99.011729">
        <ele>326.986208</ele>
        <time>2025-11-18T09:32:33.748000Z</time>
      </trkpt>
      <trkpt lat="18.918365" lon="99.011527">
        <ele>326.735903</ele>
        <time>2025-11-18T09:32:37.982000Z</time>
      </trkpt>
      <trkpt lat="18.918355" lon="99.011012">
        <ele>326.238394</ele>
        <time>2025-11-18T09:32:47.836000Z</time>
      </trkpt>
      <trkpt lat="18.918279" lon="99.010695">
        <ele>325.989347</ele>
        <time>2025-11-18T09:32:53.929000Z</time>
      </trkpt>
      <trkpt lat="18.918157" lon="99.010454">
        <ele>325.781185</ele>
        <time>2025-11-18T09:32:59.079000Z</time>
      </trkpt>
      <trkpt lat="18.917929" lon="99.010255">
        <ele>325.543155</ele>
        <time>2025-11-18T09:33:05.128000Z</time>
      </trkpt>
      <trkpt lat="18.917447" lon="99.009977">
        <ele>325.101123</ele>
        <time>2025-11-18T09:33:16.334000Z</time>
      </trkpt>
      <trkpt lat="18.917193" lon="99.009784">
        <ele>325.015805</ele>
        <time>2025-11-18T09:33:23.074000Z</time>
      </trkpt>
      <trkpt lat="18.916762" lon="99.009328">
        <ele>325.471058</ele>
        <time>2025-11-18T09:33:38.090000Z</time>
      </trkpt>
      <trkpt lat="18.916543" lon="99.008888">
        <ele>325.822196</ele>
        <time>2025-11-18T09:33:51.481000Z</time>
      </trkpt>
      <trkpt lat="18.916427" lon="99.00841">
        <ele>326.170716</ele>
        <time>2025-11-18T09:34:04.951000Z</time>
      </trkpt>
      <trkpt lat="18.916437" lon="99.007981">
        <ele>326.364949</ele>
        <time>2025-11-18T09:34:16.405000Z</time>
      </trkpt>
      <trkpt lat="18.916619" lon="99.007396">
        <ele>326.557466</ele>
        <time>2025-11-18T09:34:31.761000Z</time>
      </trkpt>
      <trkpt lat="18.916965" lon="99.006871">
        <ele>326.757493</ele>
        <time>2025-11-18T09:34:46.082000Z</time>
      </trkpt>
      <trkpt lat="18.917447" lon="99.006302">
        <ele>326.631442</ele>
        <time>2025-11-18T09:35:01.229000Z</time>
      </trkpt>
      <trkpt lat="18.917533" lon="99.006136">
        <ele>326.51564</ele>
        <time>2025-11-18T09:35:04.853000Z</time>
      </trkpt>
      <trkpt lat="18.917604" lon="99.005811">
        <ele>326.311553</ele>
        <time>2025-11-18T09:35:11.147000Z</time>
      </trkpt>
      <trkpt lat="18.917665" lon="99.004897">
        <ele>325.750926</ele>
        <time>2025-11-18T09:35:29.007000Z</time>
      </trkpt>
      <trkpt lat="18.917721" lon="99.004591">
        <ele>325.8027</ele>
        <time>2025-11-18T09:35:35.723000Z</time>
      </trkpt>
      <trkpt lat="18.917832" lon="99.00428">
        <ele>325.929571</ele>
        <time>2025-11-18T09:35:43.434000Z</time>
      </trkpt>
      <trkpt lat="18.918264" lon="99.00333">
        <ele>326.33189</ele>
        <time>2025-11-18T09:36:09.535000Z</time>
      </trkpt>
      <trkpt lat="18.918834" lon="99.00221">
        <ele>326.693797</ele>
        <time>2025-11-18T09:36:40.077000Z</time>
      </trkpt>
      <trkpt lat="18.919152" lon="99.001576">
        <ele>326.879143</ele>
        <time>2025-11-18T09:36:55.942000Z</time>
      </trkpt>
      <trkpt lat="18.919563" lon="99.00127">
        <ele>326.850508</ele>
        <time>2025-11-18T09:37:07.288000Z</time>
      </trkpt>
      <trkpt lat="18.920126" lon="99.000922">
        <ele>326.700516</ele>
        <time>2025-11-18T09:37:21.638000Z</time>
      </trkpt>
      <trkpt lat="18.920441" lon="99.000836">
        <ele>326.625693</ele>
        <time>2025-11-18T09:37:28.738000Z</time>
      </trkpt>
      <trkpt lat="18.920913" lon="99.000825">
        <ele>326.517114</ele>
        <time>2025-11-18T09:37:39.070000Z</time>
      </trkpt>
      <trkpt lat="18.923534" lon="99.000846">
        <ele>327.364928</ele>
        <time>2025-11-18T09:38:41.023000Z</time>
      </trkpt>
      <trkpt lat="18.924034" lon="99.000846">
        <ele>327.833693</ele>
        <time>2025-11-18T09:38:55.713000Z</time>
      </trkpt>
      <trkpt lat="18.924272" lon="99.000798">
        <ele>328.06085</ele>
        <time>2025-11-18T09:39:03.073000Z</time>
      </trkpt>
      <trkpt lat="18.925018" lon="99.000508">
        <ele>328.414241</ele>
        <time>2025-11-18T09:39:26.541000Z</time>
      </trkpt>
      <trkpt lat="18.925525" lon="99.000283">
        <ele>328.532054</ele>
        <time>2025-11-18T09:39:40.013000Z</time>
      </trkpt>
      <trkpt lat="18.926479" lon="98.999505">
        <ele>328.353237</ele>
        <time>2025-11-18T09:40:04.371000Z</time>
      </trkpt>
      <trkpt lat="18.927119" lon="98.998937">
        <ele>327.798745</ele>
        <time>2025-11-18T09:40:21.231000Z</time>
      </trkpt>
      <trkpt lat="18.927799" lon="98.998196">
        <ele>327.806286</ele>
        <time>2025-11-18T09:40:43.874000Z</time>
      </trkpt>
      <trkpt lat="18.928788" lon="98.997048">
        <ele>328.668582</ele>
        <time>2025-11-18T09:41:23.594000Z</time>
      </trkpt>
      <trkpt lat="18.928961" lon="98.996882">
        <ele>328.753797</ele>
        <time>2025-11-18T09:41:29.868000Z</time>
      </trkpt>
      <trkpt lat="18.929117" lon="98.996808">
        <ele>328.816161</ele>
        <time>2025-11-18T09:41:34.403000Z</time>
      </trkpt>
      <trkpt lat="18.929259" lon="98.99674">
        <ele>328.87302</ele>
        <time>2025-11-18T09:41:38.243000Z</time>
      </trkpt>
      <trkpt lat="18.930122" lon="98.996382">
        <ele>329.211153</ele>
        <time>2025-11-18T09:42:00.226000Z</time>
      </trkpt>
      <trkpt lat="18.930302" lon="98.99634">
        <ele>329.26172</ele>
        <time>2025-11-18T09:42:04.391000Z</time>
      </trkpt>
      <trkpt lat="18.930508" lon="98.996335">
        <ele>329.274176</ele>
        <time>2025-11-18T09:42:09.043000Z</time>
      </trkpt>
      <trkpt lat="18.930772" lon="98.996394">
        <ele>329.290487</ele>
        <time>2025-11-18T09:42:15.139000Z</time>
      </trkpt>
      <trkpt lat="18.932503" lon="98.996973">
        <ele>329.658769</ele>
        <time>2025-11-18T09:42:58.017000Z</time>
      </trkpt>
      <trkpt lat="18.93283" lon="98.997019">
        <ele>329.834455</ele>
        <time>2025-11-18T09:43:06.507000Z</time>
      </trkpt>
      <trkpt lat="18.933328" lon="98.996996">
        <ele>330.099929</ele>
        <time>2025-11-18T09:43:19.465000Z</time>
      </trkpt>
      <trkpt lat="18.933874" lon="98.996968">
        <ele>330.333161</ele>
        <time>2025-11-18T09:43:33.857000Z</time>
      </trkpt>
      <trkpt lat="18.933937" lon="98.996966">
        <ele>330.337289</ele>
        <time>2025-11-18T09:43:35.499000Z</time>
      </trkpt>
      <trkpt lat="18.93407" lon="98.996964">
        <ele>330.346</ele>
        <time>2025-11-18T09:43:38.996000Z</time>
      </trkpt>
      <trkpt lat="18.934155" lon="98.996966">
        <ele>330.351568</ele>
        <time>2025-11-18T09:43:41.256000Z</time>
      </trkpt>
      <trkpt lat="18.935052" lon="98.99699">
        <ele>330.41033</ele>
        <time>2025-11-18T09:44:03.195000Z</time>
      </trkpt>
      <trkpt lat="18.935689" lon="98.996995">
        <ele>330.32929</ele>
        <time>2025-11-18T09:44:16.336000Z</time>
      </trkpt>
      <trkpt lat="18.936021" lon="98.996875">
        <ele>330.046086</ele>
        <time>2025-11-18T09:44:23.330000Z</time>
      </trkpt>
      <trkpt lat="18.936658" lon="98.996576">
        <ele>329.483528</ele>
        <time>2025-11-18T09:44:37.207000Z</time>
      </trkpt>
      <trkpt lat="18.93883" lon="98.99545">
        <ele>328.313566</ele>
        <time>2025-11-18T09:45:29.802000Z</time>
      </trkpt>
      <trkpt lat="18.93918" lon="98.99531">
        <ele>328.140941</ele>
        <time>2025-11-18T09:45:38.104000Z</time>
      </trkpt>
      <trkpt lat="18.939465" lon="98.99527">
        <ele>328.008316</ele>
        <time>2025-11-18T09:45:44.387000Z</time>
      </trkpt>
      <trkpt lat="18.940783" lon="98.995187">
        <ele>327.408345</ele>
        <time>2025-11-18T09:46:12.625000Z</time>
      </trkpt>
      <trkpt lat="18.941057" lon="98.995144">
        <ele>327.293584</ele>
        <time>2025-11-18T09:46:18.486000Z</time>
      </trkpt>
      <trkpt lat="18.941271" lon="98.995069">
        <ele>327.200179</ele>
        <time>2025-11-18T09:46:23.268000Z</time>
      </trkpt>
      <trkpt lat="18.941412" lon="98.99498">
        <ele>327.132144</ele>
        <time>2025-11-18T09:46:26.792000Z</time>
      </trkpt>
      <trkpt lat="18.942373" lon="98.99415">
        <ele>326.832352</ele>
        <time>2025-11-18T09:46:54.233000Z</time>
      </trkpt>
      <trkpt lat="18.942907" lon="98.993656">
        <ele>327.040882</ele>
        <time>2025-11-18T09:47:11.165000Z</time>
      </trkpt>
      <trkpt lat="18.943265" lon="98.993358">
        <ele>327.174789</ele>
        <time>2025-11-18T09:47:22.740000Z</time>
      </trkpt>
      <trkpt lat="18.943489" lon="98.993225">
        <ele>327.25029</ele>
        <time>2025-11-18T09:47:29.457000Z</time>
      </trkpt>
      <trkpt lat="18.943825" lon="98.993032">
        <ele>327.483331</ele>
        <time>2025-11-18T09:47:39.492000Z</time>
      </trkpt>
      <trkpt lat="18.944508" lon="98.992674">
        <ele>328.005564</ele>
        <time>2025-11-18T09:47:59.541000Z</time>
      </trkpt>
      <trkpt lat="18.944767" lon="98.992537">
        <ele>328.203959</ele>
        <time>2025-11-18T09:48:07.064000Z</time>
      </trkpt>
      <trkpt lat="18.944962" lon="98.992476">
        <ele>328.343268</ele>
        <time>2025-11-18T09:48:12.312000Z</time>
      </trkpt>
      <trkpt lat="18.945697" lon="98.992258">
        <ele>328.629831</ele>
        <time>2025-11-18T09:48:31.495000Z</time>
      </trkpt>
      <trkpt lat="18.946456" lon="98.992033">
        <ele>328.817258</ele>
        <time>2025-11-18T09:48:50.438000Z</time>
      </trkpt>
      <trkpt lat="18.946702" lon="98.991912">
        <ele>328.881769</ele>
        <time>2025-11-18T09:48:56.718000Z</time>
      </trkpt>
      <trkpt lat="18.948349" lon="98.991049">
        <ele>328.722794</ele>
        <time>2025-11-18T09:49:38.113000Z</time>
      </trkpt>
      <trkpt lat="18.948541" lon="98.990931">
        <ele>328.702116</ele>
        <time>2025-11-18T09:49:43.256000Z</time>
      </trkpt>
      <trkpt lat="18.949744" lon="98.990332">
        <ele>328.735708</ele>
        <time>2025-11-18T09:50:14.645000Z</time>
      </trkpt>
      <trkpt lat="18.950419" lon="98.990053">
        <ele>328.658665</ele>
        <time>2025-11-18T09:50:31.317000Z</time>
      </trkpt>
      <trkpt lat="18.951022" lon="98.989758">
        <ele>328.468999</ele>
        <time>2025-11-18T09:50:45.912000Z</time>
      </trkpt>
      <trkpt lat="18.952438" lon="98.989157">
        <ele>328.391801</ele>
        <time>2025-11-18T09:51:19.263000Z</time>
      </trkpt>
      <trkpt lat="18.952608" lon="98.989098">
        <ele>328.432524</ele>
        <time>2025-11-18T09:51:23.659000Z</time>
      </trkpt>
      <trkpt lat="18.952788" lon="98.989072">
        <ele>328.473873</ele>
        <time>2025-11-18T09:51:28.249000Z</time>
      </trkpt>
      <trkpt lat="18.952971" lon="98.989072">
        <ele>328.515524</ele>
        <time>2025-11-18T09:51:32.952000Z</time>
      </trkpt>
      <trkpt lat="18.953351" lon="98.989136">
        <ele>328.603104</ele>
        <time>2025-11-18T09:51:42.936000Z</time>
      </trkpt>
      <trkpt lat="18.95392" lon="98.98929">
        <ele>328.698679</ele>
        <time>2025-11-18T09:51:58.287000Z</time>
      </trkpt>
      <trkpt lat="18.954645" lon="98.989479">
        <ele>328.800162</ele>
        <time>2025-11-18T09:52:16.500000Z</time>
      </trkpt>
      <trkpt lat="18.955284" lon="98.989737">
        <ele>328.862802</ele>
        <time>2025-11-18T09:52:31.377000Z</time>
      </trkpt>
      <trkpt lat="18.957095" lon="98.990713">
        <ele>327.927534</ele>
        <time>2025-11-18T09:53:14.610000Z</time>
      </trkpt>
      <trkpt lat="18.957435" lon="98.990922">
        <ele>327.845309</ele>
        <time>2025-11-18T09:53:23.612000Z</time>
      </trkpt>
      <trkpt lat="18.957677" lon="98.991194">
        <ele>327.771467</ele>
        <time>2025-11-18T09:53:31.828000Z</time>
      </trkpt>
      <trkpt lat="18.958562" lon="98.992151">
        <ele>327.591371</ele>
        <time>2025-11-18T09:54:00.655000Z</time>
      </trkpt>
      <trkpt lat="18.958762" lon="98.992335">
        <ele>327.581201</ele>
        <time>2025-11-18T09:54:06.237000Z</time>
      </trkpt>
      <trkpt lat="18.958984" lon="98.992542">
        <ele>327.569846</ele>
        <time>2025-11-18T09:54:12.724000Z</time>
      </trkpt>
      <trkpt lat="18.959424" lon="98.992859">
        <ele>327.549421</ele>
        <time>2025-11-18T09:54:25.318000Z</time>
      </trkpt>
      <trkpt lat="18.959602" lon="98.992949">
        <ele>327.541852</ele>
        <time>2025-11-18T09:54:30.038000Z</time>
      </trkpt>
      <trkpt lat="18.960175" lon="98.993186">
        <ele>327.903881</ele>
        <time>2025-11-18T09:54:45.707000Z</time>
      </trkpt>
      <trkpt lat="18.960434" lon="98.993213">
        <ele>328.060382</ele>
        <time>2025-11-18T09:54:52.835000Z</time>
      </trkpt>
      <trkpt lat="18.960585" lon="98.993198">
        <ele>328.151584</ele>
        <time>2025-11-18T09:54:57.113000Z</time>
      </trkpt>
      <trkpt lat="18.961845" lon="98.993119">
        <ele>328.491556</ele>
        <time>2025-11-18T09:55:28.924000Z</time>
      </trkpt>
      <trkpt lat="18.962047" lon="98.993111">
        <ele>328.436023</ele>
        <time>2025-11-18T09:55:33.422000Z</time>
      </trkpt>
      <trkpt lat="18.962286" lon="98.993036">
        <ele>328.367532</ele>
        <time>2025-11-18T09:55:38.759000Z</time>
      </trkpt>
      <trkpt lat="18.963361" lon="98.992376">
        <ele>328.159788</ele>
        <time>2025-11-18T09:56:04.624000Z</time>
      </trkpt>
      <trkpt lat="18.963706" lon="98.992193">
        <ele>328.191721</ele>
        <time>2025-11-18T09:56:13.508000Z</time>
      </trkpt>
      <trkpt lat="18.965756" lon="98.991427">
        <ele>328.476149</ele>
        <time>2025-11-18T09:57:08.034000Z</time>
      </trkpt>
      <trkpt lat="18.966233" lon="98.991185">
        <ele>328.568619</ele>
        <time>2025-11-18T09:57:19.983000Z</time>
      </trkpt>
      <trkpt lat="18.966501" lon="98.990976">
        <ele>328.509443</ele>
        <time>2025-11-18T09:57:27.268000Z</time>
      </trkpt>
      <trkpt lat="18.966709" lon="98.990681">
        <ele>328.365196</ele>
        <time>2025-11-18T09:57:34.677000Z</time>
      </trkpt>
      <trkpt lat="18.967256" lon="98.989677">
        <ele>327.910976</ele>
        <time>2025-11-18T09:57:57.721000Z</time>
      </trkpt>
      <trkpt lat="18.967896" lon="98.988501">
        <ele>328.462399</ele>
        <time>2025-11-18T09:58:28.128000Z</time>
      </trkpt>
      <trkpt lat="18.968226" lon="98.987918">
        <ele>328.813443</ele>
        <time>2025-11-18T09:58:46.215000Z</time>
      </trkpt>
      <trkpt lat="18.96848" lon="98.98758">
        <ele>329.095099</ele>
        <time>2025-11-18T09:58:58.361000Z</time>
      </trkpt>
      <trkpt lat="18.968916" lon="98.98721">
        <ele>329.486816</ele>
        <time>2025-11-18T09:59:14.385000Z</time>
      </trkpt>
      <trkpt lat="18.969276" lon="98.986958">
        <ele>329.789327</ele>
        <time>2025-11-18T09:59:25.435000Z</time>
      </trkpt>
      <trkpt lat="18.969809" lon="98.98677">
        <ele>330.016856</ele>
        <time>2025-11-18T09:59:37.800000Z</time>
      </trkpt>
      <trkpt lat="18.970226" lon="98.986651">
        <ele>329.782515</ele>
        <time>2025-11-18T09:59:46.598000Z</time>
      </trkpt>
      <trkpt lat="18.970646" lon="98.986561">
        <ele>329.550009</ele>
        <time>2025-11-18T09:59:55.242000Z</time>
      </trkpt>
      <trkpt lat="18.97129" lon="98.986534">
        <ele>329.200327</ele>
        <time>2025-11-18T10:00:09.047000Z</time>
      </trkpt>
      <trkpt lat="18.971838" lon="98.986561">
        <ele>329.07699</ele>
        <time>2025-11-18T10:00:21.762000Z</time>
      </trkpt>
      <trkpt lat="18.972143" lon="98.986604">
        <ele>329.048076</ele>
        <time>2025-11-18T10:00:29.206000Z</time>
      </trkpt>
      <trkpt lat="18.973715" lon="98.986942">
        <ele>328.770473</ele>
        <time>2025-11-18T10:01:05.529000Z</time>
      </trkpt>
      <trkpt lat="18.974816" lon="98.987151">
        <ele>328.382559</ele>
        <time>2025-11-18T10:01:29.295000Z</time>
      </trkpt>
      <trkpt lat="18.974928" lon="98.987153">
        <ele>328.343713</ele>
        <time>2025-11-18T10:01:31.776000Z</time>
      </trkpt>
      <trkpt lat="18.97542" lon="98.987159">
        <ele>328.225664</ele>
        <time>2025-11-18T10:01:43.105000Z</time>
      </trkpt>
      <trkpt lat="18.975751" lon="98.987099">
        <ele>328.150675</ele>
        <time>2025-11-18T10:01:51.019000Z</time>
      </trkpt>
      <trkpt lat="18.976333" lon="98.986888">
        <ele>328.01329</ele>
        <time>2025-11-18T10:02:05.288000Z</time>
      </trkpt>
      <trkpt lat="18.976586" lon="98.986722">
        <ele>327.946805</ele>
        <time>2025-11-18T10:02:11.803000Z</time>
      </trkpt>
      <trkpt lat="18.97718" lon="98.986191">
        <ele>327.98073</ele>
        <time>2025-11-18T10:02:27.905000Z</time>
      </trkpt>
      <trkpt lat="18.977449" lon="98.985864">
        <ele>328.019358</ele>
        <time>2025-11-18T10:02:36.805000Z</time>
      </trkpt>
      <trkpt lat="18.977805" lon="98.985349">
        <ele>328.076214</ele>
        <time>2025-11-18T10:02:51.968000Z</time>
      </trkpt>
      <trkpt lat="18.978712" lon="98.98405">
        <ele>329.763273</ele>
        <time>2025-11-18T10:03:37.099000Z</time>
      </trkpt>
      <trkpt lat="18.979617" lon="98.982811">
        <ele>330.712592</ele>
        <time>2025-11-18T10:04:14.799000Z</time>
      </trkpt>
      <trkpt lat="18.980353" lon="98.981926">
        <ele>331.093657</ele>
        <time>2025-11-18T10:04:41.198000Z</time>
      </trkpt>
      <trkpt lat="18.980838" lon="98.981438">
        <ele>331.212019</ele>
        <time>2025-11-18T10:04:57.274000Z</time>
      </trkpt>
      <trkpt lat="18.981279" lon="98.980934">
        <ele>331.326822</ele>
        <time>2025-11-18T10:05:12.902000Z</time>
      </trkpt>
      <trkpt lat="18.981496" lon="98.980719">
        <ele>331.328637</ele>
        <time>2025-11-18T10:05:19.919000Z</time>
      </trkpt>
      <trkpt lat="18.981849" lon="98.980429">
        <ele>331.299809</ele>
        <time>2025-11-18T10:05:30.265000Z</time>
      </trkpt>
      <trkpt lat="18.982922" lon="98.97963">
        <ele>331.155059</ele>
        <time>2025-11-18T10:05:59.980000Z</time>
      </trkpt>
      <trkpt lat="18.983166" lon="98.979523">
        <ele>331.045183</ele>
        <time>2025-11-18T10:06:05.859000Z</time>
      </trkpt>
      <trkpt lat="18.983694" lon="98.979425">
        <ele>330.822196</ele>
        <time>2025-11-18T10:06:17.686000Z</time>
      </trkpt>
      <trkpt lat="18.984891" lon="98.979249">
        <ele>330.428788</ele>
        <time>2025-11-18T10:06:43.060000Z</time>
      </trkpt>
      <trkpt lat="18.98553" lon="98.97919">
        <ele>330.345908</ele>
        <time>2025-11-18T10:06:57.118000Z</time>
      </trkpt>
      <trkpt lat="18.986789" lon="98.979145">
        <ele>330.322194</ele>
        <time>2025-11-18T10:07:27.907000Z</time>
      </trkpt>
      <trkpt lat="18.987604" lon="98.979163">
        <ele>330.451242</ele>
        <time>2025-11-18T10:07:47.838000Z</time>
      </trkpt>
      <trkpt lat="18.989456" lon="98.979131">
        <ele>330.478211</ele>
        <time>2025-11-18T10:08:29.831000Z</time>
      </trkpt>
      <trkpt lat="18.989887" lon="98.979163">
        <ele>330.461548</ele>
        <time>2025-11-18T10:08:40.022000Z</time>
      </trkpt>
      <trkpt lat="18.991125" lon="98.979459">
        <ele>330.526957</ele>
        <time>2025-11-18T10:09:10.468000Z</time>
      </trkpt>
      <trkpt lat="18.99157" lon="98.979688">
        <ele>330.552963</ele>
        <time>2025-11-18T10:09:21.546000Z</time>
      </trkpt>
      <trkpt lat="18.991802" lon="98.979874">
        <ele>330.566534</ele>
        <time>2025-11-18T10:09:27.822000Z</time>
      </trkpt>
      <trkpt lat="18.99251" lon="98.980553">
        <ele>330.609947</ele>
        <time>2025-11-18T10:09:49.179000Z</time>
      </trkpt>
      <trkpt lat="18.992728" lon="98.980714">
        <ele>330.622025</ele>
        <time>2025-11-18T10:09:55.610000Z</time>
      </trkpt>
      <trkpt lat="18.992991" lon="98.9808">
        <ele>330.634529</ele>
        <time>2025-11-18T10:10:02.691000Z</time>
      </trkpt>
      <trkpt lat="18.994199" lon="98.980944">
        <ele>330.901039</ele>
        <time>2025-11-18T10:10:34.929000Z</time>
      </trkpt>
      <trkpt lat="18.994225" lon="98.980947">
        <ele>330.907006</ele>
        <time>2025-11-18T10:10:35.547000Z</time>
      </trkpt>
      <trkpt lat="18.994431" lon="98.980979">
        <ele>330.954507</ele>
        <time>2025-11-18T10:10:40.259000Z</time>
      </trkpt>
      <trkpt lat="18.994479" lon="98.980986">
        <ele>330.965561</ele>
        <time>2025-11-18T10:10:41.322000Z</time>
      </trkpt>
      <trkpt lat="18.995776" lon="98.981175">
        <ele>330.483369</ele>
        <time>2025-11-18T10:11:07.739000Z</time>
      </trkpt>
      <trkpt lat="18.9962" lon="98.981217">
        <ele>330.230415</ele>
        <time>2025-11-18T10:11:16.736000Z</time>
      </trkpt>
      <trkpt lat="18.996541" lon="98.981168">
        <ele>330.026004</ele>
        <time>2025-11-18T10:11:24.606000Z</time>
      </trkpt>
      <trkpt lat="18.998033" lon="98.980762">
        <ele>329.898286</ele>
        <time>2025-11-18T10:12:01.397000Z</time>
      </trkpt>
      <trkpt lat="18.998368" lon="98.980714">
        <ele>329.878972</ele>
        <time>2025-11-18T10:12:08.762000Z</time>
      </trkpt>
      <trkpt lat="18.998576" lon="98.98073">
        <ele>329.761417</ele>
        <time>2025-11-18T10:12:13.235000Z</time>
      </trkpt>
      <trkpt lat="18.998814" lon="98.980842">
        <ele>329.614581</ele>
        <time>2025-11-18T10:12:18.716000Z</time>
      </trkpt>
      <trkpt lat="18.999319" lon="98.981167">
        <ele>329.281363</ele>
        <time>2025-11-18T10:12:30.793000Z</time>
      </trkpt>
      <trkpt lat="18.999347" lon="98.981184">
        <ele>329.263165</ele>
        <time>2025-11-18T10:12:31.462000Z</time>
      </trkpt>
      <trkpt lat="19.000148" lon="98.981722">
        <ele>328.845302</ele>
        <time>2025-11-18T10:12:51.846000Z</time>
      </trkpt>
      <trkpt lat="19.000311" lon="98.98176">
        <ele>328.831285</ele>
        <time>2025-11-18T10:12:55.474000Z</time>
      </trkpt>
      <trkpt lat="19.002726" lon="98.981915">
        <ele>328.841345</ele>
        <time>2025-11-18T10:13:52.003000Z</time>
      </trkpt>
      <trkpt lat="19.002957" lon="98.981967">
        <ele>328.87033</ele>
        <time>2025-11-18T10:13:57.739000Z</time>
      </trkpt>
      <trkpt lat="19.003166" lon="98.982049">
        <ele>328.897689</ele>
        <time>2025-11-18T10:14:03.088000Z</time>
      </trkpt>
      <trkpt lat="19.003334" lon="98.982173">
        <ele>328.922832</ele>
        <time>2025-11-18T10:14:08.004000Z</time>
      </trkpt>
      <trkpt lat="19.003493" lon="98.982367">
        <ele>328.948292</ele>
        <time>2025-11-18T10:14:13.811000Z</time>
      </trkpt>
      <trkpt lat="19.004133" lon="98.983418">
        <ele>329.0567</ele>
        <time>2025-11-18T10:14:41.594000Z</time>
      </trkpt>
      <trkpt lat="19.004337" lon="98.983657">
        <ele>329.084622</ele>
        <time>2025-11-18T10:14:48.606000Z</time>
      </trkpt>
      <trkpt lat="19.0045" lon="98.983798">
        <ele>329.105252</ele>
        <time>2025-11-18T10:14:53.520000Z</time>
      </trkpt>
      <trkpt lat="19.004745" lon="98.98392">
        <ele>329.139463</ele>
        <time>2025-11-18T10:14:59.904000Z</time>
      </trkpt>
      <trkpt lat="19.005027" lon="98.984004">
        <ele>329.176475</ele>
        <time>2025-11-18T10:15:06.858000Z</time>
      </trkpt>
      <trkpt lat="19.006539" lon="98.984538">
        <ele>329.363081</ele>
        <time>2025-11-18T10:15:44.911000Z</time>
      </trkpt>
      <trkpt lat="19.006975" lon="98.984619">
        <ele>329.402536</ele>
        <time>2025-11-18T10:15:55.691000Z</time>
      </trkpt>
      <trkpt lat="19.00798" lon="98.984732">
        <ele>329.502578</ele>
        <time>2025-11-18T10:16:18.824000Z</time>
      </trkpt>
      <trkpt lat="19.008233" lon="98.984705">
        <ele>329.574051</ele>
        <time>2025-11-18T10:16:24.458000Z</time>
      </trkpt>
      <trkpt lat="19.008324" lon="98.984671">
        <ele>329.601179</ele>
        <time>2025-11-18T10:16:26.645000Z</time>
      </trkpt>
      <trkpt lat="19.009251" lon="98.984339">
        <ele>329.876271</ele>
        <time>2025-11-18T10:16:51.108000Z</time>
      </trkpt>
      <trkpt lat="19.009843" lon="98.984203">
        <ele>329.980957</ele>
        <time>2025-11-18T10:17:06.272000Z</time>
      </trkpt>
      <trkpt lat="19.010303" lon="98.984115">
        <ele>329.949745</ele>
        <time>2025-11-18T10:17:17.921000Z</time>
      </trkpt>
      <trkpt lat="19.011058" lon="98.984056">
        <ele>329.899197</ele>
        <time>2025-11-18T10:17:35.023000Z</time>
      </trkpt>
      <trkpt lat="19.012138" lon="98.984041">
        <ele>329.531379</ele>
        <time>2025-11-18T10:17:57.525000Z</time>
      </trkpt>
      <trkpt lat="19.013312" lon="98.984024">
        <ele>328.984638</ele>
        <time>2025-11-18T10:18:23.028000Z</time>
      </trkpt>
      <trkpt lat="19.013584" lon="98.98404">
        <ele>328.973185</ele>
        <time>2025-11-18T10:18:29.121000Z</time>
      </trkpt>
      <trkpt lat="19.013838" lon="98.984093">
        <ele>328.9623</ele>
        <time>2025-11-18T10:18:34.966000Z</time>
      </trkpt>
      <trkpt lat="19.01404" lon="98.984238">
        <ele>328.952037</ele>
        <time>2025-11-18T10:18:40.554000Z</time>
      </trkpt>
      <trkpt lat="19.014598" lon="98.984818">
        <ele>328.919145</ele>
        <time>2025-11-18T10:18:58.870000Z</time>
      </trkpt>
      <trkpt lat="19.014786" lon="98.984978">
        <ele>328.928863</ele>
        <time>2025-11-18T10:19:04.582000Z</time>
      </trkpt>
      <trkpt lat="19.014958" lon="98.98507">
        <ele>328.975108</ele>
        <time>2025-11-18T10:19:09.154000Z</time>
      </trkpt>
      <trkpt lat="19.015308" lon="98.985145">
        <ele>329.060789</ele>
        <time>2025-11-18T10:19:17.569000Z</time>
      </trkpt>
      <trkpt lat="19.016112" lon="98.985216">
        <ele>329.254364</ele>
        <time>2025-11-18T10:19:37.061000Z</time>
      </trkpt>
      <trkpt lat="19.016419" lon="98.985247">
        <ele>329.328357</ele>
        <time>2025-11-18T10:19:44.886000Z</time>
      </trkpt>
      <trkpt lat="19.016647" lon="98.985316">
        <ele>329.402651</ele>
        <time>2025-11-18T10:19:50.817000Z</time>
      </trkpt>
      <trkpt lat="19.017405" lon="98.985639">
        <ele>329.680423</ele>
        <time>2025-11-18T10:20:10.898000Z</time>
      </trkpt>
      <trkpt lat="19.017721" lon="98.985724">
        <ele>329.791252</ele>
        <time>2025-11-18T10:20:19Z</time>
      </trkpt>
      <trkpt lat="19.019609" lon="98.985837">
        <ele>330.304026</ele>
        <time>2025-11-18T10:21:04.291000Z</time>
      </trkpt>
      <trkpt lat="19.020167" lon="98.985966">
        <ele>330.517494</ele>
        <time>2025-11-18T10:21:18.252000Z</time>
      </trkpt>
      <trkpt lat="19.020699" lon="98.986191">
        <ele>330.885858</ele>
        <time>2025-11-18T10:21:33.060000Z</time>
      </trkpt>
      <trkpt lat="19.021967" lon="98.986797">
        <ele>331.462505</ele>
        <time>2025-11-18T10:22:09.660000Z</time>
      </trkpt>
      <trkpt lat="19.022091" lon="98.986819">
        <ele>331.428435</ele>
        <time>2025-11-18T10:22:12.675000Z</time>
      </trkpt>
      <trkpt lat="19.022206" lon="98.98684">
        <ele>331.396812</ele>
        <time>2025-11-18T10:22:15.400000Z</time>
      </trkpt>
      <trkpt lat="19.022409" lon="98.986797">
        <ele>331.340712</ele>
        <time>2025-11-18T10:22:20.124000Z</time>
      </trkpt>
      <trkpt lat="19.022596" lon="98.9867">
        <ele>331.284275</ele>
        <time>2025-11-18T10:22:24.707000Z</time>
      </trkpt>
      <trkpt lat="19.022764" lon="98.986507">
        <ele>331.217066</ele>
        <time>2025-11-18T10:22:29.996000Z</time>
      </trkpt>
      <trkpt lat="19.02288" lon="98.98625">
        <ele>331.14411</ele>
        <time>2025-11-18T10:22:35.545000Z</time>
      </trkpt>
      <trkpt lat="19.022997" lon="98.985118">
        <ele>330.288768</ele>
        <time>2025-11-18T10:22:56.563000Z</time>
      </trkpt>
      <trkpt lat="19.023119" lon="98.984748">
        <ele>329.927644</ele>
        <time>2025-11-18T10:23:03.843000Z</time>
      </trkpt>
      <trkpt lat="19.023301" lon="98.984474">
        <ele>329.61904</ele>
        <time>2025-11-18T10:23:10.254000Z</time>
      </trkpt>
      <trkpt lat="19.023555" lon="98.984222">
        <ele>329.334012</ele>
        <time>2025-11-18T10:23:17.639000Z</time>
      </trkpt>
      <trkpt lat="19.02391" lon="98.984018">
        <ele>329.527707</ele>
        <time>2025-11-18T10:23:26.984000Z</time>
      </trkpt>
      <trkpt lat="19.02428" lon="98.983954">
        <ele>329.707455</ele>
        <time>2025-11-18T10:23:36.658000Z</time>
      </trkpt>
      <trkpt lat="19.024508" lon="98.983959">
        <ele>329.81679</ele>
        <time>2025-11-18T10:23:42.788000Z</time>
      </trkpt>
      <trkpt lat="19.024878" lon="98.984029">
        <ele>329.996997</ele>
        <time>2025-11-18T10:23:53.093000Z</time>
      </trkpt>
      <trkpt lat="19.025106" lon="98.984173">
        <ele>330.124311</ele>
        <time>2025-11-18T10:24:00.354000Z</time>
      </trkpt>
      <trkpt lat="19.025969" lon="98.984759">
        <ele>330.608181</ele>
        <time>2025-11-18T10:24:26.545000Z</time>
      </trkpt>
      <trkpt lat="19.026166" lon="98.984855">
        <ele>330.710318</ele>
        <time>2025-11-18T10:24:31.754000Z</time>
      </trkpt>
      <trkpt lat="19.026485" lon="98.984893">
        <ele>330.861482</ele>
        <time>2025-11-18T10:24:39.497000Z</time>
      </trkpt>
      <trkpt lat="19.027794" lon="98.984877">
        <ele>331.016412</ele>
        <time>2025-11-18T10:25:11.412000Z</time>
      </trkpt>
      <trkpt lat="19.028073" lon="98.984823">
        <ele>331.013768</ele>
        <time>2025-11-18T10:25:17.919000Z</time>
      </trkpt>
      <trkpt lat="19.028408" lon="98.984694">
        <ele>331.010446</ele>
        <time>2025-11-18T10:25:25.709000Z</time>
      </trkpt>
      <trkpt lat="19.028834" lon="98.984426">
        <ele>330.882595</ele>
        <time>2025-11-18T10:25:36.158000Z</time>
      </trkpt>
      <trkpt lat="19.029184" lon="98.984303">
        <ele>330.726744</ele>
        <time>2025-11-18T10:25:43.870000Z</time>
      </trkpt>
      <trkpt lat="19.029514" lon="98.984294">
        <ele>330.587247</ele>
        <time>2025-11-18T10:25:50.853000Z</time>
      </trkpt>
      <trkpt lat="19.030173" lon="98.984447">
        <ele>330.30214</ele>
        <time>2025-11-18T10:26:05.680000Z</time>
      </trkpt>
      <trkpt lat="19.030507" lon="98.984608">
        <ele>330.19273</ele>
        <time>2025-11-18T10:26:14.151000Z</time>
      </trkpt>
      <trkpt lat="19.030898" lon="98.984936">
        <ele>330.076786</ele>
        <time>2025-11-18T10:26:25.891000Z</time>
      </trkpt>
      <trkpt lat="19.031623" lon="98.985617">
        <ele>329.851515</ele>
        <time>2025-11-18T10:26:47.391000Z</time>
      </trkpt>
      <trkpt lat="19.031882" lon="98.985772">
        <ele>329.709355</ele>
        <time>2025-11-18T10:26:53.615000Z</time>
      </trkpt>
      <trkpt lat="19.032242" lon="98.985864">
        <ele>329.493121</ele>
        <time>2025-11-18T10:27:01.277000Z</time>
      </trkpt>
      <trkpt lat="19.032536" lon="98.985831">
        <ele>329.320504</ele>
        <time>2025-11-18T10:27:07.424000Z</time>
      </trkpt>
      <trkpt lat="19.032815" lon="98.985649">
        <ele>329.129125</ele>
        <time>2025-11-18T10:27:14.304000Z</time>
      </trkpt>
      <trkpt lat="19.033033" lon="98.985343">
        <ele>328.917642</ele>
        <time>2025-11-18T10:27:22.062000Z</time>
      </trkpt>
      <trkpt lat="19.033107" lon="98.985164">
        <ele>328.809812</ele>
        <time>2025-11-18T10:27:26.060000Z</time>
      </trkpt>
      <trkpt lat="19.033444" lon="98.984356">
        <ele>328.658135</ele>
        <time>2025-11-18T10:27:44.632000Z</time>
      </trkpt>
      <trkpt lat="19.033509" lon="98.984057">
        <ele>328.612907</ele>
        <time>2025-11-18T10:27:51.313000Z</time>
      </trkpt>
      <trkpt lat="19.03353" lon="98.983632">
        <ele>328.55017</ele>
        <time>2025-11-18T10:28:00.648000Z</time>
      </trkpt>
      <trkpt lat="19.033286" lon="98.98287">
        <ele>328.565489</ele>
        <time>2025-11-18T10:28:17.964000Z</time>
      </trkpt>
      <trkpt lat="19.033288" lon="98.982804">
        <ele>328.574802</ele>
        <time>2025-11-18T10:28:19.438000Z</time>
      </trkpt>
      <trkpt lat="19.033266" lon="98.982361">
        <ele>328.637365</ele>
        <time>2025-11-18T10:28:29.219000Z</time>
      </trkpt>
      <trkpt lat="19.033322" lon="98.981915">
        <ele>328.700817</ele>
        <time>2025-11-18T10:28:39.325000Z</time>
      </trkpt>
      <trkpt lat="19.033459" lon="98.981567">
        <ele>328.753982</ele>
        <time>2025-11-18T10:28:48.008000Z</time>
      </trkpt>
      <trkpt lat="19.033728" lon="98.981164">
        <ele>328.899771</ele>
        <time>2025-11-18T10:28:59.608000Z</time>
      </trkpt>
      <trkpt lat="19.034382" lon="98.980371">
        <ele>329.253059</ele>
        <time>2025-11-18T10:29:24.542000Z</time>
      </trkpt>
      <trkpt lat="19.034459" lon="98.980327">
        <ele>329.284138</ele>
        <time>2025-11-18T10:29:26.693000Z</time>
      </trkpt>
      <trkpt lat="19.034681" lon="98.980199">
        <ele>329.373926</ele>
        <time>2025-11-18T10:29:32.875000Z</time>
      </trkpt>
      <trkpt lat="19.034924" lon="98.980124">
        <ele>329.469104</ele>
        <time>2025-11-18T10:29:38.993000Z</time>
      </trkpt>
      <trkpt lat="19.035183" lon="98.980129">
        <ele>329.569666</ele>
        <time>2025-11-18T10:29:45.165000Z</time>
      </trkpt>
      <trkpt lat="19.035736" lon="98.98022">
        <ele>329.786925</ele>
        <time>2025-11-18T10:29:58.529000Z</time>
      </trkpt>
      <trkpt lat="19.036116" lon="98.980226">
        <ele>329.93446</ele>
        <time>2025-11-18T10:30:08.063000Z</time>
      </trkpt>
      <trkpt lat="19.036385" lon="98.980172">
        <ele>330.04075</ele>
        <time>2025-11-18T10:30:15.136000Z</time>
      </trkpt>
      <trkpt lat="19.037646" lon="98.97951">
        <ele>330.696798</ele>
        <time>2025-11-18T10:30:51.436000Z</time>
      </trkpt>
      <trkpt lat="19.038407" lon="98.979144">
        <ele>330.974527</ele>
        <time>2025-11-18T10:31:11.387000Z</time>
      </trkpt>
      <trkpt lat="19.039311" lon="98.978713">
        <ele>331.017996</ele>
        <time>2025-11-18T10:31:33.246000Z</time>
      </trkpt>
      <trkpt lat="19.039635" lon="98.978654">
        <ele>331.032408</ele>
        <time>2025-11-18T10:31:40.995000Z</time>
      </trkpt>
      <trkpt lat="19.042997" lon="98.978552">
        <ele>333.310488</ele>
        <time>2025-11-18T10:33:08.285000Z</time>
      </trkpt>
      <trkpt lat="19.043261" lon="98.978504">
        <ele>333.534968</ele>
        <time>2025-11-18T10:33:15.793000Z</time>
      </trkpt>
      <trkpt lat="19.043454" lon="98.978364">
        <ele>333.711727</ele>
        <time>2025-11-18T10:33:22.344000Z</time>
      </trkpt>
      <trkpt lat="19.043968" lon="98.977705">
        <ele>334.159953</ele>
        <time>2025-11-18T10:33:44.540000Z</time>
      </trkpt>
      <trkpt lat="19.044" lon="98.977662">
        <ele>334.188664</ele>
        <time>2025-11-18T10:33:45.913000Z</time>
      </trkpt>
      <trkpt lat="19.044147" lon="98.977486">
        <ele>334.311878</ele>
        <time>2025-11-18T10:33:51.514000Z</time>
      </trkpt>
      <trkpt lat="19.044211" lon="98.977411">
        <ele>334.364886</ele>
        <time>2025-11-18T10:33:53.718000Z</time>
      </trkpt>
      <trkpt lat="19.044569" lon="98.976953">
        <ele>334.668334</ele>
        <time>2025-11-18T10:34:06.101000Z</time>
      </trkpt>
      <trkpt lat="19.044767" lon="98.976825">
        <ele>334.565687</ele>
        <time>2025-11-18T10:34:10.954000Z</time>
      </trkpt>
      <trkpt lat="19.045036" lon="98.976707">
        <ele>334.436869</ele>
        <time>2025-11-18T10:34:16.882000Z</time>
      </trkpt>
      <trkpt lat="19.046692" lon="98.976204">
        <ele>333.866608</ele>
        <time>2025-11-18T10:34:52.089000Z</time>
      </trkpt>
      <trkpt lat="19.04887" lon="98.975571">
        <ele>333.700753</ele>
        <time>2025-11-18T10:35:44.041000Z</time>
      </trkpt>
      <trkpt lat="19.051045" lon="98.974956">
        <ele>333.120036</ele>
        <time>2025-11-18T10:36:30.201000Z</time>
      </trkpt>
      <trkpt lat="19.054903" lon="98.973847">
        <ele>333.174178</ele>
        <time>2025-11-18T10:38:01.025000Z</time>
      </trkpt>
      <trkpt lat="19.055208" lon="98.973665">
        <ele>332.995037</ele>
        <time>2025-11-18T10:38:08.292000Z</time>
      </trkpt>
      <trkpt lat="19.055532" lon="98.973332">
        <ele>332.741545</ele>
        <time>2025-11-18T10:38:17.448000Z</time>
      </trkpt>
      <trkpt lat="19.057175" lon="98.97094">
        <ele>331.041952</ele>
        <time>2025-11-18T10:39:13.204000Z</time>
      </trkpt>
      <trkpt lat="19.05824" lon="98.969472">
        <ele>330.812629</ele>
        <time>2025-11-18T10:39:51.177000Z</time>
      </trkpt>
      <trkpt lat="19.060298" lon="98.966788">
        <ele>331.855571</ele>
        <time>2025-11-18T10:41:08.085000Z</time>
      </trkpt>
      <trkpt lat="19.060542" lon="98.966573">
        <ele>331.988351</ele>
        <time>2025-11-18T10:41:15.945000Z</time>
      </trkpt>
      <trkpt lat="19.060836" lon="98.96638">
        <ele>332.165617</ele>
        <time>2025-11-18T10:41:24.613000Z</time>
      </trkpt>
      <trkpt lat="19.061708" lon="98.965908">
        <ele>332.701145</ele>
        <time>2025-11-18T10:41:49.135000Z</time>
      </trkpt>
      <trkpt lat="19.062073" lon="98.965543">
        <ele>332.975738</ele>
        <time>2025-11-18T10:42:01.200000Z</time>
      </trkpt>
      <trkpt lat="19.06257" lon="98.964867">
        <ele>332.869504</ele>
        <time>2025-11-18T10:42:19.320000Z</time>
      </trkpt>
      <trkpt lat="19.063087" lon="98.964213">
        <ele>332.717241</ele>
        <time>2025-11-18T10:42:36.031000Z</time>
      </trkpt>
      <trkpt lat="19.063827" lon="98.963451">
        <ele>332.708563</ele>
        <time>2025-11-18T10:42:57.373000Z</time>
      </trkpt>
      <trkpt lat="19.066621" lon="98.961147">
        <ele>334.563404</ele>
        <time>2025-11-18T10:44:22.392000Z</time>
      </trkpt>
      <trkpt lat="19.066657" lon="98.961203">
        <ele>334.649654</ele>
        <time>2025-11-18T10:44:24.194000Z</time>
      </trkpt>
      <trkpt lat="19.066767" lon="98.961373">
        <ele>334.912027</ele>
        <time>2025-11-18T10:44:29.810000Z</time>
      </trkpt>
      <trkpt lat="19.067165" lon="98.961931">
        <ele>335.802294</ele>
        <time>2025-11-18T10:44:49.789000Z</time>
      </trkpt>
      <trkpt lat="19.067446" lon="98.962326">
        <ele>336.719485</ele>
        <time>2025-11-18T10:45:04.750000Z</time>
      </trkpt>
      <trkpt lat="19.068938" lon="98.964532">
        <ele>342.160888</ele>
        <time>2025-11-18T10:46:24.774000Z</time>
      </trkpt>
      <trkpt lat="19.069092" lon="98.964781">
        <ele>342.709162</ele>
        <time>2025-11-18T10:46:33.033000Z</time>
      </trkpt>
      <trkpt lat="19.069254" lon="98.965107">
        <ele>343.387772</ele>
        <time>2025-11-18T10:46:42.940000Z</time>
      </trkpt>
      <trkpt lat="19.069431" lon="98.965526">
        <ele>344.051964</ele>
        <time>2025-11-18T10:46:54.781000Z</time>
      </trkpt>
      <trkpt lat="19.069839" lon="98.966669">
        <ele>345.702147</ele>
        <time>2025-11-18T10:47:25.502000Z</time>
      </trkpt>
      <trkpt lat="19.06996" lon="98.967236">
        <ele>347.080475</ele>
        <time>2025-11-18T10:47:42.070000Z</time>
      </trkpt>
      <trkpt lat="19.069952" lon="98.967871">
        <ele>349.339677</ele>
        <time>2025-11-18T10:48:03.110000Z</time>
      </trkpt>
      <trkpt lat="19.069913" lon="98.968125">
        <ele>350.255124</ele>
        <time>2025-11-18T10:48:12.517000Z</time>
      </trkpt>
      <trkpt lat="19.069751" lon="98.969183">
        <ele>354.323121</ele>
        <time>2025-11-18T10:48:55.562000Z</time>
      </trkpt>
      <trkpt lat="19.069716" lon="98.969382">
        <ele>355.199729</ele>
        <time>2025-11-18T10:49:03.973000Z</time>
      </trkpt>
      <trkpt lat="19.069563" lon="98.970531">
        <ele>360.224868</ele>
        <time>2025-11-18T10:49:48.947000Z</time>
      </trkpt>
      <trkpt lat="19.069579" lon="98.971124">
        <ele>362.384262</ele>
        <time>2025-11-18T10:50:09.377000Z</time>
      </trkpt>
      <trkpt lat="19.06962" lon="98.971398">
        <ele>363.288737</ele>
        <time>2025-11-18T10:50:18.603000Z</time>
      </trkpt>
      <trkpt lat="19.069684" lon="98.971621">
        <ele>364.048586</ele>
        <time>2025-11-18T10:50:26.183000Z</time>
      </trkpt>
      <trkpt lat="19.069798" lon="98.971879">
        <ele>364.977156</ele>
        <time>2025-11-18T10:50:35.233000Z</time>
      </trkpt>
      <trkpt lat="19.070633" lon="98.973364">
        <ele>371.085485</ele>
        <time>2025-11-18T10:51:34.887000Z</time>
      </trkpt>
      <trkpt lat="19.070796" lon="98.973819">
        <ele>372.902193</ele>
        <time>2025-11-18T10:51:53.520000Z</time>
      </trkpt>
      <trkpt lat="19.070836" lon="98.974051">
        <ele>373.782672</ele>
        <time>2025-11-18T10:52:02.458000Z</time>
      </trkpt>
      <trkpt lat="19.070853" lon="98.974342">
        <ele>374.839677</ele>
        <time>2025-11-18T10:52:13.452000Z</time>
      </trkpt>
      <trkpt lat="19.070836" lon="98.974634">
        <ele>375.85092</ele>
        <time>2025-11-18T10:52:24.334000Z</time>
      </trkpt>
      <trkpt lat="19.070658" lon="98.97581">
        <ele>379.96769</ele>
        <time>2025-11-18T10:53:05.503000Z</time>
      </trkpt>
      <trkpt lat="19.07065" lon="98.976042">
        <ele>380.770158</ele>
        <time>2025-11-18T10:53:13.120000Z</time>
      </trkpt>
      <trkpt lat="19.07069" lon="98.976385">
        <ele>381.463336</ele>
        <time>2025-11-18T10:53:24.465000Z</time>
      </trkpt>
      <trkpt lat="19.07082" lon="98.97684">
        <ele>382.230294</ele>
        <time>2025-11-18T10:53:39.402000Z</time>
      </trkpt>
      <trkpt lat="19.070918" lon="98.977054">
        <ele>382.613982</ele>
        <time>2025-11-18T10:53:46.344000Z</time>
      </trkpt>
      <trkpt lat="19.071226" lon="98.977441">
        <ele>383.43031</ele>
        <time>2025-11-18T10:53:59.595000Z</time>
      </trkpt>
      <trkpt lat="19.071453" lon="98.977647">
        <ele>383.94086</ele>
        <time>2025-11-18T10:54:06.768000Z</time>
      </trkpt>
      <trkpt lat="19.071639" lon="98.977776">
        <ele>383.932153</ele>
        <time>2025-11-18T10:54:11.478000Z</time>
      </trkpt>
      <trkpt lat="19.071867" lon="98.977896">
        <ele>383.618188</ele>
        <time>2025-11-18T10:54:16.438000Z</time>
      </trkpt>
      <trkpt lat="19.073878" lon="98.9786">
        <ele>381.228536</ele>
        <time>2025-11-18T10:54:54.792000Z</time>
      </trkpt>
      <trkpt lat="19.074617" lon="98.978806">
        <ele>380.526462</ele>
        <time>2025-11-18T10:55:10.344000Z</time>
      </trkpt>
      <trkpt lat="19.075419" lon="98.978917">
        <ele>379.794823</ele>
        <time>2025-11-18T10:55:28.231000Z</time>
      </trkpt>
      <trkpt lat="19.076409" lon="98.979003">
        <ele>378.90587</ele>
        <time>2025-11-18T10:55:48.096000Z</time>
      </trkpt>
      <trkpt lat="19.080335" lon="98.979441">
        <ele>370.666401</ele>
        <time>2025-11-18T10:56:56.067000Z</time>
      </trkpt>
      <trkpt lat="19.080798" lon="98.979518">
        <ele>369.677213</ele>
        <time>2025-11-18T10:57:04.743000Z</time>
      </trkpt>
      <trkpt lat="19.081163" lon="98.979612">
        <ele>368.884367</ele>
        <time>2025-11-18T10:57:11.637000Z</time>
      </trkpt>
      <trkpt lat="19.081674" lon="98.979827">
        <ele>367.723736</ele>
        <time>2025-11-18T10:57:21.505000Z</time>
      </trkpt>
      <trkpt lat="19.086901" lon="98.982451">
        <ele>349.743103</ele>
        <time>2025-11-18T10:58:55.295000Z</time>
      </trkpt>
      <trkpt lat="19.088533" lon="98.983324">
        <ele>347.525112</ele>
        <time>2025-11-18T10:59:30.999000Z</time>
      </trkpt>
      <trkpt lat="19.089029" lon="98.983667">
        <ele>347.113838</ele>
        <time>2025-11-18T10:59:42.624000Z</time>
      </trkpt>
      <trkpt lat="19.08919" lon="98.983805">
        <ele>346.970024</ele>
        <time>2025-11-18T10:59:46.824000Z</time>
      </trkpt>
      <trkpt lat="19.089367" lon="98.984047">
        <ele>346.769297</ele>
        <time>2025-11-18T10:59:52.509000Z</time>
      </trkpt>
      <trkpt lat="19.089533" lon="98.984323">
        <ele>346.554702</ele>
        <time>2025-11-18T10:59:58.710000Z</time>
      </trkpt>
      <trkpt lat="19.089657" lon="98.984628">
        <ele>346.336912</ele>
        <time>2025-11-18T11:00:05.097000Z</time>
      </trkpt>
      <trkpt lat="19.089711" lon="98.984854">
        <ele>346.400615</ele>
        <time>2025-11-18T11:00:09.689000Z</time>
      </trkpt>
      <trkpt lat="19.089738" lon="98.985057">
        <ele>346.506654</ele>
        <time>2025-11-18T11:00:13.873000Z</time>
      </trkpt>
      <trkpt lat="19.089738" lon="98.985276">
        <ele>346.619934</ele>
        <time>2025-11-18T11:00:18.512000Z</time>
      </trkpt>
      <trkpt lat="19.0893" lon="98.991289">
        <ele>350.095363</ele>
        <time>2025-11-18T11:02:41.783000Z</time>
      </trkpt>
      <trkpt lat="19.089071" lon="98.994324">
        <ele>351.904814</ele>
        <time>2025-11-18T11:03:51.205000Z</time>
      </trkpt>
      <trkpt lat="19.088771" lon="98.997834">
        <ele>357.251185</ele>
        <time>2025-11-18T11:05:26.269000Z</time>
      </trkpt>
      <trkpt lat="19.088779" lon="98.998177">
        <ele>358.350978</ele>
        <time>2025-11-18T11:05:37.199000Z</time>
      </trkpt>
      <trkpt lat="19.088811" lon="98.998418">
        <ele>359.311636</ele>
        <time>2025-11-18T11:05:45.362000Z</time>
      </trkpt>
      <trkpt lat="19.088893" lon="98.998701">
        <ele>360.480068</ele>
        <time>2025-11-18T11:05:55.877000Z</time>
      </trkpt>
      <trkpt lat="19.088966" lon="98.998873">
        <ele>361.224343</ele>
        <time>2025-11-18T11:06:02.938000Z</time>
      </trkpt>
      <trkpt lat="19.089152" lon="98.999165">
        <ele>362.614368</ele>
        <time>2025-11-18T11:06:16.910000Z</time>
      </trkpt>
      <trkpt lat="19.08942" lon="98.999465">
        <ele>364.243938</ele>
        <time>2025-11-18T11:06:33.745000Z</time>
      </trkpt>
      <trkpt lat="19.08959" lon="98.999602">
        <ele>365.168477</ele>
        <time>2025-11-18T11:06:43.004000Z</time>
      </trkpt>
      <trkpt lat="19.089769" lon="98.999705">
        <ele>366.175758</ele>
        <time>2025-11-18T11:06:51.864000Z</time>
      </trkpt>
      <trkpt lat="19.090093" lon="98.999834">
        <ele>367.887122</ele>
        <time>2025-11-18T11:07:06.857000Z</time>
      </trkpt>
      <trkpt lat="19.091379" lon="99.000096">
        <ele>373.92137</ele>
        <time>2025-11-18T11:08:03.159000Z</time>
      </trkpt>
      <trkpt lat="19.091673" lon="99.000144">
        <ele>374.116182</ele>
        <time>2025-11-18T11:08:13.597000Z</time>
      </trkpt>
      <trkpt lat="19.091963" lon="99.000191">
        <ele>374.308311</ele>
        <time>2025-11-18T11:08:22.845000Z</time>
      </trkpt>
      <trkpt lat="19.094033" lon="99.000613">
        <ele>373.534049</ele>
        <time>2025-11-18T11:09:02.109000Z</time>
      </trkpt>
      <trkpt lat="19.096225" lon="99.00107">
        <ele>369.280441</ele>
        <time>2025-11-18T11:09:42.436000Z</time>
      </trkpt>
      <trkpt lat="19.096745" lon="99.001149">
        <ele>367.915588</ele>
        <time>2025-11-18T11:09:50.985000Z</time>
      </trkpt>
      <trkpt lat="19.097092" lon="99.001136">
        <ele>366.659397</ele>
        <time>2025-11-18T11:09:56.474000Z</time>
      </trkpt>
      <trkpt lat="19.097482" lon="99.001044">
        <ele>365.213793</ele>
        <time>2025-11-18T11:10:02.728000Z</time>
      </trkpt>
      <trkpt lat="19.097831" lon="99.000916">
        <ele>363.877472</ele>
        <time>2025-11-18T11:10:08.453000Z</time>
      </trkpt>
      <trkpt lat="19.099291" lon="99.000248">
        <ele>358.79087</ele>
        <time>2025-11-18T11:10:34.255000Z</time>
      </trkpt>
      <trkpt lat="19.100029" lon="98.999911">
        <ele>356.491394</ele>
        <time>2025-11-18T11:10:47.868000Z</time>
      </trkpt>
      <trkpt lat="19.100256" lon="98.999834">
        <ele>356.106515</ele>
        <time>2025-11-18T11:10:51.912000Z</time>
      </trkpt>
      <trkpt lat="19.100726" lon="98.99974">
        <ele>355.334227</ele>
        <time>2025-11-18T11:11:00.179000Z</time>
      </trkpt>
      <trkpt lat="19.100921" lon="98.99974">
        <ele>355.019382</ele>
        <time>2025-11-18T11:11:03.587000Z</time>
      </trkpt>
      <trkpt lat="19.101232" lon="98.999784">
        <ele>354.512778</ele>
        <time>2025-11-18T11:11:09.148000Z</time>
      </trkpt>
      <trkpt lat="19.102471" lon="99.000081">
        <ele>355.180971</ele>
        <time>2025-11-18T11:11:36.570000Z</time>
      </trkpt>
      <trkpt lat="19.103006" lon="99.000206">
        <ele>356.217495</ele>
        <time>2025-11-18T11:11:54.312000Z</time>
      </trkpt>
      <trkpt lat="19.103268" lon="99.000267">
        <ele>356.725018</ele>
        <time>2025-11-18T11:12:04.176000Z</time>
      </trkpt>
      <trkpt lat="19.104149" lon="99.000478">
        <ele>359.907727</ele>
        <time>2025-11-18T11:12:41.873000Z</time>
      </trkpt>
      <trkpt lat="19.104758" lon="99.000624">
        <ele>362.41075</ele>
        <time>2025-11-18T11:13:07.757000Z</time>
      </trkpt>
      <trkpt lat="19.105464" lon="99.000798">
        <ele>364.34828</ele>
        <time>2025-11-18T11:13:32.494000Z</time>
      </trkpt>
      <trkpt lat="19.105633" lon="99.000838">
        <ele>364.36361</ele>
        <time>2025-11-18T11:13:37.360000Z</time>
      </trkpt>
      <trkpt lat="19.105854" lon="99.000878">
        <ele>364.383457</ele>
        <time>2025-11-18T11:13:43.036000Z</time>
      </trkpt>
      <trkpt lat="19.106062" lon="99.000882">
        <ele>364.401873</ele>
        <time>2025-11-18T11:13:47.744000Z</time>
      </trkpt>
      <trkpt lat="19.106461" lon="99.000835">
        <ele>364.437412</ele>
        <time>2025-11-18T11:13:55.735000Z</time>
      </trkpt>
      <trkpt lat="19.108218" lon="99.000458">
        <ele>362.345117</ele>
        <time>2025-11-18T11:14:27.401000Z</time>
      </trkpt>
      <trkpt lat="19.10859" lon="99.000412">
        <ele>361.702726</ele>
        <time>2025-11-18T11:14:34.174000Z</time>
      </trkpt>
      <trkpt lat="19.109053" lon="99.000399">
        <ele>361.229657</ele>
        <time>2025-11-18T11:14:42.853000Z</time>
      </trkpt>
      <trkpt lat="19.112491" lon="99.000598">
        <ele>359.336048</ele>
        <time>2025-11-18T11:15:54.997000Z</time>
      </trkpt>
      <trkpt lat="19.113066" lon="99.000632">
        <ele>358.474986</ele>
        <time>2025-11-18T11:16:05.982000Z</time>
      </trkpt>
      <trkpt lat="19.113411" lon="99.000662">
        <ele>357.957415</ele>
        <time>2025-11-18T11:16:12.336000Z</time>
      </trkpt>
      <trkpt lat="19.113806" lon="99.000782">
        <ele>357.342973</ele>
        <time>2025-11-18T11:16:19.635000Z</time>
      </trkpt>
      <trkpt lat="19.113984" lon="99.000853">
        <ele>357.058559</ele>
        <time>2025-11-18T11:16:22.969000Z</time>
      </trkpt>
      <trkpt lat="19.11415" lon="99.000951">
        <ele>356.735567</ele>
        <time>2025-11-18T11:16:26.262000Z</time>
      </trkpt>
      <trkpt lat="19.114191" lon="99.000975">
        <ele>356.627289</ele>
        <time>2025-11-18T11:16:27.067000Z</time>
      </trkpt>
      <trkpt lat="19.114372" lon="99.001138">
        <ele>356.078064</ele>
        <time>2025-11-18T11:16:31.111000Z</time>
      </trkpt>
      <trkpt lat="19.114554" lon="99.001328">
        <ele>355.487277</ele>
        <time>2025-11-18T11:16:35.347000Z</time>
      </trkpt>
      <trkpt lat="19.114719" lon="99.001588">
        <ele>354.803379</ele>
        <time>2025-11-18T11:16:40.298000Z</time>
      </trkpt>
      <trkpt lat="19.114857" lon="99.001914">
        <ele>354.023359</ele>
        <time>2025-11-18T11:16:45.963000Z</time>
      </trkpt>
      <trkpt lat="19.114978" lon="99.002379">
        <ele>352.970197</ele>
        <time>2025-11-18T11:16:53.727000Z</time>
      </trkpt>
      <trkpt lat="19.114995" lon="99.00245">
        <ele>352.810263</ele>
        <time>2025-11-18T11:16:54.944000Z</time>
      </trkpt>
      <trkpt lat="19.115474" lon="99.004158">
        <ele>351.335695</ele>
        <time>2025-11-18T11:17:27.197000Z</time>
      </trkpt>
      <trkpt lat="19.115661" lon="99.004598">
        <ele>351.5859</ele>
        <time>2025-11-18T11:17:38.695000Z</time>
      </trkpt>
      <trkpt lat="19.116464" lon="99.005838">
        <ele>353.506024</ele>
        <time>2025-11-18T11:18:20.921000Z</time>
      </trkpt>
      <trkpt lat="19.11662" lon="99.006186">
        <ele>354.027418</ele>
        <time>2025-11-18T11:18:30.676000Z</time>
      </trkpt>
      <trkpt lat="19.116702" lon="99.006453">
        <ele>354.414513</ele>
        <time>2025-11-18T11:18:37.471000Z</time>
      </trkpt>
      <trkpt lat="19.116737" lon="99.006647">
        <ele>354.686831</ele>
        <time>2025-11-18T11:18:42.360000Z</time>
      </trkpt>
      <trkpt lat="19.116752" lon="99.007009">
        <ele>355.186432</ele>
        <time>2025-11-18T11:18:51.570000Z</time>
      </trkpt>
      <trkpt lat="19.116716" lon="99.007326">
        <ele>355.626653</ele>
        <time>2025-11-18T11:19:00.109000Z</time>
      </trkpt>
      <trkpt lat="19.11651" lon="99.008767">
        <ele>356.160575</ele>
        <time>2025-11-18T11:19:42.088000Z</time>
      </trkpt>
      <trkpt lat="19.116508" lon="99.008811">
        <ele>356.156533</ele>
        <time>2025-11-18T11:19:43.146000Z</time>
      </trkpt>
      <trkpt lat="19.116457" lon="99.009188">
        <ele>356.121593</ele>
        <time>2025-11-18T11:19:50.476000Z</time>
      </trkpt>
      <trkpt lat="19.116386" lon="99.009612">
        <ele>356.082088</ele>
        <time>2025-11-18T11:19:57.265000Z</time>
      </trkpt>
      <trkpt lat="19.11627" lon="99.009962">
        <ele>354.673872</ele>
        <time>2025-11-18T11:20:02.636000Z</time>
      </trkpt>
      <trkpt lat="19.116367" lon="99.010011">
        <ele>354.184196</ele>
        <time>2025-11-18T11:20:04.318000Z</time>
      </trkpt>
      <trkpt lat="19.1165" lon="99.010123">
        <ele>353.409866</ele>
        <time>2025-11-18T11:20:06.938000Z</time>
      </trkpt>
      <trkpt lat="19.116604" lon="99.010256">
        <ele>352.666718</ele>
        <time>2025-11-18T11:20:09.421000Z</time>
      </trkpt>
      <trkpt lat="19.116752" lon="99.010638">
        <ele>350.889482</ele>
        <time>2025-11-18T11:20:15.416000Z</time>
      </trkpt>
      <trkpt lat="19.116752" lon="99.010734">
        <ele>350.476239</ele>
        <time>2025-11-18T11:20:16.825000Z</time>
      </trkpt>
      <trkpt lat="19.11672" lon="99.010802">
        <ele>350.149229</ele>
        <time>2025-11-18T11:20:17.949000Z</time>
      </trkpt>
      <trkpt lat="19.116513" lon="99.010997">
        <ele>348.886707</ele>
        <time>2025-11-18T11:20:22.365000Z</time>
      </trkpt>
      <trkpt lat="19.116329" lon="99.011248">
        <ele>347.827364</ele>
        <time>2025-11-18T11:20:27.450000Z</time>
      </trkpt>
      <trkpt lat="19.116167" lon="99.011591">
        <ele>347.57254</ele>
        <time>2025-11-18T11:20:34.110000Z</time>
      </trkpt>
      <trkpt lat="19.11613" lon="99.011739">
        <ele>347.470805</ele>
        <time>2025-11-18T11:20:36.990000Z</time>
      </trkpt>
      <trkpt lat="19.116147" lon="99.011956">
        <ele>347.326108</ele>
        <time>2025-11-18T11:20:41.356000Z</time>
      </trkpt>
      <trkpt lat="19.116506" lon="99.012909">
        <ele>346.644334</ele>
        <time>2025-11-18T11:21:05.628000Z</time>
      </trkpt>
      <trkpt lat="19.116567" lon="99.01338">
        <ele>346.839377</ele>
        <time>2025-11-18T11:21:17.859000Z</time>
      </trkpt>
      <trkpt lat="19.118214" lon="99.015207">
        <ele>347.286116</ele>
        <time>2025-11-18T11:22:17.258000Z</time>
      </trkpt>
      <trkpt lat="19.11852" lon="99.015553">
        <ele>347.154084</ele>
        <time>2025-11-18T11:22:26.450000Z</time>
      </trkpt>
      <trkpt lat="19.119681" lon="99.016509">
        <ele>346.11204</ele>
        <time>2025-11-18T11:22:54.918000Z</time>
      </trkpt>
      <trkpt lat="19.121986" lon="99.018342">
        <ele>345.570761</ele>
        <time>2025-11-18T11:24:02.217000Z</time>
      </trkpt>
      <trkpt lat="19.123109" lon="99.019237">
        <ele>345.545983</ele>
        <time>2025-11-18T11:24:34.102000Z</time>
      </trkpt>
      <trkpt lat="19.123429" lon="99.019493">
        <ele>345.62995</ele>
        <time>2025-11-18T11:24:43.646000Z</time>
      </trkpt>
      <trkpt lat="19.123598" lon="99.019627">
        <ele>345.674153</ele>
        <time>2025-11-18T11:24:48.788000Z</time>
      </trkpt>
      <trkpt lat="19.126236" lon="99.02173">
        <ele>346.337287</ele>
        <time>2025-11-18T11:26:09.082000Z</time>
      </trkpt>
      <trkpt lat="19.126553" lon="99.021911">
        <ele>346.290694</ele>
        <time>2025-11-18T11:26:17.231000Z</time>
      </trkpt>
      <trkpt lat="19.127637" lon="99.022224">
        <ele>346.156203</ele>
        <time>2025-11-18T11:26:41.728000Z</time>
      </trkpt>
      <trkpt lat="19.128591" lon="99.022509">
        <ele>346.713815</ele>
        <time>2025-11-18T11:27:05.300000Z</time>
      </trkpt>
      <trkpt lat="19.129944" lon="99.022912">
        <ele>347.590952</ele>
        <time>2025-11-18T11:27:44.523000Z</time>
      </trkpt>
      <trkpt lat="19.130097" lon="99.022959">
        <ele>347.703013</ele>
        <time>2025-11-18T11:27:48.973000Z</time>
      </trkpt>
      <trkpt lat="19.130983" lon="99.023228">
        <ele>348.351361</ele>
        <time>2025-11-18T11:28:12.726000Z</time>
      </trkpt>
      <trkpt lat="19.131524" lon="99.023398">
        <ele>348.363601</ele>
        <time>2025-11-18T11:28:25.016000Z</time>
      </trkpt>
      <trkpt lat="19.131721" lon="99.023491">
        <ele>348.335166</ele>
        <time>2025-11-18T11:28:29.369000Z</time>
      </trkpt>
      <trkpt lat="19.131994" lon="99.023697">
        <ele>348.290968</ele>
        <time>2025-11-18T11:28:36.708000Z</time>
      </trkpt>
      <trkpt lat="19.132105" lon="99.023848">
        <ele>348.26714</ele>
        <time>2025-11-18T11:28:40.915000Z</time>
      </trkpt>
      <trkpt lat="19.132181" lon="99.024062">
        <ele>348.238666</ele>
        <time>2025-11-18T11:28:45.730000Z</time>
      </trkpt>
      <trkpt lat="19.132205" lon="99.024192">
        <ele>348.222169</ele>
        <time>2025-11-18T11:28:48.504000Z</time>
      </trkpt>
      <trkpt lat="19.132176" lon="99.024445">
        <ele>348.190428</ele>
        <time>2025-11-18T11:28:53.908000Z</time>
      </trkpt>
      <trkpt lat="19.132171" lon="99.024443">
        <ele>348.189723</ele>
        <time>2025-11-18T11:28:54.037000Z</time>
      </trkpt>
      <trkpt lat="19.132073" lon="99.024404">
        <ele>348.241296</ele>
        <time>2025-11-18T11:28:56.626000Z</time>
      </trkpt>
      <trkpt lat="19.131831" lon="99.024315">
        <ele>348.40305</ele>
        <time>2025-11-18T11:29:03.221000Z</time>
      </trkpt>
      <trkpt lat="19.131604" lon="99.024232">
        <ele>348.554685</ele>
        <time>2025-11-18T11:29:09.569000Z</time>
      </trkpt>
      <trkpt lat="19.131399" lon="99.024233">
        <ele>348.68412</ele>
        <time>2025-11-18T11:29:15.358000Z</time>
      </trkpt>
      <trkpt lat="19.131353" lon="99.024273">
        <ele>348.721708</ele>
        <time>2025-11-18T11:29:17.024000Z</time>
      </trkpt>
      <trkpt lat="19.131238" lon="99.024477">
        <ele>348.863412</ele>
        <time>2025-11-18T11:29:23.484000Z</time>
      </trkpt>
      <trkpt lat="19.131193" lon="99.024629">
        <ele>348.958429</ele>
        <time>2025-11-18T11:29:27.778000Z</time>
      </trkpt>
      <trkpt lat="19.131188" lon="99.024644">
        <ele>348.967917</ele>
        <time>2025-11-18T11:29:28.208000Z</time>
      </trkpt>
      <trkpt lat="19.131169" lon="99.025143">
        <ele>349.265818</ele>
        <time>2025-11-18T11:29:39.594000Z</time>
      </trkpt>
      <trkpt lat="19.131138" lon="99.026297">
        <ele>349.766571</ele>
        <time>2025-11-18T11:30:05.361000Z</time>
      </trkpt>
      <trkpt lat="19.131323" lon="99.026331">
        <ele>349.849857</ele>
        <time>2025-11-18T11:30:09.835000Z</time>
      </trkpt>
      <trkpt lat="19.131318" lon="99.026571">
        <ele>349.950455</ele>
        <time>2025-11-18T11:30:15.545000Z</time>
      </trkpt>
      <trkpt lat="19.131284" lon="99.027408">
        <ele>350.499882</ele>
        <time>2025-11-18T11:30:37.368000Z</time>
      </trkpt>
      <trkpt lat="19.131306" lon="99.027679">
        <ele>350.738852</ele>
        <time>2025-11-18T11:30:44.729000Z</time>
      </trkpt>
      <trkpt lat="19.131447" lon="99.028271">
        <ele>351.275241</ele>
        <time>2025-11-18T11:31:00.927000Z</time>
      </trkpt>
      <trkpt lat="19.131644" lon="99.029118">
        <ele>351.862001</ele>
        <time>2025-11-18T11:31:21.781000Z</time>
      </trkpt>
      <trkpt lat="19.13173" lon="99.029655">
        <ele>351.994448</ele>
        <time>2025-11-18T11:31:33.600000Z</time>
      </trkpt>
      <trkpt lat="19.131794" lon="99.030427">
        <ele>352.182899</ele>
        <time>2025-11-18T11:31:50.969000Z</time>
      </trkpt>
      <trkpt lat="19.131751" lon="99.030685">
        <ele>352.246607</ele>
        <time>2025-11-18T11:31:57.121000Z</time>
      </trkpt>
      <trkpt lat="19.131413" lon="99.031785">
        <ele>353.249284</ele>
        <time>2025-11-18T11:32:24.615000Z</time>
      </trkpt>
      <trkpt lat="19.131367" lon="99.03204">
        <ele>353.480046</ele>
        <time>2025-11-18T11:32:31.636000Z</time>
      </trkpt>
      <trkpt lat="19.131386" lon="99.032079">
        <ele>353.51905</ele>
        <time>2025-11-18T11:32:32.820000Z</time>
      </trkpt>
      <trkpt lat="19.131577" lon="99.032225">
        <ele>353.740715</ele>
        <time>2025-11-18T11:32:39.729000Z</time>
      </trkpt>
      <trkpt lat="19.131687" lon="99.032358">
        <ele>353.897837</ele>
        <time>2025-11-18T11:32:44.703000Z</time>
      </trkpt>
      <trkpt lat="19.13173" lon="99.032573">
        <ele>354.244376</ele>
        <time>2025-11-18T11:32:50.938000Z</time>
      </trkpt>
      <trkpt lat="19.131742" lon="99.032827">
        <ele>354.70662</ele>
        <time>2025-11-18T11:32:58.374000Z</time>
      </trkpt>
      <trkpt lat="19.131751" lon="99.033002">
        <ele>355.025169</ele>
        <time>2025-11-18T11:33:03.571000Z</time>
      </trkpt>
      <trkpt lat="19.131815" lon="99.033152">
        <ele>355.32432</ele>
        <time>2025-11-18T11:33:08.534000Z</time>
      </trkpt>
      <trkpt lat="19.132596" lon="99.0335">
        <ele>356.954554</ele>
        <time>2025-11-18T11:33:35.937000Z</time>
      </trkpt>
      <trkpt lat="19.132188" lon="99.035335">
        <ele>359.563064</ele>
        <time>2025-11-18T11:34:26.899000Z</time>
      </trkpt>
      <trkpt lat="19.132101" lon="99.035657">
        <ele>360.012771</ele>
        <time>2025-11-18T11:34:35.783000Z</time>
      </trkpt>
      <trkpt lat="19.131838" lon="99.036427">
        <ele>361.196246</ele>
        <time>2025-11-18T11:34:57.648000Z</time>
      </trkpt>
      <trkpt lat="19.131585" lon="99.037012">
        <ele>362.126202</ele>
        <time>2025-11-18T11:35:15.535000Z</time>
      </trkpt>
      <trkpt lat="19.131491" lon="99.037223">
        <ele>362.463393</ele>
        <time>2025-11-18T11:35:22.187000Z</time>
      </trkpt>
      <trkpt lat="19.131431" lon="99.038209">
        <ele>364.390463</ele>
        <time>2025-11-18T11:35:51.499000Z</time>
      </trkpt>
      <trkpt lat="19.131398" lon="99.040425">
        <ele>368.345444</ele>
        <time>2025-11-18T11:36:58.809000Z</time>
      </trkpt>
      <trkpt lat="19.13145" lon="99.041725">
        <ele>369.109678</ele>
        <time>2025-11-18T11:37:31.542000Z</time>
      </trkpt>
      <trkpt lat="19.13144" lon="99.042115">
        <ele>368.832309</ele>
        <time>2025-11-18T11:37:39.498000Z</time>
      </trkpt>
      <trkpt lat="19.131393" lon="99.04269">
        <ele>368.421993</ele>
        <time>2025-11-18T11:37:50.236000Z</time>
      </trkpt>
      <trkpt lat="19.131102" lon="99.044467">
        <ele>365.186094</ele>
        <time>2025-11-18T11:38:20.496000Z</time>
      </trkpt>
      <trkpt lat="19.130927" lon="99.0455">
        <ele>364.303951</ele>
        <time>2025-11-18T11:38:39.230000Z</time>
      </trkpt>
      <trkpt lat="19.130735" lon="99.046265">
        <ele>364.471163</ele>
        <time>2025-11-18T11:38:56.955000Z</time>
      </trkpt>
      <trkpt lat="19.130654" lon="99.046586">
        <ele>364.541352</ele>
        <time>2025-11-18T11:39:06.704000Z</time>
      </trkpt>
      <trkpt lat="19.130513" lon="99.047148">
        <ele>365.397698</ele>
        <time>2025-11-18T11:39:25.099000Z</time>
      </trkpt>
      <trkpt lat="19.130439" lon="99.047448">
        <ele>366.077811</ele>
        <time>2025-11-18T11:39:35.239000Z</time>
      </trkpt>
      <trkpt lat="19.130437" lon="99.04746">
        <ele>366.10454</ele>
        <time>2025-11-18T11:39:35.679000Z</time>
      </trkpt>
      <trkpt lat="19.129953" lon="99.049422">
        <ele>369.833339</ele>
        <time>2025-11-18T11:40:37.531000Z</time>
      </trkpt>
      <trkpt lat="19.129612" lon="99.050742">
        <ele>371.582125</ele>
        <time>2025-11-18T11:41:10.986000Z</time>
      </trkpt>
      <trkpt lat="19.129209" lon="99.052117">
        <ele>373.229332</ele>
        <time>2025-11-18T11:41:48.298000Z</time>
      </trkpt>
      <trkpt lat="19.128962" lon="99.052915">
        <ele>375.112622</ele>
        <time>2025-11-18T11:42:13.620000Z</time>
      </trkpt>
      <trkpt lat="19.128983" lon="99.053173">
        <ele>375.77275</ele>
        <time>2025-11-18T11:42:21.947000Z</time>
      </trkpt>
      <trkpt lat="19.129047" lon="99.053409">
        <ele>376.398651</ele>
        <time>2025-11-18T11:42:30.073000Z</time>
      </trkpt>
      <trkpt lat="19.129573" lon="99.054544">
        <ele>379.688661</ele>
        <time>2025-11-18T11:43:13.452000Z</time>
      </trkpt>
      <trkpt lat="19.129635" lon="99.054707">
        <ele>380.159279</ele>
        <time>2025-11-18T11:43:19.552000Z</time>
      </trkpt>
      <trkpt lat="19.129666" lon="99.054876">
        <ele>380.620368</ele>
        <time>2025-11-18T11:43:25.470000Z</time>
      </trkpt>
      <trkpt lat="19.129673" lon="99.054983">
        <ele>380.907634</ele>
        <time>2025-11-18T11:43:29.113000Z</time>
      </trkpt>
      <trkpt lat="19.129675" lon="99.055099">
        <ele>381.21837</ele>
        <time>2025-11-18T11:43:33.047000Z</time>
      </trkpt>
      <trkpt lat="19.129514" lon="99.055967">
        <ele>383.453101</ele>
        <time>2025-11-18T11:44:01.083000Z</time>
      </trkpt>
      <trkpt lat="19.129176" lon="99.056327">
        <ele>383.883274</ele>
        <time>2025-11-18T11:44:15.046000Z</time>
      </trkpt>
      <trkpt lat="19.128635" lon="99.056642">
        <ele>384.437203</ele>
        <time>2025-11-18T11:44:30.655000Z</time>
      </trkpt>
      <trkpt lat="19.127867" lon="99.057099">
        <ele>385.254116</ele>
        <time>2025-11-18T11:44:51.501000Z</time>
      </trkpt>
      <trkpt lat="19.127739" lon="99.057249">
        <ele>385.445788</ele>
        <time>2025-11-18T11:44:56.330000Z</time>
      </trkpt>
      <trkpt lat="19.127692" lon="99.057373">
        <ele>385.572484</ele>
        <time>2025-11-18T11:44:59.519000Z</time>
      </trkpt>
      <trkpt lat="19.127666" lon="99.057529">
        <ele>385.7227</ele>
        <time>2025-11-18T11:45:03.398000Z</time>
      </trkpt>
      <trkpt lat="19.127734" lon="99.057504">
        <ele>385.794951</ele>
        <time>2025-11-18T11:45:05.225000Z</time>
      </trkpt>
      <trkpt lat="19.12784" lon="99.057533">
        <ele>385.904839</ele>
        <time>2025-11-18T11:45:08.052000Z</time>
      </trkpt>
      <trkpt lat="19.128212" lon="99.057754">
        <ele>386.333007</ele>
        <time>2025-11-18T11:45:19.420000Z</time>
      </trkpt>
      <trkpt lat="19.129248" lon="99.058303">
        <ele>388.758319</ele>
        <time>2025-11-18T11:45:53.876000Z</time>
      </trkpt>
      <trkpt lat="19.129969" lon="99.058681">
        <ele>391.051768</ele>
        <time>2025-11-18T11:46:21.691000Z</time>
      </trkpt>
      <trkpt lat="19.130849" lon="99.059146">
        <ele>394.567031</ele>
        <time>2025-11-18T11:47:00.376000Z</time>
      </trkpt>
      <trkpt lat="19.131557" lon="99.05951">
        <ele>397.642781</ele>
        <time>2025-11-18T11:47:31.236000Z</time>
      </trkpt>
      <trkpt lat="19.132216" lon="99.059842">
        <ele>399.961498</ele>
        <time>2025-11-18T11:47:57.018000Z</time>
      </trkpt>
      <trkpt lat="19.133816" lon="99.060717">
        <ele>402.858594</ele>
        <time>2025-11-18T11:48:53.961000Z</time>
      </trkpt>
      <trkpt lat="19.134124" lon="99.060883">
        <ele>402.257513</ele>
        <time>2025-11-18T11:49:02.052000Z</time>
      </trkpt>
      <trkpt lat="19.134262" lon="99.060933">
        <ele>402.003848</ele>
        <time>2025-11-18T11:49:04.921000Z</time>
      </trkpt>
      <trkpt lat="19.134392" lon="99.060924">
        <ele>401.777283</ele>
        <time>2025-11-18T11:49:07.307000Z</time>
      </trkpt>
      <trkpt lat="19.134538" lon="99.060804">
        <ele>401.455815</ele>
        <time>2025-11-18T11:49:10.508000Z</time>
      </trkpt>
      <trkpt lat="19.134643" lon="99.060598">
        <ele>401.071237</ele>
        <time>2025-11-18T11:49:14.124000Z</time>
      </trkpt>
      <trkpt lat="19.135506" lon="99.058279">
        <ele>387.918884</ele>
        <time>2025-11-18T11:49:47.916000Z</time>
      </trkpt>
      <trkpt lat="19.135632" lon="99.058013">
        <ele>386.7947</ele>
        <time>2025-11-18T11:49:52.056000Z</time>
      </trkpt>
      <trkpt lat="19.135678" lon="99.057915">
        <ele>386.381279</ele>
        <time>2025-11-18T11:49:53.608000Z</time>
      </trkpt>
      <trkpt lat="19.136193" lon="99.057249">
        <ele>383.129779</ele>
        <time>2025-11-18T11:50:06.450000Z</time>
      </trkpt>
      <trkpt lat="19.136732" lon="99.056732">
        <ele>381.119163</ele>
        <time>2025-11-18T11:50:19.697000Z</time>
      </trkpt>
      <trkpt lat="19.13721" lon="99.056271">
        <ele>380.435953</ele>
        <time>2025-11-18T11:50:32.738000Z</time>
      </trkpt>
      <trkpt lat="19.13733" lon="99.056155">
        <ele>380.264256</ele>
        <time>2025-11-18T11:50:36.082000Z</time>
      </trkpt>
      <trkpt lat="19.137652" lon="99.055919">
        <ele>379.850462</ele>
        <time>2025-11-18T11:50:44.153000Z</time>
      </trkpt>
      <trkpt lat="19.139016" lon="99.054996">
        <ele>377.375668</ele>
        <time>2025-11-18T11:51:14.380000Z</time>
      </trkpt>
      <trkpt lat="19.14057" lon="99.053945">
        <ele>373.643337</ele>
        <time>2025-11-18T11:51:45.535000Z</time>
      </trkpt>
      <trkpt lat="19.141428" lon="99.053336">
        <ele>373.048893</ele>
        <time>2025-11-18T11:52:05.063000Z</time>
      </trkpt>
      <trkpt lat="19.141627" lon="99.053196">
        <ele>373.177755</ele>
        <time>2025-11-18T11:52:10.526000Z</time>
      </trkpt>
      <trkpt lat="19.141965" lon="99.052958">
        <ele>373.396686</ele>
        <time>2025-11-18T11:52:20.629000Z</time>
      </trkpt>
      <trkpt lat="19.143167" lon="99.051949">
        <ele>377.313554</ele>
        <time>2025-11-18T11:53:10.723000Z</time>
      </trkpt>
      <trkpt lat="19.143381" lon="99.051671">
        <ele>378.557205</ele>
        <time>2025-11-18T11:53:24.845000Z</time>
      </trkpt>
      <trkpt lat="19.144025" lon="99.050748">
        <ele>382.42075</ele>
        <time>2025-11-18T11:54:11.591000Z</time>
      </trkpt>
      <trkpt lat="19.144197" lon="99.050383">
        <ele>383.762227</ele>
        <time>2025-11-18T11:54:26.399000Z</time>
      </trkpt>
      <trkpt lat="19.144292" lon="99.050024">
        <ele>384.988359</ele>
        <time>2025-11-18T11:54:38.449000Z</time>
      </trkpt>
      <trkpt lat="19.144368" lon="99.049224">
        <ele>386.665922</ele>
        <time>2025-11-18T11:54:59.675000Z</time>
      </trkpt>
      <trkpt lat="19.144454" lon="99.048838">
        <ele>386.798493</ele>
        <time>2025-11-18T11:55:08.561000Z</time>
      </trkpt>
      <trkpt lat="19.144626" lon="99.048473">
        <ele>386.93484</ele>
        <time>2025-11-18T11:55:17.236000Z</time>
      </trkpt>
      <trkpt lat="19.144862" lon="99.048151">
        <ele>387.071073</ele>
        <time>2025-11-18T11:55:25.667000Z</time>
      </trkpt>
      <trkpt lat="19.147008" lon="99.045791">
        <ele>386.70887</ele>
        <time>2025-11-18T11:56:31.063000Z</time>
      </trkpt>
      <trkpt lat="19.148119" lon="99.044016">
        <ele>385.952403</ele>
        <time>2025-11-18T11:57:19.222000Z</time>
      </trkpt>
      <trkpt lat="19.149711" lon="99.041349">
        <ele>378.799897</ele>
        <time>2025-11-18T11:58:09.650000Z</time>
      </trkpt>
      <trkpt lat="19.14984" lon="99.041049">
        <ele>377.576132</ele>
        <time>2025-11-18T11:58:14.567000Z</time>
      </trkpt>
      <trkpt lat="19.149926" lon="99.040727">
        <ele>376.333788</ele>
        <time>2025-11-18T11:58:19.477000Z</time>
      </trkpt>
      <trkpt lat="19.150263" lon="99.038211">
        <ele>365.426851</ele>
        <time>2025-11-18T11:58:55.587000Z</time>
      </trkpt>
      <trkpt lat="19.150264" lon="99.038205">
        <ele>365.399461</ele>
        <time>2025-11-18T11:58:55.681000Z</time>
      </trkpt>
      <trkpt lat="19.150281" lon="99.038091">
        <ele>365.187587</ele>
        <time>2025-11-18T11:58:57.547000Z</time>
      </trkpt>
      <trkpt lat="19.150281" lon="99.038086">
        <ele>365.180763</ele>
        <time>2025-11-18T11:58:57.624000Z</time>
      </trkpt>
      <trkpt lat="19.150339" lon="99.037655">
        <ele>364.586576</ele>
        <time>2025-11-18T11:59:05.006000Z</time>
      </trkpt>
      <trkpt lat="19.150416" lon="99.037662">
        <ele>364.474917</ele>
        <time>2025-11-18T11:59:06.454000Z</time>
      </trkpt>
      <trkpt lat="19.15108" lon="99.03772">
        <ele>363.512312</ele>
        <time>2025-11-18T11:59:19.883000Z</time>
      </trkpt>
      <trkpt lat="19.152332" lon="99.03781">
        <ele>362.539805</ele>
        <time>2025-11-18T11:59:49.766000Z</time>
      </trkpt>
      <trkpt lat="19.153424" lon="99.03787">
        <ele>362.255627</ele>
        <time>2025-11-18T12:00:13.343000Z</time>
      </trkpt>
      <trkpt lat="19.155114" lon="99.03786">
        <ele>360.870622</ele>
        <time>2025-11-18T12:00:49.044000Z</time>
      </trkpt>
      <trkpt lat="19.155258" lon="99.037852">
        <ele>360.691935</ele>
        <time>2025-11-18T12:00:51.812000Z</time>
      </trkpt>
      <trkpt lat="19.155352" lon="99.037804">
        <ele>360.443617</ele>
        <time>2025-11-18T12:00:53.789000Z</time>
      </trkpt>
      <trkpt lat="19.155607" lon="99.037353">
        <ele>359.262245</ele>
        <time>2025-11-18T12:01:02.905000Z</time>
      </trkpt>
      <trkpt lat="19.156398" lon="99.036008">
        <ele>355.746963</ele>
        <time>2025-11-18T12:01:28.970000Z</time>
      </trkpt>
      <trkpt lat="19.156576" lon="99.03563">
        <ele>354.851681</ele>
        <time>2025-11-18T12:01:36.072000Z</time>
      </trkpt>
      <trkpt lat="19.156641" lon="99.035398">
        <ele>354.338739</ele>
        <time>2025-11-18T12:01:40.196000Z</time>
      </trkpt>
      <trkpt lat="19.156633" lon="99.035158">
        <ele>353.829697</ele>
        <time>2025-11-18T12:01:44.345000Z</time>
      </trkpt>
      <trkpt lat="19.156592" lon="99.034947">
        <ele>353.373077</ele>
        <time>2025-11-18T12:01:48.107000Z</time>
      </trkpt>
      <trkpt lat="19.156568" lon="99.034822">
        <ele>353.102698</ele>
        <time>2025-11-18T12:01:50.344000Z</time>
      </trkpt>
      <trkpt lat="19.156503" lon="99.034483">
        <ele>352.401189</ele>
        <time>2025-11-18T12:01:56.491000Z</time>
      </trkpt>
      <trkpt lat="19.156102" lon="99.032252">
        <ele>349.234567</ele>
        <time>2025-11-18T12:02:37.768000Z</time>
      </trkpt>
      <trkpt lat="19.156102" lon="99.032107">
        <ele>349.063051</ele>
        <time>2025-11-18T12:02:40.344000Z</time>
      </trkpt>
      <trkpt lat="19.156127" lon="99.031976">
        <ele>348.904965</ele>
        <time>2025-11-18T12:02:42.700000Z</time>
      </trkpt>
      <trkpt lat="19.156171" lon="99.031844">
        <ele>348.739391</ele>
        <time>2025-11-18T12:02:45.151000Z</time>
      </trkpt>
      <trkpt lat="19.156298" lon="99.031616">
        <ele>348.426302</ele>
        <time>2025-11-18T12:02:49.770000Z</time>
      </trkpt>
      <trkpt lat="19.157045" lon="99.030602">
        <ele>348.082948</ele>
        <time>2025-11-18T12:03:15.018000Z</time>
      </trkpt>
      <trkpt lat="19.157559" lon="99.029935">
        <ele>349.181787</ele>
        <time>2025-11-18T12:03:38.778000Z</time>
      </trkpt>
      <trkpt lat="19.157806" lon="99.029698">
        <ele>349.632282</ele>
        <time>2025-11-18T12:03:50.386000Z</time>
      </trkpt>
      <trkpt lat="19.158165" lon="99.029552">
        <ele>350.493101</ele>
        <time>2025-11-18T12:04:04.185000Z</time>
      </trkpt>
      <trkpt lat="19.15911" lon="99.029311">
        <ele>353.601294</ele>
        <time>2025-11-18T12:04:38.165000Z</time>
      </trkpt>
      <trkpt lat="19.159282" lon="99.029311">
        <ele>354.151284</ele>
        <time>2025-11-18T12:04:44.418000Z</time>
      </trkpt>
      <trkpt lat="19.159453" lon="99.029376">
        <ele>354.732256</ele>
        <time>2025-11-18T12:04:51.137000Z</time>
      </trkpt>
      <trkpt lat="19.160691" lon="99.030259">
        <ele>360.510333</ele>
        <time>2025-11-18T12:05:48.731000Z</time>
      </trkpt>
      <trkpt lat="19.160941" lon="99.030347">
        <ele>361.572525</ele>
        <time>2025-11-18T12:05:59.131000Z</time>
      </trkpt>
      <trkpt lat="19.161177" lon="99.030394">
        <ele>362.540706</ele>
        <time>2025-11-18T12:06:08.806000Z</time>
      </trkpt>
      <trkpt lat="19.161236" lon="99.030405">
        <ele>362.782239</ele>
        <time>2025-11-18T12:06:11.275000Z</time>
      </trkpt>
      <trkpt lat="19.161275" lon="99.030413">
        <ele>362.956343</ele>
        <time>2025-11-18T12:06:12.940000Z</time>
      </trkpt>
      <trkpt lat="19.161382" lon="99.030434">
        <ele>363.560194</ele>
        <time>2025-11-18T12:06:17.470000Z</time>
      </trkpt>
      <trkpt lat="19.162038" lon="99.030586">
        <ele>367.286451</ele>
        <time>2025-11-18T12:06:46.676000Z</time>
      </trkpt>
      <trkpt lat="19.162306" lon="99.030612">
        <ele>368.779792</ele>
        <time>2025-11-18T12:06:58.945000Z</time>
      </trkpt>
      <trkpt lat="19.16254" lon="99.030597">
        <ele>370.080616</ele>
        <time>2025-11-18T12:07:10.025000Z</time>
      </trkpt>
      <trkpt lat="19.163022" lon="99.030417">
        <ele>372.920072</ele>
        <time>2025-11-18T12:07:34.894000Z</time>
      </trkpt>
      <trkpt lat="19.163192" lon="99.030427">
        <ele>373.96751</ele>
        <time>2025-11-18T12:07:43.354000Z</time>
      </trkpt>
      <trkpt lat="19.163621" lon="99.030605">
        <ele>376.802136</ele>
        <time>2025-11-18T12:08:06.242000Z</time>
      </trkpt>
      <trkpt lat="19.165722" lon="99.031775">
        <ele>389.807775</ele>
        <time>2025-11-18T12:09:58.057000Z</time>
      </trkpt>
      <trkpt lat="19.16629" lon="99.032054">
        <ele>392.688424</ele>
        <time>2025-11-18T12:10:21.182000Z</time>
      </trkpt>
      <trkpt lat="19.16631" lon="99.032021">
        <ele>392.730689</ele>
        <time>2025-11-18T12:10:22.321000Z</time>
      </trkpt>
      <trkpt lat="19.167165" lon="99.03073">
        <ele>394.430288</ele>
        <time>2025-11-18T12:11:01.326000Z</time>
      </trkpt>
      <trkpt lat="19.167426" lon="99.030399">
        <ele>394.646836</ele>
        <time>2025-11-18T12:11:10.201000Z</time>
      </trkpt>
      <trkpt lat="19.167666" lon="99.030169">
        <ele>394.555442</ele>
        <time>2025-11-18T12:11:16.956000Z</time>
      </trkpt>
      <trkpt lat="19.167906" lon="99.030021">
        <ele>394.477028</ele>
        <time>2025-11-18T12:11:22.704000Z</time>
      </trkpt>
      <trkpt lat="19.168247" lon="99.029924">
        <ele>394.377342</ele>
        <time>2025-11-18T12:11:29.941000Z</time>
      </trkpt>
      <trkpt lat="19.168565" lon="99.029889">
        <ele>394.28708</ele>
        <time>2025-11-18T12:11:36.383000Z</time>
      </trkpt>
      <trkpt lat="19.171985" lon="99.029706">
        <ele>394.212244</ele>
        <time>2025-11-18T12:12:50.523000Z</time>
      </trkpt>
      <trkpt lat="19.172736" lon="99.029702">
        <ele>394.756642</ele>
        <time>2025-11-18T12:13:09.983000Z</time>
      </trkpt>
      <trkpt lat="19.172991" lon="99.029742">
        <ele>395.220888</ele>
        <time>2025-11-18T12:13:17.475000Z</time>
      </trkpt>
      <trkpt lat="19.173225" lon="99.029844">
        <ele>395.676621</ele>
        <time>2025-11-18T12:13:25.289000Z</time>
      </trkpt>
      <trkpt lat="19.173531" lon="99.030021">
        <ele>396.304584</ele>
        <time>2025-11-18T12:13:36.498000Z</time>
      </trkpt>
      <trkpt lat="19.174176" lon="99.030693">
        <ele>397.589367</ele>
        <time>2025-11-18T12:14:04.668000Z</time>
      </trkpt>
      <trkpt lat="19.174378" lon="99.030945">
        <ele>397.59632</ele>
        <time>2025-11-18T12:14:13.010000Z</time>
      </trkpt>
      <trkpt lat="19.174396" lon="99.030967">
        <ele>397.596932</ele>
        <time>2025-11-18T12:14:13.674000Z</time>
      </trkpt>
      <trkpt lat="19.174432" lon="99.031064">
        <ele>397.599125</ele>
        <time>2025-11-18T12:14:15.929000Z</time>
      </trkpt>
      <trkpt lat="19.174406" lon="99.031234">
        <ele>397.602747</ele>
        <time>2025-11-18T12:14:19.501000Z</time>
      </trkpt>
      <trkpt lat="19.174327" lon="99.031372">
        <ele>397.606142</ele>
        <time>2025-11-18T12:14:22.691000Z</time>
      </trkpt>
      <trkpt lat="19.174208" lon="99.031298">
        <ele>397.609215</ele>
        <time>2025-11-18T12:14:25.473000Z</time>
      </trkpt>
      <trkpt lat="19.17409" lon="99.031224">
        <ele>397.61227</ele>
        <time>2025-11-18T12:14:28.158000Z</time>
      </trkpt>
      <trkpt lat="19.174208" lon="99.031298">
        <ele>397.615324</ele>
        <time>2025-11-18T12:14:30.799000Z</time>
      </trkpt>
      <trkpt lat="19.17409" lon="99.031224">
        <ele>397.618379</ele>
        <time>2025-11-18T12:14:33.369000Z</time>
      </trkpt>
      <trkpt lat="19.173875" lon="99.031089">
        <ele>397.623946</ele>
        <time>2025-11-18T12:14:37.962000Z</time>
      </trkpt>
      <trkpt lat="19.172911" lon="99.030463">
        <ele>396.943199</ele>
        <time>2025-11-18T12:15:00.786000Z</time>
      </trkpt>
      <trkpt lat="19.172729" lon="99.030399">
        <ele>396.821974</ele>
        <time>2025-11-18T12:15:05.203000Z</time>
      </trkpt>
      <trkpt lat="19.172603" lon="99.030381">
        <ele>396.741605</ele>
        <time>2025-11-18T12:15:08.123000Z</time>
      </trkpt>
      <trkpt lat="19.168042" lon="99.030694">
        <ele>396.430915</ele>
        <time>2025-11-18T12:16:53.329000Z</time>
      </trkpt>
      <trkpt lat="19.167829" lon="99.030737">
        <ele>396.470124</ele>
        <time>2025-11-18T12:16:58.448000Z</time>
      </trkpt>
      <trkpt lat="19.167555" lon="99.030903">
        <ele>396.527208</ele>
        <time>2025-11-18T12:17:06.001000Z</time>
      </trkpt>
      <trkpt lat="19.167424" lon="99.031069">
        <ele>396.564153</ele>
        <time>2025-11-18T12:17:10.968000Z</time>
      </trkpt>
      <trkpt lat="19.166528" lon="99.032402">
        <ele>397.056661</ele>
        <time>2025-11-18T12:17:48.876000Z</time>
      </trkpt>
      <trkpt lat="19.161845" lon="99.039379">
        <ele>402.578365</ele>
        <time>2025-11-18T12:21:10.924000Z</time>
      </trkpt>
      <trkpt lat="19.161713" lon="99.039599">
        <ele>403.726283</ele>
        <time>2025-11-18T12:21:25.837000Z</time>
      </trkpt>
      <trkpt lat="19.161524" lon="99.039849">
        <ele>405.136617</ele>
        <time>2025-11-18T12:21:42.142000Z</time>
      </trkpt>
      <trkpt lat="19.161143" lon="99.040144">
        <ele>407.33756</ele>
        <time>2025-11-18T12:22:05.243000Z</time>
      </trkpt>
      <trkpt lat="19.160762" lon="99.039676">
        <ele>410.058737</ele>
        <time>2025-11-18T12:22:31.554000Z</time>
      </trkpt>
      <trkpt lat="19.160655" lon="99.039633">
        <ele>409.976463</ele>
        <time>2025-11-18T12:22:35.686000Z</time>
      </trkpt>
      <trkpt lat="19.160355" lon="99.039568">
        <ele>408.61128</ele>
        <time>2025-11-18T12:22:43.106000Z</time>
      </trkpt>
      <trkpt lat="19.160226" lon="99.039547">
        <ele>408.029413</ele>
        <time>2025-11-18T12:22:45.303000Z</time>
      </trkpt>
      <trkpt lat="19.159968" lon="99.039547">
        <ele>406.879199</ele>
        <time>2025-11-18T12:22:49.416000Z</time>
      </trkpt>
      <trkpt lat="19.159689" lon="99.039611">
        <ele>405.606496</ele>
        <time>2025-11-18T12:22:53.933000Z</time>
      </trkpt>
      <trkpt lat="19.159325" lon="99.03974">
        <ele>403.895196</ele>
        <time>2025-11-18T12:22:59.834000Z</time>
      </trkpt>
      <trkpt lat="19.159131" lon="99.03974">
        <ele>403.030306</ele>
        <time>2025-11-18T12:23:02.693000Z</time>
      </trkpt>
      <trkpt lat="19.158956" lon="99.039647">
        <ele>401.948213</ele>
        <time>2025-11-18T12:23:05.516000Z</time>
      </trkpt>
      <trkpt lat="19.158552" lon="99.039263">
        <ele>394.539395</ele>
        <time>2025-11-18T12:23:13.046000Z</time>
      </trkpt>
      <trkpt lat="19.158016" lon="99.038989">
        <ele>386.41727</ele>
        <time>2025-11-18T12:23:21.067000Z</time>
      </trkpt>
      <trkpt lat="19.157299" lon="99.038422">
        <ele>375.733992</ele>
        <time>2025-11-18T12:23:33.199000Z</time>
      </trkpt>
      <trkpt lat="19.157132" lon="99.03829">
        <ele>374.128815</ele>
        <time>2025-11-18T12:23:36.136000Z</time>
      </trkpt>
      <trkpt lat="19.157092" lon="99.038216">
        <ele>373.508527</ele>
        <time>2025-11-18T12:23:37.287000Z</time>
      </trkpt>
      <trkpt lat="19.157019" lon="99.038097">
        <ele>372.476219</ele>
        <time>2025-11-18T12:23:39.217000Z</time>
      </trkpt>
      <trkpt lat="19.156902" lon="99.03795">
        <ele>371.077724</ele>
        <time>2025-11-18T12:23:41.887000Z</time>
      </trkpt>
      <trkpt lat="19.156773" lon="99.037868">
        <ele>369.918835</ele>
        <time>2025-11-18T12:23:44.154000Z</time>
      </trkpt>
      <trkpt lat="19.156601" lon="99.03783">
        <ele>368.565576</ele>
        <time>2025-11-18T12:23:46.861000Z</time>
      </trkpt>
      <trkpt lat="19.156259" lon="99.03783">
        <ele>365.931544</ele>
        <time>2025-11-18T12:23:52.405000Z</time>
      </trkpt>
      <trkpt lat="19.155499" lon="99.037841">
        <ele>363.448708</ele>
        <time>2025-11-18T12:24:06.929000Z</time>
      </trkpt>
      <trkpt lat="19.15545" lon="99.037836">
        <ele>363.407269</ele>
        <time>2025-11-18T12:24:07.950000Z</time>
      </trkpt>
      <trkpt lat="19.155352" lon="99.037804">
        <ele>363.320938</ele>
        <time>2025-11-18T12:24:10.091000Z</time>
      </trkpt>
      <trkpt lat="19.155258" lon="99.037852">
        <ele>363.233085</ele>
        <time>2025-11-18T12:24:12.256000Z</time>
      </trkpt>
      <trkpt lat="19.155114" lon="99.03786">
        <ele>363.1117</ele>
        <time>2025-11-18T12:24:15.239000Z</time>
      </trkpt>
      <trkpt lat="19.153424" lon="99.03787">
        <ele>362.45307</ele>
        <time>2025-11-18T12:24:53.985000Z</time>
      </trkpt>
      <trkpt lat="19.152332" lon="99.03781">
        <ele>362.517194</ele>
        <time>2025-11-18T12:25:21.348000Z</time>
      </trkpt>
      <trkpt lat="19.15108" lon="99.03772">
        <ele>361.362451</ele>
        <time>2025-11-18T12:25:48.433000Z</time>
      </trkpt>
      <trkpt lat="19.150416" lon="99.037662">
        <ele>360.321852</ele>
        <time>2025-11-18T12:26:00.486000Z</time>
      </trkpt>
      <trkpt lat="19.150339" lon="99.037655">
        <ele>360.085922</ele>
        <time>2025-11-18T12:26:01.832000Z</time>
      </trkpt>
      <trkpt lat="19.147738" lon="99.037354">
        <ele>353.212417</ele>
        <time>2025-11-18T12:26:46.254000Z</time>
      </trkpt>
      <trkpt lat="19.145135" lon="99.037058">
        <ele>351.860177</ele>
        <time>2025-11-18T12:27:46.194000Z</time>
      </trkpt>
      <trkpt lat="19.144889" lon="99.037031">
        <ele>352.034</ele>
        <time>2025-11-18T12:27:52.745000Z</time>
      </trkpt>
      <trkpt lat="19.143554" lon="99.036883">
        <ele>352.97741</ele>
        <time>2025-11-18T12:28:29.292000Z</time>
      </trkpt>
      <trkpt lat="19.143169" lon="99.03674">
        <ele>352.714041</ele>
        <time>2025-11-18T12:28:39.550000Z</time>
      </trkpt>
      <trkpt lat="19.142971" lon="99.036626">
        <ele>352.479166</ele>
        <time>2025-11-18T12:28:44.514000Z</time>
      </trkpt>
      <trkpt lat="19.142812" lon="99.036424">
        <ele>352.220329</ele>
        <time>2025-11-18T12:28:49.621000Z</time>
      </trkpt>
      <trkpt lat="19.142717" lon="99.036284">
        <ele>352.050638</ele>
        <time>2025-11-18T12:28:52.790000Z</time>
      </trkpt>
      <trkpt lat="19.14263" lon="99.036092">
        <ele>351.841007</ele>
        <time>2025-11-18T12:28:56.578000Z</time>
      </trkpt>
      <trkpt lat="19.142544" lon="99.03577">
        <ele>351.511592</ele>
        <time>2025-11-18T12:29:02.486000Z</time>
      </trkpt>
      <trkpt lat="19.142505" lon="99.035429">
        <ele>351.173446</ele>
        <time>2025-11-18T12:29:08.435000Z</time>
      </trkpt>
      <trkpt lat="19.142508" lon="99.035055">
        <ele>350.521387</ele>
        <time>2025-11-18T12:29:14.605000Z</time>
      </trkpt>
      <trkpt lat="19.142971" lon="99.031298">
        <ele>344.903283</ele>
        <time>2025-11-18T12:30:22.226000Z</time>
      </trkpt>
      <trkpt lat="19.143301" lon="99.02856">
        <ele>345.120603</ele>
        <time>2025-11-18T12:31:26.179000Z</time>
      </trkpt>
      <trkpt lat="19.143622" lon="99.02589">
        <ele>345.748235</ele>
        <time>2025-11-18T12:32:28.911000Z</time>
      </trkpt>
      <trkpt lat="19.14365" lon="99.02566">
        <ele>345.582431</ele>
        <time>2025-11-18T12:32:33.578000Z</time>
      </trkpt>
      <trkpt lat="19.143863" lon="99.023857">
        <ele>344.3846</ele>
        <time>2025-11-18T12:33:07.907000Z</time>
      </trkpt>
      <trkpt lat="19.14428" lon="99.020341">
        <ele>343.889275</ele>
        <time>2025-11-18T12:34:23.940000Z</time>
      </trkpt>
      <trkpt lat="19.144498" lon="99.018345">
        <ele>344.8193</ele>
        <time>2025-11-18T12:35:13.366000Z</time>
      </trkpt>
      <trkpt lat="19.144689" lon="99.016682">
        <ele>344.791986</ele>
        <time>2025-11-18T12:35:50.019000Z</time>
      </trkpt>
      <trkpt lat="19.144838" lon="99.015474">
        <ele>344.601935</ele>
        <time>2025-11-18T12:36:13.903000Z</time>
      </trkpt>
      <trkpt lat="19.144844" lon="99.015434">
        <ele>344.594804</ele>
        <time>2025-11-18T12:36:14.735000Z</time>
      </trkpt>
      <trkpt lat="19.144852" lon="99.015371">
        <ele>344.583613</ele>
        <time>2025-11-18T12:36:16.006000Z</time>
      </trkpt>
      <trkpt lat="19.144858" lon="99.015333">
        <ele>344.57683</ele>
        <time>2025-11-18T12:36:16.789000Z</time>
      </trkpt>
      <trkpt lat="19.145167" lon="99.013083">
        <ele>345.175255</ele>
        <time>2025-11-18T12:37:10.975000Z</time>
      </trkpt>
      <trkpt lat="19.145175" lon="99.013017">
        <ele>345.205663</ele>
        <time>2025-11-18T12:37:12.555000Z</time>
      </trkpt>
      <trkpt lat="19.145299" lon="99.012291">
        <ele>345.28596</ele>
        <time>2025-11-18T12:37:30.154000Z</time>
      </trkpt>
      <trkpt lat="19.145376" lon="99.012017">
        <ele>345.262993</ele>
        <time>2025-11-18T12:37:36.498000Z</time>
      </trkpt>
      <trkpt lat="19.145775" lon="99.011183">
        <ele>345.187886</ele>
        <time>2025-11-18T12:37:56.014000Z</time>
      </trkpt>
      <trkpt lat="19.145843" lon="99.010989">
        <ele>345.170165</ele>
        <time>2025-11-18T12:38:00.130000Z</time>
      </trkpt>
      <trkpt lat="19.145919" lon="99.010741">
        <ele>344.9816</ele>
        <time>2025-11-18T12:38:05.373000Z</time>
      </trkpt>
      <trkpt lat="19.145978" lon="99.010386">
        <ele>344.720908</ele>
        <time>2025-11-18T12:38:12.531000Z</time>
      </trkpt>
      <trkpt lat="19.146038" lon="99.009428">
        <ele>344.026524</ele>
        <time>2025-11-18T12:38:31.226000Z</time>
      </trkpt>
      <trkpt lat="19.146033" lon="99.008349">
        <ele>343.183768</ele>
        <time>2025-11-18T12:38:51.870000Z</time>
      </trkpt>
      <trkpt lat="19.145988" lon="99.006645">
        <ele>342.259186</ele>
        <time>2025-11-18T12:39:25.028000Z</time>
      </trkpt>
      <trkpt lat="19.145907" lon="99.005526">
        <ele>342.256135</ele>
        <time>2025-11-18T12:39:50.142000Z</time>
      </trkpt>
      <trkpt lat="19.145844" lon="99.005043">
        <ele>342.490879</ele>
        <time>2025-11-18T12:40:02.541000Z</time>
      </trkpt>
      <trkpt lat="19.145714" lon="99.004353">
        <ele>343.116578</ele>
        <time>2025-11-18T12:40:20.802000Z</time>
      </trkpt>
      <trkpt lat="19.145647" lon="99.004076">
        <ele>343.370859</ele>
        <time>2025-11-18T12:40:28.391000Z</time>
      </trkpt>
      <trkpt lat="19.145609" lon="99.003975">
        <ele>343.46754</ele>
        <time>2025-11-18T12:40:31.258000Z</time>
      </trkpt>
      <trkpt lat="19.145387" lon="99.00339">
        <ele>343.971574</ele>
        <time>2025-11-18T12:40:47.475000Z</time>
      </trkpt>
      <trkpt lat="19.145248" lon="99.003026">
        <ele>344.072015</ele>
        <time>2025-11-18T12:40:57.213000Z</time>
      </trkpt>
      <trkpt lat="19.145098" lon="99.002725">
        <ele>344.159077</ele>
        <time>2025-11-18T12:41:05.149000Z</time>
      </trkpt>
      <trkpt lat="19.144905" lon="99.002103">
        <ele>344.326567</ele>
        <time>2025-11-18T12:41:19.822000Z</time>
      </trkpt>
      <trkpt lat="19.144881" lon="99.001678">
        <ele>344.435488</ele>
        <time>2025-11-18T12:41:28.586000Z</time>
      </trkpt>
      <trkpt lat="19.144868" lon="99.001446">
        <ele>344.362281</ele>
        <time>2025-11-18T12:41:33.282000Z</time>
      </trkpt>
      <trkpt lat="19.144789" lon="99.000026">
        <ele>343.909988</ele>
        <time>2025-11-18T12:42:02.679000Z</time>
      </trkpt>
      <trkpt lat="19.144763" lon="98.999569">
        <ele>343.768136</ele>
        <time>2025-11-18T12:42:12.150000Z</time>
      </trkpt>
      <trkpt lat="19.1447" lon="98.998435">
        <ele>343.42731</ele>
        <time>2025-11-18T12:42:36.514000Z</time>
      </trkpt>
      <trkpt lat="19.144679" lon="98.998076">
        <ele>343.319392</ele>
        <time>2025-11-18T12:42:43.865000Z</time>
      </trkpt>
      <trkpt lat="19.144648" lon="98.997553">
        <ele>343.061875</ele>
        <time>2025-11-18T12:42:54.314000Z</time>
      </trkpt>
      <trkpt lat="19.144636" lon="98.997361">
        <ele>342.944448</ele>
        <time>2025-11-18T12:42:58.097000Z</time>
      </trkpt>
      <trkpt lat="19.144575" lon="98.995978">
        <ele>342.099532</ele>
        <time>2025-11-18T12:43:25.201000Z</time>
      </trkpt>
      <trkpt lat="19.144533" lon="98.99467">
        <ele>341.6609</ele>
        <time>2025-11-18T12:43:52.334000Z</time>
      </trkpt>
      <trkpt lat="19.144505" lon="98.994379">
        <ele>341.563096</ele>
        <time>2025-11-18T12:43:58.452000Z</time>
      </trkpt>
      <trkpt lat="19.144495" lon="98.994157">
        <ele>341.488783</ele>
        <time>2025-11-18T12:44:02.915000Z</time>
      </trkpt>
      <trkpt lat="19.144487" lon="98.993968">
        <ele>341.45065</ele>
        <time>2025-11-18T12:44:06.651000Z</time>
      </trkpt>
      <trkpt lat="19.144205" lon="98.989066">
        <ele>341.167059</ele>
        <time>2025-11-18T12:45:48.334000Z</time>
      </trkpt>
      <trkpt lat="19.14395" lon="98.985253">
        <ele>343.746901</ele>
        <time>2025-11-18T12:47:13.044000Z</time>
      </trkpt>
      <trkpt lat="19.143813" lon="98.983207">
        <ele>351.087726</ele>
        <time>2025-11-18T12:48:28.842000Z</time>
      </trkpt>
      <trkpt lat="19.143775" lon="98.982863">
        <ele>352.662017</ele>
        <time>2025-11-18T12:48:44.345000Z</time>
      </trkpt>
      <trkpt lat="19.143766" lon="98.982784">
        <ele>353.02371</ele>
        <time>2025-11-18T12:48:47.987000Z</time>
      </trkpt>
      <trkpt lat="19.143682" lon="98.981967">
        <ele>357.323555</ele>
        <time>2025-11-18T12:49:26.342000Z</time>
      </trkpt>
      <trkpt lat="19.143689" lon="98.981568">
        <ele>359.45294</ele>
        <time>2025-11-18T12:49:44.703000Z</time>
      </trkpt>
      <trkpt lat="19.143727" lon="98.981154">
        <ele>361.672398</ele>
        <time>2025-11-18T12:50:02.776000Z</time>
      </trkpt>
      <trkpt lat="19.143822" lon="98.98051">
        <ele>364.300143</ele>
        <time>2025-11-18T12:50:27.854000Z</time>
      </trkpt>
      <trkpt lat="19.143872" lon="98.9802">
        <ele>365.012182</ele>
        <time>2025-11-18T12:50:38.563000Z</time>
      </trkpt>
      <trkpt lat="19.144233" lon="98.977933">
        <ele>369.716482</ele>
        <time>2025-11-18T12:51:42.129000Z</time>
      </trkpt>
      <trkpt lat="19.144252" lon="98.977816">
        <ele>369.924981</ele>
        <time>2025-11-18T12:51:45.394000Z</time>
      </trkpt>
      <trkpt lat="19.144353" lon="98.977182">
        <ele>371.054181</ele>
        <time>2025-11-18T12:52:04.119000Z</time>
      </trkpt>
      <trkpt lat="19.14447" lon="98.976117">
        <ele>374.943761</ele>
        <time>2025-11-18T12:52:40.121000Z</time>
      </trkpt>
      <trkpt lat="19.144434" lon="98.971649">
        <ele>393.479533</ele>
        <time>2025-11-18T12:55:35.466000Z</time>
      </trkpt>
      <trkpt lat="19.144393" lon="98.970733">
        <ele>397.785121</ele>
        <time>2025-11-18T12:56:14.652000Z</time>
      </trkpt>
      <trkpt lat="19.144309" lon="98.969844">
        <ele>402.067283</ele>
        <time>2025-11-18T12:56:52.411000Z</time>
      </trkpt>
      <trkpt lat="19.144218" lon="98.969369">
        <ele>404.281731</ele>
        <time>2025-11-18T12:57:11.375000Z</time>
      </trkpt>
      <trkpt lat="19.144006" lon="98.96869">
        <ele>406.491831</ele>
        <time>2025-11-18T12:57:37.043000Z</time>
      </trkpt>
      <trkpt lat="19.143897" lon="98.968471">
        <ele>407.256844</ele>
        <time>2025-11-18T12:57:45.335000Z</time>
      </trkpt>
      <trkpt lat="19.143727" lon="98.968227">
        <ele>408.19383</ele>
        <time>2025-11-18T12:57:55.212000Z</time>
      </trkpt>
      <trkpt lat="19.141868" lon="98.96613">
        <ele>415.243842</ele>
        <time>2025-11-18T12:59:25.705000Z</time>
      </trkpt>
      <trkpt lat="19.141706" lon="98.965928">
        <ele>415.721652</ele>
        <time>2025-11-18T12:59:33.897000Z</time>
      </trkpt>
      <trkpt lat="19.141123" lon="98.965132">
        <ele>417.53789</ele>
        <time>2025-11-18T13:00:03.423000Z</time>
      </trkpt>
      <trkpt lat="19.140681" lon="98.964464">
        <ele>417.651222</ele>
        <time>2025-11-18T13:00:23.940000Z</time>
      </trkpt>
      <trkpt lat="19.138247" lon="98.960507">
        <ele>413.996261</ele>
        <time>2025-11-18T13:01:55.294000Z</time>
      </trkpt>
      <trkpt lat="19.138113" lon="98.96029">
        <ele>413.660126</ele>
        <time>2025-11-18T13:01:59.736000Z</time>
      </trkpt>
      <trkpt lat="19.137618" lon="98.959492">
        <ele>410.576548</ele>
        <time>2025-11-18T13:02:15.157000Z</time>
      </trkpt>
      <trkpt lat="19.136712" lon="98.958031">
        <ele>403.484017</ele>
        <time>2025-11-18T13:02:41.821000Z</time>
      </trkpt>
      <trkpt lat="19.136389" lon="98.957511">
        <ele>400.463574</ele>
        <time>2025-11-18T13:02:51.127000Z</time>
      </trkpt>
      <trkpt lat="19.135654" lon="98.956328">
        <ele>392.952126</ele>
        <time>2025-11-18T13:03:11.770000Z</time>
      </trkpt>
      <trkpt lat="19.135344" lon="98.955843">
        <ele>389.632131</ele>
        <time>2025-11-18T13:03:20.199000Z</time>
      </trkpt>
      <trkpt lat="19.1328" lon="98.951862">
        <ele>363.05434</ele>
        <time>2025-11-18T13:04:30.096000Z</time>
      </trkpt>
      <trkpt lat="19.13241" lon="98.951253">
        <ele>359.630332</ele>
        <time>2025-11-18T13:04:41.360000Z</time>
      </trkpt>
      <trkpt lat="19.131758" lon="98.950234">
        <ele>354.254135</ele>
        <time>2025-11-18T13:04:59.986000Z</time>
      </trkpt>
      <trkpt lat="19.131235" lon="98.949525">
        <ele>350.668408</ele>
        <time>2025-11-18T13:05:13.006000Z</time>
      </trkpt>
      <trkpt lat="19.131203" lon="98.949348">
        <ele>349.950031</ele>
        <time>2025-11-18T13:05:15.681000Z</time>
      </trkpt>
      <trkpt lat="19.131059" lon="98.949346">
        <ele>349.342395</ele>
        <time>2025-11-18T13:05:17.962000Z</time>
      </trkpt>
      <trkpt lat="19.130913" lon="98.949339">
        <ele>348.7435</ele>
        <time>2025-11-18T13:05:20.313000Z</time>
      </trkpt>
      <trkpt lat="19.130133" lon="98.949269">
        <ele>347.004839</ele>
        <time>2025-11-18T13:05:33.642000Z</time>
      </trkpt>
      <trkpt lat="19.128393" lon="98.949133">
        <ele>343.483105</ele>
        <time>2025-11-18T13:06:05.015000Z</time>
      </trkpt>
      <trkpt lat="19.126525" lon="98.948956">
        <ele>340.677182</ele>
        <time>2025-11-18T13:06:38.699000Z</time>
      </trkpt>
      <trkpt lat="19.126303" lon="98.948912">
        <ele>340.411587</ele>
        <time>2025-11-18T13:06:43.013000Z</time>
      </trkpt>
      <trkpt lat="19.126075" lon="98.94883">
        <ele>340.128418</ele>
        <time>2025-11-18T13:06:47.706000Z</time>
      </trkpt>
      <trkpt lat="19.125861" lon="98.94871">
        <ele>339.843633</ele>
        <time>2025-11-18T13:06:52.559000Z</time>
      </trkpt>
      <trkpt lat="19.125682" lon="98.948578">
        <ele>339.58709</ele>
        <time>2025-11-18T13:06:57.022000Z</time>
      </trkpt>
      <trkpt lat="19.124731" lon="98.947522">
        <ele>338.888757</ele>
        <time>2025-11-18T13:07:25.569000Z</time>
      </trkpt>
      <trkpt lat="19.12453" lon="98.94729">
        <ele>338.746672</ele>
        <time>2025-11-18T13:07:31.734000Z</time>
      </trkpt>
      <trkpt lat="19.124257" lon="98.946963">
        <ele>338.595403</ele>
        <time>2025-11-18T13:07:40.267000Z</time>
      </trkpt>
      <trkpt lat="19.122455" lon="98.944799">
        <ele>337.943424</ele>
        <time>2025-11-18T13:08:38.499000Z</time>
      </trkpt>
      <trkpt lat="19.122339" lon="98.944659">
        <ele>337.911281</ele>
        <time>2025-11-18T13:08:42.177000Z</time>
      </trkpt>
      <trkpt lat="19.121999" lon="98.944259">
        <ele>337.837868</ele>
        <time>2025-11-18T13:08:52.933000Z</time>
      </trkpt>
      <trkpt lat="19.12093" lon="98.943045">
        <ele>338.234018</ele>
        <time>2025-11-18T13:09:31.499000Z</time>
      </trkpt>
      <trkpt lat="19.120687" lon="98.942813">
        <ele>338.278601</ele>
        <time>2025-11-18T13:09:39.783000Z</time>
      </trkpt>
      <trkpt lat="19.120183" lon="98.942457">
        <ele>338.26826</ele>
        <time>2025-11-18T13:09:54.226000Z</time>
      </trkpt>
      <trkpt lat="19.119471" lon="98.942163">
        <ele>338.255216</ele>
        <time>2025-11-18T13:10:11.292000Z</time>
      </trkpt>
      <trkpt lat="19.119362" lon="98.942123">
        <ele>338.253247</ele>
        <time>2025-11-18T13:10:13.852000Z</time>
      </trkpt>
      <trkpt lat="19.117434" lon="98.941319">
        <ele>337.729836</ele>
        <time>2025-11-18T13:10:59.958000Z</time>
      </trkpt>
      <trkpt lat="19.117219" lon="98.94123">
        <ele>337.612529</ele>
        <time>2025-11-18T13:11:05.035000Z</time>
      </trkpt>
      <trkpt lat="19.113049" lon="98.939478">
        <ele>335.479802</ele>
        <time>2025-11-18T13:12:40.772000Z</time>
      </trkpt>
      <trkpt lat="19.112286" lon="98.939157">
        <ele>335.338639</ele>
        <time>2025-11-18T13:12:58.999000Z</time>
      </trkpt>
      <trkpt lat="19.11023" lon="98.938277">
        <ele>335.98748</ele>
        <time>2025-11-18T13:13:55.064000Z</time>
      </trkpt>
      <trkpt lat="19.108397" lon="98.937492">
        <ele>336.049847</ele>
        <time>2025-11-18T13:14:40.801000Z</time>
      </trkpt>
      <trkpt lat="19.108138" lon="98.937381">
        <ele>336.000027</ele>
        <time>2025-11-18T13:14:47.023000Z</time>
      </trkpt>
      <trkpt lat="19.108013" lon="98.937335">
        <ele>335.976432</ele>
        <time>2025-11-18T13:14:49.959000Z</time>
      </trkpt>
      <trkpt lat="19.107251" lon="98.937052">
        <ele>335.748685</ele>
        <time>2025-11-18T13:15:07.551000Z</time>
      </trkpt>
      <trkpt lat="19.106216" lon="98.936772">
        <ele>335.217884</ele>
        <time>2025-11-18T13:15:30.344000Z</time>
      </trkpt>
      <trkpt lat="19.105493" lon="98.936653">
        <ele>334.866138</ele>
        <time>2025-11-18T13:15:46.103000Z</time>
      </trkpt>
      <trkpt lat="19.104625" lon="98.936509">
        <ele>334.468861</ele>
        <time>2025-11-18T13:16:04.446000Z</time>
      </trkpt>
      <trkpt lat="19.104018" lon="98.936375">
        <ele>334.188485</ele>
        <time>2025-11-18T13:16:17.766000Z</time>
      </trkpt>
      <trkpt lat="19.101906" lon="98.936161">
        <ele>334.626803</ele>
        <time>2025-11-18T13:17:09.404000Z</time>
      </trkpt>
      <trkpt lat="19.101729" lon="98.93614">
        <ele>334.682832</ele>
        <time>2025-11-18T13:17:13.968000Z</time>
      </trkpt>
      <trkpt lat="19.101685" lon="98.936136">
        <ele>334.696725</ele>
        <time>2025-11-18T13:17:15.050000Z</time>
      </trkpt>
      <trkpt lat="19.101348" lon="98.937061">
        <ele>334.991418</ele>
        <time>2025-11-18T13:17:38.275000Z</time>
      </trkpt>
      <trkpt lat="19.100554" lon="98.937883">
        <ele>335.058036</ele>
        <time>2025-11-18T13:18:04.339000Z</time>
      </trkpt>
      <trkpt lat="19.100116" lon="98.938275">
        <ele>335.024605</ele>
        <time>2025-11-18T13:18:17.364000Z</time>
      </trkpt>
      <trkpt lat="19.099426" lon="98.939039">
        <ele>334.792032</ele>
        <time>2025-11-18T13:18:39.707000Z</time>
      </trkpt>
      <trkpt lat="19.099241" lon="98.939195">
        <ele>334.700729</ele>
        <time>2025-11-18T13:18:44.882000Z</time>
      </trkpt>
      <trkpt lat="19.09899" lon="98.939407">
        <ele>334.576773</ele>
        <time>2025-11-18T13:18:51.829000Z</time>
      </trkpt>
      <trkpt lat="19.098182" lon="98.939876">
        <ele>334.228374</ele>
        <time>2025-11-18T13:19:11.529000Z</time>
      </trkpt>
      <trkpt lat="19.097964" lon="98.940063">
        <ele>334.129699</ele>
        <time>2025-11-18T13:19:17.518000Z</time>
      </trkpt>
      <trkpt lat="19.097294" lon="98.940172">
        <ele>333.891341</ele>
        <time>2025-11-18T13:19:32.221000Z</time>
      </trkpt>
      <trkpt lat="19.096601" lon="98.939986">
        <ele>333.702909</ele>
        <time>2025-11-18T13:19:48.315000Z</time>
      </trkpt>
      <trkpt lat="19.095888" lon="98.93988">
        <ele>333.967772</ele>
        <time>2025-11-18T13:20:05.486000Z</time>
      </trkpt>
      <trkpt lat="19.094309" lon="98.939163">
        <ele>334.659187</ele>
        <time>2025-11-18T13:20:49.599000Z</time>
      </trkpt>
      <trkpt lat="19.094491" lon="98.938063">
        <ele>335.133513</ele>
        <time>2025-11-18T13:21:14.792000Z</time>
      </trkpt>
      <trkpt lat="19.09451" lon="98.937853">
        <ele>335.103077</ele>
        <time>2025-11-18T13:21:19.311000Z</time>
      </trkpt>
      <trkpt lat="19.093865" lon="98.937816">
        <ele>334.969928</ele>
        <time>2025-11-18T13:21:34.089000Z</time>
      </trkpt>
      <trkpt lat="19.093086" lon="98.937927">
        <ele>334.807903</ele>
        <time>2025-11-18T13:21:51.096000Z</time>
      </trkpt>
      <trkpt lat="19.092559" lon="98.937933">
        <ele>334.6409</ele>
        <time>2025-11-18T13:22:02.383000Z</time>
      </trkpt>
      <trkpt lat="19.092458" lon="98.93793">
        <ele>334.602903</ele>
        <time>2025-11-18T13:22:04.532000Z</time>
      </trkpt>
      <trkpt lat="19.091871" lon="98.937885">
        <ele>334.381575</ele>
        <time>2025-11-18T13:22:17.189000Z</time>
      </trkpt>
      <trkpt lat="19.091575" lon="98.937881">
        <ele>334.270251</ele>
        <time>2025-11-18T13:22:23.612000Z</time>
      </trkpt>
      <trkpt lat="19.091443" lon="98.937908">
        <ele>334.219692</ele>
        <time>2025-11-18T13:22:26.538000Z</time>
      </trkpt>
      <trkpt lat="19.090621" lon="98.938051">
        <ele>334.113113</ele>
        <time>2025-11-18T13:22:45.621000Z</time>
      </trkpt>
      <trkpt lat="19.089889" lon="98.938102">
        <ele>334.141776</ele>
        <time>2025-11-18T13:23:03.016000Z</time>
      </trkpt>
      <trkpt lat="19.089406" lon="98.938097">
        <ele>334.160649</ele>
        <time>2025-11-18T13:23:14.489000Z</time>
      </trkpt>
      <trkpt lat="19.088896" lon="98.938047">
        <ele>334.148345</ele>
        <time>2025-11-18T13:23:26.379000Z</time>
      </trkpt>
      <trkpt lat="19.088343" lon="98.93807">
        <ele>334.128187</ele>
        <time>2025-11-18T13:23:39.134000Z</time>
      </trkpt>
      <trkpt lat="19.08811" lon="98.938121">
        <ele>334.119521</ele>
        <time>2025-11-18T13:23:44.453000Z</time>
      </trkpt>
      <trkpt lat="19.087982" lon="98.937991">
        <ele>334.113058</ele>
        <time>2025-11-18T13:23:48.319000Z</time>
      </trkpt>
      <trkpt lat="19.087882" lon="98.937475">
        <ele>334.083286</ele>
        <time>2025-11-18T13:23:59.269000Z</time>
      </trkpt>
      <trkpt lat="19.087853" lon="98.937202">
        <ele>334.042333</ele>
        <time>2025-11-18T13:24:04.981000Z</time>
      </trkpt>
      <trkpt lat="19.08721" lon="98.93723">
        <ele>333.940819</ele>
        <time>2025-11-18T13:24:19.819000Z</time>
      </trkpt>
      <trkpt lat="19.086433" lon="98.937269">
        <ele>333.818114</ele>
        <time>2025-11-18T13:24:37.361000Z</time>
      </trkpt>
      <trkpt lat="19.085597" lon="98.937309">
        <ele>333.410501</ele>
        <time>2025-11-18T13:24:55.413000Z</time>
      </trkpt>
      <trkpt lat="19.083553" lon="98.937371">
        <ele>332.557949</ele>
        <time>2025-11-18T13:25:38.779000Z</time>
      </trkpt>
      <trkpt lat="19.081982" lon="98.937419">
        <ele>332.306304</ele>
        <time>2025-11-18T13:26:15.014000Z</time>
      </trkpt>
      <trkpt lat="19.081284" lon="98.937484">
        <ele>332.307848</ele>
        <time>2025-11-18T13:26:31.581000Z</time>
      </trkpt>
      <trkpt lat="19.07883" lon="98.937917">
        <ele>331.875908</ele>
        <time>2025-11-18T13:27:27.597000Z</time>
      </trkpt>
      <trkpt lat="19.078831" lon="98.937655">
        <ele>331.818027</ele>
        <time>2025-11-18T13:27:32.721000Z</time>
      </trkpt>
      <trkpt lat="19.074921" lon="98.93828">
        <ele>330.820207</ele>
        <time>2025-11-18T13:28:57.166000Z</time>
      </trkpt>
      <trkpt lat="19.074236" lon="98.938389">
        <ele>330.608899</ele>
        <time>2025-11-18T13:29:11.547000Z</time>
      </trkpt>
      <trkpt lat="19.073138" lon="98.938587">
        <ele>330.322619</ele>
        <time>2025-11-18T13:29:34.919000Z</time>
      </trkpt>
      <trkpt lat="19.072966" lon="98.938611">
        <ele>330.278634</ele>
        <time>2025-11-18T13:29:38.489000Z</time>
      </trkpt>
      <trkpt lat="19.072645" lon="98.93866">
        <ele>330.196409</ele>
        <time>2025-11-18T13:29:45.549000Z</time>
      </trkpt>
      <trkpt lat="19.072291" lon="98.938715">
        <ele>330.133018</ele>
        <time>2025-11-18T13:29:53.596000Z</time>
      </trkpt>
      <trkpt lat="19.072123" lon="98.938737">
        <ele>330.138656</ele>
        <time>2025-11-18T13:29:57.425000Z</time>
      </trkpt>
      <trkpt lat="19.072146" lon="98.938578">
        <ele>330.143718</ele>
        <time>2025-11-18T13:30:00.909000Z</time>
      </trkpt>
      <trkpt lat="19.072257" lon="98.938157">
        <ele>330.157475</ele>
        <time>2025-11-18T13:30:10.463000Z</time>
      </trkpt>
      <trkpt lat="19.072471" lon="98.937342">
        <ele>330.184097</ele>
        <time>2025-11-18T13:30:28.121000Z</time>
      </trkpt>
      <trkpt lat="19.072583" lon="98.937113">
        <ele>330.193336</ele>
        <time>2025-11-18T13:30:33.576000Z</time>
      </trkpt>
      <trkpt lat="19.07302" lon="98.935218">
        <ele>330.373344</ele>
        <time>2025-11-18T13:31:15.772000Z</time>
      </trkpt>
      <trkpt lat="19.073567" lon="98.932844">
        <ele>333.216723</ele>
        <time>2025-11-18T13:32:18.361000Z</time>
      </trkpt>
      <trkpt lat="19.073789" lon="98.931879">
        <ele>335.42579</ele>
        <time>2025-11-18T13:32:50.037000Z</time>
      </trkpt>
      <trkpt lat="19.073842" lon="98.931646">
        <ele>335.958837</ele>
        <time>2025-11-18T13:32:58.995000Z</time>
      </trkpt>
      <trkpt lat="19.073908" lon="98.931371">
        <ele>337.011327</ele>
        <time>2025-11-18T13:33:09.710000Z</time>
      </trkpt>
      <trkpt lat="19.074094" lon="98.930498">
        <ele>340.349873</ele>
        <time>2025-11-18T13:33:43.262000Z</time>
      </trkpt>
      <trkpt lat="19.074175" lon="98.930116">
        <ele>341.810389</ele>
        <time>2025-11-18T13:33:57.993000Z</time>
      </trkpt>
      <trkpt lat="19.074282" lon="98.929784">
        <ele>343.118241</ele>
        <time>2025-11-18T13:34:11.041000Z</time>
      </trkpt>
      <trkpt lat="19.074343" lon="98.929656">
        <ele>343.645342</ele>
        <time>2025-11-18T13:34:16.197000Z</time>
      </trkpt>
      <trkpt lat="19.074607" lon="98.929102">
        <ele>345.92667</ele>
        <time>2025-11-18T13:34:37.831000Z</time>
      </trkpt>
      <trkpt lat="19.074797" lon="98.928734">
        <ele>347.468538</ele>
        <time>2025-11-18T13:34:52.939000Z</time>
      </trkpt>
      <trkpt lat="19.074994" lon="98.928353">
        <ele>349.06541</ele>
        <time>2025-11-18T13:35:09.267000Z</time>
      </trkpt>
      <trkpt lat="19.076535" lon="98.92537">
        <ele>360.957929</ele>
        <time>2025-11-18T13:37:19.912000Z</time>
      </trkpt>
      <trkpt lat="19.077012" lon="98.924445">
        <ele>362.849224</ele>
        <time>2025-11-18T13:37:41.611000Z</time>
      </trkpt>
      <trkpt lat="19.07743" lon="98.923605">
        <ele>363.37636</ele>
        <time>2025-11-18T13:38:00.800000Z</time>
      </trkpt>
      <trkpt lat="19.078294" lon="98.921928">
        <ele>366.821445</ele>
        <time>2025-11-18T13:39:02.216000Z</time>
      </trkpt>
      <trkpt lat="19.078472" lon="98.921589">
        <ele>367.731429</ele>
        <time>2025-11-18T13:39:14.850000Z</time>
      </trkpt>
      <trkpt lat="19.078595" lon="98.921347">
        <ele>368.233285</ele>
        <time>2025-11-18T13:39:23.473000Z</time>
      </trkpt>
      <trkpt lat="19.078703" lon="98.921166">
        <ele>368.39806</ele>
        <time>2025-11-18T13:39:29.732000Z</time>
      </trkpt>
      <trkpt lat="19.080187" lon="98.918233">
        <ele>369.956227</ele>
        <time>2025-11-18T13:40:47.110000Z</time>
      </trkpt>
      <trkpt lat="19.080611" lon="98.917417">
        <ele>370.57434</ele>
        <time>2025-11-18T13:41:05.794000Z</time>
      </trkpt>
      <trkpt lat="19.082405" lon="98.913928">
        <ele>374.059819</ele>
        <time>2025-11-18T13:42:57.271000Z</time>
      </trkpt>
      <trkpt lat="19.083235" lon="98.912315">
        <ele>372.024852</ele>
        <time>2025-11-18T13:43:28.600000Z</time>
      </trkpt>
      <trkpt lat="19.08344" lon="98.911917">
        <ele>371.12888</ele>
        <time>2025-11-18T13:43:36.246000Z</time>
      </trkpt>
      <trkpt lat="19.084204" lon="98.91043">
        <ele>369.015841</ele>
        <time>2025-11-18T13:44:06.794000Z</time>
      </trkpt>
      <trkpt lat="19.084331" lon="98.910183">
        <ele>368.775692</ele>
        <time>2025-11-18T13:44:12.403000Z</time>
      </trkpt>
      <trkpt lat="19.085013" lon="98.908858">
        <ele>369.12185</ele>
        <time>2025-11-18T13:44:47.290000Z</time>
      </trkpt>
      <trkpt lat="19.085536" lon="98.907839">
        <ele>370.288013</ele>
        <time>2025-11-18T13:45:18.625000Z</time>
      </trkpt>
      <trkpt lat="19.085601" lon="98.907622">
        <ele>370.690079</ele>
        <time>2025-11-18T13:45:25.314000Z</time>
      </trkpt>
      <trkpt lat="19.086512" lon="98.905879">
        <ele>373.287123</ele>
        <time>2025-11-18T13:46:24.548000Z</time>
      </trkpt>
      <trkpt lat="19.086354" lon="98.905083">
        <ele>373.379279</ele>
        <time>2025-11-18T13:46:41.815000Z</time>
      </trkpt>
      <trkpt lat="19.086279" lon="98.904488">
        <ele>373.380058</ele>
        <time>2025-11-18T13:46:52.647000Z</time>
      </trkpt>
      <trkpt lat="19.085969" lon="98.904212">
        <ele>373.001893</ele>
        <time>2025-11-18T13:47:00.350000Z</time>
      </trkpt>
      <trkpt lat="19.086369" lon="98.903734">
        <ele>372.438687</ele>
        <time>2025-11-18T13:47:12.271000Z</time>
      </trkpt>
      <trkpt lat="19.087794" lon="98.902622">
        <ele>371.109565</ele>
        <time>2025-11-18T13:47:51.097000Z</time>
      </trkpt>
      <trkpt lat="19.087996" lon="98.902454">
        <ele>370.94936</ele>
        <time>2025-11-18T13:47:56.161000Z</time>
      </trkpt>
      <trkpt lat="19.088072" lon="98.902348">
        <ele>370.870955</ele>
        <time>2025-11-18T13:47:58.639000Z</time>
      </trkpt>
      <trkpt lat="19.087973" lon="98.902167">
        <ele>370.747721</ele>
        <time>2025-11-18T13:48:02.444000Z</time>
      </trkpt>
      <trkpt lat="19.087799" lon="98.901978">
        <ele>370.644271</ele>
        <time>2025-11-18T13:48:07.307000Z</time>
      </trkpt>
      <trkpt lat="19.087671" lon="98.901796">
        <ele>370.658804</ele>
        <time>2025-11-18T13:48:11.628000Z</time>
      </trkpt>
      <trkpt lat="19.087599" lon="98.90165">
        <ele>370.669353</ele>
        <time>2025-11-18T13:48:14.799000Z</time>
      </trkpt>
      <trkpt lat="19.087521" lon="98.901454">
        <ele>370.682976</ele>
        <time>2025-11-18T13:48:18.855000Z</time>
      </trkpt>
      <trkpt lat="19.087297" lon="98.900684">
        <ele>370.734584</ele>
        <time>2025-11-18T13:48:36.333000Z</time>
      </trkpt>
      <trkpt lat="19.087288" lon="98.900628">
        <ele>370.738222</ele>
        <time>2025-11-18T13:48:37.738000Z</time>
      </trkpt>
      <trkpt lat="19.087278" lon="98.900432">
        <ele>370.750796</ele>
        <time>2025-11-18T13:48:42.615000Z</time>
      </trkpt>
      <trkpt lat="19.087404" lon="98.899891">
        <ele>371.288172</ele>
        <time>2025-11-18T13:48:56.920000Z</time>
      </trkpt>
      <trkpt lat="19.087432" lon="98.899678">
        <ele>371.574034</ele>
        <time>2025-11-18T13:49:02.225000Z</time>
      </trkpt>
      <trkpt lat="19.087443" lon="98.899324">
        <ele>372.044853</ele>
        <time>2025-11-18T13:49:11.401000Z</time>
      </trkpt>
      <trkpt lat="19.087434" lon="98.899098">
        <ele>372.345536</ele>
        <time>2025-11-18T13:49:17.453000Z</time>
      </trkpt>
      <trkpt lat="19.087387" lon="98.898854">
        <ele>372.676549</ele>
        <time>2025-11-18T13:49:24.254000Z</time>
      </trkpt>
      <trkpt lat="19.087259" lon="98.898505">
        <ele>373.17418</ele>
        <time>2025-11-18T13:49:34.592000Z</time>
      </trkpt>
      <trkpt lat="19.087179" lon="98.898318">
        <ele>373.488601</ele>
        <time>2025-11-18T13:49:40.346000Z</time>
      </trkpt>
      <trkpt lat="19.087159" lon="98.898272">
        <ele>373.573846</ele>
        <time>2025-11-18T13:49:41.766000Z</time>
      </trkpt>
      <trkpt lat="19.086534" lon="98.896812">
        <ele>376.272216</ele>
        <time>2025-11-18T13:50:26.099000Z</time>
      </trkpt>
      <trkpt lat="19.086427" lon="98.896445">
        <ele>376.91578</ele>
        <time>2025-11-18T13:50:36.965000Z</time>
      </trkpt>
      <trkpt lat="19.086409" lon="98.896249">
        <ele>377.244936</ele>
        <time>2025-11-18T13:50:42.597000Z</time>
      </trkpt>
      <trkpt lat="19.086429" lon="98.895933">
        <ele>377.774312</ele>
        <time>2025-11-18T13:50:51.692000Z</time>
      </trkpt>
      <trkpt lat="19.086528" lon="98.895488">
        <ele>378.538461</ele>
        <time>2025-11-18T13:51:04.944000Z</time>
      </trkpt>
      <trkpt lat="19.08683" lon="98.894435">
        <ele>379.949234</ele>
        <time>2025-11-18T13:51:34.142000Z</time>
      </trkpt>
      <trkpt lat="19.086923" lon="98.894109">
        <ele>380.170532</ele>
        <time>2025-11-18T13:51:42.335000Z</time>
      </trkpt>
      <trkpt lat="19.087101" lon="98.893487">
        <ele>380.592876</ele>
        <time>2025-11-18T13:51:57.315000Z</time>
      </trkpt>
      <trkpt lat="19.087341" lon="98.892879">
        <ele>380.912335</ele>
        <time>2025-11-18T13:52:11.473000Z</time>
      </trkpt>
      <trkpt lat="19.087705" lon="98.892149">
        <ele>380.906594</ele>
        <time>2025-11-18T13:52:28.359000Z</time>
      </trkpt>
      <trkpt lat="19.087815" lon="98.891957">
        <ele>380.905032</ele>
        <time>2025-11-18T13:52:32.809000Z</time>
      </trkpt>
      <trkpt lat="19.087952" lon="98.891701">
        <ele>380.902986</ele>
        <time>2025-11-18T13:52:38.761000Z</time>
      </trkpt>
      <trkpt lat="19.088047" lon="98.891463">
        <ele>380.901189</ele>
        <time>2025-11-18T13:52:44.174000Z</time>
      </trkpt>
      <trkpt lat="19.08809" lon="98.8912">
        <ele>381.090338</ele>
        <time>2025-11-18T13:52:49.992000Z</time>
      </trkpt>
      <trkpt lat="19.088126" lon="98.890705">
        <ele>381.807183</ele>
        <time>2025-11-18T13:53:01.678000Z</time>
      </trkpt>
      <trkpt lat="19.088211" lon="98.890262">
        <ele>382.459883</ele>
        <time>2025-11-18T13:53:13.244000Z</time>
      </trkpt>
      <trkpt lat="19.088404" lon="98.889826">
        <ele>383.155066</ele>
        <time>2025-11-18T13:53:27.179000Z</time>
      </trkpt>
      <trkpt lat="19.088569" lon="98.889605">
        <ele>383.56174</ele>
        <time>2025-11-18T13:53:35.949000Z</time>
      </trkpt>
      <trkpt lat="19.088685" lon="98.889449">
        <ele>384.095176</ele>
        <time>2025-11-18T13:53:42.396000Z</time>
      </trkpt>
      <trkpt lat="19.089362" lon="98.888916">
        <ele>386.97602</ele>
        <time>2025-11-18T13:54:12.974000Z</time>
      </trkpt>
      <trkpt lat="19.089706" lon="98.888564">
        <ele>388.60973</ele>
        <time>2025-11-18T13:54:31.148000Z</time>
      </trkpt>
      <trkpt lat="19.090255" lon="98.887665">
        <ele>391.404619</ele>
        <time>2025-11-18T13:55:07.252000Z</time>
      </trkpt>
      <trkpt lat="19.090869" lon="98.886691">
        <ele>394.088251</ele>
        <time>2025-11-18T13:55:40.975000Z</time>
      </trkpt>
      <trkpt lat="19.091102" lon="98.886387">
        <ele>394.447198</ele>
        <time>2025-11-18T13:55:51.051000Z</time>
      </trkpt>
      <trkpt lat="19.091634" lon="98.885804">
        <ele>395.105673</ele>
        <time>2025-11-18T13:56:10.423000Z</time>
      </trkpt>
      <trkpt lat="19.092816" lon="98.88467">
        <ele>397.231961</ele>
        <time>2025-11-18T13:56:48.574000Z</time>
      </trkpt>
      <trkpt lat="19.093232" lon="98.884163">
        <ele>398.30568</ele>
        <time>2025-11-18T13:57:08.599000Z</time>
      </trkpt>
      <trkpt lat="19.093403" lon="98.88381">
        <ele>399.114201</ele>
        <time>2025-11-18T13:57:22.333000Z</time>
      </trkpt>
      <trkpt lat="19.093482" lon="98.883431">
        <ele>400.280107</ele>
        <time>2025-11-18T13:57:36.765000Z</time>
      </trkpt>
      <trkpt lat="19.093482" lon="98.88331">
        <ele>400.643598</ele>
        <time>2025-11-18T13:57:41.317000Z</time>
      </trkpt>
      <trkpt lat="19.093482" lon="98.883012">
        <ele>401.538808</ele>
        <time>2025-11-18T13:57:52.427000Z</time>
      </trkpt>
      <trkpt lat="19.093382" lon="98.882467">
        <ele>403.206596</ele>
        <time>2025-11-18T13:58:11.932000Z</time>
      </trkpt>
      <trkpt lat="19.093341" lon="98.882072">
        <ele>404.400337</ele>
        <time>2025-11-18T13:58:23.772000Z</time>
      </trkpt>
      <trkpt lat="19.093356" lon="98.881749">
        <ele>404.247625</ele>
        <time>2025-11-18T13:58:31.878000Z</time>
      </trkpt>
      <trkpt lat="19.093518" lon="98.881086">
        <ele>403.769758</ele>
        <time>2025-11-18T13:58:44.905000Z</time>
      </trkpt>
      <trkpt lat="19.093571" lon="98.880633">
        <ele>403.451235</ele>
        <time>2025-11-18T13:58:52.378000Z</time>
      </trkpt>
      <trkpt lat="19.093649" lon="98.87955">
        <ele>403.143477</ele>
        <time>2025-11-18T13:59:10.315000Z</time>
      </trkpt>
      <trkpt lat="19.093726" lon="98.878513">
        <ele>403.163569</ele>
        <time>2025-11-18T13:59:33.263000Z</time>
      </trkpt>
      <trkpt lat="19.093739" lon="98.87837">
        <ele>403.166344</ele>
        <time>2025-11-18T13:59:37.493000Z</time>
      </trkpt>
      <trkpt lat="19.093802" lon="98.878144">
        <ele>403.672124</ele>
        <time>2025-11-18T13:59:44.836000Z</time>
      </trkpt>
      <trkpt lat="19.094542" lon="98.876863">
        <ele>408.932139</ele>
        <time>2025-11-18T14:00:38.966000Z</time>
      </trkpt>
      <trkpt lat="19.094636" lon="98.876574">
        <ele>410.001047</ele>
        <time>2025-11-18T14:00:50.784000Z</time>
      </trkpt>
      <trkpt lat="19.094682" lon="98.875865">
        <ele>412.462776</ele>
        <time>2025-11-18T14:01:18.123000Z</time>
      </trkpt>
      <trkpt lat="19.094676" lon="98.875163">
        <ele>414.894574</ele>
        <time>2025-11-18T14:01:43.345000Z</time>
      </trkpt>
      <trkpt lat="19.094696" lon="98.875002">
        <ele>415.457069</ele>
        <time>2025-11-18T14:01:48.739000Z</time>
      </trkpt>
      <trkpt lat="19.094815" lon="98.87405">
        <ele>416.711657</ele>
        <time>2025-11-18T14:02:15.495000Z</time>
      </trkpt>
      <trkpt lat="19.094881" lon="98.873531">
        <ele>416.929031</ele>
        <time>2025-11-18T14:02:26.858000Z</time>
      </trkpt>
      <trkpt lat="19.094881" lon="98.873113">
        <ele>417.102539</ele>
        <time>2025-11-18T14:02:34.962000Z</time>
      </trkpt>
      <trkpt lat="19.094806" lon="98.872733">
        <ele>417.057286</ele>
        <time>2025-11-18T14:02:42.013000Z</time>
      </trkpt>
      <trkpt lat="19.093651" lon="98.870684">
        <ele>412.59678</ele>
        <time>2025-11-18T14:03:22.498000Z</time>
      </trkpt>
      <trkpt lat="19.093357" lon="98.87023">
        <ele>410.998966</ele>
        <time>2025-11-18T14:03:30.883000Z</time>
      </trkpt>
      <trkpt lat="19.093033" lon="98.869812">
        <ele>409.429438</ele>
        <time>2025-11-18T14:03:38.931000Z</time>
      </trkpt>
      <trkpt lat="19.092603" lon="98.869346">
        <ele>407.23353</ele>
        <time>2025-11-18T14:03:48.604000Z</time>
      </trkpt>
      <trkpt lat="19.091764" lon="98.86835">
        <ele>402.407853</ele>
        <time>2025-11-18T14:04:08.530000Z</time>
      </trkpt>
      <trkpt lat="19.091085" lon="98.867388">
        <ele>399.227946</ele>
        <time>2025-11-18T14:04:26.535000Z</time>
      </trkpt>
      <trkpt lat="19.09018" lon="98.866032">
        <ele>397.619859</ele>
        <time>2025-11-18T14:04:55.854000Z</time>
      </trkpt>
      <trkpt lat="19.089968" lon="98.865653">
        <ele>397.899667</ele>
        <time>2025-11-18T14:05:07.230000Z</time>
      </trkpt>
      <trkpt lat="19.089911" lon="98.86547">
        <ele>398.022084</ele>
        <time>2025-11-18T14:05:12.665000Z</time>
      </trkpt>
      <trkpt lat="19.089908" lon="98.865304">
        <ele>398.127567</ele>
        <time>2025-11-18T14:05:17.577000Z</time>
      </trkpt>
      <trkpt lat="19.089992" lon="98.86511">
        <ele>398.263141</ele>
        <time>2025-11-18T14:05:24.245000Z</time>
      </trkpt>
      <trkpt lat="19.090104" lon="98.865016">
        <ele>398.444357</ele>
        <time>2025-11-18T14:05:29.284000Z</time>
      </trkpt>
      <trkpt lat="19.090659" lon="98.864677">
        <ele>399.630908</ele>
        <time>2025-11-18T14:05:52.908000Z</time>
      </trkpt>
      <trkpt lat="19.09084" lon="98.864509">
        <ele>400.076702</ele>
        <time>2025-11-18T14:06:01.038000Z</time>
      </trkpt>
      <trkpt lat="19.091003" lon="98.864288">
        <ele>400.56724</ele>
        <time>2025-11-18T14:06:09.401000Z</time>
      </trkpt>
      <trkpt lat="19.091112" lon="98.864064">
        <ele>401.008099</ele>
        <time>2025-11-18T14:06:16.408000Z</time>
      </trkpt>
      <trkpt lat="19.091681" lon="98.862896">
        <ele>398.82302</ele>
        <time>2025-11-18T14:06:39.407000Z</time>
      </trkpt>
      <trkpt lat="19.09196" lon="98.862475">
        <ele>397.301361</ele>
        <time>2025-11-18T14:06:46.754000Z</time>
      </trkpt>
      <trkpt lat="19.092247" lon="98.862109">
        <ele>395.865787</ele>
        <time>2025-11-18T14:06:53.468000Z</time>
      </trkpt>
      <trkpt lat="19.092342" lon="98.861942">
        <ele>395.147333</ele>
        <time>2025-11-18T14:06:56.209000Z</time>
      </trkpt>
      <trkpt lat="19.092415" lon="98.8617">
        <ele>394.211023</ele>
        <time>2025-11-18T14:06:59.795000Z</time>
      </trkpt>
      <trkpt lat="19.092448" lon="98.861476">
        <ele>393.375427</ele>
        <time>2025-11-18T14:07:03.015000Z</time>
      </trkpt>
      <trkpt lat="19.092503" lon="98.859939">
        <ele>388.426863</ele>
        <time>2025-11-18T14:07:26.754000Z</time>
      </trkpt>
      <trkpt lat="19.092509" lon="98.859768">
        <ele>388.149281</ele>
        <time>2025-11-18T14:07:29.647000Z</time>
      </trkpt>
      <trkpt lat="19.092559" lon="98.858161">
        <ele>385.532973</ele>
        <time>2025-11-18T14:07:58.266000Z</time>
      </trkpt>
      <trkpt lat="19.092584" lon="98.857934">
        <ele>385.154053</ele>
        <time>2025-11-18T14:08:02.286000Z</time>
      </trkpt>
      <trkpt lat="19.092695" lon="98.85764">
        <ele>384.629128</ele>
        <time>2025-11-18T14:08:07.721000Z</time>
      </trkpt>
      <trkpt lat="19.092786" lon="98.857502">
        <ele>384.35012</ele>
        <time>2025-11-18T14:08:10.582000Z</time>
      </trkpt>
      <trkpt lat="19.093036" lon="98.85723">
        <ele>383.721005</ele>
        <time>2025-11-18T14:08:16.971000Z</time>
      </trkpt>
      <trkpt lat="19.093242" lon="98.857048">
        <ele>383.25016</ele>
        <time>2025-11-18T14:08:21.670000Z</time>
      </trkpt>
      <trkpt lat="19.093427" lon="98.856846">
        <ele>382.783758</ele>
        <time>2025-11-18T14:08:26.259000Z</time>
      </trkpt>
      <trkpt lat="19.093554" lon="98.856633">
        <ele>382.405585</ele>
        <time>2025-11-18T14:08:30.351000Z</time>
      </trkpt>
      <trkpt lat="19.093716" lon="98.856293">
        <ele>381.839079</ele>
        <time>2025-11-18T14:08:36.550000Z</time>
      </trkpt>
      <trkpt lat="19.094026" lon="98.855422">
        <ele>380.454366</ele>
        <time>2025-11-18T14:08:52.574000Z</time>
      </trkpt>
      <trkpt lat="19.094064" lon="98.855315">
        <ele>380.284303</ele>
        <time>2025-11-18T14:08:54.645000Z</time>
      </trkpt>
      <trkpt lat="19.094338" lon="98.854492">
        <ele>379.684532</ele>
        <time>2025-11-18T14:09:11.285000Z</time>
      </trkpt>
      <trkpt lat="19.094519" lon="98.853848">
        <ele>379.43395</ele>
        <time>2025-11-18T14:09:25.018000Z</time>
      </trkpt>
      <trkpt lat="19.094602" lon="98.853448">
        <ele>379.281213</ele>
        <time>2025-11-18T14:09:33.400000Z</time>
      </trkpt>
      <trkpt lat="19.094666" lon="98.853138">
        <ele>379.154321</ele>
        <time>2025-11-18T14:09:39.802000Z</time>
      </trkpt>
      <trkpt lat="19.094692" lon="98.853014">
        <ele>379.098039</ele>
        <time>2025-11-18T14:09:42.342000Z</time>
      </trkpt>
      <trkpt lat="19.09477" lon="98.852415">
        <ele>378.830109</ele>
        <time>2025-11-18T14:09:54.361000Z</time>
      </trkpt>
      <trkpt lat="19.094791" lon="98.852311">
        <ele>378.782985</ele>
        <time>2025-11-18T14:09:56.429000Z</time>
      </trkpt>
      <trkpt lat="19.094841" lon="98.852028">
        <ele>378.655413</ele>
        <time>2025-11-18T14:10:01.946000Z</time>
      </trkpt>
      <trkpt lat="19.094899" lon="98.851636">
        <ele>378.479598</ele>
        <time>2025-11-18T14:10:09.618000Z</time>
      </trkpt>
      <trkpt lat="19.094899" lon="98.851419">
        <ele>378.383444</ele>
        <time>2025-11-18T14:10:13.722000Z</time>
      </trkpt>
      <trkpt lat="19.094762" lon="98.850417">
        <ele>377.842857</ele>
        <time>2025-11-18T14:10:32.868000Z</time>
      </trkpt>
      <trkpt lat="19.094743" lon="98.850141">
        <ele>377.694015</ele>
        <time>2025-11-18T14:10:38.228000Z</time>
      </trkpt>
      <trkpt lat="19.09479" lon="98.849899">
        <ele>377.561132</ele>
        <time>2025-11-18T14:10:43.073000Z</time>
      </trkpt>
      <trkpt lat="19.09486" lon="98.849744">
        <ele>377.468732</ele>
        <time>2025-11-18T14:10:46.432000Z</time>
      </trkpt>
      <trkpt lat="19.09515" lon="98.849298">
        <ele>377.240244</ele>
        <time>2025-11-18T14:10:57.044000Z</time>
      </trkpt>
      <trkpt lat="19.095361" lon="98.848974">
        <ele>377.109701</ele>
        <time>2025-11-18T14:11:04.807000Z</time>
      </trkpt>
      <trkpt lat="19.095403" lon="98.848908">
        <ele>377.083303</ele>
        <time>2025-11-18T14:11:06.429000Z</time>
      </trkpt>
      <trkpt lat="19.095835" lon="98.848283">
        <ele>376.826405</ele>
        <time>2025-11-18T14:11:22.018000Z</time>
      </trkpt>
      <trkpt lat="19.095882" lon="98.848217">
        <ele>376.798988</ele>
        <time>2025-11-18T14:11:23.651000Z</time>
      </trkpt>
      <trkpt lat="19.096102" lon="98.847911">
        <ele>376.637751</ele>
        <time>2025-11-18T14:11:31.116000Z</time>
      </trkpt>
      <trkpt lat="19.096441" lon="98.847437">
        <ele>376.267039</ele>
        <time>2025-11-18T14:11:42.612000Z</time>
      </trkpt>
      <trkpt lat="19.096105" lon="98.8471">
        <ele>375.961531</ele>
        <time>2025-11-18T14:11:52.108000Z</time>
      </trkpt>
      <trkpt lat="19.096004" lon="98.846999">
        <ele>375.869825</ele>
        <time>2025-11-18T14:11:54.887000Z</time>
      </trkpt>
      <trkpt lat="19.095813" lon="98.846921">
        <ele>375.734718</ele>
        <time>2025-11-18T14:11:58.944000Z</time>
      </trkpt>
      <trkpt lat="19.09571" lon="98.846911">
        <ele>375.666459</ele>
        <time>2025-11-18T14:12:01.010000Z</time>
      </trkpt>
      <trkpt lat="19.095599" lon="98.846932">
        <ele>375.592044</ele>
        <time>2025-11-18T14:12:03.214000Z</time>
      </trkpt>
      <trkpt lat="19.095464" lon="98.846996">
        <ele>375.486492</ele>
        <time>2025-11-18T14:12:06.091000Z</time>
      </trkpt>
      <trkpt lat="19.095108" lon="98.847336">
        <ele>375.081344</ele>
        <time>2025-11-18T14:12:15.197000Z</time>
      </trkpt>
      <trkpt lat="19.094897" lon="98.847486">
        <ele>374.86659</ele>
        <time>2025-11-18T14:12:19.908000Z</time>
      </trkpt>
      <trkpt lat="19.094745" lon="98.847562">
        <ele>374.724559</ele>
        <time>2025-11-18T14:12:23.015000Z</time>
      </trkpt>
      <trkpt lat="19.094493" lon="98.847659">
        <ele>374.498008</ele>
        <time>2025-11-18T14:12:28.080000Z</time>
      </trkpt>
      <trkpt lat="19.093822" lon="98.847856">
        <ele>374.037896</ele>
        <time>2025-11-18T14:12:42.313000Z</time>
      </trkpt>
      <trkpt lat="19.093255" lon="98.847813">
        <ele>374.216635</ele>
        <time>2025-11-18T14:12:56.637000Z</time>
      </trkpt>
      <trkpt lat="19.093138" lon="98.84777">
        <ele>374.255579</ele>
        <time>2025-11-18T14:12:59.812000Z</time>
      </trkpt>
      <trkpt lat="19.093037" lon="98.847684">
        <ele>374.296341</ele>
        <time>2025-11-18T14:13:03.165000Z</time>
      </trkpt>
      <trkpt lat="19.092906" lon="98.847456">
        <ele>374.375627</ele>
        <time>2025-11-18T14:13:09.442000Z</time>
      </trkpt>
      <trkpt lat="19.092854" lon="98.84732">
        <ele>374.41922</ele>
        <time>2025-11-18T14:13:12.771000Z</time>
      </trkpt>
      <trkpt lat="19.092763" lon="98.847228">
        <ele>374.458792</ele>
        <time>2025-11-18T14:13:15.736000Z</time>
      </trkpt>
      <trkpt lat="19.092419" lon="98.847242">
        <ele>374.567036</ele>
        <time>2025-11-18T14:13:23.653000Z</time>
      </trkpt>
      <trkpt lat="19.09217" lon="98.847255">
        <ele>374.451739</ele>
        <time>2025-11-18T14:13:29.270000Z</time>
      </trkpt>
      <trkpt lat="19.091967" lon="98.847314">
        <ele>374.35089</ele>
        <time>2025-11-18T14:13:33.664000Z</time>
      </trkpt>
      <trkpt lat="19.091866" lon="98.847389">
        <ele>374.291782</ele>
        <time>2025-11-18T14:13:36.168000Z</time>
      </trkpt>
      <trkpt lat="19.091627" lon="98.847679">
        <ele>374.117586</ele>
        <time>2025-11-18T14:13:43.110000Z</time>
      </trkpt>
      <trkpt lat="19.090732" lon="98.848625">
        <ele>373.787537</ele>
        <time>2025-11-18T14:14:08.732000Z</time>
      </trkpt>
      <trkpt lat="19.090523" lon="98.848738">
        <ele>373.83385</ele>
        <time>2025-11-18T14:14:13.798000Z</time>
      </trkpt>
      <trkpt lat="19.089969" lon="98.848913">
        <ele>373.947938</ele>
        <time>2025-11-18T14:14:27.673000Z</time>
      </trkpt>
      <trkpt lat="19.089633" lon="98.849051">
        <ele>374.01906</ele>
        <time>2025-11-18T14:14:36.516000Z</time>
      </trkpt>
      <trkpt lat="19.089212" lon="98.849332">
        <ele>374.16445</ele>
        <time>2025-11-18T14:14:49.327000Z</time>
      </trkpt>
      <trkpt lat="19.088476" lon="98.850026">
        <ele>374.524837</ele>
        <time>2025-11-18T14:15:14.812000Z</time>
      </trkpt>
      <trkpt lat="19.087885" lon="98.85036">
        <ele>374.598535</ele>
        <time>2025-11-18T14:15:28.634000Z</time>
      </trkpt>
      <trkpt lat="19.087677" lon="98.850453">
        <ele>374.399937</ele>
        <time>2025-11-18T14:15:33.021000Z</time>
      </trkpt>
      <trkpt lat="19.087326" lon="98.850695">
        <ele>374.031485</ele>
        <time>2025-11-18T14:15:40.947000Z</time>
      </trkpt>
      <trkpt lat="19.08698" lon="98.851122">
        <ele>373.56398</ele>
        <time>2025-11-18T14:15:51.102000Z</time>
      </trkpt>
      <trkpt lat="19.086619" lon="98.851425">
        <ele>373.158725</ele>
        <time>2025-11-18T14:16:00.177000Z</time>
      </trkpt>
      <trkpt lat="19.086017" lon="98.851883">
        <ele>372.27271</ele>
        <time>2025-11-18T14:16:14.606000Z</time>
      </trkpt>
      <trkpt lat="19.085936" lon="98.851967">
        <ele>372.135983</ele>
        <time>2025-11-18T14:16:16.780000Z</time>
      </trkpt>
      <trkpt lat="19.085877" lon="98.852101">
        <ele>371.967561</ele>
        <time>2025-11-18T14:16:19.440000Z</time>
      </trkpt>
      <trkpt lat="19.085694" lon="98.852384">
        <ele>371.576887</ele>
        <time>2025-11-18T14:16:25.514000Z</time>
      </trkpt>
      <trkpt lat="19.085579" lon="98.852479">
        <ele>371.401002</ele>
        <time>2025-11-18T14:16:28.205000Z</time>
      </trkpt>
      <trkpt lat="19.085451" lon="98.852529">
        <ele>371.236512</ele>
        <time>2025-11-18T14:16:30.683000Z</time>
      </trkpt>
      <trkpt lat="19.0844" lon="98.853038">
        <ele>369.818351</ele>
        <time>2025-11-18T14:16:51.522000Z</time>
      </trkpt>
      <trkpt lat="19.083657" lon="98.85335">
        <ele>368.833516</ele>
        <time>2025-11-18T14:17:06.950000Z</time>
      </trkpt>
      <trkpt lat="19.083202" lon="98.853467">
        <ele>368.863468</ele>
        <time>2025-11-18T14:17:16.882000Z</time>
      </trkpt>
      <trkpt lat="19.082617" lon="98.85358">
        <ele>369.026096</ele>
        <time>2025-11-18T14:17:30.322000Z</time>
      </trkpt>
      <trkpt lat="19.082487" lon="98.853646">
        <ele>369.065528</ele>
        <time>2025-11-18T14:17:33.751000Z</time>
      </trkpt>
      <trkpt lat="19.082445" lon="98.853721">
        <ele>369.088059</ele>
        <time>2025-11-18T14:17:35.777000Z</time>
      </trkpt>
      <trkpt lat="19.082308" lon="98.854253">
        <ele>369.230568</ele>
        <time>2025-11-18T14:17:49.096000Z</time>
      </trkpt>
      <trkpt lat="19.082258" lon="98.854359">
        <ele>369.327222</ele>
        <time>2025-11-18T14:17:52.107000Z</time>
      </trkpt>
      <trkpt lat="19.082181" lon="98.854444">
        <ele>369.48275</ele>
        <time>2025-11-18T14:17:55.112000Z</time>
      </trkpt>
      <trkpt lat="19.081984" lon="98.854549">
        <ele>369.791056</ele>
        <time>2025-11-18T14:18:01.243000Z</time>
      </trkpt>
      <trkpt lat="19.081105" lon="98.854725">
        <ele>371.041442</ele>
        <time>2025-11-18T14:18:27.074000Z</time>
      </trkpt>
      <trkpt lat="19.080923" lon="98.854773">
        <ele>371.303607</ele>
        <time>2025-11-18T14:18:32.430000Z</time>
      </trkpt>
      <trkpt lat="19.080448" lon="98.85488">
        <ele>371.889391</ele>
        <time>2025-11-18T14:18:45.862000Z</time>
      </trkpt>
      <trkpt lat="19.080184" lon="98.854888">
        <ele>372.104788</ele>
        <time>2025-11-18T14:18:52.848000Z</time>
      </trkpt>
      <trkpt lat="19.07965" lon="98.854838">
        <ele>372.542</ele>
        <time>2025-11-18T14:19:06.645000Z</time>
      </trkpt>
      <trkpt lat="19.079078" lon="98.854959">
        <ele>373.017733</ele>
        <time>2025-11-18T14:19:20.907000Z</time>
      </trkpt>
      <trkpt lat="19.078797" lon="98.855038">
        <ele>373.225874</ele>
        <time>2025-11-18T14:19:27.912000Z</time>
      </trkpt>
      <trkpt lat="19.07832" lon="98.855258">
        <ele>373.223982</ele>
        <time>2025-11-18T14:19:40.406000Z</time>
      </trkpt>
      <trkpt lat="19.077381" lon="98.855721">
        <ele>373.220215</ele>
        <time>2025-11-18T14:20:04.096000Z</time>
      </trkpt>
      <trkpt lat="19.076502" lon="98.856331">
        <ele>371.440271</ele>
        <time>2025-11-18T14:20:23.689000Z</time>
      </trkpt>
      <trkpt lat="19.07581" lon="98.856703">
        <ele>369.804449</ele>
        <time>2025-11-18T14:20:36.251000Z</time>
      </trkpt>
      <trkpt lat="19.075104" lon="98.856992">
        <ele>369.173966</ele>
        <time>2025-11-18T14:20:48.983000Z</time>
      </trkpt>
      <trkpt lat="19.073262" lon="98.857677">
        <ele>368.967635</ele>
        <time>2025-11-18T14:21:38.721000Z</time>
      </trkpt>
      <trkpt lat="19.072763" lon="98.857941">
        <ele>369.219581</ele>
        <time>2025-11-18T14:21:52.586000Z</time>
      </trkpt>
      <trkpt lat="19.072211" lon="98.858241">
        <ele>369.367436</ele>
        <time>2025-11-18T14:22:06.261000Z</time>
      </trkpt>
      <trkpt lat="19.07201" lon="98.858353">
        <ele>369.202417</ele>
        <time>2025-11-18T14:22:10.974000Z</time>
      </trkpt>
      <trkpt lat="19.071262" lon="98.858963">
        <ele>368.516396</ele>
        <time>2025-11-18T14:22:29.381000Z</time>
      </trkpt>
      <trkpt lat="19.070969" lon="98.859133">
        <ele>368.273656</ele>
        <time>2025-11-18T14:22:35.819000Z</time>
      </trkpt>
      <trkpt lat="19.070664" lon="98.859251">
        <ele>368.038517</ele>
        <time>2025-11-18T14:22:42.142000Z</time>
      </trkpt>
      <trkpt lat="19.070458" lon="98.859343">
        <ele>367.877276</ele>
        <time>2025-11-18T14:22:46.512000Z</time>
      </trkpt>
      <trkpt lat="19.070243" lon="98.859482">
        <ele>367.695584</ele>
        <time>2025-11-18T14:22:51.446000Z</time>
      </trkpt>
      <trkpt lat="19.069825" lon="98.859892">
        <ele>367.284561</ele>
        <time>2025-11-18T14:23:02.660000Z</time>
      </trkpt>
      <trkpt lat="19.069602" lon="98.860078">
        <ele>367.079794</ele>
        <time>2025-11-18T14:23:08.503000Z</time>
      </trkpt>
      <trkpt lat="19.069368" lon="98.860238">
        <ele>366.878884</ele>
        <time>2025-11-18T14:23:14.463000Z</time>
      </trkpt>
      <trkpt lat="19.068474" lon="98.860733">
        <ele>366.441971</ele>
        <time>2025-11-18T14:23:35.360000Z</time>
      </trkpt>
      <trkpt lat="19.067666" lon="98.861101">
        <ele>366.095352</ele>
        <time>2025-11-18T14:23:53.533000Z</time>
      </trkpt>
      <trkpt lat="19.066769" lon="98.861503">
        <ele>366.179327</ele>
        <time>2025-11-18T14:24:14.567000Z</time>
      </trkpt>
      <trkpt lat="19.066086" lon="98.861874">
        <ele>366.24551</ele>
        <time>2025-11-18T14:24:32.780000Z</time>
      </trkpt>
      <trkpt lat="19.065969" lon="98.861942">
        <ele>366.346787</ele>
        <time>2025-11-18T14:24:36.114000Z</time>
      </trkpt>
      <trkpt lat="19.065395" lon="98.862272">
        <ele>366.889883</ele>
        <time>2025-11-18T14:24:52.940000Z</time>
      </trkpt>
      <trkpt lat="19.065104" lon="98.86239">
        <ele>367.148966</ele>
        <time>2025-11-18T14:25:01.140000Z</time>
      </trkpt>
      <trkpt lat="19.06494" lon="98.862403">
        <ele>367.285691</ele>
        <time>2025-11-18T14:25:05.480000Z</time>
      </trkpt>
      <trkpt lat="19.06396" lon="98.862251">
        <ele>368.207548</ele>
        <time>2025-11-18T14:25:30.899000Z</time>
      </trkpt>
      <trkpt lat="19.063056" lon="98.862094">
        <ele>369.173296</ele>
        <time>2025-11-18T14:25:54.842000Z</time>
      </trkpt>
      <trkpt lat="19.062787" lon="98.862015">
        <ele>369.467597</ele>
        <time>2025-11-18T14:26:02.513000Z</time>
      </trkpt>
      <trkpt lat="19.062585" lon="98.861914">
        <ele>369.707358</ele>
        <time>2025-11-18T14:26:08.811000Z</time>
      </trkpt>
      <trkpt lat="19.061148" lon="98.861402">
        <ele>371.409782</ele>
        <time>2025-11-18T14:26:50.905000Z</time>
      </trkpt>
      <trkpt lat="19.060422" lon="98.861203">
        <ele>371.801457</ele>
        <time>2025-11-18T14:27:07.737000Z</time>
      </trkpt>
      <trkpt lat="19.059877" lon="98.861002">
        <ele>371.958421</ele>
        <time>2025-11-18T14:27:20.300000Z</time>
      </trkpt>
      <trkpt lat="19.058975" lon="98.860733">
        <ele>371.990845</ele>
        <time>2025-11-18T14:27:43.084000Z</time>
      </trkpt>
      <trkpt lat="19.058833" lon="98.860725">
        <ele>371.900412</ele>
        <time>2025-11-18T14:27:46.539000Z</time>
      </trkpt>
      <trkpt lat="19.058692" lon="98.860759">
        <ele>371.808443</ele>
        <time>2025-11-18T14:27:50.016000Z</time>
      </trkpt>
      <trkpt lat="19.058243" lon="98.86087">
        <ele>371.515211</ele>
        <time>2025-11-18T14:28:00.142000Z</time>
      </trkpt>
      <trkpt lat="19.057277" lon="98.861137">
        <ele>370.508176</ele>
        <time>2025-11-18T14:28:18.425000Z</time>
      </trkpt>
      <trkpt lat="19.056808" lon="98.861307">
        <ele>369.235584</ele>
        <time>2025-11-18T14:28:26.715000Z</time>
      </trkpt>
      <trkpt lat="19.056196" lon="98.861622">
        <ele>367.488571</ele>
        <time>2025-11-18T14:28:38.030000Z</time>
      </trkpt>
      <trkpt lat="19.055881" lon="98.861831">
        <ele>366.534132</ele>
        <time>2025-11-18T14:28:44.228000Z</time>
      </trkpt>
      <trkpt lat="19.055453" lon="98.862242">
        <ele>365.132403</ele>
        <time>2025-11-18T14:28:53.905000Z</time>
      </trkpt>
      <trkpt lat="19.055198" lon="98.862527">
        <ele>364.238701</ele>
        <time>2025-11-18T14:28:59.990000Z</time>
      </trkpt>
      <trkpt lat="19.054954" lon="98.862726">
        <ele>363.496425</ele>
        <time>2025-11-18T14:29:05.116000Z</time>
      </trkpt>
      <trkpt lat="19.054309" lon="98.863129">
        <ele>361.989799</ele>
        <time>2025-11-18T14:29:18.380000Z</time>
      </trkpt>
      <trkpt lat="19.053999" lon="98.863345">
        <ele>361.834856</ele>
        <time>2025-11-18T14:29:25.899000Z</time>
      </trkpt>
      <trkpt lat="19.053774" lon="98.863544">
        <ele>361.71244</ele>
        <time>2025-11-18T14:29:31.983000Z</time>
      </trkpt>
      <trkpt lat="19.053475" lon="98.863878">
        <ele>361.530936</ele>
        <time>2025-11-18T14:29:42.099000Z</time>
      </trkpt>
      <trkpt lat="19.053077" lon="98.86424">
        <ele>361.311847</ele>
        <time>2025-11-18T14:29:54.824000Z</time>
      </trkpt>
      <trkpt lat="19.052436" lon="98.864729">
        <ele>360.922149</ele>
        <time>2025-11-18T14:30:10.924000Z</time>
      </trkpt>
      <trkpt lat="19.051853" lon="98.865133">
        <ele>360.576767</ele>
        <time>2025-11-18T14:30:24.339000Z</time>
      </trkpt>
      <trkpt lat="19.051477" lon="98.865378">
        <ele>360.462942</ele>
        <time>2025-11-18T14:30:33.228000Z</time>
      </trkpt>
      <trkpt lat="19.050759" lon="98.865678">
        <ele>360.850039</ele>
        <time>2025-11-18T14:30:51.843000Z</time>
      </trkpt>
      <trkpt lat="19.050532" lon="98.865749">
        <ele>360.968737</ele>
        <time>2025-11-18T14:30:58.129000Z</time>
      </trkpt>
      <trkpt lat="19.050423" lon="98.865786">
        <ele>361.026138</ele>
        <time>2025-11-18T14:31:01.167000Z</time>
      </trkpt>
      <trkpt lat="19.050238" lon="98.865846">
        <ele>361.123166</ele>
        <time>2025-11-18T14:31:06.260000Z</time>
      </trkpt>
      <trkpt lat="19.049898" lon="98.865926">
        <ele>361.297822</ele>
        <time>2025-11-18T14:31:15.273000Z</time>
      </trkpt>
      <trkpt lat="19.049449" lon="98.866021">
        <ele>361.295974</ele>
        <time>2025-11-18T14:31:26.728000Z</time>
      </trkpt>
      <trkpt lat="19.048943" lon="98.866131">
        <ele>361.276656</ele>
        <time>2025-11-18T14:31:39.049000Z</time>
      </trkpt>
      <trkpt lat="19.048628" lon="98.866225">
        <ele>361.264416</ele>
        <time>2025-11-18T14:31:45.714000Z</time>
      </trkpt>
      <trkpt lat="19.047932" lon="98.866426">
        <ele>361.09149</ele>
        <time>2025-11-18T14:31:59.887000Z</time>
      </trkpt>
      <trkpt lat="19.047736" lon="98.866519">
        <ele>360.92369</ele>
        <time>2025-11-18T14:32:04.024000Z</time>
      </trkpt>
      <trkpt lat="19.046975" lon="98.866812">
        <ele>360.29109</ele>
        <time>2025-11-18T14:32:20.048000Z</time>
      </trkpt>
      <trkpt lat="19.046676" lon="98.866887">
        <ele>360.051051</ele>
        <time>2025-11-18T14:32:26.184000Z</time>
      </trkpt>
      <trkpt lat="19.046374" lon="98.866933">
        <ele>359.812235</ele>
        <time>2025-11-18T14:32:32.259000Z</time>
      </trkpt>
      <trkpt lat="19.045549" lon="98.867062">
        <ele>359.14934</ele>
        <time>2025-11-18T14:32:49.109000Z</time>
      </trkpt>
      <trkpt lat="19.04541" lon="98.867105">
        <ele>359.034225</ele>
        <time>2025-11-18T14:32:51.935000Z</time>
      </trkpt>
      <trkpt lat="19.045055" lon="98.867298">
        <ele>358.716965</ele>
        <time>2025-11-18T14:32:59.666000Z</time>
      </trkpt>
      <trkpt lat="19.044841" lon="98.86753">
        <ele>358.473405</ele>
        <time>2025-11-18T14:33:05.656000Z</time>
      </trkpt>
      <trkpt lat="19.044625" lon="98.867708">
        <ele>358.189263</ele>
        <time>2025-11-18T14:33:11.033000Z</time>
      </trkpt>
      <trkpt lat="19.044091" lon="98.867975">
        <ele>357.517424</ele>
        <time>2025-11-18T14:33:22.538000Z</time>
      </trkpt>
      <trkpt lat="19.043688" lon="98.868197">
        <ele>357.000596</ele>
        <time>2025-11-18T14:33:31.154000Z</time>
      </trkpt>
      <trkpt lat="19.043434" lon="98.868378">
        <ele>356.652244</ele>
        <time>2025-11-18T14:33:36.987000Z</time>
      </trkpt>
      <trkpt lat="19.043238" lon="98.868518">
        <ele>356.383237</ele>
        <time>2025-11-18T14:33:41.367000Z</time>
      </trkpt>
      <trkpt lat="19.042624" lon="98.869146">
        <ele>355.757535</ele>
        <time>2025-11-18T14:33:56.688000Z</time>
      </trkpt>
      <trkpt lat="19.042419" lon="98.869317">
        <ele>355.568391</ele>
        <time>2025-11-18T14:34:02.050000Z</time>
      </trkpt>
      <trkpt lat="19.04199" lon="98.86945">
        <ele>355.2445</ele>
        <time>2025-11-18T14:34:11.661000Z</time>
      </trkpt>
      <trkpt lat="19.041742" lon="98.869436">
        <ele>355.064563</ele>
        <time>2025-11-18T14:34:17.283000Z</time>
      </trkpt>
      <trkpt lat="19.041566" lon="98.86939">
        <ele>355.338882</ele>
        <time>2025-11-18T14:34:21.585000Z</time>
      </trkpt>
      <trkpt lat="19.041324" lon="98.869448">
        <ele>355.729821</ele>
        <time>2025-11-18T14:34:27.818000Z</time>
      </trkpt>
      <trkpt lat="19.040766" lon="98.869732">
        <ele>356.705419</ele>
        <time>2025-11-18T14:34:46.679000Z</time>
      </trkpt>
      <trkpt lat="19.040498" lon="98.869842">
        <ele>357.158327</ele>
        <time>2025-11-18T14:34:56.117000Z</time>
      </trkpt>
      <trkpt lat="19.039617" lon="98.870067">
        <ele>358.430806</ele>
        <time>2025-11-18T14:35:22.847000Z</time>
      </trkpt>
      <trkpt lat="19.039542" lon="98.870107">
        <ele>358.53339</ele>
        <time>2025-11-18T14:35:25.415000Z</time>
      </trkpt>
      <trkpt lat="19.039486" lon="98.870161">
        <ele>358.625937</ele>
        <time>2025-11-18T14:35:27.612000Z</time>
      </trkpt>
      <trkpt lat="19.039461" lon="98.870271">
        <ele>358.756554</ele>
        <time>2025-11-18T14:35:30.850000Z</time>
      </trkpt>
      <trkpt lat="19.039459" lon="98.870421">
        <ele>358.929752</ele>
        <time>2025-11-18T14:35:35.021000Z</time>
      </trkpt>
      <trkpt lat="19.039437" lon="98.870549">
        <ele>359.079955</ele>
        <time>2025-11-18T14:35:38.528000Z</time>
      </trkpt>
      <trkpt lat="19.039381" lon="98.870677">
        <ele>359.242795</ele>
        <time>2025-11-18T14:35:42.227000Z</time>
      </trkpt>
      <trkpt lat="19.039274" lon="98.870799">
        <ele>359.434936</ele>
        <time>2025-11-18T14:35:46.473000Z</time>
      </trkpt>
      <trkpt lat="19.038141" lon="98.871479">
        <ele>359.406191</ele>
        <time>2025-11-18T14:36:16.015000Z</time>
      </trkpt>
      <trkpt lat="19.037989" lon="98.871545">
        <ele>359.258986</ele>
        <time>2025-11-18T14:36:19.277000Z</time>
      </trkpt>
      <trkpt lat="19.037586" lon="98.871616">
        <ele>358.89296</ele>
        <time>2025-11-18T14:36:26.966000Z</time>
      </trkpt>
      <trkpt lat="19.0373" lon="98.871722">
        <ele>358.621458</ele>
        <time>2025-11-18T14:36:32.354000Z</time>
      </trkpt>
      <trkpt lat="19.036904" lon="98.871916">
        <ele>358.029324</ele>
        <time>2025-11-18T14:36:39.737000Z</time>
      </trkpt>
      <trkpt lat="19.036606" lon="98.872044">
        <ele>357.509012</ele>
        <time>2025-11-18T14:36:45.179000Z</time>
      </trkpt>
      <trkpt lat="19.036491" lon="98.872068">
        <ele>357.319386</ele>
        <time>2025-11-18T14:36:47.146000Z</time>
      </trkpt>
      <trkpt lat="19.036342" lon="98.872079">
        <ele>357.077757</ele>
        <time>2025-11-18T14:36:49.726000Z</time>
      </trkpt>
      <trkpt lat="19.03612" lon="98.872034">
        <ele>356.712084</ele>
        <time>2025-11-18T14:36:53.736000Z</time>
      </trkpt>
      <trkpt lat="19.036038" lon="98.872005">
        <ele>356.572213</ele>
        <time>2025-11-18T14:36:55.330000Z</time>
      </trkpt>
      <trkpt lat="19.035421" lon="98.871748">
        <ele>355.557932</ele>
        <time>2025-11-18T14:37:08.477000Z</time>
      </trkpt>
      <trkpt lat="19.034876" lon="98.871516">
        <ele>355.390787</ele>
        <time>2025-11-18T14:37:21.398000Z</time>
      </trkpt>
      <trkpt lat="19.034619" lon="98.87146">
        <ele>355.316131</ele>
        <time>2025-11-18T14:37:27.158000Z</time>
      </trkpt>
      <trkpt lat="19.034299" lon="98.87143">
        <ele>355.224729</ele>
        <time>2025-11-18T14:37:34.164000Z</time>
      </trkpt>
      <trkpt lat="19.034033" lon="98.871427">
        <ele>355.149044</ele>
        <time>2025-11-18T14:37:40.186000Z</time>
      </trkpt>
      <trkpt lat="19.03368" lon="98.871677">
        <ele>354.988564</ele>
        <time>2025-11-18T14:37:48.972000Z</time>
      </trkpt>
      <trkpt lat="19.033526" lon="98.871832">
        <ele>354.849492</ele>
        <time>2025-11-18T14:37:53.219000Z</time>
      </trkpt>
      <trkpt lat="19.033415" lon="98.871944">
        <ele>354.749133</ele>
        <time>2025-11-18T14:37:56.236000Z</time>
      </trkpt>
      <trkpt lat="19.033206" lon="98.872149">
        <ele>354.56266</ele>
        <time>2025-11-18T14:38:01.752000Z</time>
      </trkpt>
      <trkpt lat="19.032554" lon="98.872679">
        <ele>354.024694</ele>
        <time>2025-11-18T14:38:18.283000Z</time>
      </trkpt>
      <trkpt lat="19.032113" lon="98.872932">
        <ele>353.817016</ele>
        <time>2025-11-18T14:38:28.309000Z</time>
      </trkpt>
      <trkpt lat="19.031666" lon="98.873106">
        <ele>353.707961</ele>
        <time>2025-11-18T14:38:37.991000Z</time>
      </trkpt>
      <trkpt lat="19.031571" lon="98.87317">
        <ele>353.682173</ele>
        <time>2025-11-18T14:38:40.367000Z</time>
      </trkpt>
      <trkpt lat="19.031364" lon="98.873417">
        <ele>353.610727</ele>
        <time>2025-11-18T14:38:47.102000Z</time>
      </trkpt>
      <trkpt lat="19.031206" lon="98.873661">
        <ele>353.546712</ele>
        <time>2025-11-18T14:38:53.361000Z</time>
      </trkpt>
      <trkpt lat="19.03111" lon="98.873747">
        <ele>353.517909</ele>
        <time>2025-11-18T14:38:56.267000Z</time>
      </trkpt>
      <trkpt lat="19.030995" lon="98.873794">
        <ele>353.489681</ele>
        <time>2025-11-18T14:38:59.154000Z</time>
      </trkpt>
      <trkpt lat="19.03068" lon="98.873844">
        <ele>353.570456</ele>
        <time>2025-11-18T14:39:06.728000Z</time>
      </trkpt>
      <trkpt lat="19.030407" lon="98.873837">
        <ele>353.688095</ele>
        <time>2025-11-18T14:39:13.314000Z</time>
      </trkpt>
      <trkpt lat="19.030315" lon="98.873801">
        <ele>353.730353</ele>
        <time>2025-11-18T14:39:15.721000Z</time>
      </trkpt>
      <trkpt lat="19.030096" lon="98.873621">
        <ele>353.849826</ele>
        <time>2025-11-18T14:39:22.596000Z</time>
      </trkpt>
      <trkpt lat="19.030015" lon="98.873583">
        <ele>353.887997</ele>
        <time>2025-11-18T14:39:24.785000Z</time>
      </trkpt>
      <trkpt lat="19.029924" lon="98.873574">
        <ele>353.92737</ele>
        <time>2025-11-18T14:39:27.056000Z</time>
      </trkpt>
      <trkpt lat="19.029603" lon="98.87363">
        <ele>354.06752</ele>
        <time>2025-11-18T14:39:35.071000Z</time>
      </trkpt>
      <trkpt lat="19.029066" lon="98.873758">
        <ele>354.116722</ele>
        <time>2025-11-18T14:39:48.332000Z</time>
      </trkpt>
      <trkpt lat="19.02893" lon="98.87385">
        <ele>353.967453</ele>
        <time>2025-11-18T14:39:51.944000Z</time>
      </trkpt>
      <trkpt lat="19.028776" lon="98.873997">
        <ele>353.77565</ele>
        <time>2025-11-18T14:39:56.401000Z</time>
      </trkpt>
      <trkpt lat="19.028487" lon="98.874379">
        <ele>353.347971</ele>
        <time>2025-11-18T14:40:05.668000Z</time>
      </trkpt>
      <trkpt lat="19.027999" lon="98.875225">
        <ele>352.460177</ele>
        <time>2025-11-18T14:40:22.507000Z</time>
      </trkpt>
      <trkpt lat="19.027855" lon="98.87536">
        <ele>352.244085</ele>
        <time>2025-11-18T14:40:25.832000Z</time>
      </trkpt>
      <trkpt lat="19.027484" lon="98.875633">
        <ele>351.736537</ele>
        <time>2025-11-18T14:40:33.883000Z</time>
      </trkpt>
      <trkpt lat="19.027286" lon="98.875714">
        <ele>351.498123</ele>
        <time>2025-11-18T14:40:37.837000Z</time>
      </trkpt>
      <trkpt lat="19.027027" lon="98.875751">
        <ele>351.204613</ele>
        <time>2025-11-18T14:40:42.858000Z</time>
      </trkpt>
      <trkpt lat="19.026399" lon="98.875691">
        <ele>350.604172</ele>
        <time>2025-11-18T14:40:55.931000Z</time>
      </trkpt>
      <trkpt lat="19.026138" lon="98.875652">
        <ele>350.795881</ele>
        <time>2025-11-18T14:41:02.089000Z</time>
      </trkpt>
      <trkpt lat="19.025777" lon="98.875586">
        <ele>351.062327</ele>
        <time>2025-11-18T14:41:11.410000Z</time>
      </trkpt>
      <trkpt lat="19.025433" lon="98.875347">
        <ele>351.361658</ele>
        <time>2025-11-18T14:41:22.362000Z</time>
      </trkpt>
      <trkpt lat="19.024971" lon="98.87489">
        <ele>351.821698</ele>
        <time>2025-11-18T14:41:39.418000Z</time>
      </trkpt>
      <trkpt lat="19.024596" lon="98.874381">
        <ele>352.545281</ele>
        <time>2025-11-18T14:41:54.451000Z</time>
      </trkpt>
      <trkpt lat="19.024546" lon="98.874341">
        <ele>352.623148</ele>
        <time>2025-11-18T14:41:56.081000Z</time>
      </trkpt>
      <trkpt lat="19.024429" lon="98.874297">
        <ele>352.777386</ele>
        <time>2025-11-18T14:41:59.348000Z</time>
      </trkpt>
      <trkpt lat="19.023903" lon="98.87434">
        <ele>353.432682</ele>
        <time>2025-11-18T14:42:14.513000Z</time>
      </trkpt>
      <trkpt lat="19.023642" lon="98.874369">
        <ele>353.758656</ele>
        <time>2025-11-18T14:42:22.437000Z</time>
      </trkpt>
      <trkpt lat="19.023545" lon="98.874378">
        <ele>353.879603</ele>
        <time>2025-11-18T14:42:25.234000Z</time>
      </trkpt>
      <trkpt lat="19.022789" lon="98.874503">
        <ele>354.018489</ele>
        <time>2025-11-18T14:42:45.843000Z</time>
      </trkpt>
      <trkpt lat="19.022655" lon="98.874555">
        <ele>353.997583</ele>
        <time>2025-11-18T14:42:49.481000Z</time>
      </trkpt>
      <trkpt lat="19.022565" lon="98.874622">
        <ele>353.981464</ele>
        <time>2025-11-18T14:42:52.122000Z</time>
      </trkpt>
      <trkpt lat="19.022492" lon="98.874706">
        <ele>353.965665</ele>
        <time>2025-11-18T14:42:54.665000Z</time>
      </trkpt>
      <trkpt lat="19.022341" lon="98.87497">
        <ele>353.92294</ele>
        <time>2025-11-18T14:43:00.936000Z</time>
      </trkpt>
      <trkpt lat="19.022267" lon="98.87511">
        <ele>353.90073</ele>
        <time>2025-11-18T14:43:03.901000Z</time>
      </trkpt>
      <trkpt lat="19.022194" lon="98.875244">
        <ele>353.879316</ele>
        <time>2025-11-18T14:43:06.623000Z</time>
      </trkpt>
      <trkpt lat="19.022003" lon="98.875514">
        <ele>353.696752</ele>
        <time>2025-11-18T14:43:12.147000Z</time>
      </trkpt>
      <trkpt lat="19.021846" lon="98.875676">
        <ele>353.121029</ele>
        <time>2025-11-18T14:43:15.798000Z</time>
      </trkpt>
      <trkpt lat="19.021736" lon="98.875756">
        <ele>352.770621</ele>
        <time>2025-11-18T14:43:18.021000Z</time>
      </trkpt>
      <trkpt lat="19.021268" lon="98.875985">
        <ele>351.417077</ele>
        <time>2025-11-18T14:43:26.585000Z</time>
      </trkpt>
      <trkpt lat="19.020897" lon="98.876078">
        <ele>350.416253</ele>
        <time>2025-11-18T14:43:32.866000Z</time>
      </trkpt>
      <trkpt lat="19.020409" lon="98.876091">
        <ele>349.134881</ele>
        <time>2025-11-18T14:43:41.034000Z</time>
      </trkpt>
      <trkpt lat="19.020363" lon="98.876103">
        <ele>349.047618</ele>
        <time>2025-11-18T14:43:41.825000Z</time>
      </trkpt>
      <trkpt lat="19.020231" lon="98.87615">
        <ele>348.806671</ele>
        <time>2025-11-18T14:43:44.174000Z</time>
      </trkpt>
      <trkpt lat="19.019976" lon="98.876293">
        <ele>348.307367</ele>
        <time>2025-11-18T14:43:49.066000Z</time>
      </trkpt>
      <trkpt lat="19.019582" lon="98.876461">
        <ele>347.572462</ele>
        <time>2025-11-18T14:43:56.538000Z</time>
      </trkpt>
      <trkpt lat="19.018778" lon="98.877193">
        <ele>345.936742</ele>
        <time>2025-11-18T14:44:16.481000Z</time>
      </trkpt>
      <trkpt lat="19.018566" lon="98.877417">
        <ele>345.800656</ele>
        <time>2025-11-18T14:44:22.684000Z</time>
      </trkpt>
      <trkpt lat="19.018434" lon="98.877515">
        <ele>345.727416</ele>
        <time>2025-11-18T14:44:26.102000Z</time>
      </trkpt>
      <trkpt lat="19.018085" lon="98.877649">
        <ele>345.558799</ele>
        <time>2025-11-18T14:44:34.129000Z</time>
      </trkpt>
      <trkpt lat="19.017726" lon="98.877625">
        <ele>345.395435</ele>
        <time>2025-11-18T14:44:41.629000Z</time>
      </trkpt>
      <trkpt lat="19.017652" lon="98.877648">
        <ele>345.360407</ele>
        <time>2025-11-18T14:44:43.225000Z</time>
      </trkpt>
      <trkpt lat="19.017594" lon="98.877701">
        <ele>345.325599</ele>
        <time>2025-11-18T14:44:44.810000Z</time>
      </trkpt>
      <trkpt lat="19.017349" lon="98.878002">
        <ele>345.197814</ele>
        <time>2025-11-18T14:44:52.796000Z</time>
      </trkpt>
      <trkpt lat="19.017273" lon="98.878129">
        <ele>345.210275</ele>
        <time>2025-11-18T14:44:55.929000Z</time>
      </trkpt>
      <trkpt lat="19.017027" lon="98.878562">
        <ele>345.252157</ele>
        <time>2025-11-18T14:45:06.468000Z</time>
      </trkpt>
      <trkpt lat="19.016923" lon="98.878753">
        <ele>345.270431</ele>
        <time>2025-11-18T14:45:11.007000Z</time>
      </trkpt>
      <trkpt lat="19.016778" lon="98.879097">
        <ele>345.301657</ele>
        <time>2025-11-18T14:45:18.543000Z</time>
      </trkpt>
      <trkpt lat="19.016594" lon="98.879767">
        <ele>345.524437</ele>
        <time>2025-11-18T14:45:34.359000Z</time>
      </trkpt>
      <trkpt lat="19.016483" lon="98.880067">
        <ele>345.956147</ele>
        <time>2025-11-18T14:45:42.494000Z</time>
      </trkpt>
      <trkpt lat="19.01637" lon="98.880301">
        <ele>346.30826</ele>
        <time>2025-11-18T14:45:49.171000Z</time>
      </trkpt>
      <trkpt lat="19.016319" lon="98.880439">
        <ele>346.506815</ele>
        <time>2025-11-18T14:45:53.011000Z</time>
      </trkpt>
      <trkpt lat="19.016254" lon="98.880612">
        <ele>346.756283</ele>
        <time>2025-11-18T14:45:57.912000Z</time>
      </trkpt>
      <trkpt lat="19.016092" lon="98.881084">
        <ele>347.429186</ele>
        <time>2025-11-18T14:46:11.746000Z</time>
      </trkpt>
      <trkpt lat="19.016062" lon="98.881275">
        <ele>347.688647</ele>
        <time>2025-11-18T14:46:17.399000Z</time>
      </trkpt>
      <trkpt lat="19.016091" lon="98.881944">
        <ele>348.682874</ele>
        <time>2025-11-18T14:46:37.364000Z</time>
      </trkpt>
      <trkpt lat="19.016269" lon="98.882985">
        <ele>350.299923</ele>
        <time>2025-11-18T14:47:06.752000Z</time>
      </trkpt>
      <trkpt lat="19.016253" lon="98.883105">
        <ele>350.485166</ele>
        <time>2025-11-18T14:47:09.828000Z</time>
      </trkpt>
      <trkpt lat="19.016196" lon="98.883122">
        <ele>350.580917</ele>
        <time>2025-11-18T14:47:11.381000Z</time>
      </trkpt>
      <trkpt lat="19.015826" lon="98.883092">
        <ele>350.681475</ele>
        <time>2025-11-18T14:47:20.491000Z</time>
      </trkpt>
      <trkpt lat="19.015596" lon="98.883109">
        <ele>350.557522</ele>
        <time>2025-11-18T14:47:25.596000Z</time>
      </trkpt>
      <trkpt lat="19.015316" lon="98.883184">
        <ele>350.402238</ele>
        <time>2025-11-18T14:47:31.370000Z</time>
      </trkpt>
      <trkpt lat="19.014687" lon="98.883495">
        <ele>350.028956</ele>
        <time>2025-11-18T14:47:44.366000Z</time>
      </trkpt>
      <trkpt lat="19.01443" lon="98.883662">
        <ele>349.866798</ele>
        <time>2025-11-18T14:47:49.994000Z</time>
      </trkpt>
      <trkpt lat="19.013558" lon="98.884218">
        <ele>349.559659</ele>
        <time>2025-11-18T14:48:10.930000Z</time>
      </trkpt>
      <trkpt lat="19.012949" lon="98.884629">
        <ele>349.350821</ele>
        <time>2025-11-18T14:48:27.875000Z</time>
      </trkpt>
      <trkpt lat="19.012102" lon="98.885007">
        <ele>348.520746</ele>
        <time>2025-11-18T14:48:47.931000Z</time>
      </trkpt>
      <trkpt lat="19.011384" lon="98.885224">
        <ele>347.784494</ele>
        <time>2025-11-18T14:49:01.749000Z</time>
      </trkpt>
      <trkpt lat="19.010723" lon="98.88537">
        <ele>347.089046</ele>
        <time>2025-11-18T14:49:13.265000Z</time>
      </trkpt>
      <trkpt lat="19.010208" lon="98.88545">
        <ele>346.540174</ele>
        <time>2025-11-18T14:49:22.454000Z</time>
      </trkpt>
      <trkpt lat="19.009812" lon="98.885477">
        <ele>346.121741</ele>
        <time>2025-11-18T14:49:29.851000Z</time>
      </trkpt>
      <trkpt lat="19.00738" lon="98.88545">
        <ele>347.37766</ele>
        <time>2025-11-18T14:50:33.386000Z</time>
      </trkpt>
      <trkpt lat="19.007088" lon="98.885469">
        <ele>347.528317</ele>
        <time>2025-11-18T14:50:41.607000Z</time>
      </trkpt>
      <trkpt lat="19.00681" lon="98.885555">
        <ele>347.677478</ele>
        <time>2025-11-18T14:50:49.475000Z</time>
      </trkpt>
      <trkpt lat="19.006329" lon="98.885765">
        <ele>347.945455</ele>
        <time>2025-11-18T14:51:02.543000Z</time>
      </trkpt>
      <trkpt lat="19.005584" lon="98.885953">
        <ele>348.151399</ele>
        <time>2025-11-18T14:51:18.052000Z</time>
      </trkpt>
      <trkpt lat="19.004129" lon="98.88656">
        <ele>347.892396</ele>
        <time>2025-11-18T14:51:49.559000Z</time>
      </trkpt>
      <trkpt lat="19.003804" lon="98.88673">
        <ele>349.4092</ele>
        <time>2025-11-18T14:52:00.623000Z</time>
      </trkpt>
      <trkpt lat="19.003424" lon="98.886978">
        <ele>351.277193</ele>
        <time>2025-11-18T14:52:17.152000Z</time>
      </trkpt>
      <trkpt lat="19.002986" lon="98.887343">
        <ele>353.609965</ele>
        <time>2025-11-18T14:52:41.997000Z</time>
      </trkpt>
      <trkpt lat="19.002203" lon="98.88807">
        <ele>357.653625</ele>
        <time>2025-11-18T14:53:32.310000Z</time>
      </trkpt>
      <trkpt lat="19.002004" lon="98.888226">
        <ele>358.566101</ele>
        <time>2025-11-18T14:53:43.574000Z</time>
      </trkpt>
      <trkpt lat="19.001642" lon="98.888381">
        <ele>360.004754</ele>
        <time>2025-11-18T14:53:58.346000Z</time>
      </trkpt>
      <trkpt lat="19.001328" lon="98.888455">
        <ele>361.189818</ele>
        <time>2025-11-18T14:54:07.388000Z</time>
      </trkpt>
      <trkpt lat="19.000993" lon="98.888452">
        <ele>361.613255</ele>
        <time>2025-11-18T14:54:14.191000Z</time>
      </trkpt>
      <trkpt lat="19.000692" lon="98.888384">
        <ele>360.781208</ele>
        <time>2025-11-18T14:54:19.559000Z</time>
      </trkpt>
      <trkpt lat="19.000404" lon="98.88828">
        <ele>359.958529</ele>
        <time>2025-11-18T14:54:24.445000Z</time>
      </trkpt>
      <trkpt lat="19.000133" lon="98.888252">
        <ele>359.222449</ele>
        <time>2025-11-18T14:54:28.684000Z</time>
      </trkpt>
      <trkpt lat="19.000025" lon="98.888276">
        <ele>358.924118</ele>
        <time>2025-11-18T14:54:30.395000Z</time>
      </trkpt>
      <trkpt lat="18.999146" lon="98.888682">
        <ele>356.440946</ele>
        <time>2025-11-18T14:54:45.882000Z</time>
      </trkpt>
      <trkpt lat="18.99896" lon="98.888873">
        <ele>355.840931</ele>
        <time>2025-11-18T14:54:50.391000Z</time>
      </trkpt>
      <trkpt lat="18.998838" lon="98.888918">
        <ele>355.541891</ele>
        <time>2025-11-18T14:54:52.641000Z</time>
      </trkpt>
      <trkpt lat="18.998258" lon="98.889015">
        <ele>354.182845</ele>
        <time>2025-11-18T14:55:02.814000Z</time>
      </trkpt>
      <trkpt lat="18.997754" lon="98.889157">
        <ele>352.975692</ele>
        <time>2025-11-18T14:55:11.982000Z</time>
      </trkpt>
      <trkpt lat="18.997534" lon="98.889282">
        <ele>352.595683</ele>
        <time>2025-11-18T14:55:16.457000Z</time>
      </trkpt>
      <trkpt lat="18.996272" lon="98.890276">
        <ele>350.302653</ele>
        <time>2025-11-18T14:55:46.239000Z</time>
      </trkpt>
      <trkpt lat="18.995381" lon="98.89097">
        <ele>348.175041</ele>
        <time>2025-11-18T14:56:05.609000Z</time>
      </trkpt>
      <trkpt lat="18.994513" lon="98.891859">
        <ele>346.177828</ele>
        <time>2025-11-18T14:56:26.786000Z</time>
      </trkpt>
      <trkpt lat="18.994252" lon="98.892058">
        <ele>345.760272</ele>
        <time>2025-11-18T14:56:32.713000Z</time>
      </trkpt>
      <trkpt lat="18.994015" lon="98.892173">
        <ele>345.42188</ele>
        <time>2025-11-18T14:56:37.615000Z</time>
      </trkpt>
      <trkpt lat="18.993526" lon="98.8922">
        <ele>344.786419</ele>
        <time>2025-11-18T14:56:47.166000Z</time>
      </trkpt>
      <trkpt lat="18.993256" lon="98.892258">
        <ele>344.529955</ele>
        <time>2025-11-18T14:56:52.795000Z</time>
      </trkpt>
      <trkpt lat="18.992808" lon="98.892504">
        <ele>344.596436</ele>
        <time>2025-11-18T14:57:03.381000Z</time>
      </trkpt>
      <trkpt lat="18.992494" lon="98.892848">
        <ele>344.655978</ele>
        <time>2025-11-18T14:57:13.400000Z</time>
      </trkpt>
      <trkpt lat="18.99244" lon="98.892931">
        <ele>344.668524</ele>
        <time>2025-11-18T14:57:15.592000Z</time>
      </trkpt>
      <trkpt lat="18.992318" lon="98.893249">
        <ele>344.71126</ele>
        <time>2025-11-18T14:57:23.301000Z</time>
      </trkpt>
      <trkpt lat="18.99227" lon="98.893453">
        <ele>344.737439</ele>
        <time>2025-11-18T14:57:28.287000Z</time>
      </trkpt>
      <trkpt lat="18.992267" lon="98.8937">
        <ele>344.861661</ele>
        <time>2025-11-18T14:57:34.418000Z</time>
      </trkpt>
      <trkpt lat="18.992362" lon="98.894159">
        <ele>345.432343</ele>
        <time>2025-11-18T14:57:46.583000Z</time>
      </trkpt>
      <trkpt lat="18.992361" lon="98.89434">
        <ele>345.652183</ele>
        <time>2025-11-18T14:57:51.364000Z</time>
      </trkpt>
      <trkpt lat="18.99229" lon="98.894553">
        <ele>345.926488</ele>
        <time>2025-11-18T14:57:57.351000Z</time>
      </trkpt>
      <trkpt lat="18.992196" lon="98.894728">
        <ele>346.170937</ele>
        <time>2025-11-18T14:58:02.625000Z</time>
      </trkpt>
      <trkpt lat="18.992045" lon="98.894896">
        <ele>346.452459</ele>
        <time>2025-11-18T14:58:08.608000Z</time>
      </trkpt>
      <trkpt lat="18.991844" lon="98.895056">
        <ele>346.775603</ele>
        <time>2025-11-18T14:58:15.613000Z</time>
      </trkpt>
      <trkpt lat="18.991704" lon="98.895142">
        <ele>346.983565</ele>
        <time>2025-11-18T14:58:20.197000Z</time>
      </trkpt>
      <trkpt lat="18.991206" lon="98.895223">
        <ele>347.578815</ele>
        <time>2025-11-18T14:58:34.391000Z</time>
      </trkpt>
      <trkpt lat="18.991096" lon="98.895286">
        <ele>347.72467</ele>
        <time>2025-11-18T14:58:37.820000Z</time>
      </trkpt>
      <trkpt lat="18.991017" lon="98.895358">
        <ele>347.846265</ele>
        <time>2025-11-18T14:58:40.627000Z</time>
      </trkpt>
      <trkpt lat="18.990493" lon="98.896024">
        <ele>348.801466</ele>
        <time>2025-11-18T14:59:02.483000Z</time>
      </trkpt>
      <trkpt lat="18.990184" lon="98.896369">
        <ele>349.24959</ele>
        <time>2025-11-18T14:59:14.372000Z</time>
      </trkpt>
      <trkpt lat="18.989846" lon="98.896755">
        <ele>349.555544</ele>
        <time>2025-11-18T14:59:26.646000Z</time>
      </trkpt>
      <trkpt lat="18.989617" lon="98.897057">
        <ele>349.780675</ele>
        <time>2025-11-18T14:59:35.534000Z</time>
      </trkpt>
      <trkpt lat="18.989467" lon="98.897318">
        <ele>349.958301</ele>
        <time>2025-11-18T14:59:42.638000Z</time>
      </trkpt>
      <trkpt lat="18.9894" lon="98.897596">
        <ele>350.125145</ele>
        <time>2025-11-18T14:59:49.266000Z</time>
      </trkpt>
      <trkpt lat="18.989401" lon="98.897835">
        <ele>350.26414</ele>
        <time>2025-11-18T14:59:54.802000Z</time>
      </trkpt>
      <trkpt lat="18.989431" lon="98.898254">
        <ele>350.279516</ele>
        <time>2025-11-18T15:00:04.478000Z</time>
      </trkpt>
      <trkpt lat="18.989796" lon="98.899039">
        <ele>350.297298</ele>
        <time>2025-11-18T15:00:22.988000Z</time>
      </trkpt>
      <trkpt lat="18.989819" lon="98.899272">
        <ele>350.30206</ele>
        <time>2025-11-18T15:00:27.654000Z</time>
      </trkpt>
      <trkpt lat="18.989764" lon="98.89973">
        <ele>350.286726</ele>
        <time>2025-11-18T15:00:36.622000Z</time>
      </trkpt>
      <trkpt lat="18.989676" lon="98.900022">
        <ele>350.194028</ele>
        <time>2025-11-18T15:00:42.587000Z</time>
      </trkpt>
      <trkpt lat="18.989414" lon="98.90138">
        <ele>349.774814</ele>
        <time>2025-11-18T15:01:10.513000Z</time>
      </trkpt>
      <trkpt lat="18.989203" lon="98.901878">
        <ele>349.252137</ele>
        <time>2025-11-18T15:01:21.543000Z</time>
      </trkpt>
      <trkpt lat="18.989077" lon="98.902028">
        <ele>349.017535</ele>
        <time>2025-11-18T15:01:25.425000Z</time>
      </trkpt>
      <trkpt lat="18.988308" lon="98.902522">
        <ele>347.904929</ele>
        <time>2025-11-18T15:01:42.254000Z</time>
      </trkpt>
      <trkpt lat="18.987822" lon="98.902956">
        <ele>346.556907</ele>
        <time>2025-11-18T15:01:53.305000Z</time>
      </trkpt>
      <trkpt lat="18.987671" lon="98.903171">
        <ele>345.795283</ele>
        <time>2025-11-18T15:01:57.499000Z</time>
      </trkpt>
      <trkpt lat="18.987553" lon="98.903394">
        <ele>345.068565</ele>
        <time>2025-11-18T15:02:01.198000Z</time>
      </trkpt>
      <trkpt lat="18.987348" lon="98.904085">
        <ele>343.009028</ele>
        <time>2025-11-18T15:02:11.862000Z</time>
      </trkpt>
      <trkpt lat="18.987313" lon="98.904179">
        <ele>342.721729</ele>
        <time>2025-11-18T15:02:13.431000Z</time>
      </trkpt>
      <trkpt lat="18.987306" lon="98.904495">
        <ele>342.155277</ele>
        <time>2025-11-18T15:02:18.696000Z</time>
      </trkpt>
      <trkpt lat="18.987269" lon="98.904833">
        <ele>342.343942</ele>
        <time>2025-11-18T15:02:24.927000Z</time>
      </trkpt>
      <trkpt lat="18.987202" lon="98.904998">
        <ele>342.443511</ele>
        <time>2025-11-18T15:02:28.495000Z</time>
      </trkpt>
      <trkpt lat="18.98699" lon="98.905305">
        <ele>342.654296</ele>
        <time>2025-11-18T15:02:36.666000Z</time>
      </trkpt>
      <trkpt lat="18.986847" lon="98.905558">
        <ele>342.817731</ele>
        <time>2025-11-18T15:02:44.730000Z</time>
      </trkpt>
      <trkpt lat="18.986707" lon="98.906025">
        <ele>343.089375</ele>
        <time>2025-11-18T15:03:00.654000Z</time>
      </trkpt>
      <trkpt lat="18.98666" lon="98.906198">
        <ele>343.244638</ele>
        <time>2025-11-18T15:03:06.207000Z</time>
      </trkpt>
      <trkpt lat="18.986582" lon="98.906476">
        <ele>343.671986</ele>
        <time>2025-11-18T15:03:14.884000Z</time>
      </trkpt>
      <trkpt lat="18.986489" lon="98.906701">
        <ele>344.033868</ele>
        <time>2025-11-18T15:03:21.823000Z</time>
      </trkpt>
      <trkpt lat="18.986358" lon="98.906884">
        <ele>344.372123</ele>
        <time>2025-11-18T15:03:28.170000Z</time>
      </trkpt>
      <trkpt lat="18.986233" lon="98.907018">
        <ele>344.649522</ele>
        <time>2025-11-18T15:03:33.404000Z</time>
      </trkpt>
      <trkpt lat="18.986106" lon="98.907134">
        <ele>344.911058</ele>
        <time>2025-11-18T15:03:38.218000Z</time>
      </trkpt>
      <trkpt lat="18.985907" lon="98.907252">
        <ele>345.266629</ele>
        <time>2025-11-18T15:03:44.569000Z</time>
      </trkpt>
      <trkpt lat="18.985619" lon="98.907421">
        <ele>345.779949</ele>
        <time>2025-11-18T15:03:53.316000Z</time>
      </trkpt>
      <trkpt lat="18.98526" lon="98.907564">
        <ele>345.755578</ele>
        <time>2025-11-18T15:04:03.003000Z</time>
      </trkpt>
      <trkpt lat="18.983908" lon="98.907845">
        <ele>344.713083</ele>
        <time>2025-11-18T15:04:29.537000Z</time>
      </trkpt>
      <trkpt lat="18.983596" lon="98.907975">
        <ele>344.356324</ele>
        <time>2025-11-18T15:04:35.461000Z</time>
      </trkpt>
      <trkpt lat="18.983447" lon="98.908093">
        <ele>344.110869</ele>
        <time>2025-11-18T15:04:38.774000Z</time>
      </trkpt>
      <trkpt lat="18.983142" lon="98.90841">
        <ele>343.546977</ele>
        <time>2025-11-18T15:04:46.499000Z</time>
      </trkpt>
      <trkpt lat="18.982614" lon="98.90934">
        <ele>342.214126</ele>
        <time>2025-11-18T15:05:05.932000Z</time>
      </trkpt>
      <trkpt lat="18.982363" lon="98.909838">
        <ele>341.944073</ele>
        <time>2025-11-18T15:05:16.463000Z</time>
      </trkpt>
      <trkpt lat="18.981991" lon="98.910853">
        <ele>341.423144</ele>
        <time>2025-11-18T15:05:37.811000Z</time>
      </trkpt>
      <trkpt lat="18.981908" lon="98.911149">
        <ele>341.26727</ele>
        <time>2025-11-18T15:05:44.468000Z</time>
      </trkpt>
      <trkpt lat="18.981899" lon="98.911462">
        <ele>341.087537</ele>
        <time>2025-11-18T15:05:51.140000Z</time>
      </trkpt>
      <trkpt lat="18.981961" lon="98.911683">
        <ele>340.955227</ele>
        <time>2025-11-18T15:05:55.994000Z</time>
      </trkpt>
      <trkpt lat="18.982064" lon="98.911906">
        <ele>340.812782</ele>
        <time>2025-11-18T15:06:01.031000Z</time>
      </trkpt>
      <trkpt lat="18.982066" lon="98.91201">
        <ele>340.753078</ele>
        <time>2025-11-18T15:06:03.165000Z</time>
      </trkpt>
      <trkpt lat="18.98204" lon="98.912128">
        <ele>340.683536</ele>
        <time>2025-11-18T15:06:05.585000Z</time>
      </trkpt>
      <trkpt lat="18.981876" lon="98.912537">
        <ele>340.428553</ele>
        <time>2025-11-18T15:06:13.949000Z</time>
      </trkpt>
      <trkpt lat="18.981845" lon="98.912698">
        <ele>340.334249</ele>
        <time>2025-11-18T15:06:16.803000Z</time>
      </trkpt>
      <trkpt lat="18.98185" lon="98.913055">
        <ele>339.967061</ele>
        <time>2025-11-18T15:06:22.810000Z</time>
      </trkpt>
      <trkpt lat="18.981924" lon="98.913444">
        <ele>339.350848</ele>
        <time>2025-11-18T15:06:29.528000Z</time>
      </trkpt>
      <trkpt lat="18.98195" lon="98.913565">
        <ele>339.158147</ele>
        <time>2025-11-18T15:06:31.626000Z</time>
      </trkpt>
      <trkpt lat="18.981749" lon="98.913657">
        <ele>338.798454</ele>
        <time>2025-11-18T15:06:35.701000Z</time>
      </trkpt>
      <trkpt lat="18.981428" lon="98.913698">
        <ele>338.267448</ele>
        <time>2025-11-18T15:06:41.747000Z</time>
      </trkpt>
      <trkpt lat="18.981351" lon="98.913727">
        <ele>338.133211</ele>
        <time>2025-11-18T15:06:43.304000Z</time>
      </trkpt>
      <trkpt lat="18.981081" lon="98.913926">
        <ele>337.592723</ele>
        <time>2025-11-18T15:06:49.468000Z</time>
      </trkpt>
      <trkpt lat="18.980885" lon="98.914083">
        <ele>337.238212</ele>
        <time>2025-11-18T15:06:57.386000Z</time>
      </trkpt>
      <trkpt lat="18.980754" lon="98.914139">
        <ele>337.146273</ele>
        <time>2025-11-18T15:07:02.037000Z</time>
      </trkpt>
      <trkpt lat="18.980413" lon="98.914228">
        <ele>336.917735</ele>
        <time>2025-11-18T15:07:14.084000Z</time>
      </trkpt>
      <trkpt lat="18.980175" lon="98.914271">
        <ele>336.76063</ele>
        <time>2025-11-18T15:07:22.317000Z</time>
      </trkpt>
      <trkpt lat="18.979863" lon="98.914276">
        <ele>336.557596</ele>
        <time>2025-11-18T15:07:32.984000Z</time>
      </trkpt>
      <trkpt lat="18.979775" lon="98.914309">
        <ele>336.496843</ele>
        <time>2025-11-18T15:07:36.265000Z</time>
      </trkpt>
      <trkpt lat="18.979737" lon="98.91436">
        <ele>336.456892</ele>
        <time>2025-11-18T15:07:38.409000Z</time>
      </trkpt>
      <trkpt lat="18.979701" lon="98.914499">
        <ele>336.368215</ele>
        <time>2025-11-18T15:07:43.269000Z</time>
      </trkpt>
      <trkpt lat="18.979587" lon="98.915132">
        <ele>336.185956</ele>
        <time>2025-11-18T15:08:06.176000Z</time>
      </trkpt>
      <trkpt lat="18.979587" lon="98.915274">
        <ele>336.244249</ele>
        <time>2025-11-18T15:08:11.505000Z</time>
      </trkpt>
      <trkpt lat="18.979655" lon="98.915703">
        <ele>336.422816</ele>
        <time>2025-11-18T15:08:28.058000Z</time>
      </trkpt>
      <trkpt lat="18.979318" lon="98.916167">
        <ele>336.662992</ele>
        <time>2025-11-18T15:08:50.105000Z</time>
      </trkpt>
      <trkpt lat="18.979062" lon="98.916342">
        <ele>336.795323</ele>
        <time>2025-11-18T15:08:57.295000Z</time>
      </trkpt>
      <trkpt lat="18.978777" lon="98.916481">
        <ele>336.839764</ele>
        <time>2025-11-18T15:09:04.399000Z</time>
      </trkpt>
      <trkpt lat="18.978629" lon="98.916513">
        <ele>336.786192</ele>
        <time>2025-11-18T15:09:07.828000Z</time>
      </trkpt>
      <trkpt lat="18.978474" lon="98.91652">
        <ele>336.731173</ele>
        <time>2025-11-18T15:09:11.350000Z</time>
      </trkpt>
      <trkpt lat="18.977793" lon="98.916338">
        <ele>336.482074</ele>
        <time>2025-11-18T15:09:26.493000Z</time>
      </trkpt>
      <trkpt lat="18.977746" lon="98.916486">
        <ele>336.429717</ele>
        <time>2025-11-18T15:09:29.568000Z</time>
      </trkpt>
      <trkpt lat="18.977674" lon="98.916714">
        <ele>336.349105</ele>
        <time>2025-11-18T15:09:34.308000Z</time>
      </trkpt>
      <trkpt lat="18.977556" lon="98.917059">
        <ele>336.18256</ele>
        <time>2025-11-18T15:09:41.354000Z</time>
      </trkpt>
      <trkpt lat="18.977264" lon="98.916897">
        <ele>335.768237</ele>
        <time>2025-11-18T15:09:47.902000Z</time>
      </trkpt>
      <trkpt lat="18.976868" lon="98.91673">
        <ele>335.232559</ele>
        <time>2025-11-18T15:09:56.264000Z</time>
      </trkpt>
      <trkpt lat="18.976138" lon="98.916563">
        <ele>334.294101</ele>
        <time>2025-11-18T15:10:10.713000Z</time>
      </trkpt>
      <trkpt lat="18.976106" lon="98.916523">
        <ele>334.231847</ele>
        <time>2025-11-18T15:10:11.661000Z</time>
      </trkpt>
      <trkpt lat="18.97561" lon="98.915906">
        <ele>333.971023</ele>
        <time>2025-11-18T15:10:26.704000Z</time>
      </trkpt>
      <trkpt lat="18.975539" lon="98.915833">
        <ele>333.968899</ele>
        <time>2025-11-18T15:10:28.760000Z</time>
      </trkpt>
      <trkpt lat="18.975382" lon="98.91575">
        <ele>333.965136</ele>
        <time>2025-11-18T15:10:32.564000Z</time>
      </trkpt>
      <trkpt lat="18.974971" lon="98.915645">
        <ele>333.95607</ele>
        <time>2025-11-18T15:10:43.070000Z</time>
      </trkpt>
      <trkpt lat="18.97452" lon="98.915401">
        <ele>333.945207</ele>
        <time>2025-11-18T15:10:57.252000Z</time>
      </trkpt>
      <trkpt lat="18.974388" lon="98.915369">
        <ele>334.004445</ele>
        <time>2025-11-18T15:11:01.035000Z</time>
      </trkpt>
      <trkpt lat="18.974249" lon="98.915366">
        <ele>334.080965</ele>
        <time>2025-11-18T15:11:05.096000Z</time>
      </trkpt>
      <trkpt lat="18.974177" lon="98.915327">
        <ele>334.125489</ele>
        <time>2025-11-18T15:11:07.474000Z</time>
      </trkpt>
      <trkpt lat="18.973892" lon="98.9152">
        <ele>334.295708</ele>
        <time>2025-11-18T15:11:16.250000Z</time>
      </trkpt>
      <trkpt lat="18.973775" lon="98.915201">
        <ele>334.360106</ele>
        <time>2025-11-18T15:11:19.526000Z</time>
      </trkpt>
      <trkpt lat="18.973464" lon="98.915203">
        <ele>334.531279</ele>
        <time>2025-11-18T15:11:27.972000Z</time>
      </trkpt>
      <trkpt lat="18.973153" lon="98.91557">
        <ele>334.78777</ele>
        <time>2025-11-18T15:11:39.790000Z</time>
      </trkpt>
      <trkpt lat="18.973091" lon="98.915616">
        <ele>334.829455</ele>
        <time>2025-11-18T15:11:41.417000Z</time>
      </trkpt>
      <trkpt lat="18.973002" lon="98.91564">
        <ele>334.880007</ele>
        <time>2025-11-18T15:11:43.408000Z</time>
      </trkpt>
      <trkpt lat="18.972477" lon="98.915643">
        <ele>334.672947</ele>
        <time>2025-11-18T15:11:53.467000Z</time>
      </trkpt>
      <trkpt lat="18.972368" lon="98.915689">
        <ele>334.600842</ele>
        <time>2025-11-18T15:11:55.702000Z</time>
      </trkpt>
      <trkpt lat="18.972269" lon="98.915766">
        <ele>334.525335</ele>
        <time>2025-11-18T15:11:58.064000Z</time>
      </trkpt>
      <trkpt lat="18.972091" lon="98.915863">
        <ele>334.402305</ele>
        <time>2025-11-18T15:12:01.950000Z</time>
      </trkpt>
      <trkpt lat="18.971927" lon="98.915887">
        <ele>334.300584</ele>
        <time>2025-11-18T15:12:05.342000Z</time>
      </trkpt>
      <trkpt lat="18.971784" lon="98.915756">
        <ele>334.184341</ele>
        <time>2025-11-18T15:12:09.334000Z</time>
      </trkpt>
      <trkpt lat="18.971703" lon="98.915713">
        <ele>334.128656</ele>
        <time>2025-11-18T15:12:11.313000Z</time>
      </trkpt>
      <trkpt lat="18.971341" lon="98.915715">
        <ele>333.906242</ele>
        <time>2025-11-18T15:12:19.474000Z</time>
      </trkpt>
      <trkpt lat="18.970524" lon="98.916131">
        <ele>333.956353</ele>
        <time>2025-11-18T15:12:43.089000Z</time>
      </trkpt>
      <trkpt lat="18.970405" lon="98.916169">
        <ele>333.976519</ele>
        <time>2025-11-18T15:12:46.502000Z</time>
      </trkpt>
      <trkpt lat="18.970273" lon="98.916118">
        <ele>333.999318</ele>
        <time>2025-11-18T15:12:50.326000Z</time>
      </trkpt>
      <trkpt lat="18.970052" lon="98.915876">
        <ele>334.050931</ele>
        <time>2025-11-18T15:12:58.180000Z</time>
      </trkpt>
      <trkpt lat="18.969951" lon="98.915863">
        <ele>334.067437</ele>
        <time>2025-11-18T15:13:00.486000Z</time>
      </trkpt>
      <trkpt lat="18.969819" lon="98.915881">
        <ele>334.089029</ele>
        <time>2025-11-18T15:13:03.364000Z</time>
      </trkpt>
      <trkpt lat="18.969497" lon="98.91597">
        <ele>333.952616</ele>
        <time>2025-11-18T15:13:10.225000Z</time>
      </trkpt>
      <trkpt lat="18.969276" lon="98.916096">
        <ele>333.636291</ele>
        <time>2025-11-18T15:13:15.108000Z</time>
      </trkpt>
      <trkpt lat="18.969166" lon="98.916222">
        <ele>333.43198</ele>
        <time>2025-11-18T15:13:18.142000Z</time>
      </trkpt>
      <trkpt lat="18.968845" lon="98.916544">
        <ele>332.874539</ele>
        <time>2025-11-18T15:13:26.209000Z</time>
      </trkpt>
      <trkpt lat="18.968698" lon="98.91678">
        <ele>332.537844</ele>
        <time>2025-11-18T15:13:31.147000Z</time>
      </trkpt>
      <trkpt lat="18.968629" lon="98.916839">
        <ele>332.426047</ele>
        <time>2025-11-18T15:13:32.801000Z</time>
      </trkpt>
      <trkpt lat="18.96798" lon="98.917153">
        <ele>332.071212</ele>
        <time>2025-11-18T15:13:47.480000Z</time>
      </trkpt>
      <trkpt lat="18.967706" lon="98.917258">
        <ele>332.312703</ele>
        <time>2025-11-18T15:13:54.931000Z</time>
      </trkpt>
      <trkpt lat="18.967475" lon="98.917258">
        <ele>332.504114</ele>
        <time>2025-11-18T15:14:01.272000Z</time>
      </trkpt>
      <trkpt lat="18.967257" lon="98.91722">
        <ele>332.68719</ele>
        <time>2025-11-18T15:14:07.586000Z</time>
      </trkpt>
      <trkpt lat="18.967112" lon="98.917236">
        <ele>332.807992</ele>
        <time>2025-11-18T15:14:11.837000Z</time>
      </trkpt>
      <trkpt lat="18.967023" lon="98.917301">
        <ele>332.89762</ele>
        <time>2025-11-18T15:14:15.027000Z</time>
      </trkpt>
      <trkpt lat="18.966927" lon="98.917427">
        <ele>333.024414</ele>
        <time>2025-11-18T15:14:19.591000Z</time>
      </trkpt>
      <trkpt lat="18.966656" lon="98.917992">
        <ele>333.393063</ele>
        <time>2025-11-18T15:14:37.471000Z</time>
      </trkpt>
      <trkpt lat="18.96624" lon="98.91862">
        <ele>333.555715</ele>
        <time>2025-11-18T15:14:57.073000Z</time>
      </trkpt>
      <trkpt lat="18.966042" lon="98.918846">
        <ele>333.621069</ele>
        <time>2025-11-18T15:15:03.798000Z</time>
      </trkpt>
      <trkpt lat="18.965811" lon="98.919015">
        <ele>333.684079</ele>
        <time>2025-11-18T15:15:09.689000Z</time>
      </trkpt>
      <trkpt lat="18.965144" lon="98.919122">
        <ele>333.154615</ele>
        <time>2025-11-18T15:15:22.820000Z</time>
      </trkpt>
      <trkpt lat="18.964852" lon="98.919092">
        <ele>332.7014</ele>
        <time>2025-11-18T15:15:28.298000Z</time>
      </trkpt>
      <trkpt lat="18.964505" lon="98.919017">
        <ele>332.15426</ele>
        <time>2025-11-18T15:15:34.866000Z</time>
      </trkpt>
      <trkpt lat="18.964249" lon="98.918904">
        <ele>331.725708</ele>
        <time>2025-11-18T15:15:40.032000Z</time>
      </trkpt>
      <trkpt lat="18.964023" lon="98.918695">
        <ele>331.261889</ele>
        <time>2025-11-18T15:15:45.666000Z</time>
      </trkpt>
      <trkpt lat="18.96385" lon="98.918607">
        <ele>330.972976</ele>
        <time>2025-11-18T15:15:49.321000Z</time>
      </trkpt>
      <trkpt lat="18.963749" lon="98.918526">
        <ele>331.067071</ele>
        <time>2025-11-18T15:15:51.783000Z</time>
      </trkpt>
      <trkpt lat="18.963439" lon="98.918408">
        <ele>331.311633</ele>
        <time>2025-11-18T15:15:58.451000Z</time>
      </trkpt>
      <trkpt lat="18.963282" lon="98.918392">
        <ele>331.428711</ele>
        <time>2025-11-18T15:16:01.814000Z</time>
      </trkpt>
      <trkpt lat="18.962749" lon="98.918403">
        <ele>331.824422</ele>
        <time>2025-11-18T15:16:14.997000Z</time>
      </trkpt>
      <trkpt lat="18.962625" lon="98.918364">
        <ele>331.92045</ele>
        <time>2025-11-18T15:16:19.124000Z</time>
      </trkpt>
      <trkpt lat="18.962568" lon="98.91832">
        <ele>331.972835</ele>
        <time>2025-11-18T15:16:21.632000Z</time>
      </trkpt>
      <trkpt lat="18.962369" lon="98.918172">
        <ele>332.153428</ele>
        <time>2025-11-18T15:16:30.620000Z</time>
      </trkpt>
      <trkpt lat="18.962181" lon="98.918159">
        <ele>332.293274</ele>
        <time>2025-11-18T15:16:37.387000Z</time>
      </trkpt>
      <trkpt lat="18.96176" lon="98.91806">
        <ele>333.381694</ele>
        <time>2025-11-18T15:16:51.844000Z</time>
      </trkpt>
      <trkpt lat="18.961469" lon="98.917914">
        <ele>334.217509</ele>
        <time>2025-11-18T15:17:02.997000Z</time>
      </trkpt>
      <trkpt lat="18.961409" lon="98.918091">
        <ele>334.678947</ele>
        <time>2025-11-18T15:17:09.413000Z</time>
      </trkpt>
      <trkpt lat="18.961154" lon="98.918433">
        <ele>335.747726</ele>
        <time>2025-11-18T15:17:24.809000Z</time>
      </trkpt>
      <trkpt lat="18.96094" lon="98.918597">
        <ele>336.433553</ele>
        <time>2025-11-18T15:17:34.148000Z</time>
      </trkpt>
      <trkpt lat="18.960345" lon="98.918859">
        <ele>337.046779</ele>
        <time>2025-11-18T15:17:50.624000Z</time>
      </trkpt>
      <trkpt lat="18.960003" lon="98.918879">
        <ele>337.104711</ele>
        <time>2025-11-18T15:17:59.225000Z</time>
      </trkpt>
      <trkpt lat="18.959348" lon="98.919066">
        <ele>337.219462</ele>
        <time>2025-11-18T15:18:14.567000Z</time>
      </trkpt>
      <trkpt lat="18.95863" lon="98.919321">
        <ele>336.73239</ele>
        <time>2025-11-18T15:18:30.059000Z</time>
      </trkpt>
      <trkpt lat="18.958465" lon="98.919396">
        <ele>336.497451</ele>
        <time>2025-11-18T15:18:33.521000Z</time>
      </trkpt>
      <trkpt lat="18.958383" lon="98.919437">
        <ele>336.378797</ele>
        <time>2025-11-18T15:18:35.265000Z</time>
      </trkpt>
      <trkpt lat="18.958201" lon="98.919612">
        <ele>336.056997</ele>
        <time>2025-11-18T15:18:40.014000Z</time>
      </trkpt>
      <trkpt lat="18.958143" lon="98.919394">
        <ele>335.776827</ele>
        <time>2025-11-18T15:18:44.181000Z</time>
      </trkpt>
      <trkpt lat="18.958037" lon="98.91935">
        <ele>335.627864</ele>
        <time>2025-11-18T15:18:46.378000Z</time>
      </trkpt>
      <trkpt lat="18.957748" lon="98.919058">
        <ele>335.104966</ele>
        <time>2025-11-18T15:18:54.265000Z</time>
      </trkpt>
      <trkpt lat="18.957682" lon="98.919001">
        <ele>334.99349</ele>
        <time>2025-11-18T15:18:55.986000Z</time>
      </trkpt>
      <trkpt lat="18.95727" lon="98.918905">
        <ele>334.358926</ele>
        <time>2025-11-18T15:19:03.822000Z</time>
      </trkpt>
      <trkpt lat="18.957099" lon="98.918861">
        <ele>334.08927</ele>
        <time>2025-11-18T15:19:06.957000Z</time>
      </trkpt>
      <trkpt lat="18.956837" lon="98.9188">
        <ele>333.678213</ele>
        <time>2025-11-18T15:19:11.784000Z</time>
      </trkpt>
      <trkpt lat="18.956721" lon="98.918797">
        <ele>333.500423</ele>
        <time>2025-11-18T15:19:13.913000Z</time>
      </trkpt>
      <trkpt lat="18.956576" lon="98.91883">
        <ele>333.273164</ele>
        <time>2025-11-18T15:19:16.703000Z</time>
      </trkpt>
      <trkpt lat="18.956506" lon="98.918846">
        <ele>333.163432</ele>
        <time>2025-11-18T15:19:18.048000Z</time>
      </trkpt>
      <trkpt lat="18.956422" lon="98.918861">
        <ele>333.032903</ele>
        <time>2025-11-18T15:19:19.709000Z</time>
      </trkpt>
      <trkpt lat="18.956213" lon="98.918926">
        <ele>332.699105</ele>
        <time>2025-11-18T15:19:23.940000Z</time>
      </trkpt>
      <trkpt lat="18.956084" lon="98.918859">
        <ele>332.47889</ele>
        <time>2025-11-18T15:19:26.803000Z</time>
      </trkpt>
      <trkpt lat="18.955816" lon="98.918571">
        <ele>332.203423</ele>
        <time>2025-11-18T15:19:34.897000Z</time>
      </trkpt>
      <trkpt lat="18.955519" lon="98.918588">
        <ele>332.26149</ele>
        <time>2025-11-18T15:19:41.460000Z</time>
      </trkpt>
      <trkpt lat="18.955399" lon="98.918564">
        <ele>332.285333</ele>
        <time>2025-11-18T15:19:44.297000Z</time>
      </trkpt>
      <trkpt lat="18.955057" lon="98.918305">
        <ele>332.367461</ele>
        <time>2025-11-18T15:19:54.647000Z</time>
      </trkpt>
      <trkpt lat="18.954844" lon="98.918192">
        <ele>332.413985</ele>
        <time>2025-11-18T15:20:00.741000Z</time>
      </trkpt>
      <trkpt lat="18.954727" lon="98.918144">
        <ele>332.438486</ele>
        <time>2025-11-18T15:20:04.055000Z</time>
      </trkpt>
      <trkpt lat="18.954486" lon="98.918464">
        <ele>332.514016</ele>
        <time>2025-11-18T15:20:14.321000Z</time>
      </trkpt>
      <trkpt lat="18.954236" lon="98.918724">
        <ele>332.69742</ele>
        <time>2025-11-18T15:20:23.504000Z</time>
      </trkpt>
      <trkpt lat="18.954144" lon="98.91882">
        <ele>332.768736</ele>
        <time>2025-11-18T15:20:26.841000Z</time>
      </trkpt>
      <trkpt lat="18.954026" lon="98.918883">
        <ele>332.84167</ele>
        <time>2025-11-18T15:20:30.185000Z</time>
      </trkpt>
      <trkpt lat="18.953867" lon="98.918888">
        <ele>332.929434</ele>
        <time>2025-11-18T15:20:34.135000Z</time>
      </trkpt>
      <trkpt lat="18.953711" lon="98.918834">
        <ele>333.02</ele>
        <time>2025-11-18T15:20:38.164000Z</time>
      </trkpt>
      <trkpt lat="18.953616" lon="98.918839">
        <ele>333.072479</ele>
        <time>2025-11-18T15:20:40.541000Z</time>
      </trkpt>
      <trkpt lat="18.953218" lon="98.918998">
        <ele>333.307221</ele>
        <time>2025-11-18T15:20:51.174000Z</time>
      </trkpt>
      <trkpt lat="18.952836" lon="98.919174">
        <ele>333.525933</ele>
        <time>2025-11-18T15:21:01.740000Z</time>
      </trkpt>
      <trkpt lat="18.952692" lon="98.919265">
        <ele>333.577422</ele>
        <time>2025-11-18T15:21:06.006000Z</time>
      </trkpt>
      <trkpt lat="18.952472" lon="98.919316">
        <ele>333.646548</ele>
        <time>2025-11-18T15:21:11.733000Z</time>
      </trkpt>
      <trkpt lat="18.951947" lon="98.919367">
        <ele>333.808361</ele>
        <time>2025-11-18T15:21:24.749000Z</time>
      </trkpt>
      <trkpt lat="18.951727" lon="98.919342">
        <ele>333.876272</ele>
        <time>2025-11-18T15:21:30.167000Z</time>
      </trkpt>
      <trkpt lat="18.951508" lon="98.919269">
        <ele>333.946749</ele>
        <time>2025-11-18T15:21:35.747000Z</time>
      </trkpt>
      <trkpt lat="18.950978" lon="98.919228">
        <ele>334.023203</ele>
        <time>2025-11-18T15:21:48.106000Z</time>
      </trkpt>
      <trkpt lat="18.950771" lon="98.919169">
        <ele>333.964809</ele>
        <time>2025-11-18T15:21:53.006000Z</time>
      </trkpt>
      <trkpt lat="18.950601" lon="98.919132">
        <ele>333.917534</ele>
        <time>2025-11-18T15:21:56.911000Z</time>
      </trkpt>
      <trkpt lat="18.950317" lon="98.919104">
        <ele>333.839844</ele>
        <time>2025-11-18T15:22:03.192000Z</time>
      </trkpt>
      <trkpt lat="18.950161" lon="98.919074">
        <ele>333.796656</ele>
        <time>2025-11-18T15:22:06.650000Z</time>
      </trkpt>
      <trkpt lat="18.949423" lon="98.918774">
        <ele>333.581298</ele>
        <time>2025-11-18T15:22:23.892000Z</time>
      </trkpt>
      <trkpt lat="18.948732" lon="98.918687">
        <ele>333.288704</ele>
        <time>2025-11-18T15:22:38.892000Z</time>
      </trkpt>
      <trkpt lat="18.948306" lon="98.918704">
        <ele>333.106944</ele>
        <time>2025-11-18T15:22:47.951000Z</time>
      </trkpt>
      <trkpt lat="18.947787" lon="98.918661">
        <ele>332.884983</ele>
        <time>2025-11-18T15:22:59.104000Z</time>
      </trkpt>
      <trkpt lat="18.947461" lon="98.918601">
        <ele>332.787088</ele>
        <time>2025-11-18T15:23:06.441000Z</time>
      </trkpt>
      <trkpt lat="18.947015" lon="98.918655">
        <ele>332.726357</ele>
        <time>2025-11-18T15:23:16.733000Z</time>
      </trkpt>
      <trkpt lat="18.946788" lon="98.918569">
        <ele>332.693735</ele>
        <time>2025-11-18T15:23:22.352000Z</time>
      </trkpt>
      <trkpt lat="18.946255" lon="98.918564">
        <ele>332.621625</ele>
        <time>2025-11-18T15:23:34.635000Z</time>
      </trkpt>
      <trkpt lat="18.946179" lon="98.91858">
        <ele>332.611142</ele>
        <time>2025-11-18T15:23:36.424000Z</time>
      </trkpt>
      <trkpt lat="18.946112" lon="98.918626">
        <ele>332.600334</ele>
        <time>2025-11-18T15:23:38.225000Z</time>
      </trkpt>
      <trkpt lat="18.945839" lon="98.918728">
        <ele>332.565629</ele>
        <time>2025-11-18T15:23:44.796000Z</time>
      </trkpt>
      <trkpt lat="18.945638" lon="98.918745">
        <ele>332.583996</ele>
        <time>2025-11-18T15:23:49.307000Z</time>
      </trkpt>
      <trkpt lat="18.945545" lon="98.918749">
        <ele>332.592474</ele>
        <time>2025-11-18T15:23:51.361000Z</time>
      </trkpt>
      <trkpt lat="18.945456" lon="98.918856">
        <ele>332.60475</ele>
        <time>2025-11-18T15:23:54.355000Z</time>
      </trkpt>
      <trkpt lat="18.945406" lon="98.91899">
        <ele>332.61716</ele>
        <time>2025-11-18T15:23:57.378000Z</time>
      </trkpt>
      <trkpt lat="18.945377" lon="98.919168">
        <ele>332.632721</ele>
        <time>2025-11-18T15:24:01.159000Z</time>
      </trkpt>
      <trkpt lat="18.945377" lon="98.919326">
        <ele>332.646333</ele>
        <time>2025-11-18T15:24:04.473000Z</time>
      </trkpt>
      <trkpt lat="18.945321" lon="98.919471">
        <ele>332.659827</ele>
        <time>2025-11-18T15:24:07.813000Z</time>
      </trkpt>
      <trkpt lat="18.945186" lon="98.919609">
        <ele>332.676931</ele>
        <time>2025-11-18T15:24:12.160000Z</time>
      </trkpt>
      <trkpt lat="18.944477" lon="98.92018">
        <ele>333.014119</ele>
        <time>2025-11-18T15:24:35.013000Z</time>
      </trkpt>
      <trkpt lat="18.94402" lon="98.920426">
        <ele>333.453564</ele>
        <time>2025-11-18T15:24:48.933000Z</time>
      </trkpt>
      <trkpt lat="18.943903" lon="98.91977">
        <ele>333.994622</ele>
        <time>2025-11-18T15:25:04.294000Z</time>
      </trkpt>
      <trkpt lat="18.943697" lon="98.919592">
        <ele>334.222601</ele>
        <time>2025-11-18T15:25:11.523000Z</time>
      </trkpt>
      <trkpt lat="18.94346" lon="98.919572">
        <ele>334.742815</ele>
        <time>2025-11-18T15:25:18.776000Z</time>
      </trkpt>
      <trkpt lat="18.943033" lon="98.919623">
        <ele>335.851482</ele>
        <time>2025-11-18T15:25:32.680000Z</time>
      </trkpt>
      <trkpt lat="18.943004" lon="98.919604">
        <ele>335.939503</ele>
        <time>2025-11-18T15:25:33.843000Z</time>
      </trkpt>
      <trkpt lat="18.942913" lon="98.919544">
        <ele>336.216197</ele>
        <time>2025-11-18T15:25:37.304000Z</time>
      </trkpt>
      <trkpt lat="18.942691" lon="98.919201">
        <ele>337.230418</ele>
        <time>2025-11-18T15:25:50.630000Z</time>
      </trkpt>
      <trkpt lat="18.942448" lon="98.918976">
        <ele>338.063799</ele>
        <time>2025-11-18T15:26:02.356000Z</time>
      </trkpt>
      <trkpt lat="18.942125" lon="98.918523">
        <ele>339.326161</ele>
        <time>2025-11-18T15:26:23.351000Z</time>
      </trkpt>
      <trkpt lat="18.942013" lon="98.918477">
        <ele>339.565954</ele>
        <time>2025-11-18T15:26:27.848000Z</time>
      </trkpt>
      <trkpt lat="18.941911" lon="98.918466">
        <ele>339.770572</ele>
        <time>2025-11-18T15:26:31.567000Z</time>
      </trkpt>
      <trkpt lat="18.939929" lon="98.918405">
        <ele>342.743666</ele>
        <time>2025-11-18T15:27:28.768000Z</time>
      </trkpt>
      <trkpt lat="18.939627" lon="98.918374">
        <ele>342.864236</ele>
        <time>2025-11-18T15:27:35.774000Z</time>
      </trkpt>
      <trkpt lat="18.93934" lon="98.918247">
        <ele>342.987868</ele>
        <time>2025-11-18T15:27:42.793000Z</time>
      </trkpt>
      <trkpt lat="18.938965" lon="98.918013">
        <ele>343.160901</ele>
        <time>2025-11-18T15:27:52.599000Z</time>
      </trkpt>
      <trkpt lat="18.9388" lon="98.917787">
        <ele>343.161018</ele>
        <time>2025-11-18T15:27:58.451000Z</time>
      </trkpt>
      <trkpt lat="18.93869" lon="98.917738">
        <ele>343.115109</ele>
        <time>2025-11-18T15:28:01.035000Z</time>
      </trkpt>
      <trkpt lat="18.938557" lon="98.917775">
        <ele>343.062214</ele>
        <time>2025-11-18T15:28:04.037000Z</time>
      </trkpt>
      <trkpt lat="18.93832" lon="98.917944">
        <ele>342.952266</ele>
        <time>2025-11-18T15:28:10.266000Z</time>
      </trkpt>
      <trkpt lat="18.938164" lon="98.91802">
        <ele>342.886203</ele>
        <time>2025-11-18T15:28:14.056000Z</time>
      </trkpt>
      <trkpt lat="18.937369" lon="98.919367">
        <ele>342.340951</ele>
        <time>2025-11-18T15:29:07.330000Z</time>
      </trkpt>
      <trkpt lat="18.937347" lon="98.919605">
        <ele>342.267146</ele>
        <time>2025-11-18T15:29:15.601000Z</time>
      </trkpt>
      <trkpt lat="18.937703" lon="98.920621">
        <ele>341.923371</ele>
        <time>2025-11-18T15:29:53.328000Z</time>
      </trkpt>
      <trkpt lat="18.93777" lon="98.921356">
        <ele>340.774339</ele>
        <time>2025-11-18T15:30:16.697000Z</time>
      </trkpt>
      <trkpt lat="18.936867" lon="98.921614">
        <ele>339.235477</ele>
        <time>2025-11-18T15:30:45.734000Z</time>
      </trkpt>
      <trkpt lat="18.936833" lon="98.922033">
        <ele>338.493512</ele>
        <time>2025-11-18T15:30:58Z</time>
      </trkpt>
      <trkpt lat="18.936174" lon="98.922623">
        <ele>336.757883</ele>
        <time>2025-11-18T15:31:25.325000Z</time>
      </trkpt>
      <trkpt lat="18.93599" lon="98.922939">
        <ele>336.052431</ele>
        <time>2025-11-18T15:31:36.582000Z</time>
      </trkpt>
      <trkpt lat="18.935482" lon="98.923501">
        <ele>334.616722</ele>
        <time>2025-11-18T15:31:59.630000Z</time>
      </trkpt>
      <trkpt lat="18.935473" lon="98.924172">
        <ele>333.409292</ele>
        <time>2025-11-18T15:32:19.315000Z</time>
      </trkpt>
      <trkpt lat="18.935092" lon="98.924338">
        <ele>332.625418</ele>
        <time>2025-11-18T15:32:32.283000Z</time>
      </trkpt>
      <trkpt lat="18.934766" lon="98.924555">
        <ele>331.930983</ele>
        <time>2025-11-18T15:32:44.718000Z</time>
      </trkpt>
      <trkpt lat="18.935136" lon="98.92514">
        <ele>331.698863</ele>
        <time>2025-11-18T15:33:07.493000Z</time>
      </trkpt>
      <trkpt lat="18.935097" lon="98.9253">
        <ele>331.644364</ele>
        <time>2025-11-18T15:33:10.942000Z</time>
      </trkpt>
      <trkpt lat="18.935068" lon="98.925336">
        <ele>331.628767</ele>
        <time>2025-11-18T15:33:11.945000Z</time>
      </trkpt>
      <trkpt lat="18.934891" lon="98.925473">
        <ele>331.552272</ele>
        <time>2025-11-18T15:33:17.039000Z</time>
      </trkpt>
      <trkpt lat="18.934727" lon="98.925674">
        <ele>331.464716</ele>
        <time>2025-11-18T15:33:23.151000Z</time>
      </trkpt>
      <trkpt lat="18.934153" lon="98.925925">
        <ele>331.130958</ele>
        <time>2025-11-18T15:33:38.825000Z</time>
      </trkpt>
      <trkpt lat="18.934076" lon="98.926105">
        <ele>330.947034</ele>
        <time>2025-11-18T15:33:43.189000Z</time>
      </trkpt>
      <trkpt lat="18.934062" lon="98.926232">
        <ele>330.827995</ele>
        <time>2025-11-18T15:33:45.840000Z</time>
      </trkpt>
      <trkpt lat="18.934046" lon="98.926385">
        <ele>330.684682</ele>
        <time>2025-11-18T15:33:48.954000Z</time>
      </trkpt>
      <trkpt lat="18.933996" lon="98.926569">
        <ele>330.506446</ele>
        <time>2025-11-18T15:33:52.666000Z</time>
      </trkpt>
      <trkpt lat="18.933858" lon="98.92686">
        <ele>330.203378</ele>
        <time>2025-11-18T15:33:58.683000Z</time>
      </trkpt>
      <trkpt lat="18.933699" lon="98.927123">
        <ele>329.91278</ele>
        <time>2025-11-18T15:34:04.308000Z</time>
      </trkpt>
      <trkpt lat="18.933405" lon="98.927785">
        <ele>329.164112</ele>
        <time>2025-11-18T15:34:16.939000Z</time>
      </trkpt>
      <trkpt lat="18.933344" lon="98.928072">
        <ele>328.830392</ele>
        <time>2025-11-18T15:34:21.911000Z</time>
      </trkpt>
      <trkpt lat="18.933303" lon="98.928484">
        <ele>328.360399</ele>
        <time>2025-11-18T15:34:29.250000Z</time>
      </trkpt>
      <trkpt lat="18.933328" lon="98.928704">
        <ele>328.109014</ele>
        <time>2025-11-18T15:34:33.365000Z</time>
      </trkpt>
      <trkpt lat="18.93338" lon="98.928978">
        <ele>327.791967</ele>
        <time>2025-11-18T15:34:38.596000Z</time>
      </trkpt>
      <trkpt lat="18.933328" lon="98.929156">
        <ele>327.580614</ele>
        <time>2025-11-18T15:34:42.213000Z</time>
      </trkpt>
      <trkpt lat="18.932773" lon="98.929319">
        <ele>327.501977</ele>
        <time>2025-11-18T15:34:54.125000Z</time>
      </trkpt>
      <trkpt lat="18.932554" lon="98.929323">
        <ele>327.564185</ele>
        <time>2025-11-18T15:34:58.842000Z</time>
      </trkpt>
      <trkpt lat="18.931644" lon="98.929281">
        <ele>327.822879</ele>
        <time>2025-11-18T15:35:20.332000Z</time>
      </trkpt>
      <trkpt lat="18.930658" lon="98.929236">
        <ele>328.936627</ele>
        <time>2025-11-18T15:35:48.012000Z</time>
      </trkpt>
      <trkpt lat="18.930533" lon="98.929267">
        <ele>329.119501</ele>
        <time>2025-11-18T15:35:51.877000Z</time>
      </trkpt>
      <trkpt lat="18.930256" lon="98.929488">
        <ele>329.613784</ele>
        <time>2025-11-18T15:36:02.298000Z</time>
      </trkpt>
      <trkpt lat="18.930096" lon="98.92949">
        <ele>329.841692</ele>
        <time>2025-11-18T15:36:06.928000Z</time>
      </trkpt>
      <trkpt lat="18.930036" lon="98.929508">
        <ele>329.930526</ele>
        <time>2025-11-18T15:36:08.709000Z</time>
      </trkpt>
      <trkpt lat="18.929895" lon="98.929634">
        <ele>330.193491</ele>
        <time>2025-11-18T15:36:13.814000Z</time>
      </trkpt>
      <trkpt lat="18.92959" lon="98.930135">
        <ele>330.764511</ele>
        <time>2025-11-18T15:36:28.424000Z</time>
      </trkpt>
      <trkpt lat="18.929401" lon="98.930468">
        <ele>331.062722</ele>
        <time>2025-11-18T15:36:37.953000Z</time>
      </trkpt>
      <trkpt lat="18.929053" lon="98.930849">
        <ele>331.469427</ele>
        <time>2025-11-18T15:36:50.677000Z</time>
      </trkpt>
      <trkpt lat="18.92813" lon="98.931255">
        <ele>332.228918</ele>
        <time>2025-11-18T15:37:15.034000Z</time>
      </trkpt>
      <trkpt lat="18.927917" lon="98.9314">
        <ele>332.405107</ele>
        <time>2025-11-18T15:37:21.386000Z</time>
      </trkpt>
      <trkpt lat="18.92771" lon="98.931542">
        <ele>332.576721</ele>
        <time>2025-11-18T15:37:27.646000Z</time>
      </trkpt>
      <trkpt lat="18.927268" lon="98.932">
        <ele>333.007155</ele>
        <time>2025-11-18T15:37:43.451000Z</time>
      </trkpt>
      <trkpt lat="18.927064" lon="98.932094">
        <ele>333.16192</ele>
        <time>2025-11-18T15:37:49.142000Z</time>
      </trkpt>
      <trkpt lat="18.926801" lon="98.932125">
        <ele>333.274066</ele>
        <time>2025-11-18T15:37:55.845000Z</time>
      </trkpt>
      <trkpt lat="18.926137" lon="98.932021">
        <ele>333.551785</ele>
        <time>2025-11-18T15:38:12.270000Z</time>
      </trkpt>
      <trkpt lat="18.925886" lon="98.932039">
        <ele>333.655871</ele>
        <time>2025-11-18T15:38:18.132000Z</time>
      </trkpt>
      <trkpt lat="18.925598" lon="98.932119">
        <ele>333.779072</ele>
        <time>2025-11-18T15:38:24.901000Z</time>
      </trkpt>
      <trkpt lat="18.925249" lon="98.932288">
        <ele>333.934837</ele>
        <time>2025-11-18T15:38:33.490000Z</time>
      </trkpt>
      <trkpt lat="18.924942" lon="98.932552">
        <ele>334.078747</ele>
        <time>2025-11-18T15:38:42.383000Z</time>
      </trkpt>
      <trkpt lat="18.924855" lon="98.93264">
        <ele>334.122533</ele>
        <time>2025-11-18T15:38:45.119000Z</time>
      </trkpt>
      <trkpt lat="18.924609" lon="98.93289">
        <ele>334.246622</ele>
        <time>2025-11-18T15:38:53.007000Z</time>
      </trkpt>
      <trkpt lat="18.923968" lon="98.93354">
        <ele>334.570457</ele>
        <time>2025-11-18T15:39:14.903000Z</time>
      </trkpt>
      <trkpt lat="18.923707" lon="98.934022">
        <ele>334.816599</ele>
        <time>2025-11-18T15:39:27.933000Z</time>
      </trkpt>
      <trkpt lat="18.923565" lon="98.934479">
        <ele>335.029784</ele>
        <time>2025-11-18T15:39:38.667000Z</time>
      </trkpt>
      <trkpt lat="18.923425" lon="98.935086">
        <ele>335.306682</ele>
        <time>2025-11-18T15:39:52.330000Z</time>
      </trkpt>
      <trkpt lat="18.923281" lon="98.935457">
        <ele>335.495001</ele>
        <time>2025-11-18T15:40:01.506000Z</time>
      </trkpt>
      <trkpt lat="18.922975" lon="98.935879">
        <ele>335.763931</ele>
        <time>2025-11-18T15:40:14.445000Z</time>
      </trkpt>
      <trkpt lat="18.922864" lon="98.935983">
        <ele>335.843234</ele>
        <time>2025-11-18T15:40:18.431000Z</time>
      </trkpt>
      <trkpt lat="18.922344" lon="98.936579">
        <ele>336.253317</ele>
        <time>2025-11-18T15:40:38.330000Z</time>
      </trkpt>
      <trkpt lat="18.922113" lon="98.936839">
        <ele>336.15353</ele>
        <time>2025-11-18T15:40:45.967000Z</time>
      </trkpt>
      <trkpt lat="18.921818" lon="98.937257">
        <ele>335.237431</ele>
        <time>2025-11-18T15:40:55.404000Z</time>
      </trkpt>
      <trkpt lat="18.921309" lon="98.938203">
        <ele>333.325663</ele>
        <time>2025-11-18T15:41:12.671000Z</time>
      </trkpt>
      <trkpt lat="18.920919" lon="98.938886">
        <ele>332.325673</ele>
        <time>2025-11-18T15:41:25.993000Z</time>
      </trkpt>
      <trkpt lat="18.920527" lon="98.93969">
        <ele>331.313047</ele>
        <time>2025-11-18T15:41:43.128000Z</time>
      </trkpt>
      <trkpt lat="18.920312" lon="98.939984">
        <ele>330.908517</ele>
        <time>2025-11-18T15:41:51.634000Z</time>
      </trkpt>
      <trkpt lat="18.919878" lon="98.940387">
        <ele>331.682868</ele>
        <time>2025-11-18T15:42:07.512000Z</time>
      </trkpt>
      <trkpt lat="18.919686" lon="98.940496">
        <ele>331.97501</ele>
        <time>2025-11-18T15:42:14.027000Z</time>
      </trkpt>
      <trkpt lat="18.91945" lon="98.940612">
        <ele>332.323894</ele>
        <time>2025-11-18T15:42:21.976000Z</time>
      </trkpt>
      <trkpt lat="18.919205" lon="98.940697">
        <ele>332.669551</ele>
        <time>2025-11-18T15:42:29.944000Z</time>
      </trkpt>
      <trkpt lat="18.918994" lon="98.940771">
        <ele>332.967556</ele>
        <time>2025-11-18T15:42:36.744000Z</time>
      </trkpt>
      <trkpt lat="18.918932" lon="98.940775">
        <ele>333.050822</ele>
        <time>2025-11-18T15:42:38.638000Z</time>
      </trkpt>
      <trkpt lat="18.91859" lon="98.940767">
        <ele>333.474433</ele>
        <time>2025-11-18T15:42:48.787000Z</time>
      </trkpt>
      <trkpt lat="18.917986" lon="98.940686">
        <ele>334.144965</ele>
        <time>2025-11-18T15:43:05.670000Z</time>
      </trkpt>
      <trkpt lat="18.917115" lon="98.940503">
        <ele>335.122983</ele>
        <time>2025-11-18T15:43:29.130000Z</time>
      </trkpt>
      <trkpt lat="18.915542" lon="98.940346">
        <ele>336.84154</ele>
        <time>2025-11-18T15:44:12.820000Z</time>
      </trkpt>
      <trkpt lat="18.915322" lon="98.940358">
        <ele>337.080823</ele>
        <time>2025-11-18T15:44:19.144000Z</time>
      </trkpt>
      <trkpt lat="18.915146" lon="98.940396">
        <ele>337.261941</ele>
        <time>2025-11-18T15:44:24.192000Z</time>
      </trkpt>
      <trkpt lat="18.914277" lon="98.940652">
        <ele>337.749367</ele>
        <time>2025-11-18T15:44:47.947000Z</time>
      </trkpt>
      <trkpt lat="18.914301" lon="98.940759">
        <ele>337.805576</ele>
        <time>2025-11-18T15:44:50.433000Z</time>
      </trkpt>
      <trkpt lat="18.914386" lon="98.941096">
        <ele>337.983847</ele>
        <time>2025-11-18T15:44:58.178000Z</time>
      </trkpt>
      <trkpt lat="18.914417" lon="98.941219">
        <ele>338.048911</ele>
        <time>2025-11-18T15:45:01.059000Z</time>
      </trkpt>
      <trkpt lat="18.912099" lon="98.941852">
        <ele>337.906101</ele>
        <time>2025-11-18T15:45:53.847000Z</time>
      </trkpt>
      <trkpt lat="18.911716" lon="98.941936">
        <ele>337.640355</ele>
        <time>2025-11-18T15:46:01.923000Z</time>
      </trkpt>
      <trkpt lat="18.911043" lon="98.94196">
        <ele>337.182868</ele>
        <time>2025-11-18T15:46:15.200000Z</time>
      </trkpt>
      <trkpt lat="18.910166" lon="98.941959">
        <ele>336.553395</ele>
        <time>2025-11-18T15:46:31.928000Z</time>
      </trkpt>
      <trkpt lat="18.909903" lon="98.941978">
        <ele>336.353272</ele>
        <time>2025-11-18T15:46:36.963000Z</time>
      </trkpt>
      <trkpt lat="18.908838" lon="98.942075">
        <ele>335.541775</ele>
        <time>2025-11-18T15:46:58.453000Z</time>
      </trkpt>
      <trkpt lat="18.908349" lon="98.942092">
        <ele>335.223028</ele>
        <time>2025-11-18T15:47:09.021000Z</time>
      </trkpt>
      <trkpt lat="18.907892" lon="98.942032">
        <ele>334.927939</ele>
        <time>2025-11-18T15:47:18.801000Z</time>
      </trkpt>
      <trkpt lat="18.907737" lon="98.941992">
        <ele>334.825701</ele>
        <time>2025-11-18T15:47:21.959000Z</time>
      </trkpt>
      <trkpt lat="18.90746" lon="98.941885">
        <ele>334.636723</ele>
        <time>2025-11-18T15:47:27.733000Z</time>
      </trkpt>
      <trkpt lat="18.907128" lon="98.941652">
        <ele>334.381362</ele>
        <time>2025-11-18T15:47:35.531000Z</time>
      </trkpt>
      <trkpt lat="18.90694" lon="98.941422">
        <ele>334.04104</ele>
        <time>2025-11-18T15:47:40.937000Z</time>
      </trkpt>
      <trkpt lat="18.906826" lon="98.941215">
        <ele>333.752933</ele>
        <time>2025-11-18T15:47:45.117000Z</time>
      </trkpt>
      <trkpt lat="18.906762" lon="98.941042">
        <ele>333.529495</ele>
        <time>2025-11-18T15:47:48.365000Z</time>
      </trkpt>
      <trkpt lat="18.90651" lon="98.940329">
        <ele>332.613963</ele>
        <time>2025-11-18T15:48:01.658000Z</time>
      </trkpt>
      <trkpt lat="18.9063" lon="98.940417">
        <ele>332.326741</ele>
        <time>2025-11-18T15:48:06.104000Z</time>
      </trkpt>
      <trkpt lat="18.906056" lon="98.940524">
        <ele>332.013598</ele>
        <time>2025-11-18T15:48:11.474000Z</time>
      </trkpt>
      <trkpt lat="18.905901" lon="98.940622">
        <ele>331.850959</ele>
        <time>2025-11-18T15:48:14.969000Z</time>
      </trkpt>
      <trkpt lat="18.905424" lon="98.941251">
        <ele>331.1642</ele>
        <time>2025-11-18T15:48:29.865000Z</time>
      </trkpt>
      <trkpt lat="18.905156" lon="98.94165">
        <ele>330.747329</ele>
        <time>2025-11-18T15:48:39.422000Z</time>
      </trkpt>
      <trkpt lat="18.905006" lon="98.941966">
        <ele>330.449822</ele>
        <time>2025-11-18T15:48:46.588000Z</time>
      </trkpt>
      <trkpt lat="18.904906" lon="98.942251">
        <ele>330.51163</ele>
        <time>2025-11-18T15:48:52.944000Z</time>
      </trkpt>
      <trkpt lat="18.904607" lon="98.943316">
        <ele>330.737517</ele>
        <time>2025-11-18T15:49:19.290000Z</time>
      </trkpt>
      <trkpt lat="18.90451" lon="98.943679">
        <ele>330.814216</ele>
        <time>2025-11-18T15:49:28.191000Z</time>
      </trkpt>
      <trkpt lat="18.904432" lon="98.943975">
        <ele>330.821493</ele>
        <time>2025-11-18T15:49:35.261000Z</time>
      </trkpt>
      <trkpt lat="18.904442" lon="98.94416">
        <ele>330.808442</ele>
        <time>2025-11-18T15:49:39.427000Z</time>
      </trkpt>
      <trkpt lat="18.904404" lon="98.944464">
        <ele>330.786846</ele>
        <time>2025-11-18T15:49:46.153000Z</time>
      </trkpt>
      <trkpt lat="18.90417" lon="98.945322">
        <ele>330.723958</ele>
        <time>2025-11-18T15:50:05.150000Z</time>
      </trkpt>
      <trkpt lat="18.903487" lon="98.947262">
        <ele>330.087486</ele>
        <time>2025-11-18T15:50:48.436000Z</time>
      </trkpt>
      <trkpt lat="18.903453" lon="98.947423">
        <ele>330.008972</ele>
        <time>2025-11-18T15:50:51.800000Z</time>
      </trkpt>
      <trkpt lat="18.903419" lon="98.947781">
        <ele>329.491278</ele>
        <time>2025-11-18T15:50:59.034000Z</time>
      </trkpt>
      <trkpt lat="18.903325" lon="98.948868">
        <ele>327.920737</ele>
        <time>2025-11-18T15:51:18.701000Z</time>
      </trkpt>
      <trkpt lat="18.903254" lon="98.949382">
        <ele>327.132435</ele>
        <time>2025-11-18T15:51:27.557000Z</time>
      </trkpt>
      <trkpt lat="18.903265" lon="98.949572">
        <ele>326.770765</ele>
        <time>2025-11-18T15:51:30.758000Z</time>
      </trkpt>
      <trkpt lat="18.903297" lon="98.949676">
        <ele>326.56298</ele>
        <time>2025-11-18T15:51:32.493000Z</time>
      </trkpt>
      <trkpt lat="18.902488" lon="98.949952">
        <ele>324.855748</ele>
        <time>2025-11-18T15:51:47.037000Z</time>
      </trkpt>
      <trkpt lat="18.902207" lon="98.950046">
        <ele>324.263833</ele>
        <time>2025-11-18T15:51:52.424000Z</time>
      </trkpt>
      <trkpt lat="18.901909" lon="98.950147">
        <ele>323.665331</ele>
        <time>2025-11-18T15:51:58.219000Z</time>
      </trkpt>
      <trkpt lat="18.900993" lon="98.950455">
        <ele>322.818762</ele>
        <time>2025-11-18T15:52:16.874000Z</time>
      </trkpt>
      <trkpt lat="18.900334" lon="98.950676">
        <ele>322.20986</ele>
        <time>2025-11-18T15:52:30.778000Z</time>
      </trkpt>
      <trkpt lat="18.898915" lon="98.951148">
        <ele>321.586748</ele>
        <time>2025-11-18T15:53:00.746000Z</time>
      </trkpt>
      <trkpt lat="18.898461" lon="98.9513">
        <ele>321.456035</ele>
        <time>2025-11-18T15:53:11.375000Z</time>
      </trkpt>
      <trkpt lat="18.897721" lon="98.951546">
        <ele>322.002882</ele>
        <time>2025-11-18T15:53:31.443000Z</time>
      </trkpt>
      <trkpt lat="18.896502" lon="98.951932">
        <ele>323.029062</ele>
        <time>2025-11-18T15:54:04.113000Z</time>
      </trkpt>
      <trkpt lat="18.896124" lon="98.952049">
        <ele>323.478911</ele>
        <time>2025-11-18T15:54:13.274000Z</time>
      </trkpt>
      <trkpt lat="18.89554" lon="98.952238">
        <ele>324.176469</ele>
        <time>2025-11-18T15:54:29.007000Z</time>
      </trkpt>
      <trkpt lat="18.894548" lon="98.952554">
        <ele>325.580382</ele>
        <time>2025-11-18T15:55:00.505000Z</time>
      </trkpt>
      <trkpt lat="18.893376" lon="98.952928">
        <ele>327.481139</ele>
        <time>2025-11-18T15:55:36.352000Z</time>
      </trkpt>
      <trkpt lat="18.892777" lon="98.953171">
        <ele>327.651216</ele>
        <time>2025-11-18T15:55:50.520000Z</time>
      </trkpt>
      <trkpt lat="18.892751" lon="98.953182">
        <ele>327.656435</ele>
        <time>2025-11-18T15:55:51.133000Z</time>
      </trkpt>
      <trkpt lat="18.892218" lon="98.953409">
        <ele>327.763539</ele>
        <time>2025-11-18T15:56:03.224000Z</time>
      </trkpt>
      <trkpt lat="18.891795" lon="98.953595">
        <ele>327.848929</ele>
        <time>2025-11-18T15:56:14.034000Z</time>
      </trkpt>
      <trkpt lat="18.890672" lon="98.9541">
        <ele>327.933334</ele>
        <time>2025-11-18T15:56:41.689000Z</time>
      </trkpt>
      <trkpt lat="18.89028" lon="98.95428">
        <ele>327.956755</ele>
        <time>2025-11-18T15:56:51.132000Z</time>
      </trkpt>
      <trkpt lat="18.888945" lon="98.954872">
        <ele>328.199317</ele>
        <time>2025-11-18T15:57:23.094000Z</time>
      </trkpt>
      <trkpt lat="18.888305" lon="98.955156">
        <ele>328.329742</ele>
        <time>2025-11-18T15:57:40.565000Z</time>
      </trkpt>
      <trkpt lat="18.888011" lon="98.955326">
        <ele>328.366967</ele>
        <time>2025-11-18T15:57:48.607000Z</time>
      </trkpt>
      <trkpt lat="18.887705" lon="98.955538">
        <ele>328.407609</ele>
        <time>2025-11-18T15:57:57.113000Z</time>
      </trkpt>
      <trkpt lat="18.886215" lon="98.95658">
        <ele>328.318569</ele>
        <time>2025-11-18T15:58:35.953000Z</time>
      </trkpt>
      <trkpt lat="18.885798" lon="98.956886">
        <ele>328.17989</ele>
        <time>2025-11-18T15:58:46.254000Z</time>
      </trkpt>
      <trkpt lat="18.885641" lon="98.956991">
        <ele>328.129136</ele>
        <time>2025-11-18T15:58:50.163000Z</time>
      </trkpt>
      <trkpt lat="18.885178" lon="98.957302">
        <ele>327.944531</ele>
        <time>2025-11-18T15:59:02.159000Z</time>
      </trkpt>
      <trkpt lat="18.884174" lon="98.958005">
        <ele>327.397152</ele>
        <time>2025-11-18T15:59:27.794000Z</time>
      </trkpt>
      <trkpt lat="18.883072" lon="98.958757">
        <ele>326.265128</ele>
        <time>2025-11-18T15:59:52.890000Z</time>
      </trkpt>
      <trkpt lat="18.881406" lon="98.959805">
        <ele>324.425543</ele>
        <time>2025-11-18T16:00:30.025000Z</time>
      </trkpt>
      <trkpt lat="18.880721" lon="98.960236">
        <ele>323.787422</ele>
        <time>2025-11-18T16:00:45.933000Z</time>
      </trkpt>
      <trkpt lat="18.880293" lon="98.960487">
        <ele>323.916298</ele>
        <time>2025-11-18T16:00:56.423000Z</time>
      </trkpt>
      <trkpt lat="18.87928" lon="98.961083">
        <ele>324.221558</ele>
        <time>2025-11-18T16:01:24.421000Z</time>
      </trkpt>
      <trkpt lat="18.877832" lon="98.961867">
        <ele>325.230171</ele>
        <time>2025-11-18T16:02:06.393000Z</time>
      </trkpt>
      <trkpt lat="18.87745" lon="98.962003">
        <ele>325.375598</ele>
        <time>2025-11-18T16:02:15.262000Z</time>
      </trkpt>
      <trkpt lat="18.876541" lon="98.962252">
        <ele>325.152087</ele>
        <time>2025-11-18T16:02:36.062000Z</time>
      </trkpt>
      <trkpt lat="18.876066" lon="98.962376">
        <ele>325.035629</ele>
        <time>2025-11-18T16:02:45.732000Z</time>
      </trkpt>
      <trkpt lat="18.875986" lon="98.962396">
        <ele>325.016062</ele>
        <time>2025-11-18T16:02:47.371000Z</time>
      </trkpt>
      <trkpt lat="18.875725" lon="98.962462">
        <ele>324.88755</ele>
        <time>2025-11-18T16:02:52.798000Z</time>
      </trkpt>
      <trkpt lat="18.875297" lon="98.962548">
        <ele>324.526972</ele>
        <time>2025-11-18T16:03:01.755000Z</time>
      </trkpt>
      <trkpt lat="18.874211" lon="98.962789">
        <ele>323.608546</ele>
        <time>2025-11-18T16:03:22.992000Z</time>
      </trkpt>
      <trkpt lat="18.873072" lon="98.963037">
        <ele>322.930376</ele>
        <time>2025-11-18T16:03:46.558000Z</time>
      </trkpt>
      <trkpt lat="18.872509" lon="98.96314">
        <ele>322.616864</ele>
        <time>2025-11-18T16:03:58.515000Z</time>
      </trkpt>
      <trkpt lat="18.872342" lon="98.963174">
        <ele>322.523547</ele>
        <time>2025-11-18T16:04:01.983000Z</time>
      </trkpt>
      <trkpt lat="18.872114" lon="98.963221">
        <ele>322.466734</ele>
        <time>2025-11-18T16:04:06.825000Z</time>
      </trkpt>
      <trkpt lat="18.871851" lon="98.963272">
        <ele>322.417218</ele>
        <time>2025-11-18T16:04:12.568000Z</time>
      </trkpt>
      <trkpt lat="18.871351" lon="98.963345">
        <ele>322.323747</ele>
        <time>2025-11-18T16:04:23.295000Z</time>
      </trkpt>
      <trkpt lat="18.871185" lon="98.963417">
        <ele>322.290518</ele>
        <time>2025-11-18T16:04:27.119000Z</time>
      </trkpt>
      <trkpt lat="18.870341" lon="98.963604">
        <ele>322.194592</ele>
        <time>2025-11-18T16:04:46.174000Z</time>
      </trkpt>
      <trkpt lat="18.869703" lon="98.963751">
        <ele>322.272298</ele>
        <time>2025-11-18T16:05:01.926000Z</time>
      </trkpt>
      <trkpt lat="18.869268" lon="98.963842">
        <ele>322.325068</ele>
        <time>2025-11-18T16:05:12.033000Z</time>
      </trkpt>
      <trkpt lat="18.868428" lon="98.964019">
        <ele>322.123605</ele>
        <time>2025-11-18T16:05:31.080000Z</time>
      </trkpt>
      <trkpt lat="18.867913" lon="98.964134">
        <ele>321.747459</ele>
        <time>2025-11-18T16:05:41.026000Z</time>
      </trkpt>
      <trkpt lat="18.867745" lon="98.964171">
        <ele>321.624826</ele>
        <time>2025-11-18T16:05:44.288000Z</time>
      </trkpt>
      <trkpt lat="18.867213" lon="98.96428">
        <ele>321.237578</ele>
        <time>2025-11-18T16:05:54.903000Z</time>
      </trkpt>
      <trkpt lat="18.867177" lon="98.964289">
        <ele>321.211143</ele>
        <time>2025-11-18T16:05:55.652000Z</time>
      </trkpt>
      <trkpt lat="18.867088" lon="98.964311">
        <ele>321.145826</ele>
        <time>2025-11-18T16:05:57.451000Z</time>
      </trkpt>
      <trkpt lat="18.86695" lon="98.964341">
        <ele>321.109343</ele>
        <time>2025-11-18T16:06:00.252000Z</time>
      </trkpt>
      <trkpt lat="18.866951" lon="98.9641">
        <ele>321.142938</ele>
        <time>2025-11-18T16:06:04.817000Z</time>
      </trkpt>
      <trkpt lat="18.866951" lon="98.963993">
        <ele>321.157854</ele>
        <time>2025-11-18T16:06:06.842000Z</time>
      </trkpt>
      <trkpt lat="18.866951" lon="98.963949">
        <ele>321.163987</ele>
        <time>2025-11-18T16:06:07.700000Z</time>
      </trkpt>
      <trkpt lat="18.866954" lon="98.96326">
        <ele>321.260032</ele>
        <time>2025-11-18T16:06:22.544000Z</time>
      </trkpt>
      <trkpt lat="18.866955" lon="98.963036">
        <ele>321.291258</ele>
        <time>2025-11-18T16:06:27.837000Z</time>
      </trkpt>
      <trkpt lat="18.866958" lon="98.962513">
        <ele>321.36798</ele>
        <time>2025-11-18T16:06:40.323000Z</time>
      </trkpt>
      <trkpt lat="18.867011" lon="98.961051">
        <ele>322.508089</ele>
        <time>2025-11-18T16:07:16.240000Z</time>
      </trkpt>
      <trkpt lat="18.867003" lon="98.960794">
        <ele>322.708467</ele>
        <time>2025-11-18T16:07:22.410000Z</time>
      </trkpt>
      <trkpt lat="18.866932" lon="98.960398">
        <ele>322.959107</ele>
        <time>2025-11-18T16:07:31.870000Z</time>
      </trkpt>
      <trkpt lat="18.866869" lon="98.960213">
        <ele>323.057726</ele>
        <time>2025-11-18T16:07:36.401000Z</time>
      </trkpt>
      <trkpt lat="18.866743" lon="98.959969">
        <ele>323.19715</ele>
        <time>2025-11-18T16:07:42.709000Z</time>
      </trkpt>
      <trkpt lat="18.866551" lon="98.959707">
        <ele>323.363365</ele>
        <time>2025-11-18T16:07:50.217000Z</time>
      </trkpt>
      <trkpt lat="18.866322" lon="98.959485">
        <ele>323.528087</ele>
        <time>2025-11-18T16:07:57.767000Z</time>
      </trkpt>
      <trkpt lat="18.866025" lon="98.959287">
        <ele>323.714224</ele>
        <time>2025-11-18T16:08:06.326000Z</time>
      </trkpt>
      <trkpt lat="18.86571" lon="98.959168">
        <ele>323.893961</ele>
        <time>2025-11-18T16:08:14.460000Z</time>
      </trkpt>
      <trkpt lat="18.86548" lon="98.959141">
        <ele>324.019794</ele>
        <time>2025-11-18T16:08:20.072000Z</time>
      </trkpt>
      <trkpt lat="18.865187" lon="98.959132">
        <ele>324.179183</ele>
        <time>2025-11-18T16:08:27.104000Z</time>
      </trkpt>
      <trkpt lat="18.864874" lon="98.959204">
        <ele>324.353365</ele>
        <time>2025-11-18T16:08:34.863000Z</time>
      </trkpt>
      <trkpt lat="18.864134" lon="98.959497">
        <ele>324.786839</ele>
        <time>2025-11-18T16:08:54.134000Z</time>
      </trkpt>
      <trkpt lat="18.861597" lon="98.960549">
        <ele>327.481525</ele>
        <time>2025-11-18T16:10:04.243000Z</time>
      </trkpt>
      <trkpt lat="18.860734" lon="98.960886">
        <ele>328.65071</ele>
        <time>2025-11-18T16:10:31.275000Z</time>
      </trkpt>
      <trkpt lat="18.860463" lon="98.960988">
        <ele>328.952542</ele>
        <time>2025-11-18T16:10:39.663000Z</time>
      </trkpt>
      <trkpt lat="18.860163" lon="98.961105">
        <ele>329.288056</ele>
        <time>2025-11-18T16:10:48.866000Z</time>
      </trkpt>
      <trkpt lat="18.857957" lon="98.961956">
        <ele>330.635232</ele>
        <time>2025-11-18T16:11:46.725000Z</time>
      </trkpt>
      <trkpt lat="18.857486" lon="98.962138">
        <ele>330.701734</ele>
        <time>2025-11-18T16:11:56.956000Z</time>
      </trkpt>
      <trkpt lat="18.856726" lon="98.962431">
        <ele>330.105627</ele>
        <time>2025-11-18T16:12:12.602000Z</time>
      </trkpt>
      <trkpt lat="18.856585" lon="98.962467">
        <ele>329.985141</ele>
        <time>2025-11-18T16:12:15.381000Z</time>
      </trkpt>
      <trkpt lat="18.856276" lon="98.962493">
        <ele>329.72767</ele>
        <time>2025-11-18T16:12:21.265000Z</time>
      </trkpt>
      <trkpt lat="18.8558" lon="98.962447">
        <ele>329.33065</ele>
        <time>2025-11-18T16:12:30.590000Z</time>
      </trkpt>
      <trkpt lat="18.85408" lon="98.96227">
        <ele>328.681517</ele>
        <time>2025-11-18T16:13:06.645000Z</time>
      </trkpt>
      <trkpt lat="18.85334" lon="98.962206">
        <ele>328.750896</ele>
        <time>2025-11-18T16:13:23.737000Z</time>
      </trkpt>
      <trkpt lat="18.852918" lon="98.962146">
        <ele>328.861</ele>
        <time>2025-11-18T16:13:34.057000Z</time>
      </trkpt>
      <trkpt lat="18.852499" lon="98.962041">
        <ele>328.97235</ele>
        <time>2025-11-18T16:13:44.808000Z</time>
      </trkpt>
      <trkpt lat="18.852078" lon="98.961902">
        <ele>329.040514</ele>
        <time>2025-11-18T16:13:55.442000Z</time>
      </trkpt>
      <trkpt lat="18.851974" lon="98.961867">
        <ele>328.927435</ele>
        <time>2025-11-18T16:13:57.873000Z</time>
      </trkpt>
      <trkpt lat="18.851438" lon="98.961691">
        <ele>328.345933</ele>
        <time>2025-11-18T16:14:09.206000Z</time>
      </trkpt>
      <trkpt lat="18.849896" lon="98.961164">
        <ele>326.921744</ele>
        <time>2025-11-18T16:14:38.440000Z</time>
      </trkpt>
      <trkpt lat="18.849805" lon="98.961132">
        <ele>326.868683</ele>
        <time>2025-11-18T16:14:40.332000Z</time>
      </trkpt>
      <trkpt lat="18.849461" lon="98.961004">
        <ele>326.666906</ele>
        <time>2025-11-18T16:14:47.699000Z</time>
      </trkpt>
      <trkpt lat="18.84903" lon="98.960843">
        <ele>326.413989</ele>
        <time>2025-11-18T16:14:57.931000Z</time>
      </trkpt>
      <trkpt lat="18.847254" lon="98.95986">
        <ele>326.959823</ele>
        <time>2025-11-18T16:15:46.640000Z</time>
      </trkpt>
      <trkpt lat="18.847069" lon="98.959801">
        <ele>327.028516</ele>
        <time>2025-11-18T16:15:51.257000Z</time>
      </trkpt>
      <trkpt lat="18.846735" lon="98.959773">
        <ele>327.049044</ele>
        <time>2025-11-18T16:15:59.244000Z</time>
      </trkpt>
      <trkpt lat="18.845636" lon="98.960008">
        <ele>327.117745</ele>
        <time>2025-11-18T16:16:24.772000Z</time>
      </trkpt>
      <trkpt lat="18.845451" lon="98.960059">
        <ele>327.129459</ele>
        <time>2025-11-18T16:16:28.763000Z</time>
      </trkpt>
      <trkpt lat="18.845314" lon="98.960125">
        <ele>327.115347</ele>
        <time>2025-11-18T16:16:31.874000Z</time>
      </trkpt>
      <trkpt lat="18.845201" lon="98.960227">
        <ele>327.048938</ele>
        <time>2025-11-18T16:16:34.858000Z</time>
      </trkpt>
      <trkpt lat="18.8451" lon="98.960357">
        <ele>326.977811</ele>
        <time>2025-11-18T16:16:38.028000Z</time>
      </trkpt>
      <trkpt lat="18.844436" lon="98.961411">
        <ele>326.442364</ele>
        <time>2025-11-18T16:17:02.040000Z</time>
      </trkpt>
      <trkpt lat="18.843957" lon="98.962188">
        <ele>326.613539</ele>
        <time>2025-11-18T16:17:21.989000Z</time>
      </trkpt>
      <trkpt lat="18.84364" lon="98.962703">
        <ele>326.872813</ele>
        <time>2025-11-18T16:17:36.657000Z</time>
      </trkpt>
      <trkpt lat="18.843484" lon="98.962958">
        <ele>327.000959</ele>
        <time>2025-11-18T16:17:43.924000Z</time>
      </trkpt>
      <trkpt lat="18.843294" lon="98.963253">
        <ele>327.15988</ele>
        <time>2025-11-18T16:17:52.415000Z</time>
      </trkpt>
      <trkpt lat="18.842142" lon="98.965014">
        <ele>328.432935</ele>
        <time>2025-11-18T16:18:42.850000Z</time>
      </trkpt>
      <trkpt lat="18.841954" lon="98.965226">
        <ele>328.547518</ele>
        <time>2025-11-18T16:18:49.527000Z</time>
      </trkpt>
      <trkpt lat="18.841834" lon="98.965309">
        <ele>328.607288</ele>
        <time>2025-11-18T16:18:52.959000Z</time>
      </trkpt>
      <trkpt lat="18.841712" lon="98.965358">
        <ele>328.661678</ele>
        <time>2025-11-18T16:18:56.065000Z</time>
      </trkpt>
      <trkpt lat="18.84149" lon="98.965405">
        <ele>328.756032</ele>
        <time>2025-11-18T16:19:01.396000Z</time>
      </trkpt>
      <trkpt lat="18.841344" lon="98.965404">
        <ele>328.816876</ele>
        <time>2025-11-18T16:19:04.770000Z</time>
      </trkpt>
      <trkpt lat="18.841057" lon="98.965345">
        <ele>328.938721</ele>
        <time>2025-11-18T16:19:11.441000Z</time>
      </trkpt>
      <trkpt lat="18.840506" lon="98.965233">
        <ele>329.166309</ele>
        <time>2025-11-18T16:19:24.726000Z</time>
      </trkpt>
      <trkpt lat="18.839997" lon="98.965132">
        <ele>329.368796</ele>
        <time>2025-11-18T16:19:37.336000Z</time>
      </trkpt>
      <trkpt lat="18.839841" lon="98.965102">
        <ele>329.43079</ele>
        <time>2025-11-18T16:19:41.401000Z</time>
      </trkpt>
      <trkpt lat="18.83973" lon="98.965076">
        <ele>329.475242</ele>
        <time>2025-11-18T16:19:44.309000Z</time>
      </trkpt>
      <trkpt lat="18.83895" lon="98.9649">
        <ele>329.756788</ele>
        <time>2025-11-18T16:20:03.437000Z</time>
      </trkpt>
      <trkpt lat="18.83886" lon="98.96488">
        <ele>329.704156</ele>
        <time>2025-11-18T16:20:05.616000Z</time>
      </trkpt>
      <trkpt lat="18.837584" lon="98.964592">
        <ele>328.957457</ele>
        <time>2025-11-18T16:20:31.972000Z</time>
      </trkpt>
      <trkpt lat="18.837294" lon="98.964522">
        <ele>328.787222</ele>
        <time>2025-11-18T16:20:37.560000Z</time>
      </trkpt>
      <trkpt lat="18.83668" lon="98.964365">
        <ele>328.186334</ele>
        <time>2025-11-18T16:20:49.725000Z</time>
      </trkpt>
      <trkpt lat="18.83539" lon="98.964024">
        <ele>326.889844</ele>
        <time>2025-11-18T16:21:15.362000Z</time>
      </trkpt>
      <trkpt lat="18.835294" lon="98.964001">
        <ele>326.828751</ele>
        <time>2025-11-18T16:21:17.283000Z</time>
      </trkpt>
      <trkpt lat="18.834721" lon="98.963865">
        <ele>326.464266</ele>
        <time>2025-11-18T16:21:28.746000Z</time>
      </trkpt>
      <trkpt lat="18.831991" lon="98.963437">
        <ele>325.28986</ele>
        <time>2025-11-18T16:22:26.529000Z</time>
      </trkpt>
      <trkpt lat="18.831839" lon="98.963449">
        <ele>325.283192</ele>
        <time>2025-11-18T16:22:29.774000Z</time>
      </trkpt>
      <trkpt lat="18.830861" lon="98.963654">
        <ele>325.421047</ele>
        <time>2025-11-18T16:22:51.916000Z</time>
      </trkpt>
      <trkpt lat="18.830256" lon="98.963782">
        <ele>325.506356</ele>
        <time>2025-11-18T16:23:06.159000Z</time>
      </trkpt>
      <trkpt lat="18.828944" lon="98.964029">
        <ele>326.787591</ele>
        <time>2025-11-18T16:23:40.568000Z</time>
      </trkpt>
      <trkpt lat="18.828741" lon="98.96409">
        <ele>327.003673</ele>
        <time>2025-11-18T16:23:46.495000Z</time>
      </trkpt>
      <trkpt lat="18.82842" lon="98.964254">
        <ele>327.366314</ele>
        <time>2025-11-18T16:23:56.772000Z</time>
      </trkpt>
      <trkpt lat="18.827831" lon="98.964692">
        <ele>327.876743</ele>
        <time>2025-11-18T16:24:16.932000Z</time>
      </trkpt>
      <trkpt lat="18.827722" lon="98.964779">
        <ele>327.973553</ele>
        <time>2025-11-18T16:24:20.582000Z</time>
      </trkpt>
      <trkpt lat="18.826624" lon="98.9656">
        <ele>328.513168</ele>
        <time>2025-11-18T16:24:51.186000Z</time>
      </trkpt>
      <trkpt lat="18.826448" lon="98.965707">
        <ele>328.452733</ele>
        <time>2025-11-18T16:24:55.332000Z</time>
      </trkpt>
      <trkpt lat="18.826164" lon="98.965812">
        <ele>328.363182</ele>
        <time>2025-11-18T16:25:01.494000Z</time>
      </trkpt>
      <trkpt lat="18.825847" lon="98.965837">
        <ele>328.268573</ele>
        <time>2025-11-18T16:25:08.040000Z</time>
      </trkpt>
      <trkpt lat="18.824496" lon="98.965644">
        <ele>327.799742</ele>
        <time>2025-11-18T16:25:36.450000Z</time>
      </trkpt>
      <trkpt lat="18.823531" lon="98.965505">
        <ele>327.432844</ele>
        <time>2025-11-18T16:25:56.381000Z</time>
      </trkpt>
      <trkpt lat="18.822882" lon="98.965416">
        <ele>327.692606</ele>
        <time>2025-11-18T16:26:11.273000Z</time>
      </trkpt>
      <trkpt lat="18.822013" lon="98.965275">
        <ele>328.071034</ele>
        <time>2025-11-18T16:26:33.102000Z</time>
      </trkpt>
      <trkpt lat="18.821631" lon="98.96516">
        <ele>328.222918</ele>
        <time>2025-11-18T16:26:43.548000Z</time>
      </trkpt>
      <trkpt lat="18.821359" lon="98.965037">
        <ele>328.296503</ele>
        <time>2025-11-18T16:26:51.303000Z</time>
      </trkpt>
      <trkpt lat="18.820721" lon="98.964673">
        <ele>328.47684</ele>
        <time>2025-11-18T16:27:09.181000Z</time>
      </trkpt>
      <trkpt lat="18.820161" lon="98.964343">
        <ele>328.636319</ele>
        <time>2025-11-18T16:27:22.864000Z</time>
      </trkpt>
      <trkpt lat="18.818271" lon="98.963233">
        <ele>326.75412</ele>
        <time>2025-11-18T16:28:03.940000Z</time>
      </trkpt>
      <trkpt lat="18.818036" lon="98.963127">
        <ele>326.685179</ele>
        <time>2025-11-18T16:28:09.097000Z</time>
      </trkpt>
      <trkpt lat="18.817768" lon="98.963061">
        <ele>326.610932</ele>
        <time>2025-11-18T16:28:14.848000Z</time>
      </trkpt>
      <trkpt lat="18.817623" lon="98.963062">
        <ele>326.571809</ele>
        <time>2025-11-18T16:28:17.984000Z</time>
      </trkpt>
      <trkpt lat="18.817602" lon="98.963064">
        <ele>326.56612</ele>
        <time>2025-11-18T16:28:18.460000Z</time>
      </trkpt>
      <trkpt lat="18.816856" lon="98.963145">
        <ele>326.363785</ele>
        <time>2025-11-18T16:28:35.654000Z</time>
      </trkpt>
      <trkpt lat="18.816242" lon="98.963211">
        <ele>326.574268</ele>
        <time>2025-11-18T16:28:50.579000Z</time>
      </trkpt>
      <trkpt lat="18.816206" lon="98.963215">
        <ele>326.587339</ele>
        <time>2025-11-18T16:28:51.492000Z</time>
      </trkpt>
      <trkpt lat="18.81575" lon="98.96327">
        <ele>326.75306</ele>
        <time>2025-11-18T16:29:02.932000Z</time>
      </trkpt>
      <trkpt lat="18.815103" lon="98.963347">
        <ele>326.988154</ele>
        <time>2025-11-18T16:29:18.305000Z</time>
      </trkpt>
      <trkpt lat="18.814191" lon="98.963446">
        <ele>327.040751</ele>
        <time>2025-11-18T16:29:38.195000Z</time>
      </trkpt>
      <trkpt lat="18.813873" lon="98.96348">
        <ele>327.052915</ele>
        <time>2025-11-18T16:29:45.259000Z</time>
      </trkpt>
      <trkpt lat="18.813523" lon="98.963518">
        <ele>327.066305</ele>
        <time>2025-11-18T16:29:53.255000Z</time>
      </trkpt>
      <trkpt lat="18.813403" lon="98.963531">
        <ele>327.070895</ele>
        <time>2025-11-18T16:29:55.964000Z</time>
      </trkpt>
      <trkpt lat="18.812919" lon="98.963558">
        <ele>327.064854</ele>
        <time>2025-11-18T16:30:07.027000Z</time>
      </trkpt>
      <trkpt lat="18.812717" lon="98.96354">
        <ele>327.057974</ele>
        <time>2025-11-18T16:30:11.797000Z</time>
      </trkpt>
      <trkpt lat="18.812168" lon="98.963454">
        <ele>327.039138</ele>
        <time>2025-11-18T16:30:24.576000Z</time>
      </trkpt>
      <trkpt lat="18.811723" lon="98.96338">
        <ele>327.023849</ele>
        <time>2025-11-18T16:30:34.233000Z</time>
      </trkpt>
      <trkpt lat="18.811603" lon="98.963361">
        <ele>327.019731</ele>
        <time>2025-11-18T16:30:36.639000Z</time>
      </trkpt>
      <trkpt lat="18.811442" lon="98.963335">
        <ele>327.012957</ele>
        <time>2025-11-18T16:30:39.865000Z</time>
      </trkpt>
      <trkpt lat="18.811168" lon="98.963291">
        <ele>326.993354</ele>
        <time>2025-11-18T16:30:45.457000Z</time>
      </trkpt>
      <trkpt lat="18.809854" lon="98.963085">
        <ele>326.899395</ele>
        <time>2025-11-18T16:31:15.136000Z</time>
      </trkpt>
      <trkpt lat="18.809462" lon="98.963021">
        <ele>326.891268</ele>
        <time>2025-11-18T16:31:24.495000Z</time>
      </trkpt>
      <trkpt lat="18.809225" lon="98.962982">
        <ele>326.894435</ele>
        <time>2025-11-18T16:31:29.978000Z</time>
      </trkpt>
      <trkpt lat="18.808744" lon="98.9629">
        <ele>326.900869</ele>
        <time>2025-11-18T16:31:41.445000Z</time>
      </trkpt>
      <trkpt lat="18.808473" lon="98.962854">
        <ele>326.904494</ele>
        <time>2025-11-18T16:31:47.854000Z</time>
      </trkpt>
      <trkpt lat="18.808064" lon="98.962784">
        <ele>326.909965</ele>
        <time>2025-11-18T16:31:56.220000Z</time>
      </trkpt>
      <trkpt lat="18.80772" lon="98.962726">
        <ele>326.893385</ele>
        <time>2025-11-18T16:32:03.394000Z</time>
      </trkpt>
      <trkpt lat="18.807067" lon="98.962614">
        <ele>326.833107</ele>
        <time>2025-11-18T16:32:17.285000Z</time>
      </trkpt>
      <trkpt lat="18.806974" lon="98.962574">
        <ele>326.823958</ele>
        <time>2025-11-18T16:32:19.634000Z</time>
      </trkpt>
      <trkpt lat="18.806836" lon="98.962454">
        <ele>326.807672</ele>
        <time>2025-11-18T16:32:23.666000Z</time>
      </trkpt>
      <trkpt lat="18.806769" lon="98.962388">
        <ele>326.799324</ele>
        <time>2025-11-18T16:32:25.649000Z</time>
      </trkpt>
      <trkpt lat="18.806693" lon="98.962264">
        <ele>326.786583</ele>
        <time>2025-11-18T16:32:28.602000Z</time>
      </trkpt>
      <trkpt lat="18.806621" lon="98.962077">
        <ele>326.769171</ele>
        <time>2025-11-18T16:32:32.940000Z</time>
      </trkpt>
      <trkpt lat="18.806387" lon="98.961214">
        <ele>326.782965</ele>
        <time>2025-11-18T16:32:53.436000Z</time>
      </trkpt>
      <trkpt lat="18.806326" lon="98.961095">
        <ele>326.790219</ele>
        <time>2025-11-18T16:32:56.443000Z</time>
      </trkpt>
      <trkpt lat="18.806173" lon="98.960848">
        <ele>326.806044</ele>
        <time>2025-11-18T16:33:02.715000Z</time>
      </trkpt>
      <trkpt lat="18.80604" lon="98.960713">
        <ele>326.81649</ele>
        <time>2025-11-18T16:33:06.793000Z</time>
      </trkpt>
      <trkpt lat="18.805907" lon="98.960621">
        <ele>326.825494</ele>
        <time>2025-11-18T16:33:10.279000Z</time>
      </trkpt>
      <trkpt lat="18.805672" lon="98.960478">
        <ele>326.840853</ele>
        <time>2025-11-18T16:33:16.142000Z</time>
      </trkpt>
      <trkpt lat="18.805628" lon="98.960452">
        <ele>326.843708</ele>
        <time>2025-11-18T16:33:17.186000Z</time>
      </trkpt>
      <trkpt lat="18.805452" lon="98.960345">
        <ele>326.826236</ele>
        <time>2025-11-18T16:33:21.428000Z</time>
      </trkpt>
      <trkpt lat="18.80398" lon="98.963082">
        <ele>326.089488</ele>
        <time>2025-11-18T16:34:25.106000Z</time>
      </trkpt>
      <trkpt lat="18.803889" lon="98.96325">
        <ele>326.044935</ele>
        <time>2025-11-18T16:34:29.172000Z</time>
      </trkpt>
      <trkpt lat="18.803642" lon="98.963704">
        <ele>325.814059</ele>
        <time>2025-11-18T16:34:39.884000Z</time>
      </trkpt>
      <trkpt lat="18.80307" lon="98.964758">
        <ele>324.720356</ele>
        <time>2025-11-18T16:35:02.174000Z</time>
      </trkpt>
      <trkpt lat="18.802986" lon="98.964913">
        <ele>324.559572</ele>
        <time>2025-11-18T16:35:05.173000Z</time>
      </trkpt>
      <trkpt lat="18.802935" lon="98.965009">
        <ele>324.460471</ele>
        <time>2025-11-18T16:35:07.056000Z</time>
      </trkpt>
      <trkpt lat="18.802857" lon="98.965155">
        <ele>324.309551</ele>
        <time>2025-11-18T16:35:09.949000Z</time>
      </trkpt>
      <trkpt lat="18.802815" lon="98.965234">
        <ele>324.251835</ele>
        <time>2025-11-18T16:35:11.557000Z</time>
      </trkpt>
      <trkpt lat="18.802575" lon="98.965686">
        <ele>324.251835</ele>
        <time>2025-11-18T16:35:21.093000Z</time>
      </trkpt>
      <trkpt lat="18.802459" lon="98.965907">
        <ele>324.251835</ele>
        <time>2025-11-18T16:35:25.699000Z</time>
      </trkpt>
      <trkpt lat="18.802312" lon="98.966183">
        <ele>324.251835</ele>
        <time>2025-11-18T16:35:31.277000Z</time>
      </trkpt>
      <trkpt lat="18.802155" lon="98.966478">
        <ele>324.251835</ele>
        <time>2025-11-18T16:35:37.486000Z</time>
      </trkpt>
      <trkpt lat="18.801955" lon="98.966855">
        <ele>324.251835</ele>
        <time>2025-11-18T16:35:46.120000Z</time>
      </trkpt>
      <trkpt lat="18.801864" lon="98.967028">
        <ele>324.251835</ele>
        <time>2025-11-18T16:35:50.239000Z</time>
      </trkpt>
    </trkseg>
  </trk>
</gpx>