<?xml version="1.0" encoding="UTF-8"?>
<gpx xmlns="http://www.topografix.com/GPX/1/1" xmlns:gpx_style="http://www.topografix.com/GPX/gpx_style/0/2" xmlns:gpxpx="http://www.garmin.com/xmlschemas/PowerExtension/v1" xmlns:gpxtpx="http://www.garmin.com/xmlschemas/TrackPointExtension/v1" xmlns:gpxx="http://www.garmin.com/xmlschemas/GpxExtensions/v3" xmlns:route="http://gpx-routes.example.com/1.0" xmlns:xsi="http://www.w3.org/2001/XMLSchema-instance" xsi:schemaLocation="http://www.topografix.com/GPX/1/1 http://www.topografix.com/GPX/1/1/gpx.xsd http://www.garmin.com/xmlschemas/GpxExtensions/v3 http://www.garmin.com/xmlschemas/GpxExtensionsv3.xsd http://www.garmin.com/xmlschemas/TrackPointExtension/v1 http://www.garmin.com/xmlschemas/TrackPointExtensionv1.xsd http://www.garmin.com/xmlschemas/PowerExtension/v1 http://www.garmin.com/xmlschemas/PowerExtensionv1.xsd http://www.topografix.com/GPX/gpx_style/0/2 http://www.topografix.com/GPX/gpx_style/0/2/gpx_style.xsd" version="1.1" creator="https://gpx.studio">
  <metadata>
    <name>New file 1</name>
    <author>
      <name>gpx.studio</name>
      <link href="https://gpx.studio">
      </link>
    </author>
    <extensions>
      <route:distance>64.9</route:distance>
      <route:elevation>286</route:elevation>
    </extensions>
  </metadata>
  <trk>
    <name>New file 1</name>
    <trkseg>
      <trkpt lat="18.805683" lon="98.973471">
        <ele>318.0</ele>
      </trkpt>
      <trkpt lat="18.805603" lon="98.974168">
        <ele>318.0</ele>
      </trkpt>
      <trkpt lat="18.805597" lon="98.974216">
        <ele>318.0</ele>
      </trkpt>
      <trkpt lat="18.805548" lon="98.974633">
        <ele>318.0</ele>
      </trkpt>
      <trkpt lat="18.805313" lon="98.976725">
        <ele>320.0</ele>
      </trkpt>
      <trkpt lat="18.80525" lon="98.977286">
        <ele>320.25</ele>
      </trkpt>
      <trkpt lat="18.805123" lon="98.9784">
        <ele>317.5</ele>
      </trkpt>
      <trkpt lat="18.805096" lon="98.978496">
        <ele>317.5</ele>
      </trkpt>
      <trkpt lat="18.805046" lon="98.978554">
        <ele>317.5</ele>
      </trkpt>
      <trkpt lat="18.804966" lon="98.978615">
        <ele>317.5</ele>
      </trkpt>
      <trkpt lat="18.804574" lon="98.978571">
        <ele>317.75</ele>
      </trkpt>
      <trkpt lat="18.804043" lon="98.978505">
        <ele>317.75</ele>
      </trkpt>
      <trkpt lat="18.803999" lon="98.978942">
        <ele>317.75</ele>
      </trkpt>
      <trkpt lat="18.804043" lon="98.978505">
        <ele>317.75</ele>
      </trkpt>
      <trkpt lat="18.803016" lon="98.978376">
        <ele>316.5</ele>
      </trkpt>
      <trkpt lat="18.802858" lon="98.978357">
        <ele>316.25</ele>
      </trkpt>
      <trkpt lat="18.802597" lon="98.978912">
        <ele>317.5</ele>
      </trkpt>
      <trkpt lat="18.802577" lon="98.978938">
        <ele>317.5</ele>
      </trkpt>
      <trkpt lat="18.802373" lon="98.979207">
        <ele>317.5</ele>
      </trkpt>
      <trkpt lat="18.802344" lon="98.979253">
        <ele>317.25</ele>
      </trkpt>
      <trkpt lat="18.802222" lon="98.979441">
        <ele>317.0</ele>
      </trkpt>
      <trkpt lat="18.802145" lon="98.97964">
        <ele>316.5</ele>
      </trkpt>
      <trkpt lat="18.802131" lon="98.979676">
        <ele>316.5</ele>
      </trkpt>
      <trkpt lat="18.801663" lon="98.980869">
        <ele>317.75</ele>
      </trkpt>
      <trkpt lat="18.801598" lon="98.981071">
        <ele>317.75</ele>
      </trkpt>
      <trkpt lat="18.801533" lon="98.981274">
        <ele>317.25</ele>
      </trkpt>
      <trkpt lat="18.801411" lon="98.981664">
        <ele>316.5</ele>
      </trkpt>
      <trkpt lat="18.801391" lon="98.98173">
        <ele>316.5</ele>
      </trkpt>
      <trkpt lat="18.801297" lon="98.982073">
        <ele>315.5</ele>
      </trkpt>
      <trkpt lat="18.801203" lon="98.982345">
        <ele>315.25</ele>
      </trkpt>
      <trkpt lat="18.801124" lon="98.98259">
        <ele>315.5</ele>
      </trkpt>
      <trkpt lat="18.801108" lon="98.98266">
        <ele>315.75</ele>
      </trkpt>
      <trkpt lat="18.801041" lon="98.982864">
        <ele>316.25</ele>
      </trkpt>
      <trkpt lat="18.800971" lon="98.98312">
        <ele>317.25</ele>
      </trkpt>
      <trkpt lat="18.800826" lon="98.983405">
        <ele>317.75</ele>
      </trkpt>
      <trkpt lat="18.800754" lon="98.983638">
        <ele>317.0</ele>
      </trkpt>
      <trkpt lat="18.800764" lon="98.983925">
        <ele>316.5</ele>
      </trkpt>
      <trkpt lat="18.800736" lon="98.984256">
        <ele>315.75</ele>
      </trkpt>
      <trkpt lat="18.800718" lon="98.984327">
        <ele>315.75</ele>
      </trkpt>
      <trkpt lat="18.800617" lon="98.984587">
        <ele>315.25</ele>
      </trkpt>
      <trkpt lat="18.800448" lon="98.984886">
        <ele>315.0</ele>
      </trkpt>
      <trkpt lat="18.800405" lon="98.985014">
        <ele>315.0</ele>
      </trkpt>
      <trkpt lat="18.800326" lon="98.985397">
        <ele>315.5</ele>
      </trkpt>
      <trkpt lat="18.800314" lon="98.986004">
        <ele>316.0</ele>
      </trkpt>
      <trkpt lat="18.800344" lon="98.98607">
        <ele>316.0</ele>
      </trkpt>
      <trkpt lat="18.800396" lon="98.986186">
        <ele>316.0</ele>
      </trkpt>
      <trkpt lat="18.800493" lon="98.986388">
        <ele>316.0</ele>
      </trkpt>
      <trkpt lat="18.800539" lon="98.986481">
        <ele>316.0</ele>
      </trkpt>
      <trkpt lat="18.800564" lon="98.986553">
        <ele>316.0</ele>
      </trkpt>
      <trkpt lat="18.800579" lon="98.986644">
        <ele>316.0</ele>
      </trkpt>
      <trkpt lat="18.800443" lon="98.987397">
        <ele>314.5</ele>
      </trkpt>
      <trkpt lat="18.800427" lon="98.987452">
        <ele>314.5</ele>
      </trkpt>
      <trkpt lat="18.800411" lon="98.987504">
        <ele>314.25</ele>
      </trkpt>
      <trkpt lat="18.800358" lon="98.987606">
        <ele>314.25</ele>
      </trkpt>
      <trkpt lat="18.800118" lon="98.987882">
        <ele>313.75</ele>
      </trkpt>
      <trkpt lat="18.799634" lon="98.988406">
        <ele>315.25</ele>
      </trkpt>
      <trkpt lat="18.799544" lon="98.988562">
        <ele>315.0</ele>
      </trkpt>
      <trkpt lat="18.799515" lon="98.988612">
        <ele>315.0</ele>
      </trkpt>
      <trkpt lat="18.799469" lon="98.98872">
        <ele>314.5</ele>
      </trkpt>
      <trkpt lat="18.799401" lon="98.98899">
        <ele>313.25</ele>
      </trkpt>
      <trkpt lat="18.7994" lon="98.989339">
        <ele>312.25</ele>
      </trkpt>
      <trkpt lat="18.799398" lon="98.989633">
        <ele>312.5</ele>
      </trkpt>
      <trkpt lat="18.799408" lon="98.989694">
        <ele>312.5</ele>
      </trkpt>
      <trkpt lat="18.799437" lon="98.989859">
        <ele>312.75</ele>
      </trkpt>
      <trkpt lat="18.799451" lon="98.98989">
        <ele>312.75</ele>
      </trkpt>
      <trkpt lat="18.799455" lon="98.989923">
        <ele>312.75</ele>
      </trkpt>
      <trkpt lat="18.799451" lon="98.989958">
        <ele>312.75</ele>
      </trkpt>
      <trkpt lat="18.799435" lon="98.98999">
        <ele>312.75</ele>
      </trkpt>
      <trkpt lat="18.799411" lon="98.990016">
        <ele>312.75</ele>
      </trkpt>
      <trkpt lat="18.79938" lon="98.990034">
        <ele>312.75</ele>
      </trkpt>
      <trkpt lat="18.799346" lon="98.99004">
        <ele>312.75</ele>
      </trkpt>
      <trkpt lat="18.799312" lon="98.990035">
        <ele>312.75</ele>
      </trkpt>
      <trkpt lat="18.799277" lon="98.990016">
        <ele>312.75</ele>
      </trkpt>
      <trkpt lat="18.799128" lon="98.99003">
        <ele>312.75</ele>
      </trkpt>
      <trkpt lat="18.79871" lon="98.990074">
        <ele>312.25</ele>
      </trkpt>
      <trkpt lat="18.798597" lon="98.9901">
        <ele>312.0</ele>
      </trkpt>
      <trkpt lat="18.798508" lon="98.99011">
        <ele>311.75</ele>
      </trkpt>
      <trkpt lat="18.798387" lon="98.990109">
        <ele>311.75</ele>
      </trkpt>
      <trkpt lat="18.797919" lon="98.990038">
        <ele>310.75</ele>
      </trkpt>
      <trkpt lat="18.797642" lon="98.989998">
        <ele>310.25</ele>
      </trkpt>
      <trkpt lat="18.796965" lon="98.989785">
        <ele>310.25</ele>
      </trkpt>
      <trkpt lat="18.796584" lon="98.989776">
        <ele>311.0</ele>
      </trkpt>
      <trkpt lat="18.796319" lon="98.989781">
        <ele>312.25</ele>
      </trkpt>
      <trkpt lat="18.795783" lon="98.989812">
        <ele>314.25</ele>
      </trkpt>
      <trkpt lat="18.795743" lon="98.989834">
        <ele>314.25</ele>
      </trkpt>
      <trkpt lat="18.795707" lon="98.989868">
        <ele>314.25</ele>
      </trkpt>
      <trkpt lat="18.795684" lon="98.98992">
        <ele>314.25</ele>
      </trkpt>
      <trkpt lat="18.795638" lon="98.990139">
        <ele>313.75</ele>
      </trkpt>
      <trkpt lat="18.795635" lon="98.990215">
        <ele>313.75</ele>
      </trkpt>
      <trkpt lat="18.795608" lon="98.99086">
        <ele>312.5</ele>
      </trkpt>
      <trkpt lat="18.795578" lon="98.991633">
        <ele>311.5</ele>
      </trkpt>
      <trkpt lat="18.795573" lon="98.991746">
        <ele>311.5</ele>
      </trkpt>
      <trkpt lat="18.795566" lon="98.991947">
        <ele>311.75</ele>
      </trkpt>
      <trkpt lat="18.795556" lon="98.992263">
        <ele>312.0</ele>
      </trkpt>
      <trkpt lat="18.795554" lon="98.992336">
        <ele>312.0</ele>
      </trkpt>
      <trkpt lat="18.795533" lon="98.992856">
        <ele>311.75</ele>
      </trkpt>
      <trkpt lat="18.79552" lon="98.993223">
        <ele>311.5</ele>
      </trkpt>
      <trkpt lat="18.795495" lon="98.993664">
        <ele>309.5</ele>
      </trkpt>
      <trkpt lat="18.795494" lon="98.993806">
        <ele>308.75</ele>
      </trkpt>
      <trkpt lat="18.795477" lon="98.993868">
        <ele>308.25</ele>
      </trkpt>
      <trkpt lat="18.795448" lon="98.993925">
        <ele>308.0</ele>
      </trkpt>
      <trkpt lat="18.795417" lon="98.993988">
        <ele>307.75</ele>
      </trkpt>
      <trkpt lat="18.795342" lon="98.994084">
        <ele>307.5</ele>
      </trkpt>
      <trkpt lat="18.795231" lon="98.994196">
        <ele>307.5</ele>
      </trkpt>
      <trkpt lat="18.79509" lon="98.994302">
        <ele>308.25</ele>
      </trkpt>
      <trkpt lat="18.79498" lon="98.994358">
        <ele>308.75</ele>
      </trkpt>
      <trkpt lat="18.794865" lon="98.994437">
        <ele>309.25</ele>
      </trkpt>
      <trkpt lat="18.79484" lon="98.994498">
        <ele>309.5</ele>
      </trkpt>
      <trkpt lat="18.794821" lon="98.994564">
        <ele>309.75</ele>
      </trkpt>
      <trkpt lat="18.794801" lon="98.994718">
        <ele>310.0</ele>
      </trkpt>
      <trkpt lat="18.794787" lon="98.994904">
        <ele>310.5</ele>
      </trkpt>
      <trkpt lat="18.794769" lon="98.995156">
        <ele>310.75</ele>
      </trkpt>
      <trkpt lat="18.79474" lon="98.995595">
        <ele>311.25</ele>
      </trkpt>
      <trkpt lat="18.794724" lon="98.99581">
        <ele>311.5</ele>
      </trkpt>
      <trkpt lat="18.794714" lon="98.995972">
        <ele>311.25</ele>
      </trkpt>
      <trkpt lat="18.794704" lon="98.996181">
        <ele>311.0</ele>
      </trkpt>
      <trkpt lat="18.794698" lon="98.996343">
        <ele>310.75</ele>
      </trkpt>
      <trkpt lat="18.794696" lon="98.996478">
        <ele>310.75</ele>
      </trkpt>
      <trkpt lat="18.794695" lon="98.996612">
        <ele>310.5</ele>
      </trkpt>
      <trkpt lat="18.794695" lon="98.996684">
        <ele>310.5</ele>
      </trkpt>
      <trkpt lat="18.794693" lon="98.997062">
        <ele>310.25</ele>
      </trkpt>
      <trkpt lat="18.794691" lon="98.997394">
        <ele>310.0</ele>
      </trkpt>
      <trkpt lat="18.794691" lon="98.997434">
        <ele>310.0</ele>
      </trkpt>
      <trkpt lat="18.794697" lon="98.998041">
        <ele>312.5</ele>
      </trkpt>
      <trkpt lat="18.794692" lon="98.998578">
        <ele>312.75</ele>
      </trkpt>
      <trkpt lat="18.794694" lon="98.998788">
        <ele>311.5</ele>
      </trkpt>
      <trkpt lat="18.794696" lon="98.998976">
        <ele>310.5</ele>
      </trkpt>
      <trkpt lat="18.794734" lon="98.998992">
        <ele>310.5</ele>
      </trkpt>
      <trkpt lat="18.794755" lon="98.999022">
        <ele>310.25</ele>
      </trkpt>
      <trkpt lat="18.79476" lon="98.999062">
        <ele>310.0</ele>
      </trkpt>
      <trkpt lat="18.794745" lon="98.999098">
        <ele>310.0</ele>
      </trkpt>
      <trkpt lat="18.794726" lon="98.999116">
        <ele>309.75</ele>
      </trkpt>
      <trkpt lat="18.794706" lon="98.999125">
        <ele>309.75</ele>
      </trkpt>
      <trkpt lat="18.794683" lon="98.999126">
        <ele>309.75</ele>
      </trkpt>
      <trkpt lat="18.794646" lon="98.999111">
        <ele>310.0</ele>
      </trkpt>
      <trkpt lat="18.794621" lon="98.999073">
        <ele>310.25</ele>
      </trkpt>
      <trkpt lat="18.794402" lon="98.999147">
        <ele>310.25</ele>
      </trkpt>
      <trkpt lat="18.794028" lon="98.999222">
        <ele>311.0</ele>
      </trkpt>
      <trkpt lat="18.793585" lon="98.999334">
        <ele>310.5</ele>
      </trkpt>
      <trkpt lat="18.793208" lon="98.999528">
        <ele>309.25</ele>
      </trkpt>
      <trkpt lat="18.793196" lon="98.999534">
        <ele>309.25</ele>
      </trkpt>
      <trkpt lat="18.793166" lon="98.999552">
        <ele>309.25</ele>
      </trkpt>
      <trkpt lat="18.793212" lon="98.999637">
        <ele>308.75</ele>
      </trkpt>
      <trkpt lat="18.793675" lon="99.000477">
        <ele>313.25</ele>
      </trkpt>
      <trkpt lat="18.793827" lon="99.000768">
        <ele>317.0</ele>
      </trkpt>
      <trkpt lat="18.794015" lon="99.001119">
        <ele>317.5</ele>
      </trkpt>
      <trkpt lat="18.793718" lon="99.001262">
        <ele>314.75</ele>
      </trkpt>
      <trkpt lat="18.793381" lon="99.001425">
        <ele>311.75</ele>
      </trkpt>
      <trkpt lat="18.79334" lon="99.001451">
        <ele>311.75</ele>
      </trkpt>
      <trkpt lat="18.793281" lon="99.001487">
        <ele>311.5</ele>
      </trkpt>
      <trkpt lat="18.793193" lon="99.001554">
        <ele>311.5</ele>
      </trkpt>
      <trkpt lat="18.792764" lon="99.001948">
        <ele>311.25</ele>
      </trkpt>
      <trkpt lat="18.79255" lon="99.002137">
        <ele>311.0</ele>
      </trkpt>
      <trkpt lat="18.792458" lon="99.0022">
        <ele>311.0</ele>
      </trkpt>
      <trkpt lat="18.791995" lon="99.002452">
        <ele>312.0</ele>
      </trkpt>
      <trkpt lat="18.791974" lon="99.002468">
        <ele>312.0</ele>
      </trkpt>
      <trkpt lat="18.791894" lon="99.002527">
        <ele>312.25</ele>
      </trkpt>
      <trkpt lat="18.791808" lon="99.002592">
        <ele>312.25</ele>
      </trkpt>
      <trkpt lat="18.791487" lon="99.002873">
        <ele>311.5</ele>
      </trkpt>
      <trkpt lat="18.791239" lon="99.003171">
        <ele>310.5</ele>
      </trkpt>
      <trkpt lat="18.791069" lon="99.003333">
        <ele>310.25</ele>
      </trkpt>
      <trkpt lat="18.79058" lon="99.003717">
        <ele>308.75</ele>
      </trkpt>
      <trkpt lat="18.790488" lon="99.003778">
        <ele>308.5</ele>
      </trkpt>
      <trkpt lat="18.790354" lon="99.003866">
        <ele>308.0</ele>
      </trkpt>
      <trkpt lat="18.790242" lon="99.003934">
        <ele>307.75</ele>
      </trkpt>
      <trkpt lat="18.789965" lon="99.004065">
        <ele>307.25</ele>
      </trkpt>
      <trkpt lat="18.789645" lon="99.004221">
        <ele>308.75</ele>
      </trkpt>
      <trkpt lat="18.789563" lon="99.004267">
        <ele>309.25</ele>
      </trkpt>
      <trkpt lat="18.789286" lon="99.004418">
        <ele>310.5</ele>
      </trkpt>
      <trkpt lat="18.788945" lon="99.004633">
        <ele>309.75</ele>
      </trkpt>
      <trkpt lat="18.788334" lon="99.005008">
        <ele>307.0</ele>
      </trkpt>
      <trkpt lat="18.788142" lon="99.005102">
        <ele>307.5</ele>
      </trkpt>
      <trkpt lat="18.787967" lon="99.005165">
        <ele>308.0</ele>
      </trkpt>
      <trkpt lat="18.787876" lon="99.005182">
        <ele>308.0</ele>
      </trkpt>
      <trkpt lat="18.787672" lon="99.005197">
        <ele>308.5</ele>
      </trkpt>
      <trkpt lat="18.787472" lon="99.005207">
        <ele>309.0</ele>
      </trkpt>
      <trkpt lat="18.787328" lon="99.005202">
        <ele>309.0</ele>
      </trkpt>
      <trkpt lat="18.786901" lon="99.005158">
        <ele>309.0</ele>
      </trkpt>
      <trkpt lat="18.786757" lon="99.005143">
        <ele>309.0</ele>
      </trkpt>
      <trkpt lat="18.786307" lon="99.005129">
        <ele>309.25</ele>
      </trkpt>
      <trkpt lat="18.786038" lon="99.005117">
        <ele>309.25</ele>
      </trkpt>
      <trkpt lat="18.785763" lon="99.005085">
        <ele>309.25</ele>
      </trkpt>
      <trkpt lat="18.785434" lon="99.005038">
        <ele>309.0</ele>
      </trkpt>
      <trkpt lat="18.7853" lon="99.005015">
        <ele>309.0</ele>
      </trkpt>
      <trkpt lat="18.785076" lon="99.004997">
        <ele>308.75</ele>
      </trkpt>
      <trkpt lat="18.784882" lon="99.005002">
        <ele>308.75</ele>
      </trkpt>
      <trkpt lat="18.784679" lon="99.005019">
        <ele>308.5</ele>
      </trkpt>
      <trkpt lat="18.784233" lon="99.005095">
        <ele>308.0</ele>
      </trkpt>
      <trkpt lat="18.784059" lon="99.005129">
        <ele>307.75</ele>
      </trkpt>
      <trkpt lat="18.783844" lon="99.005172">
        <ele>307.75</ele>
      </trkpt>
      <trkpt lat="18.783631" lon="99.005243">
        <ele>307.5</ele>
      </trkpt>
      <trkpt lat="18.783469" lon="99.005314">
        <ele>307.25</ele>
      </trkpt>
      <trkpt lat="18.782476" lon="99.005833">
        <ele>308.75</ele>
      </trkpt>
      <trkpt lat="18.782295" lon="99.005924">
        <ele>308.0</ele>
      </trkpt>
      <trkpt lat="18.782074" lon="99.006003">
        <ele>307.25</ele>
      </trkpt>
      <trkpt lat="18.781711" lon="99.006154">
        <ele>305.75</ele>
      </trkpt>
      <trkpt lat="18.781562" lon="99.006232">
        <ele>305.5</ele>
      </trkpt>
      <trkpt lat="18.781425" lon="99.006336">
        <ele>305.5</ele>
      </trkpt>
      <trkpt lat="18.781331" lon="99.006407">
        <ele>305.75</ele>
      </trkpt>
      <trkpt lat="18.781164" lon="99.006545">
        <ele>306.0</ele>
      </trkpt>
      <trkpt lat="18.781111" lon="99.006588">
        <ele>306.25</ele>
      </trkpt>
      <trkpt lat="18.781021" lon="99.006662">
        <ele>306.5</ele>
      </trkpt>
      <trkpt lat="18.780168" lon="99.007134">
        <ele>307.5</ele>
      </trkpt>
      <trkpt lat="18.779721" lon="99.007315">
        <ele>308.5</ele>
      </trkpt>
      <trkpt lat="18.779339" lon="99.007452">
        <ele>310.25</ele>
      </trkpt>
      <trkpt lat="18.77886" lon="99.007582">
        <ele>311.25</ele>
      </trkpt>
      <trkpt lat="18.778578" lon="99.007656">
        <ele>311.25</ele>
      </trkpt>
      <trkpt lat="18.778009" lon="99.007785">
        <ele>309.75</ele>
      </trkpt>
      <trkpt lat="18.777773" lon="99.007823">
        <ele>308.75</ele>
      </trkpt>
      <trkpt lat="18.777597" lon="99.007834">
        <ele>308.25</ele>
      </trkpt>
      <trkpt lat="18.777463" lon="99.00783">
        <ele>307.75</ele>
      </trkpt>
      <trkpt lat="18.777309" lon="99.007812">
        <ele>307.75</ele>
      </trkpt>
      <trkpt lat="18.777133" lon="99.007778">
        <ele>307.75</ele>
      </trkpt>
      <trkpt lat="18.777006" lon="99.007754">
        <ele>307.75</ele>
      </trkpt>
      <trkpt lat="18.776764" lon="99.007716">
        <ele>307.25</ele>
      </trkpt>
      <trkpt lat="18.776638" lon="99.007708">
        <ele>307.25</ele>
      </trkpt>
      <trkpt lat="18.776526" lon="99.00772">
        <ele>307.25</ele>
      </trkpt>
      <trkpt lat="18.776068" lon="99.007826">
        <ele>307.75</ele>
      </trkpt>
      <trkpt lat="18.775858" lon="99.007882">
        <ele>307.75</ele>
      </trkpt>
      <trkpt lat="18.77569" lon="99.007907">
        <ele>308.0</ele>
      </trkpt>
      <trkpt lat="18.7755" lon="99.007924">
        <ele>308.25</ele>
      </trkpt>
      <trkpt lat="18.775308" lon="99.007922">
        <ele>308.5</ele>
      </trkpt>
      <trkpt lat="18.775186" lon="99.00792">
        <ele>308.75</ele>
      </trkpt>
      <trkpt lat="18.774716" lon="99.007869">
        <ele>309.5</ele>
      </trkpt>
      <trkpt lat="18.774525" lon="99.007849">
        <ele>310.0</ele>
      </trkpt>
      <trkpt lat="18.774374" lon="99.007796">
        <ele>310.5</ele>
      </trkpt>
      <trkpt lat="18.774117" lon="99.007646">
        <ele>311.25</ele>
      </trkpt>
      <trkpt lat="18.773864" lon="99.007446">
        <ele>311.0</ele>
      </trkpt>
      <trkpt lat="18.773627" lon="99.007258">
        <ele>309.75</ele>
      </trkpt>
      <trkpt lat="18.773142" lon="99.006868">
        <ele>308.5</ele>
      </trkpt>
      <trkpt lat="18.772967" lon="99.006763">
        <ele>308.25</ele>
      </trkpt>
      <trkpt lat="18.772824" lon="99.006698">
        <ele>308.0</ele>
      </trkpt>
      <trkpt lat="18.772737" lon="99.00666">
        <ele>307.75</ele>
      </trkpt>
      <trkpt lat="18.7726" lon="99.00662">
        <ele>307.75</ele>
      </trkpt>
      <trkpt lat="18.771983" lon="99.006507">
        <ele>307.5</ele>
      </trkpt>
      <trkpt lat="18.771714" lon="99.006463">
        <ele>307.25</ele>
      </trkpt>
      <trkpt lat="18.77108" lon="99.006377">
        <ele>308.0</ele>
      </trkpt>
      <trkpt lat="18.770876" lon="99.006338">
        <ele>308.25</ele>
      </trkpt>
      <trkpt lat="18.770781" lon="99.006329">
        <ele>308.25</ele>
      </trkpt>
      <trkpt lat="18.770167" lon="99.006244">
        <ele>308.25</ele>
      </trkpt>
      <trkpt lat="18.769758" lon="99.006176">
        <ele>308.5</ele>
      </trkpt>
      <trkpt lat="18.768829" lon="99.005943">
        <ele>308.5</ele>
      </trkpt>
      <trkpt lat="18.768722" lon="99.005916">
        <ele>308.25</ele>
      </trkpt>
      <trkpt lat="18.768403" lon="99.005837">
        <ele>307.0</ele>
      </trkpt>
      <trkpt lat="18.768188" lon="99.005783">
        <ele>306.75</ele>
      </trkpt>
      <trkpt lat="18.767895" lon="99.00571">
        <ele>306.25</ele>
      </trkpt>
      <trkpt lat="18.767871" lon="99.005704">
        <ele>306.25</ele>
      </trkpt>
      <trkpt lat="18.767461" lon="99.005602">
        <ele>305.75</ele>
      </trkpt>
      <trkpt lat="18.767346" lon="99.005581">
        <ele>305.75</ele>
      </trkpt>
      <trkpt lat="18.767148" lon="99.005545">
        <ele>306.0</ele>
      </trkpt>
      <trkpt lat="18.767023" lon="99.005524">
        <ele>306.25</ele>
      </trkpt>
      <trkpt lat="18.766891" lon="99.005503">
        <ele>306.5</ele>
      </trkpt>
      <trkpt lat="18.766678" lon="99.005517">
        <ele>306.75</ele>
      </trkpt>
      <trkpt lat="18.766581" lon="99.005511">
        <ele>307.0</ele>
      </trkpt>
      <trkpt lat="18.766444" lon="99.005529">
        <ele>307.25</ele>
      </trkpt>
      <trkpt lat="18.765836" lon="99.005574">
        <ele>307.75</ele>
      </trkpt>
      <trkpt lat="18.765794" lon="99.005578">
        <ele>307.75</ele>
      </trkpt>
      <trkpt lat="18.765706" lon="99.005591">
        <ele>307.75</ele>
      </trkpt>
      <trkpt lat="18.765533" lon="99.005622">
        <ele>308.0</ele>
      </trkpt>
      <trkpt lat="18.765282" lon="99.005627">
        <ele>308.75</ele>
      </trkpt>
      <trkpt lat="18.765121" lon="99.005653">
        <ele>309.0</ele>
      </trkpt>
      <trkpt lat="18.764776" lon="99.005669">
        <ele>308.75</ele>
      </trkpt>
      <trkpt lat="18.764493" lon="99.005677">
        <ele>308.0</ele>
      </trkpt>
      <trkpt lat="18.764131" lon="99.005671">
        <ele>307.5</ele>
      </trkpt>
      <trkpt lat="18.763818" lon="99.005666">
        <ele>307.25</ele>
      </trkpt>
      <trkpt lat="18.763575" lon="99.005711">
        <ele>307.5</ele>
      </trkpt>
      <trkpt lat="18.763468" lon="99.005731">
        <ele>307.75</ele>
      </trkpt>
      <trkpt lat="18.762337" lon="99.006008">
        <ele>308.5</ele>
      </trkpt>
      <trkpt lat="18.760874" lon="99.006424">
        <ele>307.5</ele>
      </trkpt>
      <trkpt lat="18.760775" lon="99.006453">
        <ele>307.25</ele>
      </trkpt>
      <trkpt lat="18.760528" lon="99.006524">
        <ele>306.0</ele>
      </trkpt>
      <trkpt lat="18.760321" lon="99.006583">
        <ele>304.75</ele>
      </trkpt>
      <trkpt lat="18.759897" lon="99.006705">
        <ele>303.75</ele>
      </trkpt>
      <trkpt lat="18.759794" lon="99.006733">
        <ele>304.25</ele>
      </trkpt>
      <trkpt lat="18.759757" lon="99.006743">
        <ele>304.5</ele>
      </trkpt>
      <trkpt lat="18.758606" lon="99.007094">
        <ele>306.75</ele>
      </trkpt>
      <trkpt lat="18.758553" lon="99.007113">
        <ele>306.5</ele>
      </trkpt>
      <trkpt lat="18.758247" lon="99.007218">
        <ele>305.5</ele>
      </trkpt>
      <trkpt lat="18.758213" lon="99.007229">
        <ele>305.5</ele>
      </trkpt>
      <trkpt lat="18.758164" lon="99.007246">
        <ele>305.25</ele>
      </trkpt>
      <trkpt lat="18.758074" lon="99.007274">
        <ele>305.25</ele>
      </trkpt>
      <trkpt lat="18.757986" lon="99.007298">
        <ele>305.0</ele>
      </trkpt>
      <trkpt lat="18.757967" lon="99.007234">
        <ele>305.0</ele>
      </trkpt>
      <trkpt lat="18.757862" lon="99.006713">
        <ele>305.25</ele>
      </trkpt>
      <trkpt lat="18.757846" lon="99.006655">
        <ele>305.0</ele>
      </trkpt>
      <trkpt lat="18.75777" lon="99.006325">
        <ele>304.5</ele>
      </trkpt>
      <trkpt lat="18.757598" lon="99.005635">
        <ele>304.5</ele>
      </trkpt>
      <trkpt lat="18.757496" lon="99.005215">
        <ele>306.0</ele>
      </trkpt>
      <trkpt lat="18.757308" lon="99.004447">
        <ele>306.25</ele>
      </trkpt>
      <trkpt lat="18.757279" lon="99.004108">
        <ele>306.25</ele>
      </trkpt>
      <trkpt lat="18.757266" lon="99.004043">
        <ele>306.25</ele>
      </trkpt>
      <trkpt lat="18.757142" lon="99.003499">
        <ele>305.25</ele>
      </trkpt>
      <trkpt lat="18.756994" lon="99.002874">
        <ele>305.25</ele>
      </trkpt>
      <trkpt lat="18.75692" lon="99.002537">
        <ele>305.75</ele>
      </trkpt>
      <trkpt lat="18.756854" lon="99.002207">
        <ele>305.75</ele>
      </trkpt>
      <trkpt lat="18.756823" lon="99.001994">
        <ele>305.75</ele>
      </trkpt>
      <trkpt lat="18.756816" lon="99.001866">
        <ele>305.75</ele>
      </trkpt>
      <trkpt lat="18.756826" lon="99.001584">
        <ele>305.75</ele>
      </trkpt>
      <trkpt lat="18.756855" lon="99.001411">
        <ele>305.75</ele>
      </trkpt>
      <trkpt lat="18.756868" lon="99.001333">
        <ele>305.75</ele>
      </trkpt>
      <trkpt lat="18.75689" lon="99.001252">
        <ele>305.75</ele>
      </trkpt>
      <trkpt lat="18.756932" lon="99.001097">
        <ele>306.0</ele>
      </trkpt>
      <trkpt lat="18.757068" lon="99.000739">
        <ele>306.5</ele>
      </trkpt>
      <trkpt lat="18.757108" lon="99.000654">
        <ele>306.75</ele>
      </trkpt>
      <trkpt lat="18.757248" lon="99.00045">
        <ele>306.75</ele>
      </trkpt>
      <trkpt lat="18.757814" lon="98.999839">
        <ele>305.5</ele>
      </trkpt>
      <trkpt lat="18.758029" lon="98.999617">
        <ele>305.25</ele>
      </trkpt>
      <trkpt lat="18.757617" lon="98.999252">
        <ele>305.0</ele>
      </trkpt>
      <trkpt lat="18.757166" lon="98.998844">
        <ele>305.0</ele>
      </trkpt>
      <trkpt lat="18.757" lon="98.998733">
        <ele>305.25</ele>
      </trkpt>
      <trkpt lat="18.756743" lon="98.998617">
        <ele>305.25</ele>
      </trkpt>
      <trkpt lat="18.756555" lon="98.998538">
        <ele>304.75</ele>
      </trkpt>
      <trkpt lat="18.756322" lon="98.998469">
        <ele>304.25</ele>
      </trkpt>
      <trkpt lat="18.755682" lon="98.998317">
        <ele>303.0</ele>
      </trkpt>
      <trkpt lat="18.755346" lon="98.998229">
        <ele>303.0</ele>
      </trkpt>
      <trkpt lat="18.755003" lon="98.998133">
        <ele>303.5</ele>
      </trkpt>
      <trkpt lat="18.754785" lon="98.998037">
        <ele>304.25</ele>
      </trkpt>
      <trkpt lat="18.754725" lon="98.99801">
        <ele>304.25</ele>
      </trkpt>
      <trkpt lat="18.754602" lon="98.99795">
        <ele>304.5</ele>
      </trkpt>
      <trkpt lat="18.754522" lon="98.997915">
        <ele>304.75</ele>
      </trkpt>
      <trkpt lat="18.754438" lon="98.997865">
        <ele>304.75</ele>
      </trkpt>
      <trkpt lat="18.754357" lon="98.997796">
        <ele>304.75</ele>
      </trkpt>
      <trkpt lat="18.754246" lon="98.997653">
        <ele>305.0</ele>
      </trkpt>
      <trkpt lat="18.754205" lon="98.997555">
        <ele>305.0</ele>
      </trkpt>
      <trkpt lat="18.754188" lon="98.997464">
        <ele>305.0</ele>
      </trkpt>
      <trkpt lat="18.754188" lon="98.997218">
        <ele>305.0</ele>
      </trkpt>
      <trkpt lat="18.754199" lon="98.996951">
        <ele>305.0</ele>
      </trkpt>
      <trkpt lat="18.7542" lon="98.996936">
        <ele>305.0</ele>
      </trkpt>
      <trkpt lat="18.754222" lon="98.996282">
        <ele>304.5</ele>
      </trkpt>
      <trkpt lat="18.754298" lon="98.995646">
        <ele>303.75</ele>
      </trkpt>
      <trkpt lat="18.754294" lon="98.995526">
        <ele>303.5</ele>
      </trkpt>
      <trkpt lat="18.75428" lon="98.995448">
        <ele>303.5</ele>
      </trkpt>
      <trkpt lat="18.754246" lon="98.995377">
        <ele>303.25</ele>
      </trkpt>
      <trkpt lat="18.754178" lon="98.995307">
        <ele>303.25</ele>
      </trkpt>
      <trkpt lat="18.753967" lon="98.995146">
        <ele>303.25</ele>
      </trkpt>
      <trkpt lat="18.753788" lon="98.995024">
        <ele>303.25</ele>
      </trkpt>
      <trkpt lat="18.75366" lon="98.994952">
        <ele>303.5</ele>
      </trkpt>
      <trkpt lat="18.75355" lon="98.994905">
        <ele>303.75</ele>
      </trkpt>
      <trkpt lat="18.75342" lon="98.994852">
        <ele>303.75</ele>
      </trkpt>
      <trkpt lat="18.753073" lon="98.994715">
        <ele>304.0</ele>
      </trkpt>
      <trkpt lat="18.75296" lon="98.994679">
        <ele>304.0</ele>
      </trkpt>
      <trkpt lat="18.75285" lon="98.994661">
        <ele>304.0</ele>
      </trkpt>
      <trkpt lat="18.752406" lon="98.994579">
        <ele>304.0</ele>
      </trkpt>
      <trkpt lat="18.752343" lon="98.99455">
        <ele>304.0</ele>
      </trkpt>
      <trkpt lat="18.752222" lon="98.994448">
        <ele>304.0</ele>
      </trkpt>
      <trkpt lat="18.751845" lon="98.993945">
        <ele>304.0</ele>
      </trkpt>
      <trkpt lat="18.751678" lon="98.993734">
        <ele>303.75</ele>
      </trkpt>
      <trkpt lat="18.751569" lon="98.993591">
        <ele>303.5</ele>
      </trkpt>
      <trkpt lat="18.751464" lon="98.993427">
        <ele>303.0</ele>
      </trkpt>
      <trkpt lat="18.751226" lon="98.993002">
        <ele>302.75</ele>
      </trkpt>
      <trkpt lat="18.751042" lon="98.992647">
        <ele>302.5</ele>
      </trkpt>
      <trkpt lat="18.750971" lon="98.99251">
        <ele>302.25</ele>
      </trkpt>
      <trkpt lat="18.75092" lon="98.992412">
        <ele>302.25</ele>
      </trkpt>
      <trkpt lat="18.750844" lon="98.992339">
        <ele>302.25</ele>
      </trkpt>
      <trkpt lat="18.750767" lon="98.99229">
        <ele>302.5</ele>
      </trkpt>
      <trkpt lat="18.750672" lon="98.99224">
        <ele>302.75</ele>
      </trkpt>
      <trkpt lat="18.750577" lon="98.992203">
        <ele>303.0</ele>
      </trkpt>
      <trkpt lat="18.750491" lon="98.992177">
        <ele>303.25</ele>
      </trkpt>
      <trkpt lat="18.750244" lon="98.99213">
        <ele>303.75</ele>
      </trkpt>
      <trkpt lat="18.749995" lon="98.992102">
        <ele>304.0</ele>
      </trkpt>
      <trkpt lat="18.749573" lon="98.992057">
        <ele>305.0</ele>
      </trkpt>
      <trkpt lat="18.749371" lon="98.992032">
        <ele>305.25</ele>
      </trkpt>
      <trkpt lat="18.749066" lon="98.992014">
        <ele>305.5</ele>
      </trkpt>
      <trkpt lat="18.749055" lon="98.991646">
        <ele>305.75</ele>
      </trkpt>
      <trkpt lat="18.749035" lon="98.991471">
        <ele>305.75</ele>
      </trkpt>
      <trkpt lat="18.749002" lon="98.991308">
        <ele>305.5</ele>
      </trkpt>
      <trkpt lat="18.748942" lon="98.991157">
        <ele>305.5</ele>
      </trkpt>
      <trkpt lat="18.748837" lon="98.990961">
        <ele>305.25</ele>
      </trkpt>
      <trkpt lat="18.748744" lon="98.99083">
        <ele>305.5</ele>
      </trkpt>
      <trkpt lat="18.748679" lon="98.99075">
        <ele>305.5</ele>
      </trkpt>
      <trkpt lat="18.748643" lon="98.990706">
        <ele>305.5</ele>
      </trkpt>
      <trkpt lat="18.748599" lon="98.990622">
        <ele>305.5</ele>
      </trkpt>
      <trkpt lat="18.748571" lon="98.99056">
        <ele>305.5</ele>
      </trkpt>
      <trkpt lat="18.748535" lon="98.990483">
        <ele>305.5</ele>
      </trkpt>
      <trkpt lat="18.748506" lon="98.990405">
        <ele>305.5</ele>
      </trkpt>
      <trkpt lat="18.748465" lon="98.990328">
        <ele>305.5</ele>
      </trkpt>
      <trkpt lat="18.748414" lon="98.990269">
        <ele>305.25</ele>
      </trkpt>
      <trkpt lat="18.748221" lon="98.990102">
        <ele>305.0</ele>
      </trkpt>
      <trkpt lat="18.748115" lon="98.989977">
        <ele>305.25</ele>
      </trkpt>
      <trkpt lat="18.748033" lon="98.98986">
        <ele>305.25</ele>
      </trkpt>
      <trkpt lat="18.747932" lon="98.989718">
        <ele>305.25</ele>
      </trkpt>
      <trkpt lat="18.747836" lon="98.989619">
        <ele>305.25</ele>
      </trkpt>
      <trkpt lat="18.747614" lon="98.989417">
        <ele>305.25</ele>
      </trkpt>
      <trkpt lat="18.747518" lon="98.989326">
        <ele>305.0</ele>
      </trkpt>
      <trkpt lat="18.747444" lon="98.989258">
        <ele>304.75</ele>
      </trkpt>
      <trkpt lat="18.747072" lon="98.988916">
        <ele>303.75</ele>
      </trkpt>
      <trkpt lat="18.74678" lon="98.988654">
        <ele>303.0</ele>
      </trkpt>
      <trkpt lat="18.746678" lon="98.988583">
        <ele>303.0</ele>
      </trkpt>
      <trkpt lat="18.746549" lon="98.988488">
        <ele>302.75</ele>
      </trkpt>
      <trkpt lat="18.74633" lon="98.988365">
        <ele>302.75</ele>
      </trkpt>
      <trkpt lat="18.746042" lon="98.988218">
        <ele>302.75</ele>
      </trkpt>
      <trkpt lat="18.745602" lon="98.988052">
        <ele>303.0</ele>
      </trkpt>
      <trkpt lat="18.745477" lon="98.988007">
        <ele>303.0</ele>
      </trkpt>
      <trkpt lat="18.745452" lon="98.987991">
        <ele>303.0</ele>
      </trkpt>
      <trkpt lat="18.745429" lon="98.987971">
        <ele>303.0</ele>
      </trkpt>
      <trkpt lat="18.745401" lon="98.987922">
        <ele>303.25</ele>
      </trkpt>
      <trkpt lat="18.745419" lon="98.987877">
        <ele>303.25</ele>
      </trkpt>
      <trkpt lat="18.745527" lon="98.987689">
        <ele>303.25</ele>
      </trkpt>
      <trkpt lat="18.745629" lon="98.987446">
        <ele>303.25</ele>
      </trkpt>
      <trkpt lat="18.745795" lon="98.986731">
        <ele>304.75</ele>
      </trkpt>
      <trkpt lat="18.745803" lon="98.986694">
        <ele>304.75</ele>
      </trkpt>
      <trkpt lat="18.745856" lon="98.98639">
        <ele>305.25</ele>
      </trkpt>
      <trkpt lat="18.745896" lon="98.986103">
        <ele>305.25</ele>
      </trkpt>
      <trkpt lat="18.745901" lon="98.985846">
        <ele>305.5</ele>
      </trkpt>
      <trkpt lat="18.745834" lon="98.985615">
        <ele>304.5</ele>
      </trkpt>
      <trkpt lat="18.745861" lon="98.985468">
        <ele>303.5</ele>
      </trkpt>
      <trkpt lat="18.745862" lon="98.985428">
        <ele>303.5</ele>
      </trkpt>
      <trkpt lat="18.745856" lon="98.985401">
        <ele>303.25</ele>
      </trkpt>
      <trkpt lat="18.745841" lon="98.985379">
        <ele>303.25</ele>
      </trkpt>
      <trkpt lat="18.745801" lon="98.985359">
        <ele>303.0</ele>
      </trkpt>
      <trkpt lat="18.74559" lon="98.985295">
        <ele>302.25</ele>
      </trkpt>
      <trkpt lat="18.74555" lon="98.985294">
        <ele>302.25</ele>
      </trkpt>
      <trkpt lat="18.74552" lon="98.985306">
        <ele>302.25</ele>
      </trkpt>
      <trkpt lat="18.7455" lon="98.985326">
        <ele>302.5</ele>
      </trkpt>
      <trkpt lat="18.74546" lon="98.985428">
        <ele>303.0</ele>
      </trkpt>
      <trkpt lat="18.745321" lon="98.98603">
        <ele>305.25</ele>
      </trkpt>
      <trkpt lat="18.745208" lon="98.98652">
        <ele>305.0</ele>
      </trkpt>
      <trkpt lat="18.745119" lon="98.986496">
        <ele>305.0</ele>
      </trkpt>
      <trkpt lat="18.744763" lon="98.986399">
        <ele>304.25</ele>
      </trkpt>
      <trkpt lat="18.744543" lon="98.986334">
        <ele>303.75</ele>
      </trkpt>
      <trkpt lat="18.744417" lon="98.986276">
        <ele>303.5</ele>
      </trkpt>
      <trkpt lat="18.744306" lon="98.986195">
        <ele>303.25</ele>
      </trkpt>
      <trkpt lat="18.744167" lon="98.986075">
        <ele>303.25</ele>
      </trkpt>
      <trkpt lat="18.744087" lon="98.985995">
        <ele>303.25</ele>
      </trkpt>
      <trkpt lat="18.743917" lon="98.985853">
        <ele>303.25</ele>
      </trkpt>
      <trkpt lat="18.743748" lon="98.985732">
        <ele>303.25</ele>
      </trkpt>
      <trkpt lat="18.74365" lon="98.985667">
        <ele>303.25</ele>
      </trkpt>
      <trkpt lat="18.743588" lon="98.985641">
        <ele>303.25</ele>
      </trkpt>
      <trkpt lat="18.743452" lon="98.985559">
        <ele>303.5</ele>
      </trkpt>
      <trkpt lat="18.743075" lon="98.985345">
        <ele>303.5</ele>
      </trkpt>
      <trkpt lat="18.742921" lon="98.985259">
        <ele>303.5</ele>
      </trkpt>
      <trkpt lat="18.742439" lon="98.984999">
        <ele>302.75</ele>
      </trkpt>
      <trkpt lat="18.742407" lon="98.984976">
        <ele>302.75</ele>
      </trkpt>
      <trkpt lat="18.742381" lon="98.984938">
        <ele>302.75</ele>
      </trkpt>
      <trkpt lat="18.742403" lon="98.984741">
        <ele>303.0</ele>
      </trkpt>
      <trkpt lat="18.742389" lon="98.984707">
        <ele>303.0</ele>
      </trkpt>
      <trkpt lat="18.742359" lon="98.984681">
        <ele>303.0</ele>
      </trkpt>
      <trkpt lat="18.742118" lon="98.984584">
        <ele>303.0</ele>
      </trkpt>
      <trkpt lat="18.742057" lon="98.984559">
        <ele>302.75</ele>
      </trkpt>
      <trkpt lat="18.741805" lon="98.984492">
        <ele>302.75</ele>
      </trkpt>
      <trkpt lat="18.741639" lon="98.984448">
        <ele>302.5</ele>
      </trkpt>
      <trkpt lat="18.741555" lon="98.984722">
        <ele>302.5</ele>
      </trkpt>
      <trkpt lat="18.74152" lon="98.984797">
        <ele>302.5</ele>
      </trkpt>
      <trkpt lat="18.74136" lon="98.985067">
        <ele>302.5</ele>
      </trkpt>
      <trkpt lat="18.741292" lon="98.985154">
        <ele>302.5</ele>
      </trkpt>
      <trkpt lat="18.741265" lon="98.985188">
        <ele>302.5</ele>
      </trkpt>
      <trkpt lat="18.741244" lon="98.985228">
        <ele>302.5</ele>
      </trkpt>
      <trkpt lat="18.741217" lon="98.985298">
        <ele>302.5</ele>
      </trkpt>
      <trkpt lat="18.741146" lon="98.985589">
        <ele>302.0</ele>
      </trkpt>
      <trkpt lat="18.741061" lon="98.98601">
        <ele>301.5</ele>
      </trkpt>
      <trkpt lat="18.740828" lon="98.987158">
        <ele>302.0</ele>
      </trkpt>
      <trkpt lat="18.740818" lon="98.987209">
        <ele>302.0</ele>
      </trkpt>
      <trkpt lat="18.740811" lon="98.98724">
        <ele>302.0</ele>
      </trkpt>
      <trkpt lat="18.74079" lon="98.987344">
        <ele>302.0</ele>
      </trkpt>
      <trkpt lat="18.740751" lon="98.987486">
        <ele>302.25</ele>
      </trkpt>
      <trkpt lat="18.740712" lon="98.987592">
        <ele>302.25</ele>
      </trkpt>
      <trkpt lat="18.740682" lon="98.987667">
        <ele>302.5</ele>
      </trkpt>
      <trkpt lat="18.740634" lon="98.987777">
        <ele>302.5</ele>
      </trkpt>
      <trkpt lat="18.740529" lon="98.987971">
        <ele>302.75</ele>
      </trkpt>
      <trkpt lat="18.740301" lon="98.98836">
        <ele>303.5</ele>
      </trkpt>
      <trkpt lat="18.740172" lon="98.988552">
        <ele>304.25</ele>
      </trkpt>
      <trkpt lat="18.740019" lon="98.988762">
        <ele>304.75</ele>
      </trkpt>
      <trkpt lat="18.739738" lon="98.989094">
        <ele>304.5</ele>
      </trkpt>
      <trkpt lat="18.739589" lon="98.989251">
        <ele>304.25</ele>
      </trkpt>
      <trkpt lat="18.73944" lon="98.989369">
        <ele>303.75</ele>
      </trkpt>
      <trkpt lat="18.739397" lon="98.989433">
        <ele>303.5</ele>
      </trkpt>
      <trkpt lat="18.739275" lon="98.989744">
        <ele>302.75</ele>
      </trkpt>
      <trkpt lat="18.739253" lon="98.989843">
        <ele>302.5</ele>
      </trkpt>
      <trkpt lat="18.73923" lon="98.989899">
        <ele>302.25</ele>
      </trkpt>
      <trkpt lat="18.739194" lon="98.989951">
        <ele>302.0</ele>
      </trkpt>
      <trkpt lat="18.739158" lon="98.989986">
        <ele>302.0</ele>
      </trkpt>
      <trkpt lat="18.739091" lon="98.990028">
        <ele>302.0</ele>
      </trkpt>
      <trkpt lat="18.738895" lon="98.990122">
        <ele>302.0</ele>
      </trkpt>
      <trkpt lat="18.738846" lon="98.990156">
        <ele>302.0</ele>
      </trkpt>
      <trkpt lat="18.738626" lon="98.99038">
        <ele>302.25</ele>
      </trkpt>
      <trkpt lat="18.738576" lon="98.990413">
        <ele>302.25</ele>
      </trkpt>
      <trkpt lat="18.738188" lon="98.99062">
        <ele>302.5</ele>
      </trkpt>
      <trkpt lat="18.737827" lon="98.99033">
        <ele>302.25</ele>
      </trkpt>
      <trkpt lat="18.737667" lon="98.990174">
        <ele>302.0</ele>
      </trkpt>
      <trkpt lat="18.737589" lon="98.990076">
        <ele>302.0</ele>
      </trkpt>
      <trkpt lat="18.737453" lon="98.989898">
        <ele>302.0</ele>
      </trkpt>
      <trkpt lat="18.737305" lon="98.989759">
        <ele>302.5</ele>
      </trkpt>
      <trkpt lat="18.737208" lon="98.989701">
        <ele>302.5</ele>
      </trkpt>
      <trkpt lat="18.737127" lon="98.989666">
        <ele>302.75</ele>
      </trkpt>
      <trkpt lat="18.736934" lon="98.989616">
        <ele>303.0</ele>
      </trkpt>
      <trkpt lat="18.736679" lon="98.989566">
        <ele>303.5</ele>
      </trkpt>
      <trkpt lat="18.736573" lon="98.989573">
        <ele>303.25</ele>
      </trkpt>
      <trkpt lat="18.736314" lon="98.989612">
        <ele>303.25</ele>
      </trkpt>
      <trkpt lat="18.736228" lon="98.98962">
        <ele>303.0</ele>
      </trkpt>
      <trkpt lat="18.735953" lon="98.989664">
        <ele>303.0</ele>
      </trkpt>
      <trkpt lat="18.735685" lon="98.989697">
        <ele>302.75</ele>
      </trkpt>
      <trkpt lat="18.735532" lon="98.989703">
        <ele>302.75</ele>
      </trkpt>
      <trkpt lat="18.735192" lon="98.989682">
        <ele>302.75</ele>
      </trkpt>
      <trkpt lat="18.735014" lon="98.989644">
        <ele>302.75</ele>
      </trkpt>
      <trkpt lat="18.734897" lon="98.989602">
        <ele>303.0</ele>
      </trkpt>
      <trkpt lat="18.734621" lon="98.989476">
        <ele>304.25</ele>
      </trkpt>
      <trkpt lat="18.734512" lon="98.989432">
        <ele>304.5</ele>
      </trkpt>
      <trkpt lat="18.734359" lon="98.989393">
        <ele>305.25</ele>
      </trkpt>
      <trkpt lat="18.733943" lon="98.989338">
        <ele>306.0</ele>
      </trkpt>
      <trkpt lat="18.73376" lon="98.989294">
        <ele>306.25</ele>
      </trkpt>
      <trkpt lat="18.733642" lon="98.989252">
        <ele>306.5</ele>
      </trkpt>
      <trkpt lat="18.733507" lon="98.989189">
        <ele>306.75</ele>
      </trkpt>
      <trkpt lat="18.733366" lon="98.98911">
        <ele>307.0</ele>
      </trkpt>
      <trkpt lat="18.733249" lon="98.989033">
        <ele>307.0</ele>
      </trkpt>
      <trkpt lat="18.732981" lon="98.988809">
        <ele>307.5</ele>
      </trkpt>
      <trkpt lat="18.732869" lon="98.988724">
        <ele>307.75</ele>
      </trkpt>
      <trkpt lat="18.732761" lon="98.988655">
        <ele>307.75</ele>
      </trkpt>
      <trkpt lat="18.732666" lon="98.988597">
        <ele>308.0</ele>
      </trkpt>
      <trkpt lat="18.732574" lon="98.98855">
        <ele>308.0</ele>
      </trkpt>
      <trkpt lat="18.732471" lon="98.988505">
        <ele>308.25</ele>
      </trkpt>
      <trkpt lat="18.732291" lon="98.988443">
        <ele>307.75</ele>
      </trkpt>
      <trkpt lat="18.732187" lon="98.988411">
        <ele>307.5</ele>
      </trkpt>
      <trkpt lat="18.732041" lon="98.988371">
        <ele>307.0</ele>
      </trkpt>
      <trkpt lat="18.731876" lon="98.988337">
        <ele>306.5</ele>
      </trkpt>
      <trkpt lat="18.73172" lon="98.988314">
        <ele>306.25</ele>
      </trkpt>
      <trkpt lat="18.731585" lon="98.988306">
        <ele>305.75</ele>
      </trkpt>
      <trkpt lat="18.731444" lon="98.988312">
        <ele>305.5</ele>
      </trkpt>
      <trkpt lat="18.731314" lon="98.988328">
        <ele>305.0</ele>
      </trkpt>
      <trkpt lat="18.731168" lon="98.988355">
        <ele>304.75</ele>
      </trkpt>
      <trkpt lat="18.730924" lon="98.988432">
        <ele>304.0</ele>
      </trkpt>
      <trkpt lat="18.730686" lon="98.988538">
        <ele>304.0</ele>
      </trkpt>
      <trkpt lat="18.730325" lon="98.988698">
        <ele>304.5</ele>
      </trkpt>
      <trkpt lat="18.729958" lon="98.988854">
        <ele>304.75</ele>
      </trkpt>
      <trkpt lat="18.729819" lon="98.988895">
        <ele>304.75</ele>
      </trkpt>
      <trkpt lat="18.729479" lon="98.988979">
        <ele>304.75</ele>
      </trkpt>
      <trkpt lat="18.72897" lon="98.98909">
        <ele>305.0</ele>
      </trkpt>
      <trkpt lat="18.728616" lon="98.989169">
        <ele>304.75</ele>
      </trkpt>
      <trkpt lat="18.728499" lon="98.989182">
        <ele>304.75</ele>
      </trkpt>
      <trkpt lat="18.728356" lon="98.989189">
        <ele>304.75</ele>
      </trkpt>
      <trkpt lat="18.728226" lon="98.989178">
        <ele>304.75</ele>
      </trkpt>
      <trkpt lat="18.728027" lon="98.989137">
        <ele>304.5</ele>
      </trkpt>
      <trkpt lat="18.727962" lon="98.989106">
        <ele>304.75</ele>
      </trkpt>
      <trkpt lat="18.727894" lon="98.989066">
        <ele>304.75</ele>
      </trkpt>
      <trkpt lat="18.727746" lon="98.988997">
        <ele>305.0</ele>
      </trkpt>
      <trkpt lat="18.727322" lon="98.988819">
        <ele>306.0</ele>
      </trkpt>
      <trkpt lat="18.727094" lon="98.988731">
        <ele>305.75</ele>
      </trkpt>
      <trkpt lat="18.726991" lon="98.988706">
        <ele>305.5</ele>
      </trkpt>
      <trkpt lat="18.726928" lon="98.988709">
        <ele>305.25</ele>
      </trkpt>
      <trkpt lat="18.726855" lon="98.988721">
        <ele>305.0</ele>
      </trkpt>
      <trkpt lat="18.726789" lon="98.988742">
        <ele>304.75</ele>
      </trkpt>
      <trkpt lat="18.726418" lon="98.988894">
        <ele>303.25</ele>
      </trkpt>
      <trkpt lat="18.726226" lon="98.988962">
        <ele>302.5</ele>
      </trkpt>
      <trkpt lat="18.72609" lon="98.988998">
        <ele>302.0</ele>
      </trkpt>
      <trkpt lat="18.725899" lon="98.989026">
        <ele>301.5</ele>
      </trkpt>
      <trkpt lat="18.725773" lon="98.989027">
        <ele>301.25</ele>
      </trkpt>
      <trkpt lat="18.725663" lon="98.98902">
        <ele>301.5</ele>
      </trkpt>
      <trkpt lat="18.725307" lon="98.988966">
        <ele>302.0</ele>
      </trkpt>
      <trkpt lat="18.725204" lon="98.988931">
        <ele>302.25</ele>
      </trkpt>
      <trkpt lat="18.725051" lon="98.988889">
        <ele>302.5</ele>
      </trkpt>
      <trkpt lat="18.724841" lon="98.988857">
        <ele>302.5</ele>
      </trkpt>
      <trkpt lat="18.724744" lon="98.988848">
        <ele>302.5</ele>
      </trkpt>
      <trkpt lat="18.724119" lon="98.988828">
        <ele>302.25</ele>
      </trkpt>
      <trkpt lat="18.723473" lon="98.988787">
        <ele>300.75</ele>
      </trkpt>
      <trkpt lat="18.723176" lon="98.988762">
        <ele>300.5</ele>
      </trkpt>
      <trkpt lat="18.723066" lon="98.98874">
        <ele>300.5</ele>
      </trkpt>
      <trkpt lat="18.722963" lon="98.988707">
        <ele>300.5</ele>
      </trkpt>
      <trkpt lat="18.722595" lon="98.98856">
        <ele>300.75</ele>
      </trkpt>
      <trkpt lat="18.722404" lon="98.988485">
        <ele>301.0</ele>
      </trkpt>
      <trkpt lat="18.721821" lon="98.988235">
        <ele>302.5</ele>
      </trkpt>
      <trkpt lat="18.721466" lon="98.988109">
        <ele>302.75</ele>
      </trkpt>
      <trkpt lat="18.721412" lon="98.988093">
        <ele>302.75</ele>
      </trkpt>
      <trkpt lat="18.721117" lon="98.988011">
        <ele>302.75</ele>
      </trkpt>
      <trkpt lat="18.720631" lon="98.987859">
        <ele>301.75</ele>
      </trkpt>
      <trkpt lat="18.720367" lon="98.987765">
        <ele>301.0</ele>
      </trkpt>
      <trkpt lat="18.720147" lon="98.987753">
        <ele>300.75</ele>
      </trkpt>
      <trkpt lat="18.720104" lon="98.98776">
        <ele>300.75</ele>
      </trkpt>
      <trkpt lat="18.719989" lon="98.987743">
        <ele>300.5</ele>
      </trkpt>
      <trkpt lat="18.719875" lon="98.987736">
        <ele>300.5</ele>
      </trkpt>
      <trkpt lat="18.719741" lon="98.987751">
        <ele>300.5</ele>
      </trkpt>
      <trkpt lat="18.719687" lon="98.987763">
        <ele>300.5</ele>
      </trkpt>
      <trkpt lat="18.719654" lon="98.987752">
        <ele>300.5</ele>
      </trkpt>
      <trkpt lat="18.719604" lon="98.987711">
        <ele>300.5</ele>
      </trkpt>
      <trkpt lat="18.719563" lon="98.987669">
        <ele>300.5</ele>
      </trkpt>
      <trkpt lat="18.719488" lon="98.987651">
        <ele>300.25</ele>
      </trkpt>
      <trkpt lat="18.719283" lon="98.987637">
        <ele>300.25</ele>
      </trkpt>
      <trkpt lat="18.718915" lon="98.987625">
        <ele>299.75</ele>
      </trkpt>
      <trkpt lat="18.718637" lon="98.987656">
        <ele>299.25</ele>
      </trkpt>
      <trkpt lat="18.718183" lon="98.98772">
        <ele>298.75</ele>
      </trkpt>
      <trkpt lat="18.71808" lon="98.987728">
        <ele>298.75</ele>
      </trkpt>
      <trkpt lat="18.717828" lon="98.987708">
        <ele>298.75</ele>
      </trkpt>
      <trkpt lat="18.71758" lon="98.987662">
        <ele>298.75</ele>
      </trkpt>
      <trkpt lat="18.717212" lon="98.987566">
        <ele>298.75</ele>
      </trkpt>
      <trkpt lat="18.716968" lon="98.987512">
        <ele>299.0</ele>
      </trkpt>
      <trkpt lat="18.716728" lon="98.987488">
        <ele>298.75</ele>
      </trkpt>
      <trkpt lat="18.716612" lon="98.987488">
        <ele>299.0</ele>
      </trkpt>
      <trkpt lat="18.71625" lon="98.987481">
        <ele>299.75</ele>
      </trkpt>
      <trkpt lat="18.716097" lon="98.98747">
        <ele>300.25</ele>
      </trkpt>
      <trkpt lat="18.716005" lon="98.987453">
        <ele>300.25</ele>
      </trkpt>
      <trkpt lat="18.715919" lon="98.987425">
        <ele>300.5</ele>
      </trkpt>
      <trkpt lat="18.715834" lon="98.987386">
        <ele>300.5</ele>
      </trkpt>
      <trkpt lat="18.715646" lon="98.987277">
        <ele>300.25</ele>
      </trkpt>
      <trkpt lat="18.715412" lon="98.987103">
        <ele>300.5</ele>
      </trkpt>
      <trkpt lat="18.715163" lon="98.986966">
        <ele>301.0</ele>
      </trkpt>
      <trkpt lat="18.714797" lon="98.986792">
        <ele>301.5</ele>
      </trkpt>
      <trkpt lat="18.714542" lon="98.986655">
        <ele>301.25</ele>
      </trkpt>
      <trkpt lat="18.714249" lon="98.986484">
        <ele>301.25</ele>
      </trkpt>
      <trkpt lat="18.714013" lon="98.986338">
        <ele>301.0</ele>
      </trkpt>
      <trkpt lat="18.71362" lon="98.986168">
        <ele>300.75</ele>
      </trkpt>
      <trkpt lat="18.713135" lon="98.9859">
        <ele>300.0</ele>
      </trkpt>
      <trkpt lat="18.712363" lon="98.985402">
        <ele>298.75</ele>
      </trkpt>
      <trkpt lat="18.712068" lon="98.985185">
        <ele>298.75</ele>
      </trkpt>
      <trkpt lat="18.711923" lon="98.985028">
        <ele>299.0</ele>
      </trkpt>
      <trkpt lat="18.711778" lon="98.984801">
        <ele>299.25</ele>
      </trkpt>
      <trkpt lat="18.711521" lon="98.984481">
        <ele>299.75</ele>
      </trkpt>
      <trkpt lat="18.711236" lon="98.984173">
        <ele>300.5</ele>
      </trkpt>
      <trkpt lat="18.711054" lon="98.984002">
        <ele>300.75</ele>
      </trkpt>
      <trkpt lat="18.71088" lon="98.983874">
        <ele>301.0</ele>
      </trkpt>
      <trkpt lat="18.710648" lon="98.983742">
        <ele>300.75</ele>
      </trkpt>
      <trkpt lat="18.710424" lon="98.983676">
        <ele>300.75</ele>
      </trkpt>
      <trkpt lat="18.710225" lon="98.98366">
        <ele>300.75</ele>
      </trkpt>
      <trkpt lat="18.709764" lon="98.983642">
        <ele>300.75</ele>
      </trkpt>
      <trkpt lat="18.709542" lon="98.983634">
        <ele>300.75</ele>
      </trkpt>
      <trkpt lat="18.709345" lon="98.98364">
        <ele>300.5</ele>
      </trkpt>
      <trkpt lat="18.7092" lon="98.983659">
        <ele>300.5</ele>
      </trkpt>
      <trkpt lat="18.709088" lon="98.983689">
        <ele>300.5</ele>
      </trkpt>
      <trkpt lat="18.709022" lon="98.983713">
        <ele>300.5</ele>
      </trkpt>
      <trkpt lat="18.708915" lon="98.983752">
        <ele>300.5</ele>
      </trkpt>
      <trkpt lat="18.708716" lon="98.983839">
        <ele>300.5</ele>
      </trkpt>
      <trkpt lat="18.708228" lon="98.984053">
        <ele>300.75</ele>
      </trkpt>
      <trkpt lat="18.708087" lon="98.984115">
        <ele>300.5</ele>
      </trkpt>
      <trkpt lat="18.707939" lon="98.984189">
        <ele>300.5</ele>
      </trkpt>
      <trkpt lat="18.707576" lon="98.984369">
        <ele>300.25</ele>
      </trkpt>
      <trkpt lat="18.707266" lon="98.984462">
        <ele>300.25</ele>
      </trkpt>
      <trkpt lat="18.707128" lon="98.984522">
        <ele>300.0</ele>
      </trkpt>
      <trkpt lat="18.706989" lon="98.984617">
        <ele>300.0</ele>
      </trkpt>
      <trkpt lat="18.706802" lon="98.984792">
        <ele>300.0</ele>
      </trkpt>
      <trkpt lat="18.706542" lon="98.984828">
        <ele>300.0</ele>
      </trkpt>
      <trkpt lat="18.706303" lon="98.984816">
        <ele>300.0</ele>
      </trkpt>
      <trkpt lat="18.706194" lon="98.984801">
        <ele>300.25</ele>
      </trkpt>
      <trkpt lat="18.705952" lon="98.984745">
        <ele>300.25</ele>
      </trkpt>
      <trkpt lat="18.705526" lon="98.984741">
        <ele>299.75</ele>
      </trkpt>
      <trkpt lat="18.705215" lon="98.984722">
        <ele>299.25</ele>
      </trkpt>
      <trkpt lat="18.704835" lon="98.984664">
        <ele>299.0</ele>
      </trkpt>
      <trkpt lat="18.704559" lon="98.984658">
        <ele>299.25</ele>
      </trkpt>
      <trkpt lat="18.704268" lon="98.984626">
        <ele>299.25</ele>
      </trkpt>
      <trkpt lat="18.7039" lon="98.98457">
        <ele>299.5</ele>
      </trkpt>
      <trkpt lat="18.703596" lon="98.984508">
        <ele>299.75</ele>
      </trkpt>
      <trkpt lat="18.703455" lon="98.984492">
        <ele>300.0</ele>
      </trkpt>
      <trkpt lat="18.703308" lon="98.984506">
        <ele>300.0</ele>
      </trkpt>
      <trkpt lat="18.702911" lon="98.984646">
        <ele>299.75</ele>
      </trkpt>
      <trkpt lat="18.702721" lon="98.984753">
        <ele>299.75</ele>
      </trkpt>
      <trkpt lat="18.702291" lon="98.98504">
        <ele>299.0</ele>
      </trkpt>
      <trkpt lat="18.702002" lon="98.985237">
        <ele>298.5</ele>
      </trkpt>
      <trkpt lat="18.701458" lon="98.985626">
        <ele>299.75</ele>
      </trkpt>
      <trkpt lat="18.701365" lon="98.985695">
        <ele>300.0</ele>
      </trkpt>
      <trkpt lat="18.701318" lon="98.985729">
        <ele>300.0</ele>
      </trkpt>
      <trkpt lat="18.700349" lon="98.986499">
        <ele>298.25</ele>
      </trkpt>
      <trkpt lat="18.699969" lon="98.986868">
        <ele>300.25</ele>
      </trkpt>
      <trkpt lat="18.699856" lon="98.98692">
        <ele>300.0</ele>
      </trkpt>
      <trkpt lat="18.699737" lon="98.986942">
        <ele>299.75</ele>
      </trkpt>
      <trkpt lat="18.69935" lon="98.986932">
        <ele>298.75</ele>
      </trkpt>
      <trkpt lat="18.699157" lon="98.98694">
        <ele>298.25</ele>
      </trkpt>
      <trkpt lat="18.699091" lon="98.986943">
        <ele>298.25</ele>
      </trkpt>
      <trkpt lat="18.698654" lon="98.987075">
        <ele>299.5</ele>
      </trkpt>
      <trkpt lat="18.698528" lon="98.987102">
        <ele>299.75</ele>
      </trkpt>
      <trkpt lat="18.697741" lon="98.987053">
        <ele>299.75</ele>
      </trkpt>
      <trkpt lat="18.697634" lon="98.987025">
        <ele>299.75</ele>
      </trkpt>
      <trkpt lat="18.697518" lon="98.986986">
        <ele>299.75</ele>
      </trkpt>
      <trkpt lat="18.697194" lon="98.986832">
        <ele>299.25</ele>
      </trkpt>
      <trkpt lat="18.696689" lon="98.986604">
        <ele>298.75</ele>
      </trkpt>
      <trkpt lat="18.696409" lon="98.986478">
        <ele>298.25</ele>
      </trkpt>
      <trkpt lat="18.696114" lon="98.98638">
        <ele>297.75</ele>
      </trkpt>
      <trkpt lat="18.695649" lon="98.986353">
        <ele>297.5</ele>
      </trkpt>
      <trkpt lat="18.695383" lon="98.986407">
        <ele>297.75</ele>
      </trkpt>
      <trkpt lat="18.695116" lon="98.98652">
        <ele>297.75</ele>
      </trkpt>
      <trkpt lat="18.69482" lon="98.986777">
        <ele>298.75</ele>
      </trkpt>
      <trkpt lat="18.694807" lon="98.986786">
        <ele>298.75</ele>
      </trkpt>
      <trkpt lat="18.694696" lon="98.986893">
        <ele>299.25</ele>
      </trkpt>
      <trkpt lat="18.694566" lon="98.98705">
        <ele>299.75</ele>
      </trkpt>
      <trkpt lat="18.694332" lon="98.987256">
        <ele>300.0</ele>
      </trkpt>
      <trkpt lat="18.694053" lon="98.987434">
        <ele>299.75</ele>
      </trkpt>
      <trkpt lat="18.693819" lon="98.987562">
        <ele>299.5</ele>
      </trkpt>
      <trkpt lat="18.693499" lon="98.987741">
        <ele>299.25</ele>
      </trkpt>
      <trkpt lat="18.693425" lon="98.98778">
        <ele>299.25</ele>
      </trkpt>
      <trkpt lat="18.693246" lon="98.987857">
        <ele>299.0</ele>
      </trkpt>
      <trkpt lat="18.692762" lon="98.988038">
        <ele>298.75</ele>
      </trkpt>
      <trkpt lat="18.692403" lon="98.988108">
        <ele>298.75</ele>
      </trkpt>
      <trkpt lat="18.691873" lon="98.988116">
        <ele>298.0</ele>
      </trkpt>
      <trkpt lat="18.691395" lon="98.988105">
        <ele>297.5</ele>
      </trkpt>
      <trkpt lat="18.691297" lon="98.988087">
        <ele>297.5</ele>
      </trkpt>
      <trkpt lat="18.691028" lon="98.987988">
        <ele>297.0</ele>
      </trkpt>
      <trkpt lat="18.690841" lon="98.987909">
        <ele>296.75</ele>
      </trkpt>
      <trkpt lat="18.690817" lon="98.987869">
        <ele>296.75</ele>
      </trkpt>
      <trkpt lat="18.69079" lon="98.987848">
        <ele>296.5</ele>
      </trkpt>
      <trkpt lat="18.690695" lon="98.987801">
        <ele>296.5</ele>
      </trkpt>
      <trkpt lat="18.690492" lon="98.987727">
        <ele>296.5</ele>
      </trkpt>
      <trkpt lat="18.690463" lon="98.987723">
        <ele>296.5</ele>
      </trkpt>
      <trkpt lat="18.69042" lon="98.98773">
        <ele>296.75</ele>
      </trkpt>
      <trkpt lat="18.690335" lon="98.987733">
        <ele>296.75</ele>
      </trkpt>
      <trkpt lat="18.690018" lon="98.987633">
        <ele>297.25</ele>
      </trkpt>
      <trkpt lat="18.689688" lon="98.987487">
        <ele>297.5</ele>
      </trkpt>
      <trkpt lat="18.689302" lon="98.987262">
        <ele>297.75</ele>
      </trkpt>
      <trkpt lat="18.68889" lon="98.987052">
        <ele>297.5</ele>
      </trkpt>
      <trkpt lat="18.688776" lon="98.987035">
        <ele>297.5</ele>
      </trkpt>
      <trkpt lat="18.688679" lon="98.98704">
        <ele>297.5</ele>
      </trkpt>
      <trkpt lat="18.688402" lon="98.987078">
        <ele>297.75</ele>
      </trkpt>
      <trkpt lat="18.687863" lon="98.987193">
        <ele>297.75</ele>
      </trkpt>
      <trkpt lat="18.686968" lon="98.987353">
        <ele>298.0</ele>
      </trkpt>
      <trkpt lat="18.686737" lon="98.987428">
        <ele>298.0</ele>
      </trkpt>
      <trkpt lat="18.686378" lon="98.987578">
        <ele>298.25</ele>
      </trkpt>
      <trkpt lat="18.686154" lon="98.987718">
        <ele>298.5</ele>
      </trkpt>
      <trkpt lat="18.685686" lon="98.98807">
        <ele>299.0</ele>
      </trkpt>
      <trkpt lat="18.685569" lon="98.988152">
        <ele>299.0</ele>
      </trkpt>
      <trkpt lat="18.685523" lon="98.988176">
        <ele>299.25</ele>
      </trkpt>
      <trkpt lat="18.685475" lon="98.988187">
        <ele>299.25</ele>
      </trkpt>
      <trkpt lat="18.685432" lon="98.988176">
        <ele>299.25</ele>
      </trkpt>
      <trkpt lat="18.685389" lon="98.988144">
        <ele>299.25</ele>
      </trkpt>
      <trkpt lat="18.685171" lon="98.987892">
        <ele>299.25</ele>
      </trkpt>
      <trkpt lat="18.685051" lon="98.987765">
        <ele>299.25</ele>
      </trkpt>
      <trkpt lat="18.684917" lon="98.987661">
        <ele>299.0</ele>
      </trkpt>
      <trkpt lat="18.68444" lon="98.987417">
        <ele>298.0</ele>
      </trkpt>
      <trkpt lat="18.684285" lon="98.987291">
        <ele>297.25</ele>
      </trkpt>
      <trkpt lat="18.683932" lon="98.986906">
        <ele>296.5</ele>
      </trkpt>
      <trkpt lat="18.683864" lon="98.986849">
        <ele>296.5</ele>
      </trkpt>
      <trkpt lat="18.683777" lon="98.986807">
        <ele>296.75</ele>
      </trkpt>
      <trkpt lat="18.682948" lon="98.986619">
        <ele>298.0</ele>
      </trkpt>
      <trkpt lat="18.682787" lon="98.986538">
        <ele>298.0</ele>
      </trkpt>
      <trkpt lat="18.682599" lon="98.986428">
        <ele>298.5</ele>
      </trkpt>
      <trkpt lat="18.682294" lon="98.986127">
        <ele>299.0</ele>
      </trkpt>
      <trkpt lat="18.68219" lon="98.986057">
        <ele>299.0</ele>
      </trkpt>
      <trkpt lat="18.68207" lon="98.986006">
        <ele>298.75</ele>
      </trkpt>
      <trkpt lat="18.681377" lon="98.985896">
        <ele>297.5</ele>
      </trkpt>
      <trkpt lat="18.681214" lon="98.985907">
        <ele>297.25</ele>
      </trkpt>
      <trkpt lat="18.681053" lon="98.985998">
        <ele>297.25</ele>
      </trkpt>
      <trkpt lat="18.680832" lon="98.986089">
        <ele>297.0</ele>
      </trkpt>
      <trkpt lat="18.680539" lon="98.986102">
        <ele>298.0</ele>
      </trkpt>
      <trkpt lat="18.679859" lon="98.986102">
        <ele>300.25</ele>
      </trkpt>
      <trkpt lat="18.679834" lon="98.985974">
        <ele>300.0</ele>
      </trkpt>
      <trkpt lat="18.67983" lon="98.985875">
        <ele>300.0</ele>
      </trkpt>
      <trkpt lat="18.679835" lon="98.985664">
        <ele>300.5</ele>
      </trkpt>
      <trkpt lat="18.679856" lon="98.985413">
        <ele>301.25</ele>
      </trkpt>
      <trkpt lat="18.679849" lon="98.985315">
        <ele>301.5</ele>
      </trkpt>
      <trkpt lat="18.679827" lon="98.985272">
        <ele>301.5</ele>
      </trkpt>
      <trkpt lat="18.679803" lon="98.985242">
        <ele>301.75</ele>
      </trkpt>
      <trkpt lat="18.679584" lon="98.985045">
        <ele>301.75</ele>
      </trkpt>
      <trkpt lat="18.679439" lon="98.984936">
        <ele>301.25</ele>
      </trkpt>
      <trkpt lat="18.679254" lon="98.984829">
        <ele>300.5</ele>
      </trkpt>
      <trkpt lat="18.678767" lon="98.984668">
        <ele>299.0</ele>
      </trkpt>
      <trkpt lat="18.678434" lon="98.98452">
        <ele>298.5</ele>
      </trkpt>
      <trkpt lat="18.678025" lon="98.984413">
        <ele>298.25</ele>
      </trkpt>
      <trkpt lat="18.677791" lon="98.984315">
        <ele>298.25</ele>
      </trkpt>
      <trkpt lat="18.677347" lon="98.984005">
        <ele>297.75</ele>
      </trkpt>
      <trkpt lat="18.67714" lon="98.983869">
        <ele>297.5</ele>
      </trkpt>
      <trkpt lat="18.676781" lon="98.983366">
        <ele>297.0</ele>
      </trkpt>
      <trkpt lat="18.676623" lon="98.983145">
        <ele>297.25</ele>
      </trkpt>
      <trkpt lat="18.676466" lon="98.982961">
        <ele>297.25</ele>
      </trkpt>
      <trkpt lat="18.676379" lon="98.9829">
        <ele>297.5</ele>
      </trkpt>
      <trkpt lat="18.676287" lon="98.98286">
        <ele>297.5</ele>
      </trkpt>
      <trkpt lat="18.676034" lon="98.982779">
        <ele>297.25</ele>
      </trkpt>
      <trkpt lat="18.675839" lon="98.982703">
        <ele>297.0</ele>
      </trkpt>
      <trkpt lat="18.675717" lon="98.982631">
        <ele>297.25</ele>
      </trkpt>
      <trkpt lat="18.675595" lon="98.982519">
        <ele>297.5</ele>
      </trkpt>
      <trkpt lat="18.675526" lon="98.982411">
        <ele>297.75</ele>
      </trkpt>
      <trkpt lat="18.675463" lon="98.982283">
        <ele>298.0</ele>
      </trkpt>
      <trkpt lat="18.675275" lon="98.981765">
        <ele>298.5</ele>
      </trkpt>
      <trkpt lat="18.675245" lon="98.981722">
        <ele>298.5</ele>
      </trkpt>
      <trkpt lat="18.675176" lon="98.98166">
        <ele>298.75</ele>
      </trkpt>
      <trkpt lat="18.675146" lon="98.981648">
        <ele>298.75</ele>
      </trkpt>
      <trkpt lat="18.67494" lon="98.981603">
        <ele>298.75</ele>
      </trkpt>
      <trkpt lat="18.674433" lon="98.981372">
        <ele>298.5</ele>
      </trkpt>
      <trkpt lat="18.674354" lon="98.981325">
        <ele>298.25</ele>
      </trkpt>
      <trkpt lat="18.674295" lon="98.981282">
        <ele>298.25</ele>
      </trkpt>
      <trkpt lat="18.674178" lon="98.981157">
        <ele>298.25</ele>
      </trkpt>
      <trkpt lat="18.674117" lon="98.981065">
        <ele>298.25</ele>
      </trkpt>
      <trkpt lat="18.673888" lon="98.980621">
        <ele>298.5</ele>
      </trkpt>
      <trkpt lat="18.673746" lon="98.980345">
        <ele>299.25</ele>
      </trkpt>
      <trkpt lat="18.673461" lon="98.979551">
        <ele>301.0</ele>
      </trkpt>
      <trkpt lat="18.673237" lon="98.979122">
        <ele>301.5</ele>
      </trkpt>
      <trkpt lat="18.67316" lon="98.979052">
        <ele>301.0</ele>
      </trkpt>
      <trkpt lat="18.672742" lon="98.978676">
        <ele>299.5</ele>
      </trkpt>
      <trkpt lat="18.672404" lon="98.978371">
        <ele>299.0</ele>
      </trkpt>
      <trkpt lat="18.672246" lon="98.978217">
        <ele>298.75</ele>
      </trkpt>
      <trkpt lat="18.67214" lon="98.978092">
        <ele>298.5</ele>
      </trkpt>
      <trkpt lat="18.671741" lon="98.97775">
        <ele>298.75</ele>
      </trkpt>
      <trkpt lat="18.671512" lon="98.97749">
        <ele>298.75</ele>
      </trkpt>
      <trkpt lat="18.671424" lon="98.977337">
        <ele>298.25</ele>
      </trkpt>
      <trkpt lat="18.671328" lon="98.977167">
        <ele>298.0</ele>
      </trkpt>
      <trkpt lat="18.671192" lon="98.976886">
        <ele>297.75</ele>
      </trkpt>
      <trkpt lat="18.671118" lon="98.976753">
        <ele>297.5</ele>
      </trkpt>
      <trkpt lat="18.670961" lon="98.976611">
        <ele>297.75</ele>
      </trkpt>
      <trkpt lat="18.670788" lon="98.976465">
        <ele>298.0</ele>
      </trkpt>
      <trkpt lat="18.670672" lon="98.976408">
        <ele>298.0</ele>
      </trkpt>
      <trkpt lat="18.670557" lon="98.976373">
        <ele>298.0</ele>
      </trkpt>
      <trkpt lat="18.670371" lon="98.976365">
        <ele>298.25</ele>
      </trkpt>
      <trkpt lat="18.669939" lon="98.976358">
        <ele>298.5</ele>
      </trkpt>
      <trkpt lat="18.669722" lon="98.976362">
        <ele>298.75</ele>
      </trkpt>
      <trkpt lat="18.669411" lon="98.976307">
        <ele>299.0</ele>
      </trkpt>
      <trkpt lat="18.669192" lon="98.976268">
        <ele>299.25</ele>
      </trkpt>
      <trkpt lat="18.669125" lon="98.97625">
        <ele>299.25</ele>
      </trkpt>
      <trkpt lat="18.668867" lon="98.976182">
        <ele>299.0</ele>
      </trkpt>
      <trkpt lat="18.668176" lon="98.975796">
        <ele>297.75</ele>
      </trkpt>
      <trkpt lat="18.667783" lon="98.975491">
        <ele>297.75</ele>
      </trkpt>
      <trkpt lat="18.667485" lon="98.975259">
        <ele>298.0</ele>
      </trkpt>
      <trkpt lat="18.666979" lon="98.974675">
        <ele>298.0</ele>
      </trkpt>
      <trkpt lat="18.66676" lon="98.974461">
        <ele>298.0</ele>
      </trkpt>
      <trkpt lat="18.666546" lon="98.974329">
        <ele>298.25</ele>
      </trkpt>
      <trkpt lat="18.666429" lon="98.97428">
        <ele>298.5</ele>
      </trkpt>
      <trkpt lat="18.6663" lon="98.974244">
        <ele>298.75</ele>
      </trkpt>
      <trkpt lat="18.666142" lon="98.97422">
        <ele>299.0</ele>
      </trkpt>
      <trkpt lat="18.666108" lon="98.974215">
        <ele>299.25</ele>
      </trkpt>
      <trkpt lat="18.666049" lon="98.974208">
        <ele>299.25</ele>
      </trkpt>
      <trkpt lat="18.665767" lon="98.974208">
        <ele>299.75</ele>
      </trkpt>
      <trkpt lat="18.665483" lon="98.974265">
        <ele>299.25</ele>
      </trkpt>
      <trkpt lat="18.665217" lon="98.974355">
        <ele>298.75</ele>
      </trkpt>
      <trkpt lat="18.66467" lon="98.97456">
        <ele>297.0</ele>
      </trkpt>
      <trkpt lat="18.664484" lon="98.974671">
        <ele>296.25</ele>
      </trkpt>
      <trkpt lat="18.664313" lon="98.974809">
        <ele>296.0</ele>
      </trkpt>
      <trkpt lat="18.663608" lon="98.975756">
        <ele>295.5</ele>
      </trkpt>
      <trkpt lat="18.66331" lon="98.976062">
        <ele>295.25</ele>
      </trkpt>
      <trkpt lat="18.663109" lon="98.976203">
        <ele>295.75</ele>
      </trkpt>
      <trkpt lat="18.66289" lon="98.976234">
        <ele>296.25</ele>
      </trkpt>
      <trkpt lat="18.662725" lon="98.976213">
        <ele>296.5</ele>
      </trkpt>
      <trkpt lat="18.662491" lon="98.976124">
        <ele>297.0</ele>
      </trkpt>
      <trkpt lat="18.662231" lon="98.975986">
        <ele>297.5</ele>
      </trkpt>
      <trkpt lat="18.661752" lon="98.975603">
        <ele>298.75</ele>
      </trkpt>
      <trkpt lat="18.661406" lon="98.975259">
        <ele>298.5</ele>
      </trkpt>
      <trkpt lat="18.661153" lon="98.975076">
        <ele>297.75</ele>
      </trkpt>
      <trkpt lat="18.660899" lon="98.974963">
        <ele>297.0</ele>
      </trkpt>
      <trkpt lat="18.660757" lon="98.974909">
        <ele>296.75</ele>
      </trkpt>
      <trkpt lat="18.660485" lon="98.974874">
        <ele>296.75</ele>
      </trkpt>
      <trkpt lat="18.659923" lon="98.974859">
        <ele>296.75</ele>
      </trkpt>
      <trkpt lat="18.659627" lon="98.974844">
        <ele>296.5</ele>
      </trkpt>
      <trkpt lat="18.659381" lon="98.974749">
        <ele>296.25</ele>
      </trkpt>
      <trkpt lat="18.659213" lon="98.974664">
        <ele>296.0</ele>
      </trkpt>
      <trkpt lat="18.659151" lon="98.974614">
        <ele>296.0</ele>
      </trkpt>
      <trkpt lat="18.659034" lon="98.974477">
        <ele>295.75</ele>
      </trkpt>
      <trkpt lat="18.658901" lon="98.974128">
        <ele>295.0</ele>
      </trkpt>
      <trkpt lat="18.658779" lon="98.973963">
        <ele>295.0</ele>
      </trkpt>
      <trkpt lat="18.658195" lon="98.973432">
        <ele>295.0</ele>
      </trkpt>
      <trkpt lat="18.658042" lon="98.973281">
        <ele>295.25</ele>
      </trkpt>
      <trkpt lat="18.657827" lon="98.97304">
        <ele>296.0</ele>
      </trkpt>
      <trkpt lat="18.657403" lon="98.972795">
        <ele>296.0</ele>
      </trkpt>
      <trkpt lat="18.657197" lon="98.972766">
        <ele>296.25</ele>
      </trkpt>
      <trkpt lat="18.656868" lon="98.972799">
        <ele>296.75</ele>
      </trkpt>
      <trkpt lat="18.656421" lon="98.972912">
        <ele>297.0</ele>
      </trkpt>
      <trkpt lat="18.656153" lon="98.972979">
        <ele>297.25</ele>
      </trkpt>
      <trkpt lat="18.655922" lon="98.972963">
        <ele>297.25</ele>
      </trkpt>
      <trkpt lat="18.655715" lon="98.972858">
        <ele>297.0</ele>
      </trkpt>
      <trkpt lat="18.655432" lon="98.972715">
        <ele>296.25</ele>
      </trkpt>
      <trkpt lat="18.654535" lon="98.972263">
        <ele>295.0</ele>
      </trkpt>
      <trkpt lat="18.654288" lon="98.972138">
        <ele>295.0</ele>
      </trkpt>
      <trkpt lat="18.654217" lon="98.972102">
        <ele>295.0</ele>
      </trkpt>
      <trkpt lat="18.654112" lon="98.972046">
        <ele>295.0</ele>
      </trkpt>
      <trkpt lat="18.653701" lon="98.971826">
        <ele>295.5</ele>
      </trkpt>
      <trkpt lat="18.653487" lon="98.971645">
        <ele>295.75</ele>
      </trkpt>
      <trkpt lat="18.653396" lon="98.971501">
        <ele>296.25</ele>
      </trkpt>
      <trkpt lat="18.65334" lon="98.971385">
        <ele>296.5</ele>
      </trkpt>
      <trkpt lat="18.65326" lon="98.971219">
        <ele>297.0</ele>
      </trkpt>
      <trkpt lat="18.6531" lon="98.97097">
        <ele>297.0</ele>
      </trkpt>
      <trkpt lat="18.652961" lon="98.970825">
        <ele>297.0</ele>
      </trkpt>
      <trkpt lat="18.652276" lon="98.970318">
        <ele>296.0</ele>
      </trkpt>
      <trkpt lat="18.651655" lon="98.96991">
        <ele>296.0</ele>
      </trkpt>
      <trkpt lat="18.651351" lon="98.969711">
        <ele>296.5</ele>
      </trkpt>
      <trkpt lat="18.651317" lon="98.969689">
        <ele>296.5</ele>
      </trkpt>
      <trkpt lat="18.650941" lon="98.969442">
        <ele>296.75</ele>
      </trkpt>
      <trkpt lat="18.650713" lon="98.969223">
        <ele>297.0</ele>
      </trkpt>
      <trkpt lat="18.650689" lon="98.9692">
        <ele>297.0</ele>
      </trkpt>
      <trkpt lat="18.650479" lon="98.968873">
        <ele>296.75</ele>
      </trkpt>
      <trkpt lat="18.650442" lon="98.968773">
        <ele>296.5</ele>
      </trkpt>
      <trkpt lat="18.650339" lon="98.968499">
        <ele>296.5</ele>
      </trkpt>
      <trkpt lat="18.650255" lon="98.968272">
        <ele>296.75</ele>
      </trkpt>
      <trkpt lat="18.649993" lon="98.967824">
        <ele>298.0</ele>
      </trkpt>
      <trkpt lat="18.64991" lon="98.967682">
        <ele>298.5</ele>
      </trkpt>
      <trkpt lat="18.649484" lon="98.967128">
        <ele>299.25</ele>
      </trkpt>
      <trkpt lat="18.649348" lon="98.966887">
        <ele>299.0</ele>
      </trkpt>
      <trkpt lat="18.649117" lon="98.96619">
        <ele>298.0</ele>
      </trkpt>
      <trkpt lat="18.64894" lon="98.965914">
        <ele>297.0</ele>
      </trkpt>
      <trkpt lat="18.648625" lon="98.965542">
        <ele>295.5</ele>
      </trkpt>
      <trkpt lat="18.648136" lon="98.96512">
        <ele>295.75</ele>
      </trkpt>
      <trkpt lat="18.647907" lon="98.964936">
        <ele>296.0</ele>
      </trkpt>
      <trkpt lat="18.647618" lon="98.964718">
        <ele>296.0</ele>
      </trkpt>
      <trkpt lat="18.647253" lon="98.964464">
        <ele>295.75</ele>
      </trkpt>
      <trkpt lat="18.646542" lon="98.964084">
        <ele>295.0</ele>
      </trkpt>
      <trkpt lat="18.646282" lon="98.963986">
        <ele>295.5</ele>
      </trkpt>
      <trkpt lat="18.645357" lon="98.963642">
        <ele>296.5</ele>
      </trkpt>
      <trkpt lat="18.64502" lon="98.96354">
        <ele>296.0</ele>
      </trkpt>
      <trkpt lat="18.644952" lon="98.963493">
        <ele>295.75</ele>
      </trkpt>
      <trkpt lat="18.644679" lon="98.963342">
        <ele>295.0</ele>
      </trkpt>
      <trkpt lat="18.644369" lon="98.963106">
        <ele>294.75</ele>
      </trkpt>
      <trkpt lat="18.644169" lon="98.962875">
        <ele>295.0</ele>
      </trkpt>
      <trkpt lat="18.644008" lon="98.962709">
        <ele>295.5</ele>
      </trkpt>
      <trkpt lat="18.643658" lon="98.962392">
        <ele>295.75</ele>
      </trkpt>
      <trkpt lat="18.643329" lon="98.962217">
        <ele>295.75</ele>
      </trkpt>
      <trkpt lat="18.64313" lon="98.962174">
        <ele>295.75</ele>
      </trkpt>
      <trkpt lat="18.642657" lon="98.962137">
        <ele>295.5</ele>
      </trkpt>
      <trkpt lat="18.641545" lon="98.962124">
        <ele>294.5</ele>
      </trkpt>
      <trkpt lat="18.641205" lon="98.962124">
        <ele>294.75</ele>
      </trkpt>
      <trkpt lat="18.640554" lon="98.96207">
        <ele>295.25</ele>
      </trkpt>
      <trkpt lat="18.640191" lon="98.962021">
        <ele>295.75</ele>
      </trkpt>
      <trkpt lat="18.63971" lon="98.962004">
        <ele>295.75</ele>
      </trkpt>
      <trkpt lat="18.639022" lon="98.961856">
        <ele>295.25</ele>
      </trkpt>
      <trkpt lat="18.638758" lon="98.961824">
        <ele>295.75</ele>
      </trkpt>
      <trkpt lat="18.63863" lon="98.961834">
        <ele>296.0</ele>
      </trkpt>
      <trkpt lat="18.638514" lon="98.961845">
        <ele>296.25</ele>
      </trkpt>
      <trkpt lat="18.638056" lon="98.962028">
        <ele>296.0</ele>
      </trkpt>
      <trkpt lat="18.637446" lon="98.96236">
        <ele>295.0</ele>
      </trkpt>
      <trkpt lat="18.637173" lon="98.962574">
        <ele>295.0</ele>
      </trkpt>
      <trkpt lat="18.636558" lon="98.963098">
        <ele>295.25</ele>
      </trkpt>
      <trkpt lat="18.63642" lon="98.963166">
        <ele>295.25</ele>
      </trkpt>
      <trkpt lat="18.636323" lon="98.963174">
        <ele>295.0</ele>
      </trkpt>
      <trkpt lat="18.636228" lon="98.96317">
        <ele>294.75</ele>
      </trkpt>
      <trkpt lat="18.636126" lon="98.963149">
        <ele>294.5</ele>
      </trkpt>
      <trkpt lat="18.635428" lon="98.963006">
        <ele>294.5</ele>
      </trkpt>
      <trkpt lat="18.6347" lon="98.962856">
        <ele>294.5</ele>
      </trkpt>
      <trkpt lat="18.63453" lon="98.962839">
        <ele>294.5</ele>
      </trkpt>
      <trkpt lat="18.634292" lon="98.962878">
        <ele>294.5</ele>
      </trkpt>
      <trkpt lat="18.634231" lon="98.962899">
        <ele>294.5</ele>
      </trkpt>
      <trkpt lat="18.634143" lon="98.962942">
        <ele>294.5</ele>
      </trkpt>
      <trkpt lat="18.633828" lon="98.963175">
        <ele>295.5</ele>
      </trkpt>
      <trkpt lat="18.633687" lon="98.963253">
        <ele>295.75</ele>
      </trkpt>
      <trkpt lat="18.633024" lon="98.963588">
        <ele>296.0</ele>
      </trkpt>
      <trkpt lat="18.632992" lon="98.963603">
        <ele>296.0</ele>
      </trkpt>
      <trkpt lat="18.632935" lon="98.963657">
        <ele>295.75</ele>
      </trkpt>
      <trkpt lat="18.632714" lon="98.963799">
        <ele>295.25</ele>
      </trkpt>
      <trkpt lat="18.632717" lon="98.963885">
        <ele>295.0</ele>
      </trkpt>
      <trkpt lat="18.632696" lon="98.964163">
        <ele>294.25</ele>
      </trkpt>
      <trkpt lat="18.632643" lon="98.964613">
        <ele>294.5</ele>
      </trkpt>
      <trkpt lat="18.632588" lon="98.964927">
        <ele>294.75</ele>
      </trkpt>
      <trkpt lat="18.63246" lon="98.965681">
        <ele>294.0</ele>
      </trkpt>
      <trkpt lat="18.632284" lon="98.966086">
        <ele>292.75</ele>
      </trkpt>
      <trkpt lat="18.631982" lon="98.966629">
        <ele>291.25</ele>
      </trkpt>
      <trkpt lat="18.631903" lon="98.96681">
        <ele>291.25</ele>
      </trkpt>
      <trkpt lat="18.631879" lon="98.967012">
        <ele>291.5</ele>
      </trkpt>
      <trkpt lat="18.631866" lon="98.96723">
        <ele>291.5</ele>
      </trkpt>
      <trkpt lat="18.631835" lon="98.967447">
        <ele>291.75</ele>
      </trkpt>
      <trkpt lat="18.631788" lon="98.967608">
        <ele>291.75</ele>
      </trkpt>
      <trkpt lat="18.631727" lon="98.967731">
        <ele>292.0</ele>
      </trkpt>
      <trkpt lat="18.631664" lon="98.967838">
        <ele>292.25</ele>
      </trkpt>
      <trkpt lat="18.631329" lon="98.968257">
        <ele>292.5</ele>
      </trkpt>
      <trkpt lat="18.630988" lon="98.968736">
        <ele>291.5</ele>
      </trkpt>
      <trkpt lat="18.630817" lon="98.969028">
        <ele>291.0</ele>
      </trkpt>
      <trkpt lat="18.630462" lon="98.969558">
        <ele>291.75</ele>
      </trkpt>
      <trkpt lat="18.629979" lon="98.970159">
        <ele>294.0</ele>
      </trkpt>
      <trkpt lat="18.629834" lon="98.970278">
        <ele>293.75</ele>
      </trkpt>
      <trkpt lat="18.629618" lon="98.970431">
        <ele>293.25</ele>
      </trkpt>
      <trkpt lat="18.629322" lon="98.970761">
        <ele>292.75</ele>
      </trkpt>
      <trkpt lat="18.629145" lon="98.970994">
        <ele>292.5</ele>
      </trkpt>
      <trkpt lat="18.628925" lon="98.971445">
        <ele>291.5</ele>
      </trkpt>
      <trkpt lat="18.628653" lon="98.972066">
        <ele>290.75</ele>
      </trkpt>
      <trkpt lat="18.628445" lon="98.972459">
        <ele>290.75</ele>
      </trkpt>
      <trkpt lat="18.628341" lon="98.972654">
        <ele>291.0</ele>
      </trkpt>
      <trkpt lat="18.628217" lon="98.972799">
        <ele>291.25</ele>
      </trkpt>
      <trkpt lat="18.627471" lon="98.973437">
        <ele>293.25</ele>
      </trkpt>
      <trkpt lat="18.627446" lon="98.973463">
        <ele>293.25</ele>
      </trkpt>
      <trkpt lat="18.627361" lon="98.973542">
        <ele>293.5</ele>
      </trkpt>
      <trkpt lat="18.627324" lon="98.97358">
        <ele>293.5</ele>
      </trkpt>
      <trkpt lat="18.627293" lon="98.973553">
        <ele>293.5</ele>
      </trkpt>
      <trkpt lat="18.627154" lon="98.97343">
        <ele>293.5</ele>
      </trkpt>
      <trkpt lat="18.626988" lon="98.973304">
        <ele>293.5</ele>
      </trkpt>
      <trkpt lat="18.626692" lon="98.97316">
        <ele>293.25</ele>
      </trkpt>
      <trkpt lat="18.626328" lon="98.973061">
        <ele>293.0</ele>
      </trkpt>
      <trkpt lat="18.625998" lon="98.97288">
        <ele>292.75</ele>
      </trkpt>
      <trkpt lat="18.625532" lon="98.972751">
        <ele>293.5</ele>
      </trkpt>
      <trkpt lat="18.625341" lon="98.972664">
        <ele>294.0</ele>
      </trkpt>
      <trkpt lat="18.625166" lon="98.972545">
        <ele>294.25</ele>
      </trkpt>
      <trkpt lat="18.624924" lon="98.972333">
        <ele>294.5</ele>
      </trkpt>
      <trkpt lat="18.624599" lon="98.972027">
        <ele>294.5</ele>
      </trkpt>
      <trkpt lat="18.624277" lon="98.971637">
        <ele>294.5</ele>
      </trkpt>
      <trkpt lat="18.624112" lon="98.971366">
        <ele>293.75</ele>
      </trkpt>
      <trkpt lat="18.623969" lon="98.97116">
        <ele>293.25</ele>
      </trkpt>
      <trkpt lat="18.623826" lon="98.970989">
        <ele>293.0</ele>
      </trkpt>
      <trkpt lat="18.623404" lon="98.970705">
        <ele>293.5</ele>
      </trkpt>
      <trkpt lat="18.622829" lon="98.970532">
        <ele>292.5</ele>
      </trkpt>
      <trkpt lat="18.622145" lon="98.970576">
        <ele>293.0</ele>
      </trkpt>
      <trkpt lat="18.621833" lon="98.970525">
        <ele>293.5</ele>
      </trkpt>
      <trkpt lat="18.621566" lon="98.970418">
        <ele>293.5</ele>
      </trkpt>
      <trkpt lat="18.620969" lon="98.969943">
        <ele>292.75</ele>
      </trkpt>
      <trkpt lat="18.620748" lon="98.969688">
        <ele>292.75</ele>
      </trkpt>
      <trkpt lat="18.620562" lon="98.969433">
        <ele>293.25</ele>
      </trkpt>
      <trkpt lat="18.620326" lon="98.968873">
        <ele>294.5</ele>
      </trkpt>
      <trkpt lat="18.619894" lon="98.968246">
        <ele>295.75</ele>
      </trkpt>
      <trkpt lat="18.619853" lon="98.968186">
        <ele>295.75</ele>
      </trkpt>
      <trkpt lat="18.619363" lon="98.967644">
        <ele>295.0</ele>
      </trkpt>
      <trkpt lat="18.618978" lon="98.967362">
        <ele>294.25</ele>
      </trkpt>
      <trkpt lat="18.618792" lon="98.967299">
        <ele>293.75</ele>
      </trkpt>
      <trkpt lat="18.618099" lon="98.967236">
        <ele>293.5</ele>
      </trkpt>
      <trkpt lat="18.617667" lon="98.967275">
        <ele>293.75</ele>
      </trkpt>
      <trkpt lat="18.617319" lon="98.967328">
        <ele>294.0</ele>
      </trkpt>
      <trkpt lat="18.616575" lon="98.967495">
        <ele>294.0</ele>
      </trkpt>
      <trkpt lat="18.616371" lon="98.9676">
        <ele>294.0</ele>
      </trkpt>
      <trkpt lat="18.616117" lon="98.967794">
        <ele>294.25</ele>
      </trkpt>
      <trkpt lat="18.61588" lon="98.967918">
        <ele>294.25</ele>
      </trkpt>
      <trkpt lat="18.615815" lon="98.967926">
        <ele>294.5</ele>
      </trkpt>
      <trkpt lat="18.615697" lon="98.967918">
        <ele>294.5</ele>
      </trkpt>
      <trkpt lat="18.615603" lon="98.967869">
        <ele>294.5</ele>
      </trkpt>
      <trkpt lat="18.615407" lon="98.967671">
        <ele>294.75</ele>
      </trkpt>
      <trkpt lat="18.615219" lon="98.967433">
        <ele>294.75</ele>
      </trkpt>
      <trkpt lat="18.614773" lon="98.967613">
        <ele>294.75</ele>
      </trkpt>
      <trkpt lat="18.614601" lon="98.967557">
        <ele>294.75</ele>
      </trkpt>
      <trkpt lat="18.614498" lon="98.967368">
        <ele>294.75</ele>
      </trkpt>
      <trkpt lat="18.61428" lon="98.967067">
        <ele>295.25</ele>
      </trkpt>
      <trkpt lat="18.614125" lon="98.966893">
        <ele>295.5</ele>
      </trkpt>
      <trkpt lat="18.61405" lon="98.966819">
        <ele>295.25</ele>
      </trkpt>
      <trkpt lat="18.613845" lon="98.966664">
        <ele>294.25</ele>
      </trkpt>
      <trkpt lat="18.613749" lon="98.966619">
        <ele>293.75</ele>
      </trkpt>
      <trkpt lat="18.613648" lon="98.96659">
        <ele>293.25</ele>
      </trkpt>
      <trkpt lat="18.61354" lon="98.966571">
        <ele>292.75</ele>
      </trkpt>
      <trkpt lat="18.613225" lon="98.966574">
        <ele>292.0</ele>
      </trkpt>
      <trkpt lat="18.612931" lon="98.96659">
        <ele>292.25</ele>
      </trkpt>
      <trkpt lat="18.612667" lon="98.966574">
        <ele>292.5</ele>
      </trkpt>
      <trkpt lat="18.612385" lon="98.966516">
        <ele>292.75</ele>
      </trkpt>
      <trkpt lat="18.612023" lon="98.966335">
        <ele>293.5</ele>
      </trkpt>
      <trkpt lat="18.611544" lon="98.965956">
        <ele>294.0</ele>
      </trkpt>
      <trkpt lat="18.611326" lon="98.965851">
        <ele>293.75</ele>
      </trkpt>
      <trkpt lat="18.611189" lon="98.965803">
        <ele>294.0</ele>
      </trkpt>
      <trkpt lat="18.610855" lon="98.965682">
        <ele>294.25</ele>
      </trkpt>
      <trkpt lat="18.610626" lon="98.96564">
        <ele>294.5</ele>
      </trkpt>
      <trkpt lat="18.610451" lon="98.965622">
        <ele>294.5</ele>
      </trkpt>
      <trkpt lat="18.610243" lon="98.965612">
        <ele>294.5</ele>
      </trkpt>
      <trkpt lat="18.609999" lon="98.965632">
        <ele>294.75</ele>
      </trkpt>
      <trkpt lat="18.609847" lon="98.965657">
        <ele>294.5</ele>
      </trkpt>
      <trkpt lat="18.609487" lon="98.965753">
        <ele>294.25</ele>
      </trkpt>
      <trkpt lat="18.609185" lon="98.965907">
        <ele>294.0</ele>
      </trkpt>
      <trkpt lat="18.608381" lon="98.966398">
        <ele>292.75</ele>
      </trkpt>
      <trkpt lat="18.607947" lon="98.966606">
        <ele>292.75</ele>
      </trkpt>
      <trkpt lat="18.607792" lon="98.966688">
        <ele>292.75</ele>
      </trkpt>
      <trkpt lat="18.607541" lon="98.966874">
        <ele>292.75</ele>
      </trkpt>
      <trkpt lat="18.607459" lon="98.966975">
        <ele>292.5</ele>
      </trkpt>
      <trkpt lat="18.607019" lon="98.967443">
        <ele>292.0</ele>
      </trkpt>
      <trkpt lat="18.606732" lon="98.967795">
        <ele>293.0</ele>
      </trkpt>
      <trkpt lat="18.606561" lon="98.967997">
        <ele>293.5</ele>
      </trkpt>
      <trkpt lat="18.606124" lon="98.968592">
        <ele>294.0</ele>
      </trkpt>
      <trkpt lat="18.606053" lon="98.968716">
        <ele>293.75</ele>
      </trkpt>
      <trkpt lat="18.605649" lon="98.969275">
        <ele>292.75</ele>
      </trkpt>
      <trkpt lat="18.605531" lon="98.96945">
        <ele>292.75</ele>
      </trkpt>
      <trkpt lat="18.605311" lon="98.969753">
        <ele>292.5</ele>
      </trkpt>
      <trkpt lat="18.604801" lon="98.970316">
        <ele>293.0</ele>
      </trkpt>
      <trkpt lat="18.604597" lon="98.970492">
        <ele>293.5</ele>
      </trkpt>
      <trkpt lat="18.604386" lon="98.97066">
        <ele>293.75</ele>
      </trkpt>
      <trkpt lat="18.604162" lon="98.970896">
        <ele>293.75</ele>
      </trkpt>
      <trkpt lat="18.604162" lon="98.970896">
        <ele>293.75</ele>
      </trkpt>
      <trkpt lat="18.604114" lon="98.970948">
        <ele>293.75</ele>
      </trkpt>
      <trkpt lat="18.603832" lon="98.97133">
        <ele>293.0</ele>
      </trkpt>
      <trkpt lat="18.604093" lon="98.971425">
        <ele>293.0</ele>
      </trkpt>
      <trkpt lat="18.604201" lon="98.971461">
        <ele>293.25</ele>
      </trkpt>
      <trkpt lat="18.603558" lon="98.972776">
        <ele>292.75</ele>
      </trkpt>
      <trkpt lat="18.6032" lon="98.973511">
        <ele>292.75</ele>
      </trkpt>
      <trkpt lat="18.603095" lon="98.973695">
        <ele>292.5</ele>
      </trkpt>
      <trkpt lat="18.603079" lon="98.973884">
        <ele>292.5</ele>
      </trkpt>
      <trkpt lat="18.603125" lon="98.974001">
        <ele>292.25</ele>
      </trkpt>
      <trkpt lat="18.603236" lon="98.974116">
        <ele>292.0</ele>
      </trkpt>
      <trkpt lat="18.603267" lon="98.974141">
        <ele>292.0</ele>
      </trkpt>
      <trkpt lat="18.603681" lon="98.974476">
        <ele>290.75</ele>
      </trkpt>
      <trkpt lat="18.603617" lon="98.974569">
        <ele>291.0</ele>
      </trkpt>
      <trkpt lat="18.602936" lon="98.975554">
        <ele>291.25</ele>
      </trkpt>
      <trkpt lat="18.602916" lon="98.975608">
        <ele>291.25</ele>
      </trkpt>
      <trkpt lat="18.602916" lon="98.975664">
        <ele>291.25</ele>
      </trkpt>
      <trkpt lat="18.602933" lon="98.975707">
        <ele>291.0</ele>
      </trkpt>
      <trkpt lat="18.60296" lon="98.975742">
        <ele>290.75</ele>
      </trkpt>
      <trkpt lat="18.603044" lon="98.975806">
        <ele>290.25</ele>
      </trkpt>
      <trkpt lat="18.603062" lon="98.975841">
        <ele>290.25</ele>
      </trkpt>
      <trkpt lat="18.603097" lon="98.976013">
        <ele>290.0</ele>
      </trkpt>
      <trkpt lat="18.603148" lon="98.976064">
        <ele>290.0</ele>
      </trkpt>
      <trkpt lat="18.603839" lon="98.97652">
        <ele>290.5</ele>
      </trkpt>
      <trkpt lat="18.604054" lon="98.976365">
        <ele>290.75</ele>
      </trkpt>
      <trkpt lat="18.604036" lon="98.976327">
        <ele>290.75</ele>
      </trkpt>
      <trkpt lat="18.604027" lon="98.976286">
        <ele>290.75</ele>
      </trkpt>
      <trkpt lat="18.604026" lon="98.976244">
        <ele>290.5</ele>
      </trkpt>
      <trkpt lat="18.604035" lon="98.976202">
        <ele>290.75</ele>
      </trkpt>
      <trkpt lat="18.604051" lon="98.976164">
        <ele>290.75</ele>
      </trkpt>
      <trkpt lat="18.604076" lon="98.97613">
        <ele>290.75</ele>
      </trkpt>
      <trkpt lat="18.604107" lon="98.976103">
        <ele>290.75</ele>
      </trkpt>
      <trkpt lat="18.604143" lon="98.976084">
        <ele>290.75</ele>
      </trkpt>
      <trkpt lat="18.604182" lon="98.976074">
        <ele>291.0</ele>
      </trkpt>
      <trkpt lat="18.604222" lon="98.976074">
        <ele>291.0</ele>
      </trkpt>
      <trkpt lat="18.604261" lon="98.976082">
        <ele>291.0</ele>
      </trkpt>
      <trkpt lat="18.604298" lon="98.9761">
        <ele>291.0</ele>
      </trkpt>
      <trkpt lat="18.60433" lon="98.976126">
        <ele>291.0</ele>
      </trkpt>
      <trkpt lat="18.60433" lon="98.976126">
        <ele>291.0</ele>
      </trkpt>
      <trkpt lat="18.604355" lon="98.976159">
        <ele>291.0</ele>
      </trkpt>
      <trkpt lat="18.604421" lon="98.976046">
        <ele>291.0</ele>
      </trkpt>
      <trkpt lat="18.604675" lon="98.975703">
        <ele>290.75</ele>
      </trkpt>
      <trkpt lat="18.604702" lon="98.975666">
        <ele>290.75</ele>
      </trkpt>
      <trkpt lat="18.60475" lon="98.975611">
        <ele>290.5</ele>
      </trkpt>
      <trkpt lat="18.605101" lon="98.975908">
        <ele>290.75</ele>
      </trkpt>
      <trkpt lat="18.605198" lon="98.97602">
        <ele>290.5</ele>
      </trkpt>
      <trkpt lat="18.605223" lon="98.976098">
        <ele>290.25</ele>
      </trkpt>
      <trkpt lat="18.605303" lon="98.976273">
        <ele>290.0</ele>
      </trkpt>
      <trkpt lat="18.605335" lon="98.97638">
        <ele>289.75</ele>
      </trkpt>
      <trkpt lat="18.605375" lon="98.976613">
        <ele>289.25</ele>
      </trkpt>
      <trkpt lat="18.605415" lon="98.976747">
        <ele>289.0</ele>
      </trkpt>
      <trkpt lat="18.60617" lon="98.975857">
        <ele>290.25</ele>
      </trkpt>
      <trkpt lat="18.60704" lon="98.97656">
        <ele>290.25</ele>
      </trkpt>
      <trkpt lat="18.607459" lon="98.976865">
        <ele>290.25</ele>
      </trkpt>
      <trkpt lat="18.608085" lon="98.97733">
        <ele>289.75</ele>
      </trkpt>
      <trkpt lat="18.609257" lon="98.978233">
        <ele>291.75</ele>
      </trkpt>
      <trkpt lat="18.609697" lon="98.977403">
        <ele>290.75</ele>
      </trkpt>
      <trkpt lat="18.610237" lon="98.976679">
        <ele>292.25</ele>
      </trkpt>
      <trkpt lat="18.610596" lon="98.976094">
        <ele>292.5</ele>
      </trkpt>
      <trkpt lat="18.61141" lon="98.976771">
        <ele>293.0</ele>
      </trkpt>
      <trkpt lat="18.611654" lon="98.976961">
        <ele>293.0</ele>
      </trkpt>
      <trkpt lat="18.612083" lon="98.977253">
        <ele>292.25</ele>
      </trkpt>
      <trkpt lat="18.612082" lon="98.977252">
        <ele>292.25</ele>
      </trkpt>
      <trkpt lat="18.612427" lon="98.977487">
        <ele>292.0</ele>
      </trkpt>
      <trkpt lat="18.612903" lon="98.977768">
        <ele>292.25</ele>
      </trkpt>
      <trkpt lat="18.613675" lon="98.978232">
        <ele>292.25</ele>
      </trkpt>
      <trkpt lat="18.614299" lon="98.978515">
        <ele>291.5</ele>
      </trkpt>
      <trkpt lat="18.614993" lon="98.978874">
        <ele>293.5</ele>
      </trkpt>
      <trkpt lat="18.615168" lon="98.978987">
        <ele>294.0</ele>
      </trkpt>
      <trkpt lat="18.615288" lon="98.979143">
        <ele>294.25</ele>
      </trkpt>
      <trkpt lat="18.615392" lon="98.979397">
        <ele>293.75</ele>
      </trkpt>
      <trkpt lat="18.615435" lon="98.979668">
        <ele>293.25</ele>
      </trkpt>
      <trkpt lat="18.615559" lon="98.980652">
        <ele>293.25</ele>
      </trkpt>
      <trkpt lat="18.615716" lon="98.981498">
        <ele>293.5</ele>
      </trkpt>
      <trkpt lat="18.615763" lon="98.981834">
        <ele>293.75</ele>
      </trkpt>
      <trkpt lat="18.615817" lon="98.982685">
        <ele>293.75</ele>
      </trkpt>
      <trkpt lat="18.615818" lon="98.982966">
        <ele>294.0</ele>
      </trkpt>
      <trkpt lat="18.616036" lon="98.982986">
        <ele>293.75</ele>
      </trkpt>
      <trkpt lat="18.616176" lon="98.982995">
        <ele>293.5</ele>
      </trkpt>
      <trkpt lat="18.616451" lon="98.983008">
        <ele>293.25</ele>
      </trkpt>
      <trkpt lat="18.616473" lon="98.983225">
        <ele>293.0</ele>
      </trkpt>
      <trkpt lat="18.616573" lon="98.983463">
        <ele>293.5</ele>
      </trkpt>
      <trkpt lat="18.616649" lon="98.983603">
        <ele>293.75</ele>
      </trkpt>
      <trkpt lat="18.616773" lon="98.983745">
        <ele>294.0</ele>
      </trkpt>
      <trkpt lat="18.616887" lon="98.98386">
        <ele>294.25</ele>
      </trkpt>
      <trkpt lat="18.617013" lon="98.983951">
        <ele>294.0</ele>
      </trkpt>
      <trkpt lat="18.617172" lon="98.984007">
        <ele>293.75</ele>
      </trkpt>
      <trkpt lat="18.617326" lon="98.984041">
        <ele>293.25</ele>
      </trkpt>
      <trkpt lat="18.617731" lon="98.984146">
        <ele>293.25</ele>
      </trkpt>
      <trkpt lat="18.618005" lon="98.984216">
        <ele>293.5</ele>
      </trkpt>
      <trkpt lat="18.61834" lon="98.984309">
        <ele>293.5</ele>
      </trkpt>
      <trkpt lat="18.618705" lon="98.984434">
        <ele>293.75</ele>
      </trkpt>
      <trkpt lat="18.619197" lon="98.984556">
        <ele>294.75</ele>
      </trkpt>
      <trkpt lat="18.619381" lon="98.984635">
        <ele>295.0</ele>
      </trkpt>
      <trkpt lat="18.619504" lon="98.984712">
        <ele>295.25</ele>
      </trkpt>
      <trkpt lat="18.619784" lon="98.984923">
        <ele>295.75</ele>
      </trkpt>
      <trkpt lat="18.620016" lon="98.985076">
        <ele>295.75</ele>
      </trkpt>
      <trkpt lat="18.620153" lon="98.98521">
        <ele>295.25</ele>
      </trkpt>
      <trkpt lat="18.620203" lon="98.985278">
        <ele>295.0</ele>
      </trkpt>
      <trkpt lat="18.620248" lon="98.985358">
        <ele>294.75</ele>
      </trkpt>
      <trkpt lat="18.620434" lon="98.985873">
        <ele>294.25</ele>
      </trkpt>
      <trkpt lat="18.620558" lon="98.986226">
        <ele>294.25</ele>
      </trkpt>
      <trkpt lat="18.620722" lon="98.986559">
        <ele>294.5</ele>
      </trkpt>
      <trkpt lat="18.620895" lon="98.98683">
        <ele>294.5</ele>
      </trkpt>
      <trkpt lat="18.621431" lon="98.987508">
        <ele>293.5</ele>
      </trkpt>
      <trkpt lat="18.622307" lon="98.988709">
        <ele>293.75</ele>
      </trkpt>
      <trkpt lat="18.622574" lon="98.989181">
        <ele>293.0</ele>
      </trkpt>
      <trkpt lat="18.622763" lon="98.989487">
        <ele>293.25</ele>
      </trkpt>
      <trkpt lat="18.622954" lon="98.989796">
        <ele>293.25</ele>
      </trkpt>
      <trkpt lat="18.623006" lon="98.98991">
        <ele>293.25</ele>
      </trkpt>
      <trkpt lat="18.623114" lon="98.990096">
        <ele>293.25</ele>
      </trkpt>
      <trkpt lat="18.623347" lon="98.990651">
        <ele>294.5</ele>
      </trkpt>
      <trkpt lat="18.623429" lon="98.990801">
        <ele>294.5</ele>
      </trkpt>
      <trkpt lat="18.623645" lon="98.991139">
        <ele>294.25</ele>
      </trkpt>
      <trkpt lat="18.624021" lon="98.991662">
        <ele>294.0</ele>
      </trkpt>
      <trkpt lat="18.624534" lon="98.992534">
        <ele>293.0</ele>
      </trkpt>
      <trkpt lat="18.624642" lon="98.992717">
        <ele>293.0</ele>
      </trkpt>
      <trkpt lat="18.625752" lon="98.994184">
        <ele>294.75</ele>
      </trkpt>
      <trkpt lat="18.626057" lon="98.99446">
        <ele>294.5</ele>
      </trkpt>
      <trkpt lat="18.626356" lon="98.994684">
        <ele>293.75</ele>
      </trkpt>
      <trkpt lat="18.626645" lon="98.994856">
        <ele>293.25</ele>
      </trkpt>
      <trkpt lat="18.626686" lon="98.99488">
        <ele>293.25</ele>
      </trkpt>
      <trkpt lat="18.626841" lon="98.99495">
        <ele>293.5</ele>
      </trkpt>
      <trkpt lat="18.626937" lon="98.995029">
        <ele>293.75</ele>
      </trkpt>
      <trkpt lat="18.626997" lon="98.995093">
        <ele>294.0</ele>
      </trkpt>
      <trkpt lat="18.627068" lon="98.995206">
        <ele>294.0</ele>
      </trkpt>
      <trkpt lat="18.627101" lon="98.99528">
        <ele>294.0</ele>
      </trkpt>
      <trkpt lat="18.627138" lon="98.995386">
        <ele>294.0</ele>
      </trkpt>
      <trkpt lat="18.627245" lon="98.995713">
        <ele>293.75</ele>
      </trkpt>
      <trkpt lat="18.627388" lon="98.995947">
        <ele>293.75</ele>
      </trkpt>
      <trkpt lat="18.627616" lon="98.996173">
        <ele>293.25</ele>
      </trkpt>
      <trkpt lat="18.627827" lon="98.996352">
        <ele>293.0</ele>
      </trkpt>
      <trkpt lat="18.628274" lon="98.996731">
        <ele>293.0</ele>
      </trkpt>
      <trkpt lat="18.628461" lon="98.996869">
        <ele>293.5</ele>
      </trkpt>
      <trkpt lat="18.628605" lon="98.997016">
        <ele>293.75</ele>
      </trkpt>
      <trkpt lat="18.62872" lon="98.99718">
        <ele>293.75</ele>
      </trkpt>
      <trkpt lat="18.628785" lon="98.997322">
        <ele>293.75</ele>
      </trkpt>
      <trkpt lat="18.628827" lon="98.997477">
        <ele>293.5</ele>
      </trkpt>
      <trkpt lat="18.628857" lon="98.997651">
        <ele>293.5</ele>
      </trkpt>
      <trkpt lat="18.628863" lon="98.997777">
        <ele>293.5</ele>
      </trkpt>
      <trkpt lat="18.628866" lon="98.99785">
        <ele>293.5</ele>
      </trkpt>
      <trkpt lat="18.628883" lon="98.998443">
        <ele>293.75</ele>
      </trkpt>
      <trkpt lat="18.628953" lon="98.998762">
        <ele>294.25</ele>
      </trkpt>
      <trkpt lat="18.629081" lon="98.999151">
        <ele>294.75</ele>
      </trkpt>
      <trkpt lat="18.629398" lon="98.999845">
        <ele>294.25</ele>
      </trkpt>
      <trkpt lat="18.62982" lon="99.000509">
        <ele>294.0</ele>
      </trkpt>
      <trkpt lat="18.630148" lon="99.000949">
        <ele>294.0</ele>
      </trkpt>
      <trkpt lat="18.630372" lon="99.001192">
        <ele>294.0</ele>
      </trkpt>
      <trkpt lat="18.630584" lon="99.0014">
        <ele>294.0</ele>
      </trkpt>
      <trkpt lat="18.63067" lon="99.001462">
        <ele>294.0</ele>
      </trkpt>
      <trkpt lat="18.630938" lon="99.001607">
        <ele>293.75</ele>
      </trkpt>
      <trkpt lat="18.631114" lon="99.001673">
        <ele>293.5</ele>
      </trkpt>
      <trkpt lat="18.631765" lon="99.001851">
        <ele>293.25</ele>
      </trkpt>
      <trkpt lat="18.632083" lon="99.001959">
        <ele>294.5</ele>
      </trkpt>
      <trkpt lat="18.632901" lon="99.002182">
        <ele>295.75</ele>
      </trkpt>
      <trkpt lat="18.633999" lon="99.002382">
        <ele>295.5</ele>
      </trkpt>
      <trkpt lat="18.635346" lon="99.002404">
        <ele>293.5</ele>
      </trkpt>
      <trkpt lat="18.6357" lon="99.002404">
        <ele>293.0</ele>
      </trkpt>
      <trkpt lat="18.636089" lon="99.002344">
        <ele>293.0</ele>
      </trkpt>
      <trkpt lat="18.63646" lon="99.00233">
        <ele>293.0</ele>
      </trkpt>
      <trkpt lat="18.636622" lon="99.002363">
        <ele>293.0</ele>
      </trkpt>
      <trkpt lat="18.636817" lon="99.002453">
        <ele>293.5</ele>
      </trkpt>
      <trkpt lat="18.637159" lon="99.002672">
        <ele>294.75</ele>
      </trkpt>
      <trkpt lat="18.637516" lon="99.002959">
        <ele>295.25</ele>
      </trkpt>
      <trkpt lat="18.637931" lon="99.00328">
        <ele>295.0</ele>
      </trkpt>
      <trkpt lat="18.638388" lon="99.003802">
        <ele>293.25</ele>
      </trkpt>
      <trkpt lat="18.639113" lon="99.004647">
        <ele>294.0</ele>
      </trkpt>
      <trkpt lat="18.639785" lon="99.005399">
        <ele>294.0</ele>
      </trkpt>
      <trkpt lat="18.640279" lon="99.006049">
        <ele>294.25</ele>
      </trkpt>
      <trkpt lat="18.640655" lon="99.006518">
        <ele>294.75</ele>
      </trkpt>
      <trkpt lat="18.641103" lon="99.006817">
        <ele>294.75</ele>
      </trkpt>
      <trkpt lat="18.641612" lon="99.00704">
        <ele>294.0</ele>
      </trkpt>
      <trkpt lat="18.642165" lon="99.007168">
        <ele>295.25</ele>
      </trkpt>
      <trkpt lat="18.642226" lon="99.007165">
        <ele>295.5</ele>
      </trkpt>
      <trkpt lat="18.642287" lon="99.007147">
        <ele>295.75</ele>
      </trkpt>
      <trkpt lat="18.642353" lon="99.007107">
        <ele>296.0</ele>
      </trkpt>
      <trkpt lat="18.642417" lon="99.007039">
        <ele>296.0</ele>
      </trkpt>
      <trkpt lat="18.642559" lon="99.00691">
        <ele>296.25</ele>
      </trkpt>
      <trkpt lat="18.642747" lon="99.006769">
        <ele>296.25</ele>
      </trkpt>
      <trkpt lat="18.642956" lon="99.006693">
        <ele>296.5</ele>
      </trkpt>
      <trkpt lat="18.643062" lon="99.006661">
        <ele>296.5</ele>
      </trkpt>
      <trkpt lat="18.643156" lon="99.006669">
        <ele>296.75</ele>
      </trkpt>
      <trkpt lat="18.64325" lon="99.006702">
        <ele>296.75</ele>
      </trkpt>
      <trkpt lat="18.643307" lon="99.006736">
        <ele>296.75</ele>
      </trkpt>
      <trkpt lat="18.643438" lon="99.00685">
        <ele>296.5</ele>
      </trkpt>
      <trkpt lat="18.643568" lon="99.007047">
        <ele>296.0</ele>
      </trkpt>
      <trkpt lat="18.643656" lon="99.007219">
        <ele>295.75</ele>
      </trkpt>
      <trkpt lat="18.643725" lon="99.007158">
        <ele>295.5</ele>
      </trkpt>
      <trkpt lat="18.644474" lon="99.006087">
        <ele>293.75</ele>
      </trkpt>
      <trkpt lat="18.644599" lon="99.005892">
        <ele>293.5</ele>
      </trkpt>
      <trkpt lat="18.644689" lon="99.005713">
        <ele>293.5</ele>
      </trkpt>
      <trkpt lat="18.644861" lon="99.005268">
        <ele>294.75</ele>
      </trkpt>
      <trkpt lat="18.644879" lon="99.005228">
        <ele>295.0</ele>
      </trkpt>
      <trkpt lat="18.644903" lon="99.005175">
        <ele>295.25</ele>
      </trkpt>
      <trkpt lat="18.644929" lon="99.005122">
        <ele>295.5</ele>
      </trkpt>
      <trkpt lat="18.645163" lon="99.004889">
        <ele>295.75</ele>
      </trkpt>
      <trkpt lat="18.645274" lon="99.004813">
        <ele>295.75</ele>
      </trkpt>
      <trkpt lat="18.645358" lon="99.004796">
        <ele>295.5</ele>
      </trkpt>
      <trkpt lat="18.645746" lon="99.004866">
        <ele>295.0</ele>
      </trkpt>
      <trkpt lat="18.645869" lon="99.004878">
        <ele>295.0</ele>
      </trkpt>
      <trkpt lat="18.645996" lon="99.004868">
        <ele>295.0</ele>
      </trkpt>
      <trkpt lat="18.646191" lon="99.004805">
        <ele>295.0</ele>
      </trkpt>
      <trkpt lat="18.646481" lon="99.004667">
        <ele>295.0</ele>
      </trkpt>
      <trkpt lat="18.646684" lon="99.004563">
        <ele>294.75</ele>
      </trkpt>
      <trkpt lat="18.646868" lon="99.004485">
        <ele>294.75</ele>
      </trkpt>
      <trkpt lat="18.647083" lon="99.004377">
        <ele>294.75</ele>
      </trkpt>
      <trkpt lat="18.647224" lon="99.004284">
        <ele>295.25</ele>
      </trkpt>
      <trkpt lat="18.647683" lon="99.003916">
        <ele>295.5</ele>
      </trkpt>
      <trkpt lat="18.647906" lon="99.003746">
        <ele>295.25</ele>
      </trkpt>
      <trkpt lat="18.648033" lon="99.003575">
        <ele>295.0</ele>
      </trkpt>
      <trkpt lat="18.648265" lon="99.003122">
        <ele>295.5</ele>
      </trkpt>
      <trkpt lat="18.648476" lon="99.002832">
        <ele>296.25</ele>
      </trkpt>
      <trkpt lat="18.648563" lon="99.002731">
        <ele>296.25</ele>
      </trkpt>
      <trkpt lat="18.648714" lon="99.002659">
        <ele>296.0</ele>
      </trkpt>
      <trkpt lat="18.648924" lon="99.002622">
        <ele>295.5</ele>
      </trkpt>
      <trkpt lat="18.649121" lon="99.002621">
        <ele>294.75</ele>
      </trkpt>
      <trkpt lat="18.649263" lon="99.002639">
        <ele>294.5</ele>
      </trkpt>
      <trkpt lat="18.649368" lon="99.002683">
        <ele>294.25</ele>
      </trkpt>
      <trkpt lat="18.649577" lon="99.002819">
        <ele>294.25</ele>
      </trkpt>
      <trkpt lat="18.649613" lon="99.002834">
        <ele>294.25</ele>
      </trkpt>
      <trkpt lat="18.649725" lon="99.002848">
        <ele>294.25</ele>
      </trkpt>
      <trkpt lat="18.64986" lon="99.002835">
        <ele>294.25</ele>
      </trkpt>
      <trkpt lat="18.650207" lon="99.00269">
        <ele>294.0</ele>
      </trkpt>
      <trkpt lat="18.650407" lon="99.002635">
        <ele>294.0</ele>
      </trkpt>
      <trkpt lat="18.650608" lon="99.002588">
        <ele>293.75</ele>
      </trkpt>
      <trkpt lat="18.650684" lon="99.002554">
        <ele>293.75</ele>
      </trkpt>
      <trkpt lat="18.650715" lon="99.002533">
        <ele>293.75</ele>
      </trkpt>
      <trkpt lat="18.650745" lon="99.002502">
        <ele>293.75</ele>
      </trkpt>
      <trkpt lat="18.650773" lon="99.002452">
        <ele>294.0</ele>
      </trkpt>
      <trkpt lat="18.650802" lon="99.002379">
        <ele>294.0</ele>
      </trkpt>
      <trkpt lat="18.650852" lon="99.002222">
        <ele>294.0</ele>
      </trkpt>
      <trkpt lat="18.650986" lon="99.001831">
        <ele>294.0</ele>
      </trkpt>
      <trkpt lat="18.651047" lon="99.001742">
        <ele>294.0</ele>
      </trkpt>
      <trkpt lat="18.651122" lon="99.001649">
        <ele>293.75</ele>
      </trkpt>
      <trkpt lat="18.65126" lon="99.001524">
        <ele>294.0</ele>
      </trkpt>
      <trkpt lat="18.651405" lon="99.00137">
        <ele>294.0</ele>
      </trkpt>
      <trkpt lat="18.651525" lon="99.0012">
        <ele>294.25</ele>
      </trkpt>
      <trkpt lat="18.651649" lon="99.001056">
        <ele>294.5</ele>
      </trkpt>
      <trkpt lat="18.651881" lon="99.00088">
        <ele>294.75</ele>
      </trkpt>
      <trkpt lat="18.652016" lon="99.000703">
        <ele>295.0</ele>
      </trkpt>
      <trkpt lat="18.652056" lon="99.000602">
        <ele>295.0</ele>
      </trkpt>
      <trkpt lat="18.65209" lon="99.000472">
        <ele>295.0</ele>
      </trkpt>
      <trkpt lat="18.652123" lon="99.000313">
        <ele>295.0</ele>
      </trkpt>
      <trkpt lat="18.652223" lon="98.999992">
        <ele>295.0</ele>
      </trkpt>
      <trkpt lat="18.652358" lon="98.999743">
        <ele>295.5</ele>
      </trkpt>
      <trkpt lat="18.653335" lon="98.999933">
        <ele>294.0</ele>
      </trkpt>
      <trkpt lat="18.653797" lon="99.000054">
        <ele>295.75</ele>
      </trkpt>
      <trkpt lat="18.653845" lon="99.000072">
        <ele>296.0</ele>
      </trkpt>
      <trkpt lat="18.654459" lon="99.00031">
        <ele>297.5</ele>
      </trkpt>
      <trkpt lat="18.654747" lon="99.000441">
        <ele>297.0</ele>
      </trkpt>
      <trkpt lat="18.654866" lon="99.000532">
        <ele>297.0</ele>
      </trkpt>
      <trkpt lat="18.65521" lon="99.000942">
        <ele>296.75</ele>
      </trkpt>
      <trkpt lat="18.655386" lon="99.001099">
        <ele>296.75</ele>
      </trkpt>
      <trkpt lat="18.655566" lon="99.001216">
        <ele>296.75</ele>
      </trkpt>
      <trkpt lat="18.655682" lon="99.001254">
        <ele>297.0</ele>
      </trkpt>
      <trkpt lat="18.655795" lon="99.001269">
        <ele>297.0</ele>
      </trkpt>
      <trkpt lat="18.65603" lon="99.00124">
        <ele>296.75</ele>
      </trkpt>
      <trkpt lat="18.6562" lon="99.001201">
        <ele>296.75</ele>
      </trkpt>
      <trkpt lat="18.656394" lon="99.001119">
        <ele>296.75</ele>
      </trkpt>
      <trkpt lat="18.657055" lon="99.000835">
        <ele>296.75</ele>
      </trkpt>
      <trkpt lat="18.65766" lon="99.000567">
        <ele>297.0</ele>
      </trkpt>
      <trkpt lat="18.657879" lon="99.000304">
        <ele>297.0</ele>
      </trkpt>
      <trkpt lat="18.658003" lon="99.000244">
        <ele>297.0</ele>
      </trkpt>
      <trkpt lat="18.658087" lon="99.000212">
        <ele>297.0</ele>
      </trkpt>
      <trkpt lat="18.658224" lon="99.000239">
        <ele>297.0</ele>
      </trkpt>
      <trkpt lat="18.658575" lon="99.00018">
        <ele>297.0</ele>
      </trkpt>
      <trkpt lat="18.659231" lon="98.999939">
        <ele>296.75</ele>
      </trkpt>
      <trkpt lat="18.660909" lon="98.999248">
        <ele>296.75</ele>
      </trkpt>
      <trkpt lat="18.661645" lon="98.998982">
        <ele>295.75</ele>
      </trkpt>
      <trkpt lat="18.662072" lon="98.998865">
        <ele>296.0</ele>
      </trkpt>
      <trkpt lat="18.662278" lon="98.99885">
        <ele>296.25</ele>
      </trkpt>
      <trkpt lat="18.662524" lon="98.998893">
        <ele>296.5</ele>
      </trkpt>
      <trkpt lat="18.663111" lon="98.99906">
        <ele>295.5</ele>
      </trkpt>
      <trkpt lat="18.663835" lon="98.999252">
        <ele>295.5</ele>
      </trkpt>
      <trkpt lat="18.664053" lon="98.999302">
        <ele>295.75</ele>
      </trkpt>
      <trkpt lat="18.665174" lon="98.999605">
        <ele>296.75</ele>
      </trkpt>
      <trkpt lat="18.666346" lon="98.999917">
        <ele>297.0</ele>
      </trkpt>
      <trkpt lat="18.666915" lon="99.000094">
        <ele>296.5</ele>
      </trkpt>
      <trkpt lat="18.667378" lon="99.000261">
        <ele>297.25</ele>
      </trkpt>
      <trkpt lat="18.668323" lon="99.000829">
        <ele>297.75</ele>
      </trkpt>
      <trkpt lat="18.668994" lon="99.001248">
        <ele>297.5</ele>
      </trkpt>
      <trkpt lat="18.669624" lon="99.001527">
        <ele>296.5</ele>
      </trkpt>
      <trkpt lat="18.669898" lon="99.001795">
        <ele>296.0</ele>
      </trkpt>
      <trkpt lat="18.670142" lon="99.001918">
        <ele>296.25</ele>
      </trkpt>
      <trkpt lat="18.670882" lon="99.002322">
        <ele>297.75</ele>
      </trkpt>
      <trkpt lat="18.671522" lon="99.002649">
        <ele>296.75</ele>
      </trkpt>
      <trkpt lat="18.671711" lon="99.002698">
        <ele>296.5</ele>
      </trkpt>
      <trkpt lat="18.671868" lon="99.0027">
        <ele>296.5</ele>
      </trkpt>
      <trkpt lat="18.672384" lon="99.002593">
        <ele>296.75</ele>
      </trkpt>
      <trkpt lat="18.67276" lon="99.002545">
        <ele>297.5</ele>
      </trkpt>
      <trkpt lat="18.672959" lon="99.002499">
        <ele>298.0</ele>
      </trkpt>
      <trkpt lat="18.673202" lon="99.002464">
        <ele>298.5</ele>
      </trkpt>
      <trkpt lat="18.673337" lon="99.002451">
        <ele>298.75</ele>
      </trkpt>
      <trkpt lat="18.673535" lon="99.002475">
        <ele>298.25</ele>
      </trkpt>
      <trkpt lat="18.67522" lon="99.002732">
        <ele>296.0</ele>
      </trkpt>
      <trkpt lat="18.675459" lon="99.002805">
        <ele>295.75</ele>
      </trkpt>
      <trkpt lat="18.675754" lon="99.002934">
        <ele>295.5</ele>
      </trkpt>
      <trkpt lat="18.67629" lon="99.003214">
        <ele>295.25</ele>
      </trkpt>
      <trkpt lat="18.677322" lon="99.003826">
        <ele>297.0</ele>
      </trkpt>
      <trkpt lat="18.677848" lon="99.004121">
        <ele>297.25</ele>
      </trkpt>
      <trkpt lat="18.677962" lon="99.004159">
        <ele>297.5</ele>
      </trkpt>
      <trkpt lat="18.678052" lon="99.004168">
        <ele>297.5</ele>
      </trkpt>
      <trkpt lat="18.678071" lon="99.00417">
        <ele>297.5</ele>
      </trkpt>
      <trkpt lat="18.678506" lon="99.004119">
        <ele>297.75</ele>
      </trkpt>
      <trkpt lat="18.678666" lon="99.004121">
        <ele>297.5</ele>
      </trkpt>
      <trkpt lat="18.68013" lon="99.00435">
        <ele>298.0</ele>
      </trkpt>
      <trkpt lat="18.680377" lon="99.00439">
        <ele>297.25</ele>
      </trkpt>
      <trkpt lat="18.680585" lon="99.004408">
        <ele>296.75</ele>
      </trkpt>
      <trkpt lat="18.680803" lon="99.004429">
        <ele>296.25</ele>
      </trkpt>
      <trkpt lat="18.680903" lon="99.004244">
        <ele>296.5</ele>
      </trkpt>
      <trkpt lat="18.681112" lon="99.003803">
        <ele>296.5</ele>
      </trkpt>
      <trkpt lat="18.681146" lon="99.003712">
        <ele>296.5</ele>
      </trkpt>
      <trkpt lat="18.681166" lon="99.00365">
        <ele>296.5</ele>
      </trkpt>
      <trkpt lat="18.6812" lon="99.003504">
        <ele>296.5</ele>
      </trkpt>
      <trkpt lat="18.681259" lon="99.003075">
        <ele>296.0</ele>
      </trkpt>
      <trkpt lat="18.681275" lon="99.002886">
        <ele>295.75</ele>
      </trkpt>
      <trkpt lat="18.681336" lon="99.002677">
        <ele>295.5</ele>
      </trkpt>
      <trkpt lat="18.681361" lon="99.002621">
        <ele>295.25</ele>
      </trkpt>
      <trkpt lat="18.681482" lon="99.002345">
        <ele>295.5</ele>
      </trkpt>
      <trkpt lat="18.682091" lon="99.001193">
        <ele>297.5</ele>
      </trkpt>
      <trkpt lat="18.682195" lon="99.001035">
        <ele>297.5</ele>
      </trkpt>
      <trkpt lat="18.682762" lon="99.000149">
        <ele>298.0</ele>
      </trkpt>
      <trkpt lat="18.683147" lon="98.999506">
        <ele>298.75</ele>
      </trkpt>
      <trkpt lat="18.683961" lon="98.99867">
        <ele>298.5</ele>
      </trkpt>
      <trkpt lat="18.684406" lon="98.998546">
        <ele>298.25</ele>
      </trkpt>
      <trkpt lat="18.684694" lon="98.998504">
        <ele>298.0</ele>
      </trkpt>
      <trkpt lat="18.684947" lon="98.998497">
        <ele>298.0</ele>
      </trkpt>
      <trkpt lat="18.685082" lon="98.998471">
        <ele>298.0</ele>
      </trkpt>
      <trkpt lat="18.685186" lon="98.998434">
        <ele>298.0</ele>
      </trkpt>
      <trkpt lat="18.685489" lon="98.998332">
        <ele>298.0</ele>
      </trkpt>
      <trkpt lat="18.686036" lon="98.998148">
        <ele>298.0</ele>
      </trkpt>
      <trkpt lat="18.68624" lon="98.998079">
        <ele>298.0</ele>
      </trkpt>
      <trkpt lat="18.68649" lon="98.997952">
        <ele>297.5</ele>
      </trkpt>
      <trkpt lat="18.68659" lon="98.997901">
        <ele>297.5</ele>
      </trkpt>
      <trkpt lat="18.687025" lon="98.997601">
        <ele>297.75</ele>
      </trkpt>
      <trkpt lat="18.687414" lon="98.997327">
        <ele>299.0</ele>
      </trkpt>
      <trkpt lat="18.687552" lon="98.997539">
        <ele>299.0</ele>
      </trkpt>
      <trkpt lat="18.68777" lon="98.997586">
        <ele>299.25</ele>
      </trkpt>
      <trkpt lat="18.688026" lon="98.997661">
        <ele>299.5</ele>
      </trkpt>
      <trkpt lat="18.688398" lon="98.997945">
        <ele>299.25</ele>
      </trkpt>
      <trkpt lat="18.688519" lon="98.998007">
        <ele>299.25</ele>
      </trkpt>
      <trkpt lat="18.688706" lon="98.998051">
        <ele>299.0</ele>
      </trkpt>
      <trkpt lat="18.688989" lon="98.998019">
        <ele>299.0</ele>
      </trkpt>
      <trkpt lat="18.689065" lon="98.99799">
        <ele>299.0</ele>
      </trkpt>
      <trkpt lat="18.68963" lon="98.997771">
        <ele>299.0</ele>
      </trkpt>
      <trkpt lat="18.689815" lon="98.997688">
        <ele>299.0</ele>
      </trkpt>
      <trkpt lat="18.689978" lon="98.997569">
        <ele>299.0</ele>
      </trkpt>
      <trkpt lat="18.690153" lon="98.997422">
        <ele>298.75</ele>
      </trkpt>
      <trkpt lat="18.690358" lon="98.997335">
        <ele>298.75</ele>
      </trkpt>
      <trkpt lat="18.690496" lon="98.997304">
        <ele>298.75</ele>
      </trkpt>
      <trkpt lat="18.690645" lon="98.9973">
        <ele>298.75</ele>
      </trkpt>
      <trkpt lat="18.690976" lon="98.997334">
        <ele>299.0</ele>
      </trkpt>
      <trkpt lat="18.691113" lon="98.997386">
        <ele>299.25</ele>
      </trkpt>
      <trkpt lat="18.691287" lon="98.997496">
        <ele>300.0</ele>
      </trkpt>
      <trkpt lat="18.691367" lon="98.997547">
        <ele>300.0</ele>
      </trkpt>
      <trkpt lat="18.691613" lon="98.997757">
        <ele>300.5</ele>
      </trkpt>
      <trkpt lat="18.691684" lon="98.997818">
        <ele>300.5</ele>
      </trkpt>
      <trkpt lat="18.691756" lon="98.997862">
        <ele>300.5</ele>
      </trkpt>
      <trkpt lat="18.691893" lon="98.99791">
        <ele>300.5</ele>
      </trkpt>
      <trkpt lat="18.692023" lon="98.99794">
        <ele>300.25</ele>
      </trkpt>
      <trkpt lat="18.692254" lon="98.997951">
        <ele>300.25</ele>
      </trkpt>
      <trkpt lat="18.692389" lon="98.997934">
        <ele>300.25</ele>
      </trkpt>
      <trkpt lat="18.692568" lon="98.99784">
        <ele>300.25</ele>
      </trkpt>
      <trkpt lat="18.692699" lon="98.997736">
        <ele>300.0</ele>
      </trkpt>
      <trkpt lat="18.692952" lon="98.997489">
        <ele>299.75</ele>
      </trkpt>
      <trkpt lat="18.693452" lon="98.996965">
        <ele>299.5</ele>
      </trkpt>
      <trkpt lat="18.693602" lon="98.996842">
        <ele>300.0</ele>
      </trkpt>
      <trkpt lat="18.69375" lon="98.996745">
        <ele>300.25</ele>
      </trkpt>
      <trkpt lat="18.693879" lon="98.996716">
        <ele>300.5</ele>
      </trkpt>
      <trkpt lat="18.693996" lon="98.99669">
        <ele>300.5</ele>
      </trkpt>
      <trkpt lat="18.694134" lon="98.996664">
        <ele>300.75</ele>
      </trkpt>
      <trkpt lat="18.6945" lon="98.996688">
        <ele>299.75</ele>
      </trkpt>
      <trkpt lat="18.694685" lon="98.996784">
        <ele>299.0</ele>
      </trkpt>
      <trkpt lat="18.694815" lon="98.996907">
        <ele>298.75</ele>
      </trkpt>
      <trkpt lat="18.695199" lon="98.997395">
        <ele>300.0</ele>
      </trkpt>
      <trkpt lat="18.69543" lon="98.997527">
        <ele>300.25</ele>
      </trkpt>
      <trkpt lat="18.695638" lon="98.99756">
        <ele>300.5</ele>
      </trkpt>
      <trkpt lat="18.695806" lon="98.997572">
        <ele>300.75</ele>
      </trkpt>
      <trkpt lat="18.695856" lon="98.997566">
        <ele>300.75</ele>
      </trkpt>
      <trkpt lat="18.695948" lon="98.997553">
        <ele>300.75</ele>
      </trkpt>
      <trkpt lat="18.69607" lon="98.997483">
        <ele>300.75</ele>
      </trkpt>
      <trkpt lat="18.696265" lon="98.997258">
        <ele>300.5</ele>
      </trkpt>
      <trkpt lat="18.696287" lon="98.997232">
        <ele>300.5</ele>
      </trkpt>
      <trkpt lat="18.69694" lon="98.996141">
        <ele>301.5</ele>
      </trkpt>
      <trkpt lat="18.697106" lon="98.995948">
        <ele>302.0</ele>
      </trkpt>
      <trkpt lat="18.697239" lon="98.995835">
        <ele>302.25</ele>
      </trkpt>
      <trkpt lat="18.697347" lon="98.995742">
        <ele>302.0</ele>
      </trkpt>
      <trkpt lat="18.697382" lon="98.995694">
        <ele>302.0</ele>
      </trkpt>
      <trkpt lat="18.698463" lon="98.994683">
        <ele>299.0</ele>
      </trkpt>
      <trkpt lat="18.698915" lon="98.99417">
        <ele>299.0</ele>
      </trkpt>
      <trkpt lat="18.699283" lon="98.994451">
        <ele>299.0</ele>
      </trkpt>
      <trkpt lat="18.699404" lon="98.994548">
        <ele>299.25</ele>
      </trkpt>
      <trkpt lat="18.699441" lon="98.994591">
        <ele>299.25</ele>
      </trkpt>
      <trkpt lat="18.699489" lon="98.994646">
        <ele>299.25</ele>
      </trkpt>
      <trkpt lat="18.69965" lon="98.994832">
        <ele>299.5</ele>
      </trkpt>
      <trkpt lat="18.699701" lon="98.994926">
        <ele>299.5</ele>
      </trkpt>
      <trkpt lat="18.699766" lon="98.995045">
        <ele>299.5</ele>
      </trkpt>
      <trkpt lat="18.699843" lon="98.995186">
        <ele>299.5</ele>
      </trkpt>
      <trkpt lat="18.699982" lon="98.995489">
        <ele>299.25</ele>
      </trkpt>
      <trkpt lat="18.700113" lon="98.995679">
        <ele>299.0</ele>
      </trkpt>
      <trkpt lat="18.700168" lon="98.995733">
        <ele>299.0</ele>
      </trkpt>
      <trkpt lat="18.700223" lon="98.995755">
        <ele>299.0</ele>
      </trkpt>
      <trkpt lat="18.700277" lon="98.995765">
        <ele>299.0</ele>
      </trkpt>
      <trkpt lat="18.700322" lon="98.995762">
        <ele>299.0</ele>
      </trkpt>
      <trkpt lat="18.700393" lon="98.995731">
        <ele>299.0</ele>
      </trkpt>
      <trkpt lat="18.700717" lon="98.995529">
        <ele>299.0</ele>
      </trkpt>
      <trkpt lat="18.700928" lon="98.995398">
        <ele>299.0</ele>
      </trkpt>
      <trkpt lat="18.701168" lon="98.995277">
        <ele>299.5</ele>
      </trkpt>
      <trkpt lat="18.70147" lon="98.995166">
        <ele>300.25</ele>
      </trkpt>
      <trkpt lat="18.701593" lon="98.995104">
        <ele>300.5</ele>
      </trkpt>
      <trkpt lat="18.701737" lon="98.995031">
        <ele>300.5</ele>
      </trkpt>
      <trkpt lat="18.701875" lon="98.994904">
        <ele>300.25</ele>
      </trkpt>
      <trkpt lat="18.701926" lon="98.994887">
        <ele>300.0</ele>
      </trkpt>
      <trkpt lat="18.702109" lon="98.994607">
        <ele>299.75</ele>
      </trkpt>
      <trkpt lat="18.702173" lon="98.994569">
        <ele>299.75</ele>
      </trkpt>
      <trkpt lat="18.702241" lon="98.994575">
        <ele>299.5</ele>
      </trkpt>
      <trkpt lat="18.702527" lon="98.994681">
        <ele>298.75</ele>
      </trkpt>
      <trkpt lat="18.702607" lon="98.994702">
        <ele>298.5</ele>
      </trkpt>
      <trkpt lat="18.70279" lon="98.994768">
        <ele>298.5</ele>
      </trkpt>
      <trkpt lat="18.703349" lon="98.995206">
        <ele>298.25</ele>
      </trkpt>
      <trkpt lat="18.703579" lon="98.995345">
        <ele>298.5</ele>
      </trkpt>
      <trkpt lat="18.704023" lon="98.995569">
        <ele>298.75</ele>
      </trkpt>
      <trkpt lat="18.704063" lon="98.995596">
        <ele>298.75</ele>
      </trkpt>
      <trkpt lat="18.704102" lon="98.995641">
        <ele>298.75</ele>
      </trkpt>
      <trkpt lat="18.704101" lon="98.995864">
        <ele>299.0</ele>
      </trkpt>
      <trkpt lat="18.704126" lon="98.996188">
        <ele>299.0</ele>
      </trkpt>
      <trkpt lat="18.704196" lon="98.996368">
        <ele>298.75</ele>
      </trkpt>
      <trkpt lat="18.704302" lon="98.996538">
        <ele>298.75</ele>
      </trkpt>
      <trkpt lat="18.704536" lon="98.996837">
        <ele>298.5</ele>
      </trkpt>
      <trkpt lat="18.704595" lon="98.99697">
        <ele>298.25</ele>
      </trkpt>
      <trkpt lat="18.704624" lon="98.997113">
        <ele>298.25</ele>
      </trkpt>
      <trkpt lat="18.704713" lon="98.997463">
        <ele>298.25</ele>
      </trkpt>
      <trkpt lat="18.704848" lon="98.997656">
        <ele>298.25</ele>
      </trkpt>
      <trkpt lat="18.705049" lon="98.997787">
        <ele>298.25</ele>
      </trkpt>
      <trkpt lat="18.705744" lon="98.998015">
        <ele>300.0</ele>
      </trkpt>
      <trkpt lat="18.705818" lon="98.998049">
        <ele>300.25</ele>
      </trkpt>
      <trkpt lat="18.705889" lon="98.998097">
        <ele>300.25</ele>
      </trkpt>
      <trkpt lat="18.706165" lon="98.998413">
        <ele>300.0</ele>
      </trkpt>
      <trkpt lat="18.706243" lon="98.998482">
        <ele>299.75</ele>
      </trkpt>
      <trkpt lat="18.706287" lon="98.998508">
        <ele>299.75</ele>
      </trkpt>
      <trkpt lat="18.70633" lon="98.99852">
        <ele>299.5</ele>
      </trkpt>
      <trkpt lat="18.706442" lon="98.99856">
        <ele>299.25</ele>
      </trkpt>
      <trkpt lat="18.706471" lon="98.99857">
        <ele>299.25</ele>
      </trkpt>
      <trkpt lat="18.706513" lon="98.998608">
        <ele>299.25</ele>
      </trkpt>
      <trkpt lat="18.706552" lon="98.998664">
        <ele>299.0</ele>
      </trkpt>
      <trkpt lat="18.706579" lon="98.998835">
        <ele>299.0</ele>
      </trkpt>
      <trkpt lat="18.706615" lon="98.998924">
        <ele>299.0</ele>
      </trkpt>
      <trkpt lat="18.706671" lon="98.999003">
        <ele>298.75</ele>
      </trkpt>
      <trkpt lat="18.706756" lon="98.99907">
        <ele>298.75</ele>
      </trkpt>
      <trkpt lat="18.706865" lon="98.999124">
        <ele>298.75</ele>
      </trkpt>
      <trkpt lat="18.707502" lon="98.999293">
        <ele>298.0</ele>
      </trkpt>
      <trkpt lat="18.707613" lon="98.99935">
        <ele>298.0</ele>
      </trkpt>
      <trkpt lat="18.70765" lon="98.999381">
        <ele>297.75</ele>
      </trkpt>
      <trkpt lat="18.707793" lon="98.999502">
        <ele>297.75</ele>
      </trkpt>
      <trkpt lat="18.708059" lon="98.999726">
        <ele>298.0</ele>
      </trkpt>
      <trkpt lat="18.70821" lon="98.999831">
        <ele>298.25</ele>
      </trkpt>
      <trkpt lat="18.708399" lon="98.99995">
        <ele>298.5</ele>
      </trkpt>
      <trkpt lat="18.708686" lon="99.00012">
        <ele>298.25</ele>
      </trkpt>
      <trkpt lat="18.708812" lon="99.000194">
        <ele>298.25</ele>
      </trkpt>
      <trkpt lat="18.708854" lon="99.000211">
        <ele>298.25</ele>
      </trkpt>
      <trkpt lat="18.709003" lon="99.000273">
        <ele>298.0</ele>
      </trkpt>
      <trkpt lat="18.709081" lon="99.000305">
        <ele>298.0</ele>
      </trkpt>
      <trkpt lat="18.709335" lon="99.000411">
        <ele>297.5</ele>
      </trkpt>
      <trkpt lat="18.709384" lon="99.000439">
        <ele>297.5</ele>
      </trkpt>
      <trkpt lat="18.709646" lon="99.000579">
        <ele>297.0</ele>
      </trkpt>
      <trkpt lat="18.710011" lon="99.000731">
        <ele>296.75</ele>
      </trkpt>
      <trkpt lat="18.710307" lon="99.000903">
        <ele>296.0</ele>
      </trkpt>
      <trkpt lat="18.710401" lon="99.000965">
        <ele>296.0</ele>
      </trkpt>
      <trkpt lat="18.710585" lon="99.001047">
        <ele>295.5</ele>
      </trkpt>
      <trkpt lat="18.710716" lon="99.0011">
        <ele>295.5</ele>
      </trkpt>
      <trkpt lat="18.710972" lon="99.001175">
        <ele>295.75</ele>
      </trkpt>
      <trkpt lat="18.711206" lon="99.001185">
        <ele>296.5</ele>
      </trkpt>
      <trkpt lat="18.711452" lon="99.001164">
        <ele>297.25</ele>
      </trkpt>
      <trkpt lat="18.711597" lon="99.001177">
        <ele>297.75</ele>
      </trkpt>
      <trkpt lat="18.711848" lon="99.001267">
        <ele>297.75</ele>
      </trkpt>
      <trkpt lat="18.712281" lon="99.001471">
        <ele>297.75</ele>
      </trkpt>
      <trkpt lat="18.712342" lon="99.001526">
        <ele>297.75</ele>
      </trkpt>
      <trkpt lat="18.712472" lon="99.001638">
        <ele>297.75</ele>
      </trkpt>
      <trkpt lat="18.713186" lon="99.001924">
        <ele>298.0</ele>
      </trkpt>
      <trkpt lat="18.713775" lon="99.002106">
        <ele>297.75</ele>
      </trkpt>
      <trkpt lat="18.714039" lon="99.002139">
        <ele>297.75</ele>
      </trkpt>
      <trkpt lat="18.714466" lon="99.002155">
        <ele>298.25</ele>
      </trkpt>
      <trkpt lat="18.714553" lon="99.002159">
        <ele>298.5</ele>
      </trkpt>
      <trkpt lat="18.714969" lon="99.002188">
        <ele>299.25</ele>
      </trkpt>
      <trkpt lat="18.715555" lon="99.002187">
        <ele>299.75</ele>
      </trkpt>
      <trkpt lat="18.715669" lon="99.002186">
        <ele>300.0</ele>
      </trkpt>
      <trkpt lat="18.715822" lon="99.002204">
        <ele>300.25</ele>
      </trkpt>
      <trkpt lat="18.715974" lon="99.002248">
        <ele>300.25</ele>
      </trkpt>
      <trkpt lat="18.716126" lon="99.002312">
        <ele>300.25</ele>
      </trkpt>
      <trkpt lat="18.716187" lon="99.002348">
        <ele>300.5</ele>
      </trkpt>
      <trkpt lat="18.716245" lon="99.002417">
        <ele>300.75</ele>
      </trkpt>
      <trkpt lat="18.716393" lon="99.002696">
        <ele>301.25</ele>
      </trkpt>
      <trkpt lat="18.716438" lon="99.002743">
        <ele>301.5</ele>
      </trkpt>
      <trkpt lat="18.716493" lon="99.002773">
        <ele>301.5</ele>
      </trkpt>
      <trkpt lat="18.717343" lon="99.002787">
        <ele>300.25</ele>
      </trkpt>
      <trkpt lat="18.717433" lon="99.002825">
        <ele>300.25</ele>
      </trkpt>
      <trkpt lat="18.71751" lon="99.002893">
        <ele>300.25</ele>
      </trkpt>
      <trkpt lat="18.717569" lon="99.002986">
        <ele>300.5</ele>
      </trkpt>
      <trkpt lat="18.717609" lon="99.003072">
        <ele>300.75</ele>
      </trkpt>
      <trkpt lat="18.71768" lon="99.003226">
        <ele>301.25</ele>
      </trkpt>
      <trkpt lat="18.717844" lon="99.003176">
        <ele>300.75</ele>
      </trkpt>
      <trkpt lat="18.718071" lon="99.003101">
        <ele>300.25</ele>
      </trkpt>
      <trkpt lat="18.718297" lon="99.003025">
        <ele>300.0</ele>
      </trkpt>
      <trkpt lat="18.719166" lon="99.002704">
        <ele>299.5</ele>
      </trkpt>
      <trkpt lat="18.719257" lon="99.00266">
        <ele>299.5</ele>
      </trkpt>
      <trkpt lat="18.719555" lon="99.002534">
        <ele>299.75</ele>
      </trkpt>
      <trkpt lat="18.719716" lon="99.002465">
        <ele>299.75</ele>
      </trkpt>
      <trkpt lat="18.719888" lon="99.002392">
        <ele>299.75</ele>
      </trkpt>
      <trkpt lat="18.720018" lon="99.002352">
        <ele>300.0</ele>
      </trkpt>
      <trkpt lat="18.720403" lon="99.002289">
        <ele>300.0</ele>
      </trkpt>
      <trkpt lat="18.72022" lon="99.00129">
        <ele>299.0</ele>
      </trkpt>
      <trkpt lat="18.720138" lon="99.000762">
        <ele>297.75</ele>
      </trkpt>
      <trkpt lat="18.720108" lon="99.000574">
        <ele>297.25</ele>
      </trkpt>
      <trkpt lat="18.720022" lon="98.999865">
        <ele>296.0</ele>
      </trkpt>
      <trkpt lat="18.719981" lon="98.999474">
        <ele>296.0</ele>
      </trkpt>
      <trkpt lat="18.719951" lon="98.999181">
        <ele>296.0</ele>
      </trkpt>
      <trkpt lat="18.71991" lon="98.998479">
        <ele>296.75</ele>
      </trkpt>
      <trkpt lat="18.719897" lon="98.997622">
        <ele>297.0</ele>
      </trkpt>
      <trkpt lat="18.719878" lon="98.997078">
        <ele>296.5</ele>
      </trkpt>
      <trkpt lat="18.719875" lon="98.996816">
        <ele>296.25</ele>
      </trkpt>
      <trkpt lat="18.719858" lon="98.995837">
        <ele>298.0</ele>
      </trkpt>
      <trkpt lat="18.71984" lon="98.994764">
        <ele>296.25</ele>
      </trkpt>
      <trkpt lat="18.719831" lon="98.993884">
        <ele>296.0</ele>
      </trkpt>
      <trkpt lat="18.71983" lon="98.993804">
        <ele>295.75</ele>
      </trkpt>
      <trkpt lat="18.719827" lon="98.993697">
        <ele>295.75</ele>
      </trkpt>
      <trkpt lat="18.71982" lon="98.993369">
        <ele>295.5</ele>
      </trkpt>
      <trkpt lat="18.719813" lon="98.993071">
        <ele>295.75</ele>
      </trkpt>
      <trkpt lat="18.719822" lon="98.992271">
        <ele>296.5</ele>
      </trkpt>
      <trkpt lat="18.719712" lon="98.991377">
        <ele>298.25</ele>
      </trkpt>
      <trkpt lat="18.71969" lon="98.991094">
        <ele>298.5</ele>
      </trkpt>
      <trkpt lat="18.719659" lon="98.990543">
        <ele>298.75</ele>
      </trkpt>
      <trkpt lat="18.719648" lon="98.989272">
        <ele>300.0</ele>
      </trkpt>
      <trkpt lat="18.71963" lon="98.988649">
        <ele>301.5</ele>
      </trkpt>
      <trkpt lat="18.719612" lon="98.988064">
        <ele>301.5</ele>
      </trkpt>
      <trkpt lat="18.719604" lon="98.987711">
        <ele>300.5</ele>
      </trkpt>
      <trkpt lat="18.719603" lon="98.987617">
        <ele>300.25</ele>
      </trkpt>
      <trkpt lat="18.719601" lon="98.987422">
        <ele>299.5</ele>
      </trkpt>
      <trkpt lat="18.719603" lon="98.987249">
        <ele>299.0</ele>
      </trkpt>
      <trkpt lat="18.719601" lon="98.986282">
        <ele>299.0</ele>
      </trkpt>
      <trkpt lat="18.719597" lon="98.986145">
        <ele>299.75</ele>
      </trkpt>
      <trkpt lat="18.719587" lon="98.986115">
        <ele>299.75</ele>
      </trkpt>
      <trkpt lat="18.719573" lon="98.986096">
        <ele>300.0</ele>
      </trkpt>
      <trkpt lat="18.719521" lon="98.986044">
        <ele>300.25</ele>
      </trkpt>
      <trkpt lat="18.719501" lon="98.986">
        <ele>300.5</ele>
      </trkpt>
      <trkpt lat="18.719509" lon="98.985944">
        <ele>300.75</ele>
      </trkpt>
      <trkpt lat="18.719537" lon="98.985921">
        <ele>300.75</ele>
      </trkpt>
      <trkpt lat="18.719575" lon="98.985904">
        <ele>301.0</ele>
      </trkpt>
      <trkpt lat="18.719616" lon="98.9859">
        <ele>301.0</ele>
      </trkpt>
      <trkpt lat="18.71979" lon="98.98593">
        <ele>301.0</ele>
      </trkpt>
      <trkpt lat="18.719877" lon="98.985924">
        <ele>301.25</ele>
      </trkpt>
      <trkpt lat="18.719995" lon="98.985903">
        <ele>301.5</ele>
      </trkpt>
      <trkpt lat="18.720075" lon="98.985902">
        <ele>301.25</ele>
      </trkpt>
      <trkpt lat="18.720132" lon="98.985919">
        <ele>301.0</ele>
      </trkpt>
      <trkpt lat="18.720158" lon="98.985934">
        <ele>301.0</ele>
      </trkpt>
      <trkpt lat="18.720172" lon="98.985951">
        <ele>300.75</ele>
      </trkpt>
      <trkpt lat="18.720212" lon="98.986041">
        <ele>300.25</ele>
      </trkpt>
      <trkpt lat="18.720275" lon="98.986149">
        <ele>299.75</ele>
      </trkpt>
      <trkpt lat="18.720342" lon="98.986214">
        <ele>299.25</ele>
      </trkpt>
      <trkpt lat="18.720549" lon="98.98622">
        <ele>299.25</ele>
      </trkpt>
      <trkpt lat="18.721313" lon="98.986196">
        <ele>298.75</ele>
      </trkpt>
      <trkpt lat="18.721693" lon="98.986171">
        <ele>299.0</ele>
      </trkpt>
      <trkpt lat="18.721863" lon="98.986154">
        <ele>299.25</ele>
      </trkpt>
      <trkpt lat="18.722012" lon="98.986124">
        <ele>299.75</ele>
      </trkpt>
      <trkpt lat="18.722178" lon="98.986091">
        <ele>300.25</ele>
      </trkpt>
      <trkpt lat="18.722385" lon="98.986053">
        <ele>300.75</ele>
      </trkpt>
      <trkpt lat="18.723055" lon="98.985986">
        <ele>302.25</ele>
      </trkpt>
      <trkpt lat="18.723508" lon="98.985994">
        <ele>302.75</ele>
      </trkpt>
      <trkpt lat="18.723882" lon="98.986008">
        <ele>302.5</ele>
      </trkpt>
      <trkpt lat="18.724111" lon="98.986024">
        <ele>302.5</ele>
      </trkpt>
      <trkpt lat="18.724246" lon="98.98604">
        <ele>302.25</ele>
      </trkpt>
      <trkpt lat="18.724402" lon="98.986067">
        <ele>302.25</ele>
      </trkpt>
      <trkpt lat="18.724883" lon="98.986178">
        <ele>302.0</ele>
      </trkpt>
      <trkpt lat="18.725342" lon="98.986304">
        <ele>301.75</ele>
      </trkpt>
      <trkpt lat="18.725506" lon="98.986342">
        <ele>301.5</ele>
      </trkpt>
      <trkpt lat="18.725638" lon="98.986358">
        <ele>301.5</ele>
      </trkpt>
      <trkpt lat="18.7258" lon="98.986366">
        <ele>301.25</ele>
      </trkpt>
      <trkpt lat="18.725966" lon="98.986362">
        <ele>301.25</ele>
      </trkpt>
      <trkpt lat="18.726131" lon="98.986352">
        <ele>301.25</ele>
      </trkpt>
      <trkpt lat="18.72629" lon="98.986331">
        <ele>301.5</ele>
      </trkpt>
      <trkpt lat="18.726426" lon="98.986299">
        <ele>301.5</ele>
      </trkpt>
      <trkpt lat="18.726569" lon="98.986253">
        <ele>301.5</ele>
      </trkpt>
      <trkpt lat="18.726703" lon="98.986183">
        <ele>301.25</ele>
      </trkpt>
      <trkpt lat="18.726947" lon="98.986014">
        <ele>301.5</ele>
      </trkpt>
      <trkpt lat="18.727548" lon="98.985525">
        <ele>301.25</ele>
      </trkpt>
      <trkpt lat="18.727737" lon="98.985388">
        <ele>301.0</ele>
      </trkpt>
      <trkpt lat="18.727978" lon="98.985263">
        <ele>300.75</ele>
      </trkpt>
      <trkpt lat="18.728443" lon="98.985082">
        <ele>300.75</ele>
      </trkpt>
      <trkpt lat="18.728767" lon="98.984888">
        <ele>302.0</ele>
      </trkpt>
      <trkpt lat="18.72897" lon="98.984782">
        <ele>303.0</ele>
      </trkpt>
      <trkpt lat="18.729155" lon="98.984694">
        <ele>303.75</ele>
      </trkpt>
      <trkpt lat="18.72936" lon="98.984622">
        <ele>304.25</ele>
      </trkpt>
      <trkpt lat="18.729689" lon="98.984542">
        <ele>304.75</ele>
      </trkpt>
      <trkpt lat="18.730071" lon="98.984476">
        <ele>304.75</ele>
      </trkpt>
      <trkpt lat="18.730304" lon="98.984455">
        <ele>304.75</ele>
      </trkpt>
      <trkpt lat="18.730552" lon="98.984445">
        <ele>304.75</ele>
      </trkpt>
      <trkpt lat="18.731099" lon="98.98446">
        <ele>303.5</ele>
      </trkpt>
      <trkpt lat="18.73118" lon="98.984463">
        <ele>303.25</ele>
      </trkpt>
      <trkpt lat="18.731548" lon="98.9845">
        <ele>301.25</ele>
      </trkpt>
      <trkpt lat="18.731908" lon="98.984556">
        <ele>301.0</ele>
      </trkpt>
      <trkpt lat="18.732259" lon="98.984572">
        <ele>301.75</ele>
      </trkpt>
      <trkpt lat="18.732493" lon="98.984576">
        <ele>302.25</ele>
      </trkpt>
      <trkpt lat="18.73261" lon="98.98457">
        <ele>302.25</ele>
      </trkpt>
      <trkpt lat="18.733417" lon="98.984525">
        <ele>302.0</ele>
      </trkpt>
      <trkpt lat="18.733799" lon="98.984502">
        <ele>302.75</ele>
      </trkpt>
      <trkpt lat="18.734338" lon="98.984483">
        <ele>303.25</ele>
      </trkpt>
      <trkpt lat="18.734443" lon="98.984467">
        <ele>303.0</ele>
      </trkpt>
      <trkpt lat="18.734779" lon="98.984412">
        <ele>302.75</ele>
      </trkpt>
      <trkpt lat="18.734885" lon="98.984386">
        <ele>302.5</ele>
      </trkpt>
      <trkpt lat="18.73508" lon="98.984323">
        <ele>302.75</ele>
      </trkpt>
      <trkpt lat="18.73529" lon="98.984232">
        <ele>303.5</ele>
      </trkpt>
      <trkpt lat="18.735399" lon="98.98417">
        <ele>303.75</ele>
      </trkpt>
      <trkpt lat="18.735812" lon="98.983903">
        <ele>304.5</ele>
      </trkpt>
      <trkpt lat="18.736333" lon="98.983489">
        <ele>303.75</ele>
      </trkpt>
      <trkpt lat="18.736792" lon="98.983135">
        <ele>303.25</ele>
      </trkpt>
      <trkpt lat="18.736887" lon="98.983048">
        <ele>303.5</ele>
      </trkpt>
      <trkpt lat="18.736992" lon="98.982936">
        <ele>303.75</ele>
      </trkpt>
      <trkpt lat="18.737061" lon="98.982855">
        <ele>304.0</ele>
      </trkpt>
      <trkpt lat="18.737146" lon="98.982738">
        <ele>304.25</ele>
      </trkpt>
      <trkpt lat="18.737215" lon="98.982627">
        <ele>304.25</ele>
      </trkpt>
      <trkpt lat="18.737323" lon="98.98242">
        <ele>304.0</ele>
      </trkpt>
      <trkpt lat="18.737484" lon="98.982068">
        <ele>302.75</ele>
      </trkpt>
      <trkpt lat="18.737615" lon="98.981789">
        <ele>301.5</ele>
      </trkpt>
      <trkpt lat="18.737679" lon="98.981676">
        <ele>301.0</ele>
      </trkpt>
      <trkpt lat="18.737861" lon="98.9814">
        <ele>301.25</ele>
      </trkpt>
      <trkpt lat="18.738046" lon="98.981135">
        <ele>301.5</ele>
      </trkpt>
      <trkpt lat="18.738196" lon="98.980956">
        <ele>301.75</ele>
      </trkpt>
      <trkpt lat="18.738295" lon="98.980865">
        <ele>301.75</ele>
      </trkpt>
      <trkpt lat="18.738391" lon="98.980788">
        <ele>301.75</ele>
      </trkpt>
      <trkpt lat="18.738633" lon="98.980638">
        <ele>301.75</ele>
      </trkpt>
      <trkpt lat="18.738945" lon="98.980476">
        <ele>302.0</ele>
      </trkpt>
      <trkpt lat="18.739166" lon="98.980371">
        <ele>302.0</ele>
      </trkpt>
      <trkpt lat="18.739261" lon="98.980333">
        <ele>302.25</ele>
      </trkpt>
      <trkpt lat="18.73931" lon="98.980321">
        <ele>302.25</ele>
      </trkpt>
      <trkpt lat="18.739362" lon="98.980317">
        <ele>302.25</ele>
      </trkpt>
      <trkpt lat="18.739386" lon="98.980322">
        <ele>302.25</ele>
      </trkpt>
      <trkpt lat="18.739511" lon="98.980401">
        <ele>302.0</ele>
      </trkpt>
      <trkpt lat="18.739577" lon="98.980454">
        <ele>301.75</ele>
      </trkpt>
      <trkpt lat="18.739796" lon="98.980626">
        <ele>300.75</ele>
      </trkpt>
      <trkpt lat="18.740147" lon="98.980868">
        <ele>300.25</ele>
      </trkpt>
      <trkpt lat="18.740378" lon="98.981032">
        <ele>301.0</ele>
      </trkpt>
      <trkpt lat="18.740444" lon="98.981084">
        <ele>301.0</ele>
      </trkpt>
      <trkpt lat="18.740544" lon="98.981178">
        <ele>301.25</ele>
      </trkpt>
      <trkpt lat="18.740593" lon="98.981235">
        <ele>301.25</ele>
      </trkpt>
      <trkpt lat="18.740685" lon="98.98137">
        <ele>301.25</ele>
      </trkpt>
      <trkpt lat="18.740729" lon="98.981449">
        <ele>301.25</ele>
      </trkpt>
      <trkpt lat="18.740802" lon="98.981611">
        <ele>301.0</ele>
      </trkpt>
      <trkpt lat="18.740827" lon="98.981683">
        <ele>301.0</ele>
      </trkpt>
      <trkpt lat="18.740867" lon="98.981832">
        <ele>301.0</ele>
      </trkpt>
      <trkpt lat="18.740886" lon="98.981959">
        <ele>301.25</ele>
      </trkpt>
      <trkpt lat="18.740908" lon="98.982176">
        <ele>301.5</ele>
      </trkpt>
      <trkpt lat="18.740938" lon="98.98242">
        <ele>301.75</ele>
      </trkpt>
      <trkpt lat="18.740959" lon="98.982501">
        <ele>302.0</ele>
      </trkpt>
      <trkpt lat="18.740986" lon="98.982573">
        <ele>302.0</ele>
      </trkpt>
      <trkpt lat="18.741023" lon="98.982644">
        <ele>302.0</ele>
      </trkpt>
      <trkpt lat="18.741063" lon="98.982704">
        <ele>302.0</ele>
      </trkpt>
      <trkpt lat="18.741115" lon="98.98276">
        <ele>302.0</ele>
      </trkpt>
      <trkpt lat="18.741227" lon="98.982844">
        <ele>302.0</ele>
      </trkpt>
      <trkpt lat="18.741369" lon="98.982918">
        <ele>302.25</ele>
      </trkpt>
      <trkpt lat="18.741444" lon="98.982946">
        <ele>302.25</ele>
      </trkpt>
      <trkpt lat="18.741514" lon="98.982968">
        <ele>302.25</ele>
      </trkpt>
      <trkpt lat="18.74159" lon="98.982982">
        <ele>302.5</ele>
      </trkpt>
      <trkpt lat="18.741855" lon="98.983014">
        <ele>302.0</ele>
      </trkpt>
      <trkpt lat="18.741927" lon="98.983022">
        <ele>301.75</ele>
      </trkpt>
      <trkpt lat="18.742456" lon="98.983042">
        <ele>300.0</ele>
      </trkpt>
      <trkpt lat="18.742778" lon="98.983055">
        <ele>300.75</ele>
      </trkpt>
      <trkpt lat="18.742891" lon="98.983073">
        <ele>301.0</ele>
      </trkpt>
      <trkpt lat="18.743016" lon="98.983092">
        <ele>301.25</ele>
      </trkpt>
      <trkpt lat="18.743077" lon="98.983124">
        <ele>301.5</ele>
      </trkpt>
      <trkpt lat="18.743217" lon="98.983184">
        <ele>302.0</ele>
      </trkpt>
      <trkpt lat="18.743366" lon="98.98328">
        <ele>302.75</ele>
      </trkpt>
      <trkpt lat="18.743439" lon="98.983352">
        <ele>303.0</ele>
      </trkpt>
      <trkpt lat="18.743568" lon="98.983462">
        <ele>303.25</ele>
      </trkpt>
      <trkpt lat="18.743674" lon="98.983595">
        <ele>303.25</ele>
      </trkpt>
      <trkpt lat="18.743805" lon="98.983719">
        <ele>303.5</ele>
      </trkpt>
      <trkpt lat="18.743914" lon="98.983842">
        <ele>303.25</ele>
      </trkpt>
      <trkpt lat="18.744001" lon="98.983929">
        <ele>303.25</ele>
      </trkpt>
      <trkpt lat="18.744078" lon="98.983984">
        <ele>303.25</ele>
      </trkpt>
      <trkpt lat="18.744254" lon="98.984081">
        <ele>303.0</ele>
      </trkpt>
      <trkpt lat="18.744479" lon="98.984137">
        <ele>303.0</ele>
      </trkpt>
      <trkpt lat="18.744771" lon="98.984195">
        <ele>302.75</ele>
      </trkpt>
      <trkpt lat="18.74515" lon="98.984254">
        <ele>302.5</ele>
      </trkpt>
      <trkpt lat="18.745431" lon="98.984311">
        <ele>302.0</ele>
      </trkpt>
      <trkpt lat="18.745624" lon="98.984371">
        <ele>301.75</ele>
      </trkpt>
      <trkpt lat="18.745711" lon="98.984276">
        <ele>301.75</ele>
      </trkpt>
      <trkpt lat="18.745756" lon="98.984215">
        <ele>302.0</ele>
      </trkpt>
      <trkpt lat="18.745819" lon="98.983981">
        <ele>301.75</ele>
      </trkpt>
      <trkpt lat="18.745828" lon="98.983945">
        <ele>301.5</ele>
      </trkpt>
      <trkpt lat="18.74585" lon="98.983916">
        <ele>301.5</ele>
      </trkpt>
      <trkpt lat="18.745876" lon="98.983902">
        <ele>301.75</ele>
      </trkpt>
      <trkpt lat="18.745967" lon="98.983887">
        <ele>301.75</ele>
      </trkpt>
      <trkpt lat="18.7461" lon="98.983922">
        <ele>302.25</ele>
      </trkpt>
      <trkpt lat="18.746153" lon="98.983964">
        <ele>302.25</ele>
      </trkpt>
      <trkpt lat="18.74617" lon="98.983985">
        <ele>302.25</ele>
      </trkpt>
      <trkpt lat="18.746186" lon="98.984027">
        <ele>302.25</ele>
      </trkpt>
      <trkpt lat="18.746172" lon="98.984091">
        <ele>302.25</ele>
      </trkpt>
      <trkpt lat="18.746103" lon="98.984381">
        <ele>302.0</ele>
      </trkpt>
      <trkpt lat="18.746106" lon="98.984452">
        <ele>301.75</ele>
      </trkpt>
      <trkpt lat="18.746131" lon="98.984536">
        <ele>301.75</ele>
      </trkpt>
      <trkpt lat="18.746372" lon="98.984647">
        <ele>302.0</ele>
      </trkpt>
      <trkpt lat="18.746519" lon="98.984727">
        <ele>302.0</ele>
      </trkpt>
      <trkpt lat="18.746704" lon="98.984839">
        <ele>302.0</ele>
      </trkpt>
      <trkpt lat="18.746963" lon="98.984993">
        <ele>302.25</ele>
      </trkpt>
      <trkpt lat="18.747121" lon="98.985074">
        <ele>302.25</ele>
      </trkpt>
      <trkpt lat="18.747331" lon="98.985175">
        <ele>302.25</ele>
      </trkpt>
      <trkpt lat="18.747569" lon="98.985272">
        <ele>302.25</ele>
      </trkpt>
      <trkpt lat="18.747687" lon="98.985322">
        <ele>302.25</ele>
      </trkpt>
      <trkpt lat="18.747849" lon="98.985408">
        <ele>302.25</ele>
      </trkpt>
      <trkpt lat="18.747974" lon="98.985491">
        <ele>302.25</ele>
      </trkpt>
      <trkpt lat="18.748232" lon="98.985746">
        <ele>302.75</ele>
      </trkpt>
      <trkpt lat="18.748303" lon="98.985847">
        <ele>302.75</ele>
      </trkpt>
      <trkpt lat="18.748364" lon="98.985954">
        <ele>303.0</ele>
      </trkpt>
      <trkpt lat="18.748415" lon="98.986068">
        <ele>303.25</ele>
      </trkpt>
      <trkpt lat="18.748561" lon="98.986454">
        <ele>303.5</ele>
      </trkpt>
      <trkpt lat="18.748711" lon="98.986882">
        <ele>303.75</ele>
      </trkpt>
      <trkpt lat="18.748774" lon="98.987039">
        <ele>303.75</ele>
      </trkpt>
      <trkpt lat="18.748861" lon="98.987237">
        <ele>303.5</ele>
      </trkpt>
      <trkpt lat="18.748939" lon="98.987396">
        <ele>303.75</ele>
      </trkpt>
      <trkpt lat="18.748999" lon="98.987485">
        <ele>303.75</ele>
      </trkpt>
      <trkpt lat="18.749134" lon="98.987642">
        <ele>303.75</ele>
      </trkpt>
      <trkpt lat="18.749189" lon="98.987691">
        <ele>303.75</ele>
      </trkpt>
      <trkpt lat="18.749237" lon="98.987725">
        <ele>303.75</ele>
      </trkpt>
      <trkpt lat="18.749319" lon="98.987768">
        <ele>303.75</ele>
      </trkpt>
      <trkpt lat="18.749386" lon="98.987791">
        <ele>304.0</ele>
      </trkpt>
      <trkpt lat="18.749448" lon="98.987802">
        <ele>304.0</ele>
      </trkpt>
      <trkpt lat="18.749565" lon="98.987805">
        <ele>304.25</ele>
      </trkpt>
      <trkpt lat="18.749914" lon="98.987745">
        <ele>305.0</ele>
      </trkpt>
      <trkpt lat="18.750106" lon="98.987713">
        <ele>304.75</ele>
      </trkpt>
      <trkpt lat="18.750253" lon="98.987696">
        <ele>304.25</ele>
      </trkpt>
      <trkpt lat="18.750708" lon="98.987677">
        <ele>303.0</ele>
      </trkpt>
      <trkpt lat="18.750888" lon="98.987651">
        <ele>302.75</ele>
      </trkpt>
      <trkpt lat="18.751381" lon="98.987548">
        <ele>303.5</ele>
      </trkpt>
      <trkpt lat="18.751665" lon="98.987548">
        <ele>304.0</ele>
      </trkpt>
      <trkpt lat="18.751914" lon="98.987599">
        <ele>303.75</ele>
      </trkpt>
      <trkpt lat="18.751995" lon="98.987621">
        <ele>303.5</ele>
      </trkpt>
      <trkpt lat="18.752367" lon="98.987726">
        <ele>302.75</ele>
      </trkpt>
      <trkpt lat="18.753237" lon="98.987986">
        <ele>304.25</ele>
      </trkpt>
      <trkpt lat="18.753347" lon="98.988034">
        <ele>304.5</ele>
      </trkpt>
      <trkpt lat="18.753463" lon="98.988111">
        <ele>304.5</ele>
      </trkpt>
      <trkpt lat="18.753516" lon="98.988149">
        <ele>304.5</ele>
      </trkpt>
      <trkpt lat="18.754442" lon="98.989033">
        <ele>305.75</ele>
      </trkpt>
      <trkpt lat="18.754551" lon="98.989184">
        <ele>306.0</ele>
      </trkpt>
      <trkpt lat="18.754622" lon="98.989378">
        <ele>306.0</ele>
      </trkpt>
      <trkpt lat="18.754669" lon="98.989537">
        <ele>306.25</ele>
      </trkpt>
      <trkpt lat="18.754672" lon="98.989776">
        <ele>306.25</ele>
      </trkpt>
      <trkpt lat="18.754656" lon="98.990004">
        <ele>306.5</ele>
      </trkpt>
      <trkpt lat="18.754635" lon="98.990134">
        <ele>306.25</ele>
      </trkpt>
      <trkpt lat="18.754549" lon="98.990421">
        <ele>305.75</ele>
      </trkpt>
      <trkpt lat="18.754284" lon="98.991252">
        <ele>303.0</ele>
      </trkpt>
      <trkpt lat="18.754259" lon="98.991402">
        <ele>303.0</ele>
      </trkpt>
      <trkpt lat="18.754254" lon="98.991429">
        <ele>303.0</ele>
      </trkpt>
      <trkpt lat="18.754225" lon="98.991643">
        <ele>303.0</ele>
      </trkpt>
      <trkpt lat="18.754223" lon="98.992026">
        <ele>303.75</ele>
      </trkpt>
      <trkpt lat="18.754248" lon="98.99248">
        <ele>304.75</ele>
      </trkpt>
      <trkpt lat="18.7543" lon="98.992662">
        <ele>304.75</ele>
      </trkpt>
      <trkpt lat="18.754375" lon="98.992872">
        <ele>304.75</ele>
      </trkpt>
      <trkpt lat="18.754416" lon="98.99298">
        <ele>304.75</ele>
      </trkpt>
      <trkpt lat="18.75457" lon="98.993307">
        <ele>304.75</ele>
      </trkpt>
      <trkpt lat="18.754684" lon="98.993478">
        <ele>304.5</ele>
      </trkpt>
      <trkpt lat="18.754778" lon="98.993594">
        <ele>304.0</ele>
      </trkpt>
      <trkpt lat="18.754816" lon="98.993633">
        <ele>304.0</ele>
      </trkpt>
      <trkpt lat="18.755325" lon="98.994147">
        <ele>302.25</ele>
      </trkpt>
      <trkpt lat="18.755576" lon="98.994403">
        <ele>302.75</ele>
      </trkpt>
      <trkpt lat="18.755916" lon="98.994765">
        <ele>303.5</ele>
      </trkpt>
      <trkpt lat="18.756028" lon="98.994835">
        <ele>303.25</ele>
      </trkpt>
      <trkpt lat="18.756156" lon="98.994884">
        <ele>303.0</ele>
      </trkpt>
      <trkpt lat="18.756299" lon="98.99491">
        <ele>302.75</ele>
      </trkpt>
      <trkpt lat="18.756419" lon="98.994908">
        <ele>302.5</ele>
      </trkpt>
      <trkpt lat="18.756989" lon="98.994816">
        <ele>302.5</ele>
      </trkpt>
      <trkpt lat="18.757213" lon="98.994824">
        <ele>302.5</ele>
      </trkpt>
      <trkpt lat="18.757448" lon="98.994869">
        <ele>302.75</ele>
      </trkpt>
      <trkpt lat="18.757604" lon="98.994901">
        <ele>303.0</ele>
      </trkpt>
      <trkpt lat="18.757876" lon="98.994976">
        <ele>303.75</ele>
      </trkpt>
      <trkpt lat="18.758176" lon="98.995119">
        <ele>304.5</ele>
      </trkpt>
      <trkpt lat="18.758367" lon="98.995261">
        <ele>304.75</ele>
      </trkpt>
      <trkpt lat="18.758495" lon="98.995367">
        <ele>304.75</ele>
      </trkpt>
      <trkpt lat="18.758545" lon="98.995413">
        <ele>304.75</ele>
      </trkpt>
      <trkpt lat="18.758979" lon="98.995825">
        <ele>304.0</ele>
      </trkpt>
      <trkpt lat="18.759586" lon="98.996312">
        <ele>304.5</ele>
      </trkpt>
      <trkpt lat="18.759687" lon="98.996468">
        <ele>304.75</ele>
      </trkpt>
      <trkpt lat="18.760029" lon="98.996679">
        <ele>305.0</ele>
      </trkpt>
      <trkpt lat="18.760146" lon="98.996781">
        <ele>305.25</ele>
      </trkpt>
      <trkpt lat="18.760416" lon="98.997023">
        <ele>305.75</ele>
      </trkpt>
      <trkpt lat="18.760803" lon="98.997421">
        <ele>306.0</ele>
      </trkpt>
      <trkpt lat="18.761184" lon="98.997833">
        <ele>305.75</ele>
      </trkpt>
      <trkpt lat="18.76159" lon="98.998421">
        <ele>306.0</ele>
      </trkpt>
      <trkpt lat="18.761735" lon="98.998655">
        <ele>306.25</ele>
      </trkpt>
      <trkpt lat="18.761871" lon="98.999042">
        <ele>306.75</ele>
      </trkpt>
      <trkpt lat="18.761929" lon="98.999496">
        <ele>306.5</ele>
      </trkpt>
      <trkpt lat="18.762007" lon="99.000286">
        <ele>306.25</ele>
      </trkpt>
      <trkpt lat="18.762024" lon="99.00045">
        <ele>306.0</ele>
      </trkpt>
      <trkpt lat="18.76214" lon="99.001065">
        <ele>306.5</ele>
      </trkpt>
      <trkpt lat="18.762192" lon="99.001195">
        <ele>306.5</ele>
      </trkpt>
      <trkpt lat="18.762297" lon="99.001396">
        <ele>306.25</ele>
      </trkpt>
      <trkpt lat="18.76235" lon="99.001456">
        <ele>306.0</ele>
      </trkpt>
      <trkpt lat="18.762416" lon="99.001498">
        <ele>305.75</ele>
      </trkpt>
      <trkpt lat="18.762505" lon="99.001508">
        <ele>305.0</ele>
      </trkpt>
      <trkpt lat="18.762611" lon="99.00149">
        <ele>305.25</ele>
      </trkpt>
      <trkpt lat="18.762938" lon="99.001369">
        <ele>305.5</ele>
      </trkpt>
      <trkpt lat="18.763" lon="99.001348">
        <ele>305.5</ele>
      </trkpt>
      <trkpt lat="18.763031" lon="99.001337">
        <ele>305.5</ele>
      </trkpt>
      <trkpt lat="18.763424" lon="99.001201">
        <ele>305.5</ele>
      </trkpt>
      <trkpt lat="18.763834" lon="99.001017">
        <ele>306.25</ele>
      </trkpt>
      <trkpt lat="18.764299" lon="99.000809">
        <ele>306.75</ele>
      </trkpt>
      <trkpt lat="18.764881" lon="99.000557">
        <ele>305.75</ele>
      </trkpt>
      <trkpt lat="18.765431" lon="99.000335">
        <ele>306.75</ele>
      </trkpt>
      <trkpt lat="18.766031" lon="99.000093">
        <ele>309.25</ele>
      </trkpt>
      <trkpt lat="18.766547" lon="98.99987">
        <ele>311.25</ele>
      </trkpt>
      <trkpt lat="18.766828" lon="98.99975">
        <ele>311.0</ele>
      </trkpt>
      <trkpt lat="18.767063" lon="98.999656">
        <ele>310.0</ele>
      </trkpt>
      <trkpt lat="18.767249" lon="98.999581">
        <ele>309.25</ele>
      </trkpt>
      <trkpt lat="18.767351" lon="98.99954">
        <ele>308.75</ele>
      </trkpt>
      <trkpt lat="18.76771" lon="98.999397">
        <ele>308.0</ele>
      </trkpt>
      <trkpt lat="18.767817" lon="98.999353">
        <ele>308.0</ele>
      </trkpt>
      <trkpt lat="18.767978" lon="98.99929">
        <ele>307.75</ele>
      </trkpt>
      <trkpt lat="18.768121" lon="98.999233">
        <ele>307.75</ele>
      </trkpt>
      <trkpt lat="18.768882" lon="98.998956">
        <ele>308.5</ele>
      </trkpt>
      <trkpt lat="18.769082" lon="98.998883">
        <ele>309.0</ele>
      </trkpt>
      <trkpt lat="18.769159" lon="98.998852">
        <ele>309.25</ele>
      </trkpt>
      <trkpt lat="18.769793" lon="98.998662">
        <ele>306.5</ele>
      </trkpt>
      <trkpt lat="18.770008" lon="98.998628">
        <ele>305.5</ele>
      </trkpt>
      <trkpt lat="18.770182" lon="98.998622">
        <ele>305.25</ele>
      </trkpt>
      <trkpt lat="18.77034" lon="98.998618">
        <ele>305.0</ele>
      </trkpt>
      <trkpt lat="18.770771" lon="98.998639">
        <ele>304.5</ele>
      </trkpt>
      <trkpt lat="18.770826" lon="98.998642">
        <ele>304.25</ele>
      </trkpt>
      <trkpt lat="18.771401" lon="98.998671">
        <ele>306.0</ele>
      </trkpt>
      <trkpt lat="18.771684" lon="98.998696">
        <ele>307.0</ele>
      </trkpt>
      <trkpt lat="18.771993" lon="98.998726">
        <ele>307.25</ele>
      </trkpt>
      <trkpt lat="18.772192" lon="98.998745">
        <ele>307.5</ele>
      </trkpt>
      <trkpt lat="18.772427" lon="98.998767">
        <ele>307.75</ele>
      </trkpt>
      <trkpt lat="18.772528" lon="98.998777">
        <ele>308.0</ele>
      </trkpt>
      <trkpt lat="18.7726" lon="98.998783">
        <ele>308.25</ele>
      </trkpt>
      <trkpt lat="18.772806" lon="98.9988">
        <ele>309.0</ele>
      </trkpt>
      <trkpt lat="18.773468" lon="98.99886">
        <ele>310.25</ele>
      </trkpt>
      <trkpt lat="18.773884" lon="98.99888">
        <ele>308.5</ele>
      </trkpt>
      <trkpt lat="18.773997" lon="98.998782">
        <ele>307.75</ele>
      </trkpt>
      <trkpt lat="18.774099" lon="98.998679">
        <ele>307.0</ele>
      </trkpt>
      <trkpt lat="18.77373" lon="98.998275">
        <ele>308.5</ele>
      </trkpt>
      <trkpt lat="18.773456" lon="98.997955">
        <ele>309.25</ele>
      </trkpt>
      <trkpt lat="18.773228" lon="98.997712">
        <ele>308.75</ele>
      </trkpt>
      <trkpt lat="18.773203" lon="98.997673">
        <ele>308.5</ele>
      </trkpt>
      <trkpt lat="18.773224" lon="98.997631">
        <ele>308.5</ele>
      </trkpt>
      <trkpt lat="18.773515" lon="98.997445">
        <ele>308.0</ele>
      </trkpt>
      <trkpt lat="18.773519" lon="98.997428">
        <ele>308.0</ele>
      </trkpt>
      <trkpt lat="18.773506" lon="98.99741">
        <ele>308.0</ele>
      </trkpt>
      <trkpt lat="18.77343" lon="98.997359">
        <ele>308.0</ele>
      </trkpt>
      <trkpt lat="18.773506" lon="98.99741">
        <ele>308.0</ele>
      </trkpt>
      <trkpt lat="18.773519" lon="98.997428">
        <ele>308.0</ele>
      </trkpt>
      <trkpt lat="18.773515" lon="98.997445">
        <ele>308.0</ele>
      </trkpt>
      <trkpt lat="18.773224" lon="98.997631">
        <ele>308.5</ele>
      </trkpt>
      <trkpt lat="18.773203" lon="98.997673">
        <ele>308.5</ele>
      </trkpt>
      <trkpt lat="18.773228" lon="98.997712">
        <ele>308.75</ele>
      </trkpt>
      <trkpt lat="18.773456" lon="98.997955">
        <ele>309.25</ele>
      </trkpt>
      <trkpt lat="18.77373" lon="98.998275">
        <ele>308.5</ele>
      </trkpt>
      <trkpt lat="18.774099" lon="98.998679">
        <ele>307.0</ele>
      </trkpt>
      <trkpt lat="18.774243" lon="98.998559">
        <ele>306.5</ele>
      </trkpt>
      <trkpt lat="18.774339" lon="98.998478">
        <ele>306.5</ele>
      </trkpt>
      <trkpt lat="18.77479" lon="98.998096">
        <ele>307.5</ele>
      </trkpt>
      <trkpt lat="18.775203" lon="98.997725">
        <ele>309.0</ele>
      </trkpt>
      <trkpt lat="18.775281" lon="98.997635">
        <ele>309.5</ele>
      </trkpt>
      <trkpt lat="18.775338" lon="98.997569">
        <ele>309.75</ele>
      </trkpt>
      <trkpt lat="18.775998" lon="98.996815">
        <ele>309.5</ele>
      </trkpt>
      <trkpt lat="18.776014" lon="98.996798">
        <ele>309.5</ele>
      </trkpt>
      <trkpt lat="18.776251" lon="98.996534">
        <ele>307.75</ele>
      </trkpt>
      <trkpt lat="18.776724" lon="98.996028">
        <ele>306.0</ele>
      </trkpt>
      <trkpt lat="18.776851" lon="98.995892">
        <ele>306.25</ele>
      </trkpt>
      <trkpt lat="18.777066" lon="98.995644">
        <ele>307.0</ele>
      </trkpt>
      <trkpt lat="18.777144" lon="98.995568">
        <ele>307.25</ele>
      </trkpt>
      <trkpt lat="18.77726" lon="98.995446">
        <ele>307.75</ele>
      </trkpt>
      <trkpt lat="18.777354" lon="98.995385">
        <ele>308.0</ele>
      </trkpt>
      <trkpt lat="18.777532" lon="98.995514">
        <ele>308.25</ele>
      </trkpt>
      <trkpt lat="18.777582" lon="98.995518">
        <ele>308.25</ele>
      </trkpt>
      <trkpt lat="18.777627" lon="98.995506">
        <ele>308.25</ele>
      </trkpt>
      <trkpt lat="18.777834" lon="98.995326">
        <ele>308.25</ele>
      </trkpt>
      <trkpt lat="18.77807" lon="98.995113">
        <ele>307.75</ele>
      </trkpt>
      <trkpt lat="18.778345" lon="98.994829">
        <ele>307.0</ele>
      </trkpt>
      <trkpt lat="18.778521" lon="98.994681">
        <ele>307.5</ele>
      </trkpt>
      <trkpt lat="18.778734" lon="98.994503">
        <ele>308.0</ele>
      </trkpt>
      <trkpt lat="18.77887" lon="98.994394">
        <ele>308.25</ele>
      </trkpt>
      <trkpt lat="18.779089" lon="98.994233">
        <ele>308.75</ele>
      </trkpt>
      <trkpt lat="18.779557" lon="98.993935">
        <ele>308.5</ele>
      </trkpt>
      <trkpt lat="18.779753" lon="98.993844">
        <ele>308.5</ele>
      </trkpt>
      <trkpt lat="18.779809" lon="98.993816">
        <ele>308.5</ele>
      </trkpt>
      <trkpt lat="18.780187" lon="98.993627">
        <ele>308.25</ele>
      </trkpt>
      <trkpt lat="18.780238" lon="98.993593">
        <ele>308.5</ele>
      </trkpt>
      <trkpt lat="18.780283" lon="98.993538">
        <ele>308.5</ele>
      </trkpt>
      <trkpt lat="18.780327" lon="98.99345">
        <ele>308.5</ele>
      </trkpt>
      <trkpt lat="18.780364" lon="98.993374">
        <ele>308.75</ele>
      </trkpt>
      <trkpt lat="18.780408" lon="98.99326">
        <ele>308.75</ele>
      </trkpt>
      <trkpt lat="18.780453" lon="98.993082">
        <ele>308.5</ele>
      </trkpt>
      <trkpt lat="18.780481" lon="98.993028">
        <ele>308.5</ele>
      </trkpt>
      <trkpt lat="18.780543" lon="98.992985">
        <ele>308.5</ele>
      </trkpt>
      <trkpt lat="18.780601" lon="98.99297">
        <ele>308.5</ele>
      </trkpt>
      <trkpt lat="18.780923" lon="98.992998">
        <ele>309.25</ele>
      </trkpt>
      <trkpt lat="18.781025" lon="98.993007">
        <ele>309.25</ele>
      </trkpt>
      <trkpt lat="18.781005" lon="98.992642">
        <ele>308.25</ele>
      </trkpt>
      <trkpt lat="18.781008" lon="98.992386">
        <ele>308.0</ele>
      </trkpt>
      <trkpt lat="18.781009" lon="98.992349">
        <ele>308.0</ele>
      </trkpt>
      <trkpt lat="18.78101" lon="98.992214">
        <ele>308.25</ele>
      </trkpt>
      <trkpt lat="18.781012" lon="98.991925">
        <ele>308.75</ele>
      </trkpt>
      <trkpt lat="18.781014" lon="98.991815">
        <ele>309.0</ele>
      </trkpt>
      <trkpt lat="18.78102" lon="98.99133">
        <ele>310.0</ele>
      </trkpt>
      <trkpt lat="18.781023" lon="98.991082">
        <ele>310.75</ele>
      </trkpt>
      <trkpt lat="18.781028" lon="98.990832">
        <ele>311.25</ele>
      </trkpt>
      <trkpt lat="18.781053" lon="98.989883">
        <ele>313.0</ele>
      </trkpt>
      <trkpt lat="18.781064" lon="98.989428">
        <ele>312.5</ele>
      </trkpt>
      <trkpt lat="18.781068" lon="98.989346">
        <ele>312.25</ele>
      </trkpt>
      <trkpt lat="18.78107" lon="98.989284">
        <ele>312.25</ele>
      </trkpt>
      <trkpt lat="18.781088" lon="98.988915">
        <ele>311.25</ele>
      </trkpt>
      <trkpt lat="18.781109" lon="98.988643">
        <ele>310.25</ele>
      </trkpt>
      <trkpt lat="18.781086" lon="98.988342">
        <ele>309.25</ele>
      </trkpt>
      <trkpt lat="18.781083" lon="98.98829">
        <ele>309.25</ele>
      </trkpt>
      <trkpt lat="18.781086" lon="98.988157">
        <ele>309.25</ele>
      </trkpt>
      <trkpt lat="18.780953" lon="98.98812">
        <ele>309.25</ele>
      </trkpt>
      <trkpt lat="18.780514" lon="98.988147">
        <ele>309.25</ele>
      </trkpt>
      <trkpt lat="18.780513" lon="98.988133">
        <ele>309.25</ele>
      </trkpt>
      <trkpt lat="18.780514" lon="98.988147">
        <ele>309.25</ele>
      </trkpt>
      <trkpt lat="18.780953" lon="98.98812">
        <ele>309.25</ele>
      </trkpt>
      <trkpt lat="18.781086" lon="98.988157">
        <ele>309.25</ele>
      </trkpt>
      <trkpt lat="18.781111" lon="98.987727">
        <ele>309.5</ele>
      </trkpt>
      <trkpt lat="18.781138" lon="98.986869">
        <ele>310.75</ele>
      </trkpt>
      <trkpt lat="18.781169" lon="98.985597">
        <ele>310.75</ele>
      </trkpt>
      <trkpt lat="18.78117" lon="98.985568">
        <ele>310.5</ele>
      </trkpt>
      <trkpt lat="18.781179" lon="98.985287">
        <ele>310.25</ele>
      </trkpt>
      <trkpt lat="18.781189" lon="98.98483">
        <ele>310.0</ele>
      </trkpt>
      <trkpt lat="18.781207" lon="98.984124">
        <ele>309.5</ele>
      </trkpt>
      <trkpt lat="18.781209" lon="98.984022">
        <ele>309.75</ele>
      </trkpt>
      <trkpt lat="18.78122" lon="98.983339">
        <ele>311.25</ele>
      </trkpt>
      <trkpt lat="18.781221" lon="98.983234">
        <ele>311.25</ele>
      </trkpt>
      <trkpt lat="18.781252" lon="98.981841">
        <ele>312.25</ele>
      </trkpt>
      <trkpt lat="18.781265" lon="98.981497">
        <ele>312.75</ele>
      </trkpt>
      <trkpt lat="18.781275" lon="98.981325">
        <ele>312.5</ele>
      </trkpt>
      <trkpt lat="18.7813" lon="98.980559">
        <ele>311.0</ele>
      </trkpt>
      <trkpt lat="18.781327" lon="98.979586">
        <ele>310.75</ele>
      </trkpt>
      <trkpt lat="18.781329" lon="98.97954">
        <ele>311.0</ele>
      </trkpt>
      <trkpt lat="18.781334" lon="98.979378">
        <ele>311.75</ele>
      </trkpt>
      <trkpt lat="18.781343" lon="98.979085">
        <ele>312.75</ele>
      </trkpt>
      <trkpt lat="18.781373" lon="98.978038">
        <ele>313.0</ele>
      </trkpt>
      <trkpt lat="18.781377" lon="98.977926">
        <ele>313.0</ele>
      </trkpt>
      <trkpt lat="18.781389" lon="98.977847">
        <ele>312.75</ele>
      </trkpt>
      <trkpt lat="18.781422" lon="98.977771">
        <ele>312.5</ele>
      </trkpt>
      <trkpt lat="18.781466" lon="98.97771">
        <ele>312.5</ele>
      </trkpt>
      <trkpt lat="18.781522" lon="98.977649">
        <ele>312.25</ele>
      </trkpt>
      <trkpt lat="18.781588" lon="98.977601">
        <ele>312.0</ele>
      </trkpt>
      <trkpt lat="18.781671" lon="98.977556">
        <ele>312.0</ele>
      </trkpt>
      <trkpt lat="18.781735" lon="98.97753">
        <ele>311.75</ele>
      </trkpt>
      <trkpt lat="18.781809" lon="98.977509">
        <ele>311.75</ele>
      </trkpt>
      <trkpt lat="18.78204" lon="98.977492">
        <ele>311.5</ele>
      </trkpt>
      <trkpt lat="18.782362" lon="98.977523">
        <ele>311.0</ele>
      </trkpt>
      <trkpt lat="18.783026" lon="98.977555">
        <ele>310.5</ele>
      </trkpt>
      <trkpt lat="18.78341" lon="98.977574">
        <ele>310.25</ele>
      </trkpt>
      <trkpt lat="18.785055" lon="98.977659">
        <ele>311.25</ele>
      </trkpt>
      <trkpt lat="18.785569" lon="98.977686">
        <ele>311.75</ele>
      </trkpt>
      <trkpt lat="18.785794" lon="98.977698">
        <ele>311.75</ele>
      </trkpt>
      <trkpt lat="18.785922" lon="98.977704">
        <ele>312.25</ele>
      </trkpt>
      <trkpt lat="18.786363" lon="98.977728">
        <ele>313.5</ele>
      </trkpt>
      <trkpt lat="18.787447" lon="98.977784">
        <ele>316.0</ele>
      </trkpt>
      <trkpt lat="18.787851" lon="98.977806">
        <ele>316.0</ele>
      </trkpt>
      <trkpt lat="18.788293" lon="98.977834">
        <ele>315.5</ele>
      </trkpt>
      <trkpt lat="18.788525" lon="98.977869">
        <ele>315.5</ele>
      </trkpt>
      <trkpt lat="18.788713" lon="98.977879">
        <ele>315.25</ele>
      </trkpt>
      <trkpt lat="18.78873" lon="98.97788">
        <ele>315.25</ele>
      </trkpt>
      <trkpt lat="18.788953" lon="98.977881">
        <ele>315.25</ele>
      </trkpt>
      <trkpt lat="18.789443" lon="98.977878">
        <ele>315.0</ele>
      </trkpt>
      <trkpt lat="18.790007" lon="98.977911">
        <ele>314.5</ele>
      </trkpt>
      <trkpt lat="18.790291" lon="98.977928">
        <ele>315.0</ele>
      </trkpt>
      <trkpt lat="18.790386" lon="98.977933">
        <ele>315.25</ele>
      </trkpt>
      <trkpt lat="18.790579" lon="98.977944">
        <ele>315.75</ele>
      </trkpt>
      <trkpt lat="18.791326" lon="98.977988">
        <ele>316.0</ele>
      </trkpt>
      <trkpt lat="18.791891" lon="98.978015">
        <ele>316.25</ele>
      </trkpt>
      <trkpt lat="18.792153" lon="98.978028">
        <ele>316.75</ele>
      </trkpt>
      <trkpt lat="18.792183" lon="98.97803">
        <ele>317.0</ele>
      </trkpt>
      <trkpt lat="18.792542" lon="98.978047">
        <ele>317.5</ele>
      </trkpt>
      <trkpt lat="18.792713" lon="98.978056">
        <ele>317.25</ele>
      </trkpt>
      <trkpt lat="18.792792" lon="98.97806">
        <ele>317.0</ele>
      </trkpt>
      <trkpt lat="18.793081" lon="98.978074">
        <ele>316.75</ele>
      </trkpt>
      <trkpt lat="18.793265" lon="98.978083">
        <ele>316.5</ele>
      </trkpt>
      <trkpt lat="18.793336" lon="98.978086">
        <ele>316.25</ele>
      </trkpt>
      <trkpt lat="18.794394" lon="98.978137">
        <ele>317.25</ele>
      </trkpt>
      <trkpt lat="18.794559" lon="98.978146">
        <ele>318.0</ele>
      </trkpt>
      <trkpt lat="18.79486" lon="98.978161">
        <ele>319.0</ele>
      </trkpt>
      <trkpt lat="18.79501" lon="98.978169">
        <ele>319.5</ele>
      </trkpt>
      <trkpt lat="18.795209" lon="98.978179">
        <ele>318.5</ele>
      </trkpt>
      <trkpt lat="18.795223" lon="98.978179">
        <ele>318.5</ele>
      </trkpt>
      <trkpt lat="18.795261" lon="98.978181">
        <ele>318.25</ele>
      </trkpt>
      <trkpt lat="18.795439" lon="98.97819">
        <ele>317.5</ele>
      </trkpt>
      <trkpt lat="18.795579" lon="98.978202">
        <ele>316.75</ele>
      </trkpt>
      <trkpt lat="18.795723" lon="98.978218">
        <ele>316.25</ele>
      </trkpt>
      <trkpt lat="18.795961" lon="98.978252">
        <ele>316.5</ele>
      </trkpt>
      <trkpt lat="18.796027" lon="98.978262">
        <ele>317.0</ele>
      </trkpt>
      <trkpt lat="18.796091" lon="98.97829">
        <ele>317.5</ele>
      </trkpt>
      <trkpt lat="18.796899" lon="98.978654">
        <ele>319.25</ele>
      </trkpt>
      <trkpt lat="18.797807" lon="98.979082">
        <ele>317.0</ele>
      </trkpt>
      <trkpt lat="18.797888" lon="98.979111">
        <ele>317.0</ele>
      </trkpt>
      <trkpt lat="18.798312" lon="98.979312">
        <ele>316.75</ele>
      </trkpt>
      <trkpt lat="18.79834" lon="98.979325">
        <ele>316.75</ele>
      </trkpt>
      <trkpt lat="18.798621" lon="98.979463">
        <ele>316.75</ele>
      </trkpt>
      <trkpt lat="18.798702" lon="98.979504">
        <ele>317.0</ele>
      </trkpt>
      <trkpt lat="18.798754" lon="98.979531">
        <ele>317.0</ele>
      </trkpt>
      <trkpt lat="18.799391" lon="98.979813">
        <ele>317.0</ele>
      </trkpt>
      <trkpt lat="18.799505" lon="98.979866">
        <ele>317.0</ele>
      </trkpt>
      <trkpt lat="18.799582" lon="98.979904">
        <ele>317.0</ele>
      </trkpt>
      <trkpt lat="18.799673" lon="98.979946">
        <ele>317.0</ele>
      </trkpt>
      <trkpt lat="18.799755" lon="98.979986">
        <ele>317.0</ele>
      </trkpt>
      <trkpt lat="18.799938" lon="98.980063">
        <ele>316.75</ele>
      </trkpt>
      <trkpt lat="18.800415" lon="98.980289">
        <ele>316.75</ele>
      </trkpt>
      <trkpt lat="18.801248" lon="98.978992">
        <ele>316.5</ele>
      </trkpt>
      <trkpt lat="18.801642" lon="98.978412">
        <ele>315.0</ele>
      </trkpt>
      <trkpt lat="18.801768" lon="98.97827">
        <ele>315.0</ele>
      </trkpt>
      <trkpt lat="18.801757" lon="98.978251">
        <ele>315.0</ele>
      </trkpt>
      <trkpt lat="18.801753" lon="98.978229">
        <ele>315.0</ele>
      </trkpt>
      <trkpt lat="18.801758" lon="98.978206">
        <ele>315.25</ele>
      </trkpt>
      <trkpt lat="18.801771" lon="98.978188">
        <ele>315.25</ele>
      </trkpt>
      <trkpt lat="18.801789" lon="98.978176">
        <ele>315.25</ele>
      </trkpt>
      <trkpt lat="18.80181" lon="98.978172">
        <ele>315.25</ele>
      </trkpt>
      <trkpt lat="18.801831" lon="98.978177">
        <ele>315.25</ele>
      </trkpt>
      <trkpt lat="18.801849" lon="98.978191">
        <ele>315.25</ele>
      </trkpt>
      <trkpt lat="18.80186" lon="98.97821">
        <ele>315.25</ele>
      </trkpt>
      <trkpt lat="18.801864" lon="98.978232">
        <ele>315.25</ele>
      </trkpt>
      <trkpt lat="18.802552" lon="98.978316">
        <ele>316.0</ele>
      </trkpt>
      <trkpt lat="18.802858" lon="98.978357">
        <ele>316.25</ele>
      </trkpt>
      <trkpt lat="18.803016" lon="98.978376">
        <ele>316.5</ele>
      </trkpt>
      <trkpt lat="18.804043" lon="98.978505">
        <ele>317.75</ele>
      </trkpt>
      <trkpt lat="18.804574" lon="98.978571">
        <ele>317.75</ele>
      </trkpt>
      <trkpt lat="18.804966" lon="98.978615">
        <ele>317.5</ele>
      </trkpt>
      <trkpt lat="18.805046" lon="98.978554">
        <ele>317.5</ele>
      </trkpt>
      <trkpt lat="18.805096" lon="98.978496">
        <ele>317.5</ele>
      </trkpt>
      <trkpt lat="18.805123" lon="98.9784">
        <ele>317.5</ele>
      </trkpt>
      <trkpt lat="18.80525" lon="98.977286">
        <ele>320.25</ele>
      </trkpt>
      <trkpt lat="18.805313" lon="98.976725">
        <ele>320.0</ele>
      </trkpt>
      <trkpt lat="18.805548" lon="98.974633">
        <ele>318.0</ele>
      </trkpt>
      <trkpt lat="18.805597" lon="98.974216">
        <ele>318.0</ele>
      </trkpt>
      <trkpt lat="18.805603" lon="98.974168">
        <ele>318.0</ele>
      </trkpt>
      <trkpt lat="18.805718" lon="98.973168">
        <ele>318.25</ele>
      </trkpt>
    </trkseg>
  </trk>
</gpx>