<?xml version="1.0" encoding="UTF-8"?>
<gpx xmlns="http://www.topografix.com/GPX/1/1" xmlns:route="http://gpx-routes.example.com/1.0" xmlns:xsi="http://www.w3.org/2001/XMLSchema-instance" xsi:schemaLocation="http://www.topografix.com/GPX/1/1 http://www.topografix.com/GPX/1/1/gpx.xsd" version="1.1" creator="https://www.komoot.de">
  <metadata>
    <name>CM: Tetris cafe</name>
    <desc>Distance: 174.7 km | Elevation: +754m / -753m</desc>
    <author>
      <link href="https://www.komoot.de">
        <text>komoot</text>
        <type>text/html</type>
      </link>
    </author>
    <extensions>
      <route:distance>174.7</route:distance>
      <route:elevation>754</route:elevation>
    </extensions>
  </metadata>
  <trk>
    <name>CM: Tetris cafe</name>
    <trkseg>
      <trkpt lat="18.805412" lon="98.97585">
        <ele>317.83565</ele>
        <time>2025-12-19T11:30:37.633000Z</time>
      </trkpt>
      <trkpt lat="18.805313" lon="98.976725">
        <ele>317.83565</ele>
        <time>2025-12-19T11:30:49.114000Z</time>
      </trkpt>
      <trkpt lat="18.80525" lon="98.977286">
        <ele>317.851595</ele>
        <time>2025-12-19T11:30:56.643000Z</time>
      </trkpt>
      <trkpt lat="18.805122" lon="98.9784">
        <ele>317.88766</ele>
        <time>2025-12-19T11:31:12.533000Z</time>
      </trkpt>
      <trkpt lat="18.805096" lon="98.978495">
        <ele>317.890838</ele>
        <time>2025-12-19T11:31:14.094000Z</time>
      </trkpt>
      <trkpt lat="18.804966" lon="98.978615">
        <ele>317.896699</ele>
        <time>2025-12-19T11:31:16.908000Z</time>
      </trkpt>
      <trkpt lat="18.804574" lon="98.978571">
        <ele>317.870285</ele>
        <time>2025-12-19T11:31:25.418000Z</time>
      </trkpt>
      <trkpt lat="18.804043" lon="98.978504">
        <ele>317.834386</ele>
        <time>2025-12-19T11:31:36.835000Z</time>
      </trkpt>
      <trkpt lat="18.803016" lon="98.978376">
        <ele>317.682124</ele>
        <time>2025-12-19T11:31:56.453000Z</time>
      </trkpt>
      <trkpt lat="18.802858" lon="98.978357">
        <ele>317.591115</ele>
        <time>2025-12-19T11:31:59.280000Z</time>
      </trkpt>
      <trkpt lat="18.802596" lon="98.978912">
        <ele>317.255119</ele>
        <time>2025-12-19T11:32:09.825000Z</time>
      </trkpt>
      <trkpt lat="18.802577" lon="98.978938">
        <ele>317.237324</ele>
        <time>2025-12-19T11:32:10.365000Z</time>
      </trkpt>
      <trkpt lat="18.802373" lon="98.979207">
        <ele>317.050589</ele>
        <time>2025-12-19T11:32:16.195000Z</time>
      </trkpt>
      <trkpt lat="18.802344" lon="98.979253">
        <ele>317.020647</ele>
        <time>2025-12-19T11:32:17.146000Z</time>
      </trkpt>
      <trkpt lat="18.802222" lon="98.979441">
        <ele>316.897159</ele>
        <time>2025-12-19T11:32:21.120000Z</time>
      </trkpt>
      <trkpt lat="18.802145" lon="98.97964">
        <ele>316.780688</ele>
        <time>2025-12-19T11:32:24.961000Z</time>
      </trkpt>
      <trkpt lat="18.802131" lon="98.979676">
        <ele>316.759603</ele>
        <time>2025-12-19T11:32:25.692000Z</time>
      </trkpt>
      <trkpt lat="18.801663" lon="98.980868">
        <ele>316.19921</ele>
        <time>2025-12-19T11:32:49.183000Z</time>
      </trkpt>
      <trkpt lat="18.801598" lon="98.981071">
        <ele>316.106586</ele>
        <time>2025-12-19T11:32:51.684000Z</time>
      </trkpt>
      <trkpt lat="18.801565" lon="98.981174">
        <ele>316.059587</ele>
        <time>2025-12-19T11:32:52.936000Z</time>
      </trkpt>
      <trkpt lat="18.801533" lon="98.981274">
        <ele>316.013962</ele>
        <time>2025-12-19T11:32:54.203000Z</time>
      </trkpt>
      <trkpt lat="18.801411" lon="98.981664">
        <ele>315.898451</ele>
        <time>2025-12-19T11:32:59.278000Z</time>
      </trkpt>
      <trkpt lat="18.801391" lon="98.98173">
        <ele>315.889388</ele>
        <time>2025-12-19T11:33:00.206000Z</time>
      </trkpt>
      <trkpt lat="18.801202" lon="98.982345">
        <ele>315.804828</ele>
        <time>2025-12-19T11:33:07.950000Z</time>
      </trkpt>
      <trkpt lat="18.801124" lon="98.98259">
        <ele>315.771024</ele>
        <time>2025-12-19T11:33:11.331000Z</time>
      </trkpt>
      <trkpt lat="18.801108" lon="98.98266">
        <ele>315.761606</ele>
        <time>2025-12-19T11:33:12.366000Z</time>
      </trkpt>
      <trkpt lat="18.801041" lon="98.982864">
        <ele>315.733367</ele>
        <time>2025-12-19T11:33:15.871000Z</time>
      </trkpt>
      <trkpt lat="18.800971" lon="98.98312">
        <ele>315.698519</ele>
        <time>2025-12-19T11:33:20.383000Z</time>
      </trkpt>
      <trkpt lat="18.800826" lon="98.983405">
        <ele>315.648599</ele>
        <time>2025-12-19T11:33:26.084000Z</time>
      </trkpt>
      <trkpt lat="18.800754" lon="98.983638">
        <ele>315.604749</ele>
        <time>2025-12-19T11:33:30.427000Z</time>
      </trkpt>
      <trkpt lat="18.800764" lon="98.983925">
        <ele>315.553368</ele>
        <time>2025-12-19T11:33:34.813000Z</time>
      </trkpt>
      <trkpt lat="18.800736" lon="98.984256">
        <ele>315.493915</ele>
        <time>2025-12-19T11:33:39.647000Z</time>
      </trkpt>
      <trkpt lat="18.800617" lon="98.984587">
        <ele>315.43057</ele>
        <time>2025-12-19T11:33:44.236000Z</time>
      </trkpt>
      <trkpt lat="18.800448" lon="98.984886">
        <ele>315.368268</ele>
        <time>2025-12-19T11:33:48.126000Z</time>
      </trkpt>
      <trkpt lat="18.800326" lon="98.985397">
        <ele>314.930833</ele>
        <time>2025-12-19T11:33:53.906000Z</time>
      </trkpt>
      <trkpt lat="18.800314" lon="98.986004">
        <ele>314.230286</ele>
        <time>2025-12-19T11:34:00.473000Z</time>
      </trkpt>
      <trkpt lat="18.800396" lon="98.986186">
        <ele>313.997711</ele>
        <time>2025-12-19T11:34:02.663000Z</time>
      </trkpt>
      <trkpt lat="18.800493" lon="98.986388">
        <ele>313.736359</ele>
        <time>2025-12-19T11:34:05.220000Z</time>
      </trkpt>
      <trkpt lat="18.800564" lon="98.986553">
        <ele>313.527226</ele>
        <time>2025-12-19T11:34:07.317000Z</time>
      </trkpt>
      <trkpt lat="18.800579" lon="98.986644">
        <ele>313.420645</ele>
        <time>2025-12-19T11:34:08.378000Z</time>
      </trkpt>
      <trkpt lat="18.800411" lon="98.987504">
        <ele>312.875735</ele>
        <time>2025-12-19T11:34:19.245000Z</time>
      </trkpt>
      <trkpt lat="18.800358" lon="98.987606">
        <ele>312.826769</ele>
        <time>2025-12-19T11:34:20.784000Z</time>
      </trkpt>
      <trkpt lat="18.800117" lon="98.987882">
        <ele>312.668752</ele>
        <time>2025-12-19T11:34:25.809000Z</time>
      </trkpt>
      <trkpt lat="18.799634" lon="98.988406">
        <ele>312.360966</ele>
        <time>2025-12-19T11:34:35.283000Z</time>
      </trkpt>
      <trkpt lat="18.799544" lon="98.988562">
        <ele>312.27595</ele>
        <time>2025-12-19T11:34:38.243000Z</time>
      </trkpt>
      <trkpt lat="18.799468" lon="98.98872">
        <ele>312.191407</ele>
        <time>2025-12-19T11:34:41.248000Z</time>
      </trkpt>
      <trkpt lat="18.799401" lon="98.98899">
        <ele>312.058257</ele>
        <time>2025-12-19T11:34:46.516000Z</time>
      </trkpt>
      <trkpt lat="18.7994" lon="98.989339">
        <ele>311.891773</ele>
        <time>2025-12-19T11:34:52.934000Z</time>
      </trkpt>
      <trkpt lat="18.799398" lon="98.989633">
        <ele>311.751522</ele>
        <time>2025-12-19T11:34:58.322000Z</time>
      </trkpt>
      <trkpt lat="18.799408" lon="98.989694">
        <ele>311.72199</ele>
        <time>2025-12-19T11:34:59.079000Z</time>
      </trkpt>
      <trkpt lat="18.799437" lon="98.989859">
        <ele>311.641935</ele>
        <time>2025-12-19T11:35:01.222000Z</time>
      </trkpt>
      <trkpt lat="18.799451" lon="98.989958">
        <ele>311.594185</ele>
        <time>2025-12-19T11:35:02.979000Z</time>
      </trkpt>
      <trkpt lat="18.799451" lon="98.990034">
        <ele>311.557931</ele>
        <time>2025-12-19T11:35:03.863000Z</time>
      </trkpt>
      <trkpt lat="18.799444" lon="98.99013">
        <ele>311.512</ele>
        <time>2025-12-19T11:35:05.001000Z</time>
      </trkpt>
      <trkpt lat="18.799446" lon="98.99035">
        <ele>311.364458</ele>
        <time>2025-12-19T11:35:07.518000Z</time>
      </trkpt>
      <trkpt lat="18.799464" lon="98.990759">
        <ele>310.905893</ele>
        <time>2025-12-19T11:35:14.449000Z</time>
      </trkpt>
      <trkpt lat="18.799471" lon="98.99092">
        <ele>310.725386</ele>
        <time>2025-12-19T11:35:17.276000Z</time>
      </trkpt>
      <trkpt lat="18.799493" lon="98.991452">
        <ele>310.12899</ele>
        <time>2025-12-19T11:35:25.650000Z</time>
      </trkpt>
      <trkpt lat="18.799521" lon="98.991649">
        <ele>309.905882</ele>
        <time>2025-12-19T11:35:28.681000Z</time>
      </trkpt>
      <trkpt lat="18.799553" lon="98.991869">
        <ele>309.656595</ele>
        <time>2025-12-19T11:35:32.202000Z</time>
      </trkpt>
      <trkpt lat="18.799828" lon="98.992627">
        <ele>308.953687</ele>
        <time>2025-12-19T11:35:44.853000Z</time>
      </trkpt>
      <trkpt lat="18.799979" lon="98.993054">
        <ele>308.630113</ele>
        <time>2025-12-19T11:35:52.420000Z</time>
      </trkpt>
      <trkpt lat="18.800037" lon="98.993223">
        <ele>308.502504</ele>
        <time>2025-12-19T11:35:55.464000Z</time>
      </trkpt>
      <trkpt lat="18.800064" lon="98.993309">
        <ele>308.438185</ele>
        <time>2025-12-19T11:35:57.061000Z</time>
      </trkpt>
      <trkpt lat="18.800137" lon="98.993656">
        <ele>308.18585</ele>
        <time>2025-12-19T11:36:03.407000Z</time>
      </trkpt>
      <trkpt lat="18.800141" lon="98.993689">
        <ele>308.162233</ele>
        <time>2025-12-19T11:36:04.128000Z</time>
      </trkpt>
      <trkpt lat="18.800148" lon="98.993804">
        <ele>308.080429</ele>
        <time>2025-12-19T11:36:06.414000Z</time>
      </trkpt>
      <trkpt lat="18.80015" lon="98.993849">
        <ele>308.04845</ele>
        <time>2025-12-19T11:36:07.364000Z</time>
      </trkpt>
      <trkpt lat="18.800147" lon="98.993951">
        <ele>307.976008</ele>
        <time>2025-12-19T11:36:09.349000Z</time>
      </trkpt>
      <trkpt lat="18.800133" lon="98.994103">
        <ele>308.011966</ele>
        <time>2025-12-19T11:36:12.235000Z</time>
      </trkpt>
      <trkpt lat="18.800054" lon="98.994551">
        <ele>308.183594</ele>
        <time>2025-12-19T11:36:20.671000Z</time>
      </trkpt>
      <trkpt lat="18.800045" lon="98.994598">
        <ele>308.201654</ele>
        <time>2025-12-19T11:36:21.616000Z</time>
      </trkpt>
      <trkpt lat="18.799998" lon="98.994849">
        <ele>308.298017</ele>
        <time>2025-12-19T11:36:26.080000Z</time>
      </trkpt>
      <trkpt lat="18.799978" lon="98.994952">
        <ele>308.337617</ele>
        <time>2025-12-19T11:36:27.979000Z</time>
      </trkpt>
      <trkpt lat="18.799956" lon="98.99508">
        <ele>308.386612</ele>
        <time>2025-12-19T11:36:29.959000Z</time>
      </trkpt>
      <trkpt lat="18.799904" lon="98.995383">
        <ele>308.502589</ele>
        <time>2025-12-19T11:36:34.468000Z</time>
      </trkpt>
      <trkpt lat="18.799898" lon="98.99574">
        <ele>308.637063</ele>
        <time>2025-12-19T11:36:40.644000Z</time>
      </trkpt>
      <trkpt lat="18.799898" lon="98.995781">
        <ele>308.652505</ele>
        <time>2025-12-19T11:36:41.367000Z</time>
      </trkpt>
      <trkpt lat="18.799966" lon="98.996028">
        <ele>308.736358</ele>
        <time>2025-12-19T11:36:45.835000Z</time>
      </trkpt>
      <trkpt lat="18.800098" lon="98.996382">
        <ele>308.853684</ele>
        <time>2025-12-19T11:36:54.171000Z</time>
      </trkpt>
      <trkpt lat="18.800154" lon="98.996493">
        <ele>308.892471</ele>
        <time>2025-12-19T11:36:56.877000Z</time>
      </trkpt>
      <trkpt lat="18.800226" lon="98.996636">
        <ele>308.942417</ele>
        <time>2025-12-19T11:37:00.284000Z</time>
      </trkpt>
      <trkpt lat="18.800631" lon="98.997444">
        <ele>309.224351</ele>
        <time>2025-12-19T11:37:18.584000Z</time>
      </trkpt>
      <trkpt lat="18.800829" lon="98.997923">
        <ele>309.155031</ele>
        <time>2025-12-19T11:37:28.236000Z</time>
      </trkpt>
      <trkpt lat="18.801013" lon="98.998788">
        <ele>308.912395</ele>
        <time>2025-12-19T11:37:43.329000Z</time>
      </trkpt>
      <trkpt lat="18.801085" lon="98.999165">
        <ele>308.807139</ele>
        <time>2025-12-19T11:37:50.527000Z</time>
      </trkpt>
      <trkpt lat="18.801092" lon="98.9992">
        <ele>308.797349</ele>
        <time>2025-12-19T11:37:51.215000Z</time>
      </trkpt>
      <trkpt lat="18.801098" lon="98.999252">
        <ele>308.783013</ele>
        <time>2025-12-19T11:37:52.222000Z</time>
      </trkpt>
      <trkpt lat="18.801128" lon="98.999481">
        <ele>308.734999</ele>
        <time>2025-12-19T11:37:56.713000Z</time>
      </trkpt>
      <trkpt lat="18.801134" lon="99.000307">
        <ele>308.654635</ele>
        <time>2025-12-19T11:38:12.847000Z</time>
      </trkpt>
      <trkpt lat="18.801103" lon="99.000579">
        <ele>308.627981</ele>
        <time>2025-12-19T11:38:18.230000Z</time>
      </trkpt>
      <trkpt lat="18.800895" lon="99.001446">
        <ele>308.520197</ele>
        <time>2025-12-19T11:38:34.417000Z</time>
      </trkpt>
      <trkpt lat="18.800793" lon="99.001841">
        <ele>308.433352</ele>
        <time>2025-12-19T11:38:41.349000Z</time>
      </trkpt>
      <trkpt lat="18.80076" lon="99.001945">
        <ele>308.410087</ele>
        <time>2025-12-19T11:38:42.671000Z</time>
      </trkpt>
      <trkpt lat="18.800642" lon="99.002324">
        <ele>308.325461</ele>
        <time>2025-12-19T11:38:47.634000Z</time>
      </trkpt>
      <trkpt lat="18.800613" lon="99.002421">
        <ele>308.303885</ele>
        <time>2025-12-19T11:38:48.915000Z</time>
      </trkpt>
      <trkpt lat="18.800525" lon="99.002739">
        <ele>308.233611</ele>
        <time>2025-12-19T11:38:53.192000Z</time>
      </trkpt>
      <trkpt lat="18.800138" lon="99.004107">
        <ele>309.051559</ele>
        <time>2025-12-19T11:39:16.954000Z</time>
      </trkpt>
      <trkpt lat="18.800002" lon="99.004554">
        <ele>309.448533</ele>
        <time>2025-12-19T11:39:26.483000Z</time>
      </trkpt>
      <trkpt lat="18.800021" lon="99.005359">
        <ele>309.685617</ele>
        <time>2025-12-19T11:39:41.413000Z</time>
      </trkpt>
      <trkpt lat="18.800039" lon="99.005543">
        <ele>309.653103</ele>
        <time>2025-12-19T11:39:43.677000Z</time>
      </trkpt>
      <trkpt lat="18.800066" lon="99.005943">
        <ele>309.582615</ele>
        <time>2025-12-19T11:39:48.390000Z</time>
      </trkpt>
      <trkpt lat="18.800108" lon="99.006386">
        <ele>309.504358</ele>
        <time>2025-12-19T11:39:53.573000Z</time>
      </trkpt>
      <trkpt lat="18.800118" lon="99.006488">
        <ele>309.486333</ele>
        <time>2025-12-19T11:39:54.732000Z</time>
      </trkpt>
      <trkpt lat="18.800131" lon="99.006629">
        <ele>309.461432</ele>
        <time>2025-12-19T11:39:56.372000Z</time>
      </trkpt>
      <trkpt lat="18.800166" lon="99.006994">
        <ele>309.51481</ele>
        <time>2025-12-19T11:40:01.140000Z</time>
      </trkpt>
      <trkpt lat="18.800218" lon="99.007516">
        <ele>309.772483</ele>
        <time>2025-12-19T11:40:08.580000Z</time>
      </trkpt>
      <trkpt lat="18.800309" lon="99.008167">
        <ele>310.095534</ele>
        <time>2025-12-19T11:40:21.041000Z</time>
      </trkpt>
      <trkpt lat="18.800427" lon="99.008642">
        <ele>310.336614</ele>
        <time>2025-12-19T11:40:30.810000Z</time>
      </trkpt>
      <trkpt lat="18.800776" lon="99.009332">
        <ele>310.108831</ele>
        <time>2025-12-19T11:40:41.141000Z</time>
      </trkpt>
      <trkpt lat="18.801015" lon="99.009776">
        <ele>309.933308</ele>
        <time>2025-12-19T11:40:47.030000Z</time>
      </trkpt>
      <trkpt lat="18.801121" lon="99.009967">
        <ele>309.857223</ele>
        <time>2025-12-19T11:40:49.662000Z</time>
      </trkpt>
      <trkpt lat="18.8013" lon="99.01029">
        <ele>309.728603</ele>
        <time>2025-12-19T11:40:54.371000Z</time>
      </trkpt>
      <trkpt lat="18.801356" lon="99.010395">
        <ele>309.67305</ele>
        <time>2025-12-19T11:40:55.904000Z</time>
      </trkpt>
      <trkpt lat="18.801433" lon="99.01054">
        <ele>309.576779</ele>
        <time>2025-12-19T11:40:58.061000Z</time>
      </trkpt>
      <trkpt lat="18.801782" lon="99.011226">
        <ele>309.125822</ele>
        <time>2025-12-19T11:41:07.517000Z</time>
      </trkpt>
      <trkpt lat="18.801803" lon="99.011266">
        <ele>309.099336</ele>
        <time>2025-12-19T11:41:08.075000Z</time>
      </trkpt>
      <trkpt lat="18.80168" lon="99.011357">
        <ele>309.007481</ele>
        <time>2025-12-19T11:41:24.589000Z</time>
      </trkpt>
      <trkpt lat="18.801803" lon="99.011266">
        <ele>308.915627</ele>
        <time>2025-12-19T11:41:41.157000Z</time>
      </trkpt>
      <trkpt lat="18.802115" lon="99.011864">
        <ele>308.553149</ele>
        <time>2025-12-19T11:41:49.442000Z</time>
      </trkpt>
      <trkpt lat="18.802176" lon="99.012001">
        <ele>308.498496</ele>
        <time>2025-12-19T11:41:51.241000Z</time>
      </trkpt>
      <trkpt lat="18.802236" lon="99.012135">
        <ele>308.444986</ele>
        <time>2025-12-19T11:41:52.984000Z</time>
      </trkpt>
      <trkpt lat="18.802182" lon="99.012187">
        <ele>308.417122</ele>
        <time>2025-12-19T11:41:53.937000Z</time>
      </trkpt>
      <trkpt lat="18.801888" lon="99.012461">
        <ele>308.267614</ele>
        <time>2025-12-19T11:41:59.009000Z</time>
      </trkpt>
      <trkpt lat="18.801129" lon="99.01314">
        <ele>307.941924</ele>
        <time>2025-12-19T11:42:13.805000Z</time>
      </trkpt>
      <trkpt lat="18.80098" lon="99.013273">
        <ele>307.986911</ele>
        <time>2025-12-19T11:42:16.176000Z</time>
      </trkpt>
      <trkpt lat="18.800588" lon="99.013625">
        <ele>308.105561</ele>
        <time>2025-12-19T11:42:23.906000Z</time>
      </trkpt>
      <trkpt lat="18.800166" lon="99.013926">
        <ele>308.222989</ele>
        <time>2025-12-19T11:42:34.856000Z</time>
      </trkpt>
      <trkpt lat="18.799743" lon="99.014223">
        <ele>308.342237</ele>
        <time>2025-12-19T11:42:46.188000Z</time>
      </trkpt>
      <trkpt lat="18.799682" lon="99.014266">
        <ele>308.369095</ele>
        <time>2025-12-19T11:42:47.652000Z</time>
      </trkpt>
      <trkpt lat="18.799204" lon="99.014603">
        <ele>308.579567</ele>
        <time>2025-12-19T11:43:01.397000Z</time>
      </trkpt>
      <trkpt lat="18.799006" lon="99.014743">
        <ele>308.666828</ele>
        <time>2025-12-19T11:43:07.470000Z</time>
      </trkpt>
      <trkpt lat="18.7989" lon="99.014821">
        <ele>308.71414</ele>
        <time>2025-12-19T11:43:10.311000Z</time>
      </trkpt>
      <trkpt lat="18.798426" lon="99.015141">
        <ele>308.920161</ele>
        <time>2025-12-19T11:43:21.478000Z</time>
      </trkpt>
      <trkpt lat="18.797512" lon="99.015776">
        <ele>308.609016</ele>
        <time>2025-12-19T11:43:42.081000Z</time>
      </trkpt>
      <trkpt lat="18.797275" lon="99.015941">
        <ele>308.48568</ele>
        <time>2025-12-19T11:43:47.409000Z</time>
      </trkpt>
      <trkpt lat="18.796975" lon="99.016151">
        <ele>308.329301</ele>
        <time>2025-12-19T11:43:53.859000Z</time>
      </trkpt>
      <trkpt lat="18.796544" lon="99.016448">
        <ele>308.15969</ele>
        <time>2025-12-19T11:44:03.215000Z</time>
      </trkpt>
      <trkpt lat="18.79599" lon="99.016831">
        <ele>308.015799</ele>
        <time>2025-12-19T11:44:16.532000Z</time>
      </trkpt>
      <trkpt lat="18.795289" lon="99.017311">
        <ele>307.834246</ele>
        <time>2025-12-19T11:44:32.332000Z</time>
      </trkpt>
      <trkpt lat="18.79519" lon="99.017377">
        <ele>307.854199</ele>
        <time>2025-12-19T11:44:34.628000Z</time>
      </trkpt>
      <trkpt lat="18.794847" lon="99.017616">
        <ele>308.054031</ele>
        <time>2025-12-19T11:44:44.134000Z</time>
      </trkpt>
      <trkpt lat="18.794691" lon="99.017725">
        <ele>308.144993</ele>
        <time>2025-12-19T11:44:48.700000Z</time>
      </trkpt>
      <trkpt lat="18.794388" lon="99.017855">
        <ele>308.30404</ele>
        <time>2025-12-19T11:44:56.182000Z</time>
      </trkpt>
      <trkpt lat="18.794235" lon="99.01786">
        <ele>308.378484</ele>
        <time>2025-12-19T11:44:59.238000Z</time>
      </trkpt>
      <trkpt lat="18.793982" lon="99.017864">
        <ele>308.501538</ele>
        <time>2025-12-19T11:45:04.531000Z</time>
      </trkpt>
      <trkpt lat="18.793645" lon="99.017861">
        <ele>308.665435</ele>
        <time>2025-12-19T11:45:12.093000Z</time>
      </trkpt>
      <trkpt lat="18.793573" lon="99.01786">
        <ele>308.699644</ele>
        <time>2025-12-19T11:45:13.847000Z</time>
      </trkpt>
      <trkpt lat="18.793406" lon="99.017864">
        <ele>308.758224</ele>
        <time>2025-12-19T11:45:17.874000Z</time>
      </trkpt>
      <trkpt lat="18.792883" lon="99.017876">
        <ele>308.941679</ele>
        <time>2025-12-19T11:45:30.200000Z</time>
      </trkpt>
      <trkpt lat="18.792844" lon="99.017876">
        <ele>308.955356</ele>
        <time>2025-12-19T11:45:31.054000Z</time>
      </trkpt>
      <trkpt lat="18.792403" lon="99.017886">
        <ele>309.110046</ele>
        <time>2025-12-19T11:45:39.721000Z</time>
      </trkpt>
      <trkpt lat="18.791871" lon="99.017894">
        <ele>309.296632</ele>
        <time>2025-12-19T11:45:50.547000Z</time>
      </trkpt>
      <trkpt lat="18.79135" lon="99.017903">
        <ele>309.395221</ele>
        <time>2025-12-19T11:46:02.306000Z</time>
      </trkpt>
      <trkpt lat="18.791235" lon="99.017902">
        <ele>309.413084</ele>
        <time>2025-12-19T11:46:04.740000Z</time>
      </trkpt>
      <trkpt lat="18.790716" lon="99.017898">
        <ele>309.493702</ele>
        <time>2025-12-19T11:46:15.566000Z</time>
      </trkpt>
      <trkpt lat="18.789997" lon="99.017894">
        <ele>309.605385</ele>
        <time>2025-12-19T11:46:30.564000Z</time>
      </trkpt>
      <trkpt lat="18.789203" lon="99.017911">
        <ele>309.123504</ele>
        <time>2025-12-19T11:46:45.678000Z</time>
      </trkpt>
      <trkpt lat="18.788142" lon="99.017915">
        <ele>308.458458</ele>
        <time>2025-12-19T11:47:04.154000Z</time>
      </trkpt>
      <trkpt lat="18.78798" lon="99.017915">
        <ele>308.335262</ele>
        <time>2025-12-19T11:47:07.029000Z</time>
      </trkpt>
      <trkpt lat="18.787436" lon="99.017913">
        <ele>307.921566</ele>
        <time>2025-12-19T11:47:16.617000Z</time>
      </trkpt>
      <trkpt lat="18.78728" lon="99.017914">
        <ele>307.802931</ele>
        <time>2025-12-19T11:47:19.346000Z</time>
      </trkpt>
      <trkpt lat="18.787214" lon="99.017912">
        <ele>307.75272</ele>
        <time>2025-12-19T11:47:20.536000Z</time>
      </trkpt>
      <trkpt lat="18.787049" lon="99.017915">
        <ele>307.627224</ele>
        <time>2025-12-19T11:47:23.409000Z</time>
      </trkpt>
      <trkpt lat="18.786994" lon="99.017916">
        <ele>307.585392</ele>
        <time>2025-12-19T11:47:24.341000Z</time>
      </trkpt>
      <trkpt lat="18.78686" lon="99.017917">
        <ele>307.483487</ele>
        <time>2025-12-19T11:47:25.974000Z</time>
      </trkpt>
      <trkpt lat="18.786665" lon="99.017923">
        <ele>307.335134</ele>
        <time>2025-12-19T11:47:29.351000Z</time>
      </trkpt>
      <trkpt lat="18.78523" lon="99.017894">
        <ele>307.172597</ele>
        <time>2025-12-19T11:47:57.208000Z</time>
      </trkpt>
      <trkpt lat="18.7851" lon="99.017854">
        <ele>307.178491</ele>
        <time>2025-12-19T11:47:59.438000Z</time>
      </trkpt>
      <trkpt lat="18.78441" lon="99.017678">
        <ele>307.251507</ele>
        <time>2025-12-19T11:48:11.733000Z</time>
      </trkpt>
      <trkpt lat="18.783961" lon="99.017635">
        <ele>307.365139</ele>
        <time>2025-12-19T11:48:20.046000Z</time>
      </trkpt>
      <trkpt lat="18.781474" lon="99.017627">
        <ele>307.477708</ele>
        <time>2025-12-19T11:48:56.630000Z</time>
      </trkpt>
      <trkpt lat="18.780377" lon="99.017654">
        <ele>307.256659</ele>
        <time>2025-12-19T11:49:11.666000Z</time>
      </trkpt>
      <trkpt lat="18.779995" lon="99.01761">
        <ele>307.160005</ele>
        <time>2025-12-19T11:49:16.961000Z</time>
      </trkpt>
      <trkpt lat="18.779564" lon="99.017482">
        <ele>307.047392</ele>
        <time>2025-12-19T11:49:23.249000Z</time>
      </trkpt>
      <trkpt lat="18.779209" lon="99.017443">
        <ele>306.95605</ele>
        <time>2025-12-19T11:49:28.363000Z</time>
      </trkpt>
      <trkpt lat="18.778839" lon="99.017448">
        <ele>306.843717</ele>
        <time>2025-12-19T11:49:33.757000Z</time>
      </trkpt>
      <trkpt lat="18.777637" lon="99.017462">
        <ele>306.478796</ele>
        <time>2025-12-19T11:49:50.332000Z</time>
      </trkpt>
      <trkpt lat="18.776241" lon="99.017498">
        <ele>306.047088</ele>
        <time>2025-12-19T11:50:08.360000Z</time>
      </trkpt>
      <trkpt lat="18.775786" lon="99.017332">
        <ele>305.897828</ele>
        <time>2025-12-19T11:50:15.662000Z</time>
      </trkpt>
      <trkpt lat="18.774798" lon="99.017329">
        <ele>305.994098</ele>
        <time>2025-12-19T11:50:32.275000Z</time>
      </trkpt>
      <trkpt lat="18.773197" lon="99.017342">
        <ele>305.948971</ele>
        <time>2025-12-19T11:50:55.651000Z</time>
      </trkpt>
      <trkpt lat="18.772248" lon="99.01735">
        <ele>305.686065</ele>
        <time>2025-12-19T11:51:08.134000Z</time>
      </trkpt>
      <trkpt lat="18.770613" lon="99.017342">
        <ele>305.299097</ele>
        <time>2025-12-19T11:51:31.537000Z</time>
      </trkpt>
      <trkpt lat="18.768147" lon="99.017431">
        <ele>304.351501</ele>
        <time>2025-12-19T11:52:04.720000Z</time>
      </trkpt>
      <trkpt lat="18.767456" lon="99.017534">
        <ele>304.11913</ele>
        <time>2025-12-19T11:52:14.243000Z</time>
      </trkpt>
      <trkpt lat="18.766585" lon="99.017743">
        <ele>303.788801</ele>
        <time>2025-12-19T11:52:26.917000Z</time>
      </trkpt>
      <trkpt lat="18.765664" lon="99.018097">
        <ele>303.196073</ele>
        <time>2025-12-19T11:52:39.601000Z</time>
      </trkpt>
      <trkpt lat="18.764977" lon="99.018366">
        <ele>302.758292</ele>
        <time>2025-12-19T11:52:48.827000Z</time>
      </trkpt>
      <trkpt lat="18.763575" lon="99.019009">
        <ele>302.065044</ele>
        <time>2025-12-19T11:53:08.693000Z</time>
      </trkpt>
      <trkpt lat="18.762432" lon="99.019528">
        <ele>302.193694</ele>
        <time>2025-12-19T11:53:28.279000Z</time>
      </trkpt>
      <trkpt lat="18.762186" lon="99.019639">
        <ele>302.256036</ele>
        <time>2025-12-19T11:53:32.681000Z</time>
      </trkpt>
      <trkpt lat="18.761402" lon="99.019994">
        <ele>302.425974</ele>
        <time>2025-12-19T11:53:46.710000Z</time>
      </trkpt>
      <trkpt lat="18.761184" lon="99.020083">
        <ele>302.460075</ele>
        <time>2025-12-19T11:53:50.478000Z</time>
      </trkpt>
      <trkpt lat="18.758312" lon="99.021252">
        <ele>302.634307</ele>
        <time>2025-12-19T11:54:36.538000Z</time>
      </trkpt>
      <trkpt lat="18.750794" lon="99.024496">
        <ele>301.232816</ele>
        <time>2025-12-19T11:56:30.161000Z</time>
      </trkpt>
      <trkpt lat="18.750521" lon="99.024663">
        <ele>301.299453</ele>
        <time>2025-12-19T11:56:35.664000Z</time>
      </trkpt>
      <trkpt lat="18.749962" lon="99.024985">
        <ele>301.463327</ele>
        <time>2025-12-19T11:56:47.197000Z</time>
      </trkpt>
      <trkpt lat="18.749211" lon="99.025177">
        <ele>301.806947</ele>
        <time>2025-12-19T11:57:00.914000Z</time>
      </trkpt>
      <trkpt lat="18.749158" lon="99.025195">
        <ele>301.831705</ele>
        <time>2025-12-19T11:57:01.837000Z</time>
      </trkpt>
      <trkpt lat="18.748154" lon="99.025609">
        <ele>302.173388</ele>
        <time>2025-12-19T11:57:18.386000Z</time>
      </trkpt>
      <trkpt lat="18.747302" lon="99.02598">
        <ele>302.03978</ele>
        <time>2025-12-19T11:57:31.563000Z</time>
      </trkpt>
      <trkpt lat="18.747097" lon="99.026069">
        <ele>302.007647</ele>
        <time>2025-12-19T11:57:34.687000Z</time>
      </trkpt>
      <trkpt lat="18.74702" lon="99.02582">
        <ele>301.971687</ele>
        <time>2025-12-19T11:57:38.156000Z</time>
      </trkpt>
      <trkpt lat="18.744735" lon="99.026798">
        <ele>301.374396</ele>
        <time>2025-12-19T11:58:25.339000Z</time>
      </trkpt>
      <trkpt lat="18.744407" lon="99.026938">
        <ele>301.327145</ele>
        <time>2025-12-19T11:58:32.283000Z</time>
      </trkpt>
      <trkpt lat="18.743203" lon="99.027453">
        <ele>301.194683</ele>
        <time>2025-12-19T11:58:58.384000Z</time>
      </trkpt>
      <trkpt lat="18.742744" lon="99.027648">
        <ele>301.187094</ele>
        <time>2025-12-19T11:59:08.386000Z</time>
      </trkpt>
      <trkpt lat="18.742419" lon="99.027794">
        <ele>301.181677</ele>
        <time>2025-12-19T11:59:15.494000Z</time>
      </trkpt>
      <trkpt lat="18.742085" lon="99.027933">
        <ele>301.176171</ele>
        <time>2025-12-19T11:59:22.688000Z</time>
      </trkpt>
      <trkpt lat="18.734751" lon="99.031067">
        <ele>300.440512</ele>
        <time>2025-12-19T12:02:00.307000Z</time>
      </trkpt>
      <trkpt lat="18.73338" lon="99.031558">
        <ele>299.947415</ele>
        <time>2025-12-19T12:02:27.198000Z</time>
      </trkpt>
      <trkpt lat="18.733093" lon="99.031679">
        <ele>299.915117</ele>
        <time>2025-12-19T12:02:33.301000Z</time>
      </trkpt>
      <trkpt lat="18.732314" lon="99.032112">
        <ele>299.823107</ele>
        <time>2025-12-19T12:02:51.158000Z</time>
      </trkpt>
      <trkpt lat="18.721648" lon="99.036693">
        <ele>299.225136</ele>
        <time>2025-12-19T12:06:41.416000Z</time>
      </trkpt>
      <trkpt lat="18.720925" lon="99.037004">
        <ele>299.246682</ele>
        <time>2025-12-19T12:06:57.132000Z</time>
      </trkpt>
      <trkpt lat="18.717731" lon="99.038398">
        <ele>299.499595</ele>
        <time>2025-12-19T12:08:08.409000Z</time>
      </trkpt>
      <trkpt lat="18.717464" lon="99.038521">
        <ele>299.524749</ele>
        <time>2025-12-19T12:08:14.396000Z</time>
      </trkpt>
      <trkpt lat="18.71727" lon="99.038602">
        <ele>299.542764</ele>
        <time>2025-12-19T12:08:18.703000Z</time>
      </trkpt>
      <trkpt lat="18.717022" lon="99.038698">
        <ele>299.565572</ele>
        <time>2025-12-19T12:08:24.119000Z</time>
      </trkpt>
      <trkpt lat="18.716781" lon="99.03879">
        <ele>299.579361</ele>
        <time>2025-12-19T12:08:29.329000Z</time>
      </trkpt>
      <trkpt lat="18.71661" lon="99.038857">
        <ele>299.579319</ele>
        <time>2025-12-19T12:08:33.046000Z</time>
      </trkpt>
      <trkpt lat="18.716139" lon="99.039061">
        <ele>299.5792</ele>
        <time>2025-12-19T12:08:43.322000Z</time>
      </trkpt>
      <trkpt lat="18.716291" lon="99.039289">
        <ele>299.579138</ele>
        <time>2025-12-19T12:08:47.223000Z</time>
      </trkpt>
      <trkpt lat="18.716401" lon="99.039428">
        <ele>299.579098</ele>
        <time>2025-12-19T12:08:49.742000Z</time>
      </trkpt>
      <trkpt lat="18.716421" lon="99.039453">
        <ele>299.579091</ele>
        <time>2025-12-19T12:08:50.212000Z</time>
      </trkpt>
      <trkpt lat="18.716476" lon="99.039529">
        <ele>299.57907</ele>
        <time>2025-12-19T12:08:51.526000Z</time>
      </trkpt>
      <trkpt lat="18.71652" lon="99.039585">
        <ele>299.579054</ele>
        <time>2025-12-19T12:08:52.550000Z</time>
      </trkpt>
      <trkpt lat="18.717905" lon="99.04136">
        <ele>299.442121</ele>
        <time>2025-12-19T12:09:24.742000Z</time>
      </trkpt>
      <trkpt lat="18.718298" lon="99.041864">
        <ele>299.315894</ele>
        <time>2025-12-19T12:09:33.210000Z</time>
      </trkpt>
      <trkpt lat="18.718382" lon="99.041982">
        <ele>299.287201</ele>
        <time>2025-12-19T12:09:35.050000Z</time>
      </trkpt>
      <trkpt lat="18.718691" lon="99.042426">
        <ele>299.180103</ele>
        <time>2025-12-19T12:09:42.141000Z</time>
      </trkpt>
      <trkpt lat="18.718836" lon="99.042633">
        <ele>299.130059</ele>
        <time>2025-12-19T12:09:45.625000Z</time>
      </trkpt>
      <trkpt lat="18.718944" lon="99.042771">
        <ele>299.095262</ele>
        <time>2025-12-19T12:09:48.064000Z</time>
      </trkpt>
      <trkpt lat="18.719552" lon="99.043546">
        <ele>299.161377</ele>
        <time>2025-12-19T12:10:02.403000Z</time>
      </trkpt>
      <trkpt lat="18.719769" lon="99.043822">
        <ele>299.197175</ele>
        <time>2025-12-19T12:10:08.094000Z</time>
      </trkpt>
      <trkpt lat="18.720949" lon="99.04534">
        <ele>299.289334</ele>
        <time>2025-12-19T12:10:36.448000Z</time>
      </trkpt>
      <trkpt lat="18.721146" lon="99.045602">
        <ele>299.296268</ele>
        <time>2025-12-19T12:10:40.968000Z</time>
      </trkpt>
      <trkpt lat="18.722323" lon="99.047168">
        <ele>298.992096</ele>
        <time>2025-12-19T12:11:07.359000Z</time>
      </trkpt>
      <trkpt lat="18.723135" lon="99.048233">
        <ele>299.246603</ele>
        <time>2025-12-19T12:11:26.861000Z</time>
      </trkpt>
      <trkpt lat="18.723961" lon="99.049286">
        <ele>299.642189</ele>
        <time>2025-12-19T12:11:49.208000Z</time>
      </trkpt>
      <trkpt lat="18.723516" lon="99.049658">
        <ele>299.850277</ele>
        <time>2025-12-19T12:11:58.544000Z</time>
      </trkpt>
      <trkpt lat="18.72337" lon="99.049736">
        <ele>299.910266</ele>
        <time>2025-12-19T12:12:01.130000Z</time>
      </trkpt>
      <trkpt lat="18.723054" lon="99.049904">
        <ele>300.039975</ele>
        <time>2025-12-19T12:12:06.544000Z</time>
      </trkpt>
      <trkpt lat="18.72294" lon="99.049943">
        <ele>300.071397</ele>
        <time>2025-12-19T12:12:08.298000Z</time>
      </trkpt>
      <trkpt lat="18.722551" lon="99.050208">
        <ele>300.133787</ele>
        <time>2025-12-19T12:12:15.180000Z</time>
      </trkpt>
      <trkpt lat="18.722258" lon="99.050481">
        <ele>300.186451</ele>
        <time>2025-12-19T12:12:21.274000Z</time>
      </trkpt>
      <trkpt lat="18.721969" lon="99.050772">
        <ele>300.240271</ele>
        <time>2025-12-19T12:12:27.558000Z</time>
      </trkpt>
      <trkpt lat="18.721924" lon="99.050843">
        <ele>300.251176</ele>
        <time>2025-12-19T12:12:28.821000Z</time>
      </trkpt>
      <trkpt lat="18.721869" lon="99.051025">
        <ele>300.27556</ele>
        <time>2025-12-19T12:12:31.616000Z</time>
      </trkpt>
      <trkpt lat="18.721806" lon="99.051102">
        <ele>300.288548</ele>
        <time>2025-12-19T12:12:33.078000Z</time>
      </trkpt>
      <trkpt lat="18.721582" lon="99.051282">
        <ele>300.328813</ele>
        <time>2025-12-19T12:12:37.390000Z</time>
      </trkpt>
      <trkpt lat="18.720732" lon="99.051834">
        <ele>300.478992</ele>
        <time>2025-12-19T12:12:52.682000Z</time>
      </trkpt>
      <trkpt lat="18.720233" lon="99.052252">
        <ele>300.574852</ele>
        <time>2025-12-19T12:13:02.545000Z</time>
      </trkpt>
      <trkpt lat="18.720087" lon="99.052347">
        <ele>300.576402</ele>
        <time>2025-12-19T12:13:05.176000Z</time>
      </trkpt>
      <trkpt lat="18.720022" lon="99.052363">
        <ele>300.576055</ele>
        <time>2025-12-19T12:13:06.192000Z</time>
      </trkpt>
      <trkpt lat="18.719922" lon="99.052281">
        <ele>300.575396</ele>
        <time>2025-12-19T12:13:08.135000Z</time>
      </trkpt>
      <trkpt lat="18.719465" lon="99.051721">
        <ele>300.571751</ele>
        <time>2025-12-19T12:13:18.755000Z</time>
      </trkpt>
      <trkpt lat="18.719384" lon="99.051646">
        <ele>300.57119</ele>
        <time>2025-12-19T12:13:20.357000Z</time>
      </trkpt>
      <trkpt lat="18.719015" lon="99.051433">
        <ele>300.569</ele>
        <time>2025-12-19T12:13:26.572000Z</time>
      </trkpt>
      <trkpt lat="18.718844" lon="99.05138">
        <ele>300.568072</ele>
        <time>2025-12-19T12:13:29.109000Z</time>
      </trkpt>
      <trkpt lat="18.718593" lon="99.051352">
        <ele>300.458416</ele>
        <time>2025-12-19T12:13:32.603000Z</time>
      </trkpt>
      <trkpt lat="18.718391" lon="99.051388">
        <ele>300.351417</ele>
        <time>2025-12-19T12:13:35.382000Z</time>
      </trkpt>
      <trkpt lat="18.718076" lon="99.051482">
        <ele>300.180444</ele>
        <time>2025-12-19T12:13:39.681000Z</time>
      </trkpt>
      <trkpt lat="18.717867" lon="99.051625">
        <ele>300.050365</ele>
        <time>2025-12-19T12:13:42.796000Z</time>
      </trkpt>
      <trkpt lat="18.717664" lon="99.05184">
        <ele>299.900185</ele>
        <time>2025-12-19T12:13:46.266000Z</time>
      </trkpt>
      <trkpt lat="18.717482" lon="99.052111">
        <ele>299.735843</ele>
        <time>2025-12-19T12:13:50.323000Z</time>
      </trkpt>
      <trkpt lat="18.71745" lon="99.05249">
        <ele>299.654702</ele>
        <time>2025-12-19T12:13:55.273000Z</time>
      </trkpt>
      <trkpt lat="18.717445" lon="99.052868">
        <ele>299.715587</ele>
        <time>2025-12-19T12:14:00.380000Z</time>
      </trkpt>
      <trkpt lat="18.717424" lon="99.053284">
        <ele>299.782682</ele>
        <time>2025-12-19T12:14:06.459000Z</time>
      </trkpt>
      <trkpt lat="18.717328" lon="99.053679">
        <ele>299.84836</ele>
        <time>2025-12-19T12:14:12.740000Z</time>
      </trkpt>
      <trkpt lat="18.717206" lon="99.053992">
        <ele>299.902872</ele>
        <time>2025-12-19T12:14:18.529000Z</time>
      </trkpt>
      <trkpt lat="18.716799" lon="99.05455">
        <ele>300.016889</ele>
        <time>2025-12-19T12:14:29.899000Z</time>
      </trkpt>
      <trkpt lat="18.71675" lon="99.054657">
        <ele>300.036168</ele>
        <time>2025-12-19T12:14:31.660000Z</time>
      </trkpt>
      <trkpt lat="18.716802" lon="99.054805">
        <ele>300.061773</ele>
        <time>2025-12-19T12:14:33.955000Z</time>
      </trkpt>
      <trkpt lat="18.716931" lon="99.055002">
        <ele>300.100621</ele>
        <time>2025-12-19T12:14:37.392000Z</time>
      </trkpt>
      <trkpt lat="18.717199" lon="99.055339">
        <ele>300.171999</ele>
        <time>2025-12-19T12:14:43.588000Z</time>
      </trkpt>
      <trkpt lat="18.717267" lon="99.055533">
        <ele>300.205553</ele>
        <time>2025-12-19T12:14:46.457000Z</time>
      </trkpt>
      <trkpt lat="18.71726" lon="99.055685">
        <ele>300.230238</ele>
        <time>2025-12-19T12:14:48.541000Z</time>
      </trkpt>
      <trkpt lat="18.717258" lon="99.055799">
        <ele>300.23452</ele>
        <time>2025-12-19T12:14:50.094000Z</time>
      </trkpt>
      <trkpt lat="18.717286" lon="99.055931">
        <ele>300.207974</ele>
        <time>2025-12-19T12:14:51.930000Z</time>
      </trkpt>
      <trkpt lat="18.717404" lon="99.056243">
        <ele>300.142044</ele>
        <time>2025-12-19T12:14:56.415000Z</time>
      </trkpt>
      <trkpt lat="18.717424" lon="99.056619">
        <ele>300.06814</ele>
        <time>2025-12-19T12:15:01.432000Z</time>
      </trkpt>
      <trkpt lat="18.717944" lon="99.056842">
        <ele>299.951847</ele>
        <time>2025-12-19T12:15:09.306000Z</time>
      </trkpt>
      <trkpt lat="18.718865" lon="99.057142">
        <ele>299.584955</ele>
        <time>2025-12-19T12:15:22.753000Z</time>
      </trkpt>
      <trkpt lat="18.718966" lon="99.057209">
        <ele>299.525069</ele>
        <time>2025-12-19T12:15:24.403000Z</time>
      </trkpt>
      <trkpt lat="18.719108" lon="99.057326">
        <ele>299.434636</ele>
        <time>2025-12-19T12:15:26.798000Z</time>
      </trkpt>
      <trkpt lat="18.719487" lon="99.058008">
        <ele>299.058633</ele>
        <time>2025-12-19T12:15:36.247000Z</time>
      </trkpt>
      <trkpt lat="18.719579" lon="99.058173">
        <ele>298.967587</ele>
        <time>2025-12-19T12:15:38.602000Z</time>
      </trkpt>
      <trkpt lat="18.719662" lon="99.058482">
        <ele>298.841172</ele>
        <time>2025-12-19T12:15:42.680000Z</time>
      </trkpt>
      <trkpt lat="18.719727" lon="99.058874">
        <ele>298.684756</ele>
        <time>2025-12-19T12:15:47.727000Z</time>
      </trkpt>
      <trkpt lat="18.719769" lon="99.059405">
        <ele>298.475326</ele>
        <time>2025-12-19T12:15:54.528000Z</time>
      </trkpt>
      <trkpt lat="18.71982" lon="99.0619">
        <ele>297.554698</ele>
        <time>2025-12-19T12:16:27.194000Z</time>
      </trkpt>
      <trkpt lat="18.719822" lon="99.061999">
        <ele>297.519006</ele>
        <time>2025-12-19T12:16:28.366000Z</time>
      </trkpt>
      <trkpt lat="18.719839" lon="99.062718">
        <ele>297.259748</ele>
        <time>2025-12-19T12:16:36.864000Z</time>
      </trkpt>
      <trkpt lat="18.719876" lon="99.064225">
        <ele>297.024476</ele>
        <time>2025-12-19T12:16:56.662000Z</time>
      </trkpt>
      <trkpt lat="18.7199" lon="99.065254">
        <ele>297.501761</ele>
        <time>2025-12-19T12:17:13.936000Z</time>
      </trkpt>
      <trkpt lat="18.719929" lon="99.068239">
        <ele>299.17888</ele>
        <time>2025-12-19T12:18:04.046000Z</time>
      </trkpt>
      <trkpt lat="18.719975" lon="99.068587">
        <ele>299.290435</ele>
        <time>2025-12-19T12:18:09.287000Z</time>
      </trkpt>
      <trkpt lat="18.719955" lon="99.068842">
        <ele>299.37167</ele>
        <time>2025-12-19T12:18:13.239000Z</time>
      </trkpt>
      <trkpt lat="18.719901" lon="99.069188">
        <ele>299.483</ele>
        <time>2025-12-19T12:18:18.217000Z</time>
      </trkpt>
      <trkpt lat="18.719821" lon="99.069578">
        <ele>299.587983</ele>
        <time>2025-12-19T12:18:23.537000Z</time>
      </trkpt>
      <trkpt lat="18.719838" lon="99.069833">
        <ele>299.553489</ele>
        <time>2025-12-19T12:18:27.316000Z</time>
      </trkpt>
      <trkpt lat="18.719969" lon="99.070425">
        <ele>299.471453</ele>
        <time>2025-12-19T12:18:36.562000Z</time>
      </trkpt>
      <trkpt lat="18.719954" lon="99.071013">
        <ele>299.39208</ele>
        <time>2025-12-19T12:18:44.574000Z</time>
      </trkpt>
      <trkpt lat="18.719972" lon="99.071105">
        <ele>299.379404</ele>
        <time>2025-12-19T12:18:45.659000Z</time>
      </trkpt>
      <trkpt lat="18.720017" lon="99.071331">
        <ele>299.348241</ele>
        <time>2025-12-19T12:18:48.387000Z</time>
      </trkpt>
      <trkpt lat="18.720126" lon="99.071986">
        <ele>299.024172</ele>
        <time>2025-12-19T12:18:56.524000Z</time>
      </trkpt>
      <trkpt lat="18.720133" lon="99.072048">
        <ele>298.990971</ele>
        <time>2025-12-19T12:18:57.265000Z</time>
      </trkpt>
      <trkpt lat="18.72016" lon="99.072279">
        <ele>298.867212</ele>
        <time>2025-12-19T12:19:00.024000Z</time>
      </trkpt>
      <trkpt lat="18.720204" lon="99.072648">
        <ele>298.669457</ele>
        <time>2025-12-19T12:19:04.482000Z</time>
      </trkpt>
      <trkpt lat="18.72024" lon="99.072947">
        <ele>298.509193</ele>
        <time>2025-12-19T12:19:08.151000Z</time>
      </trkpt>
      <trkpt lat="18.720324" lon="99.073883">
        <ele>298.32647</ele>
        <time>2025-12-19T12:19:20.916000Z</time>
      </trkpt>
      <trkpt lat="18.720513" lon="99.075977">
        <ele>298.177026</ele>
        <time>2025-12-19T12:19:51.518000Z</time>
      </trkpt>
      <trkpt lat="18.72052" lon="99.076059">
        <ele>298.162159</ele>
        <time>2025-12-19T12:19:52.557000Z</time>
      </trkpt>
      <trkpt lat="18.720535" lon="99.076211">
        <ele>298.134562</ele>
        <time>2025-12-19T12:19:54.458000Z</time>
      </trkpt>
      <trkpt lat="18.720632" lon="99.077171">
        <ele>297.989298</ele>
        <time>2025-12-19T12:20:06.439000Z</time>
      </trkpt>
      <trkpt lat="18.72119" lon="99.082661">
        <ele>298.616512</ele>
        <time>2025-12-19T12:21:27.292000Z</time>
      </trkpt>
      <trkpt lat="18.721203" lon="99.082756">
        <ele>298.629118</ele>
        <time>2025-12-19T12:21:28.706000Z</time>
      </trkpt>
      <trkpt lat="18.721214" lon="99.08287">
        <ele>298.637268</ele>
        <time>2025-12-19T12:21:30.346000Z</time>
      </trkpt>
      <trkpt lat="18.721221" lon="99.082911">
        <ele>298.640231</ele>
        <time>2025-12-19T12:21:30.954000Z</time>
      </trkpt>
      <trkpt lat="18.721469" lon="99.085653">
        <ele>299.233778</ele>
        <time>2025-12-19T12:22:10.139000Z</time>
      </trkpt>
      <trkpt lat="18.721658" lon="99.087311">
        <ele>299.988374</ele>
        <time>2025-12-19T12:22:40.181000Z</time>
      </trkpt>
      <trkpt lat="18.721664" lon="99.087846">
        <ele>300.228758</ele>
        <time>2025-12-19T12:22:48.524000Z</time>
      </trkpt>
      <trkpt lat="18.721659" lon="99.088154">
        <ele>300.367158</ele>
        <time>2025-12-19T12:22:52.808000Z</time>
      </trkpt>
      <trkpt lat="18.721534" lon="99.089626">
        <ele>300.391285</ele>
        <time>2025-12-19T12:23:11.701000Z</time>
      </trkpt>
      <trkpt lat="18.721035" lon="99.094544">
        <ele>301.880633</ele>
        <time>2025-12-19T12:24:28.203000Z</time>
      </trkpt>
      <trkpt lat="18.720835" lon="99.096173">
        <ele>302.648498</ele>
        <time>2025-12-19T12:24:54.869000Z</time>
      </trkpt>
      <trkpt lat="18.720803" lon="99.096475">
        <ele>302.752463</ele>
        <time>2025-12-19T12:24:59.629000Z</time>
      </trkpt>
      <trkpt lat="18.720743" lon="99.096942">
        <ele>302.913696</ele>
        <time>2025-12-19T12:25:09.301000Z</time>
      </trkpt>
      <trkpt lat="18.720711" lon="99.097336">
        <ele>303.048986</ele>
        <time>2025-12-19T12:25:17.281000Z</time>
      </trkpt>
      <trkpt lat="18.720722" lon="99.097611">
        <ele>303.143152</ele>
        <time>2025-12-19T12:25:22.802000Z</time>
      </trkpt>
      <trkpt lat="18.720809" lon="99.097934">
        <ele>303.243971</ele>
        <time>2025-12-19T12:25:29.513000Z</time>
      </trkpt>
      <trkpt lat="18.720979" lon="99.09836">
        <ele>303.340369</ele>
        <time>2025-12-19T12:25:38.647000Z</time>
      </trkpt>
      <trkpt lat="18.721062" lon="99.098639">
        <ele>303.401352</ele>
        <time>2025-12-19T12:25:44.435000Z</time>
      </trkpt>
      <trkpt lat="18.721095" lon="99.098741">
        <ele>303.423829</ele>
        <time>2025-12-19T12:25:46.553000Z</time>
      </trkpt>
      <trkpt lat="18.721176" lon="99.099118">
        <ele>303.504442</ele>
        <time>2025-12-19T12:25:54.235000Z</time>
      </trkpt>
      <trkpt lat="18.721189" lon="99.099333">
        <ele>303.549368</ele>
        <time>2025-12-19T12:25:58.529000Z</time>
      </trkpt>
      <trkpt lat="18.721171" lon="99.099667">
        <ele>303.619659</ele>
        <time>2025-12-19T12:26:05.199000Z</time>
      </trkpt>
      <trkpt lat="18.721029" lon="99.100988">
        <ele>304.031306</ele>
        <time>2025-12-19T12:26:32.367000Z</time>
      </trkpt>
      <trkpt lat="18.720911" lon="99.102049">
        <ele>304.349004</ele>
        <time>2025-12-19T12:26:54.299000Z</time>
      </trkpt>
      <trkpt lat="18.720896" lon="99.102183">
        <ele>304.387282</ele>
        <time>2025-12-19T12:26:57.057000Z</time>
      </trkpt>
      <trkpt lat="18.720893" lon="99.102393">
        <ele>304.446862</ele>
        <time>2025-12-19T12:27:01.334000Z</time>
      </trkpt>
      <trkpt lat="18.720845" lon="99.10328">
        <ele>304.698896</ele>
        <time>2025-12-19T12:27:19.192000Z</time>
      </trkpt>
      <trkpt lat="18.720758" lon="99.103611">
        <ele>304.774721</ele>
        <time>2025-12-19T12:27:26.056000Z</time>
      </trkpt>
      <trkpt lat="18.720622" lon="99.104046">
        <ele>304.850157</ele>
        <time>2025-12-19T12:27:35.197000Z</time>
      </trkpt>
      <trkpt lat="18.72052" lon="99.104716">
        <ele>304.961906</ele>
        <time>2025-12-19T12:27:48.699000Z</time>
      </trkpt>
      <trkpt lat="18.720444" lon="99.105796">
        <ele>305.152847</ele>
        <time>2025-12-19T12:28:10.029000Z</time>
      </trkpt>
      <trkpt lat="18.72041" lon="99.106285">
        <ele>305.245891</ele>
        <time>2025-12-19T12:28:19.699000Z</time>
      </trkpt>
      <trkpt lat="18.720367" lon="99.106835">
        <ele>305.350617</ele>
        <time>2025-12-19T12:28:30.820000Z</time>
      </trkpt>
      <trkpt lat="18.720294" lon="99.107792">
        <ele>305.596949</ele>
        <time>2025-12-19T12:28:50.082000Z</time>
      </trkpt>
      <trkpt lat="18.720248" lon="99.108466">
        <ele>305.796774</ele>
        <time>2025-12-19T12:29:03.702000Z</time>
      </trkpt>
      <trkpt lat="18.720191" lon="99.109292">
        <ele>306.076855</ele>
        <time>2025-12-19T12:29:20.576000Z</time>
      </trkpt>
      <trkpt lat="18.720181" lon="99.109569">
        <ele>306.205209</ele>
        <time>2025-12-19T12:29:26.604000Z</time>
      </trkpt>
      <trkpt lat="18.720119" lon="99.110004">
        <ele>306.408898</ele>
        <time>2025-12-19T12:29:36.308000Z</time>
      </trkpt>
      <trkpt lat="18.720074" lon="99.110611">
        <ele>306.690821</ele>
        <time>2025-12-19T12:29:49.260000Z</time>
      </trkpt>
      <trkpt lat="18.720087" lon="99.110757">
        <ele>306.758723</ele>
        <time>2025-12-19T12:29:52.188000Z</time>
      </trkpt>
      <trkpt lat="18.7201" lon="99.110908">
        <ele>306.828929</ele>
        <time>2025-12-19T12:29:55.158000Z</time>
      </trkpt>
      <trkpt lat="18.720129" lon="99.111207">
        <ele>306.939791</ele>
        <time>2025-12-19T12:30:01.132000Z</time>
      </trkpt>
      <trkpt lat="18.720104" lon="99.11134">
        <ele>306.986304</ele>
        <time>2025-12-19T12:30:03.983000Z</time>
      </trkpt>
      <trkpt lat="18.719972" lon="99.111721">
        <ele>307.125468</ele>
        <time>2025-12-19T12:30:12.384000Z</time>
      </trkpt>
      <trkpt lat="18.719953" lon="99.111904">
        <ele>307.188618</ele>
        <time>2025-12-19T12:30:16.089000Z</time>
      </trkpt>
      <trkpt lat="18.720046" lon="99.112054">
        <ele>307.250117</ele>
        <time>2025-12-19T12:30:19.729000Z</time>
      </trkpt>
      <trkpt lat="18.720085" lon="99.112144">
        <ele>307.284068</ele>
        <time>2025-12-19T12:30:21.714000Z</time>
      </trkpt>
      <trkpt lat="18.720181" lon="99.112361">
        <ele>307.366225</ele>
        <time>2025-12-19T12:30:26.565000Z</time>
      </trkpt>
      <trkpt lat="18.720195" lon="99.112414">
        <ele>307.3851</ele>
        <time>2025-12-19T12:30:27.719000Z</time>
      </trkpt>
      <trkpt lat="18.720218" lon="99.113116">
        <ele>307.564963</ele>
        <time>2025-12-19T12:30:42.724000Z</time>
      </trkpt>
      <trkpt lat="18.72032" lon="99.113788">
        <ele>307.675194</ele>
        <time>2025-12-19T12:30:56.479000Z</time>
      </trkpt>
      <trkpt lat="18.720349" lon="99.11395">
        <ele>307.701897</ele>
        <time>2025-12-19T12:30:59.490000Z</time>
      </trkpt>
      <trkpt lat="18.720444" lon="99.114922">
        <ele>307.901448</ele>
        <time>2025-12-19T12:31:17.795000Z</time>
      </trkpt>
      <trkpt lat="18.72047" lon="99.115244">
        <ele>308.00493</ele>
        <time>2025-12-19T12:31:23.855000Z</time>
      </trkpt>
      <trkpt lat="18.720721" lon="99.116081">
        <ele>308.286061</ele>
        <time>2025-12-19T12:31:41.545000Z</time>
      </trkpt>
      <trkpt lat="18.720754" lon="99.116425">
        <ele>308.396778</ele>
        <time>2025-12-19T12:31:49.573000Z</time>
      </trkpt>
      <trkpt lat="18.720777" lon="99.116674">
        <ele>308.543771</ele>
        <time>2025-12-19T12:31:55.476000Z</time>
      </trkpt>
      <trkpt lat="18.720867" lon="99.117081">
        <ele>308.853603</ele>
        <time>2025-12-19T12:32:05.018000Z</time>
      </trkpt>
      <trkpt lat="18.720977" lon="99.11745">
        <ele>309.140379</ele>
        <time>2025-12-19T12:32:13.463000Z</time>
      </trkpt>
      <trkpt lat="18.721028" lon="99.117611">
        <ele>309.26623</ele>
        <time>2025-12-19T12:32:17.259000Z</time>
      </trkpt>
      <trkpt lat="18.721248" lon="99.118079">
        <ele>309.653552</ele>
        <time>2025-12-19T12:32:28.930000Z</time>
      </trkpt>
      <trkpt lat="18.721499" lon="99.118394">
        <ele>309.874195</ele>
        <time>2025-12-19T12:32:37.823000Z</time>
      </trkpt>
      <trkpt lat="18.721713" lon="99.118549">
        <ele>309.939788</ele>
        <time>2025-12-19T12:32:43.298000Z</time>
      </trkpt>
      <trkpt lat="18.72206" lon="99.118776">
        <ele>310.042965</ele>
        <time>2025-12-19T12:32:51.460000Z</time>
      </trkpt>
      <trkpt lat="18.72261" lon="99.119246">
        <ele>310.221806</ele>
        <time>2025-12-19T12:33:06.307000Z</time>
      </trkpt>
      <trkpt lat="18.722685" lon="99.119307">
        <ele>310.245734</ele>
        <time>2025-12-19T12:33:08.302000Z</time>
      </trkpt>
      <trkpt lat="18.723228" lon="99.1198">
        <ele>310.477204</ele>
        <time>2025-12-19T12:33:23.702000Z</time>
      </trkpt>
      <trkpt lat="18.723276" lon="99.119833">
        <ele>310.496966</ele>
        <time>2025-12-19T12:33:24.937000Z</time>
      </trkpt>
      <trkpt lat="18.723791" lon="99.120265">
        <ele>310.723897</ele>
        <time>2025-12-19T12:33:39.215000Z</time>
      </trkpt>
      <trkpt lat="18.72382" lon="99.120292">
        <ele>310.737237</ele>
        <time>2025-12-19T12:33:40.028000Z</time>
      </trkpt>
      <trkpt lat="18.724577" lon="99.120939">
        <ele>311.05771</ele>
        <time>2025-12-19T12:34:01.222000Z</time>
      </trkpt>
      <trkpt lat="18.725012" lon="99.121316">
        <ele>311.23349</ele>
        <time>2025-12-19T12:34:13.277000Z</time>
      </trkpt>
      <trkpt lat="18.725685" lon="99.121733">
        <ele>311.472332</ele>
        <time>2025-12-19T12:34:29.840000Z</time>
      </trkpt>
      <trkpt lat="18.726216" lon="99.122069">
        <ele>311.516777</ele>
        <time>2025-12-19T12:34:42.964000Z</time>
      </trkpt>
      <trkpt lat="18.726274" lon="99.12213">
        <ele>311.522654</ele>
        <time>2025-12-19T12:34:44.651000Z</time>
      </trkpt>
      <trkpt lat="18.726529" lon="99.122486">
        <ele>311.553004</ele>
        <time>2025-12-19T12:34:53.087000Z</time>
      </trkpt>
      <trkpt lat="18.726834" lon="99.123001">
        <ele>311.594304</ele>
        <time>2025-12-19T12:35:04.728000Z</time>
      </trkpt>
      <trkpt lat="18.726953" lon="99.123293">
        <ele>311.634638</ele>
        <time>2025-12-19T12:35:10.767000Z</time>
      </trkpt>
      <trkpt lat="18.727004" lon="99.123434">
        <ele>311.656974</ele>
        <time>2025-12-19T12:35:13.613000Z</time>
      </trkpt>
      <trkpt lat="18.727083" lon="99.123632">
        <ele>311.688769</ele>
        <time>2025-12-19T12:35:17.737000Z</time>
      </trkpt>
      <trkpt lat="18.727224" lon="99.124">
        <ele>311.747516</ele>
        <time>2025-12-19T12:35:25.321000Z</time>
      </trkpt>
      <trkpt lat="18.727751" lon="99.125192">
        <ele>312.116355</ele>
        <time>2025-12-19T12:35:52.137000Z</time>
      </trkpt>
      <trkpt lat="18.727808" lon="99.125298">
        <ele>312.185787</ele>
        <time>2025-12-19T12:35:54.713000Z</time>
      </trkpt>
      <trkpt lat="18.728076" lon="99.125842">
        <ele>312.535072</ele>
        <time>2025-12-19T12:36:07.923000Z</time>
      </trkpt>
      <trkpt lat="18.728212" lon="99.126003">
        <ele>312.657958</ele>
        <time>2025-12-19T12:36:12.656000Z</time>
      </trkpt>
      <trkpt lat="18.728876" lon="99.126759">
        <ele>313.356892</ele>
        <time>2025-12-19T12:36:35.300000Z</time>
      </trkpt>
      <trkpt lat="18.729115" lon="99.12703">
        <ele>313.651197</ele>
        <time>2025-12-19T12:36:43.752000Z</time>
      </trkpt>
      <trkpt lat="18.729162" lon="99.127098">
        <ele>313.718102</ele>
        <time>2025-12-19T12:36:45.682000Z</time>
      </trkpt>
      <trkpt lat="18.729215" lon="99.127153">
        <ele>313.780464</ele>
        <time>2025-12-19T12:36:47.479000Z</time>
      </trkpt>
      <trkpt lat="18.730038" lon="99.128092">
        <ele>314.689471</ele>
        <time>2025-12-19T12:37:16.090000Z</time>
      </trkpt>
      <trkpt lat="18.730259" lon="99.128258">
        <ele>314.84157</ele>
        <time>2025-12-19T12:37:22.479000Z</time>
      </trkpt>
      <trkpt lat="18.730676" lon="99.128404">
        <ele>315.08795</ele>
        <time>2025-12-19T12:37:32.526000Z</time>
      </trkpt>
      <trkpt lat="18.730859" lon="99.12843">
        <ele>315.191504</ele>
        <time>2025-12-19T12:37:36.547000Z</time>
      </trkpt>
      <trkpt lat="18.730983" lon="99.128547">
        <ele>315.284764</ele>
        <time>2025-12-19T12:37:40.182000Z</time>
      </trkpt>
      <trkpt lat="18.731019" lon="99.128628">
        <ele>315.332285</ele>
        <time>2025-12-19T12:37:41.995000Z</time>
      </trkpt>
      <trkpt lat="18.731031" lon="99.128716">
        <ele>315.379505</ele>
        <time>2025-12-19T12:37:43.806000Z</time>
      </trkpt>
      <trkpt lat="18.731011" lon="99.12887">
        <ele>315.462062</ele>
        <time>2025-12-19T12:37:46.903000Z</time>
      </trkpt>
      <trkpt lat="18.730897" lon="99.129245">
        <ele>315.486667</ele>
        <time>2025-12-19T12:37:54.520000Z</time>
      </trkpt>
      <trkpt lat="18.730874" lon="99.129417">
        <ele>315.489428</ele>
        <time>2025-12-19T12:37:57.770000Z</time>
      </trkpt>
      <trkpt lat="18.730888" lon="99.129558">
        <ele>315.491681</ele>
        <time>2025-12-19T12:38:00.563000Z</time>
      </trkpt>
      <trkpt lat="18.730434" lon="99.13014">
        <ele>315.503666</ele>
        <time>2025-12-19T12:38:14.706000Z</time>
      </trkpt>
      <trkpt lat="18.730322" lon="99.130329">
        <ele>315.507209</ele>
        <time>2025-12-19T12:38:18.873000Z</time>
      </trkpt>
      <trkpt lat="18.729966" lon="99.13126">
        <ele>315.681955</ele>
        <time>2025-12-19T12:38:38.292000Z</time>
      </trkpt>
      <trkpt lat="18.729786" lon="99.131856">
        <ele>315.823382</ele>
        <time>2025-12-19T12:38:50.903000Z</time>
      </trkpt>
      <trkpt lat="18.729601" lon="99.132791">
        <ele>316.127718</ele>
        <time>2025-12-19T12:39:11.124000Z</time>
      </trkpt>
      <trkpt lat="18.729519" lon="99.133054">
        <ele>316.246318</ele>
        <time>2025-12-19T12:39:17.050000Z</time>
      </trkpt>
      <trkpt lat="18.729469" lon="99.13322">
        <ele>316.320932</ele>
        <time>2025-12-19T12:39:20.778000Z</time>
      </trkpt>
      <trkpt lat="18.729361" lon="99.133429">
        <ele>316.422913</ele>
        <time>2025-12-19T12:39:25.817000Z</time>
      </trkpt>
      <trkpt lat="18.72925" lon="99.133585">
        <ele>316.506492</ele>
        <time>2025-12-19T12:39:29.897000Z</time>
      </trkpt>
      <trkpt lat="18.728792" lon="99.134032">
        <ele>316.760266</ele>
        <time>2025-12-19T12:39:43.364000Z</time>
      </trkpt>
      <trkpt lat="18.728625" lon="99.134282">
        <ele>316.783929</ele>
        <time>2025-12-19T12:39:49.425000Z</time>
      </trkpt>
      <trkpt lat="18.728588" lon="99.134373">
        <ele>316.791589</ele>
        <time>2025-12-19T12:39:51.351000Z</time>
      </trkpt>
      <trkpt lat="18.728335" lon="99.135027">
        <ele>316.846232</ele>
        <time>2025-12-19T12:40:05.184000Z</time>
      </trkpt>
      <trkpt lat="18.728244" lon="99.135624">
        <ele>316.893003</ele>
        <time>2025-12-19T12:40:16.750000Z</time>
      </trkpt>
      <trkpt lat="18.728211" lon="99.13624">
        <ele>316.769831</ele>
        <time>2025-12-19T12:40:27.898000Z</time>
      </trkpt>
      <trkpt lat="18.728044" lon="99.137569">
        <ele>316.428249</ele>
        <time>2025-12-19T12:40:51.840000Z</time>
      </trkpt>
      <trkpt lat="18.728039" lon="99.137606">
        <ele>316.418726</ele>
        <time>2025-12-19T12:40:52.546000Z</time>
      </trkpt>
      <trkpt lat="18.72802" lon="99.137746">
        <ele>316.471303</ele>
        <time>2025-12-19T12:40:55.221000Z</time>
      </trkpt>
      <trkpt lat="18.727959" lon="99.138111">
        <ele>316.620539</ele>
        <time>2025-12-19T12:41:02.646000Z</time>
      </trkpt>
      <trkpt lat="18.727874" lon="99.138673">
        <ele>316.849694</ele>
        <time>2025-12-19T12:41:14.980000Z</time>
      </trkpt>
      <trkpt lat="18.727764" lon="99.139354">
        <ele>317.127855</ele>
        <time>2025-12-19T12:41:30.338000Z</time>
      </trkpt>
      <trkpt lat="18.727095" lon="99.143858">
        <ele>318.801273</ele>
        <time>2025-12-19T12:43:03.835000Z</time>
      </trkpt>
      <trkpt lat="18.726817" lon="99.145837">
        <ele>319.686193</ele>
        <time>2025-12-19T12:43:45.014000Z</time>
      </trkpt>
      <trkpt lat="18.726543" lon="99.148063">
        <ele>321.120548</ele>
        <time>2025-12-19T12:44:34.630000Z</time>
      </trkpt>
      <trkpt lat="18.726466" lon="99.148391">
        <ele>321.351467</ele>
        <time>2025-12-19T12:44:41.890000Z</time>
      </trkpt>
      <trkpt lat="18.726275" lon="99.148916">
        <ele>321.726822</ele>
        <time>2025-12-19T12:44:54.127000Z</time>
      </trkpt>
      <trkpt lat="18.726114" lon="99.149468">
        <ele>322.05252</ele>
        <time>2025-12-19T12:45:06.761000Z</time>
      </trkpt>
      <trkpt lat="18.725987" lon="99.150385">
        <ele>322.575114</ele>
        <time>2025-12-19T12:45:26.336000Z</time>
      </trkpt>
      <trkpt lat="18.725952" lon="99.150662">
        <ele>322.732698</ele>
        <time>2025-12-19T12:45:32.277000Z</time>
      </trkpt>
      <trkpt lat="18.725836" lon="99.151671">
        <ele>323.41751</ele>
        <time>2025-12-19T12:45:54.019000Z</time>
      </trkpt>
      <trkpt lat="18.725744" lon="99.152492">
        <ele>323.978281</ele>
        <time>2025-12-19T12:46:12.244000Z</time>
      </trkpt>
      <trkpt lat="18.725712" lon="99.152832">
        <ele>324.316266</ele>
        <time>2025-12-19T12:46:20.105000Z</time>
      </trkpt>
      <trkpt lat="18.725701" lon="99.153041">
        <ele>324.548914</ele>
        <time>2025-12-19T12:46:24.969000Z</time>
      </trkpt>
      <trkpt lat="18.725595" lon="99.154066">
        <ele>325.694905</ele>
        <time>2025-12-19T12:46:44.382000Z</time>
      </trkpt>
      <trkpt lat="18.725518" lon="99.154698">
        <ele>326.217805</ele>
        <time>2025-12-19T12:46:56.751000Z</time>
      </trkpt>
      <trkpt lat="18.725452" lon="99.155303">
        <ele>326.390167</ele>
        <time>2025-12-19T12:47:07.287000Z</time>
      </trkpt>
      <trkpt lat="18.725364" lon="99.157725">
        <ele>326.448599</ele>
        <time>2025-12-19T12:47:38.753000Z</time>
      </trkpt>
      <trkpt lat="18.725357" lon="99.159235">
        <ele>326.559192</ele>
        <time>2025-12-19T12:48:00.551000Z</time>
      </trkpt>
      <trkpt lat="18.725379" lon="99.159981">
        <ele>326.719357</ele>
        <time>2025-12-19T12:48:11.975000Z</time>
      </trkpt>
      <trkpt lat="18.72543" lon="99.16031">
        <ele>326.832574</ele>
        <time>2025-12-19T12:48:17.283000Z</time>
      </trkpt>
      <trkpt lat="18.725491" lon="99.160616">
        <ele>326.9873</ele>
        <time>2025-12-19T12:48:22.312000Z</time>
      </trkpt>
      <trkpt lat="18.725684" lon="99.161199">
        <ele>327.292884</ele>
        <time>2025-12-19T12:48:32.244000Z</time>
      </trkpt>
      <trkpt lat="18.725823" lon="99.161469">
        <ele>327.444942</ele>
        <time>2025-12-19T12:48:37.208000Z</time>
      </trkpt>
      <trkpt lat="18.725848" lon="99.161559">
        <ele>327.49135</ele>
        <time>2025-12-19T12:48:38.718000Z</time>
      </trkpt>
      <trkpt lat="18.725883" lon="99.161683">
        <ele>327.555372</ele>
        <time>2025-12-19T12:48:40.833000Z</time>
      </trkpt>
      <trkpt lat="18.725927" lon="99.162012">
        <ele>327.711723</ele>
        <time>2025-12-19T12:48:46.238000Z</time>
      </trkpt>
      <trkpt lat="18.725912" lon="99.162317">
        <ele>327.805123</ele>
        <time>2025-12-19T12:48:51.082000Z</time>
      </trkpt>
      <trkpt lat="18.725884" lon="99.162516">
        <ele>327.866648</ele>
        <time>2025-12-19T12:48:54.200000Z</time>
      </trkpt>
      <trkpt lat="18.725781" lon="99.162914">
        <ele>327.992826</ele>
        <time>2025-12-19T12:49:00.385000Z</time>
      </trkpt>
      <trkpt lat="18.725595" lon="99.163567">
        <ele>328.201361</ele>
        <time>2025-12-19T12:49:10.702000Z</time>
      </trkpt>
      <trkpt lat="18.725373" lon="99.164347">
        <ele>328.493383</ele>
        <time>2025-12-19T12:49:22.833000Z</time>
      </trkpt>
      <trkpt lat="18.725308" lon="99.164584">
        <ele>328.587796</ele>
        <time>2025-12-19T12:49:26.581000Z</time>
      </trkpt>
      <trkpt lat="18.725294" lon="99.164734">
        <ele>328.645471</ele>
        <time>2025-12-19T12:49:28.901000Z</time>
      </trkpt>
      <trkpt lat="18.725357" lon="99.165097">
        <ele>328.786685</ele>
        <time>2025-12-19T12:49:34.721000Z</time>
      </trkpt>
      <trkpt lat="18.725804" lon="99.166061">
        <ele>329.184342</ele>
        <time>2025-12-19T12:49:52.170000Z</time>
      </trkpt>
      <trkpt lat="18.725965" lon="99.166388">
        <ele>329.315737</ele>
        <time>2025-12-19T12:49:57.943000Z</time>
      </trkpt>
      <trkpt lat="18.726183" lon="99.166855">
        <ele>329.501359</ele>
        <time>2025-12-19T12:50:05.888000Z</time>
      </trkpt>
      <trkpt lat="18.726414" lon="99.167496">
        <ele>329.739024</ele>
        <time>2025-12-19T12:50:16.012000Z</time>
      </trkpt>
      <trkpt lat="18.726685" lon="99.168533">
        <ele>330.080566</ele>
        <time>2025-12-19T12:50:32.417000Z</time>
      </trkpt>
      <trkpt lat="18.726867" lon="99.169885">
        <ele>330.539349</ele>
        <time>2025-12-19T12:50:53.662000Z</time>
      </trkpt>
      <trkpt lat="18.727002" lon="99.170946">
        <ele>330.916854</ele>
        <time>2025-12-19T12:51:10.049000Z</time>
      </trkpt>
      <trkpt lat="18.727538" lon="99.175855">
        <ele>332.729347</ele>
        <time>2025-12-19T12:52:26.740000Z</time>
      </trkpt>
      <trkpt lat="18.727616" lon="99.176584">
        <ele>333.017437</ele>
        <time>2025-12-19T12:52:38.335000Z</time>
      </trkpt>
      <trkpt lat="18.727855" lon="99.178464">
        <ele>333.529869</ele>
        <time>2025-12-19T12:53:06.649000Z</time>
      </trkpt>
      <trkpt lat="18.727924" lon="99.17899">
        <ele>333.715804</ele>
        <time>2025-12-19T12:53:14.819000Z</time>
      </trkpt>
      <trkpt lat="18.727946" lon="99.179183">
        <ele>333.789828</ele>
        <time>2025-12-19T12:53:18.776000Z</time>
      </trkpt>
      <trkpt lat="18.727995" lon="99.179614">
        <ele>333.955129</ele>
        <time>2025-12-19T12:53:27.685000Z</time>
      </trkpt>
      <trkpt lat="18.728069" lon="99.18027">
        <ele>334.206696</ele>
        <time>2025-12-19T12:53:41.490000Z</time>
      </trkpt>
      <trkpt lat="18.72817" lon="99.181206">
        <ele>334.623696</ele>
        <time>2025-12-19T12:54:01.519000Z</time>
      </trkpt>
      <trkpt lat="18.728279" lon="99.182127">
        <ele>335.0515</ele>
        <time>2025-12-19T12:54:21.272000Z</time>
      </trkpt>
      <trkpt lat="18.728515" lon="99.184343">
        <ele>335.951996</ele>
        <time>2025-12-19T12:55:07.119000Z</time>
      </trkpt>
      <trkpt lat="18.728539" lon="99.184529">
        <ele>336.042406</ele>
        <time>2025-12-19T12:55:11.102000Z</time>
      </trkpt>
      <trkpt lat="18.728688" lon="99.185869">
        <ele>336.69221</ele>
        <time>2025-12-19T12:55:39.839000Z</time>
      </trkpt>
      <trkpt lat="18.728824" lon="99.187098">
        <ele>337.082878</ele>
        <time>2025-12-19T12:56:04.707000Z</time>
      </trkpt>
      <trkpt lat="18.728918" lon="99.187605">
        <ele>337.221468</ele>
        <time>2025-12-19T12:56:14.938000Z</time>
      </trkpt>
      <trkpt lat="18.729055" lon="99.188086">
        <ele>337.383112</ele>
        <time>2025-12-19T12:56:25.258000Z</time>
      </trkpt>
      <trkpt lat="18.729262" lon="99.188566">
        <ele>337.698095</ele>
        <time>2025-12-19T12:56:36.507000Z</time>
      </trkpt>
      <trkpt lat="18.72954" lon="99.189067">
        <ele>338.044873</ele>
        <time>2025-12-19T12:56:49.090000Z</time>
      </trkpt>
      <trkpt lat="18.72987" lon="99.189507">
        <ele>338.380066</ele>
        <time>2025-12-19T12:57:01.455000Z</time>
      </trkpt>
      <trkpt lat="18.730419" lon="99.190111">
        <ele>338.732975</ele>
        <time>2025-12-19T12:57:19.604000Z</time>
      </trkpt>
      <trkpt lat="18.730531" lon="99.190241">
        <ele>338.800426</ele>
        <time>2025-12-19T12:57:23.289000Z</time>
      </trkpt>
      <trkpt lat="18.730682" lon="99.190417">
        <ele>338.891571</ele>
        <time>2025-12-19T12:57:28.171000Z</time>
      </trkpt>
      <trkpt lat="18.730685" lon="99.190421">
        <ele>338.893529</ele>
        <time>2025-12-19T12:57:28.278000Z</time>
      </trkpt>
      <trkpt lat="18.731707" lon="99.191603">
        <ele>339.369396</ele>
        <time>2025-12-19T12:57:59.671000Z</time>
      </trkpt>
      <trkpt lat="18.732081" lon="99.192038">
        <ele>339.494332</ele>
        <time>2025-12-19T12:58:11.329000Z</time>
      </trkpt>
      <trkpt lat="18.732303" lon="99.192297">
        <ele>339.568617</ele>
        <time>2025-12-19T12:58:18.456000Z</time>
      </trkpt>
      <trkpt lat="18.734156" lon="99.194457">
        <ele>340.589539</ele>
        <time>2025-12-19T12:59:19.630000Z</time>
      </trkpt>
      <trkpt lat="18.735502" lon="99.196026">
        <ele>341.059454</ele>
        <time>2025-12-19T13:00:00.216000Z</time>
      </trkpt>
      <trkpt lat="18.735645" lon="99.196195">
        <ele>341.113931</ele>
        <time>2025-12-19T13:00:04.817000Z</time>
      </trkpt>
      <trkpt lat="18.73577" lon="99.196339">
        <ele>341.160887</ele>
        <time>2025-12-19T13:00:08.875000Z</time>
      </trkpt>
      <trkpt lat="18.735883" lon="99.19647">
        <ele>341.203482</ele>
        <time>2025-12-19T13:00:12.653000Z</time>
      </trkpt>
      <trkpt lat="18.736593" lon="99.197294">
        <ele>341.655326</ele>
        <time>2025-12-19T13:00:36.981000Z</time>
      </trkpt>
      <trkpt lat="18.736717" lon="99.197433">
        <ele>341.740577</ele>
        <time>2025-12-19T13:00:41.188000Z</time>
      </trkpt>
      <trkpt lat="18.737338" lon="99.198156">
        <ele>342.107956</ele>
        <time>2025-12-19T13:01:01.075000Z</time>
      </trkpt>
      <trkpt lat="18.737764" lon="99.198651">
        <ele>342.122507</ele>
        <time>2025-12-19T13:01:13.229000Z</time>
      </trkpt>
      <trkpt lat="18.73821" lon="99.199165">
        <ele>342.137673</ele>
        <time>2025-12-19T13:01:26.119000Z</time>
      </trkpt>
      <trkpt lat="18.740319" lon="99.20165">
        <ele>343.735167</ele>
        <time>2025-12-19T13:02:36.326000Z</time>
      </trkpt>
      <trkpt lat="18.740469" lon="99.201827">
        <ele>343.90149</ele>
        <time>2025-12-19T13:02:41.493000Z</time>
      </trkpt>
      <trkpt lat="18.740619" lon="99.202001">
        <ele>344.066254</ele>
        <time>2025-12-19T13:02:46.691000Z</time>
      </trkpt>
      <trkpt lat="18.741843" lon="99.203419">
        <ele>345.853403</ele>
        <time>2025-12-19T13:03:32.120000Z</time>
      </trkpt>
      <trkpt lat="18.742026" lon="99.203631">
        <ele>346.135978</ele>
        <time>2025-12-19T13:03:38.678000Z</time>
      </trkpt>
      <trkpt lat="18.742612" lon="99.20431">
        <ele>346.547027</ele>
        <time>2025-12-19T13:03:57.851000Z</time>
      </trkpt>
      <trkpt lat="18.743212" lon="99.205005">
        <ele>346.935605</ele>
        <time>2025-12-19T13:04:16.663000Z</time>
      </trkpt>
      <trkpt lat="18.743377" lon="99.205195">
        <ele>347.063243</ele>
        <time>2025-12-19T13:04:22.012000Z</time>
      </trkpt>
      <trkpt lat="18.743577" lon="99.205425">
        <ele>347.232837</ele>
        <time>2025-12-19T13:04:28.590000Z</time>
      </trkpt>
      <trkpt lat="18.743985" lon="99.205965">
        <ele>347.608033</ele>
        <time>2025-12-19T13:04:43.378000Z</time>
      </trkpt>
      <trkpt lat="18.744215" lon="99.206391">
        <ele>347.874364</ele>
        <time>2025-12-19T13:04:53.982000Z</time>
      </trkpt>
      <trkpt lat="18.744479" lon="99.206977">
        <ele>348.61355</ele>
        <time>2025-12-19T13:05:08.119000Z</time>
      </trkpt>
      <trkpt lat="18.744677" lon="99.207474">
        <ele>349.420561</ele>
        <time>2025-12-19T13:05:20.249000Z</time>
      </trkpt>
      <trkpt lat="18.746225" lon="99.211376">
        <ele>356.680004</ele>
        <time>2025-12-19T13:07:10.812000Z</time>
      </trkpt>
      <trkpt lat="18.74654" lon="99.212159">
        <ele>358.941262</ele>
        <time>2025-12-19T13:07:37.505000Z</time>
      </trkpt>
      <trkpt lat="18.747523" lon="99.214594">
        <ele>367.485834</ele>
        <time>2025-12-19T13:09:06.391000Z</time>
      </trkpt>
      <trkpt lat="18.74837" lon="99.216686">
        <ele>372.433363</ele>
        <time>2025-12-19T13:10:08.551000Z</time>
      </trkpt>
      <trkpt lat="18.749224" lon="99.218766">
        <ele>374.976665</ele>
        <time>2025-12-19T13:10:59.990000Z</time>
      </trkpt>
      <trkpt lat="18.74958" lon="99.219615">
        <ele>375.737105</ele>
        <time>2025-12-19T13:11:22.290000Z</time>
      </trkpt>
      <trkpt lat="18.749978" lon="99.220629">
        <ele>376.565487</ele>
        <time>2025-12-19T13:11:46.687000Z</time>
      </trkpt>
      <trkpt lat="18.750369" lon="99.221592">
        <ele>376.160518</ele>
        <time>2025-12-19T13:12:05.171000Z</time>
      </trkpt>
      <trkpt lat="18.75172" lon="99.224966">
        <ele>375.128783</ele>
        <time>2025-12-19T13:13:07.373000Z</time>
      </trkpt>
      <trkpt lat="18.752138" lon="99.225922">
        <ele>375.975866</ele>
        <time>2025-12-19T13:13:34.930000Z</time>
      </trkpt>
      <trkpt lat="18.753331" lon="99.22779">
        <ele>381.367957</ele>
        <time>2025-12-19T13:14:42.381000Z</time>
      </trkpt>
      <trkpt lat="18.753414" lon="99.22792">
        <ele>381.663035</ele>
        <time>2025-12-19T13:14:46.672000Z</time>
      </trkpt>
      <trkpt lat="18.753712" lon="99.228386">
        <ele>382.721304</ele>
        <time>2025-12-19T13:15:01.754000Z</time>
      </trkpt>
      <trkpt lat="18.754025" lon="99.228877">
        <ele>383.83525</ele>
        <time>2025-12-19T13:15:17Z</time>
      </trkpt>
      <trkpt lat="18.75474" lon="99.229998">
        <ele>384.013124</ele>
        <time>2025-12-19T13:15:47.038000Z</time>
      </trkpt>
      <trkpt lat="18.755313" lon="99.230896">
        <ele>382.91077</ele>
        <time>2025-12-19T13:16:03.635000Z</time>
      </trkpt>
      <trkpt lat="18.754452" lon="99.232208">
        <ele>378.762684</ele>
        <time>2025-12-19T13:16:18.920000Z</time>
      </trkpt>
      <trkpt lat="18.754216" lon="99.232833">
        <ele>377.067368</ele>
        <time>2025-12-19T13:16:25.573000Z</time>
      </trkpt>
      <trkpt lat="18.753788" lon="99.234012">
        <ele>373.822599</ele>
        <time>2025-12-19T13:16:38.347000Z</time>
      </trkpt>
      <trkpt lat="18.753504" lon="99.235125">
        <ele>370.414142</ele>
        <time>2025-12-19T13:16:49.540000Z</time>
      </trkpt>
      <trkpt lat="18.753462" lon="99.235772">
        <ele>368.52551</ele>
        <time>2025-12-19T13:16:55.598000Z</time>
      </trkpt>
      <trkpt lat="18.753441" lon="99.236035">
        <ele>367.909123</ele>
        <time>2025-12-19T13:16:58.047000Z</time>
      </trkpt>
      <trkpt lat="18.753383" lon="99.236306">
        <ele>367.260269</ele>
        <time>2025-12-19T13:17:00.657000Z</time>
      </trkpt>
      <trkpt lat="18.75325" lon="99.236546">
        <ele>366.610845</ele>
        <time>2025-12-19T13:17:03.315000Z</time>
      </trkpt>
      <trkpt lat="18.753356" lon="99.236695">
        <ele>366.175608</ele>
        <time>2025-12-19T13:17:05.938000Z</time>
      </trkpt>
      <trkpt lat="18.753378" lon="99.236828">
        <ele>365.860298</ele>
        <time>2025-12-19T13:17:07.869000Z</time>
      </trkpt>
      <trkpt lat="18.753392" lon="99.237227">
        <ele>364.927838</ele>
        <time>2025-12-19T13:17:13.799000Z</time>
      </trkpt>
      <trkpt lat="18.753557" lon="99.238277">
        <ele>364.347148</ele>
        <time>2025-12-19T13:17:33.695000Z</time>
      </trkpt>
      <trkpt lat="18.753758" lon="99.238928">
        <ele>364.482576</ele>
        <time>2025-12-19T13:17:48.946000Z</time>
      </trkpt>
      <trkpt lat="18.75408" lon="99.239415">
        <ele>364.568644</ele>
        <time>2025-12-19T13:18:01.462000Z</time>
      </trkpt>
      <trkpt lat="18.754117" lon="99.239471">
        <ele>364.565807</ele>
        <time>2025-12-19T13:18:02.829000Z</time>
      </trkpt>
      <trkpt lat="18.754676" lon="99.240265">
        <ele>364.524705</ele>
        <time>2025-12-19T13:18:21.015000Z</time>
      </trkpt>
      <trkpt lat="18.755231" lon="99.240859">
        <ele>364.543876</ele>
        <time>2025-12-19T13:18:36.323000Z</time>
      </trkpt>
      <trkpt lat="18.755778" lon="99.241393">
        <ele>364.852921</ele>
        <time>2025-12-19T13:18:51.750000Z</time>
      </trkpt>
      <trkpt lat="18.756252" lon="99.242017">
        <ele>365.167188</ele>
        <time>2025-12-19T13:19:09.119000Z</time>
      </trkpt>
      <trkpt lat="18.756399" lon="99.242307">
        <ele>365.37244</ele>
        <time>2025-12-19T13:19:16.682000Z</time>
      </trkpt>
      <trkpt lat="18.756907" lon="99.24382">
        <ele>366.874757</ele>
        <time>2025-12-19T13:19:54.353000Z</time>
      </trkpt>
      <trkpt lat="18.757062" lon="99.244053">
        <ele>367.096877</ele>
        <time>2025-12-19T13:20:00.557000Z</time>
      </trkpt>
      <trkpt lat="18.756801" lon="99.244563">
        <ele>367.442396</ele>
        <time>2025-12-19T13:20:09.996000Z</time>
      </trkpt>
      <trkpt lat="18.756769" lon="99.244693">
        <ele>367.522453</ele>
        <time>2025-12-19T13:20:12.135000Z</time>
      </trkpt>
      <trkpt lat="18.75679" lon="99.245064">
        <ele>367.743967</ele>
        <time>2025-12-19T13:20:18.013000Z</time>
      </trkpt>
      <trkpt lat="18.756763" lon="99.245235">
        <ele>367.847292</ele>
        <time>2025-12-19T13:20:20.750000Z</time>
      </trkpt>
      <trkpt lat="18.756266" lon="99.246354">
        <ele>368.361739</ele>
        <time>2025-12-19T13:20:41.223000Z</time>
      </trkpt>
      <trkpt lat="18.756181" lon="99.246524">
        <ele>368.417483</ele>
        <time>2025-12-19T13:20:44.186000Z</time>
      </trkpt>
      <trkpt lat="18.755993" lon="99.246901">
        <ele>368.541033</ele>
        <time>2025-12-19T13:20:50.457000Z</time>
      </trkpt>
      <trkpt lat="18.755831" lon="99.247705">
        <ele>368.759692</ele>
        <time>2025-12-19T13:21:01.682000Z</time>
      </trkpt>
      <trkpt lat="18.755771" lon="99.24789">
        <ele>368.801966</ele>
        <time>2025-12-19T13:21:04.300000Z</time>
      </trkpt>
      <trkpt lat="18.755577" lon="99.248338">
        <ele>368.908462</ele>
        <time>2025-12-19T13:21:10.969000Z</time>
      </trkpt>
      <trkpt lat="18.755036" lon="99.24941">
        <ele>369.479809</ele>
        <time>2025-12-19T13:21:30.232000Z</time>
      </trkpt>
      <trkpt lat="18.754947" lon="99.249626">
        <ele>369.799795</ele>
        <time>2025-12-19T13:21:34.547000Z</time>
      </trkpt>
      <trkpt lat="18.754596" lon="99.250913">
        <ele>371.619104</ele>
        <time>2025-12-19T13:22:02.273000Z</time>
      </trkpt>
      <trkpt lat="18.754457" lon="99.251208">
        <ele>372.028388</ele>
        <time>2025-12-19T13:22:09.187000Z</time>
      </trkpt>
      <trkpt lat="18.754332" lon="99.251403">
        <ele>372.31548</ele>
        <time>2025-12-19T13:22:13.967000Z</time>
      </trkpt>
      <trkpt lat="18.754178" lon="99.251497">
        <ele>372.544497</ele>
        <time>2025-12-19T13:22:17.671000Z</time>
      </trkpt>
      <trkpt lat="18.754068" lon="99.251604">
        <ele>372.73705</ele>
        <time>2025-12-19T13:22:20.697000Z</time>
      </trkpt>
      <trkpt lat="18.753951" lon="99.251825">
        <ele>373.04574</ele>
        <time>2025-12-19T13:22:25.404000Z</time>
      </trkpt>
      <trkpt lat="18.753781" lon="99.252285">
        <ele>373.647761</ele>
        <time>2025-12-19T13:22:34.237000Z</time>
      </trkpt>
      <trkpt lat="18.753645" lon="99.25242">
        <ele>373.888076</ele>
        <time>2025-12-19T13:22:37.628000Z</time>
      </trkpt>
      <trkpt lat="18.753481" lon="99.252507">
        <ele>374.162763</ele>
        <time>2025-12-19T13:22:40.914000Z</time>
      </trkpt>
      <trkpt lat="18.753408" lon="99.252565">
        <ele>374.319415</ele>
        <time>2025-12-19T13:22:42.542000Z</time>
      </trkpt>
      <trkpt lat="18.753243" lon="99.252848">
        <ele>374.859066</ele>
        <time>2025-12-19T13:22:48.270000Z</time>
      </trkpt>
      <trkpt lat="18.752925" lon="99.253207">
        <ele>375.657298</ele>
        <time>2025-12-19T13:22:57.550000Z</time>
      </trkpt>
      <trkpt lat="18.752775" lon="99.253264">
        <ele>375.930664</ele>
        <time>2025-12-19T13:23:01.031000Z</time>
      </trkpt>
      <trkpt lat="18.752478" lon="99.253354">
        <ele>376.460514</ele>
        <time>2025-12-19T13:23:08.279000Z</time>
      </trkpt>
      <trkpt lat="18.752049" lon="99.253564">
        <ele>377.434522</ele>
        <time>2025-12-19T13:23:20.286000Z</time>
      </trkpt>
      <trkpt lat="18.75144" lon="99.253862">
        <ele>379.638614</ele>
        <time>2025-12-19T13:23:38.864000Z</time>
      </trkpt>
      <trkpt lat="18.751253" lon="99.253877">
        <ele>380.254456</ele>
        <time>2025-12-19T13:23:44.300000Z</time>
      </trkpt>
      <trkpt lat="18.750963" lon="99.253892">
        <ele>381.207904</ele>
        <time>2025-12-19T13:23:52.830000Z</time>
      </trkpt>
      <trkpt lat="18.750841" lon="99.253922">
        <ele>381.619247</ele>
        <time>2025-12-19T13:23:56.520000Z</time>
      </trkpt>
      <trkpt lat="18.749643" lon="99.254638">
        <ele>386.273491</ele>
        <time>2025-12-19T13:24:36.229000Z</time>
      </trkpt>
      <trkpt lat="18.749584" lon="99.254675">
        <ele>386.508432</ele>
        <time>2025-12-19T13:24:38.163000Z</time>
      </trkpt>
      <trkpt lat="18.748966" lon="99.255078">
        <ele>388.995273</ele>
        <time>2025-12-19T13:24:58.489000Z</time>
      </trkpt>
      <trkpt lat="18.748891" lon="99.255142">
        <ele>389.339218</ele>
        <time>2025-12-19T13:25:01.164000Z</time>
      </trkpt>
      <trkpt lat="18.74841" lon="99.255527">
        <ele>391.575731</ele>
        <time>2025-12-19T13:25:18.303000Z</time>
      </trkpt>
      <trkpt lat="18.748133" lon="99.255698">
        <ele>392.764697</ele>
        <time>2025-12-19T13:25:27.712000Z</time>
      </trkpt>
      <trkpt lat="18.748013" lon="99.255757">
        <ele>393.255201</ele>
        <time>2025-12-19T13:25:31.667000Z</time>
      </trkpt>
      <trkpt lat="18.747245" lon="99.256104">
        <ele>396.381622</ele>
        <time>2025-12-19T13:25:57.517000Z</time>
      </trkpt>
      <trkpt lat="18.74637" lon="99.256452">
        <ele>400.049718</ele>
        <time>2025-12-19T13:26:26.688000Z</time>
      </trkpt>
      <trkpt lat="18.745459" lon="99.256783">
        <ele>403.749099</ele>
        <time>2025-12-19T13:26:55.513000Z</time>
      </trkpt>
      <trkpt lat="18.744514" lon="99.257102">
        <ele>407.312773</ele>
        <time>2025-12-19T13:27:24.417000Z</time>
      </trkpt>
      <trkpt lat="18.74365" lon="99.257435">
        <ele>410.801882</ele>
        <time>2025-12-19T13:27:50.536000Z</time>
      </trkpt>
      <trkpt lat="18.742757" lon="99.257828">
        <ele>414.781483</ele>
        <time>2025-12-19T13:28:20.252000Z</time>
      </trkpt>
      <trkpt lat="18.741831" lon="99.258236">
        <ele>419.527046</ele>
        <time>2025-12-19T13:28:55.256000Z</time>
      </trkpt>
      <trkpt lat="18.740856" lon="99.258676">
        <ele>425.130934</ele>
        <time>2025-12-19T13:29:33.784000Z</time>
      </trkpt>
      <trkpt lat="18.740465" lon="99.258879">
        <ele>427.718789</ele>
        <time>2025-12-19T13:29:49.842000Z</time>
      </trkpt>
      <trkpt lat="18.740184" lon="99.259098">
        <ele>430.007188</ele>
        <time>2025-12-19T13:30:03.157000Z</time>
      </trkpt>
      <trkpt lat="18.738204" lon="99.260526">
        <ele>445.958745</ele>
        <time>2025-12-19T13:31:46.390000Z</time>
      </trkpt>
      <trkpt lat="18.73764" lon="99.260913">
        <ele>450.458344</ele>
        <time>2025-12-19T13:32:13.947000Z</time>
      </trkpt>
      <trkpt lat="18.737164" lon="99.261179">
        <ele>453.578388</ele>
        <time>2025-12-19T13:32:34.100000Z</time>
      </trkpt>
      <trkpt lat="18.736873" lon="99.261326">
        <ele>455.447267</ele>
        <time>2025-12-19T13:32:45.799000Z</time>
      </trkpt>
      <trkpt lat="18.736821" lon="99.261357">
        <ele>455.793222</ele>
        <time>2025-12-19T13:32:47.963000Z</time>
      </trkpt>
      <trkpt lat="18.736588" lon="99.261497">
        <ele>457.346333</ele>
        <time>2025-12-19T13:32:57.604000Z</time>
      </trkpt>
      <trkpt lat="18.73634" lon="99.261701">
        <ele>459.167603</ele>
        <time>2025-12-19T13:33:09.115000Z</time>
      </trkpt>
      <trkpt lat="18.73603" lon="99.262098">
        <ele>462.604697</ele>
        <time>2025-12-19T13:33:27.869000Z</time>
      </trkpt>
      <trkpt lat="18.735689" lon="99.262468">
        <ele>466.692384</ele>
        <time>2025-12-19T13:33:49.152000Z</time>
      </trkpt>
      <trkpt lat="18.735334" lon="99.262801">
        <ele>470.662245</ele>
        <time>2025-12-19T13:34:12.691000Z</time>
      </trkpt>
      <trkpt lat="18.734836" lon="99.263144">
        <ele>475.633107</ele>
        <time>2025-12-19T13:34:45.659000Z</time>
      </trkpt>
      <trkpt lat="18.734643" lon="99.263343">
        <ele>478.420872</ele>
        <time>2025-12-19T13:35:01.532000Z</time>
      </trkpt>
      <trkpt lat="18.734484" lon="99.263678">
        <ele>482.091127</ele>
        <time>2025-12-19T13:35:22.677000Z</time>
      </trkpt>
      <trkpt lat="18.734331" lon="99.264381">
        <ele>489.1563</ele>
        <time>2025-12-19T13:36:02.233000Z</time>
      </trkpt>
      <trkpt lat="18.734313" lon="99.264614">
        <ele>491.446049</ele>
        <time>2025-12-19T13:36:14.458000Z</time>
      </trkpt>
      <trkpt lat="18.734328" lon="99.265027">
        <ele>495.553748</ele>
        <time>2025-12-19T13:36:35.197000Z</time>
      </trkpt>
      <trkpt lat="18.734262" lon="99.265167">
        <ele>497.15849</ele>
        <time>2025-12-19T13:36:42.823000Z</time>
      </trkpt>
      <trkpt lat="18.734104" lon="99.265295">
        <ele>499.316283</ele>
        <time>2025-12-19T13:36:53.064000Z</time>
      </trkpt>
      <trkpt lat="18.733535" lon="99.26551">
        <ele>505.864468</ele>
        <time>2025-12-19T13:37:24.880000Z</time>
      </trkpt>
      <trkpt lat="18.733225" lon="99.265665">
        <ele>509.580977</ele>
        <time>2025-12-19T13:37:44.517000Z</time>
      </trkpt>
      <trkpt lat="18.732524" lon="99.266218">
        <ele>522.125988</ele>
        <time>2025-12-19T13:38:45.967000Z</time>
      </trkpt>
      <trkpt lat="18.731686" lon="99.266631">
        <ele>537.908247</ele>
        <time>2025-12-19T13:40:10.111000Z</time>
      </trkpt>
      <trkpt lat="18.731432" lon="99.266658">
        <ele>542.264901</ele>
        <time>2025-12-19T13:40:34.932000Z</time>
      </trkpt>
      <trkpt lat="18.731224" lon="99.266593">
        <ele>545.421987</ele>
        <time>2025-12-19T13:40:55.204000Z</time>
      </trkpt>
      <trkpt lat="18.73099" lon="99.2664">
        <ele>548.693339</ele>
        <time>2025-12-19T13:41:21.124000Z</time>
      </trkpt>
      <trkpt lat="18.730894" lon="99.266223">
        <ele>550.821575</ele>
        <time>2025-12-19T13:41:36.689000Z</time>
      </trkpt>
      <trkpt lat="18.730863" lon="99.265853">
        <ele>554.697219</ele>
        <time>2025-12-19T13:42:00.979000Z</time>
      </trkpt>
      <trkpt lat="18.730675" lon="99.26522">
        <ele>561.619091</ele>
        <time>2025-12-19T13:42:28.873000Z</time>
      </trkpt>
      <trkpt lat="18.730538" lon="99.264528">
        <ele>567.100474</ele>
        <time>2025-12-19T13:42:43.321000Z</time>
      </trkpt>
      <trkpt lat="18.730579" lon="99.264228">
        <ele>569.001207</ele>
        <time>2025-12-19T13:42:50.513000Z</time>
      </trkpt>
      <trkpt lat="18.73069" lon="99.264008">
        <ele>570.564358</ele>
        <time>2025-12-19T13:42:57.773000Z</time>
      </trkpt>
      <trkpt lat="18.730695" lon="99.263825">
        <ele>571.712394</ele>
        <time>2025-12-19T13:43:04.325000Z</time>
      </trkpt>
      <trkpt lat="18.730599" lon="99.263766">
        <ele>572.447888</ele>
        <time>2025-12-19T13:43:09.068000Z</time>
      </trkpt>
      <trkpt lat="18.730446" lon="99.263788">
        <ele>573.470327</ele>
        <time>2025-12-19T13:43:16.355000Z</time>
      </trkpt>
      <trkpt lat="18.729623" lon="99.264051">
        <ele>582.89171</ele>
        <time>2025-12-19T13:44:13.729000Z</time>
      </trkpt>
      <trkpt lat="18.729192" lon="99.264131">
        <ele>589.380207</ele>
        <time>2025-12-19T13:44:52.564000Z</time>
      </trkpt>
      <trkpt lat="18.728999" lon="99.264099">
        <ele>592.276916</ele>
        <time>2025-12-19T13:45:10.004000Z</time>
      </trkpt>
      <trkpt lat="18.728775" lon="99.264002">
        <ele>595.866652</ele>
        <time>2025-12-19T13:45:30.542000Z</time>
      </trkpt>
      <trkpt lat="18.728653" lon="99.263986">
        <ele>597.689467</ele>
        <time>2025-12-19T13:45:40.367000Z</time>
      </trkpt>
      <trkpt lat="18.728526" lon="99.264019">
        <ele>599.628696</ele>
        <time>2025-12-19T13:45:50.229000Z</time>
      </trkpt>
      <trkpt lat="18.728445" lon="99.264137">
        <ele>601.675143</ele>
        <time>2025-12-19T13:45:59.932000Z</time>
      </trkpt>
      <trkpt lat="18.728328" lon="99.26441">
        <ele>604.717129</ele>
        <time>2025-12-19T13:46:17.814000Z</time>
      </trkpt>
      <trkpt lat="18.728231" lon="99.264501">
        <ele>605.907674</ele>
        <time>2025-12-19T13:46:25.120000Z</time>
      </trkpt>
      <trkpt lat="18.728069" lon="99.264533">
        <ele>607.419865</ele>
        <time>2025-12-19T13:46:33.973000Z</time>
      </trkpt>
      <trkpt lat="18.727876" lon="99.264523">
        <ele>609.192838</ele>
        <time>2025-12-19T13:46:43.729000Z</time>
      </trkpt>
      <trkpt lat="18.727739" lon="99.264432">
        <ele>610.677894</ele>
        <time>2025-12-19T13:46:51.377000Z</time>
      </trkpt>
      <trkpt lat="18.727586" lon="99.264276">
        <ele>612.629383</ele>
        <time>2025-12-19T13:47:00.829000Z</time>
      </trkpt>
      <trkpt lat="18.727459" lon="99.264233">
        <ele>613.853093</ele>
        <time>2025-12-19T13:47:06.504000Z</time>
      </trkpt>
      <trkpt lat="18.727307" lon="99.264239">
        <ele>615.24872</ele>
        <time>2025-12-19T13:47:12.803000Z</time>
      </trkpt>
      <trkpt lat="18.7272" lon="99.264357">
        <ele>616.668312</ele>
        <time>2025-12-19T13:47:19.018000Z</time>
      </trkpt>
      <trkpt lat="18.727114" lon="99.264813">
        <ele>620.967089</ele>
        <time>2025-12-19T13:47:37.511000Z</time>
      </trkpt>
      <trkpt lat="18.726783" lon="99.265708">
        <ele>630.879419</ele>
        <time>2025-12-19T13:48:30.954000Z</time>
      </trkpt>
      <trkpt lat="18.726667" lon="99.265869">
        <ele>632.966405</ele>
        <time>2025-12-19T13:48:44.565000Z</time>
      </trkpt>
      <trkpt lat="18.726565" lon="99.265955">
        <ele>634.388278</ele>
        <time>2025-12-19T13:48:53.921000Z</time>
      </trkpt>
      <trkpt lat="18.726464" lon="99.26618">
        <ele>636.957042</ele>
        <time>2025-12-19T13:49:10.512000Z</time>
      </trkpt>
      <trkpt lat="18.726489" lon="99.266572">
        <ele>639.746118</ele>
        <time>2025-12-19T13:49:34.225000Z</time>
      </trkpt>
      <trkpt lat="18.726474" lon="99.266749">
        <ele>640.470267</ele>
        <time>2025-12-19T13:49:43.917000Z</time>
      </trkpt>
      <trkpt lat="18.72639" lon="99.266966">
        <ele>641.425545</ele>
        <time>2025-12-19T13:49:55.536000Z</time>
      </trkpt>
      <trkpt lat="18.72624" lon="99.267139">
        <ele>642.381334</ele>
        <time>2025-12-19T13:50:05.503000Z</time>
      </trkpt>
      <trkpt lat="18.725621" lon="99.266655">
        <ele>645.695478</ele>
        <time>2025-12-19T13:50:21.405000Z</time>
      </trkpt>
      <trkpt lat="18.72549" lon="99.266484">
        <ele>646.591731</ele>
        <time>2025-12-19T13:50:23.437000Z</time>
      </trkpt>
      <trkpt lat="18.725432" lon="99.266304">
        <ele>646.709381</ele>
        <time>2025-12-19T13:50:25.114000Z</time>
      </trkpt>
      <trkpt lat="18.725331" lon="99.266139">
        <ele>646.765488</ele>
        <time>2025-12-19T13:50:26.837000Z</time>
      </trkpt>
      <trkpt lat="18.725214" lon="99.265675">
        <ele>646.902615</ele>
        <time>2025-12-19T13:50:31.236000Z</time>
      </trkpt>
      <trkpt lat="18.725056" lon="99.265301">
        <ele>647.019567</ele>
        <time>2025-12-19T13:50:35.716000Z</time>
      </trkpt>
      <trkpt lat="18.724934" lon="99.265231">
        <ele>647.061436</ele>
        <time>2025-12-19T13:50:38.576000Z</time>
      </trkpt>
      <trkpt lat="18.724833" lon="99.265252">
        <ele>647.092477</ele>
        <time>2025-12-19T13:50:41.274000Z</time>
      </trkpt>
      <trkpt lat="18.724325" lon="99.265462">
        <ele>649.291956</ele>
        <time>2025-12-19T13:51:03.812000Z</time>
      </trkpt>
      <trkpt lat="18.72401" lon="99.265537">
        <ele>653.008076</ele>
        <time>2025-12-19T13:51:23.191000Z</time>
      </trkpt>
      <trkpt lat="18.723878" lon="99.265633">
        <ele>654.852641</ele>
        <time>2025-12-19T13:51:33.995000Z</time>
      </trkpt>
      <trkpt lat="18.723735" lon="99.266062">
        <ele>659.80955</ele>
        <time>2025-12-19T13:52:04.009000Z</time>
      </trkpt>
      <trkpt lat="18.723319" lon="99.26632">
        <ele>665.361742</ele>
        <time>2025-12-19T13:52:37.404000Z</time>
      </trkpt>
      <trkpt lat="18.723268" lon="99.266416">
        <ele>666.56144</ele>
        <time>2025-12-19T13:52:44.345000Z</time>
      </trkpt>
      <trkpt lat="18.72342" lon="99.266781">
        <ele>670.747449</ele>
        <time>2025-12-19T13:53:08.998000Z</time>
      </trkpt>
      <trkpt lat="18.723415" lon="99.266942">
        <ele>672.409823</ele>
        <time>2025-12-19T13:53:18.876000Z</time>
      </trkpt>
      <trkpt lat="18.723207" lon="99.267259">
        <ele>676.389601</ele>
        <time>2025-12-19T13:53:42.030000Z</time>
      </trkpt>
      <trkpt lat="18.72309" lon="99.267393">
        <ele>678.27045</ele>
        <time>2025-12-19T13:53:52.451000Z</time>
      </trkpt>
      <trkpt lat="18.723075" lon="99.267473">
        <ele>679.112056</ele>
        <time>2025-12-19T13:53:56.996000Z</time>
      </trkpt>
      <trkpt lat="18.72309" lon="99.267607">
        <ele>680.504532</ele>
        <time>2025-12-19T13:54:04.269000Z</time>
      </trkpt>
      <trkpt lat="18.723171" lon="99.267693">
        <ele>681.756193</ele>
        <time>2025-12-19T13:54:10.612000Z</time>
      </trkpt>
      <trkpt lat="18.723374" lon="99.267698">
        <ele>683.968764</ele>
        <time>2025-12-19T13:54:21.366000Z</time>
      </trkpt>
      <trkpt lat="18.723557" lon="99.267758">
        <ele>686.056728</ele>
        <time>2025-12-19T13:54:30.987000Z</time>
      </trkpt>
      <trkpt lat="18.723613" lon="99.267881">
        <ele>687.46511</ele>
        <time>2025-12-19T13:54:37.284000Z</time>
      </trkpt>
      <trkpt lat="18.723578" lon="99.268063">
        <ele>689.071754</ele>
        <time>2025-12-19T13:54:45.767000Z</time>
      </trkpt>
      <trkpt lat="18.723481" lon="99.268283">
        <ele>691.163602</ele>
        <time>2025-12-19T13:54:56.859000Z</time>
      </trkpt>
      <trkpt lat="18.723176" lon="99.268766">
        <ele>696.167696</ele>
        <time>2025-12-19T13:55:24.401000Z</time>
      </trkpt>
      <trkpt lat="18.723171" lon="99.268916">
        <ele>697.461506</ele>
        <time>2025-12-19T13:55:31.686000Z</time>
      </trkpt>
      <trkpt lat="18.723212" lon="99.269168">
        <ele>699.665583</ele>
        <time>2025-12-19T13:55:44.131000Z</time>
      </trkpt>
      <trkpt lat="18.723278" lon="99.269372">
        <ele>701.523849</ele>
        <time>2025-12-19T13:55:54.719000Z</time>
      </trkpt>
      <trkpt lat="18.723374" lon="99.269528">
        <ele>703.127521</ele>
        <time>2025-12-19T13:56:04.049000Z</time>
      </trkpt>
      <trkpt lat="18.72374" lon="99.26971">
        <ele>706.999248</ele>
        <time>2025-12-19T13:56:26.165000Z</time>
      </trkpt>
      <trkpt lat="18.723801" lon="99.269828">
        <ele>708.23282</ele>
        <time>2025-12-19T13:56:33.375000Z</time>
      </trkpt>
      <trkpt lat="18.723791" lon="99.269962">
        <ele>709.466222</ele>
        <time>2025-12-19T13:56:40.785000Z</time>
      </trkpt>
      <trkpt lat="18.723705" lon="99.27008">
        <ele>710.832488</ele>
        <time>2025-12-19T13:56:49.125000Z</time>
      </trkpt>
      <trkpt lat="18.723471" lon="99.270145">
        <ele>713.176812</ele>
        <time>2025-12-19T13:57:03.463000Z</time>
      </trkpt>
      <trkpt lat="18.723268" lon="99.270279">
        <ele>715.496362</ele>
        <time>2025-12-19T13:57:17.475000Z</time>
      </trkpt>
      <trkpt lat="18.723146" lon="99.270397">
        <ele>717.099363</ele>
        <time>2025-12-19T13:57:26.809000Z</time>
      </trkpt>
      <trkpt lat="18.723004" lon="99.270445">
        <ele>718.543958</ele>
        <time>2025-12-19T13:57:34.906000Z</time>
      </trkpt>
      <trkpt lat="18.722775" lon="99.270483">
        <ele>720.789928</ele>
        <time>2025-12-19T13:57:46.599000Z</time>
      </trkpt>
      <trkpt lat="18.722714" lon="99.270547">
        <ele>721.473536</ele>
        <time>2025-12-19T13:57:50.623000Z</time>
      </trkpt>
      <trkpt lat="18.722582" lon="99.27096">
        <ele>723.634996</ele>
        <time>2025-12-19T13:58:07.375000Z</time>
      </trkpt>
      <trkpt lat="18.72246" lon="99.271185">
        <ele>724.920643</ele>
        <time>2025-12-19T13:58:15.661000Z</time>
      </trkpt>
      <trkpt lat="18.722369" lon="99.271218">
        <ele>725.424425</ele>
        <time>2025-12-19T13:58:18.775000Z</time>
      </trkpt>
      <trkpt lat="18.722252" lon="99.271159">
        <ele>726.1033</ele>
        <time>2025-12-19T13:58:22.812000Z</time>
      </trkpt>
      <trkpt lat="18.722216" lon="99.271003">
        <ele>726.899508</ele>
        <time>2025-12-19T13:58:27.361000Z</time>
      </trkpt>
      <trkpt lat="18.722125" lon="99.270799">
        <ele>728.017697</ele>
        <time>2025-12-19T13:58:33.543000Z</time>
      </trkpt>
      <trkpt lat="18.722023" lon="99.270692">
        <ele>728.770524</ele>
        <time>2025-12-19T13:58:37.647000Z</time>
      </trkpt>
      <trkpt lat="18.721871" lon="99.270617">
        <ele>729.648987</ele>
        <time>2025-12-19T13:58:42.440000Z</time>
      </trkpt>
      <trkpt lat="18.721667" lon="99.270558">
        <ele>730.779834</ele>
        <time>2025-12-19T13:58:48.721000Z</time>
      </trkpt>
      <trkpt lat="18.72148" lon="99.270568">
        <ele>732.314937</ele>
        <time>2025-12-19T13:58:54.850000Z</time>
      </trkpt>
      <trkpt lat="18.721408" lon="99.270681">
        <ele>733.372446</ele>
        <time>2025-12-19T13:58:59.422000Z</time>
      </trkpt>
      <trkpt lat="18.721429" lon="99.270837">
        <ele>734.595931</ele>
        <time>2025-12-19T13:59:05.261000Z</time>
      </trkpt>
      <trkpt lat="18.721505" lon="99.271014">
        <ele>736.104951</ele>
        <time>2025-12-19T13:59:13.411000Z</time>
      </trkpt>
      <trkpt lat="18.721551" lon="99.271196">
        <ele>737.567603</ele>
        <time>2025-12-19T13:59:22.415000Z</time>
      </trkpt>
      <trkpt lat="18.7215" lon="99.271303">
        <ele>738.49772</ele>
        <time>2025-12-19T13:59:28.651000Z</time>
      </trkpt>
      <trkpt lat="18.721393" lon="99.271384">
        <ele>739.577139</ele>
        <time>2025-12-19T13:59:36.281000Z</time>
      </trkpt>
      <trkpt lat="18.721078" lon="99.271475">
        <ele>742.254616</ele>
        <time>2025-12-19T13:59:56.427000Z</time>
      </trkpt>
      <trkpt lat="18.721012" lon="99.271561">
        <ele>743.114105</ele>
        <time>2025-12-19T14:00:02.803000Z</time>
      </trkpt>
      <trkpt lat="18.721032" lon="99.272022">
        <ele>746.701213</ele>
        <time>2025-12-19T14:00:25.907000Z</time>
      </trkpt>
      <trkpt lat="18.720966" lon="99.272339">
        <ele>749.229121</ele>
        <time>2025-12-19T14:00:40.848000Z</time>
      </trkpt>
      <trkpt lat="18.72088" lon="99.272526">
        <ele>750.848201</ele>
        <time>2025-12-19T14:00:50.414000Z</time>
      </trkpt>
      <trkpt lat="18.720753" lon="99.272623">
        <ele>752.1372</ele>
        <time>2025-12-19T14:00:57.968000Z</time>
      </trkpt>
      <trkpt lat="18.720545" lon="99.272714">
        <ele>753.98873</ele>
        <time>2025-12-19T14:01:08.917000Z</time>
      </trkpt>
      <trkpt lat="18.720468" lon="99.272779">
        <ele>754.799444</ele>
        <time>2025-12-19T14:01:13.743000Z</time>
      </trkpt>
      <trkpt lat="18.720458" lon="99.272913">
        <ele>755.846341</ele>
        <time>2025-12-19T14:01:19.959000Z</time>
      </trkpt>
      <trkpt lat="18.72056" lon="99.273031">
        <ele>757.090623</ele>
        <time>2025-12-19T14:01:27.189000Z</time>
      </trkpt>
      <trkpt lat="18.721195" lon="99.273546">
        <ele>761.111317</ele>
        <time>2025-12-19T14:02:00.689000Z</time>
      </trkpt>
      <trkpt lat="18.721444" lon="99.273723">
        <ele>761.730542</ele>
        <time>2025-12-19T14:02:11.541000Z</time>
      </trkpt>
      <trkpt lat="18.721474" lon="99.273835">
        <ele>761.957947</ele>
        <time>2025-12-19T14:02:14.715000Z</time>
      </trkpt>
      <trkpt lat="18.721429" lon="99.273921">
        <ele>762.149909</ele>
        <time>2025-12-19T14:02:17.067000Z</time>
      </trkpt>
      <trkpt lat="18.721012" lon="99.274018">
        <ele>763.030771</ele>
        <time>2025-12-19T14:02:23.695000Z</time>
      </trkpt>
      <trkpt lat="18.720748" lon="99.274125">
        <ele>763.614124</ele>
        <time>2025-12-19T14:02:26.722000Z</time>
      </trkpt>
      <trkpt lat="18.720367" lon="99.274399">
        <ele>763.043302</ele>
        <time>2025-12-19T14:02:31.326000Z</time>
      </trkpt>
      <trkpt lat="18.72027" lon="99.274495">
        <ele>762.624122</ele>
        <time>2025-12-19T14:02:32.630000Z</time>
      </trkpt>
      <trkpt lat="18.72023" lon="99.274613">
        <ele>762.249869</ele>
        <time>2025-12-19T14:02:33.790000Z</time>
      </trkpt>
      <trkpt lat="18.720236" lon="99.274652">
        <ele>762.131884</ele>
        <time>2025-12-19T14:02:34.159000Z</time>
      </trkpt>
      <trkpt lat="18.720255" lon="99.274769">
        <ele>761.777408</ele>
        <time>2025-12-19T14:02:35.242000Z</time>
      </trkpt>
      <trkpt lat="18.720804" lon="99.275123">
        <ele>759.749198</ele>
        <time>2025-12-19T14:02:41.502000Z</time>
      </trkpt>
      <trkpt lat="18.720961" lon="99.2753">
        <ele>759.02505</ele>
        <time>2025-12-19T14:02:43.814000Z</time>
      </trkpt>
      <trkpt lat="18.721129" lon="99.275547">
        <ele>758.281354</ele>
        <time>2025-12-19T14:02:46.880000Z</time>
      </trkpt>
      <trkpt lat="18.721246" lon="99.275815">
        <ele>758.226704</ele>
        <time>2025-12-19T14:02:50.212000Z</time>
      </trkpt>
      <trkpt lat="18.721434" lon="99.276115">
        <ele>758.160085</ele>
        <time>2025-12-19T14:02:55.981000Z</time>
      </trkpt>
      <trkpt lat="18.721642" lon="99.276319">
        <ele>758.104575</ele>
        <time>2025-12-19T14:03:02.858000Z</time>
      </trkpt>
      <trkpt lat="18.721835" lon="99.276378">
        <ele>758.065286</ele>
        <time>2025-12-19T14:03:07.548000Z</time>
      </trkpt>
      <trkpt lat="18.722018" lon="99.276346">
        <ele>758.029015</ele>
        <time>2025-12-19T14:03:11.213000Z</time>
      </trkpt>
      <trkpt lat="18.722394" lon="99.275997">
        <ele>757.628481</ele>
        <time>2025-12-19T14:03:18.214000Z</time>
      </trkpt>
      <trkpt lat="18.722511" lon="99.27597">
        <ele>756.850795</ele>
        <time>2025-12-19T14:03:19.576000Z</time>
      </trkpt>
      <trkpt lat="18.722572" lon="99.27603">
        <ele>756.309441</ele>
        <time>2025-12-19T14:03:20.472000Z</time>
      </trkpt>
      <trkpt lat="18.722597" lon="99.276131">
        <ele>755.667428</ele>
        <time>2025-12-19T14:03:21.521000Z</time>
      </trkpt>
      <trkpt lat="18.722541" lon="99.276351">
        <ele>754.266414</ele>
        <time>2025-12-19T14:03:23.631000Z</time>
      </trkpt>
      <trkpt lat="18.722297" lon="99.276775">
        <ele>751.21518</ele>
        <time>2025-12-19T14:03:27.852000Z</time>
      </trkpt>
      <trkpt lat="18.722277" lon="99.276893">
        <ele>750.47795</ele>
        <time>2025-12-19T14:03:28.834000Z</time>
      </trkpt>
      <trkpt lat="18.722313" lon="99.277086">
        <ele>749.268198</ele>
        <time>2025-12-19T14:03:30.421000Z</time>
      </trkpt>
      <trkpt lat="18.722536" lon="99.277306">
        <ele>747.286399</ele>
        <time>2025-12-19T14:03:33.014000Z</time>
      </trkpt>
      <trkpt lat="18.722587" lon="99.277419">
        <ele>746.516573</ele>
        <time>2025-12-19T14:03:34.027000Z</time>
      </trkpt>
      <trkpt lat="18.722577" lon="99.277537">
        <ele>745.82519</ele>
        <time>2025-12-19T14:03:34.997000Z</time>
      </trkpt>
      <trkpt lat="18.72245" lon="99.277676">
        <ele>744.73087</ele>
        <time>2025-12-19T14:03:36.603000Z</time>
      </trkpt>
      <trkpt lat="18.722384" lon="99.277789">
        <ele>743.978652</ele>
        <time>2025-12-19T14:03:37.721000Z</time>
      </trkpt>
      <trkpt lat="18.722358" lon="99.277886">
        <ele>743.407465</ele>
        <time>2025-12-19T14:03:38.575000Z</time>
      </trkpt>
      <trkpt lat="18.722364" lon="99.278025">
        <ele>742.619077</ele>
        <time>2025-12-19T14:03:39.768000Z</time>
      </trkpt>
      <trkpt lat="18.722445" lon="99.278148">
        <ele>741.770246</ele>
        <time>2025-12-19T14:03:41.060000Z</time>
      </trkpt>
      <trkpt lat="18.722638" lon="99.278309">
        <ele>740.298744</ele>
        <time>2025-12-19T14:03:43.345000Z</time>
      </trkpt>
      <trkpt lat="18.722765" lon="99.278449">
        <ele>739.200339</ele>
        <time>2025-12-19T14:03:45.114000Z</time>
      </trkpt>
      <trkpt lat="18.722841" lon="99.278626">
        <ele>738.09921</ele>
        <time>2025-12-19T14:03:46.949000Z</time>
      </trkpt>
      <trkpt lat="18.722836" lon="99.278857">
        <ele>736.790031</ele>
        <time>2025-12-19T14:03:49.144000Z</time>
      </trkpt>
      <trkpt lat="18.722717" lon="99.27913">
        <ele>735.040162</ele>
        <time>2025-12-19T14:03:52.012000Z</time>
      </trkpt>
      <trkpt lat="18.722399" lon="99.279586">
        <ele>731.465873</ele>
        <time>2025-12-19T14:03:57.223000Z</time>
      </trkpt>
      <trkpt lat="18.722364" lon="99.279806">
        <ele>730.05781</ele>
        <time>2025-12-19T14:03:59.167000Z</time>
      </trkpt>
      <trkpt lat="18.722389" lon="99.279999">
        <ele>728.828281</ele>
        <time>2025-12-19T14:04:00.841000Z</time>
      </trkpt>
      <trkpt lat="18.722475" lon="99.280197">
        <ele>727.453376</ele>
        <time>2025-12-19T14:04:02.700000Z</time>
      </trkpt>
      <trkpt lat="18.722582" lon="99.280557">
        <ele>725.071841</ele>
        <time>2025-12-19T14:04:05.840000Z</time>
      </trkpt>
      <trkpt lat="18.722562" lon="99.280745">
        <ele>723.877752</ele>
        <time>2025-12-19T14:04:07.384000Z</time>
      </trkpt>
      <trkpt lat="18.72247" lon="99.280911">
        <ele>722.166645</ele>
        <time>2025-12-19T14:04:08.943000Z</time>
      </trkpt>
      <trkpt lat="18.722297" lon="99.281115">
        <ele>719.426869</ele>
        <time>2025-12-19T14:04:11.143000Z</time>
      </trkpt>
      <trkpt lat="18.722186" lon="99.281297">
        <ele>717.260977</ele>
        <time>2025-12-19T14:04:12.883000Z</time>
      </trkpt>
      <trkpt lat="18.72213" lon="99.281549">
        <ele>714.671138</ele>
        <time>2025-12-19T14:04:14.955000Z</time>
      </trkpt>
      <trkpt lat="18.722079" lon="99.282408">
        <ele>706.059618</ele>
        <time>2025-12-19T14:04:21.894000Z</time>
      </trkpt>
      <trkpt lat="18.722028" lon="99.282665">
        <ele>703.765457</ele>
        <time>2025-12-19T14:04:24.053000Z</time>
      </trkpt>
      <trkpt lat="18.721955" lon="99.282807">
        <ele>702.647745</ele>
        <time>2025-12-19T14:04:25.391000Z</time>
      </trkpt>
      <trkpt lat="18.721708" lon="99.283245">
        <ele>699.121292</ele>
        <time>2025-12-19T14:04:29.669000Z</time>
      </trkpt>
      <trkpt lat="18.721662" lon="99.283459">
        <ele>697.603231</ele>
        <time>2025-12-19T14:04:31.552000Z</time>
      </trkpt>
      <trkpt lat="18.721673" lon="99.283835">
        <ele>695.000895</ele>
        <time>2025-12-19T14:04:34.814000Z</time>
      </trkpt>
      <trkpt lat="18.72184" lon="99.284988">
        <ele>687.399103</ele>
        <time>2025-12-19T14:04:44.926000Z</time>
      </trkpt>
      <trkpt lat="18.72187" lon="99.285599">
        <ele>683.611786</ele>
        <time>2025-12-19T14:04:50.142000Z</time>
      </trkpt>
      <trkpt lat="18.721886" lon="99.285948">
        <ele>681.448863</ele>
        <time>2025-12-19T14:04:53.136000Z</time>
      </trkpt>
      <trkpt lat="18.721977" lon="99.286072">
        <ele>680.477801</ele>
        <time>2025-12-19T14:04:54.478000Z</time>
      </trkpt>
      <trkpt lat="18.722104" lon="99.28619">
        <ele>679.313032</ele>
        <time>2025-12-19T14:04:56.011000Z</time>
      </trkpt>
      <trkpt lat="18.72214" lon="99.286334">
        <ele>678.169519</ele>
        <time>2025-12-19T14:04:57.298000Z</time>
      </trkpt>
      <trkpt lat="18.722076" lon="99.286469">
        <ele>677.010373</ele>
        <time>2025-12-19T14:04:58.593000Z</time>
      </trkpt>
      <trkpt lat="18.721698" lon="99.286925">
        <ele>672.357488</ele>
        <time>2025-12-19T14:05:03.749000Z</time>
      </trkpt>
      <trkpt lat="18.721546" lon="99.287246">
        <ele>669.601935</ele>
        <time>2025-12-19T14:05:06.761000Z</time>
      </trkpt>
      <trkpt lat="18.721297" lon="99.287638">
        <ele>665.977857</ele>
        <time>2025-12-19T14:05:10.637000Z</time>
      </trkpt>
      <trkpt lat="18.720712" lon="99.288335">
        <ele>656.820538</ele>
        <time>2025-12-19T14:05:18.144000Z</time>
      </trkpt>
      <trkpt lat="18.720672" lon="99.288432">
        <ele>655.745701</ele>
        <time>2025-12-19T14:05:18.993000Z</time>
      </trkpt>
      <trkpt lat="18.720672" lon="99.288684">
        <ele>653.185497</ele>
        <time>2025-12-19T14:05:21.019000Z</time>
      </trkpt>
      <trkpt lat="18.720748" lon="99.288899">
        <ele>650.854013</ele>
        <time>2025-12-19T14:05:22.867000Z</time>
      </trkpt>
      <trkpt lat="18.721053" lon="99.289355">
        <ele>645.227963</ele>
        <time>2025-12-19T14:05:27.396000Z</time>
      </trkpt>
      <trkpt lat="18.721068" lon="99.289473">
        <ele>644.116785</ele>
        <time>2025-12-19T14:05:28.369000Z</time>
      </trkpt>
      <trkpt lat="18.721002" lon="99.289618">
        <ele>642.615314</ele>
        <time>2025-12-19T14:05:29.683000Z</time>
      </trkpt>
      <trkpt lat="18.720621" lon="99.289875">
        <ele>638.159994</ele>
        <time>2025-12-19T14:05:33.596000Z</time>
      </trkpt>
      <trkpt lat="18.720387" lon="99.290079">
        <ele>635.169612</ele>
        <time>2025-12-19T14:05:36.215000Z</time>
      </trkpt>
      <trkpt lat="18.720305" lon="99.29022">
        <ele>633.625352</ele>
        <time>2025-12-19T14:05:37.567000Z</time>
      </trkpt>
      <trkpt lat="18.720271" lon="99.290633">
        <ele>629.756244</ele>
        <time>2025-12-19T14:05:40.950000Z</time>
      </trkpt>
      <trkpt lat="18.720226" lon="99.290749">
        <ele>628.586304</ele>
        <time>2025-12-19T14:05:41.966000Z</time>
      </trkpt>
      <trkpt lat="18.719635" lon="99.290996">
        <ele>623.01147</ele>
        <time>2025-12-19T14:05:47.451000Z</time>
      </trkpt>
      <trkpt lat="18.719488" lon="99.291098">
        <ele>621.48772</ele>
        <time>2025-12-19T14:05:48.977000Z</time>
      </trkpt>
      <trkpt lat="18.719427" lon="99.291232">
        <ele>620.267949</ele>
        <time>2025-12-19T14:05:50.202000Z</time>
      </trkpt>
      <trkpt lat="18.719391" lon="99.29172">
        <ele>616.252133</ele>
        <time>2025-12-19T14:05:54.257000Z</time>
      </trkpt>
      <trkpt lat="18.719264" lon="99.292064">
        <ele>613.223018</ele>
        <time>2025-12-19T14:05:57.347000Z</time>
      </trkpt>
      <trkpt lat="18.718934" lon="99.292799">
        <ele>610.265432</ele>
        <time>2025-12-19T14:06:04.404000Z</time>
      </trkpt>
      <trkpt lat="18.718802" lon="99.293003">
        <ele>609.517864</ele>
        <time>2025-12-19T14:06:06.683000Z</time>
      </trkpt>
      <trkpt lat="18.718248" lon="99.293415">
        <ele>607.352984</ele>
        <time>2025-12-19T14:06:14.237000Z</time>
      </trkpt>
      <trkpt lat="18.717909" lon="99.293974">
        <ele>607.134235</ele>
        <time>2025-12-19T14:06:28.271000Z</time>
      </trkpt>
      <trkpt lat="18.717818" lon="99.29428">
        <ele>607.454366</ele>
        <time>2025-12-19T14:06:36.761000Z</time>
      </trkpt>
      <trkpt lat="18.71778" lon="99.294528">
        <ele>607.705121</ele>
        <time>2025-12-19T14:06:43.184000Z</time>
      </trkpt>
      <trkpt lat="18.717842" lon="99.294976">
        <ele>608.157032</ele>
        <time>2025-12-19T14:06:52.748000Z</time>
      </trkpt>
      <trkpt lat="18.717913" lon="99.295272">
        <ele>608.461806</ele>
        <time>2025-12-19T14:06:57.331000Z</time>
      </trkpt>
      <trkpt lat="18.717994" lon="99.295436">
        <ele>608.297591</ele>
        <time>2025-12-19T14:06:59.467000Z</time>
      </trkpt>
      <trkpt lat="18.718148" lon="99.295601">
        <ele>607.197472</ele>
        <time>2025-12-19T14:07:01.823000Z</time>
      </trkpt>
      <trkpt lat="18.718518" lon="99.29584">
        <ele>605.02258</ele>
        <time>2025-12-19T14:07:06.057000Z</time>
      </trkpt>
      <trkpt lat="18.718985" lon="99.296023">
        <ele>602.524894</ele>
        <time>2025-12-19T14:07:10.607000Z</time>
      </trkpt>
      <trkpt lat="18.719092" lon="99.296109">
        <ele>601.850619</ele>
        <time>2025-12-19T14:07:11.816000Z</time>
      </trkpt>
      <trkpt lat="18.719158" lon="99.296237">
        <ele>601.158509</ele>
        <time>2025-12-19T14:07:13.062000Z</time>
      </trkpt>
      <trkpt lat="18.719168" lon="99.296425">
        <ele>600.264302</ele>
        <time>2025-12-19T14:07:14.665000Z</time>
      </trkpt>
      <trkpt lat="18.719137" lon="99.296559">
        <ele>599.609236</ele>
        <time>2025-12-19T14:07:15.833000Z</time>
      </trkpt>
      <trkpt lat="18.719051" lon="99.296731">
        <ele>597.868848</ele>
        <time>2025-12-19T14:07:17.472000Z</time>
      </trkpt>
      <trkpt lat="18.718451" lon="99.297224">
        <ele>590.524878</ele>
        <time>2025-12-19T14:07:24.128000Z</time>
      </trkpt>
      <trkpt lat="18.718182" lon="99.297482">
        <ele>587.014432</ele>
        <time>2025-12-19T14:07:27.241000Z</time>
      </trkpt>
      <trkpt lat="18.718076" lon="99.297659">
        <ele>585.098544</ele>
        <time>2025-12-19T14:07:28.928000Z</time>
      </trkpt>
      <trkpt lat="18.71804" lon="99.297847">
        <ele>583.343782</ele>
        <time>2025-12-19T14:07:30.461000Z</time>
      </trkpt>
      <trkpt lat="18.718223" lon="99.299215">
        <ele>569.444351</ele>
        <time>2025-12-19T14:07:41.506000Z</time>
      </trkpt>
      <trkpt lat="18.718314" lon="99.299493">
        <ele>566.458322</ele>
        <time>2025-12-19T14:07:43.907000Z</time>
      </trkpt>
      <trkpt lat="18.719049" lon="99.301048">
        <ele>554.407154</ele>
        <time>2025-12-19T14:07:58.618000Z</time>
      </trkpt>
      <trkpt lat="18.719455" lon="99.302103">
        <ele>549.855765</ele>
        <time>2025-12-19T14:08:09.101000Z</time>
      </trkpt>
      <trkpt lat="18.719234" lon="99.302271">
        <ele>549.203658</ele>
        <time>2025-12-19T14:08:12.020000Z</time>
      </trkpt>
      <trkpt lat="18.718941" lon="99.30235">
        <ele>548.479514</ele>
        <time>2025-12-19T14:08:15.406000Z</time>
      </trkpt>
      <trkpt lat="18.718032" lon="99.302498">
        <ele>547.026999</ele>
        <time>2025-12-19T14:08:26.815000Z</time>
      </trkpt>
      <trkpt lat="18.717741" lon="99.302625">
        <ele>547.084528</ele>
        <time>2025-12-19T14:08:31.458000Z</time>
      </trkpt>
      <trkpt lat="18.717808" lon="99.302911">
        <ele>547.135509</ele>
        <time>2025-12-19T14:08:37.331000Z</time>
      </trkpt>
      <trkpt lat="18.717741" lon="99.302625">
        <ele>547.186491</ele>
        <time>2025-12-19T14:08:43.544000Z</time>
      </trkpt>
      <trkpt lat="18.717637" lon="99.30267">
        <ele>547.207025</ele>
        <time>2025-12-19T14:08:45.481000Z</time>
      </trkpt>
      <trkpt lat="18.716851" lon="99.303011">
        <ele>547.209258</ele>
        <time>2025-12-19T14:09:01.116000Z</time>
      </trkpt>
      <trkpt lat="18.716437" lon="99.303156">
        <ele>547.085111</ele>
        <time>2025-12-19T14:09:08.475000Z</time>
      </trkpt>
      <trkpt lat="18.716127" lon="99.303221">
        <ele>546.995156</ele>
        <time>2025-12-19T14:09:13.123000Z</time>
      </trkpt>
      <trkpt lat="18.715098" lon="99.30318">
        <ele>546.313656</ele>
        <time>2025-12-19T14:09:25.213000Z</time>
      </trkpt>
      <trkpt lat="18.7146" lon="99.303148">
        <ele>545.548077</ele>
        <time>2025-12-19T14:09:30.634000Z</time>
      </trkpt>
      <trkpt lat="18.714357" lon="99.303136">
        <ele>545.174793</ele>
        <time>2025-12-19T14:09:33.306000Z</time>
      </trkpt>
      <trkpt lat="18.714114" lon="99.303089">
        <ele>544.795712</ele>
        <time>2025-12-19T14:09:36.047000Z</time>
      </trkpt>
      <trkpt lat="18.71371" lon="99.302918">
        <ele>544.127826</ele>
        <time>2025-12-19T14:09:41.069000Z</time>
      </trkpt>
      <trkpt lat="18.713165" lon="99.30255">
        <ele>544.225545</ele>
        <time>2025-12-19T14:09:49.678000Z</time>
      </trkpt>
      <trkpt lat="18.712601" lon="99.302215">
        <ele>544.441777</ele>
        <time>2025-12-19T14:10:01.168000Z</time>
      </trkpt>
      <trkpt lat="18.712001" lon="99.302005">
        <ele>544.678673</ele>
        <time>2025-12-19T14:10:13.550000Z</time>
      </trkpt>
      <trkpt lat="18.711661" lon="99.301969">
        <ele>544.929702</ele>
        <time>2025-12-19T14:10:20.051000Z</time>
      </trkpt>
      <trkpt lat="18.711211" lon="99.30204">
        <ele>545.263959</ele>
        <time>2025-12-19T14:10:28.220000Z</time>
      </trkpt>
      <trkpt lat="18.709786" lon="99.302468">
        <ele>546.237258</ele>
        <time>2025-12-19T14:10:53.287000Z</time>
      </trkpt>
      <trkpt lat="18.709121" lon="99.302444">
        <ele>546.58523</ele>
        <time>2025-12-19T14:11:04.928000Z</time>
      </trkpt>
      <trkpt lat="18.708912" lon="99.30235">
        <ele>546.704033</ele>
        <time>2025-12-19T14:11:08.566000Z</time>
      </trkpt>
      <trkpt lat="18.708652" lon="99.302232">
        <ele>546.852033</ele>
        <time>2025-12-19T14:11:12.868000Z</time>
      </trkpt>
      <trkpt lat="18.70766" lon="99.30185">
        <ele>549.394009</ele>
        <time>2025-12-19T14:11:30.886000Z</time>
      </trkpt>
      <trkpt lat="18.707462" lon="99.301681">
        <ele>550.045932</ele>
        <time>2025-12-19T14:11:36.897000Z</time>
      </trkpt>
      <trkpt lat="18.707404" lon="99.301631">
        <ele>550.237657</ele>
        <time>2025-12-19T14:11:38.939000Z</time>
      </trkpt>
      <trkpt lat="18.707182" lon="99.300947">
        <ele>553.066971</ele>
        <time>2025-12-19T14:12:04.214000Z</time>
      </trkpt>
      <trkpt lat="18.706853" lon="99.300609">
        <ele>556.811002</ele>
        <time>2025-12-19T14:12:27.592000Z</time>
      </trkpt>
      <trkpt lat="18.705931" lon="99.300172">
        <ele>565.053771</ele>
        <time>2025-12-19T14:13:22.852000Z</time>
      </trkpt>
      <trkpt lat="18.705206" lon="99.300013">
        <ele>566.801055</ele>
        <time>2025-12-19T14:13:51.763000Z</time>
      </trkpt>
      <trkpt lat="18.705009" lon="99.300059">
        <ele>567.012427</ele>
        <time>2025-12-19T14:13:56.752000Z</time>
      </trkpt>
      <trkpt lat="18.704707" lon="99.300152">
        <ele>567.341997</ele>
        <time>2025-12-19T14:14:01.903000Z</time>
      </trkpt>
      <trkpt lat="18.704447" lon="99.300325">
        <ele>567.663966</ele>
        <time>2025-12-19T14:14:05.289000Z</time>
      </trkpt>
      <trkpt lat="18.703826" lon="99.300442">
        <ele>566.154973</ele>
        <time>2025-12-19T14:14:11.216000Z</time>
      </trkpt>
      <trkpt lat="18.701916" lon="99.300442">
        <ele>551.987956</ele>
        <time>2025-12-19T14:14:28.068000Z</time>
      </trkpt>
      <trkpt lat="18.701432" lon="99.300558">
        <ele>548.084621</ele>
        <time>2025-12-19T14:14:32.403000Z</time>
      </trkpt>
      <trkpt lat="18.700834" lon="99.300452">
        <ele>543.315741</ele>
        <time>2025-12-19T14:14:37.736000Z</time>
      </trkpt>
      <trkpt lat="18.700379" lon="99.300314">
        <ele>540.29044</ele>
        <time>2025-12-19T14:14:41.992000Z</time>
      </trkpt>
      <trkpt lat="18.700052" lon="99.300273">
        <ele>539.248679</ele>
        <time>2025-12-19T14:14:45.046000Z</time>
      </trkpt>
      <trkpt lat="18.699511" lon="99.300379">
        <ele>537.507955</ele>
        <time>2025-12-19T14:14:50.448000Z</time>
      </trkpt>
      <trkpt lat="18.698864" lon="99.300644">
        <ele>535.312475</ele>
        <time>2025-12-19T14:14:58.799000Z</time>
      </trkpt>
      <trkpt lat="18.697715" lon="99.301473">
        <ele>535.937236</ele>
        <time>2025-12-19T14:15:25.227000Z</time>
      </trkpt>
      <trkpt lat="18.697228" lon="99.301558">
        <ele>536.259075</ele>
        <time>2025-12-19T14:15:34.088000Z</time>
      </trkpt>
      <trkpt lat="18.696956" lon="99.301456">
        <ele>536.341742</ele>
        <time>2025-12-19T14:15:38.767000Z</time>
      </trkpt>
      <trkpt lat="18.69615" lon="99.300905">
        <ele>536.616745</ele>
        <time>2025-12-19T14:15:53.650000Z</time>
      </trkpt>
      <trkpt lat="18.695228" lon="99.300353">
        <ele>537.134639</ele>
        <time>2025-12-19T14:16:10.195000Z</time>
      </trkpt>
      <trkpt lat="18.694775" lon="99.300102">
        <ele>537.491964</ele>
        <time>2025-12-19T14:16:19.041000Z</time>
      </trkpt>
      <trkpt lat="18.694606" lon="99.300061">
        <ele>537.613078</ele>
        <time>2025-12-19T14:16:22.399000Z</time>
      </trkpt>
      <trkpt lat="18.694179" lon="99.300069">
        <ele>537.91136</ele>
        <time>2025-12-19T14:16:30.730000Z</time>
      </trkpt>
      <trkpt lat="18.693607" lon="99.30012">
        <ele>539.390205</ele>
        <time>2025-12-19T14:16:41.191000Z</time>
      </trkpt>
      <trkpt lat="18.69345" lon="99.300136">
        <ele>539.91746</ele>
        <time>2025-12-19T14:16:44.155000Z</time>
      </trkpt>
      <trkpt lat="18.693299" lon="99.30012">
        <ele>540.424754</ele>
        <time>2025-12-19T14:16:47.288000Z</time>
      </trkpt>
      <trkpt lat="18.692812" lon="99.299887">
        <ele>542.212062</ele>
        <time>2025-12-19T14:17:02.228000Z</time>
      </trkpt>
      <trkpt lat="18.692347" lon="99.299764">
        <ele>543.814501</ele>
        <time>2025-12-19T14:17:18.932000Z</time>
      </trkpt>
      <trkpt lat="18.690913" lon="99.299716">
        <ele>552.838153</ele>
        <time>2025-12-19T14:18:25.659000Z</time>
      </trkpt>
      <trkpt lat="18.689524" lon="99.299501">
        <ele>555.71612</ele>
        <time>2025-12-19T14:19:08.031000Z</time>
      </trkpt>
      <trkpt lat="18.686767" lon="99.298791">
        <ele>546.340842</ele>
        <time>2025-12-19T14:19:35.140000Z</time>
      </trkpt>
      <trkpt lat="18.686062" lon="99.298693">
        <ele>542.674713</ele>
        <time>2025-12-19T14:19:41.746000Z</time>
      </trkpt>
      <trkpt lat="18.685043" lon="99.298638">
        <ele>537.54354</ele>
        <time>2025-12-19T14:19:51.301000Z</time>
      </trkpt>
      <trkpt lat="18.683978" lon="99.298639">
        <ele>532.997399</ele>
        <time>2025-12-19T14:20:01.514000Z</time>
      </trkpt>
      <trkpt lat="18.683698" lon="99.298536">
        <ele>531.731679</ele>
        <time>2025-12-19T14:20:04.422000Z</time>
      </trkpt>
      <trkpt lat="18.682816" lon="99.298001">
        <ele>528.191127</ele>
        <time>2025-12-19T14:20:14.666000Z</time>
      </trkpt>
      <trkpt lat="18.682203" lon="99.297663">
        <ele>526.002781</ele>
        <time>2025-12-19T14:20:21.742000Z</time>
      </trkpt>
      <trkpt lat="18.681993" lon="99.297602">
        <ele>525.313591</ele>
        <time>2025-12-19T14:20:23.970000Z</time>
      </trkpt>
      <trkpt lat="18.681224" lon="99.297731">
        <ele>523.66107</ele>
        <time>2025-12-19T14:20:32.010000Z</time>
      </trkpt>
      <trkpt lat="18.681006" lon="99.297683">
        <ele>523.25005</ele>
        <time>2025-12-19T14:20:34.369000Z</time>
      </trkpt>
      <trkpt lat="18.680766" lon="99.297566">
        <ele>522.762129</ele>
        <time>2025-12-19T14:20:37.281000Z</time>
      </trkpt>
      <trkpt lat="18.68025" lon="99.297227">
        <ele>521.640369</ele>
        <time>2025-12-19T14:20:44.783000Z</time>
      </trkpt>
      <trkpt lat="18.679905" lon="99.297027">
        <ele>521.09703</ele>
        <time>2025-12-19T14:20:50.224000Z</time>
      </trkpt>
      <trkpt lat="18.67954" lon="99.296767">
        <ele>520.548622</ele>
        <time>2025-12-19T14:20:56.165000Z</time>
      </trkpt>
      <trkpt lat="18.679355" lon="99.296515">
        <ele>520.172475</ele>
        <time>2025-12-19T14:21:00.035000Z</time>
      </trkpt>
      <trkpt lat="18.678416" lon="99.294491">
        <ele>516.814798</ele>
        <time>2025-12-19T14:21:23.108000Z</time>
      </trkpt>
      <trkpt lat="18.678191" lon="99.294229">
        <ele>516.228418</ele>
        <time>2025-12-19T14:21:27.202000Z</time>
      </trkpt>
      <trkpt lat="18.678053" lon="99.294147">
        <ele>516.04151</ele>
        <time>2025-12-19T14:21:29.371000Z</time>
      </trkpt>
      <trkpt lat="18.67785" lon="99.294101">
        <ele>515.91691</ele>
        <time>2025-12-19T14:21:32.308000Z</time>
      </trkpt>
      <trkpt lat="18.677235" lon="99.29412">
        <ele>515.547677</ele>
        <time>2025-12-19T14:21:41.617000Z</time>
      </trkpt>
      <trkpt lat="18.677039" lon="99.294121">
        <ele>515.430052</ele>
        <time>2025-12-19T14:21:44.760000Z</time>
      </trkpt>
      <trkpt lat="18.674063" lon="99.294186">
        <ele>512.397001</ele>
        <time>2025-12-19T14:22:20.013000Z</time>
      </trkpt>
      <trkpt lat="18.673762" lon="99.294168">
        <ele>512.158114</ele>
        <time>2025-12-19T14:22:23.535000Z</time>
      </trkpt>
      <trkpt lat="18.673562" lon="99.29412">
        <ele>511.995594</ele>
        <time>2025-12-19T14:22:26.010000Z</time>
      </trkpt>
      <trkpt lat="18.673302" lon="99.294065">
        <ele>511.785481</ele>
        <time>2025-12-19T14:22:29.326000Z</time>
      </trkpt>
      <trkpt lat="18.673007" lon="99.293931">
        <ele>511.531006</ele>
        <time>2025-12-19T14:22:33.567000Z</time>
      </trkpt>
      <trkpt lat="18.671705" lon="99.293178">
        <ele>511.388818</ele>
        <time>2025-12-19T14:22:58.210000Z</time>
      </trkpt>
      <trkpt lat="18.67146" lon="99.293132">
        <ele>511.3966</ele>
        <time>2025-12-19T14:23:01.765000Z</time>
      </trkpt>
      <trkpt lat="18.671206" lon="99.293152">
        <ele>511.404566</ele>
        <time>2025-12-19T14:23:05.152000Z</time>
      </trkpt>
      <trkpt lat="18.670924" lon="99.293267">
        <ele>511.159795</ele>
        <time>2025-12-19T14:23:08.926000Z</time>
      </trkpt>
      <trkpt lat="18.670838" lon="99.2933">
        <ele>511.074149</ele>
        <time>2025-12-19T14:23:10.026000Z</time>
      </trkpt>
      <trkpt lat="18.670464" lon="99.29342">
        <ele>510.708287</ele>
        <time>2025-12-19T14:23:14.574000Z</time>
      </trkpt>
      <trkpt lat="18.669238" lon="99.293601">
        <ele>509.934426</ele>
        <time>2025-12-19T14:23:29.244000Z</time>
      </trkpt>
      <trkpt lat="18.668563" lon="99.293565">
        <ele>510.711158</ele>
        <time>2025-12-19T14:23:41.839000Z</time>
      </trkpt>
      <trkpt lat="18.667765" lon="99.293241">
        <ele>511.693766</ele>
        <time>2025-12-19T14:24:02.197000Z</time>
      </trkpt>
      <trkpt lat="18.667088" lon="99.293088">
        <ele>512.301379</ele>
        <time>2025-12-19T14:24:17.837000Z</time>
      </trkpt>
      <trkpt lat="18.665816" lon="99.292939">
        <ele>513.260627</ele>
        <time>2025-12-19T14:24:38.067000Z</time>
      </trkpt>
      <trkpt lat="18.66578" lon="99.293334">
        <ele>513.091693</ele>
        <time>2025-12-19T14:24:45.401000Z</time>
      </trkpt>
      <trkpt lat="18.665816" lon="99.292939">
        <ele>512.922759</ele>
        <time>2025-12-19T14:24:52.842000Z</time>
      </trkpt>
      <trkpt lat="18.664872" lon="99.29281">
        <ele>512.49503</ele>
        <time>2025-12-19T14:25:05.529000Z</time>
      </trkpt>
      <trkpt lat="18.663457" lon="99.292284">
        <ele>509.791105</ele>
        <time>2025-12-19T14:25:22.195000Z</time>
      </trkpt>
      <trkpt lat="18.662475" lon="99.29185">
        <ele>507.955431</ele>
        <time>2025-12-19T14:25:33.591000Z</time>
      </trkpt>
      <trkpt lat="18.66218" lon="99.291686">
        <ele>507.391447</ele>
        <time>2025-12-19T14:25:37.290000Z</time>
      </trkpt>
      <trkpt lat="18.662053" lon="99.291566">
        <ele>507.103119</ele>
        <time>2025-12-19T14:25:39.228000Z</time>
      </trkpt>
      <trkpt lat="18.661887" lon="99.291408">
        <ele>506.725019</ele>
        <time>2025-12-19T14:25:41.830000Z</time>
      </trkpt>
      <trkpt lat="18.661155" lon="99.290463">
        <ele>506.527779</ele>
        <time>2025-12-19T14:25:56.907000Z</time>
      </trkpt>
      <trkpt lat="18.661001" lon="99.290264">
        <ele>506.621678</ele>
        <time>2025-12-19T14:26:01.359000Z</time>
      </trkpt>
      <trkpt lat="18.660345" lon="99.289781">
        <ele>506.991264</ele>
        <time>2025-12-19T14:26:17.734000Z</time>
      </trkpt>
      <trkpt lat="18.658921" lon="99.289127">
        <ele>508.627889</ele>
        <time>2025-12-19T14:26:50.010000Z</time>
      </trkpt>
      <trkpt lat="18.658301" lon="99.289069">
        <ele>508.516669</ele>
        <time>2025-12-19T14:26:57.849000Z</time>
      </trkpt>
      <trkpt lat="18.657066" lon="99.289247">
        <ele>507.787694</ele>
        <time>2025-12-19T14:27:12.224000Z</time>
      </trkpt>
      <trkpt lat="18.65549" lon="99.28951">
        <ele>510.466921</ele>
        <time>2025-12-19T14:27:47.143000Z</time>
      </trkpt>
      <trkpt lat="18.654453" lon="99.289831">
        <ele>511.615503</ele>
        <time>2025-12-19T14:28:18.580000Z</time>
      </trkpt>
      <trkpt lat="18.653865" lon="99.290037">
        <ele>512.107642</ele>
        <time>2025-12-19T14:28:29.903000Z</time>
      </trkpt>
      <trkpt lat="18.65318" lon="99.290089">
        <ele>510.978576</ele>
        <time>2025-12-19T14:28:36.921000Z</time>
      </trkpt>
      <trkpt lat="18.652059" lon="99.290232">
        <ele>505.599074</ele>
        <time>2025-12-19T14:28:47.343000Z</time>
      </trkpt>
      <trkpt lat="18.651638" lon="99.290308">
        <ele>503.658674</ele>
        <time>2025-12-19T14:28:51.321000Z</time>
      </trkpt>
      <trkpt lat="18.651329" lon="99.290409">
        <ele>502.636276</ele>
        <time>2025-12-19T14:28:54.413000Z</time>
      </trkpt>
      <trkpt lat="18.650842" lon="99.290493">
        <ele>501.07663</ele>
        <time>2025-12-19T14:28:59.288000Z</time>
      </trkpt>
      <trkpt lat="18.650542" lon="99.290522">
        <ele>500.124472</ele>
        <time>2025-12-19T14:29:02.415000Z</time>
      </trkpt>
      <trkpt lat="18.649903" lon="99.290479">
        <ele>498.143911</ele>
        <time>2025-12-19T14:29:09.493000Z</time>
      </trkpt>
      <trkpt lat="18.649048" lon="99.290258">
        <ele>497.389479</ele>
        <time>2025-12-19T14:29:20.495000Z</time>
      </trkpt>
      <trkpt lat="18.64837" lon="99.289996">
        <ele>496.770675</ele>
        <time>2025-12-19T14:29:30.125000Z</time>
      </trkpt>
      <trkpt lat="18.647968" lon="99.289923">
        <ele>496.486929</ele>
        <time>2025-12-19T14:29:35.333000Z</time>
      </trkpt>
      <trkpt lat="18.646674" lon="99.289966">
        <ele>495.747545</ele>
        <time>2025-12-19T14:29:51.782000Z</time>
      </trkpt>
      <trkpt lat="18.645747" lon="99.289757">
        <ele>495.785816</ele>
        <time>2025-12-19T14:30:05.603000Z</time>
      </trkpt>
      <trkpt lat="18.64517" lon="99.289635">
        <ele>495.955657</ele>
        <time>2025-12-19T14:30:15.565000Z</time>
      </trkpt>
      <trkpt lat="18.645059" lon="99.289572">
        <ele>495.992032</ele>
        <time>2025-12-19T14:30:17.674000Z</time>
      </trkpt>
      <trkpt lat="18.644472" lon="99.289238">
        <ele>496.235968</ele>
        <time>2025-12-19T14:30:28.831000Z</time>
      </trkpt>
      <trkpt lat="18.6437" lon="99.288707">
        <ele>496.686493</ele>
        <time>2025-12-19T14:30:46.349000Z</time>
      </trkpt>
      <trkpt lat="18.64313" lon="99.288456">
        <ele>496.988459</ele>
        <time>2025-12-19T14:30:56.372000Z</time>
      </trkpt>
      <trkpt lat="18.6429" lon="99.288362">
        <ele>496.706369</ele>
        <time>2025-12-19T14:30:59.310000Z</time>
      </trkpt>
      <trkpt lat="18.642749" lon="99.288273">
        <ele>496.505559</ele>
        <time>2025-12-19T14:31:01.536000Z</time>
      </trkpt>
      <trkpt lat="18.642295" lon="99.288007">
        <ele>495.902649</ele>
        <time>2025-12-19T14:31:07.968000Z</time>
      </trkpt>
      <trkpt lat="18.642003" lon="99.287834">
        <ele>495.513846</ele>
        <time>2025-12-19T14:31:11.716000Z</time>
      </trkpt>
      <trkpt lat="18.64177" lon="99.287696">
        <ele>495.203627</ele>
        <time>2025-12-19T14:31:14.630000Z</time>
      </trkpt>
      <trkpt lat="18.640362" lon="99.287043">
        <ele>493.314088</ele>
        <time>2025-12-19T14:31:32.133000Z</time>
      </trkpt>
      <trkpt lat="18.639603" lon="99.286551">
        <ele>492.794428</ele>
        <time>2025-12-19T14:31:44.006000Z</time>
      </trkpt>
      <trkpt lat="18.639302" lon="99.286245">
        <ele>492.938694</ele>
        <time>2025-12-19T14:31:50.736000Z</time>
      </trkpt>
      <trkpt lat="18.639123" lon="99.285979">
        <ele>493.045405</ele>
        <time>2025-12-19T14:31:55.757000Z</time>
      </trkpt>
      <trkpt lat="18.638866" lon="99.285596">
        <ele>493.198906</ele>
        <time>2025-12-19T14:32:03.751000Z</time>
      </trkpt>
      <trkpt lat="18.638428" lon="99.28528">
        <ele>493.322588</ele>
        <time>2025-12-19T14:32:13.985000Z</time>
      </trkpt>
      <trkpt lat="18.637574" lon="99.284734">
        <ele>493.450116</ele>
        <time>2025-12-19T14:32:32.187000Z</time>
      </trkpt>
      <trkpt lat="18.637312" lon="99.284646">
        <ele>493.485232</ele>
        <time>2025-12-19T14:32:35.818000Z</time>
      </trkpt>
      <trkpt lat="18.637153" lon="99.284655">
        <ele>493.505569</ele>
        <time>2025-12-19T14:32:37.719000Z</time>
      </trkpt>
      <trkpt lat="18.637009" lon="99.284665">
        <ele>493.380127</ele>
        <time>2025-12-19T14:32:39.362000Z</time>
      </trkpt>
      <trkpt lat="18.636338" lon="99.28503">
        <ele>491.378433</ele>
        <time>2025-12-19T14:32:47.188000Z</time>
      </trkpt>
      <trkpt lat="18.635732" lon="99.285112">
        <ele>489.758389</ele>
        <time>2025-12-19T14:32:53.163000Z</time>
      </trkpt>
      <trkpt lat="18.635061" lon="99.285138">
        <ele>488.823162</ele>
        <time>2025-12-19T14:33:00.318000Z</time>
      </trkpt>
      <trkpt lat="18.634466" lon="99.285165">
        <ele>488.97719</ele>
        <time>2025-12-19T14:33:08.678000Z</time>
      </trkpt>
      <trkpt lat="18.634124" lon="99.28527">
        <ele>489.069309</ele>
        <time>2025-12-19T14:33:15.969000Z</time>
      </trkpt>
      <trkpt lat="18.634002" lon="99.28528">
        <ele>489.100957</ele>
        <time>2025-12-19T14:33:18.797000Z</time>
      </trkpt>
      <trkpt lat="18.633804" lon="99.285282">
        <ele>489.152169</ele>
        <time>2025-12-19T14:33:23.594000Z</time>
      </trkpt>
      <trkpt lat="18.633472" lon="99.285117">
        <ele>489.22774</ele>
        <time>2025-12-19T14:33:32.243000Z</time>
      </trkpt>
      <trkpt lat="18.633145" lon="99.28496">
        <ele>489.267562</ele>
        <time>2025-12-19T14:33:39.713000Z</time>
      </trkpt>
      <trkpt lat="18.632923" lon="99.284862">
        <ele>489.294236</ele>
        <time>2025-12-19T14:33:44.134000Z</time>
      </trkpt>
      <trkpt lat="18.63251" lon="99.284839">
        <ele>489.340079</ele>
        <time>2025-12-19T14:33:50.563000Z</time>
      </trkpt>
      <trkpt lat="18.632391" lon="99.28487">
        <ele>489.353665</ele>
        <time>2025-12-19T14:33:52.152000Z</time>
      </trkpt>
      <trkpt lat="18.631841" lon="99.285066">
        <ele>489.337636</ele>
        <time>2025-12-19T14:33:58.847000Z</time>
      </trkpt>
      <trkpt lat="18.631597" lon="99.285104">
        <ele>488.958479</ele>
        <time>2025-12-19T14:34:01.519000Z</time>
      </trkpt>
      <trkpt lat="18.63141" lon="99.285102">
        <ele>488.670995</ele>
        <time>2025-12-19T14:34:03.538000Z</time>
      </trkpt>
      <trkpt lat="18.631196" lon="99.285045">
        <ele>488.331703</ele>
        <time>2025-12-19T14:34:05.942000Z</time>
      </trkpt>
      <trkpt lat="18.630504" lon="99.284738">
        <ele>487.177732</ele>
        <time>2025-12-19T14:34:14.660000Z</time>
      </trkpt>
      <trkpt lat="18.6302" lon="99.284603">
        <ele>486.67071</ele>
        <time>2025-12-19T14:34:18.648000Z</time>
      </trkpt>
      <trkpt lat="18.629385" lon="99.284115">
        <ele>485.16332</ele>
        <time>2025-12-19T14:34:29.774000Z</time>
      </trkpt>
      <trkpt lat="18.629275" lon="99.284022">
        <ele>484.936419</ele>
        <time>2025-12-19T14:34:31.356000Z</time>
      </trkpt>
      <trkpt lat="18.628951" lon="99.283749">
        <ele>484.268976</ele>
        <time>2025-12-19T14:34:35.920000Z</time>
      </trkpt>
      <trkpt lat="18.62884" lon="99.283564">
        <ele>483.934949</ele>
        <time>2025-12-19T14:34:38.176000Z</time>
      </trkpt>
      <trkpt lat="18.628586" lon="99.283181">
        <ele>483.195685</ele>
        <time>2025-12-19T14:34:42.934000Z</time>
      </trkpt>
      <trkpt lat="18.628286" lon="99.282478">
        <ele>481.961579</ele>
        <time>2025-12-19T14:34:50.957000Z</time>
      </trkpt>
      <trkpt lat="18.62806" lon="99.282131">
        <ele>481.287607</ele>
        <time>2025-12-19T14:34:55.538000Z</time>
      </trkpt>
      <trkpt lat="18.627755" lon="99.28181">
        <ele>480.656834</ele>
        <time>2025-12-19T14:35:00.795000Z</time>
      </trkpt>
      <trkpt lat="18.627368" lon="99.281577">
        <ele>480.377702</ele>
        <time>2025-12-19T14:35:06.555000Z</time>
      </trkpt>
      <trkpt lat="18.626662" lon="99.28133">
        <ele>479.911733</ele>
        <time>2025-12-19T14:35:16.588000Z</time>
      </trkpt>
      <trkpt lat="18.624849" lon="99.280862">
        <ele>478.482182</ele>
        <time>2025-12-19T14:35:40.862000Z</time>
      </trkpt>
      <trkpt lat="18.624344" lon="99.280501">
        <ele>477.944995</ele>
        <time>2025-12-19T14:35:47.965000Z</time>
      </trkpt>
      <trkpt lat="18.624154" lon="99.2804">
        <ele>477.720904</ele>
        <time>2025-12-19T14:35:50.416000Z</time>
      </trkpt>
      <trkpt lat="18.623937" lon="99.28033">
        <ele>477.481891</ele>
        <time>2025-12-19T14:35:53.026000Z</time>
      </trkpt>
      <trkpt lat="18.621884" lon="99.279829">
        <ele>476.059897</ele>
        <time>2025-12-19T14:36:19.226000Z</time>
      </trkpt>
      <trkpt lat="18.621644" lon="99.279741">
        <ele>476.015493</ele>
        <time>2025-12-19T14:36:22.801000Z</time>
      </trkpt>
      <trkpt lat="18.621408" lon="99.279589">
        <ele>475.967172</ele>
        <time>2025-12-19T14:36:27.124000Z</time>
      </trkpt>
      <trkpt lat="18.620978" lon="99.279242">
        <ele>476.170693</ele>
        <time>2025-12-19T14:36:36.916000Z</time>
      </trkpt>
      <trkpt lat="18.620243" lon="99.278431">
        <ele>477.735992</ele>
        <time>2025-12-19T14:36:59.517000Z</time>
      </trkpt>
      <trkpt lat="18.619665" lon="99.277853">
        <ele>478.8294</ele>
        <time>2025-12-19T14:37:16.941000Z</time>
      </trkpt>
      <trkpt lat="18.619439" lon="99.277683">
        <ele>479.147713</ele>
        <time>2025-12-19T14:37:22.829000Z</time>
      </trkpt>
      <trkpt lat="18.619241" lon="99.277593">
        <ele>479.394971</ele>
        <time>2025-12-19T14:37:27.343000Z</time>
      </trkpt>
      <trkpt lat="18.618065" lon="99.277312">
        <ele>480.516652</ele>
        <time>2025-12-19T14:37:50.069000Z</time>
      </trkpt>
      <trkpt lat="18.617486" lon="99.277148">
        <ele>480.104546</ele>
        <time>2025-12-19T14:37:58.202000Z</time>
      </trkpt>
      <trkpt lat="18.61603" lon="99.276422">
        <ele>479.286655</ele>
        <time>2025-12-19T14:38:17.066000Z</time>
      </trkpt>
      <trkpt lat="18.61369" lon="99.275254">
        <ele>479.322783</ele>
        <time>2025-12-19T14:38:59.667000Z</time>
      </trkpt>
      <trkpt lat="18.612585" lon="99.274793">
        <ele>478.934367</ele>
        <time>2025-12-19T14:39:15.955000Z</time>
      </trkpt>
      <trkpt lat="18.612137" lon="99.274704">
        <ele>478.641933</ele>
        <time>2025-12-19T14:39:21.820000Z</time>
      </trkpt>
      <trkpt lat="18.610047" lon="99.274543">
        <ele>476.000109</ele>
        <time>2025-12-19T14:39:47.242000Z</time>
      </trkpt>
      <trkpt lat="18.609687" lon="99.274447">
        <ele>475.388019</ele>
        <time>2025-12-19T14:39:51.020000Z</time>
      </trkpt>
      <trkpt lat="18.609434" lon="99.274325">
        <ele>474.731111</ele>
        <time>2025-12-19T14:39:53.840000Z</time>
      </trkpt>
      <trkpt lat="18.608937" lon="99.273978">
        <ele>473.323741</ele>
        <time>2025-12-19T14:39:59.869000Z</time>
      </trkpt>
      <trkpt lat="18.608249" lon="99.273512">
        <ele>471.393051</ele>
        <time>2025-12-19T14:40:08.661000Z</time>
      </trkpt>
      <trkpt lat="18.607658" lon="99.273188">
        <ele>471.231174</ele>
        <time>2025-12-19T14:40:18.018000Z</time>
      </trkpt>
      <trkpt lat="18.607088" lon="99.272977">
        <ele>471.184507</ele>
        <time>2025-12-19T14:40:27.349000Z</time>
      </trkpt>
      <trkpt lat="18.605935" lon="99.27258">
        <ele>471.363463</ele>
        <time>2025-12-19T14:40:48.081000Z</time>
      </trkpt>
      <trkpt lat="18.605626" lon="99.272541">
        <ele>471.47285</ele>
        <time>2025-12-19T14:40:53.157000Z</time>
      </trkpt>
      <trkpt lat="18.604162" lon="99.272358">
        <ele>471.897902</ele>
        <time>2025-12-19T14:41:16.003000Z</time>
      </trkpt>
      <trkpt lat="18.602874" lon="99.272178">
        <ele>472.175498</ele>
        <time>2025-12-19T14:41:35.930000Z</time>
      </trkpt>
      <trkpt lat="18.602443" lon="99.272106">
        <ele>472.317544</ele>
        <time>2025-12-19T14:41:43.475000Z</time>
      </trkpt>
      <trkpt lat="18.602277" lon="99.272086">
        <ele>472.371931</ele>
        <time>2025-12-19T14:41:46.298000Z</time>
      </trkpt>
      <trkpt lat="18.601635" lon="99.271999">
        <ele>472.582631</ele>
        <time>2025-12-19T14:41:57.021000Z</time>
      </trkpt>
      <trkpt lat="18.601007" lon="99.271961">
        <ele>472.751776</ele>
        <time>2025-12-19T14:42:06.814000Z</time>
      </trkpt>
      <trkpt lat="18.600869" lon="99.271946">
        <ele>472.772767</ele>
        <time>2025-12-19T14:42:08.880000Z</time>
      </trkpt>
      <trkpt lat="18.600541" lon="99.271834">
        <ele>472.824928</ele>
        <time>2025-12-19T14:42:13.797000Z</time>
      </trkpt>
      <trkpt lat="18.600353" lon="99.27177">
        <ele>472.854816</ele>
        <time>2025-12-19T14:42:16.673000Z</time>
      </trkpt>
      <trkpt lat="18.599533" lon="99.27133">
        <ele>472.992795</ele>
        <time>2025-12-19T14:42:31.289000Z</time>
      </trkpt>
      <trkpt lat="18.599476" lon="99.271308">
        <ele>472.991104</ele>
        <time>2025-12-19T14:42:32.319000Z</time>
      </trkpt>
      <trkpt lat="18.599215" lon="99.271189">
        <ele>472.983187</ele>
        <time>2025-12-19T14:42:36.914000Z</time>
      </trkpt>
      <trkpt lat="18.598507" lon="99.270673">
        <ele>472.959224</ele>
        <time>2025-12-19T14:42:50.901000Z</time>
      </trkpt>
      <trkpt lat="18.598021" lon="99.27033">
        <ele>472.942942</ele>
        <time>2025-12-19T14:42:58.846000Z</time>
      </trkpt>
      <trkpt lat="18.597825" lon="99.270221">
        <ele>472.508951</ele>
        <time>2025-12-19T14:43:01.592000Z</time>
      </trkpt>
      <trkpt lat="18.597074" lon="99.269806">
        <ele>470.83589</ele>
        <time>2025-12-19T14:43:11.073000Z</time>
      </trkpt>
      <trkpt lat="18.595388" lon="99.269214">
        <ele>467.790136</ele>
        <time>2025-12-19T14:43:29.411000Z</time>
      </trkpt>
      <trkpt lat="18.592283" lon="99.267602">
        <ele>467.940381</ele>
        <time>2025-12-19T14:44:24.732000Z</time>
      </trkpt>
      <trkpt lat="18.591762" lon="99.267063">
        <ele>468.584923</ele>
        <time>2025-12-19T14:44:41.406000Z</time>
      </trkpt>
      <trkpt lat="18.591472" lon="99.266648">
        <ele>468.656988</ele>
        <time>2025-12-19T14:44:50.411000Z</time>
      </trkpt>
      <trkpt lat="18.591268" lon="99.266492">
        <ele>468.604076</ele>
        <time>2025-12-19T14:44:54.276000Z</time>
      </trkpt>
      <trkpt lat="18.591" lon="99.266305">
        <ele>468.536598</ele>
        <time>2025-12-19T14:44:58.557000Z</time>
      </trkpt>
      <trkpt lat="18.590577" lon="99.266142">
        <ele>468.442023</ele>
        <time>2025-12-19T14:45:03.909000Z</time>
      </trkpt>
      <trkpt lat="18.590433" lon="99.266084">
        <ele>468.409653</ele>
        <time>2025-12-19T14:45:05.646000Z</time>
      </trkpt>
      <trkpt lat="18.589016" lon="99.265636">
        <ele>468.184477</ele>
        <time>2025-12-19T14:45:25.435000Z</time>
      </trkpt>
      <trkpt lat="18.588715" lon="99.265455">
        <ele>468.136663</ele>
        <time>2025-12-19T14:45:31.291000Z</time>
      </trkpt>
      <trkpt lat="18.58827" lon="99.265206">
        <ele>468.331692</ele>
        <time>2025-12-19T14:45:39.990000Z</time>
      </trkpt>
      <trkpt lat="18.588005" lon="99.264997">
        <ele>468.652603</ele>
        <time>2025-12-19T14:45:45.871000Z</time>
      </trkpt>
      <trkpt lat="18.587741" lon="99.264733">
        <ele>469.005413</ele>
        <time>2025-12-19T14:45:52.647000Z</time>
      </trkpt>
      <trkpt lat="18.587418" lon="99.264122">
        <ele>469.64859</ele>
        <time>2025-12-19T14:46:05.631000Z</time>
      </trkpt>
      <trkpt lat="18.587113" lon="99.263589">
        <ele>469.963501</ele>
        <time>2025-12-19T14:46:17.757000Z</time>
      </trkpt>
      <trkpt lat="18.586502" lon="99.262905">
        <ele>470.236369</ele>
        <time>2025-12-19T14:46:33.453000Z</time>
      </trkpt>
      <trkpt lat="18.585631" lon="99.262373">
        <ele>470.023634</ele>
        <time>2025-12-19T14:46:45.786000Z</time>
      </trkpt>
      <trkpt lat="18.58538" lon="99.262276">
        <ele>469.819322</ele>
        <time>2025-12-19T14:46:48.866000Z</time>
      </trkpt>
      <trkpt lat="18.58529" lon="99.262242">
        <ele>469.746256</ele>
        <time>2025-12-19T14:46:49.976000Z</time>
      </trkpt>
      <trkpt lat="18.584751" lon="99.262149">
        <ele>469.328809</ele>
        <time>2025-12-19T14:46:56.634000Z</time>
      </trkpt>
      <trkpt lat="18.583791" lon="99.262045">
        <ele>468.845751</ele>
        <time>2025-12-19T14:47:11.019000Z</time>
      </trkpt>
      <trkpt lat="18.583661" lon="99.26204">
        <ele>468.805234</ele>
        <time>2025-12-19T14:47:13.110000Z</time>
      </trkpt>
      <trkpt lat="18.583264" lon="99.262019">
        <ele>468.681427</ele>
        <time>2025-12-19T14:47:19.039000Z</time>
      </trkpt>
      <trkpt lat="18.583064" lon="99.262031">
        <ele>468.619034</ele>
        <time>2025-12-19T14:47:21.807000Z</time>
      </trkpt>
      <trkpt lat="18.582862" lon="99.262045">
        <ele>468.555982</ele>
        <time>2025-12-19T14:47:24.527000Z</time>
      </trkpt>
      <trkpt lat="18.582188" lon="99.262096">
        <ele>467.965434</ele>
        <time>2025-12-19T14:47:32.863000Z</time>
      </trkpt>
      <trkpt lat="18.581803" lon="99.261982">
        <ele>467.429597</ele>
        <time>2025-12-19T14:47:37.492000Z</time>
      </trkpt>
      <trkpt lat="18.58157" lon="99.261924">
        <ele>467.108803</ele>
        <time>2025-12-19T14:47:40.142000Z</time>
      </trkpt>
      <trkpt lat="18.581014" lon="99.261561">
        <ele>466.232635</ele>
        <time>2025-12-19T14:47:47.585000Z</time>
      </trkpt>
      <trkpt lat="18.580461" lon="99.26112">
        <ele>465.728238</ele>
        <time>2025-12-19T14:47:55.850000Z</time>
      </trkpt>
      <trkpt lat="18.580291" lon="99.26099">
        <ele>465.606841</ele>
        <time>2025-12-19T14:47:58.520000Z</time>
      </trkpt>
      <trkpt lat="18.579978" lon="99.260762">
        <ele>465.386922</ele>
        <time>2025-12-19T14:48:03.593000Z</time>
      </trkpt>
      <trkpt lat="18.579727" lon="99.260593">
        <ele>465.214761</ele>
        <time>2025-12-19T14:48:07.846000Z</time>
      </trkpt>
      <trkpt lat="18.578324" lon="99.25968">
        <ele>464.737628</ele>
        <time>2025-12-19T14:48:33.298000Z</time>
      </trkpt>
      <trkpt lat="18.577836" lon="99.259518">
        <ele>464.619173</ele>
        <time>2025-12-19T14:48:39.745000Z</time>
      </trkpt>
      <trkpt lat="18.577504" lon="99.259464">
        <ele>464.103701</ele>
        <time>2025-12-19T14:48:43.732000Z</time>
      </trkpt>
      <trkpt lat="18.576382" lon="99.259357">
        <ele>462.374976</ele>
        <time>2025-12-19T14:48:56.465000Z</time>
      </trkpt>
      <trkpt lat="18.575579" lon="99.259177">
        <ele>460.984035</ele>
        <time>2025-12-19T14:49:05.607000Z</time>
      </trkpt>
      <trkpt lat="18.575105" lon="99.258995">
        <ele>460.075692</ele>
        <time>2025-12-19T14:49:11.125000Z</time>
      </trkpt>
      <trkpt lat="18.574467" lon="99.258687">
        <ele>458.812221</ele>
        <time>2025-12-19T14:49:18.926000Z</time>
      </trkpt>
      <trkpt lat="18.573869" lon="99.258221">
        <ele>458.231787</ele>
        <time>2025-12-19T14:49:27.813000Z</time>
      </trkpt>
      <trkpt lat="18.573719" lon="99.25811">
        <ele>458.117702</ele>
        <time>2025-12-19T14:49:30.164000Z</time>
      </trkpt>
      <trkpt lat="18.573012" lon="99.25745">
        <ele>457.529875</ele>
        <time>2025-12-19T14:49:43.266000Z</time>
      </trkpt>
      <trkpt lat="18.572794" lon="99.257323">
        <ele>457.721981</ele>
        <time>2025-12-19T14:49:47.136000Z</time>
      </trkpt>
      <trkpt lat="18.572571" lon="99.257283">
        <ele>457.93586</ele>
        <time>2025-12-19T14:49:50.865000Z</time>
      </trkpt>
      <trkpt lat="18.572107" lon="99.257331">
        <ele>458.376688</ele>
        <time>2025-12-19T14:49:59.107000Z</time>
      </trkpt>
      <trkpt lat="18.57127" lon="99.257247">
        <ele>459.171666</ele>
        <time>2025-12-19T14:50:16.125000Z</time>
      </trkpt>
      <trkpt lat="18.570432" lon="99.256948">
        <ele>460.864604</ele>
        <time>2025-12-19T14:50:36.387000Z</time>
      </trkpt>
      <trkpt lat="18.570059" lon="99.256742">
        <ele>461.691689</ele>
        <time>2025-12-19T14:50:46.352000Z</time>
      </trkpt>
      <trkpt lat="18.569827" lon="99.256668">
        <ele>462.167821</ele>
        <time>2025-12-19T14:50:52.062000Z</time>
      </trkpt>
      <trkpt lat="18.569477" lon="99.256547">
        <ele>462.842999</ele>
        <time>2025-12-19T14:51:00.685000Z</time>
      </trkpt>
      <trkpt lat="18.569102" lon="99.256508">
        <ele>463.335786</ele>
        <time>2025-12-19T14:51:08.785000Z</time>
      </trkpt>
      <trkpt lat="18.568469" lon="99.256529">
        <ele>464.164008</ele>
        <time>2025-12-19T14:51:21.243000Z</time>
      </trkpt>
      <trkpt lat="18.568209" lon="99.256639">
        <ele>464.530351</ele>
        <time>2025-12-19T14:51:26.613000Z</time>
      </trkpt>
      <trkpt lat="18.567595" lon="99.256788">
        <ele>465.071416</ele>
        <time>2025-12-19T14:51:38.584000Z</time>
      </trkpt>
      <trkpt lat="18.566989" lon="99.256807">
        <ele>464.986155</ele>
        <time>2025-12-19T14:51:48.844000Z</time>
      </trkpt>
      <trkpt lat="18.56653" lon="99.256829">
        <ele>464.921539</ele>
        <time>2025-12-19T14:51:55.651000Z</time>
      </trkpt>
      <trkpt lat="18.566215" lon="99.256904">
        <ele>464.876126</ele>
        <time>2025-12-19T14:51:59.706000Z</time>
      </trkpt>
      <trkpt lat="18.565755" lon="99.257198">
        <ele>464.346203</ele>
        <time>2025-12-19T14:52:05.717000Z</time>
      </trkpt>
      <trkpt lat="18.56553" lon="99.257566">
        <ele>463.70428</ele>
        <time>2025-12-19T14:52:10.158000Z</time>
      </trkpt>
      <trkpt lat="18.565171" lon="99.258054">
        <ele>462.79878</ele>
        <time>2025-12-19T14:52:16.607000Z</time>
      </trkpt>
      <trkpt lat="18.564975" lon="99.258205">
        <ele>462.423468</ele>
        <time>2025-12-19T14:52:19.424000Z</time>
      </trkpt>
      <trkpt lat="18.564738" lon="99.258197">
        <ele>462.063028</ele>
        <time>2025-12-19T14:52:22.347000Z</time>
      </trkpt>
      <trkpt lat="18.563605" lon="99.257934">
        <ele>461.708977</ele>
        <time>2025-12-19T14:52:38.895000Z</time>
      </trkpt>
      <trkpt lat="18.5633" lon="99.257869">
        <ele>461.614014</ele>
        <time>2025-12-19T14:52:43.668000Z</time>
      </trkpt>
      <trkpt lat="18.563174" lon="99.257817">
        <ele>461.572722</ele>
        <time>2025-12-19T14:52:45.658000Z</time>
      </trkpt>
      <trkpt lat="18.562403" lon="99.257561">
        <ele>461.09545</ele>
        <time>2025-12-19T14:52:56.890000Z</time>
      </trkpt>
      <trkpt lat="18.561706" lon="99.257359">
        <ele>460.606556</ele>
        <time>2025-12-19T14:53:06.270000Z</time>
      </trkpt>
      <trkpt lat="18.561395" lon="99.257279">
        <ele>460.390043</ele>
        <time>2025-12-19T14:53:10.155000Z</time>
      </trkpt>
      <trkpt lat="18.561029" lon="99.257193">
        <ele>459.844882</ele>
        <time>2025-12-19T14:53:14.464000Z</time>
      </trkpt>
      <trkpt lat="18.56036" lon="99.257063">
        <ele>458.560175</ele>
        <time>2025-12-19T14:53:21.989000Z</time>
      </trkpt>
      <trkpt lat="18.560237" lon="99.257049">
        <ele>458.326534</ele>
        <time>2025-12-19T14:53:23.317000Z</time>
      </trkpt>
      <trkpt lat="18.559334" lon="99.256827">
        <ele>456.615398</ele>
        <time>2025-12-19T14:53:33.366000Z</time>
      </trkpt>
      <trkpt lat="18.559106" lon="99.256732">
        <ele>456.209014</ele>
        <time>2025-12-19T14:53:36.057000Z</time>
      </trkpt>
      <trkpt lat="18.55907" lon="99.256707">
        <ele>456.137563</ele>
        <time>2025-12-19T14:53:36.536000Z</time>
      </trkpt>
      <trkpt lat="18.558779" lon="99.256533">
        <ele>455.583047</ele>
        <time>2025-12-19T14:53:40.265000Z</time>
      </trkpt>
      <trkpt lat="18.558623" lon="99.256349">
        <ele>455.195112</ele>
        <time>2025-12-19T14:53:42.910000Z</time>
      </trkpt>
      <trkpt lat="18.55773" lon="99.255366">
        <ele>453.696733</ele>
        <time>2025-12-19T14:53:58.048000Z</time>
      </trkpt>
      <trkpt lat="18.557429" lon="99.254854">
        <ele>453.45177</ele>
        <time>2025-12-19T14:54:05.575000Z</time>
      </trkpt>
      <trkpt lat="18.557378" lon="99.254768">
        <ele>453.410523</ele>
        <time>2025-12-19T14:54:06.955000Z</time>
      </trkpt>
      <trkpt lat="18.557176" lon="99.254073">
        <ele>453.177831</ele>
        <time>2025-12-19T14:54:17.997000Z</time>
      </trkpt>
      <trkpt lat="18.556936" lon="99.253248">
        <ele>453.47306</ele>
        <time>2025-12-19T14:54:32.097000Z</time>
      </trkpt>
      <trkpt lat="18.556786" lon="99.252828">
        <ele>453.626604</ele>
        <time>2025-12-19T14:54:38.906000Z</time>
      </trkpt>
      <trkpt lat="18.556308" lon="99.252122">
        <ele>454.01815</ele>
        <time>2025-12-19T14:54:51.513000Z</time>
      </trkpt>
      <trkpt lat="18.555643" lon="99.25126">
        <ele>454.686007</ele>
        <time>2025-12-19T14:55:10.097000Z</time>
      </trkpt>
      <trkpt lat="18.555462" lon="99.251038">
        <ele>454.861968</ele>
        <time>2025-12-19T14:55:15.373000Z</time>
      </trkpt>
      <trkpt lat="18.55489" lon="99.250479">
        <ele>455.381179</ele>
        <time>2025-12-19T14:55:29.962000Z</time>
      </trkpt>
      <trkpt lat="18.554575" lon="99.250179">
        <ele>455.666247</ele>
        <time>2025-12-19T14:55:37.611000Z</time>
      </trkpt>
      <trkpt lat="18.554186" lon="99.249692">
        <ele>456.071767</ele>
        <time>2025-12-19T14:55:47.300000Z</time>
      </trkpt>
      <trkpt lat="18.554153" lon="99.249645">
        <ele>456.10901</ele>
        <time>2025-12-19T14:55:48.200000Z</time>
      </trkpt>
      <trkpt lat="18.553575" lon="99.248855">
        <ele>456.582707</ele>
        <time>2025-12-19T14:56:03.590000Z</time>
      </trkpt>
      <trkpt lat="18.553449" lon="99.248675">
        <ele>456.686647</ele>
        <time>2025-12-19T14:56:07.145000Z</time>
      </trkpt>
      <trkpt lat="18.552969" lon="99.248038">
        <ele>457.03916</ele>
        <time>2025-12-19T14:56:20.505000Z</time>
      </trkpt>
      <trkpt lat="18.552759" lon="99.247827">
        <ele>457.082934</ele>
        <time>2025-12-19T14:56:25.642000Z</time>
      </trkpt>
      <trkpt lat="18.552532" lon="99.247518">
        <ele>457.13887</ele>
        <time>2025-12-19T14:56:31.684000Z</time>
      </trkpt>
      <trkpt lat="18.552352" lon="99.247168">
        <ele>457.195846</ele>
        <time>2025-12-19T14:56:37.721000Z</time>
      </trkpt>
      <trkpt lat="18.552255" lon="99.247042">
        <ele>457.219072</ele>
        <time>2025-12-19T14:56:40.136000Z</time>
      </trkpt>
      <trkpt lat="18.551897" lon="99.246755">
        <ele>457.286941</ele>
        <time>2025-12-19T14:56:46.470000Z</time>
      </trkpt>
      <trkpt lat="18.551286" lon="99.246245">
        <ele>457.419906</ele>
        <time>2025-12-19T14:56:56.472000Z</time>
      </trkpt>
      <trkpt lat="18.550963" lon="99.246095">
        <ele>457.48095</ele>
        <time>2025-12-19T14:57:01.579000Z</time>
      </trkpt>
      <trkpt lat="18.550699" lon="99.246025">
        <ele>457.528033</ele>
        <time>2025-12-19T14:57:06.158000Z</time>
      </trkpt>
      <trkpt lat="18.550282" lon="99.245859">
        <ele>457.605126</ele>
        <time>2025-12-19T14:57:14.237000Z</time>
      </trkpt>
      <trkpt lat="18.549878" lon="99.245671">
        <ele>458.229478</ele>
        <time>2025-12-19T14:57:23.116000Z</time>
      </trkpt>
      <trkpt lat="18.54891" lon="99.245263">
        <ele>459.799318</ele>
        <time>2025-12-19T14:57:46.933000Z</time>
      </trkpt>
      <trkpt lat="18.547715" lon="99.244669">
        <ele>460.450289</ele>
        <time>2025-12-19T14:58:11.619000Z</time>
      </trkpt>
      <trkpt lat="18.546998" lon="99.244307">
        <ele>460.557164</ele>
        <time>2025-12-19T14:58:21.825000Z</time>
      </trkpt>
      <trkpt lat="18.546487" lon="99.244196">
        <ele>459.829242</ele>
        <time>2025-12-19T14:58:27.815000Z</time>
      </trkpt>
      <trkpt lat="18.546286" lon="99.244183">
        <ele>459.530918</ele>
        <time>2025-12-19T14:58:30.088000Z</time>
      </trkpt>
      <trkpt lat="18.54624" lon="99.244182">
        <ele>459.462759</ele>
        <time>2025-12-19T14:58:30.609000Z</time>
      </trkpt>
      <trkpt lat="18.545326" lon="99.244158">
        <ele>458.108324</ele>
        <time>2025-12-19T14:58:40.841000Z</time>
      </trkpt>
      <trkpt lat="18.544713" lon="99.243926">
        <ele>457.215968</ele>
        <time>2025-12-19T14:58:48.561000Z</time>
      </trkpt>
      <trkpt lat="18.544507" lon="99.243747">
        <ele>456.858624</ele>
        <time>2025-12-19T14:58:51.692000Z</time>
      </trkpt>
      <trkpt lat="18.544349" lon="99.24348">
        <ele>456.459107</ele>
        <time>2025-12-19T14:58:55.197000Z</time>
      </trkpt>
      <trkpt lat="18.54424" lon="99.243115">
        <ele>455.973353</ele>
        <time>2025-12-19T14:58:59.525000Z</time>
      </trkpt>
      <trkpt lat="18.544197" lon="99.242977">
        <ele>455.788965</ele>
        <time>2025-12-19T14:59:01.186000Z</time>
      </trkpt>
      <trkpt lat="18.544186" lon="99.242904">
        <ele>455.695139</ele>
        <time>2025-12-19T14:59:02.027000Z</time>
      </trkpt>
      <trkpt lat="18.543917" lon="99.241418">
        <ele>453.768776</ele>
        <time>2025-12-19T14:59:18.772000Z</time>
      </trkpt>
      <trkpt lat="18.543816" lon="99.240893">
        <ele>453.086391</ele>
        <time>2025-12-19T14:59:24.562000Z</time>
      </trkpt>
      <trkpt lat="18.543578" lon="99.240228">
        <ele>452.686138</ele>
        <time>2025-12-19T14:59:32.658000Z</time>
      </trkpt>
      <trkpt lat="18.543487" lon="99.240081">
        <ele>452.589352</ele>
        <time>2025-12-19T14:59:34.802000Z</time>
      </trkpt>
      <trkpt lat="18.543172" lon="99.239758">
        <ele>452.333894</ele>
        <time>2025-12-19T14:59:40.904000Z</time>
      </trkpt>
      <trkpt lat="18.542877" lon="99.239472">
        <ele>452.100901</ele>
        <time>2025-12-19T14:59:47.087000Z</time>
      </trkpt>
      <trkpt lat="18.540146" lon="99.237258">
        <ele>451.537807</ele>
        <time>2025-12-19T15:00:38.984000Z</time>
      </trkpt>
      <trkpt lat="18.53938" lon="99.236475">
        <ele>450.380384</ele>
        <time>2025-12-19T15:00:50.700000Z</time>
      </trkpt>
      <trkpt lat="18.539014" lon="99.235987">
        <ele>449.590434</ele>
        <time>2025-12-19T15:00:57.331000Z</time>
      </trkpt>
      <trkpt lat="18.538562" lon="99.235436">
        <ele>449.070667</ele>
        <time>2025-12-19T15:01:06.472000Z</time>
      </trkpt>
      <trkpt lat="18.538399" lon="99.235129">
        <ele>449.130855</ele>
        <time>2025-12-19T15:01:11.716000Z</time>
      </trkpt>
      <trkpt lat="18.538282" lon="99.234813">
        <ele>449.188884</ele>
        <time>2025-12-19T15:01:16.984000Z</time>
      </trkpt>
      <trkpt lat="18.538147" lon="99.23419">
        <ele>449.298199</ele>
        <time>2025-12-19T15:01:26.688000Z</time>
      </trkpt>
      <trkpt lat="18.538076" lon="99.233759">
        <ele>449.592978</ele>
        <time>2025-12-19T15:01:33.203000Z</time>
      </trkpt>
      <trkpt lat="18.538141" lon="99.232815">
        <ele>451.125844</ele>
        <time>2025-12-19T15:01:51.635000Z</time>
      </trkpt>
      <trkpt lat="18.538135" lon="99.232597">
        <ele>451.479052</ele>
        <time>2025-12-19T15:01:57.394000Z</time>
      </trkpt>
      <trkpt lat="18.538012" lon="99.232247">
        <ele>452.083575</ele>
        <time>2025-12-19T15:02:06.822000Z</time>
      </trkpt>
      <trkpt lat="18.537788" lon="99.231973">
        <ele>452.428067</ele>
        <time>2025-12-19T15:02:15.624000Z</time>
      </trkpt>
      <trkpt lat="18.537681" lon="99.23192">
        <ele>452.435036</ele>
        <time>2025-12-19T15:02:18.602000Z</time>
      </trkpt>
      <trkpt lat="18.537569" lon="99.231935">
        <ele>452.441691</ele>
        <time>2025-12-19T15:02:21.472000Z</time>
      </trkpt>
      <trkpt lat="18.536133" lon="99.233463">
        <ele>451.173778</ele>
        <time>2025-12-19T15:02:47.160000Z</time>
      </trkpt>
      <trkpt lat="18.535971" lon="99.233582">
        <ele>450.742472</ele>
        <time>2025-12-19T15:02:49.143000Z</time>
      </trkpt>
      <trkpt lat="18.53551" lon="99.233776">
        <ele>449.658099</ele>
        <time>2025-12-19T15:02:54.154000Z</time>
      </trkpt>
      <trkpt lat="18.535127" lon="99.233831">
        <ele>448.813625</ele>
        <time>2025-12-19T15:02:58.103000Z</time>
      </trkpt>
      <trkpt lat="18.534877" lon="99.233815">
        <ele>448.416662</ele>
        <time>2025-12-19T15:03:00.701000Z</time>
      </trkpt>
      <trkpt lat="18.533942" lon="99.233301">
        <ele>447.163445</ele>
        <time>2025-12-19T15:03:12.842000Z</time>
      </trkpt>
      <trkpt lat="18.532858" lon="99.232611">
        <ele>447.107318</ele>
        <time>2025-12-19T15:03:31.900000Z</time>
      </trkpt>
      <trkpt lat="18.532025" lon="99.231879">
        <ele>448.153802</ele>
        <time>2025-12-19T15:03:54.092000Z</time>
      </trkpt>
      <trkpt lat="18.530709" lon="99.230603">
        <ele>450.960497</ele>
        <time>2025-12-19T15:04:35.091000Z</time>
      </trkpt>
      <trkpt lat="18.530217" lon="99.230138">
        <ele>450.247043</ele>
        <time>2025-12-19T15:04:43.962000Z</time>
      </trkpt>
      <trkpt lat="18.529484" lon="99.229541">
        <ele>449.032694</ele>
        <time>2025-12-19T15:04:54.002000Z</time>
      </trkpt>
      <trkpt lat="18.529451" lon="99.229506">
        <ele>448.971329</ele>
        <time>2025-12-19T15:04:54.699000Z</time>
      </trkpt>
      <trkpt lat="18.529205" lon="99.229322">
        <ele>448.6365</ele>
        <time>2025-12-19T15:04:59.218000Z</time>
      </trkpt>
      <trkpt lat="18.529009" lon="99.229081">
        <ele>448.459663</ele>
        <time>2025-12-19T15:05:03.850000Z</time>
      </trkpt>
      <trkpt lat="18.528689" lon="99.228589">
        <ele>448.12737</ele>
        <time>2025-12-19T15:05:13.264000Z</time>
      </trkpt>
      <trkpt lat="18.528348" lon="99.228065">
        <ele>447.773402</ele>
        <time>2025-12-19T15:05:25.615000Z</time>
      </trkpt>
      <trkpt lat="18.527544" lon="99.227745">
        <ele>448.697152</ele>
        <time>2025-12-19T15:05:49.711000Z</time>
      </trkpt>
      <trkpt lat="18.526675" lon="99.226914">
        <ele>450.738167</ele>
        <time>2025-12-19T15:06:24.317000Z</time>
      </trkpt>
      <trkpt lat="18.526343" lon="99.226716">
        <ele>450.199271</ele>
        <time>2025-12-19T15:06:32.499000Z</time>
      </trkpt>
      <trkpt lat="18.526071" lon="99.226639">
        <ele>449.772971</ele>
        <time>2025-12-19T15:06:37.501000Z</time>
      </trkpt>
      <trkpt lat="18.525722" lon="99.226597">
        <ele>449.241261</ele>
        <time>2025-12-19T15:06:43.104000Z</time>
      </trkpt>
      <trkpt lat="18.524714" lon="99.226817">
        <ele>447.327974</ele>
        <time>2025-12-19T15:06:58.132000Z</time>
      </trkpt>
      <trkpt lat="18.524213" lon="99.226815">
        <ele>445.806609</ele>
        <time>2025-12-19T15:07:05.496000Z</time>
      </trkpt>
      <trkpt lat="18.523851" lon="99.226723">
        <ele>444.67588</ele>
        <time>2025-12-19T15:07:11.061000Z</time>
      </trkpt>
      <trkpt lat="18.523031" lon="99.226626">
        <ele>442.315663</ele>
        <time>2025-12-19T15:07:23.152000Z</time>
      </trkpt>
      <trkpt lat="18.522866" lon="99.22654">
        <ele>441.957934</ele>
        <time>2025-12-19T15:07:25.792000Z</time>
      </trkpt>
      <trkpt lat="18.522731" lon="99.22637">
        <ele>441.549267</ele>
        <time>2025-12-19T15:07:28.888000Z</time>
      </trkpt>
      <trkpt lat="18.522645" lon="99.226155">
        <ele>441.119216</ele>
        <time>2025-12-19T15:07:32.220000Z</time>
      </trkpt>
      <trkpt lat="18.522523" lon="99.225639">
        <ele>440.139129</ele>
        <time>2025-12-19T15:07:40.082000Z</time>
      </trkpt>
      <trkpt lat="18.522377" lon="99.225068">
        <ele>439.084458</ele>
        <time>2025-12-19T15:07:49.710000Z</time>
      </trkpt>
      <trkpt lat="18.522187" lon="99.223885">
        <ele>439.546438</ele>
        <time>2025-12-19T15:08:16.734000Z</time>
      </trkpt>
      <trkpt lat="18.521914" lon="99.223425">
        <ele>439.755384</ele>
        <time>2025-12-19T15:08:28.806000Z</time>
      </trkpt>
      <trkpt lat="18.521523" lon="99.223053">
        <ele>439.314421</ele>
        <time>2025-12-19T15:08:39.413000Z</time>
      </trkpt>
      <trkpt lat="18.521217" lon="99.222856">
        <ele>438.866019</ele>
        <time>2025-12-19T15:08:45.750000Z</time>
      </trkpt>
      <trkpt lat="18.521084" lon="99.222782">
        <ele>438.677939</ele>
        <time>2025-12-19T15:08:48.280000Z</time>
      </trkpt>
      <trkpt lat="18.520555" lon="99.222726">
        <ele>438.012972</ele>
        <time>2025-12-19T15:08:56.752000Z</time>
      </trkpt>
      <trkpt lat="18.519676" lon="99.222765">
        <ele>436.717971</ele>
        <time>2025-12-19T15:09:10.012000Z</time>
      </trkpt>
      <trkpt lat="18.519018" lon="99.222641">
        <ele>435.630265</ele>
        <time>2025-12-19T15:09:20.499000Z</time>
      </trkpt>
      <trkpt lat="18.518131" lon="99.220469">
        <ele>433.963986</ele>
        <time>2025-12-19T15:09:50.404000Z</time>
      </trkpt>
      <trkpt lat="18.517987" lon="99.220226">
        <ele>433.90896</ele>
        <time>2025-12-19T15:09:54.427000Z</time>
      </trkpt>
      <trkpt lat="18.517126" lon="99.218779">
        <ele>434.139201</ele>
        <time>2025-12-19T15:10:19.232000Z</time>
      </trkpt>
      <trkpt lat="18.516316" lon="99.217413">
        <ele>434.830628</ele>
        <time>2025-12-19T15:10:45.637000Z</time>
      </trkpt>
      <trkpt lat="18.515924" lon="99.216806">
        <ele>434.943698</ele>
        <time>2025-12-19T15:10:56.469000Z</time>
      </trkpt>
      <trkpt lat="18.5159" lon="99.216768">
        <ele>434.9375</ele>
        <time>2025-12-19T15:10:57.174000Z</time>
      </trkpt>
      <trkpt lat="18.515677" lon="99.21642">
        <ele>434.880484</ele>
        <time>2025-12-19T15:11:03.142000Z</time>
      </trkpt>
      <trkpt lat="18.515285" lon="99.215808">
        <ele>434.780228</ele>
        <time>2025-12-19T15:11:12.754000Z</time>
      </trkpt>
      <trkpt lat="18.515082" lon="99.215537">
        <ele>434.721156</ele>
        <time>2025-12-19T15:11:17.039000Z</time>
      </trkpt>
      <trkpt lat="18.51461" lon="99.2151">
        <ele>434.239237</ele>
        <time>2025-12-19T15:11:25.614000Z</time>
      </trkpt>
      <trkpt lat="18.514207" lon="99.214989">
        <ele>433.919652</ele>
        <time>2025-12-19T15:11:30.974000Z</time>
      </trkpt>
      <trkpt lat="18.513994" lon="99.214966">
        <ele>433.755367</ele>
        <time>2025-12-19T15:11:33.645000Z</time>
      </trkpt>
      <trkpt lat="18.513302" lon="99.214919">
        <ele>433.002147</ele>
        <time>2025-12-19T15:11:41.981000Z</time>
      </trkpt>
      <trkpt lat="18.513267" lon="99.214913">
        <ele>432.92962</ele>
        <time>2025-12-19T15:11:42.400000Z</time>
      </trkpt>
      <trkpt lat="18.512745" lon="99.214751">
        <ele>431.816671</ele>
        <time>2025-12-19T15:11:48.577000Z</time>
      </trkpt>
      <trkpt lat="18.512121" lon="99.21445">
        <ele>430.413187</ele>
        <time>2025-12-19T15:11:55.992000Z</time>
      </trkpt>
      <trkpt lat="18.511863" lon="99.214287">
        <ele>429.798032</ele>
        <time>2025-12-19T15:11:59.061000Z</time>
      </trkpt>
      <trkpt lat="18.511519" lon="99.21406">
        <ele>428.884757</ele>
        <time>2025-12-19T15:12:03.216000Z</time>
      </trkpt>
      <trkpt lat="18.511226" lon="99.214321">
        <ele>428.008162</ele>
        <time>2025-12-19T15:12:14.734000Z</time>
      </trkpt>
      <trkpt lat="18.511201" lon="99.214391">
        <ele>427.846049</ele>
        <time>2025-12-19T15:12:16.897000Z</time>
      </trkpt>
      <trkpt lat="18.511201" lon="99.21445">
        <ele>427.718179</ele>
        <time>2025-12-19T15:12:18.589000Z</time>
      </trkpt>
      <trkpt lat="18.511282" lon="99.214573">
        <ele>427.393625</ele>
        <time>2025-12-19T15:12:22.937000Z</time>
      </trkpt>
      <trkpt lat="18.511417" lon="99.214879">
        <ele>426.662174</ele>
        <time>2025-12-19T15:12:32.816000Z</time>
      </trkpt>
      <trkpt lat="18.511532" lon="99.215571">
        <ele>425.530849</ele>
        <time>2025-12-19T15:12:54.242000Z</time>
      </trkpt>
      <trkpt lat="18.511587" lon="99.216219">
        <ele>425.413553</ele>
        <time>2025-12-19T15:13:16.192000Z</time>
      </trkpt>
      <trkpt lat="18.511603" lon="99.216365">
        <ele>425.387055</ele>
        <time>2025-12-19T15:13:21.307000Z</time>
      </trkpt>
      <trkpt lat="18.51159" lon="99.216465">
        <ele>425.368858</ele>
        <time>2025-12-19T15:13:24.859000Z</time>
      </trkpt>
      <trkpt lat="18.511603" lon="99.216365">
        <ele>425.35066</ele>
        <time>2025-12-19T15:13:28.405000Z</time>
      </trkpt>
      <trkpt lat="18.511587" lon="99.216219">
        <ele>425.324162</ele>
        <time>2025-12-19T15:13:33.647000Z</time>
      </trkpt>
      <trkpt lat="18.511532" lon="99.215571">
        <ele>425.385972</ele>
        <time>2025-12-19T15:13:57.478000Z</time>
      </trkpt>
      <trkpt lat="18.511417" lon="99.214879">
        <ele>426.554677</ele>
        <time>2025-12-19T15:14:26.540000Z</time>
      </trkpt>
      <trkpt lat="18.511282" lon="99.214573">
        <ele>427.116112</ele>
        <time>2025-12-19T15:14:40.812000Z</time>
      </trkpt>
      <trkpt lat="18.511201" lon="99.21445">
        <ele>427.365228</ele>
        <time>2025-12-19T15:14:47.235000Z</time>
      </trkpt>
      <trkpt lat="18.511201" lon="99.214391">
        <ele>427.463376</ele>
        <time>2025-12-19T15:14:49.841000Z</time>
      </trkpt>
      <trkpt lat="18.511226" lon="99.214321">
        <ele>427.587809</ele>
        <time>2025-12-19T15:14:53.037000Z</time>
      </trkpt>
      <trkpt lat="18.511519" lon="99.21406">
        <ele>428.260651</ele>
        <time>2025-12-19T15:15:10.888000Z</time>
      </trkpt>
      <trkpt lat="18.511317" lon="99.213973">
        <ele>428.666964</ele>
        <time>2025-12-19T15:15:16.213000Z</time>
      </trkpt>
      <trkpt lat="18.511319" lon="99.213754">
        <ele>429.063804</ele>
        <time>2025-12-19T15:15:21.337000Z</time>
      </trkpt>
      <trkpt lat="18.511611" lon="99.213276">
        <ele>430.09409</ele>
        <time>2025-12-19T15:15:33.970000Z</time>
      </trkpt>
      <trkpt lat="18.511694" lon="99.21314">
        <ele>430.387143</ele>
        <time>2025-12-19T15:15:37.184000Z</time>
      </trkpt>
      <trkpt lat="18.51191" lon="99.212784">
        <ele>431.152948</ele>
        <time>2025-12-19T15:15:45.765000Z</time>
      </trkpt>
      <trkpt lat="18.512075" lon="99.21236">
        <ele>431.87774</ele>
        <time>2025-12-19T15:15:55.240000Z</time>
      </trkpt>
      <trkpt lat="18.512263" lon="99.211433">
        <ele>432.507104</ele>
        <time>2025-12-19T15:16:12.741000Z</time>
      </trkpt>
      <trkpt lat="18.51225" lon="99.211287">
        <ele>432.604461</ele>
        <time>2025-12-19T15:16:15.148000Z</time>
      </trkpt>
      <trkpt lat="18.512191" lon="99.210845">
        <ele>432.900803</ele>
        <time>2025-12-19T15:16:21.878000Z</time>
      </trkpt>
      <trkpt lat="18.51194" lon="99.210177">
        <ele>432.768125</ele>
        <time>2025-12-19T15:16:30.930000Z</time>
      </trkpt>
      <trkpt lat="18.510277" lon="99.208557">
        <ele>431.972727</ele>
        <time>2025-12-19T15:16:59.178000Z</time>
      </trkpt>
      <trkpt lat="18.510125" lon="99.208116">
        <ele>432.062427</ele>
        <time>2025-12-19T15:17:06.553000Z</time>
      </trkpt>
      <trkpt lat="18.509932" lon="99.207018">
        <ele>433.32359</ele>
        <time>2025-12-19T15:17:30.057000Z</time>
      </trkpt>
      <trkpt lat="18.509834" lon="99.20673">
        <ele>433.887257</ele>
        <time>2025-12-19T15:17:37.384000Z</time>
      </trkpt>
      <trkpt lat="18.509744" lon="99.206563">
        <ele>434.24111</ele>
        <time>2025-12-19T15:17:41.945000Z</time>
      </trkpt>
      <trkpt lat="18.509603" lon="99.206303">
        <ele>434.792865</ele>
        <time>2025-12-19T15:17:48.790000Z</time>
      </trkpt>
      <trkpt lat="18.509369" lon="99.205954">
        <ele>435.580257</ele>
        <time>2025-12-19T15:17:57.943000Z</time>
      </trkpt>
      <trkpt lat="18.509065" lon="99.20566">
        <ele>435.802934</ele>
        <time>2025-12-19T15:18:06.145000Z</time>
      </trkpt>
      <trkpt lat="18.508433" lon="99.205183">
        <ele>436.120616</ele>
        <time>2025-12-19T15:18:18.246000Z</time>
      </trkpt>
      <trkpt lat="18.507756" lon="99.20474">
        <ele>436.296464</ele>
        <time>2025-12-19T15:18:29.551000Z</time>
      </trkpt>
      <trkpt lat="18.507514" lon="99.204545">
        <ele>436.121773</ele>
        <time>2025-12-19T15:18:33.837000Z</time>
      </trkpt>
      <trkpt lat="18.50725" lon="99.204333">
        <ele>435.931442</ele>
        <time>2025-12-19T15:18:38.443000Z</time>
      </trkpt>
      <trkpt lat="18.507102" lon="99.204182">
        <ele>435.813323</ele>
        <time>2025-12-19T15:18:41.275000Z</time>
      </trkpt>
      <trkpt lat="18.505723" lon="99.202913">
        <ele>434.266121</ele>
        <time>2025-12-19T15:19:03.841000Z</time>
      </trkpt>
      <trkpt lat="18.505088" lon="99.202256">
        <ele>433.415308</ele>
        <time>2025-12-19T15:19:14.240000Z</time>
      </trkpt>
      <trkpt lat="18.504992" lon="99.202152">
        <ele>433.375826</ele>
        <time>2025-12-19T15:19:15.887000Z</time>
      </trkpt>
      <trkpt lat="18.504611" lon="99.201678">
        <ele>433.206794</ele>
        <time>2025-12-19T15:19:23.274000Z</time>
      </trkpt>
      <trkpt lat="18.504069" lon="99.200931">
        <ele>432.950927</ele>
        <time>2025-12-19T15:19:36.904000Z</time>
      </trkpt>
      <trkpt lat="18.503873" lon="99.200733">
        <ele>433.060641</ele>
        <time>2025-12-19T15:19:42.005000Z</time>
      </trkpt>
      <trkpt lat="18.50364" lon="99.20058">
        <ele>433.228258</ele>
        <time>2025-12-19T15:19:47.498000Z</time>
      </trkpt>
      <trkpt lat="18.502236" lon="99.199856">
        <ele>433.589537</ele>
        <time>2025-12-19T15:20:15.887000Z</time>
      </trkpt>
      <trkpt lat="18.502178" lon="99.199826">
        <ele>433.474306</ele>
        <time>2025-12-19T15:20:16.701000Z</time>
      </trkpt>
      <trkpt lat="18.500849" lon="99.199194">
        <ele>430.873835</ele>
        <time>2025-12-19T15:20:32.157000Z</time>
      </trkpt>
      <trkpt lat="18.50057" lon="99.199033">
        <ele>430.447184</ele>
        <time>2025-12-19T15:20:35.414000Z</time>
      </trkpt>
      <trkpt lat="18.500449" lon="99.198921">
        <ele>430.238192</ele>
        <time>2025-12-19T15:20:37.085000Z</time>
      </trkpt>
      <trkpt lat="18.500358" lon="99.19876">
        <ele>430.007474</ele>
        <time>2025-12-19T15:20:38.977000Z</time>
      </trkpt>
      <trkpt lat="18.500329" lon="99.1986">
        <ele>429.806952</ele>
        <time>2025-12-19T15:20:40.668000Z</time>
      </trkpt>
      <trkpt lat="18.500326" lon="99.198317">
        <ele>429.458564</ele>
        <time>2025-12-19T15:20:43.769000Z</time>
      </trkpt>
      <trkpt lat="18.500295" lon="99.197794">
        <ele>428.813507</ele>
        <time>2025-12-19T15:20:50.306000Z</time>
      </trkpt>
      <trkpt lat="18.500253" lon="99.197404">
        <ele>428.517592</ele>
        <time>2025-12-19T15:20:56.620000Z</time>
      </trkpt>
      <trkpt lat="18.500166" lon="99.197124">
        <ele>428.584672</ele>
        <time>2025-12-19T15:21:01.735000Z</time>
      </trkpt>
      <trkpt lat="18.500007" lon="99.196899">
        <ele>428.648554</ele>
        <time>2025-12-19T15:21:06.639000Z</time>
      </trkpt>
      <trkpt lat="18.499727" lon="99.196622">
        <ele>428.740725</ele>
        <time>2025-12-19T15:21:13.681000Z</time>
      </trkpt>
      <trkpt lat="18.497435" lon="99.195001">
        <ele>428.059656</ele>
        <time>2025-12-19T15:21:51.291000Z</time>
      </trkpt>
      <trkpt lat="18.495164" lon="99.193295">
        <ele>426.323451</ele>
        <time>2025-12-19T15:22:26.317000Z</time>
      </trkpt>
      <trkpt lat="18.494676" lon="99.192872">
        <ele>426.060219</ele>
        <time>2025-12-19T15:22:35.718000Z</time>
      </trkpt>
      <trkpt lat="18.494192" lon="99.192349">
        <ele>426.408015</ele>
        <time>2025-12-19T15:22:47.555000Z</time>
      </trkpt>
      <trkpt lat="18.493685" lon="99.191671">
        <ele>426.818954</ele>
        <time>2025-12-19T15:23:02.071000Z</time>
      </trkpt>
      <trkpt lat="18.492192" lon="99.189509">
        <ele>427.202545</ele>
        <time>2025-12-19T15:23:43.185000Z</time>
      </trkpt>
      <trkpt lat="18.492036" lon="99.189186">
        <ele>426.944383</ele>
        <time>2025-12-19T15:23:47.474000Z</time>
      </trkpt>
      <trkpt lat="18.491493" lon="99.187461">
        <ele>425.895741</ele>
        <time>2025-12-19T15:24:07.711000Z</time>
      </trkpt>
      <trkpt lat="18.491153" lon="99.186496">
        <ele>425.479965</ele>
        <time>2025-12-19T15:24:23.061000Z</time>
      </trkpt>
      <trkpt lat="18.491089" lon="99.186357">
        <ele>425.45338</ele>
        <time>2025-12-19T15:24:25.609000Z</time>
      </trkpt>
      <trkpt lat="18.49063" lon="99.185548">
        <ele>425.471093</ele>
        <time>2025-12-19T15:24:39.636000Z</time>
      </trkpt>
      <trkpt lat="18.490469" lon="99.185268">
        <ele>425.477246</ele>
        <time>2025-12-19T15:24:43.814000Z</time>
      </trkpt>
      <trkpt lat="18.490286" lon="99.184834">
        <ele>425.48617</ele>
        <time>2025-12-19T15:24:49.997000Z</time>
      </trkpt>
      <trkpt lat="18.490233" lon="99.184534">
        <ele>425.525196</ele>
        <time>2025-12-19T15:24:54.165000Z</time>
      </trkpt>
      <trkpt lat="18.490145" lon="99.184256">
        <ele>425.571615</ele>
        <time>2025-12-19T15:24:58.291000Z</time>
      </trkpt>
      <trkpt lat="18.489812" lon="99.183708">
        <ele>425.674699</ele>
        <time>2025-12-19T15:25:07.741000Z</time>
      </trkpt>
      <trkpt lat="18.489555" lon="99.183491">
        <ele>425.729685</ele>
        <time>2025-12-19T15:25:12.957000Z</time>
      </trkpt>
      <trkpt lat="18.489073" lon="99.183228">
        <ele>425.959019</ele>
        <time>2025-12-19T15:25:21.972000Z</time>
      </trkpt>
      <trkpt lat="18.48851" lon="99.182843">
        <ele>426.549155</ele>
        <time>2025-12-19T15:25:34.068000Z</time>
      </trkpt>
      <trkpt lat="18.488039" lon="99.182362">
        <ele>427.125802</ele>
        <time>2025-12-19T15:25:46.660000Z</time>
      </trkpt>
      <trkpt lat="18.486988" lon="99.181181">
        <ele>428.18132</ele>
        <time>2025-12-19T15:26:15.812000Z</time>
      </trkpt>
      <trkpt lat="18.486583" lon="99.180788">
        <ele>428.521309</ele>
        <time>2025-12-19T15:26:24.362000Z</time>
      </trkpt>
      <trkpt lat="18.485666" lon="99.180128">
        <ele>427.65176</ele>
        <time>2025-12-19T15:26:38.181000Z</time>
      </trkpt>
      <trkpt lat="18.485207" lon="99.179868">
        <ele>427.243686</ele>
        <time>2025-12-19T15:26:44.625000Z</time>
      </trkpt>
      <trkpt lat="18.484278" lon="99.179356">
        <ele>425.918958</ele>
        <time>2025-12-19T15:26:57.288000Z</time>
      </trkpt>
      <trkpt lat="18.483353" lon="99.178877">
        <ele>424.53763</ele>
        <time>2025-12-19T15:27:08.994000Z</time>
      </trkpt>
      <trkpt lat="18.482421" lon="99.178341">
        <ele>423.176486</ele>
        <time>2025-12-19T15:27:20.983000Z</time>
      </trkpt>
      <trkpt lat="18.482126" lon="99.178117">
        <ele>422.710385</ele>
        <time>2025-12-19T15:27:25.640000Z</time>
      </trkpt>
      <trkpt lat="18.481883" lon="99.177857">
        <ele>422.353287</ele>
        <time>2025-12-19T15:27:30.231000Z</time>
      </trkpt>
      <trkpt lat="18.481767" lon="99.177679">
        <ele>422.275818</ele>
        <time>2025-12-19T15:27:33.021000Z</time>
      </trkpt>
      <trkpt lat="18.481669" lon="99.177532">
        <ele>422.211366</ele>
        <time>2025-12-19T15:27:35.410000Z</time>
      </trkpt>
      <trkpt lat="18.481066" lon="99.176669">
        <ele>421.826868</ele>
        <time>2025-12-19T15:27:49.846000Z</time>
      </trkpt>
      <trkpt lat="18.4805" lon="99.175853">
        <ele>421.013974</ele>
        <time>2025-12-19T15:28:02.099000Z</time>
      </trkpt>
      <trkpt lat="18.480425" lon="99.175738">
        <ele>420.871942</ele>
        <time>2025-12-19T15:28:03.731000Z</time>
      </trkpt>
      <trkpt lat="18.479148" lon="99.173914">
        <ele>418.155524</ele>
        <time>2025-12-19T15:28:28.795000Z</time>
      </trkpt>
      <trkpt lat="18.477509" lon="99.171605">
        <ele>414.226475</ele>
        <time>2025-12-19T15:29:00.325000Z</time>
      </trkpt>
      <trkpt lat="18.476602" lon="99.170333">
        <ele>412.482514</ele>
        <time>2025-12-19T15:29:18.246000Z</time>
      </trkpt>
      <trkpt lat="18.476449" lon="99.169998">
        <ele>412.520637</ele>
        <time>2025-12-19T15:29:22.898000Z</time>
      </trkpt>
      <trkpt lat="18.47636" lon="99.169758">
        <ele>412.564872</ele>
        <time>2025-12-19T15:29:26.338000Z</time>
      </trkpt>
      <trkpt lat="18.476246" lon="99.169205">
        <ele>412.662014</ele>
        <time>2025-12-19T15:29:34.890000Z</time>
      </trkpt>
      <trkpt lat="18.476119" lon="99.168869">
        <ele>412.724103</ele>
        <time>2025-12-19T15:29:40.979000Z</time>
      </trkpt>
      <trkpt lat="18.475857" lon="99.16847">
        <ele>412.874551</ele>
        <time>2025-12-19T15:29:49.600000Z</time>
      </trkpt>
      <trkpt lat="18.475487" lon="99.168043">
        <ele>413.282677</ele>
        <time>2025-12-19T15:29:59.858000Z</time>
      </trkpt>
      <trkpt lat="18.475279" lon="99.167725">
        <ele>413.555261</ele>
        <time>2025-12-19T15:30:06.483000Z</time>
      </trkpt>
      <trkpt lat="18.475175" lon="99.167406">
        <ele>413.79329</ele>
        <time>2025-12-19T15:30:12.026000Z</time>
      </trkpt>
      <trkpt lat="18.474987" lon="99.166354">
        <ele>414.567889</ele>
        <time>2025-12-19T15:30:29.206000Z</time>
      </trkpt>
      <trkpt lat="18.474682" lon="99.164833">
        <ele>415.580051</ele>
        <time>2025-12-19T15:30:56.320000Z</time>
      </trkpt>
      <trkpt lat="18.474588" lon="99.164494">
        <ele>415.657985</ele>
        <time>2025-12-19T15:31:02.417000Z</time>
      </trkpt>
      <trkpt lat="18.474446" lon="99.164139">
        <ele>415.743001</ele>
        <time>2025-12-19T15:31:08.501000Z</time>
      </trkpt>
      <trkpt lat="18.474153" lon="99.163689">
        <ele>415.863443</ele>
        <time>2025-12-19T15:31:15.974000Z</time>
      </trkpt>
      <trkpt lat="18.473618" lon="99.16303">
        <ele>415.833924</ele>
        <time>2025-12-19T15:31:26.700000Z</time>
      </trkpt>
      <trkpt lat="18.473478" lon="99.16278">
        <ele>415.773552</ele>
        <time>2025-12-19T15:31:30.292000Z</time>
      </trkpt>
      <trkpt lat="18.472932" lon="99.16052">
        <ele>415.045688</ele>
        <time>2025-12-19T15:32:03.606000Z</time>
      </trkpt>
      <trkpt lat="18.472863" lon="99.160333">
        <ele>414.964708</ele>
        <time>2025-12-19T15:32:05.978000Z</time>
      </trkpt>
      <trkpt lat="18.472815" lon="99.16021">
        <ele>414.91103</ele>
        <time>2025-12-19T15:32:07.511000Z</time>
      </trkpt>
      <trkpt lat="18.472339" lon="99.159191">
        <ele>413.741471</ele>
        <time>2025-12-19T15:32:19.915000Z</time>
      </trkpt>
      <trkpt lat="18.47223" lon="99.158974">
        <ele>413.428048</ele>
        <time>2025-12-19T15:32:22.575000Z</time>
      </trkpt>
      <trkpt lat="18.472101" lon="99.158802">
        <ele>413.148164</ele>
        <time>2025-12-19T15:32:24.965000Z</time>
      </trkpt>
      <trkpt lat="18.472042" lon="99.158682">
        <ele>412.97564</ele>
        <time>2025-12-19T15:32:26.445000Z</time>
      </trkpt>
      <trkpt lat="18.471813" lon="99.158586">
        <ele>412.643999</ele>
        <time>2025-12-19T15:32:29.321000Z</time>
      </trkpt>
      <trkpt lat="18.471427" lon="99.158479">
        <ele>412.154429</ele>
        <time>2025-12-19T15:32:34.135000Z</time>
      </trkpt>
      <trkpt lat="18.470927" lon="99.158333">
        <ele>411.586883</ele>
        <time>2025-12-19T15:32:40.524000Z</time>
      </trkpt>
      <trkpt lat="18.470732" lon="99.158208">
        <ele>411.337237</ele>
        <time>2025-12-19T15:32:43.292000Z</time>
      </trkpt>
      <trkpt lat="18.470574" lon="99.158037">
        <ele>411.089544</ele>
        <time>2025-12-19T15:32:46.027000Z</time>
      </trkpt>
      <trkpt lat="18.468976" lon="99.155084">
        <ele>407.205098</ele>
        <time>2025-12-19T15:33:24.879000Z</time>
      </trkpt>
      <trkpt lat="18.468696" lon="99.154259">
        <ele>405.969306</ele>
        <time>2025-12-19T15:33:34.169000Z</time>
      </trkpt>
      <trkpt lat="18.468681" lon="99.154205">
        <ele>405.889948</ele>
        <time>2025-12-19T15:33:34.753000Z</time>
      </trkpt>
      <trkpt lat="18.468696" lon="99.154259">
        <ele>405.810589</ele>
        <time>2025-12-19T15:33:35.346000Z</time>
      </trkpt>
      <trkpt lat="18.468478" lon="99.154347">
        <ele>405.533399</ele>
        <time>2025-12-19T15:33:39.041000Z</time>
      </trkpt>
      <trkpt lat="18.468302" lon="99.154513">
        <ele>405.284</ele>
        <time>2025-12-19T15:33:42.854000Z</time>
      </trkpt>
      <trkpt lat="18.468136" lon="99.154847">
        <ele>404.906277</ele>
        <time>2025-12-19T15:33:48.723000Z</time>
      </trkpt>
      <trkpt lat="18.468137" lon="99.155166">
        <ele>404.586728</ele>
        <time>2025-12-19T15:33:53.840000Z</time>
      </trkpt>
      <trkpt lat="18.468822" lon="99.156955">
        <ele>403.328724</ele>
        <time>2025-12-19T15:34:28.897000Z</time>
      </trkpt>
      <trkpt lat="18.469491" lon="99.158865">
        <ele>401.720303</ele>
        <time>2025-12-19T15:35:03.830000Z</time>
      </trkpt>
      <trkpt lat="18.469699" lon="99.159507">
        <ele>401.045945</ele>
        <time>2025-12-19T15:35:14.115000Z</time>
      </trkpt>
      <trkpt lat="18.46967" lon="99.160081">
        <ele>400.541148</ele>
        <time>2025-12-19T15:35:22.852000Z</time>
      </trkpt>
      <trkpt lat="18.469565" lon="99.160377">
        <ele>400.263618</ele>
        <time>2025-12-19T15:35:27.849000Z</time>
      </trkpt>
      <trkpt lat="18.469276" lon="99.160946">
        <ele>399.696792</ele>
        <time>2025-12-19T15:35:38.910000Z</time>
      </trkpt>
      <trkpt lat="18.469093" lon="99.161064">
        <ele>399.498179</ele>
        <time>2025-12-19T15:35:43.266000Z</time>
      </trkpt>
      <trkpt lat="18.468531" lon="99.161348">
        <ele>399.900229</ele>
        <time>2025-12-19T15:35:57.349000Z</time>
      </trkpt>
      <trkpt lat="18.468226" lon="99.161498">
        <ele>400.173331</ele>
        <time>2025-12-19T15:36:05.446000Z</time>
      </trkpt>
      <trkpt lat="18.46779" lon="99.161644">
        <ele>400.544548</ele>
        <time>2025-12-19T15:36:16.714000Z</time>
      </trkpt>
      <trkpt lat="18.467053" lon="99.161941">
        <ele>401.252431</ele>
        <time>2025-12-19T15:36:36.312000Z</time>
      </trkpt>
      <trkpt lat="18.465828" lon="99.162573">
        <ele>402.624224</ele>
        <time>2025-12-19T15:37:09.761000Z</time>
      </trkpt>
      <trkpt lat="18.46577" lon="99.162604">
        <ele>402.689632</ele>
        <time>2025-12-19T15:37:11.262000Z</time>
      </trkpt>
      <trkpt lat="18.465695" lon="99.162486">
        <ele>402.716074</ele>
        <time>2025-12-19T15:37:14.315000Z</time>
      </trkpt>
      <trkpt lat="18.465527" lon="99.162119">
        <ele>402.731252</ele>
        <time>2025-12-19T15:37:22.779000Z</time>
      </trkpt>
      <trkpt lat="18.465332" lon="99.161696">
        <ele>402.748769</ele>
        <time>2025-12-19T15:37:32.028000Z</time>
      </trkpt>
      <trkpt lat="18.465222" lon="99.161418">
        <ele>402.759989</ele>
        <time>2025-12-19T15:37:37.648000Z</time>
      </trkpt>
      <trkpt lat="18.465189" lon="99.161278">
        <ele>402.765362</ele>
        <time>2025-12-19T15:37:40.294000Z</time>
      </trkpt>
      <trkpt lat="18.465271" lon="99.161269">
        <ele>402.768599</ele>
        <time>2025-12-19T15:37:41.863000Z</time>
      </trkpt>
      <trkpt lat="18.464741" lon="99.160699">
        <ele>402.485347</ele>
        <time>2025-12-19T15:37:55.694000Z</time>
      </trkpt>
      <trkpt lat="18.464433" lon="99.160473">
        <ele>402.212865</ele>
        <time>2025-12-19T15:38:02.475000Z</time>
      </trkpt>
      <trkpt lat="18.464017" lon="99.160235">
        <ele>401.869186</ele>
        <time>2025-12-19T15:38:10.995000Z</time>
      </trkpt>
      <trkpt lat="18.463787" lon="99.160005">
        <ele>401.638998</ele>
        <time>2025-12-19T15:38:16.660000Z</time>
      </trkpt>
      <trkpt lat="18.463512" lon="99.15969">
        <ele>401.367698</ele>
        <time>2025-12-19T15:38:23.759000Z</time>
      </trkpt>
      <trkpt lat="18.463172" lon="99.15921">
        <ele>401.028684</ele>
        <time>2025-12-19T15:38:33.263000Z</time>
      </trkpt>
      <trkpt lat="18.463027" lon="99.158946">
        <ele>400.856048</ele>
        <time>2025-12-19T15:38:38.293000Z</time>
      </trkpt>
      <trkpt lat="18.463113" lon="99.158758">
        <ele>400.737933</ele>
        <time>2025-12-19T15:38:41.925000Z</time>
      </trkpt>
      <trkpt lat="18.463134" lon="99.158548">
        <ele>400.618435</ele>
        <time>2025-12-19T15:38:45.798000Z</time>
      </trkpt>
      <trkpt lat="18.463079" lon="99.158387">
        <ele>400.521596</ele>
        <time>2025-12-19T15:38:49.166000Z</time>
      </trkpt>
      <trkpt lat="18.46299" lon="99.15826">
        <ele>400.43224</ele>
        <time>2025-12-19T15:38:52.324000Z</time>
      </trkpt>
      <trkpt lat="18.462932" lon="99.158229">
        <ele>400.423161</ele>
        <time>2025-12-19T15:38:53.713000Z</time>
      </trkpt>
      <trkpt lat="18.462817" lon="99.15824">
        <ele>400.565259</ele>
        <time>2025-12-19T15:38:56.177000Z</time>
      </trkpt>
      <trkpt lat="18.462695" lon="99.158376">
        <ele>400.783754</ele>
        <time>2025-12-19T15:39:00.063000Z</time>
      </trkpt>
      <trkpt lat="18.462407" lon="99.158904">
        <ele>401.494697</ele>
        <time>2025-12-19T15:39:14.303000Z</time>
      </trkpt>
      <trkpt lat="18.462328" lon="99.159146">
        <ele>401.793433</ele>
        <time>2025-12-19T15:39:21.224000Z</time>
      </trkpt>
      <trkpt lat="18.462075" lon="99.159912">
        <ele>402.756504</ele>
        <time>2025-12-19T15:39:42.477000Z</time>
      </trkpt>
      <trkpt lat="18.461965" lon="99.160294">
        <ele>403.28391</ele>
        <time>2025-12-19T15:39:51.995000Z</time>
      </trkpt>
      <trkpt lat="18.461452" lon="99.160187">
        <ele>404.01226</ele>
        <time>2025-12-19T15:40:05.050000Z</time>
      </trkpt>
      <trkpt lat="18.461277" lon="99.160125">
        <ele>404.269393</ele>
        <time>2025-12-19T15:40:09.746000Z</time>
      </trkpt>
      <trkpt lat="18.461098" lon="99.160021">
        <ele>404.554056</ele>
        <time>2025-12-19T15:40:15.019000Z</time>
      </trkpt>
      <trkpt lat="18.460761" lon="99.159697">
        <ele>405.210187</ele>
        <time>2025-12-19T15:40:26.386000Z</time>
      </trkpt>
      <trkpt lat="18.460544" lon="99.159437">
        <ele>405.809056</ele>
        <time>2025-12-19T15:40:35.274000Z</time>
      </trkpt>
      <trkpt lat="18.460333" lon="99.159171">
        <ele>406.408678</ele>
        <time>2025-12-19T15:40:44.719000Z</time>
      </trkpt>
      <trkpt lat="18.45976" lon="99.158563">
        <ele>407.890777</ele>
        <time>2025-12-19T15:41:07.969000Z</time>
      </trkpt>
      <trkpt lat="18.459621" lon="99.158436">
        <ele>408.226104</ele>
        <time>2025-12-19T15:41:13.047000Z</time>
      </trkpt>
      <trkpt lat="18.459541" lon="99.158264">
        <ele>408.437781</ele>
        <time>2025-12-19T15:41:17.971000Z</time>
      </trkpt>
      <trkpt lat="18.459459" lon="99.157935">
        <ele>408.577041</ele>
        <time>2025-12-19T15:41:26.422000Z</time>
      </trkpt>
      <trkpt lat="18.459307" lon="99.157394">
        <ele>408.80803</ele>
        <time>2025-12-19T15:41:39.104000Z</time>
      </trkpt>
      <trkpt lat="18.459214" lon="99.157004">
        <ele>408.972658</ele>
        <time>2025-12-19T15:41:46.769000Z</time>
      </trkpt>
      <trkpt lat="18.459104" lon="99.15659">
        <ele>409.148667</ele>
        <time>2025-12-19T15:41:54.371000Z</time>
      </trkpt>
      <trkpt lat="18.458695" lon="99.155162">
        <ele>408.056411</ele>
        <time>2025-12-19T15:42:18.519000Z</time>
      </trkpt>
      <trkpt lat="18.458402" lon="99.154143">
        <ele>407.509241</ele>
        <time>2025-12-19T15:42:37.626000Z</time>
      </trkpt>
      <trkpt lat="18.45824" lon="99.153712">
        <ele>407.372724</ele>
        <time>2025-12-19T15:42:46.875000Z</time>
      </trkpt>
      <trkpt lat="18.457431" lon="99.152122">
        <ele>406.342304</ele>
        <time>2025-12-19T15:43:18.778000Z</time>
      </trkpt>
      <trkpt lat="18.45733" lon="99.15203">
        <ele>406.227924</ele>
        <time>2025-12-19T15:43:20.984000Z</time>
      </trkpt>
      <trkpt lat="18.456622" lon="99.151643">
        <ele>405.581808</ele>
        <time>2025-12-19T15:43:34.217000Z</time>
      </trkpt>
      <trkpt lat="18.456378" lon="99.15159">
        <ele>405.571746</ele>
        <time>2025-12-19T15:43:38.463000Z</time>
      </trkpt>
      <trkpt lat="18.455871" lon="99.151601">
        <ele>405.551263</ele>
        <time>2025-12-19T15:43:47.991000Z</time>
      </trkpt>
      <trkpt lat="18.455666" lon="99.151528">
        <ele>405.542524</ele>
        <time>2025-12-19T15:43:52.584000Z</time>
      </trkpt>
      <trkpt lat="18.455424" lon="99.151408">
        <ele>405.531722</ele>
        <time>2025-12-19T15:43:58.537000Z</time>
      </trkpt>
      <trkpt lat="18.455146" lon="99.151214">
        <ele>405.518256</ele>
        <time>2025-12-19T15:44:06.244000Z</time>
      </trkpt>
      <trkpt lat="18.455023" lon="99.151067">
        <ele>405.514212</ele>
        <time>2025-12-19T15:44:10.625000Z</time>
      </trkpt>
      <trkpt lat="18.454946" lon="99.150905">
        <ele>405.600459</ele>
        <time>2025-12-19T15:44:14.721000Z</time>
      </trkpt>
      <trkpt lat="18.454832" lon="99.150492">
        <ele>405.805193</ele>
        <time>2025-12-19T15:44:24.379000Z</time>
      </trkpt>
      <trkpt lat="18.454631" lon="99.150088">
        <ele>406.022335</ele>
        <time>2025-12-19T15:44:34.216000Z</time>
      </trkpt>
      <trkpt lat="18.454432" lon="99.149801">
        <ele>406.191547</ele>
        <time>2025-12-19T15:44:41.453000Z</time>
      </trkpt>
      <trkpt lat="18.454369" lon="99.149732">
        <ele>406.237132</ele>
        <time>2025-12-19T15:44:43.395000Z</time>
      </trkpt>
      <trkpt lat="18.453461" lon="99.148685">
        <ele>406.149482</ele>
        <time>2025-12-19T15:45:11.167000Z</time>
      </trkpt>
      <trkpt lat="18.453338" lon="99.148445">
        <ele>406.08075</ele>
        <time>2025-12-19T15:45:15.939000Z</time>
      </trkpt>
      <trkpt lat="18.453347" lon="99.148172">
        <ele>406.011922</ele>
        <time>2025-12-19T15:45:20.617000Z</time>
      </trkpt>
      <trkpt lat="18.453517" lon="99.147299">
        <ele>405.55549</ele>
        <time>2025-12-19T15:45:35.495000Z</time>
      </trkpt>
      <trkpt lat="18.453524" lon="99.147107">
        <ele>405.431436</ele>
        <time>2025-12-19T15:45:38.702000Z</time>
      </trkpt>
      <trkpt lat="18.453495" lon="99.146976">
        <ele>405.344585</ele>
        <time>2025-12-19T15:45:40.946000Z</time>
      </trkpt>
      <trkpt lat="18.453416" lon="99.146839">
        <ele>405.241071</ele>
        <time>2025-12-19T15:45:43.652000Z</time>
      </trkpt>
      <trkpt lat="18.453053" lon="99.146332">
        <ele>404.830956</ele>
        <time>2025-12-19T15:45:54.645000Z</time>
      </trkpt>
      <trkpt lat="18.452101" lon="99.145098">
        <ele>404.391538</ele>
        <time>2025-12-19T15:46:23.770000Z</time>
      </trkpt>
      <trkpt lat="18.451813" lon="99.144897">
        <ele>404.30864</ele>
        <time>2025-12-19T15:46:30.596000Z</time>
      </trkpt>
      <trkpt lat="18.45169" lon="99.144788">
        <ele>404.274972</ele>
        <time>2025-12-19T15:46:33.763000Z</time>
      </trkpt>
      <trkpt lat="18.450955" lon="99.143782">
        <ele>404.130373</ele>
        <time>2025-12-19T15:46:57.656000Z</time>
      </trkpt>
      <trkpt lat="18.450857" lon="99.143668">
        <ele>404.112854</ele>
        <time>2025-12-19T15:47:00.552000Z</time>
      </trkpt>
      <trkpt lat="18.450648" lon="99.143264">
        <ele>404.050028</ele>
        <time>2025-12-19T15:47:09.323000Z</time>
      </trkpt>
      <trkpt lat="18.450318" lon="99.142255">
        <ele>403.566751</ele>
        <time>2025-12-19T15:47:28.978000Z</time>
      </trkpt>
      <trkpt lat="18.450183" lon="99.141757">
        <ele>403.332225</ele>
        <time>2025-12-19T15:47:37.744000Z</time>
      </trkpt>
      <trkpt lat="18.450513" lon="99.14155">
        <ele>403.114592</ele>
        <time>2025-12-19T15:47:44.429000Z</time>
      </trkpt>
      <trkpt lat="18.450467" lon="99.14111">
        <ele>402.79226</ele>
        <time>2025-12-19T15:47:51.697000Z</time>
      </trkpt>
      <trkpt lat="18.450398" lon="99.14092">
        <ele>402.644117</ele>
        <time>2025-12-19T15:47:54.968000Z</time>
      </trkpt>
      <trkpt lat="18.450258" lon="99.140693">
        <ele>402.44696</ele>
        <time>2025-12-19T15:47:59.334000Z</time>
      </trkpt>
      <trkpt lat="18.449452" lon="99.13964">
        <ele>401.492092</ele>
        <time>2025-12-19T15:48:23.336000Z</time>
      </trkpt>
      <trkpt lat="18.4493" lon="99.1394">
        <ele>401.299548</ele>
        <time>2025-12-19T15:48:28.493000Z</time>
      </trkpt>
      <trkpt lat="18.448724" lon="99.138296">
        <ele>400.423495</ele>
        <time>2025-12-19T15:48:49.607000Z</time>
      </trkpt>
      <trkpt lat="18.44866" lon="99.138041">
        <ele>400.185688</ele>
        <time>2025-12-19T15:48:53.855000Z</time>
      </trkpt>
      <trkpt lat="18.448586" lon="99.137804">
        <ele>399.960743</ele>
        <time>2025-12-19T15:48:57.862000Z</time>
      </trkpt>
      <trkpt lat="18.448475" lon="99.137557">
        <ele>399.714334</ele>
        <time>2025-12-19T15:49:02.255000Z</time>
      </trkpt>
      <trkpt lat="18.448075" lon="99.136803">
        <ele>398.935481</ele>
        <time>2025-12-19T15:49:16.600000Z</time>
      </trkpt>
      <trkpt lat="18.448047" lon="99.136672">
        <ele>398.819726</ele>
        <time>2025-12-19T15:49:18.951000Z</time>
      </trkpt>
      <trkpt lat="18.448049" lon="99.136445">
        <ele>398.645473</ele>
        <time>2025-12-19T15:49:22.952000Z</time>
      </trkpt>
      <trkpt lat="18.448136" lon="99.136261">
        <ele>398.487662</ele>
        <time>2025-12-19T15:49:26.590000Z</time>
      </trkpt>
      <trkpt lat="18.4482" lon="99.136039">
        <ele>398.309559</ele>
        <time>2025-12-19T15:49:30.626000Z</time>
      </trkpt>
      <trkpt lat="18.448235" lon="99.135776">
        <ele>398.105703</ele>
        <time>2025-12-19T15:49:35.216000Z</time>
      </trkpt>
      <trkpt lat="18.448244" lon="99.135284">
        <ele>397.727973</ele>
        <time>2025-12-19T15:49:43.540000Z</time>
      </trkpt>
      <trkpt lat="18.448245" lon="99.134542">
        <ele>397.002757</ele>
        <time>2025-12-19T15:49:55.571000Z</time>
      </trkpt>
      <trkpt lat="18.448329" lon="99.133828">
        <ele>396.086714</ele>
        <time>2025-12-19T15:50:06.954000Z</time>
      </trkpt>
      <trkpt lat="18.448318" lon="99.133648">
        <ele>395.85706</ele>
        <time>2025-12-19T15:50:09.800000Z</time>
      </trkpt>
      <trkpt lat="18.448183" lon="99.133098">
        <ele>395.133726</ele>
        <time>2025-12-19T15:50:18.745000Z</time>
      </trkpt>
      <trkpt lat="18.448127" lon="99.132093">
        <ele>393.449458</ele>
        <time>2025-12-19T15:50:34.295000Z</time>
      </trkpt>
      <trkpt lat="18.448162" lon="99.132005">
        <ele>393.284641</ele>
        <time>2025-12-19T15:50:35.772000Z</time>
      </trkpt>
      <trkpt lat="18.448429" lon="99.131673">
        <ele>392.532849</ele>
        <time>2025-12-19T15:50:42.455000Z</time>
      </trkpt>
      <trkpt lat="18.44852" lon="99.131633">
        <ele>392.353327</ele>
        <time>2025-12-19T15:50:44.036000Z</time>
      </trkpt>
      <trkpt lat="18.448631" lon="99.131641">
        <ele>392.150745</ele>
        <time>2025-12-19T15:50:45.837000Z</time>
      </trkpt>
      <trkpt lat="18.448845" lon="99.131711">
        <ele>391.742762</ele>
        <time>2025-12-19T15:50:49.347000Z</time>
      </trkpt>
      <trkpt lat="18.44913" lon="99.131999">
        <ele>390.657542</ele>
        <time>2025-12-19T15:50:55.290000Z</time>
      </trkpt>
      <trkpt lat="18.449537" lon="99.132272">
        <ele>389.307082</ele>
        <time>2025-12-19T15:51:02.356000Z</time>
      </trkpt>
      <trkpt lat="18.449465" lon="99.131593">
        <ele>387.492731</ele>
        <time>2025-12-19T15:51:11.751000Z</time>
      </trkpt>
      <trkpt lat="18.449318" lon="99.130847">
        <ele>386.205437</ele>
        <time>2025-12-19T15:51:22.572000Z</time>
      </trkpt>
      <trkpt lat="18.44916" lon="99.129566">
        <ele>384.877373</ele>
        <time>2025-12-19T15:51:45.073000Z</time>
      </trkpt>
      <trkpt lat="18.449032" lon="99.128664">
        <ele>384.534548</ele>
        <time>2025-12-19T15:52:02.994000Z</time>
      </trkpt>
      <trkpt lat="18.449009" lon="99.128126">
        <ele>384.402387</ele>
        <time>2025-12-19T15:52:12.579000Z</time>
      </trkpt>
      <trkpt lat="18.449059" lon="99.127772">
        <ele>384.314556</ele>
        <time>2025-12-19T15:52:18.890000Z</time>
      </trkpt>
      <trkpt lat="18.449048" lon="99.127431">
        <ele>384.195657</ele>
        <time>2025-12-19T15:52:25.009000Z</time>
      </trkpt>
      <trkpt lat="18.448962" lon="99.12731">
        <ele>384.106186</ele>
        <time>2025-12-19T15:52:27.740000Z</time>
      </trkpt>
      <trkpt lat="18.44881" lon="99.127178">
        <ele>383.983335</ele>
        <time>2025-12-19T15:52:31.513000Z</time>
      </trkpt>
      <trkpt lat="18.448774" lon="99.127085">
        <ele>383.923896</ele>
        <time>2025-12-19T15:52:33.268000Z</time>
      </trkpt>
      <trkpt lat="18.448699" lon="99.126365">
        <ele>383.495271</ele>
        <time>2025-12-19T15:52:45.808000Z</time>
      </trkpt>
      <trkpt lat="18.44867" lon="99.126071">
        <ele>383.320356</ele>
        <time>2025-12-19T15:52:50.874000Z</time>
      </trkpt>
      <trkpt lat="18.448581" lon="99.125261">
        <ele>382.794286</ele>
        <time>2025-12-19T15:53:04.379000Z</time>
      </trkpt>
      <trkpt lat="18.448482" lon="99.124549">
        <ele>382.305788</ele>
        <time>2025-12-19T15:53:16.172000Z</time>
      </trkpt>
      <trkpt lat="18.448383" lon="99.124038">
        <ele>381.951741</ele>
        <time>2025-12-19T15:53:25.522000Z</time>
      </trkpt>
      <trkpt lat="18.44806" lon="99.122965">
        <ele>381.527581</ele>
        <time>2025-12-19T15:53:46.471000Z</time>
      </trkpt>
      <trkpt lat="18.447669" lon="99.122059">
        <ele>381.186383</ele>
        <time>2025-12-19T15:54:04.114000Z</time>
      </trkpt>
      <trkpt lat="18.447435" lon="99.1212">
        <ele>380.712515</ele>
        <time>2025-12-19T15:54:19.598000Z</time>
      </trkpt>
      <trkpt lat="18.447288" lon="99.120865">
        <ele>380.516807</ele>
        <time>2025-12-19T15:54:26.071000Z</time>
      </trkpt>
      <trkpt lat="18.447064" lon="99.120555">
        <ele>380.310183</ele>
        <time>2025-12-19T15:54:32.853000Z</time>
      </trkpt>
      <trkpt lat="18.446857" lon="99.120219">
        <ele>380.164708</ele>
        <time>2025-12-19T15:54:39.764000Z</time>
      </trkpt>
      <trkpt lat="18.446709" lon="99.119882">
        <ele>380.077251</ele>
        <time>2025-12-19T15:54:46.252000Z</time>
      </trkpt>
      <trkpt lat="18.446503" lon="99.119308">
        <ele>379.932721</ele>
        <time>2025-12-19T15:54:57.340000Z</time>
      </trkpt>
      <trkpt lat="18.446278" lon="99.118935">
        <ele>379.828622</ele>
        <time>2025-12-19T15:55:05.600000Z</time>
      </trkpt>
      <trkpt lat="18.44613" lon="99.118796">
        <ele>379.779413</ele>
        <time>2025-12-19T15:55:09.659000Z</time>
      </trkpt>
      <trkpt lat="18.445726" lon="99.11854">
        <ele>380.095056</ele>
        <time>2025-12-19T15:55:19.749000Z</time>
      </trkpt>
      <trkpt lat="18.445103" lon="99.118302">
        <ele>380.581827</ele>
        <time>2025-12-19T15:55:35.091000Z</time>
      </trkpt>
      <trkpt lat="18.445067" lon="99.118271">
        <ele>380.615973</ele>
        <time>2025-12-19T15:55:36.195000Z</time>
      </trkpt>
      <trkpt lat="18.445049" lon="99.118212">
        <ele>380.659161</ele>
        <time>2025-12-19T15:55:37.574000Z</time>
      </trkpt>
      <trkpt lat="18.44512" lon="99.118024">
        <ele>380.800169</ele>
        <time>2025-12-19T15:55:42.177000Z</time>
      </trkpt>
      <trkpt lat="18.445394" lon="99.117719">
        <ele>381.092888</ele>
        <time>2025-12-19T15:55:51.973000Z</time>
      </trkpt>
      <trkpt lat="18.445614" lon="99.117382">
        <ele>381.883072</ele>
        <time>2025-12-19T15:56:02Z</time>
      </trkpt>
      <trkpt lat="18.445708" lon="99.117275">
        <ele>382.164793</ele>
        <time>2025-12-19T15:56:05.735000Z</time>
      </trkpt>
      <trkpt lat="18.445767" lon="99.117243">
        <ele>382.29991</ele>
        <time>2025-12-19T15:56:07.524000Z</time>
      </trkpt>
      <trkpt lat="18.445829" lon="99.117247">
        <ele>382.426402</ele>
        <time>2025-12-19T15:56:09.223000Z</time>
      </trkpt>
      <trkpt lat="18.446106" lon="99.117436">
        <ele>383.098331</ele>
        <time>2025-12-19T15:56:18.348000Z</time>
      </trkpt>
      <trkpt lat="18.446184" lon="99.117424">
        <ele>383.258852</ele>
        <time>2025-12-19T15:56:20.577000Z</time>
      </trkpt>
      <trkpt lat="18.44683" lon="99.116916">
        <ele>384.952651</ele>
        <time>2025-12-19T15:56:45.034000Z</time>
      </trkpt>
      <trkpt lat="18.447084" lon="99.116603">
        <ele>386.038132</ele>
        <time>2025-12-19T15:56:57.851000Z</time>
      </trkpt>
      <trkpt lat="18.447319" lon="99.116368">
        <ele>386.937976</ele>
        <time>2025-12-19T15:57:08.886000Z</time>
      </trkpt>
      <trkpt lat="18.447564" lon="99.116016">
        <ele>388.088505</ele>
        <time>2025-12-19T15:57:23.073000Z</time>
      </trkpt>
      <trkpt lat="18.448011" lon="99.115331">
        <ele>389.7732</ele>
        <time>2025-12-19T15:57:46.432000Z</time>
      </trkpt>
      <trkpt lat="18.447939" lon="99.115215">
        <ele>389.787639</ele>
        <time>2025-12-19T15:57:49.064000Z</time>
      </trkpt>
      <trkpt lat="18.447755" lon="99.114896">
        <ele>389.826524</ele>
        <time>2025-12-19T15:57:55.346000Z</time>
      </trkpt>
      <trkpt lat="18.447621" lon="99.114676">
        <ele>389.853756</ele>
        <time>2025-12-19T15:57:59.180000Z</time>
      </trkpt>
      <trkpt lat="18.44753" lon="99.114474">
        <ele>389.877047</ele>
        <time>2025-12-19T15:58:01.928000Z</time>
      </trkpt>
      <trkpt lat="18.44718" lon="99.113778">
        <ele>389.866819</ele>
        <time>2025-12-19T15:58:10.771000Z</time>
      </trkpt>
      <trkpt lat="18.447" lon="99.113419">
        <ele>389.486919</ele>
        <time>2025-12-19T15:58:15.356000Z</time>
      </trkpt>
      <trkpt lat="18.446866" lon="99.113182">
        <ele>389.228792</ele>
        <time>2025-12-19T15:58:18.538000Z</time>
      </trkpt>
      <trkpt lat="18.446554" lon="99.112667">
        <ele>388.657096</ele>
        <time>2025-12-19T15:58:25.556000Z</time>
      </trkpt>
      <trkpt lat="18.445835" lon="99.111537">
        <ele>387.637371</ele>
        <time>2025-12-19T15:58:42.052000Z</time>
      </trkpt>
      <trkpt lat="18.445005" lon="99.110267">
        <ele>386.599221</ele>
        <time>2025-12-19T15:59:01.064000Z</time>
      </trkpt>
      <trkpt lat="18.444465" lon="99.109205">
        <ele>385.693561</ele>
        <time>2025-12-19T15:59:15.089000Z</time>
      </trkpt>
      <trkpt lat="18.44413" lon="99.108411">
        <ele>385.353834</ele>
        <time>2025-12-19T15:59:25.820000Z</time>
      </trkpt>
      <trkpt lat="18.443924" lon="99.107799">
        <ele>385.169336</ele>
        <time>2025-12-19T15:59:34.726000Z</time>
      </trkpt>
      <trkpt lat="18.4438" lon="99.107363">
        <ele>385.040015</ele>
        <time>2025-12-19T15:59:41.192000Z</time>
      </trkpt>
      <trkpt lat="18.443736" lon="99.107159">
        <ele>385.00424</ele>
        <time>2025-12-19T15:59:44.250000Z</time>
      </trkpt>
      <trkpt lat="18.443725" lon="99.10702">
        <ele>385.002189</ele>
        <time>2025-12-19T15:59:46.239000Z</time>
      </trkpt>
      <trkpt lat="18.443677" lon="99.10667">
        <ele>384.996989</ele>
        <time>2025-12-19T15:59:51.230000Z</time>
      </trkpt>
      <trkpt lat="18.443648" lon="99.106046">
        <ele>384.987803</ele>
        <time>2025-12-19T15:59:59.884000Z</time>
      </trkpt>
      <trkpt lat="18.443595" lon="99.105125">
        <ele>384.92609</ele>
        <time>2025-12-19T16:00:12.772000Z</time>
      </trkpt>
      <trkpt lat="18.443399" lon="99.10395">
        <ele>384.66754</ele>
        <time>2025-12-19T16:00:28.940000Z</time>
      </trkpt>
      <trkpt lat="18.443384" lon="99.10386">
        <ele>384.647736</ele>
        <time>2025-12-19T16:00:30.099000Z</time>
      </trkpt>
      <trkpt lat="18.443116" lon="99.102374">
        <ele>384.182439</ele>
        <time>2025-12-19T16:00:48.959000Z</time>
      </trkpt>
      <trkpt lat="18.443087" lon="99.101782">
        <ele>383.982437</ele>
        <time>2025-12-19T16:00:56.937000Z</time>
      </trkpt>
      <trkpt lat="18.443071" lon="99.101098">
        <ele>383.584441</ele>
        <time>2025-12-19T16:01:06.655000Z</time>
      </trkpt>
      <trkpt lat="18.443031" lon="99.100803">
        <ele>383.388163</ele>
        <time>2025-12-19T16:01:10.612000Z</time>
      </trkpt>
      <trkpt lat="18.442851" lon="99.100234">
        <ele>382.9931</ele>
        <time>2025-12-19T16:01:17.817000Z</time>
      </trkpt>
      <trkpt lat="18.442778" lon="99.100085">
        <ele>382.882645</ele>
        <time>2025-12-19T16:01:19.688000Z</time>
      </trkpt>
      <trkpt lat="18.44248" lon="99.099423">
        <ele>382.160602</ele>
        <time>2025-12-19T16:01:27.593000Z</time>
      </trkpt>
      <trkpt lat="18.442424" lon="99.099164">
        <ele>381.835114</ele>
        <time>2025-12-19T16:01:30.413000Z</time>
      </trkpt>
      <trkpt lat="18.442357" lon="99.098795">
        <ele>381.374775</ele>
        <time>2025-12-19T16:01:34.444000Z</time>
      </trkpt>
      <trkpt lat="18.442289" lon="99.098147">
        <ele>380.575945</ele>
        <time>2025-12-19T16:01:41.896000Z</time>
      </trkpt>
      <trkpt lat="18.442259" lon="99.097888">
        <ele>380.328056</ele>
        <time>2025-12-19T16:01:45.036000Z</time>
      </trkpt>
      <trkpt lat="18.442255" lon="99.097703">
        <ele>380.265963</ele>
        <time>2025-12-19T16:01:47.284000Z</time>
      </trkpt>
      <trkpt lat="18.442247" lon="99.09736">
        <ele>380.150835</ele>
        <time>2025-12-19T16:01:51.548000Z</time>
      </trkpt>
      <trkpt lat="18.442208" lon="99.097205">
        <ele>380.097027</ele>
        <time>2025-12-19T16:01:53.612000Z</time>
      </trkpt>
      <trkpt lat="18.442146" lon="99.096987">
        <ele>380.020661</ele>
        <time>2025-12-19T16:01:56.631000Z</time>
      </trkpt>
      <trkpt lat="18.442024" lon="99.096644">
        <ele>379.897744</ele>
        <time>2025-12-19T16:02:01.746000Z</time>
      </trkpt>
      <trkpt lat="18.441917" lon="99.096423">
        <ele>379.814487</ele>
        <time>2025-12-19T16:02:05.271000Z</time>
      </trkpt>
      <trkpt lat="18.441544" lon="99.095495">
        <ele>379.446921</ele>
        <time>2025-12-19T16:02:18.762000Z</time>
      </trkpt>
      <trkpt lat="18.441402" lon="99.095214">
        <ele>379.327152</ele>
        <time>2025-12-19T16:02:22.859000Z</time>
      </trkpt>
      <trkpt lat="18.441184" lon="99.094895">
        <ele>379.179256</ele>
        <time>2025-12-19T16:02:27.761000Z</time>
      </trkpt>
      <trkpt lat="18.440904" lon="99.094643">
        <ele>379.033261</ele>
        <time>2025-12-19T16:02:32.468000Z</time>
      </trkpt>
      <trkpt lat="18.440681" lon="99.094374">
        <ele>378.97747</ele>
        <time>2025-12-19T16:02:36.739000Z</time>
      </trkpt>
      <trkpt lat="18.439845" lon="99.093315">
        <ele>378.840524</ele>
        <time>2025-12-19T16:02:56.019000Z</time>
      </trkpt>
      <trkpt lat="18.439707" lon="99.09308">
        <ele>378.82379</ele>
        <time>2025-12-19T16:03:00.369000Z</time>
      </trkpt>
      <trkpt lat="18.439532" lon="99.092791">
        <ele>378.877253</ele>
        <time>2025-12-19T16:03:05.668000Z</time>
      </trkpt>
      <trkpt lat="18.439351" lon="99.092557">
        <ele>378.924334</ele>
        <time>2025-12-19T16:03:10.299000Z</time>
      </trkpt>
      <trkpt lat="18.438013" lon="99.090944">
        <ele>379.248104</ele>
        <time>2025-12-19T16:03:41.111000Z</time>
      </trkpt>
      <trkpt lat="18.437372" lon="99.090268">
        <ele>379.386553</ele>
        <time>2025-12-19T16:03:55.732000Z</time>
      </trkpt>
      <trkpt lat="18.436466" lon="99.089496">
        <ele>378.70473</ele>
        <time>2025-12-19T16:04:12.281000Z</time>
      </trkpt>
      <trkpt lat="18.435224" lon="99.088777">
        <ele>377.375724</ele>
        <time>2025-12-19T16:04:28.560000Z</time>
      </trkpt>
      <trkpt lat="18.434735" lon="99.088423">
        <ele>376.648997</ele>
        <time>2025-12-19T16:04:35.499000Z</time>
      </trkpt>
      <trkpt lat="18.434603" lon="99.088219">
        <ele>376.362012</ele>
        <time>2025-12-19T16:04:38.410000Z</time>
      </trkpt>
      <trkpt lat="18.434532" lon="99.087994">
        <ele>376.102336</ele>
        <time>2025-12-19T16:04:41.290000Z</time>
      </trkpt>
      <trkpt lat="18.43445" lon="99.087135">
        <ele>375.522035</ele>
        <time>2025-12-19T16:04:52.124000Z</time>
      </trkpt>
      <trkpt lat="18.4344" lon="99.086814">
        <ele>375.303382</ele>
        <time>2025-12-19T16:04:56.159000Z</time>
      </trkpt>
      <trkpt lat="18.434247" lon="99.086352">
        <ele>374.974467</ele>
        <time>2025-12-19T16:05:01.932000Z</time>
      </trkpt>
      <trkpt lat="18.43385" lon="99.085451">
        <ele>374.378504</ele>
        <time>2025-12-19T16:05:13.654000Z</time>
      </trkpt>
      <trkpt lat="18.433777" lon="99.085101">
        <ele>374.16947</ele>
        <time>2025-12-19T16:05:18.137000Z</time>
      </trkpt>
      <trkpt lat="18.433859" lon="99.084886">
        <ele>374.034303</ele>
        <time>2025-12-19T16:05:21.197000Z</time>
      </trkpt>
      <trkpt lat="18.434092" lon="99.083819">
        <ele>373.159294</ele>
        <time>2025-12-19T16:05:35.504000Z</time>
      </trkpt>
      <trkpt lat="18.433976" lon="99.083243">
        <ele>372.582711</ele>
        <time>2025-12-19T16:05:42.113000Z</time>
      </trkpt>
      <trkpt lat="18.433794" lon="99.08269">
        <ele>372.009557</ele>
        <time>2025-12-19T16:05:48.418000Z</time>
      </trkpt>
      <trkpt lat="18.4337" lon="99.082304">
        <ele>371.811399</ele>
        <time>2025-12-19T16:05:52.766000Z</time>
      </trkpt>
      <trkpt lat="18.433675" lon="99.081891">
        <ele>371.696516</ele>
        <time>2025-12-19T16:05:57.455000Z</time>
      </trkpt>
      <trkpt lat="18.43387" lon="99.081438">
        <ele>371.558423</ele>
        <time>2025-12-19T16:06:03.821000Z</time>
      </trkpt>
      <trkpt lat="18.433952" lon="99.081031">
        <ele>371.442919</ele>
        <time>2025-12-19T16:06:10.416000Z</time>
      </trkpt>
      <trkpt lat="18.434064" lon="99.080677">
        <ele>371.439399</ele>
        <time>2025-12-19T16:06:17.078000Z</time>
      </trkpt>
      <trkpt lat="18.434359" lon="99.079979">
        <ele>372.203034</ele>
        <time>2025-12-19T16:06:31.425000Z</time>
      </trkpt>
      <trkpt lat="18.43443" lon="99.0794">
        <ele>372.78647</ele>
        <time>2025-12-19T16:06:42.318000Z</time>
      </trkpt>
      <trkpt lat="18.434501" lon="99.079132">
        <ele>373.064542</ele>
        <time>2025-12-19T16:06:47.334000Z</time>
      </trkpt>
      <trkpt lat="18.434664" lon="99.078885">
        <ele>373.301071</ele>
        <time>2025-12-19T16:06:52.583000Z</time>
      </trkpt>
      <trkpt lat="18.434817" lon="99.078745">
        <ele>373.389394</ele>
        <time>2025-12-19T16:06:56.208000Z</time>
      </trkpt>
      <trkpt lat="18.436201" lon="99.078027">
        <ele>373.979526</ele>
        <time>2025-12-19T16:07:21.993000Z</time>
      </trkpt>
      <trkpt lat="18.436466" lon="99.077919">
        <ele>373.639417</ele>
        <time>2025-12-19T16:07:25.986000Z</time>
      </trkpt>
      <trkpt lat="18.437209" lon="99.077855">
        <ele>372.747025</ele>
        <time>2025-12-19T16:07:34.830000Z</time>
      </trkpt>
      <trkpt lat="18.437453" lon="99.077737">
        <ele>372.425666</ele>
        <time>2025-12-19T16:07:37.809000Z</time>
      </trkpt>
      <trkpt lat="18.437646" lon="99.077597">
        <ele>372.145212</ele>
        <time>2025-12-19T16:07:40.358000Z</time>
      </trkpt>
      <trkpt lat="18.437758" lon="99.077361">
        <ele>371.847182</ele>
        <time>2025-12-19T16:07:43.091000Z</time>
      </trkpt>
      <trkpt lat="18.43784" lon="99.0766">
        <ele>371.01208</ele>
        <time>2025-12-19T16:07:51.159000Z</time>
      </trkpt>
      <trkpt lat="18.437911" lon="99.075484">
        <ele>369.810383</ele>
        <time>2025-12-19T16:08:04.855000Z</time>
      </trkpt>
      <trkpt lat="18.43788" lon="99.074797">
        <ele>369.557936</ele>
        <time>2025-12-19T16:08:14.014000Z</time>
      </trkpt>
      <trkpt lat="18.437738" lon="99.073617">
        <ele>369.122191</ele>
        <time>2025-12-19T16:08:29.213000Z</time>
      </trkpt>
      <trkpt lat="18.437718" lon="99.073059">
        <ele>368.996004</ele>
        <time>2025-12-19T16:08:36.400000Z</time>
      </trkpt>
      <trkpt lat="18.437636" lon="99.072544">
        <ele>368.877996</ele>
        <time>2025-12-19T16:08:43.278000Z</time>
      </trkpt>
      <trkpt lat="18.437483" lon="99.072008">
        <ele>368.751506</ele>
        <time>2025-12-19T16:08:50.795000Z</time>
      </trkpt>
      <trkpt lat="18.436934" lon="99.070785">
        <ele>368.706452</ele>
        <time>2025-12-19T16:09:09.338000Z</time>
      </trkpt>
      <trkpt lat="18.436751" lon="99.070259">
        <ele>368.712221</ele>
        <time>2025-12-19T16:09:17.489000Z</time>
      </trkpt>
      <trkpt lat="18.436557" lon="99.069594">
        <ele>368.839561</ele>
        <time>2025-12-19T16:09:28.108000Z</time>
      </trkpt>
      <trkpt lat="18.436354" lon="99.069175">
        <ele>368.966419</ele>
        <time>2025-12-19T16:09:35.453000Z</time>
      </trkpt>
      <trkpt lat="18.436018" lon="99.0688">
        <ele>369.105503</ele>
        <time>2025-12-19T16:09:43.524000Z</time>
      </trkpt>
      <trkpt lat="18.433992" lon="99.066718">
        <ele>369.407376</ele>
        <time>2025-12-19T16:10:26.706000Z</time>
      </trkpt>
      <trkpt lat="18.433536" lon="99.066055">
        <ele>369.378392</ele>
        <time>2025-12-19T16:10:37.624000Z</time>
      </trkpt>
      <trkpt lat="18.433249" lon="99.065752">
        <ele>369.363237</ele>
        <time>2025-12-19T16:10:43.466000Z</time>
      </trkpt>
      <trkpt lat="18.432931" lon="99.065531">
        <ele>369.31194</ele>
        <time>2025-12-19T16:10:49.108000Z</time>
      </trkpt>
      <trkpt lat="18.432498" lon="99.065374">
        <ele>369.249306</ele>
        <time>2025-12-19T16:10:56.177000Z</time>
      </trkpt>
      <trkpt lat="18.431662" lon="99.065023">
        <ele>369.126216</ele>
        <time>2025-12-19T16:11:08.974000Z</time>
      </trkpt>
      <trkpt lat="18.431315" lon="99.064798">
        <ele>368.987734</ele>
        <time>2025-12-19T16:11:14.306000Z</time>
      </trkpt>
      <trkpt lat="18.431071" lon="99.064433">
        <ele>368.826486</ele>
        <time>2025-12-19T16:11:19.856000Z</time>
      </trkpt>
      <trkpt lat="18.430969" lon="99.06394">
        <ele>368.644264</ele>
        <time>2025-12-19T16:11:26.245000Z</time>
      </trkpt>
      <trkpt lat="18.43099" lon="99.063317">
        <ele>368.409265</ele>
        <time>2025-12-19T16:11:34.592000Z</time>
      </trkpt>
      <trkpt lat="18.431183" lon="99.06292">
        <ele>368.12681</ele>
        <time>2025-12-19T16:11:40.543000Z</time>
      </trkpt>
      <trkpt lat="18.431407" lon="99.062631">
        <ele>367.890514</ele>
        <time>2025-12-19T16:11:45.311000Z</time>
      </trkpt>
      <trkpt lat="18.431539" lon="99.062309">
        <ele>367.66841</ele>
        <time>2025-12-19T16:11:49.590000Z</time>
      </trkpt>
      <trkpt lat="18.431756" lon="99.060985">
        <ele>366.833598</ele>
        <time>2025-12-19T16:12:04.890000Z</time>
      </trkpt>
      <trkpt lat="18.431885" lon="99.060195">
        <ele>366.345564</ele>
        <time>2025-12-19T16:12:14.546000Z</time>
      </trkpt>
      <trkpt lat="18.431896" lon="99.059316">
        <ele>366.331252</ele>
        <time>2025-12-19T16:12:27.088000Z</time>
      </trkpt>
      <trkpt lat="18.431957" lon="99.058736">
        <ele>366.668603</ele>
        <time>2025-12-19T16:12:36.621000Z</time>
      </trkpt>
      <trkpt lat="18.43214" lon="99.057771">
        <ele>367.243485</ele>
        <time>2025-12-19T16:12:54.295000Z</time>
      </trkpt>
      <trkpt lat="18.432201" lon="99.057148">
        <ele>367.63943</ele>
        <time>2025-12-19T16:13:05.733000Z</time>
      </trkpt>
      <trkpt lat="18.432245" lon="99.056336">
        <ele>368.153604</ele>
        <time>2025-12-19T16:13:19.101000Z</time>
      </trkpt>
      <trkpt lat="18.432253" lon="99.056124">
        <ele>368.287733</ele>
        <time>2025-12-19T16:13:22.233000Z</time>
      </trkpt>
      <trkpt lat="18.432211" lon="99.055142">
        <ele>368.324732</ele>
        <time>2025-12-19T16:13:35.959000Z</time>
      </trkpt>
      <trkpt lat="18.432155" lon="99.054704">
        <ele>368.300068</ele>
        <time>2025-12-19T16:13:41.797000Z</time>
      </trkpt>
      <trkpt lat="18.432031" lon="99.053865">
        <ele>368.24097</ele>
        <time>2025-12-19T16:13:53.203000Z</time>
      </trkpt>
      <trkpt lat="18.431949" lon="99.053282">
        <ele>368.179865</ele>
        <time>2025-12-19T16:14:01.760000Z</time>
      </trkpt>
      <trkpt lat="18.431926" lon="99.053161">
        <ele>368.16707</ele>
        <time>2025-12-19T16:14:03.343000Z</time>
      </trkpt>
      <trkpt lat="18.431835" lon="99.052664">
        <ele>368.114591</ele>
        <time>2025-12-19T16:14:09.606000Z</time>
      </trkpt>
      <trkpt lat="18.431814" lon="99.052559">
        <ele>368.103465</ele>
        <time>2025-12-19T16:14:11.016000Z</time>
      </trkpt>
      <trkpt lat="18.431648" lon="99.051913">
        <ele>368.038088</ele>
        <time>2025-12-19T16:14:21.310000Z</time>
      </trkpt>
      <trkpt lat="18.431617" lon="99.051819">
        <ele>368.028929</ele>
        <time>2025-12-19T16:14:22.985000Z</time>
      </trkpt>
      <trkpt lat="18.431416" lon="99.051014">
        <ele>367.952327</ele>
        <time>2025-12-19T16:14:34.839000Z</time>
      </trkpt>
      <trkpt lat="18.431361" lon="99.050791">
        <ele>367.931123</ele>
        <time>2025-12-19T16:14:38.071000Z</time>
      </trkpt>
      <trkpt lat="18.431186" lon="99.050105">
        <ele>367.720505</ele>
        <time>2025-12-19T16:14:46.829000Z</time>
      </trkpt>
      <trkpt lat="18.431172" lon="99.050051">
        <ele>367.690032</ele>
        <time>2025-12-19T16:14:47.482000Z</time>
      </trkpt>
      <trkpt lat="18.431041" lon="99.049542">
        <ele>367.40294</ele>
        <time>2025-12-19T16:14:53.572000Z</time>
      </trkpt>
      <trkpt lat="18.430972" lon="99.049059">
        <ele>367.137051</ele>
        <time>2025-12-19T16:14:59.562000Z</time>
      </trkpt>
      <trkpt lat="18.431944" lon="99.048929">
        <ele>366.199554</ele>
        <time>2025-12-19T16:15:18.876000Z</time>
      </trkpt>
      <trkpt lat="18.43199" lon="99.048926">
        <ele>366.138696</ele>
        <time>2025-12-19T16:15:19.781000Z</time>
      </trkpt>
      <trkpt lat="18.432509" lon="99.048843">
        <ele>365.445528</ele>
        <time>2025-12-19T16:15:29.453000Z</time>
      </trkpt>
      <trkpt lat="18.432802" lon="99.048801">
        <ele>365.055069</ele>
        <time>2025-12-19T16:15:34.239000Z</time>
      </trkpt>
      <trkpt lat="18.434361" lon="99.048479">
        <ele>360.920525</ele>
        <time>2025-12-19T16:15:57.251000Z</time>
      </trkpt>
      <trkpt lat="18.435233" lon="99.048548">
        <ele>358.837895</ele>
        <time>2025-12-19T16:16:10.067000Z</time>
      </trkpt>
      <trkpt lat="18.435645" lon="99.048495">
        <ele>358.634305</ele>
        <time>2025-12-19T16:16:16.755000Z</time>
      </trkpt>
      <trkpt lat="18.435837" lon="99.048457">
        <ele>358.538482</ele>
        <time>2025-12-19T16:16:20.115000Z</time>
      </trkpt>
      <trkpt lat="18.437873" lon="99.048118">
        <ele>359.663275</ele>
        <time>2025-12-19T16:17:10.249000Z</time>
      </trkpt>
      <trkpt lat="18.438982" lon="99.047915">
        <ele>361.411034</ele>
        <time>2025-12-19T16:17:42.642000Z</time>
      </trkpt>
      <trkpt lat="18.440628" lon="99.04768">
        <ele>364.197314</ele>
        <time>2025-12-19T16:18:26.843000Z</time>
      </trkpt>
      <trkpt lat="18.440939" lon="99.047636">
        <ele>364.638548</ele>
        <time>2025-12-19T16:18:34.687000Z</time>
      </trkpt>
      <trkpt lat="18.441771" lon="99.047478">
        <ele>365.827297</ele>
        <time>2025-12-19T16:18:56.053000Z</time>
      </trkpt>
      <trkpt lat="18.442599" lon="99.047223">
        <ele>367.31149</ele>
        <time>2025-12-19T16:19:19.052000Z</time>
      </trkpt>
      <trkpt lat="18.442974" lon="99.047078">
        <ele>368.081226</ele>
        <time>2025-12-19T16:19:30.264000Z</time>
      </trkpt>
      <trkpt lat="18.444652" lon="99.046448">
        <ele>371.58157</ele>
        <time>2025-12-19T16:20:21.533000Z</time>
      </trkpt>
      <trkpt lat="18.446337" lon="99.046138">
        <ele>374.717665</ele>
        <time>2025-12-19T16:21:08.700000Z</time>
      </trkpt>
      <trkpt lat="18.449911" lon="99.045509">
        <ele>378.992332</ele>
        <time>2025-12-19T16:22:43.259000Z</time>
      </trkpt>
      <trkpt lat="18.450127" lon="99.045471">
        <ele>378.998432</ele>
        <time>2025-12-19T16:22:47.615000Z</time>
      </trkpt>
      <trkpt lat="18.450473" lon="99.045525">
        <ele>379.008177</ele>
        <time>2025-12-19T16:22:54.056000Z</time>
      </trkpt>
      <trkpt lat="18.451984" lon="99.046492">
        <ele>375.595117</ele>
        <time>2025-12-19T16:23:21.516000Z</time>
      </trkpt>
      <trkpt lat="18.452466" lon="99.04683">
        <ele>374.159595</ele>
        <time>2025-12-19T16:23:29.851000Z</time>
      </trkpt>
      <trkpt lat="18.453013" lon="99.047121">
        <ele>372.646898</ele>
        <time>2025-12-19T16:23:38.608000Z</time>
      </trkpt>
      <trkpt lat="18.453571" lon="99.047224">
        <ele>371.248301</ele>
        <time>2025-12-19T16:23:47.034000Z</time>
      </trkpt>
      <trkpt lat="18.454048" lon="99.047276">
        <ele>370.133808</ele>
        <time>2025-12-19T16:23:55Z</time>
      </trkpt>
      <trkpt lat="18.454316" lon="99.047409">
        <ele>370.495948</ele>
        <time>2025-12-19T16:24:00.826000Z</time>
      </trkpt>
      <trkpt lat="18.454679" lon="99.047658">
        <ele>371.025421</ele>
        <time>2025-12-19T16:24:11.157000Z</time>
      </trkpt>
      <trkpt lat="18.456805" lon="99.049611">
        <ele>375.375889</ele>
        <time>2025-12-19T16:25:33.200000Z</time>
      </trkpt>
      <trkpt lat="18.457421" lon="99.05024">
        <ele>373.618464</ele>
        <time>2025-12-19T16:25:47.574000Z</time>
      </trkpt>
      <trkpt lat="18.457831" lon="99.050796">
        <ele>372.160172</ele>
        <time>2025-12-19T16:25:57.084000Z</time>
      </trkpt>
      <trkpt lat="18.458094" lon="99.051062">
        <ele>371.327115</ele>
        <time>2025-12-19T16:26:02.182000Z</time>
      </trkpt>
      <trkpt lat="18.458647" lon="99.051364">
        <ele>369.592334</ele>
        <time>2025-12-19T16:26:11.078000Z</time>
      </trkpt>
      <trkpt lat="18.458944" lon="99.051621">
        <ele>368.522051</ele>
        <time>2025-12-19T16:26:16.833000Z</time>
      </trkpt>
      <trkpt lat="18.459287" lon="99.052044">
        <ele>367.051692</ele>
        <time>2025-12-19T16:26:25.122000Z</time>
      </trkpt>
      <trkpt lat="18.459618" lon="99.0525">
        <ele>365.669544</ele>
        <time>2025-12-19T16:26:33.868000Z</time>
      </trkpt>
      <trkpt lat="18.459816" lon="99.052647">
        <ele>365.090276</ele>
        <time>2025-12-19T16:26:37.733000Z</time>
      </trkpt>
      <trkpt lat="18.460146" lon="99.052806">
        <ele>364.222389</ele>
        <time>2025-12-19T16:26:43.342000Z</time>
      </trkpt>
      <trkpt lat="18.460204" lon="99.05283">
        <ele>364.07335</ele>
        <time>2025-12-19T16:26:44.299000Z</time>
      </trkpt>
      <trkpt lat="18.461034" lon="99.053161">
        <ele>361.927704</ele>
        <time>2025-12-19T16:26:57.433000Z</time>
      </trkpt>
      <trkpt lat="18.461897" lon="99.053436">
        <ele>359.561915</ele>
        <time>2025-12-19T16:27:10.918000Z</time>
      </trkpt>
      <trkpt lat="18.462311" lon="99.053616">
        <ele>358.386776</ele>
        <time>2025-12-19T16:27:17.810000Z</time>
      </trkpt>
      <trkpt lat="18.46253" lon="99.053803">
        <ele>357.647248</ele>
        <time>2025-12-19T16:27:22.134000Z</time>
      </trkpt>
      <trkpt lat="18.463031" lon="99.054211">
        <ele>355.883357</ele>
        <time>2025-12-19T16:27:31.763000Z</time>
      </trkpt>
      <trkpt lat="18.463376" lon="99.054455">
        <ele>354.717676</ele>
        <time>2025-12-19T16:27:37.917000Z</time>
      </trkpt>
      <trkpt lat="18.464015" lon="99.054782">
        <ele>352.724647</ele>
        <time>2025-12-19T16:27:48.286000Z</time>
      </trkpt>
      <trkpt lat="18.464112" lon="99.054786">
        <ele>352.452266</ele>
        <time>2025-12-19T16:27:49.712000Z</time>
      </trkpt>
      <trkpt lat="18.464225" lon="99.05462">
        <ele>352.116132</ele>
        <time>2025-12-19T16:27:52.570000Z</time>
      </trkpt>
      <trkpt lat="18.464361" lon="99.054341">
        <ele>351.619469</ele>
        <time>2025-12-19T16:27:57.003000Z</time>
      </trkpt>
      <trkpt lat="18.464968" lon="99.053382">
        <ele>349.794053</ele>
        <time>2025-12-19T16:28:15.025000Z</time>
      </trkpt>
      <trkpt lat="18.465549" lon="99.052549">
        <ele>349.715168</ele>
        <time>2025-12-19T16:28:34.036000Z</time>
      </trkpt>
      <trkpt lat="18.465851" lon="99.052067">
        <ele>349.930044</ele>
        <time>2025-12-19T16:28:46.928000Z</time>
      </trkpt>
      <trkpt lat="18.466452" lon="99.05104">
        <ele>350.213115</ele>
        <time>2025-12-19T16:29:15.537000Z</time>
      </trkpt>
      <trkpt lat="18.466674" lon="99.050835">
        <ele>350.253544</ele>
        <time>2025-12-19T16:29:22.655000Z</time>
      </trkpt>
      <trkpt lat="18.466891" lon="99.050875">
        <ele>350.283722</ele>
        <time>2025-12-19T16:29:27.501000Z</time>
      </trkpt>
      <trkpt lat="18.467151" lon="99.051075">
        <ele>350.327814</ele>
        <time>2025-12-19T16:29:33.894000Z</time>
      </trkpt>
      <trkpt lat="18.467958" lon="99.05188">
        <ele>348.303679</ele>
        <time>2025-12-19T16:29:51.126000Z</time>
      </trkpt>
      <trkpt lat="18.468207" lon="99.052239">
        <ele>347.212959</ele>
        <time>2025-12-19T16:29:57.210000Z</time>
      </trkpt>
      <trkpt lat="18.468461" lon="99.052753">
        <ele>345.791572</ele>
        <time>2025-12-19T16:30:05.220000Z</time>
      </trkpt>
      <trkpt lat="18.4687" lon="99.053159">
        <ele>345.229772</ele>
        <time>2025-12-19T16:30:12.005000Z</time>
      </trkpt>
      <trkpt lat="18.469084" lon="99.05345">
        <ele>344.685056</ele>
        <time>2025-12-19T16:30:19.753000Z</time>
      </trkpt>
      <trkpt lat="18.469534" lon="99.05361">
        <ele>344.13804</ele>
        <time>2025-12-19T16:30:28.589000Z</time>
      </trkpt>
      <trkpt lat="18.471386" lon="99.054346">
        <ele>344.549111</ele>
        <time>2025-12-19T16:31:12.052000Z</time>
      </trkpt>
      <trkpt lat="18.472101" lon="99.054615">
        <ele>345.398534</ele>
        <time>2025-12-19T16:31:31.050000Z</time>
      </trkpt>
      <trkpt lat="18.473054" lon="99.054883">
        <ele>346.755137</ele>
        <time>2025-12-19T16:31:57.229000Z</time>
      </trkpt>
      <trkpt lat="18.473536" lon="99.054986">
        <ele>347.155933</ele>
        <time>2025-12-19T16:32:10.430000Z</time>
      </trkpt>
      <trkpt lat="18.47391" lon="99.054918">
        <ele>347.138304</ele>
        <time>2025-12-19T16:32:20.271000Z</time>
      </trkpt>
      <trkpt lat="18.474094" lon="99.054809">
        <ele>347.128501</ele>
        <time>2025-12-19T16:32:25.568000Z</time>
      </trkpt>
      <trkpt lat="18.474809" lon="99.054095">
        <ele>347.082758</ele>
        <time>2025-12-19T16:32:43.664000Z</time>
      </trkpt>
      <trkpt lat="18.47495" lon="99.053981">
        <ele>346.591007</ele>
        <time>2025-12-19T16:32:46.303000Z</time>
      </trkpt>
      <trkpt lat="18.475025" lon="99.053969">
        <ele>346.340118</ele>
        <time>2025-12-19T16:32:47.425000Z</time>
      </trkpt>
      <trkpt lat="18.475123" lon="99.053986">
        <ele>346.011643</ele>
        <time>2025-12-19T16:32:48.856000Z</time>
      </trkpt>
      <trkpt lat="18.475144" lon="99.054012">
        <ele>345.904518</ele>
        <time>2025-12-19T16:32:49.338000Z</time>
      </trkpt>
      <trkpt lat="18.47566" lon="99.054758">
        <ele>343.00823</ele>
        <time>2025-12-19T16:33:01.523000Z</time>
      </trkpt>
      <trkpt lat="18.476434" lon="99.055557">
        <ele>340.574657</ele>
        <time>2025-12-19T16:33:17.107000Z</time>
      </trkpt>
      <trkpt lat="18.476623" lon="99.055943">
        <ele>340.129195</ele>
        <time>2025-12-19T16:33:24.237000Z</time>
      </trkpt>
      <trkpt lat="18.476949" lon="99.056329">
        <ele>339.599182</ele>
        <time>2025-12-19T16:33:33.795000Z</time>
      </trkpt>
      <trkpt lat="18.477753" lon="99.056919">
        <ele>339.984601</ele>
        <time>2025-12-19T16:33:57.422000Z</time>
      </trkpt>
      <trkpt lat="18.478617" lon="99.057391">
        <ele>341.278067</ele>
        <time>2025-12-19T16:34:22.317000Z</time>
      </trkpt>
      <trkpt lat="18.47929" lon="99.057587">
        <ele>342.904098</ele>
        <time>2025-12-19T16:34:42.258000Z</time>
      </trkpt>
      <trkpt lat="18.479454" lon="99.057012">
        <ele>344.503298</ele>
        <time>2025-12-19T16:34:59.936000Z</time>
      </trkpt>
      <trkpt lat="18.479476" lon="99.05692">
        <ele>344.755999</ele>
        <time>2025-12-19T16:35:02.869000Z</time>
      </trkpt>
      <trkpt lat="18.479472" lon="99.056748">
        <ele>345.214239</ele>
        <time>2025-12-19T16:35:08.350000Z</time>
      </trkpt>
      <trkpt lat="18.479446" lon="99.056615">
        <ele>345.575917</ele>
        <time>2025-12-19T16:35:12.793000Z</time>
      </trkpt>
      <trkpt lat="18.47933" lon="99.056007">
        <ele>347.122885</ele>
        <time>2025-12-19T16:35:33.842000Z</time>
      </trkpt>
      <trkpt lat="18.479293" lon="99.055983">
        <ele>347.223492</ele>
        <time>2025-12-19T16:35:35.318000Z</time>
      </trkpt>
      <trkpt lat="18.479278" lon="99.055942">
        <ele>347.320017</ele>
        <time>2025-12-19T16:35:36.781000Z</time>
      </trkpt>
      <trkpt lat="18.479265" lon="99.055503">
        <ele>348.284756</ele>
        <time>2025-12-19T16:35:50.459000Z</time>
      </trkpt>
      <trkpt lat="18.479194" lon="99.055138">
        <ele>349.103173</ele>
        <time>2025-12-19T16:36:01.378000Z</time>
      </trkpt>
      <trkpt lat="18.477958" lon="99.054174">
        <ele>351.038814</ele>
        <time>2025-12-19T16:36:38.588000Z</time>
      </trkpt>
      <trkpt lat="18.477642" lon="99.053905">
        <ele>351.161403</ele>
        <time>2025-12-19T16:36:46.530000Z</time>
      </trkpt>
      <trkpt lat="18.477362" lon="99.053542">
        <ele>351.295352</ele>
        <time>2025-12-19T16:36:55.124000Z</time>
      </trkpt>
      <trkpt lat="18.477136" lon="99.052965">
        <ele>351.339277</ele>
        <time>2025-12-19T16:37:06.183000Z</time>
      </trkpt>
      <trkpt lat="18.477088" lon="99.052779">
        <ele>351.339713</ele>
        <time>2025-12-19T16:37:09.799000Z</time>
      </trkpt>
      <trkpt lat="18.476916" lon="99.052349">
        <ele>351.340769</ele>
        <time>2025-12-19T16:37:18.886000Z</time>
      </trkpt>
      <trkpt lat="18.475904" lon="99.050498">
        <ele>351.811702</ele>
        <time>2025-12-19T16:38:01.558000Z</time>
      </trkpt>
      <trkpt lat="18.475688" lon="99.050017">
        <ele>351.999771</ele>
        <time>2025-12-19T16:38:13.086000Z</time>
      </trkpt>
      <trkpt lat="18.475327" lon="99.049211">
        <ele>352.873873</ele>
        <time>2025-12-19T16:38:33.269000Z</time>
      </trkpt>
      <trkpt lat="18.474975" lon="99.048033">
        <ele>354.11896</ele>
        <time>2025-12-19T16:39:02.669000Z</time>
      </trkpt>
      <trkpt lat="18.474704" lon="99.047073">
        <ele>355.242715</ele>
        <time>2025-12-19T16:39:26.998000Z</time>
      </trkpt>
      <trkpt lat="18.474332" lon="99.045692">
        <ele>356.131607</ele>
        <time>2025-12-19T16:39:59.565000Z</time>
      </trkpt>
      <trkpt lat="18.474276" lon="99.044796">
        <ele>356.309012</ele>
        <time>2025-12-19T16:40:17.001000Z</time>
      </trkpt>
      <trkpt lat="18.474166" lon="99.044435">
        <ele>356.077093</ele>
        <time>2025-12-19T16:40:23.440000Z</time>
      </trkpt>
      <trkpt lat="18.473947" lon="99.044071">
        <ele>355.3437</ele>
        <time>2025-12-19T16:40:30.260000Z</time>
      </trkpt>
      <trkpt lat="18.473649" lon="99.043801">
        <ele>354.638875</ele>
        <time>2025-12-19T16:40:36.457000Z</time>
      </trkpt>
      <trkpt lat="18.472099" lon="99.042847">
        <ele>351.856699</ele>
        <time>2025-12-19T16:41:04.022000Z</time>
      </trkpt>
      <trkpt lat="18.471022" lon="99.041718">
        <ele>350.269393</ele>
        <time>2025-12-19T16:41:33.361000Z</time>
      </trkpt>
      <trkpt lat="18.470278" lon="99.041136">
        <ele>349.639039</ele>
        <time>2025-12-19T16:41:50.102000Z</time>
      </trkpt>
      <trkpt lat="18.470113" lon="99.040949">
        <ele>349.426881</ele>
        <time>2025-12-19T16:41:54.142000Z</time>
      </trkpt>
      <trkpt lat="18.470054" lon="99.040866">
        <ele>349.247185</ele>
        <time>2025-12-19T16:41:55.767000Z</time>
      </trkpt>
      <trkpt lat="18.470008" lon="99.040741">
        <ele>349.014897</ele>
        <time>2025-12-19T16:41:57.839000Z</time>
      </trkpt>
      <trkpt lat="18.469926" lon="99.040523">
        <ele>348.608603</ele>
        <time>2025-12-19T16:42:01.464000Z</time>
      </trkpt>
      <trkpt lat="18.469796" lon="99.039942">
        <ele>347.574406</ele>
        <time>2025-12-19T16:42:10.513000Z</time>
      </trkpt>
      <trkpt lat="18.469723" lon="99.039715">
        <ele>347.159144</ele>
        <time>2025-12-19T16:42:14.113000Z</time>
      </trkpt>
      <trkpt lat="18.469589" lon="99.039488">
        <ele>346.695927</ele>
        <time>2025-12-19T16:42:18.069000Z</time>
      </trkpt>
      <trkpt lat="18.469183" lon="99.039011">
        <ele>345.494772</ele>
        <time>2025-12-19T16:42:27.388000Z</time>
      </trkpt>
      <trkpt lat="18.468646" lon="99.038126">
        <ele>343.412849</ele>
        <time>2025-12-19T16:42:42.734000Z</time>
      </trkpt>
      <trkpt lat="18.468566" lon="99.037934">
        <ele>342.997279</ele>
        <time>2025-12-19T16:42:45.890000Z</time>
      </trkpt>
      <trkpt lat="18.468519" lon="99.037727">
        <ele>342.575487</ele>
        <time>2025-12-19T16:42:49.123000Z</time>
      </trkpt>
      <trkpt lat="18.468548" lon="99.037582">
        <ele>342.372883</ele>
        <time>2025-12-19T16:42:51.377000Z</time>
      </trkpt>
      <trkpt lat="18.468606" lon="99.037472">
        <ele>342.251552</ele>
        <time>2025-12-19T16:42:53.325000Z</time>
      </trkpt>
      <trkpt lat="18.469209" lon="99.036559">
        <ele>341.178997</ele>
        <time>2025-12-19T16:43:11.545000Z</time>
      </trkpt>
      <trkpt lat="18.469584" lon="99.036032">
        <ele>340.56808</ele>
        <time>2025-12-19T16:43:23.296000Z</time>
      </trkpt>
      <trkpt lat="18.469741" lon="99.035568">
        <ele>340.225187</ele>
        <time>2025-12-19T16:43:31.905000Z</time>
      </trkpt>
      <trkpt lat="18.469824" lon="99.035098">
        <ele>339.892431</ele>
        <time>2025-12-19T16:43:40.119000Z</time>
      </trkpt>
      <trkpt lat="18.469817" lon="99.034669">
        <ele>339.59379</ele>
        <time>2025-12-19T16:43:47.320000Z</time>
      </trkpt>
      <trkpt lat="18.469678" lon="99.034296">
        <ele>339.314851</ele>
        <time>2025-12-19T16:43:53.931000Z</time>
      </trkpt>
      <trkpt lat="18.469074" lon="99.033137">
        <ele>338.244981</ele>
        <time>2025-12-19T16:44:15.995000Z</time>
      </trkpt>
      <trkpt lat="18.469063" lon="99.032988">
        <ele>338.124002</ele>
        <time>2025-12-19T16:44:18.597000Z</time>
      </trkpt>
      <trkpt lat="18.469114" lon="99.032858">
        <ele>338.010123</ele>
        <time>2025-12-19T16:44:21.052000Z</time>
      </trkpt>
      <trkpt lat="18.470086" lon="99.031765">
        <ele>336.665437</ele>
        <time>2025-12-19T16:44:45.720000Z</time>
      </trkpt>
      <trkpt lat="18.470133" lon="99.031653">
        <ele>336.552942</ele>
        <time>2025-12-19T16:44:47.590000Z</time>
      </trkpt>
      <trkpt lat="18.470141" lon="99.031415">
        <ele>336.334194</ele>
        <time>2025-12-19T16:44:51.308000Z</time>
      </trkpt>
      <trkpt lat="18.470059" lon="99.030771">
        <ele>336.201576</ele>
        <time>2025-12-19T16:45:02.379000Z</time>
      </trkpt>
      <trkpt lat="18.470075" lon="99.030588">
        <ele>336.296748</ele>
        <time>2025-12-19T16:45:05.767000Z</time>
      </trkpt>
      <trkpt lat="18.470163" lon="99.030467">
        <ele>336.375711</ele>
        <time>2025-12-19T16:45:08.739000Z</time>
      </trkpt>
      <trkpt lat="18.470568" lon="99.030451">
        <ele>336.596995</ele>
        <time>2025-12-19T16:45:17.935000Z</time>
      </trkpt>
      <trkpt lat="18.470678" lon="99.030422">
        <ele>336.658904</ele>
        <time>2025-12-19T16:45:20.755000Z</time>
      </trkpt>
      <trkpt lat="18.470771" lon="99.030369">
        <ele>336.716625</ele>
        <time>2025-12-19T16:45:23.452000Z</time>
      </trkpt>
      <trkpt lat="18.471183" lon="99.02997">
        <ele>337.013853</ele>
        <time>2025-12-19T16:45:38.923000Z</time>
      </trkpt>
      <trkpt lat="18.471607" lon="99.029479">
        <ele>336.871402</ele>
        <time>2025-12-19T16:45:54.516000Z</time>
      </trkpt>
      <trkpt lat="18.472225" lon="99.028974">
        <ele>336.694553</ele>
        <time>2025-12-19T16:46:09.018000Z</time>
      </trkpt>
      <trkpt lat="18.472682" lon="99.028716">
        <ele>336.271966</ele>
        <time>2025-12-19T16:46:17.260000Z</time>
      </trkpt>
      <trkpt lat="18.473349" lon="99.028565">
        <ele>334.651663</ele>
        <time>2025-12-19T16:46:27.534000Z</time>
      </trkpt>
      <trkpt lat="18.473904" lon="99.028321">
        <ele>333.22347</ele>
        <time>2025-12-19T16:46:36.507000Z</time>
      </trkpt>
      <trkpt lat="18.474408" lon="99.028059">
        <ele>332.006913</ele>
        <time>2025-12-19T16:46:45.130000Z</time>
      </trkpt>
      <trkpt lat="18.47474" lon="99.027794">
        <ele>331.278214</ele>
        <time>2025-12-19T16:46:51.758000Z</time>
      </trkpt>
      <trkpt lat="18.475114" lon="99.027388">
        <ele>330.33883</ele>
        <time>2025-12-19T16:47:00.540000Z</time>
      </trkpt>
      <trkpt lat="18.475265" lon="99.027267">
        <ele>330.00693</ele>
        <time>2025-12-19T16:47:03.687000Z</time>
      </trkpt>
      <trkpt lat="18.475465" lon="99.027183">
        <ele>329.630191</ele>
        <time>2025-12-19T16:47:07.249000Z</time>
      </trkpt>
      <trkpt lat="18.476049" lon="99.027172">
        <ele>328.797903</ele>
        <time>2025-12-19T16:47:16.828000Z</time>
      </trkpt>
      <trkpt lat="18.477153" lon="99.026966">
        <ele>327.476064</ele>
        <time>2025-12-19T16:47:35.320000Z</time>
      </trkpt>
      <trkpt lat="18.477527" lon="99.02685">
        <ele>327.102303</ele>
        <time>2025-12-19T16:47:42.425000Z</time>
      </trkpt>
      <trkpt lat="18.47773" lon="99.026735">
        <ele>327.271625</ele>
        <time>2025-12-19T16:47:47.078000Z</time>
      </trkpt>
      <trkpt lat="18.477841" lon="99.026567">
        <ele>327.414307</ele>
        <time>2025-12-19T16:47:51.309000Z</time>
      </trkpt>
      <trkpt lat="18.477964" lon="99.026309">
        <ele>327.615537</ele>
        <time>2025-12-19T16:47:57.706000Z</time>
      </trkpt>
      <trkpt lat="18.478133" lon="99.026093">
        <ele>327.81067</ele>
        <time>2025-12-19T16:48:04.399000Z</time>
      </trkpt>
      <trkpt lat="18.4783" lon="99.025998">
        <ele>327.950094</ele>
        <time>2025-12-19T16:48:09.417000Z</time>
      </trkpt>
      <trkpt lat="18.478509" lon="99.025949">
        <ele>328.107408</ele>
        <time>2025-12-19T16:48:15.151000Z</time>
      </trkpt>
      <trkpt lat="18.47934" lon="99.025984">
        <ele>328.282561</ele>
        <time>2025-12-19T16:48:35.982000Z</time>
      </trkpt>
      <trkpt lat="18.479707" lon="99.025849">
        <ele>328.188109</ele>
        <time>2025-12-19T16:48:44.071000Z</time>
      </trkpt>
      <trkpt lat="18.480502" lon="99.02539">
        <ele>327.967859</ele>
        <time>2025-12-19T16:48:59.861000Z</time>
      </trkpt>
      <trkpt lat="18.480646" lon="99.025257">
        <ele>327.718596</ele>
        <time>2025-12-19T16:49:02.949000Z</time>
      </trkpt>
      <trkpt lat="18.480759" lon="99.02507">
        <ele>327.34862</ele>
        <time>2025-12-19T16:49:06.321000Z</time>
      </trkpt>
      <trkpt lat="18.480861" lon="99.024421">
        <ele>326.25094</ele>
        <time>2025-12-19T16:49:16.389000Z</time>
      </trkpt>
      <trkpt lat="18.480945" lon="99.024237">
        <ele>325.910204</ele>
        <time>2025-12-19T16:49:19.525000Z</time>
      </trkpt>
      <trkpt lat="18.481188" lon="99.023854">
        <ele>325.141325</ele>
        <time>2025-12-19T16:49:26.468000Z</time>
      </trkpt>
      <trkpt lat="18.481483" lon="99.023225">
        <ele>324.196907</ele>
        <time>2025-12-19T16:49:36.665000Z</time>
      </trkpt>
      <trkpt lat="18.481782" lon="99.022286">
        <ele>323.001113</ele>
        <time>2025-12-19T16:49:52.285000Z</time>
      </trkpt>
      <trkpt lat="18.481932" lon="99.022004">
        <ele>322.610782</ele>
        <time>2025-12-19T16:49:57.912000Z</time>
      </trkpt>
      <trkpt lat="18.482097" lon="99.021765">
        <ele>322.564989</ele>
        <time>2025-12-19T16:50:03.562000Z</time>
      </trkpt>
      <trkpt lat="18.482629" lon="99.021199">
        <ele>322.819234</ele>
        <time>2025-12-19T16:50:21.506000Z</time>
      </trkpt>
      <trkpt lat="18.483413" lon="99.020186">
        <ele>322.95939</ele>
        <time>2025-12-19T16:50:48.045000Z</time>
      </trkpt>
      <trkpt lat="18.484287" lon="99.018996">
        <ele>322.42351</ele>
        <time>2025-12-19T16:51:14.244000Z</time>
      </trkpt>
      <trkpt lat="18.484474" lon="99.018554">
        <ele>322.170652</ele>
        <time>2025-12-19T16:51:22.597000Z</time>
      </trkpt>
      <trkpt lat="18.484507" lon="99.018184">
        <ele>321.976492</ele>
        <time>2025-12-19T16:51:29.050000Z</time>
      </trkpt>
      <trkpt lat="18.48454" lon="99.017047">
        <ele>321.392031</ele>
        <time>2025-12-19T16:51:49.021000Z</time>
      </trkpt>
      <trkpt lat="18.484664" lon="99.015607">
        <ele>320.758271</ele>
        <time>2025-12-19T16:52:14.345000Z</time>
      </trkpt>
      <trkpt lat="18.484795" lon="99.015157">
        <ele>320.606312</ele>
        <time>2025-12-19T16:52:22.847000Z</time>
      </trkpt>
      <trkpt lat="18.485032" lon="99.014732">
        <ele>320.585625</ele>
        <time>2025-12-19T16:52:32.018000Z</time>
      </trkpt>
      <trkpt lat="18.48598" lon="99.01383">
        <ele>320.491641</ele>
        <time>2025-12-19T16:52:51.735000Z</time>
      </trkpt>
      <trkpt lat="18.486064" lon="99.013779">
        <ele>320.439499</ele>
        <time>2025-12-19T16:52:53.284000Z</time>
      </trkpt>
      <trkpt lat="18.486154" lon="99.013743">
        <ele>320.387718</ele>
        <time>2025-12-19T16:52:54.819000Z</time>
      </trkpt>
      <trkpt lat="18.487727" lon="99.01346">
        <ele>319.537212</ele>
        <time>2025-12-19T16:53:15.489000Z</time>
      </trkpt>
      <trkpt lat="18.48787" lon="99.013417">
        <ele>319.474946</ele>
        <time>2025-12-19T16:53:17.180000Z</time>
      </trkpt>
      <trkpt lat="18.487997" lon="99.013347">
        <ele>319.414939</ele>
        <time>2025-12-19T16:53:18.799000Z</time>
      </trkpt>
      <trkpt lat="18.48822" lon="99.013158">
        <ele>319.295137</ele>
        <time>2025-12-19T16:53:22.074000Z</time>
      </trkpt>
      <trkpt lat="18.48831" lon="99.013031">
        <ele>319.232177</ele>
        <time>2025-12-19T16:53:23.863000Z</time>
      </trkpt>
      <trkpt lat="18.488482" lon="99.012671">
        <ele>319.072097</ele>
        <time>2025-12-19T16:53:28.653000Z</time>
      </trkpt>
      <trkpt lat="18.488677" lon="99.012319">
        <ele>318.91021</ele>
        <time>2025-12-19T16:53:34.334000Z</time>
      </trkpt>
      <trkpt lat="18.488974" lon="99.011938">
        <ele>319.252885</ele>
        <time>2025-12-19T16:53:44.021000Z</time>
      </trkpt>
      <trkpt lat="18.489297" lon="99.011596">
        <ele>320.12061</ele>
        <time>2025-12-19T16:53:53.259000Z</time>
      </trkpt>
      <trkpt lat="18.489574" lon="99.011369">
        <ele>320.785647</ele>
        <time>2025-12-19T16:54:01.458000Z</time>
      </trkpt>
      <trkpt lat="18.490018" lon="99.010991">
        <ele>321.867415</ele>
        <time>2025-12-19T16:54:16.567000Z</time>
      </trkpt>
      <trkpt lat="18.49012" lon="99.010848">
        <ele>322.189098</ele>
        <time>2025-12-19T16:54:21.062000Z</time>
      </trkpt>
      <trkpt lat="18.490226" lon="99.010507">
        <ele>322.170026</ele>
        <time>2025-12-19T16:54:29.314000Z</time>
      </trkpt>
      <trkpt lat="18.490245" lon="99.010286">
        <ele>322.136585</ele>
        <time>2025-12-19T16:54:32.897000Z</time>
      </trkpt>
      <trkpt lat="18.490212" lon="99.009763">
        <ele>322.057595</ele>
        <time>2025-12-19T16:54:40.302000Z</time>
      </trkpt>
      <trkpt lat="18.490247" lon="99.009535">
        <ele>322.022788</ele>
        <time>2025-12-19T16:54:43.535000Z</time>
      </trkpt>
      <trkpt lat="18.490379" lon="99.009114">
        <ele>321.955966</ele>
        <time>2025-12-19T16:54:48.207000Z</time>
      </trkpt>
      <trkpt lat="18.490565" lon="99.008684">
        <ele>321.155004</ele>
        <time>2025-12-19T16:54:52.710000Z</time>
      </trkpt>
      <trkpt lat="18.491237" lon="99.007056">
        <ele>317.339779</ele>
        <time>2025-12-19T16:55:10.396000Z</time>
      </trkpt>
      <trkpt lat="18.491342" lon="99.006703">
        <ele>316.984123</ele>
        <time>2025-12-19T16:55:15.199000Z</time>
      </trkpt>
      <trkpt lat="18.49165" lon="99.005668">
        <ele>315.941295</ele>
        <time>2025-12-19T16:55:29.592000Z</time>
      </trkpt>
      <trkpt lat="18.492249" lon="99.003945">
        <ele>313.119596</ele>
        <time>2025-12-19T16:55:49.022000Z</time>
      </trkpt>
      <trkpt lat="18.492692" lon="99.002668">
        <ele>310.894635</ele>
        <time>2025-12-19T16:56:03.273000Z</time>
      </trkpt>
      <trkpt lat="18.492949" lon="99.001746">
        <ele>309.446846</ele>
        <time>2025-12-19T16:56:13.613000Z</time>
      </trkpt>
      <trkpt lat="18.493204" lon="99.000442">
        <ele>308.516279</ele>
        <time>2025-12-19T16:56:29.237000Z</time>
      </trkpt>
      <trkpt lat="18.49341" lon="98.999815">
        <ele>308.185741</ele>
        <time>2025-12-19T16:56:38.691000Z</time>
      </trkpt>
      <trkpt lat="18.493608" lon="98.999403">
        <ele>308.124066</ele>
        <time>2025-12-19T16:56:46.071000Z</time>
      </trkpt>
      <trkpt lat="18.4938" lon="98.999005">
        <ele>308.064439</ele>
        <time>2025-12-19T16:56:53.183000Z</time>
      </trkpt>
      <trkpt lat="18.49407" lon="98.998445">
        <ele>307.980552</ele>
        <time>2025-12-19T16:57:01.215000Z</time>
      </trkpt>
      <trkpt lat="18.494199" lon="98.998175">
        <ele>307.723575</ele>
        <time>2025-12-19T16:57:04.692000Z</time>
      </trkpt>
      <trkpt lat="18.49441" lon="98.997765">
        <ele>307.093731</ele>
        <time>2025-12-19T16:57:09.768000Z</time>
      </trkpt>
      <trkpt lat="18.494889" lon="98.996383">
        <ele>305.323001</ele>
        <time>2025-12-19T16:57:25.404000Z</time>
      </trkpt>
      <trkpt lat="18.496348" lon="98.992988">
        <ele>304.540532</ele>
        <time>2025-12-19T16:58:17.119000Z</time>
      </trkpt>
      <trkpt lat="18.496586" lon="98.992535">
        <ele>304.317428</ele>
        <time>2025-12-19T16:58:24.155000Z</time>
      </trkpt>
      <trkpt lat="18.49298" lon="98.989613">
        <ele>302.579342</ele>
        <time>2025-12-19T16:59:23.945000Z</time>
      </trkpt>
      <trkpt lat="18.492924" lon="98.989568">
        <ele>302.561902</ele>
        <time>2025-12-19T16:59:25.079000Z</time>
      </trkpt>
      <trkpt lat="18.486935" lon="98.984717">
        <ele>310.671482</ele>
        <time>2025-12-19T17:01:52.333000Z</time>
      </trkpt>
      <trkpt lat="18.486568" lon="98.984421">
        <ele>310.783213</ele>
        <time>2025-12-19T17:01:59.894000Z</time>
      </trkpt>
      <trkpt lat="18.483021" lon="98.981498">
        <ele>311.836838</ele>
        <time>2025-12-19T17:03:09.022000Z</time>
      </trkpt>
      <trkpt lat="18.482383" lon="98.980981">
        <ele>312.041235</ele>
        <time>2025-12-19T17:03:22.872000Z</time>
      </trkpt>
      <trkpt lat="18.481149" lon="98.979963">
        <ele>312.441403</ele>
        <time>2025-12-19T17:03:46.827000Z</time>
      </trkpt>
      <trkpt lat="18.479487" lon="98.97866">
        <ele>313.038539</ele>
        <time>2025-12-19T17:04:19.750000Z</time>
      </trkpt>
      <trkpt lat="18.478155" lon="98.977534">
        <ele>313.734475</ele>
        <time>2025-12-19T17:04:48.707000Z</time>
      </trkpt>
      <trkpt lat="18.477998" lon="98.977401">
        <ele>313.797864</ele>
        <time>2025-12-19T17:04:52.006000Z</time>
      </trkpt>
      <trkpt lat="18.475089" lon="98.975051">
        <ele>315.528521</ele>
        <time>2025-12-19T17:05:49.296000Z</time>
      </trkpt>
      <trkpt lat="18.474571" lon="98.974632">
        <ele>316.33851</ele>
        <time>2025-12-19T17:06:03.591000Z</time>
      </trkpt>
      <trkpt lat="18.474136" lon="98.974284">
        <ele>317.107587</ele>
        <time>2025-12-19T17:06:17.407000Z</time>
      </trkpt>
      <trkpt lat="18.474001" lon="98.974176">
        <ele>317.392734</ele>
        <time>2025-12-19T17:06:21.676000Z</time>
      </trkpt>
      <trkpt lat="18.473501" lon="98.973755">
        <ele>318.469426</ele>
        <time>2025-12-19T17:06:36.828000Z</time>
      </trkpt>
      <trkpt lat="18.471343" lon="98.972011">
        <ele>321.738825</ele>
        <time>2025-12-19T17:07:26.569000Z</time>
      </trkpt>
      <trkpt lat="18.47108" lon="98.971793">
        <ele>322.305899</ele>
        <time>2025-12-19T17:07:33.753000Z</time>
      </trkpt>
      <trkpt lat="18.47076" lon="98.971475">
        <ele>323.051283</ele>
        <time>2025-12-19T17:07:43.776000Z</time>
      </trkpt>
      <trkpt lat="18.470629" lon="98.971311">
        <ele>323.395996</ele>
        <time>2025-12-19T17:07:48.614000Z</time>
      </trkpt>
      <trkpt lat="18.470166" lon="98.970663">
        <ele>324.587318</ele>
        <time>2025-12-19T17:08:06.250000Z</time>
      </trkpt>
      <trkpt lat="18.470037" lon="98.970446">
        <ele>324.683179</ele>
        <time>2025-12-19T17:08:11.129000Z</time>
      </trkpt>
      <trkpt lat="18.469774" lon="98.970004">
        <ele>324.878488</ele>
        <time>2025-12-19T17:08:20.071000Z</time>
      </trkpt>
      <trkpt lat="18.469393" lon="98.969084">
        <ele>325.254252</ele>
        <time>2025-12-19T17:08:33.776000Z</time>
      </trkpt>
      <trkpt lat="18.469293" lon="98.968798">
        <ele>324.929304</ele>
        <time>2025-12-19T17:08:37.366000Z</time>
      </trkpt>
      <trkpt lat="18.46915" lon="98.968209">
        <ele>324.209844</ele>
        <time>2025-12-19T17:08:44.042000Z</time>
      </trkpt>
      <trkpt lat="18.469037" lon="98.967354">
        <ele>323.188311</ele>
        <time>2025-12-19T17:08:53.399000Z</time>
      </trkpt>
      <trkpt lat="18.469019" lon="98.966898">
        <ele>322.748895</ele>
        <time>2025-12-19T17:08:58.521000Z</time>
      </trkpt>
      <trkpt lat="18.469033" lon="98.966523">
        <ele>322.425411</ele>
        <time>2025-12-19T17:09:02.859000Z</time>
      </trkpt>
      <trkpt lat="18.46905" lon="98.966092">
        <ele>322.053587</ele>
        <time>2025-12-19T17:09:07.868000Z</time>
      </trkpt>
      <trkpt lat="18.469081" lon="98.96588">
        <ele>321.868693</ele>
        <time>2025-12-19T17:09:10.635000Z</time>
      </trkpt>
      <trkpt lat="18.469142" lon="98.965402">
        <ele>321.452966</ele>
        <time>2025-12-19T17:09:17.052000Z</time>
      </trkpt>
      <trkpt lat="18.469369" lon="98.964253">
        <ele>319.991575</ele>
        <time>2025-12-19T17:09:30.102000Z</time>
      </trkpt>
      <trkpt lat="18.470053" lon="98.961001">
        <ele>315.255017</ele>
        <time>2025-12-19T17:10:06.112000Z</time>
      </trkpt>
      <trkpt lat="18.470098" lon="98.960797">
        <ele>314.984574</ele>
        <time>2025-12-19T17:10:08.410000Z</time>
      </trkpt>
      <trkpt lat="18.470334" lon="98.959637">
        <ele>313.509675</ele>
        <time>2025-12-19T17:10:21.713000Z</time>
      </trkpt>
      <trkpt lat="18.47106" lon="98.956079">
        <ele>310.499046</ele>
        <time>2025-12-19T17:11:04.833000Z</time>
      </trkpt>
      <trkpt lat="18.471132" lon="98.955818">
        <ele>310.363792</ele>
        <time>2025-12-19T17:11:08.007000Z</time>
      </trkpt>
      <trkpt lat="18.471301" lon="98.955474">
        <ele>310.180935</ele>
        <time>2025-12-19T17:11:12.686000Z</time>
      </trkpt>
      <trkpt lat="18.471384" lon="98.955325">
        <ele>310.099374</ele>
        <time>2025-12-19T17:11:14.857000Z</time>
      </trkpt>
      <trkpt lat="18.471688" lon="98.954799">
        <ele>309.808639</ele>
        <time>2025-12-19T17:11:23.072000Z</time>
      </trkpt>
      <trkpt lat="18.472048" lon="98.954149">
        <ele>309.526836</ele>
        <time>2025-12-19T17:11:32.929000Z</time>
      </trkpt>
      <trkpt lat="18.473507" lon="98.951497">
        <ele>309.02507</ele>
        <time>2025-12-19T17:12:13.817000Z</time>
      </trkpt>
      <trkpt lat="18.473644" lon="98.951255">
        <ele>308.994182</ele>
        <time>2025-12-19T17:12:18.002000Z</time>
      </trkpt>
      <trkpt lat="18.473917" lon="98.950801">
        <ele>308.886524</ele>
        <time>2025-12-19T17:12:25.781000Z</time>
      </trkpt>
      <trkpt lat="18.474162" lon="98.950525">
        <ele>308.79602</ele>
        <time>2025-12-19T17:12:31.084000Z</time>
      </trkpt>
      <trkpt lat="18.474424" lon="98.950276">
        <ele>308.706982</ele>
        <time>2025-12-19T17:12:35.994000Z</time>
      </trkpt>
      <trkpt lat="18.475106" lon="98.949753">
        <ele>308.490998</ele>
        <time>2025-12-19T17:12:46.897000Z</time>
      </trkpt>
      <trkpt lat="18.478991" lon="98.946921">
        <ele>307.13707</ele>
        <time>2025-12-19T17:13:52.642000Z</time>
      </trkpt>
      <trkpt lat="18.479776" lon="98.946322">
        <ele>306.810433</ele>
        <time>2025-12-19T17:14:05.683000Z</time>
      </trkpt>
      <trkpt lat="18.482426" lon="98.944411">
        <ele>305.633201</ele>
        <time>2025-12-19T17:14:49.428000Z</time>
      </trkpt>
      <trkpt lat="18.482799" lon="98.944098">
        <ele>305.539108</ele>
        <time>2025-12-19T17:14:56.065000Z</time>
      </trkpt>
      <trkpt lat="18.483002" lon="98.943929">
        <ele>305.488055</ele>
        <time>2025-12-19T17:14:59.704000Z</time>
      </trkpt>
      <trkpt lat="18.483194" lon="98.943692">
        <ele>305.429707</ele>
        <time>2025-12-19T17:15:03.897000Z</time>
      </trkpt>
      <trkpt lat="18.483379" lon="98.9434">
        <ele>305.36397</ele>
        <time>2025-12-19T17:15:08.663000Z</time>
      </trkpt>
      <trkpt lat="18.484703" lon="98.940908">
        <ele>305.022094</ele>
        <time>2025-12-19T17:15:47.781000Z</time>
      </trkpt>
      <trkpt lat="18.48497" lon="98.94041">
        <ele>304.911485</ele>
        <time>2025-12-19T17:15:55.377000Z</time>
      </trkpt>
      <trkpt lat="18.486016" lon="98.938484">
        <ele>304.698814</ele>
        <time>2025-12-19T17:16:25.027000Z</time>
      </trkpt>
      <trkpt lat="18.486223" lon="98.938067">
        <ele>304.67959</ele>
        <time>2025-12-19T17:16:32.375000Z</time>
      </trkpt>
      <trkpt lat="18.486256" lon="98.937996">
        <ele>304.680882</ele>
        <time>2025-12-19T17:16:33.560000Z</time>
      </trkpt>
      <trkpt lat="18.486357" lon="98.938024">
        <ele>304.683246</ele>
        <time>2025-12-19T17:16:35.268000Z</time>
      </trkpt>
      <trkpt lat="18.486695" lon="98.938127">
        <ele>304.69121</ele>
        <time>2025-12-19T17:16:40.852000Z</time>
      </trkpt>
      <trkpt lat="18.487037" lon="98.93824">
        <ele>304.699322</ele>
        <time>2025-12-19T17:16:46.091000Z</time>
      </trkpt>
      <trkpt lat="18.487695" lon="98.938483">
        <ele>304.715103</ele>
        <time>2025-12-19T17:16:56.381000Z</time>
      </trkpt>
      <trkpt lat="18.487819" lon="98.938529">
        <ele>304.718079</ele>
        <time>2025-12-19T17:16:58.243000Z</time>
      </trkpt>
      <trkpt lat="18.488406" lon="98.938706">
        <ele>304.651188</ele>
        <time>2025-12-19T17:17:06.649000Z</time>
      </trkpt>
      <trkpt lat="18.489278" lon="98.938988">
        <ele>304.531351</ele>
        <time>2025-12-19T17:17:19.896000Z</time>
      </trkpt>
      <trkpt lat="18.48947" lon="98.939071">
        <ele>304.504086</ele>
        <time>2025-12-19T17:17:23.039000Z</time>
      </trkpt>
      <trkpt lat="18.489726" lon="98.939181">
        <ele>304.451284</ele>
        <time>2025-12-19T17:17:27.106000Z</time>
      </trkpt>
      <trkpt lat="18.489896" lon="98.939289">
        <ele>304.398264</ele>
        <time>2025-12-19T17:17:29.957000Z</time>
      </trkpt>
      <trkpt lat="18.490535" lon="98.939692">
        <ele>304.199358</ele>
        <time>2025-12-19T17:17:40.212000Z</time>
      </trkpt>
      <trkpt lat="18.491363" lon="98.940163">
        <ele>303.941321</ele>
        <time>2025-12-19T17:17:52.896000Z</time>
      </trkpt>
      <trkpt lat="18.492609" lon="98.94065">
        <ele>303.543174</ele>
        <time>2025-12-19T17:18:11.222000Z</time>
      </trkpt>
      <trkpt lat="18.493047" lon="98.940798">
        <ele>303.450054</ele>
        <time>2025-12-19T17:18:17.577000Z</time>
      </trkpt>
      <trkpt lat="18.493785" lon="98.941048">
        <ele>303.393846</ele>
        <time>2025-12-19T17:18:28.751000Z</time>
      </trkpt>
      <trkpt lat="18.494365" lon="98.941145">
        <ele>303.351264</ele>
        <time>2025-12-19T17:18:37.706000Z</time>
      </trkpt>
      <trkpt lat="18.49543" lon="98.941166">
        <ele>303.236307</ele>
        <time>2025-12-19T17:18:53.646000Z</time>
      </trkpt>
      <trkpt lat="18.49579" lon="98.94122">
        <ele>303.193329</ele>
        <time>2025-12-19T17:18:58.993000Z</time>
      </trkpt>
      <trkpt lat="18.496258" lon="98.941381">
        <ele>303.135145</ele>
        <time>2025-12-19T17:19:05.952000Z</time>
      </trkpt>
      <trkpt lat="18.496828" lon="98.941703">
        <ele>302.921946</ele>
        <time>2025-12-19T17:19:14.130000Z</time>
      </trkpt>
      <trkpt lat="18.497009" lon="98.941848">
        <ele>302.836377</ele>
        <time>2025-12-19T17:19:17.281000Z</time>
      </trkpt>
      <trkpt lat="18.497553" lon="98.942313">
        <ele>302.572761</ele>
        <time>2025-12-19T17:19:26.948000Z</time>
      </trkpt>
      <trkpt lat="18.497804" lon="98.942505">
        <ele>302.456031</ele>
        <time>2025-12-19T17:19:31.238000Z</time>
      </trkpt>
      <trkpt lat="18.498018" lon="98.942668">
        <ele>302.494428</ele>
        <time>2025-12-19T17:19:34.901000Z</time>
      </trkpt>
      <trkpt lat="18.498293" lon="98.942733">
        <ele>302.555245</ele>
        <time>2025-12-19T17:19:38.962000Z</time>
      </trkpt>
      <trkpt lat="18.499137" lon="98.942647">
        <ele>302.738225</ele>
        <time>2025-12-19T17:19:53.383000Z</time>
      </trkpt>
      <trkpt lat="18.499379" lon="98.942665">
        <ele>302.790577</ele>
        <time>2025-12-19T17:19:57.318000Z</time>
      </trkpt>
      <trkpt lat="18.500021" lon="98.942705">
        <ele>302.787919</ele>
        <time>2025-12-19T17:20:07.185000Z</time>
      </trkpt>
      <trkpt lat="18.500178" lon="98.942692">
        <ele>302.772346</ele>
        <time>2025-12-19T17:20:09.435000Z</time>
      </trkpt>
      <trkpt lat="18.500287" lon="98.942679">
        <ele>302.761498</ele>
        <time>2025-12-19T17:20:10.937000Z</time>
      </trkpt>
      <trkpt lat="18.500511" lon="98.94255">
        <ele>302.736258</ele>
        <time>2025-12-19T17:20:14.655000Z</time>
      </trkpt>
      <trkpt lat="18.500976" lon="98.942027">
        <ele>302.669026</ele>
        <time>2025-12-19T17:20:24.193000Z</time>
      </trkpt>
      <trkpt lat="18.501081" lon="98.941907">
        <ele>302.653413</ele>
        <time>2025-12-19T17:20:26.259000Z</time>
      </trkpt>
      <trkpt lat="18.501416" lon="98.941617">
        <ele>302.594123</ele>
        <time>2025-12-19T17:20:32.220000Z</time>
      </trkpt>
      <trkpt lat="18.501671" lon="98.94151">
        <ele>302.556581</ele>
        <time>2025-12-19T17:20:36.162000Z</time>
      </trkpt>
      <trkpt lat="18.501851" lon="98.941492">
        <ele>302.531848</ele>
        <time>2025-12-19T17:20:38.858000Z</time>
      </trkpt>
      <trkpt lat="18.503197" lon="98.941456">
        <ele>302.31272</ele>
        <time>2025-12-19T17:20:58.481000Z</time>
      </trkpt>
      <trkpt lat="18.503397" lon="98.941539">
        <ele>302.266418</ele>
        <time>2025-12-19T17:21:01.286000Z</time>
      </trkpt>
      <trkpt lat="18.503522" lon="98.941638">
        <ele>302.232741</ele>
        <time>2025-12-19T17:21:03.295000Z</time>
      </trkpt>
      <trkpt lat="18.504295" lon="98.942514">
        <ele>302.026109</ele>
        <time>2025-12-19T17:21:19.270000Z</time>
      </trkpt>
      <trkpt lat="18.504825" lon="98.943119">
        <ele>302.052507</ele>
        <time>2025-12-19T17:21:31.415000Z</time>
      </trkpt>
      <trkpt lat="18.505095" lon="98.943308">
        <ele>302.063461</ele>
        <time>2025-12-19T17:21:36.320000Z</time>
      </trkpt>
      <trkpt lat="18.505476" lon="98.943521">
        <ele>302.078036</ele>
        <time>2025-12-19T17:21:43.271000Z</time>
      </trkpt>
      <trkpt lat="18.505964" lon="98.943658">
        <ele>301.854652</ele>
        <time>2025-12-19T17:21:50.387000Z</time>
      </trkpt>
      <trkpt lat="18.506311" lon="98.943702">
        <ele>301.65342</ele>
        <time>2025-12-19T17:21:54.808000Z</time>
      </trkpt>
      <trkpt lat="18.50667" lon="98.943711">
        <ele>301.446659</ele>
        <time>2025-12-19T17:21:59.215000Z</time>
      </trkpt>
      <trkpt lat="18.507297" lon="98.943654">
        <ele>301.084311</ele>
        <time>2025-12-19T17:22:07.233000Z</time>
      </trkpt>
      <trkpt lat="18.507399" lon="98.943643">
        <ele>301.036761</ele>
        <time>2025-12-19T17:22:08.508000Z</time>
      </trkpt>
      <trkpt lat="18.50773" lon="98.943605">
        <ele>300.950463</ele>
        <time>2025-12-19T17:22:12.773000Z</time>
      </trkpt>
      <trkpt lat="18.508242" lon="98.943499">
        <ele>300.815226</ele>
        <time>2025-12-19T17:22:19.910000Z</time>
      </trkpt>
      <trkpt lat="18.509315" lon="98.943095">
        <ele>300.547687</ele>
        <time>2025-12-19T17:22:36.782000Z</time>
      </trkpt>
      <trkpt lat="18.509601" lon="98.942979">
        <ele>300.504983</ele>
        <time>2025-12-19T17:22:41.833000Z</time>
      </trkpt>
      <trkpt lat="18.510368" lon="98.94257">
        <ele>300.385202</ele>
        <time>2025-12-19T17:22:54.044000Z</time>
      </trkpt>
      <trkpt lat="18.510417" lon="98.94253">
        <ele>300.376567</ele>
        <time>2025-12-19T17:22:54.857000Z</time>
      </trkpt>
      <trkpt lat="18.510965" lon="98.942169">
        <ele>300.169435</ele>
        <time>2025-12-19T17:23:03.602000Z</time>
      </trkpt>
      <trkpt lat="18.511477" lon="98.941898">
        <ele>299.871163</ele>
        <time>2025-12-19T17:23:11.291000Z</time>
      </trkpt>
      <trkpt lat="18.511859" lon="98.941805">
        <ele>299.667039</ele>
        <time>2025-12-19T17:23:16.297000Z</time>
      </trkpt>
      <trkpt lat="18.512205" lon="98.941799">
        <ele>299.486866</ele>
        <time>2025-12-19T17:23:20.716000Z</time>
      </trkpt>
      <trkpt lat="18.515654" lon="98.941783">
        <ele>297.439592</ele>
        <time>2025-12-19T17:24:05.626000Z</time>
      </trkpt>
      <trkpt lat="18.516117" lon="98.94179">
        <ele>297.211351</ele>
        <time>2025-12-19T17:24:11.556000Z</time>
      </trkpt>
      <trkpt lat="18.516918" lon="98.941787">
        <ele>296.991291</ele>
        <time>2025-12-19T17:24:22.753000Z</time>
      </trkpt>
      <trkpt lat="18.517369" lon="98.941769">
        <ele>296.867299</ele>
        <time>2025-12-19T17:24:29.206000Z</time>
      </trkpt>
      <trkpt lat="18.517895" lon="98.941629">
        <ele>296.74009</ele>
        <time>2025-12-19T17:24:36.875000Z</time>
      </trkpt>
      <trkpt lat="18.518254" lon="98.941529">
        <ele>296.70026</ele>
        <time>2025-12-19T17:24:42.333000Z</time>
      </trkpt>
      <trkpt lat="18.518443" lon="98.941453">
        <ele>296.678562</ele>
        <time>2025-12-19T17:24:45.308000Z</time>
      </trkpt>
      <trkpt lat="18.518799" lon="98.941288">
        <ele>296.63685</ele>
        <time>2025-12-19T17:24:50.812000Z</time>
      </trkpt>
      <trkpt lat="18.519769" lon="98.940805">
        <ele>296.570901</ele>
        <time>2025-12-19T17:25:06.045000Z</time>
      </trkpt>
      <trkpt lat="18.520589" lon="98.940463">
        <ele>296.594374</ele>
        <time>2025-12-19T17:25:19.910000Z</time>
      </trkpt>
      <trkpt lat="18.520695" lon="98.940423">
        <ele>296.597371</ele>
        <time>2025-12-19T17:25:21.627000Z</time>
      </trkpt>
      <trkpt lat="18.521511" lon="98.940278">
        <ele>296.442787</ele>
        <time>2025-12-19T17:25:33.558000Z</time>
      </trkpt>
      <trkpt lat="18.521955" lon="98.940181">
        <ele>296.249568</ele>
        <time>2025-12-19T17:25:39.614000Z</time>
      </trkpt>
      <trkpt lat="18.522991" lon="98.939905">
        <ele>295.805761</ele>
        <time>2025-12-19T17:25:53.446000Z</time>
      </trkpt>
      <trkpt lat="18.523734" lon="98.939667">
        <ele>295.553819</ele>
        <time>2025-12-19T17:26:04.217000Z</time>
      </trkpt>
      <trkpt lat="18.524056" lon="98.939627">
        <ele>295.448623</ele>
        <time>2025-12-19T17:26:08.777000Z</time>
      </trkpt>
      <trkpt lat="18.524205" lon="98.939632">
        <ele>295.400255</ele>
        <time>2025-12-19T17:26:10.866000Z</time>
      </trkpt>
      <trkpt lat="18.524562" lon="98.93963">
        <ele>295.284423</ele>
        <time>2025-12-19T17:26:15.834000Z</time>
      </trkpt>
      <trkpt lat="18.525202" lon="98.939619">
        <ele>295.094207</ele>
        <time>2025-12-19T17:26:24.628000Z</time>
      </trkpt>
      <trkpt lat="18.525455" lon="98.939637">
        <ele>295.019817</ele>
        <time>2025-12-19T17:26:28.170000Z</time>
      </trkpt>
      <trkpt lat="18.525965" lon="98.9397">
        <ele>294.869178</ele>
        <time>2025-12-19T17:26:35.217000Z</time>
      </trkpt>
      <trkpt lat="18.526113" lon="98.939741">
        <ele>294.824287</ele>
        <time>2025-12-19T17:26:37.324000Z</time>
      </trkpt>
      <trkpt lat="18.526584" lon="98.939864">
        <ele>294.662753</ele>
        <time>2025-12-19T17:26:44.065000Z</time>
      </trkpt>
      <trkpt lat="18.527666" lon="98.940201">
        <ele>294.203197</ele>
        <time>2025-12-19T17:26:59.443000Z</time>
      </trkpt>
      <trkpt lat="18.528473" lon="98.940452">
        <ele>293.912948</ele>
        <time>2025-12-19T17:27:10.387000Z</time>
      </trkpt>
      <trkpt lat="18.528636" lon="98.940488">
        <ele>293.870867</ele>
        <time>2025-12-19T17:27:12.608000Z</time>
      </trkpt>
      <trkpt lat="18.528809" lon="98.940493">
        <ele>293.827137</ele>
        <time>2025-12-19T17:27:14.960000Z</time>
      </trkpt>
      <trkpt lat="18.530815" lon="98.940476">
        <ele>293.469156</ele>
        <time>2025-12-19T17:27:44.164000Z</time>
      </trkpt>
      <trkpt lat="18.531069" lon="98.940472">
        <ele>293.447649</ele>
        <time>2025-12-19T17:27:47.973000Z</time>
      </trkpt>
      <trkpt lat="18.531361" lon="98.94046">
        <ele>293.42291</ele>
        <time>2025-12-19T17:27:52.296000Z</time>
      </trkpt>
      <trkpt lat="18.532584" lon="98.94027">
        <ele>293.071418</ele>
        <time>2025-12-19T17:28:09.695000Z</time>
      </trkpt>
      <trkpt lat="18.5347" lon="98.939761">
        <ele>292.165674</ele>
        <time>2025-12-19T17:28:38.322000Z</time>
      </trkpt>
      <trkpt lat="18.53491" lon="98.93972">
        <ele>292.068724</ele>
        <time>2025-12-19T17:28:41.143000Z</time>
      </trkpt>
      <trkpt lat="18.535258" lon="98.939653">
        <ele>291.911852</ele>
        <time>2025-12-19T17:28:45.873000Z</time>
      </trkpt>
      <trkpt lat="18.537389" lon="98.939217">
        <ele>291.786247</ele>
        <time>2025-12-19T17:29:17.375000Z</time>
      </trkpt>
      <trkpt lat="18.53938" lon="98.938755">
        <ele>291.976889</ele>
        <time>2025-12-19T17:29:49.369000Z</time>
      </trkpt>
      <trkpt lat="18.540098" lon="98.938649">
        <ele>291.980621</ele>
        <time>2025-12-19T17:30:00.310000Z</time>
      </trkpt>
      <trkpt lat="18.540548" lon="98.938584">
        <ele>291.981381</ele>
        <time>2025-12-19T17:30:06.930000Z</time>
      </trkpt>
      <trkpt lat="18.540626" lon="98.938583">
        <ele>291.941498</ele>
        <time>2025-12-19T17:30:08.016000Z</time>
      </trkpt>
      <trkpt lat="18.540825" lon="98.938617">
        <ele>291.838427</ele>
        <time>2025-12-19T17:30:10.717000Z</time>
      </trkpt>
      <trkpt lat="18.541464" lon="98.938877">
        <ele>291.488251</ele>
        <time>2025-12-19T17:30:19.392000Z</time>
      </trkpt>
      <trkpt lat="18.542281" lon="98.939206">
        <ele>291.047873</ele>
        <time>2025-12-19T17:30:35.613000Z</time>
      </trkpt>
      <trkpt lat="18.542744" lon="98.939399">
        <ele>290.87067</ele>
        <time>2025-12-19T17:30:42.174000Z</time>
      </trkpt>
      <trkpt lat="18.543049" lon="98.939544">
        <ele>290.751591</ele>
        <time>2025-12-19T17:30:46.798000Z</time>
      </trkpt>
      <trkpt lat="18.543139" lon="98.938388">
        <ele>290.354012</ele>
        <time>2025-12-19T17:31:08.021000Z</time>
      </trkpt>
      <trkpt lat="18.543106" lon="98.938161">
        <ele>290.268927</ele>
        <time>2025-12-19T17:31:12.054000Z</time>
      </trkpt>
      <trkpt lat="18.54292" lon="98.937711">
        <ele>290.087049</ele>
        <time>2025-12-19T17:31:20.699000Z</time>
      </trkpt>
      <trkpt lat="18.542909" lon="98.937453">
        <ele>289.991365</ele>
        <time>2025-12-19T17:31:25.258000Z</time>
      </trkpt>
      <trkpt lat="18.543279" lon="98.936358">
        <ele>289.673734</ele>
        <time>2025-12-19T17:31:46.228000Z</time>
      </trkpt>
      <trkpt lat="18.54338" lon="98.935925">
        <ele>289.625575</ele>
        <time>2025-12-19T17:31:54.568000Z</time>
      </trkpt>
      <trkpt lat="18.543438" lon="98.935772">
        <ele>289.607779</ele>
        <time>2025-12-19T17:31:57.681000Z</time>
      </trkpt>
      <trkpt lat="18.543534" lon="98.935625">
        <ele>289.588501</ele>
        <time>2025-12-19T17:32:01.061000Z</time>
      </trkpt>
      <trkpt lat="18.544028" lon="98.935291">
        <ele>289.521659</ele>
        <time>2025-12-19T17:32:12.887000Z</time>
      </trkpt>
      <trkpt lat="18.544295" lon="98.934945">
        <ele>289.554752</ele>
        <time>2025-12-19T17:32:21.539000Z</time>
      </trkpt>
      <trkpt lat="18.54457" lon="98.93449">
        <ele>289.609568</ele>
        <time>2025-12-19T17:32:32.067000Z</time>
      </trkpt>
      <trkpt lat="18.544975" lon="98.93372">
        <ele>289.699021</ele>
        <time>2025-12-19T17:32:49.457000Z</time>
      </trkpt>
      <trkpt lat="18.545153" lon="98.933497">
        <ele>289.728021</ele>
        <time>2025-12-19T17:32:55.258000Z</time>
      </trkpt>
      <trkpt lat="18.545442" lon="98.933302">
        <ele>289.763685</ele>
        <time>2025-12-19T17:33:02.414000Z</time>
      </trkpt>
      <trkpt lat="18.545731" lon="98.933212">
        <ele>289.79501</ele>
        <time>2025-12-19T17:33:08.691000Z</time>
      </trkpt>
      <trkpt lat="18.546016" lon="98.933153">
        <ele>289.825202</ele>
        <time>2025-12-19T17:33:14.685000Z</time>
      </trkpt>
      <trkpt lat="18.546214" lon="98.933175">
        <ele>289.845899</ele>
        <time>2025-12-19T17:33:18.757000Z</time>
      </trkpt>
      <trkpt lat="18.548199" lon="98.933746">
        <ele>289.921348</ele>
        <time>2025-12-19T17:34:00.489000Z</time>
      </trkpt>
      <trkpt lat="18.548383" lon="98.933811">
        <ele>289.924568</ele>
        <time>2025-12-19T17:34:04.431000Z</time>
      </trkpt>
      <trkpt lat="18.548457" lon="98.933869">
        <ele>289.923898</ele>
        <time>2025-12-19T17:34:06.333000Z</time>
      </trkpt>
      <trkpt lat="18.548595" lon="98.934143">
        <ele>289.919816</ele>
        <time>2025-12-19T17:34:12.322000Z</time>
      </trkpt>
      <trkpt lat="18.548685" lon="98.934221">
        <ele>289.9182</ele>
        <time>2025-12-19T17:34:14.707000Z</time>
      </trkpt>
      <trkpt lat="18.548722" lon="98.934227">
        <ele>289.91768</ele>
        <time>2025-12-19T17:34:15.464000Z</time>
      </trkpt>
      <trkpt lat="18.548861" lon="98.934248">
        <ele>289.915731</ele>
        <time>2025-12-19T17:34:18.321000Z</time>
      </trkpt>
      <trkpt lat="18.549912" lon="98.934159">
        <ele>289.9011</ele>
        <time>2025-12-19T17:34:39.547000Z</time>
      </trkpt>
      <trkpt lat="18.551435" lon="98.934074">
        <ele>289.795147</ele>
        <time>2025-12-19T17:35:09.685000Z</time>
      </trkpt>
      <trkpt lat="18.551566" lon="98.934111">
        <ele>289.785288</ele>
        <time>2025-12-19T17:35:12.400000Z</time>
      </trkpt>
      <trkpt lat="18.552024" lon="98.933999">
        <ele>289.778769</ele>
        <time>2025-12-19T17:35:21.895000Z</time>
      </trkpt>
      <trkpt lat="18.552232" lon="98.933907">
        <ele>289.787463</ele>
        <time>2025-12-19T17:35:26.497000Z</time>
      </trkpt>
      <trkpt lat="18.552767" lon="98.933569">
        <ele>289.811499</ele>
        <time>2025-12-19T17:35:39.314000Z</time>
      </trkpt>
      <trkpt lat="18.553004" lon="98.933462">
        <ele>289.821435</ele>
        <time>2025-12-19T17:35:44.663000Z</time>
      </trkpt>
      <trkpt lat="18.554114" lon="98.933392">
        <ele>289.729039</ele>
        <time>2025-12-19T17:36:07.207000Z</time>
      </trkpt>
      <trkpt lat="18.554389" lon="98.933462">
        <ele>289.682744</ele>
        <time>2025-12-19T17:36:12.742000Z</time>
      </trkpt>
      <trkpt lat="18.554572" lon="98.93358">
        <ele>289.647644</ele>
        <time>2025-12-19T17:36:16.902000Z</time>
      </trkpt>
      <trkpt lat="18.554789" lon="98.933816">
        <ele>289.596639</ele>
        <time>2025-12-19T17:36:22.870000Z</time>
      </trkpt>
      <trkpt lat="18.555121" lon="98.934395">
        <ele>289.404171</ele>
        <time>2025-12-19T17:36:34.993000Z</time>
      </trkpt>
      <trkpt lat="18.555415" lon="98.93498">
        <ele>289.130298</ele>
        <time>2025-12-19T17:36:46.829000Z</time>
      </trkpt>
      <trkpt lat="18.555735" lon="98.935505">
        <ele>288.87213</ele>
        <time>2025-12-19T17:36:58.008000Z</time>
      </trkpt>
      <trkpt lat="18.556121" lon="98.936056">
        <ele>288.716676</ele>
        <time>2025-12-19T17:37:09.745000Z</time>
      </trkpt>
      <trkpt lat="18.556178" lon="98.93599">
        <ele>288.707431</ele>
        <time>2025-12-19T17:37:11.313000Z</time>
      </trkpt>
      <trkpt lat="18.556696" lon="98.935405">
        <ele>288.624543</ele>
        <time>2025-12-19T17:37:26.182000Z</time>
      </trkpt>
      <trkpt lat="18.556827" lon="98.935274">
        <ele>288.604827</ele>
        <time>2025-12-19T17:37:29.888000Z</time>
      </trkpt>
      <trkpt lat="18.557097" lon="98.935433">
        <ele>288.571051</ele>
        <time>2025-12-19T17:37:34.685000Z</time>
      </trkpt>
      <trkpt lat="18.557427" lon="98.935568">
        <ele>288.712501</ele>
        <time>2025-12-19T17:37:40.669000Z</time>
      </trkpt>
      <trkpt lat="18.558367" lon="98.935721">
        <ele>289.221131</ele>
        <time>2025-12-19T17:37:57.923000Z</time>
      </trkpt>
      <trkpt lat="18.560332" lon="98.936041">
        <ele>289.622154</ele>
        <time>2025-12-19T17:38:29.385000Z</time>
      </trkpt>
      <trkpt lat="18.560704" lon="98.936231">
        <ele>289.634515</ele>
        <time>2025-12-19T17:38:34.885000Z</time>
      </trkpt>
      <trkpt lat="18.561238" lon="98.936764">
        <ele>289.350484</ele>
        <time>2025-12-19T17:38:44.518000Z</time>
      </trkpt>
      <trkpt lat="18.561464" lon="98.936921">
        <ele>289.245934</ele>
        <time>2025-12-19T17:38:48.068000Z</time>
      </trkpt>
      <trkpt lat="18.562851" lon="98.937446">
        <ele>288.988604</ele>
        <time>2025-12-19T17:39:08.821000Z</time>
      </trkpt>
      <trkpt lat="18.563858" lon="98.937924">
        <ele>289.049509</ele>
        <time>2025-12-19T17:39:26.285000Z</time>
      </trkpt>
      <trkpt lat="18.564193" lon="98.93793">
        <ele>289.163624</ele>
        <time>2025-12-19T17:39:31.308000Z</time>
      </trkpt>
      <trkpt lat="18.564432" lon="98.937837">
        <ele>289.250387</ele>
        <time>2025-12-19T17:39:35.167000Z</time>
      </trkpt>
      <trkpt lat="18.564509" lon="98.937905">
        <ele>289.28459</ele>
        <time>2025-12-19T17:39:36.741000Z</time>
      </trkpt>
      <trkpt lat="18.564572" lon="98.93805">
        <ele>289.336089</ele>
        <time>2025-12-19T17:39:39.168000Z</time>
      </trkpt>
      <trkpt lat="18.564605" lon="98.938135">
        <ele>289.365745</ele>
        <time>2025-12-19T17:39:40.606000Z</time>
      </trkpt>
      <trkpt lat="18.564562" lon="98.938271">
        <ele>289.412034</ele>
        <time>2025-12-19T17:39:42.891000Z</time>
      </trkpt>
      <trkpt lat="18.564515" lon="98.938326">
        <ele>289.435942</ele>
        <time>2025-12-19T17:39:44.090000Z</time>
      </trkpt>
      <trkpt lat="18.564353" lon="98.938426">
        <ele>289.49987</ele>
        <time>2025-12-19T17:39:47.310000Z</time>
      </trkpt>
      <trkpt lat="18.564266" lon="98.93851">
        <ele>289.540039</ele>
        <time>2025-12-19T17:39:49.336000Z</time>
      </trkpt>
      <trkpt lat="18.564254" lon="98.938553">
        <ele>289.554512</ele>
        <time>2025-12-19T17:39:50.053000Z</time>
      </trkpt>
      <trkpt lat="18.564474" lon="98.939353">
        <ele>289.92228</ele>
        <time>2025-12-19T17:40:03.135000Z</time>
      </trkpt>
      <trkpt lat="18.564519" lon="98.939659">
        <ele>290.080847</ele>
        <time>2025-12-19T17:40:08.331000Z</time>
      </trkpt>
      <trkpt lat="18.564519" lon="98.940079">
        <ele>290.295917</ele>
        <time>2025-12-19T17:40:15.495000Z</time>
      </trkpt>
      <trkpt lat="18.564486" lon="98.940274">
        <ele>290.397349</ele>
        <time>2025-12-19T17:40:18.764000Z</time>
      </trkpt>
      <trkpt lat="18.564257" lon="98.94084">
        <ele>290.60321</ele>
        <time>2025-12-19T17:40:28.466000Z</time>
      </trkpt>
      <trkpt lat="18.564143" lon="98.941113">
        <ele>290.56205</ele>
        <time>2025-12-19T17:40:32.848000Z</time>
      </trkpt>
      <trkpt lat="18.564119" lon="98.941188">
        <ele>290.551128</ele>
        <time>2025-12-19T17:40:33.987000Z</time>
      </trkpt>
      <trkpt lat="18.563873" lon="98.941727">
        <ele>290.468588</ele>
        <time>2025-12-19T17:40:41.788000Z</time>
      </trkpt>
      <trkpt lat="18.56385" lon="98.942434">
        <ele>290.370982</ele>
        <time>2025-12-19T17:40:50.719000Z</time>
      </trkpt>
      <trkpt lat="18.563855" lon="98.94264">
        <ele>290.362254</ele>
        <time>2025-12-19T17:40:53.356000Z</time>
      </trkpt>
      <trkpt lat="18.563885" lon="98.94282">
        <ele>290.359561</ele>
        <time>2025-12-19T17:40:55.707000Z</time>
      </trkpt>
      <trkpt lat="18.563987" lon="98.942901">
        <ele>290.357576</ele>
        <time>2025-12-19T17:40:57.486000Z</time>
      </trkpt>
      <trkpt lat="18.564096" lon="98.942951">
        <ele>290.355728</ele>
        <time>2025-12-19T17:40:59.153000Z</time>
      </trkpt>
      <trkpt lat="18.565152" lon="98.943201">
        <ele>290.338902</ele>
        <time>2025-12-19T17:41:15.693000Z</time>
      </trkpt>
      <trkpt lat="18.565452" lon="98.943212">
        <ele>290.320313</ele>
        <time>2025-12-19T17:41:20.586000Z</time>
      </trkpt>
      <trkpt lat="18.565671" lon="98.943281">
        <ele>290.296251</ele>
        <time>2025-12-19T17:41:24.184000Z</time>
      </trkpt>
      <trkpt lat="18.56596" lon="98.94345">
        <ele>290.261463</ele>
        <time>2025-12-19T17:41:29.219000Z</time>
      </trkpt>
      <trkpt lat="18.567025" lon="98.943895">
        <ele>290.147171</ele>
        <time>2025-12-19T17:41:45.062000Z</time>
      </trkpt>
      <trkpt lat="18.567798" lon="98.944431">
        <ele>290.145354</ele>
        <time>2025-12-19T17:41:57.881000Z</time>
      </trkpt>
      <trkpt lat="18.569506" lon="98.945547">
        <ele>290.462249</ele>
        <time>2025-12-19T17:42:30.077000Z</time>
      </trkpt>
      <trkpt lat="18.571515" lon="98.946957">
        <ele>290.871672</ele>
        <time>2025-12-19T17:43:07.841000Z</time>
      </trkpt>
      <trkpt lat="18.572023" lon="98.947255">
        <ele>290.733001</ele>
        <time>2025-12-19T17:43:15.851000Z</time>
      </trkpt>
      <trkpt lat="18.572474" lon="98.947365">
        <ele>290.622568</ele>
        <time>2025-12-19T17:43:22.100000Z</time>
      </trkpt>
      <trkpt lat="18.57321" lon="98.947395">
        <ele>290.446849</ele>
        <time>2025-12-19T17:43:32.448000Z</time>
      </trkpt>
      <trkpt lat="18.5734" lon="98.947365">
        <ele>290.36605</ele>
        <time>2025-12-19T17:43:35.149000Z</time>
      </trkpt>
      <trkpt lat="18.573523" lon="98.947301">
        <ele>290.3076</ele>
        <time>2025-12-19T17:43:37.070000Z</time>
      </trkpt>
      <trkpt lat="18.573847" lon="98.946991">
        <ele>290.121186</ele>
        <time>2025-12-19T17:43:43.055000Z</time>
      </trkpt>
      <trkpt lat="18.57411" lon="98.946956">
        <ele>290.008212</ele>
        <time>2025-12-19T17:43:46.549000Z</time>
      </trkpt>
      <trkpt lat="18.575175" lon="98.947068">
        <ele>289.677957</ele>
        <time>2025-12-19T17:44:00.685000Z</time>
      </trkpt>
      <trkpt lat="18.57562" lon="98.947141">
        <ele>289.676477</ele>
        <time>2025-12-19T17:44:06.705000Z</time>
      </trkpt>
      <trkpt lat="18.575998" lon="98.947196">
        <ele>289.675222</ele>
        <time>2025-12-19T17:44:11.984000Z</time>
      </trkpt>
      <trkpt lat="18.576259" lon="98.947306">
        <ele>289.674299</ele>
        <time>2025-12-19T17:44:16.460000Z</time>
      </trkpt>
      <trkpt lat="18.576818" lon="98.947754">
        <ele>289.895412</ele>
        <time>2025-12-19T17:44:29.232000Z</time>
      </trkpt>
      <trkpt lat="18.577243" lon="98.948223">
        <ele>290.331</ele>
        <time>2025-12-19T17:44:40.353000Z</time>
      </trkpt>
      <trkpt lat="18.577355" lon="98.948486">
        <ele>290.524562</ele>
        <time>2025-12-19T17:44:45.362000Z</time>
      </trkpt>
      <trkpt lat="18.577676" lon="98.949583">
        <ele>290.994018</ele>
        <time>2025-12-19T17:45:04.106000Z</time>
      </trkpt>
      <trkpt lat="18.578031" lon="98.950543">
        <ele>291.087583</ele>
        <time>2025-12-19T17:45:18.151000Z</time>
      </trkpt>
      <trkpt lat="18.578198" lon="98.950989">
        <ele>291.094414</ele>
        <time>2025-12-19T17:45:24.592000Z</time>
      </trkpt>
      <trkpt lat="18.578354" lon="98.95129">
        <ele>291.029775</ele>
        <time>2025-12-19T17:45:29.218000Z</time>
      </trkpt>
      <trkpt lat="18.578587" lon="98.951605">
        <ele>290.954489</ele>
        <time>2025-12-19T17:45:34.601000Z</time>
      </trkpt>
      <trkpt lat="18.578894" lon="98.951956">
        <ele>290.864499</ele>
        <time>2025-12-19T17:45:40.905000Z</time>
      </trkpt>
      <trkpt lat="18.57944" lon="98.952496">
        <ele>290.747773</ele>
        <time>2025-12-19T17:45:51.421000Z</time>
      </trkpt>
      <trkpt lat="18.579637" lon="98.952624">
        <ele>290.733876</ele>
        <time>2025-12-19T17:45:54.724000Z</time>
      </trkpt>
      <trkpt lat="18.579919" lon="98.952758">
        <ele>290.715297</ele>
        <time>2025-12-19T17:45:58.916000Z</time>
      </trkpt>
      <trkpt lat="18.580351" lon="98.95288">
        <ele>290.688434</ele>
        <time>2025-12-19T17:46:05.233000Z</time>
      </trkpt>
      <trkpt lat="18.580579" lon="98.952907">
        <ele>290.674653</ele>
        <time>2025-12-19T17:46:08.730000Z</time>
      </trkpt>
      <trkpt lat="18.580972" lon="98.952909">
        <ele>290.669506</ele>
        <time>2025-12-19T17:46:15.105000Z</time>
      </trkpt>
      <trkpt lat="18.581415" lon="98.952886">
        <ele>290.83479</ele>
        <time>2025-12-19T17:46:22.510000Z</time>
      </trkpt>
      <trkpt lat="18.581992" lon="98.952805">
        <ele>291.051703</ele>
        <time>2025-12-19T17:46:32.378000Z</time>
      </trkpt>
      <trkpt lat="18.582871" lon="98.952728">
        <ele>291.272814</ele>
        <time>2025-12-19T17:46:46.912000Z</time>
      </trkpt>
      <trkpt lat="18.583396" lon="98.952801">
        <ele>291.094546</ele>
        <time>2025-12-19T17:46:54.265000Z</time>
      </trkpt>
      <trkpt lat="18.584494" lon="98.952961">
        <ele>290.721398</ele>
        <time>2025-12-19T17:47:08.496000Z</time>
      </trkpt>
      <trkpt lat="18.584776" lon="98.952941">
        <ele>290.764159</ele>
        <time>2025-12-19T17:47:12.324000Z</time>
      </trkpt>
      <trkpt lat="18.585269" lon="98.952861">
        <ele>290.847643</ele>
        <time>2025-12-19T17:47:19.763000Z</time>
      </trkpt>
      <trkpt lat="18.586179" lon="98.952866">
        <ele>290.999952</ele>
        <time>2025-12-19T17:47:34.954000Z</time>
      </trkpt>
      <trkpt lat="18.586534" lon="98.952913">
        <ele>291.109711</ele>
        <time>2025-12-19T17:47:41.297000Z</time>
      </trkpt>
      <trkpt lat="18.586639" lon="98.952962">
        <ele>291.152633</ele>
        <time>2025-12-19T17:47:43.296000Z</time>
      </trkpt>
      <trkpt lat="18.586719" lon="98.953043">
        <ele>291.194084</ele>
        <time>2025-12-19T17:47:45.202000Z</time>
      </trkpt>
      <trkpt lat="18.586925" lon="98.953506">
        <ele>291.375319</ele>
        <time>2025-12-19T17:47:53.189000Z</time>
      </trkpt>
      <trkpt lat="18.587484" lon="98.954012">
        <ele>291.650669</ele>
        <time>2025-12-19T17:48:04.654000Z</time>
      </trkpt>
      <trkpt lat="18.588452" lon="98.955158">
        <ele>291.82683</ele>
        <time>2025-12-19T17:48:27.087000Z</time>
      </trkpt>
      <trkpt lat="18.588639" lon="98.955345">
        <ele>291.852698</ele>
        <time>2025-12-19T17:48:30.920000Z</time>
      </trkpt>
      <trkpt lat="18.588895" lon="98.955545">
        <ele>291.875928</ele>
        <time>2025-12-19T17:48:35.601000Z</time>
      </trkpt>
      <trkpt lat="18.589119" lon="98.955671">
        <ele>291.883277</ele>
        <time>2025-12-19T17:48:39.294000Z</time>
      </trkpt>
      <trkpt lat="18.589423" lon="98.955793">
        <ele>291.892692</ele>
        <time>2025-12-19T17:48:44.079000Z</time>
      </trkpt>
      <trkpt lat="18.589748" lon="98.955888">
        <ele>291.902455</ele>
        <time>2025-12-19T17:48:49.058000Z</time>
      </trkpt>
      <trkpt lat="18.590064" lon="98.955952">
        <ele>291.911769</ele>
        <time>2025-12-19T17:48:53.878000Z</time>
      </trkpt>
      <trkpt lat="18.590855" lon="98.956052">
        <ele>291.995053</ele>
        <time>2025-12-19T17:49:06.112000Z</time>
      </trkpt>
      <trkpt lat="18.591239" lon="98.956136">
        <ele>292.072265</ele>
        <time>2025-12-19T17:49:12.322000Z</time>
      </trkpt>
      <trkpt lat="18.591928" lon="98.956311">
        <ele>292.211793</ele>
        <time>2025-12-19T17:49:23.548000Z</time>
      </trkpt>
      <trkpt lat="18.592194" lon="98.956426">
        <ele>292.268391</ele>
        <time>2025-12-19T17:49:28.020000Z</time>
      </trkpt>
      <trkpt lat="18.592835" lon="98.956877">
        <ele>292.274832</ele>
        <time>2025-12-19T17:49:39.708000Z</time>
      </trkpt>
      <trkpt lat="18.593322" lon="98.957291">
        <ele>292.271576</ele>
        <time>2025-12-19T17:49:48.923000Z</time>
      </trkpt>
      <trkpt lat="18.595121" lon="98.959233">
        <ele>292.190027</ele>
        <time>2025-12-19T17:50:26.023000Z</time>
      </trkpt>
      <trkpt lat="18.595442" lon="98.959533">
        <ele>292.263802</ele>
        <time>2025-12-19T17:50:32.672000Z</time>
      </trkpt>
      <trkpt lat="18.595807" lon="98.95983">
        <ele>292.343102</ele>
        <time>2025-12-19T17:50:39.988000Z</time>
      </trkpt>
      <trkpt lat="18.596075" lon="98.960182">
        <ele>292.416724</ele>
        <time>2025-12-19T17:50:46.841000Z</time>
      </trkpt>
      <trkpt lat="18.596304" lon="98.960542">
        <ele>292.463232</ele>
        <time>2025-12-19T17:50:53.455000Z</time>
      </trkpt>
      <trkpt lat="18.59642" lon="98.960724">
        <ele>292.478932</ele>
        <time>2025-12-19T17:50:56.774000Z</time>
      </trkpt>
      <trkpt lat="18.596801" lon="98.961383">
        <ele>292.534187</ele>
        <time>2025-12-19T17:51:07.962000Z</time>
      </trkpt>
      <trkpt lat="18.597025" lon="98.961842">
        <ele>292.571143</ele>
        <time>2025-12-19T17:51:15.101000Z</time>
      </trkpt>
      <trkpt lat="18.597423" lon="98.963084">
        <ele>292.110925</ele>
        <time>2025-12-19T17:51:32.707000Z</time>
      </trkpt>
      <trkpt lat="18.597775" lon="98.963988">
        <ele>291.618697</ele>
        <time>2025-12-19T17:51:44.455000Z</time>
      </trkpt>
      <trkpt lat="18.598174" lon="98.964854">
        <ele>290.854573</ele>
        <time>2025-12-19T17:51:55.261000Z</time>
      </trkpt>
      <trkpt lat="18.598322" lon="98.965107">
        <ele>290.61864</ele>
        <time>2025-12-19T17:51:58.655000Z</time>
      </trkpt>
      <trkpt lat="18.598593" lon="98.965375">
        <ele>290.335709</ele>
        <time>2025-12-19T17:52:03.538000Z</time>
      </trkpt>
      <trkpt lat="18.598776" lon="98.965509">
        <ele>290.492127</ele>
        <time>2025-12-19T17:52:06.888000Z</time>
      </trkpt>
      <trkpt lat="18.598962" lon="98.965583">
        <ele>290.631715</ele>
        <time>2025-12-19T17:52:10.255000Z</time>
      </trkpt>
      <trkpt lat="18.599184" lon="98.965628">
        <ele>290.790457</ele>
        <time>2025-12-19T17:52:14.438000Z</time>
      </trkpt>
      <trkpt lat="18.599379" lon="98.965626">
        <ele>290.927394</ele>
        <time>2025-12-19T17:52:18.188000Z</time>
      </trkpt>
      <trkpt lat="18.599459" lon="98.965663">
        <ele>290.988731</ele>
        <time>2025-12-19T17:52:19.916000Z</time>
      </trkpt>
      <trkpt lat="18.599526" lon="98.965702">
        <ele>291.042464</ele>
        <time>2025-12-19T17:52:21.407000Z</time>
      </trkpt>
      <trkpt lat="18.599583" lon="98.965742">
        <ele>291.090534</ele>
        <time>2025-12-19T17:52:22.759000Z</time>
      </trkpt>
      <trkpt lat="18.600024" lon="98.965886">
        <ele>291.4147</ele>
        <time>2025-12-19T17:52:31.899000Z</time>
      </trkpt>
      <trkpt lat="18.600193" lon="98.96597">
        <ele>291.545882</ele>
        <time>2025-12-19T17:52:35.497000Z</time>
      </trkpt>
      <trkpt lat="18.600314" lon="98.966044">
        <ele>291.630297</ele>
        <time>2025-12-19T17:52:38.153000Z</time>
      </trkpt>
      <trkpt lat="18.60051" lon="98.966224">
        <ele>291.769486</ele>
        <time>2025-12-19T17:52:42.781000Z</time>
      </trkpt>
      <trkpt lat="18.601169" lon="98.966966">
        <ele>292.285735</ele>
        <time>2025-12-19T17:52:58.348000Z</time>
      </trkpt>
      <trkpt lat="18.60131" lon="98.967096">
        <ele>292.386036</ele>
        <time>2025-12-19T17:53:01.331000Z</time>
      </trkpt>
      <trkpt lat="18.602189" lon="98.967687">
        <ele>292.742572</ele>
        <time>2025-12-19T17:53:18.771000Z</time>
      </trkpt>
      <trkpt lat="18.602946" lon="98.968151">
        <ele>292.971937</ele>
        <time>2025-12-19T17:53:32.789000Z</time>
      </trkpt>
      <trkpt lat="18.603704" lon="98.968541">
        <ele>292.718905</ele>
        <time>2025-12-19T17:53:44.814000Z</time>
      </trkpt>
      <trkpt lat="18.604163" lon="98.96869">
        <ele>292.498513</ele>
        <time>2025-12-19T17:53:51.086000Z</time>
      </trkpt>
      <trkpt lat="18.604294" lon="98.968695">
        <ele>292.438354</ele>
        <time>2025-12-19T17:53:52.750000Z</time>
      </trkpt>
      <trkpt lat="18.604576" lon="98.968659">
        <ele>292.307993</ele>
        <time>2025-12-19T17:53:56.328000Z</time>
      </trkpt>
      <trkpt lat="18.604743" lon="98.96856">
        <ele>292.220084</ele>
        <time>2025-12-19T17:53:58.719000Z</time>
      </trkpt>
      <trkpt lat="18.604997" lon="98.968304">
        <ele>292.111023</ele>
        <time>2025-12-19T17:54:03.077000Z</time>
      </trkpt>
      <trkpt lat="18.605637" lon="98.967549">
        <ele>291.838989</ele>
        <time>2025-12-19T17:54:16.004000Z</time>
      </trkpt>
      <trkpt lat="18.606813" lon="98.966267">
        <ele>291.729754</ele>
        <time>2025-12-19T17:54:43.086000Z</time>
      </trkpt>
      <trkpt lat="18.607536" lon="98.965823">
        <ele>291.759944</ele>
        <time>2025-12-19T17:54:54.521000Z</time>
      </trkpt>
      <trkpt lat="18.60791" lon="98.96554">
        <ele>291.772696</ele>
        <time>2025-12-19T17:55:00.766000Z</time>
      </trkpt>
      <trkpt lat="18.608542" lon="98.964913">
        <ele>291.796734</ele>
        <time>2025-12-19T17:55:13.998000Z</time>
      </trkpt>
      <trkpt lat="18.608835" lon="98.964774">
        <ele>291.822846</ele>
        <time>2025-12-19T17:55:19.354000Z</time>
      </trkpt>
      <trkpt lat="18.609422" lon="98.964632">
        <ele>292.116043</ele>
        <time>2025-12-19T17:55:29.394000Z</time>
      </trkpt>
      <trkpt lat="18.610398" lon="98.964496">
        <ele>292.595339</ele>
        <time>2025-12-19T17:55:46.004000Z</time>
      </trkpt>
      <trkpt lat="18.610767" lon="98.964445">
        <ele>292.74419</ele>
        <time>2025-12-19T17:55:52.319000Z</time>
      </trkpt>
      <trkpt lat="18.611729" lon="98.964653">
        <ele>293.061669</ele>
        <time>2025-12-19T17:56:08.661000Z</time>
      </trkpt>
      <trkpt lat="18.612223" lon="98.964667">
        <ele>293.221438</ele>
        <time>2025-12-19T17:56:16.199000Z</time>
      </trkpt>
      <trkpt lat="18.613001" lon="98.964707">
        <ele>293.190938</ele>
        <time>2025-12-19T17:56:28.019000Z</time>
      </trkpt>
      <trkpt lat="18.613309" lon="98.964652">
        <ele>293.157108</ele>
        <time>2025-12-19T17:56:32.361000Z</time>
      </trkpt>
      <trkpt lat="18.613503" lon="98.964582">
        <ele>293.134904</ele>
        <time>2025-12-19T17:56:35.177000Z</time>
      </trkpt>
      <trkpt lat="18.613754" lon="98.964472">
        <ele>293.10547</ele>
        <time>2025-12-19T17:56:38.958000Z</time>
      </trkpt>
      <trkpt lat="18.613892" lon="98.964385">
        <ele>293.08806</ele>
        <time>2025-12-19T17:56:41.240000Z</time>
      </trkpt>
      <trkpt lat="18.614006" lon="98.964274">
        <ele>293.071261</ele>
        <time>2025-12-19T17:56:43.453000Z</time>
      </trkpt>
      <trkpt lat="18.614135" lon="98.964012">
        <ele>293.023141</ele>
        <time>2025-12-19T17:56:47.434000Z</time>
      </trkpt>
      <trkpt lat="18.614416" lon="98.963471">
        <ele>292.916484</ele>
        <time>2025-12-19T17:56:55.609000Z</time>
      </trkpt>
      <trkpt lat="18.614527" lon="98.963015">
        <ele>292.83509</ele>
        <time>2025-12-19T17:57:02.027000Z</time>
      </trkpt>
      <trkpt lat="18.614729" lon="98.962592">
        <ele>292.753201</ele>
        <time>2025-12-19T17:57:08.592000Z</time>
      </trkpt>
      <trkpt lat="18.614829" lon="98.962281">
        <ele>292.700747</ele>
        <time>2025-12-19T17:57:12.939000Z</time>
      </trkpt>
      <trkpt lat="18.615384" lon="98.961368">
        <ele>292.532325</ele>
        <time>2025-12-19T17:57:27.327000Z</time>
      </trkpt>
      <trkpt lat="18.615624" lon="98.961077">
        <ele>292.472426</ele>
        <time>2025-12-19T17:57:32.540000Z</time>
      </trkpt>
      <trkpt lat="18.615915" lon="98.960789">
        <ele>292.467775</ele>
        <time>2025-12-19T17:57:38.370000Z</time>
      </trkpt>
      <trkpt lat="18.616119" lon="98.960549">
        <ele>292.49961</ele>
        <time>2025-12-19T17:57:42.923000Z</time>
      </trkpt>
      <trkpt lat="18.61739" lon="98.95867">
        <ele>292.928877</ele>
        <time>2025-12-19T17:58:16.880000Z</time>
      </trkpt>
      <trkpt lat="18.617795" lon="98.95817">
        <ele>293.130049</ele>
        <time>2025-12-19T17:58:27.219000Z</time>
      </trkpt>
      <trkpt lat="18.618456" lon="98.957534">
        <ele>293.422416</ele>
        <time>2025-12-19T17:58:42.231000Z</time>
      </trkpt>
      <trkpt lat="18.618512" lon="98.957375">
        <ele>293.475216</ele>
        <time>2025-12-19T17:58:44.867000Z</time>
      </trkpt>
      <trkpt lat="18.618539" lon="98.956992">
        <ele>293.594763</ele>
        <time>2025-12-19T17:58:50.717000Z</time>
      </trkpt>
      <trkpt lat="18.618825" lon="98.956327">
        <ele>293.809782</ele>
        <time>2025-12-19T17:59:01.584000Z</time>
      </trkpt>
      <trkpt lat="18.618855" lon="98.956154">
        <ele>293.829493</ele>
        <time>2025-12-19T17:59:04.149000Z</time>
      </trkpt>
      <trkpt lat="18.61888" lon="98.95551">
        <ele>293.901732</ele>
        <time>2025-12-19T17:59:13.482000Z</time>
      </trkpt>
      <trkpt lat="18.619064" lon="98.954759">
        <ele>293.988671</ele>
        <time>2025-12-19T17:59:24.623000Z</time>
      </trkpt>
      <trkpt lat="18.619212" lon="98.954461">
        <ele>293.989447</ele>
        <time>2025-12-19T17:59:29.450000Z</time>
      </trkpt>
      <trkpt lat="18.619439" lon="98.954061">
        <ele>293.862914</ele>
        <time>2025-12-19T17:59:36.174000Z</time>
      </trkpt>
      <trkpt lat="18.619616" lon="98.953909">
        <ele>293.79756</ele>
        <time>2025-12-19T17:59:39.620000Z</time>
      </trkpt>
      <trkpt lat="18.619765" lon="98.953844">
        <ele>293.751386</ele>
        <time>2025-12-19T17:59:41.973000Z</time>
      </trkpt>
      <trkpt lat="18.620275" lon="98.953713">
        <ele>293.601067</ele>
        <time>2025-12-19T17:59:49.072000Z</time>
      </trkpt>
      <trkpt lat="18.620634" lon="98.953711">
        <ele>293.495189</ele>
        <time>2025-12-19T17:59:53.577000Z</time>
      </trkpt>
      <trkpt lat="18.621159" lon="98.953705">
        <ele>293.13829</ele>
        <time>2025-12-19T17:59:59.922000Z</time>
      </trkpt>
      <trkpt lat="18.621767" lon="98.953647">
        <ele>292.723306</ele>
        <time>2025-12-19T18:00:07.313000Z</time>
      </trkpt>
      <trkpt lat="18.622638" lon="98.953886">
        <ele>292.320839</ele>
        <time>2025-12-19T18:00:20.025000Z</time>
      </trkpt>
      <trkpt lat="18.622838" lon="98.953969">
        <ele>292.358625</ele>
        <time>2025-12-19T18:00:23.519000Z</time>
      </trkpt>
      <trkpt lat="18.623045" lon="98.954115">
        <ele>292.402402</ele>
        <time>2025-12-19T18:00:27.627000Z</time>
      </trkpt>
      <trkpt lat="18.624458" lon="98.955376">
        <ele>292.816692</ele>
        <time>2025-12-19T18:00:56.852000Z</time>
      </trkpt>
      <trkpt lat="18.624916" lon="98.955697">
        <ele>292.977654</ele>
        <time>2025-12-19T18:01:05.599000Z</time>
      </trkpt>
      <trkpt lat="18.625079" lon="98.955757">
        <ele>293.028193</ele>
        <time>2025-12-19T18:01:08.388000Z</time>
      </trkpt>
      <trkpt lat="18.625782" lon="98.955833">
        <ele>293.132584</ele>
        <time>2025-12-19T18:01:19.931000Z</time>
      </trkpt>
      <trkpt lat="18.626331" lon="98.955812">
        <ele>293.14937</ele>
        <time>2025-12-19T18:01:28.523000Z</time>
      </trkpt>
      <trkpt lat="18.627045" lon="98.955845">
        <ele>293.171208</ele>
        <time>2025-12-19T18:01:38.708000Z</time>
      </trkpt>
      <trkpt lat="18.627595" lon="98.955593">
        <ele>293.039122</ele>
        <time>2025-12-19T18:01:46.788000Z</time>
      </trkpt>
      <trkpt lat="18.628072" lon="98.955496">
        <ele>292.893704</ele>
        <time>2025-12-19T18:01:53.321000Z</time>
      </trkpt>
      <trkpt lat="18.628291" lon="98.955397">
        <ele>292.822384</ele>
        <time>2025-12-19T18:01:56.554000Z</time>
      </trkpt>
      <trkpt lat="18.62979" lon="98.954386">
        <ele>292.571257</ele>
        <time>2025-12-19T18:02:22.133000Z</time>
      </trkpt>
      <trkpt lat="18.629952" lon="98.954301">
        <ele>292.560979</ele>
        <time>2025-12-19T18:02:24.688000Z</time>
      </trkpt>
      <trkpt lat="18.630095" lon="98.95426">
        <ele>292.552561</ele>
        <time>2025-12-19T18:02:26.845000Z</time>
      </trkpt>
      <trkpt lat="18.630346" lon="98.954178">
        <ele>292.537634</ele>
        <time>2025-12-19T18:02:30.798000Z</time>
      </trkpt>
      <trkpt lat="18.630737" lon="98.954103">
        <ele>292.575071</ele>
        <time>2025-12-19T18:02:36.986000Z</time>
      </trkpt>
      <trkpt lat="18.630973" lon="98.954092">
        <ele>292.602052</ele>
        <time>2025-12-19T18:02:40.769000Z</time>
      </trkpt>
      <trkpt lat="18.631276" lon="98.954089">
        <ele>292.636661</ele>
        <time>2025-12-19T18:02:45.527000Z</time>
      </trkpt>
      <trkpt lat="18.631707" lon="98.954019">
        <ele>292.686468</ele>
        <time>2025-12-19T18:02:51.989000Z</time>
      </trkpt>
      <trkpt lat="18.632697" lon="98.953392">
        <ele>292.634088</ele>
        <time>2025-12-19T18:03:09.547000Z</time>
      </trkpt>
      <trkpt lat="18.633361" lon="98.95316">
        <ele>292.525055</ele>
        <time>2025-12-19T18:03:19.186000Z</time>
      </trkpt>
      <trkpt lat="18.634195" lon="98.953064">
        <ele>292.377362</ele>
        <time>2025-12-19T18:03:30.764000Z</time>
      </trkpt>
      <trkpt lat="18.637056" lon="98.953121">
        <ele>292.024955</ele>
        <time>2025-12-19T18:04:11.709000Z</time>
      </trkpt>
      <trkpt lat="18.637583" lon="98.95329">
        <ele>292.104288</ele>
        <time>2025-12-19T18:04:20.016000Z</time>
      </trkpt>
      <trkpt lat="18.637895" lon="98.95335">
        <ele>292.233842</ele>
        <time>2025-12-19T18:04:25.064000Z</time>
      </trkpt>
      <trkpt lat="18.63859" lon="98.953498">
        <ele>292.52348</ele>
        <time>2025-12-19T18:04:36.861000Z</time>
      </trkpt>
      <trkpt lat="18.639774" lon="98.953986">
        <ele>293.0122</ele>
        <time>2025-12-19T18:04:58.838000Z</time>
      </trkpt>
      <trkpt lat="18.640097" lon="98.954026">
        <ele>293.131553</ele>
        <time>2025-12-19T18:05:04.114000Z</time>
      </trkpt>
      <trkpt lat="18.640405" lon="98.954035">
        <ele>293.244631</ele>
        <time>2025-12-19T18:05:09.038000Z</time>
      </trkpt>
      <trkpt lat="18.640867" lon="98.953959">
        <ele>293.397024</ele>
        <time>2025-12-19T18:05:16.442000Z</time>
      </trkpt>
      <trkpt lat="18.641375" lon="98.953776">
        <ele>293.321306</ele>
        <time>2025-12-19T18:05:24.215000Z</time>
      </trkpt>
      <trkpt lat="18.641869" lon="98.953664">
        <ele>293.250033</ele>
        <time>2025-12-19T18:05:31.223000Z</time>
      </trkpt>
      <trkpt lat="18.642299" lon="98.953617">
        <ele>293.189054</ele>
        <time>2025-12-19T18:05:37.251000Z</time>
      </trkpt>
      <trkpt lat="18.642965" lon="98.953641">
        <ele>293.105215</ele>
        <time>2025-12-19T18:05:46.767000Z</time>
      </trkpt>
      <trkpt lat="18.643185" lon="98.953618">
        <ele>293.079943</ele>
        <time>2025-12-19T18:05:49.763000Z</time>
      </trkpt>
      <trkpt lat="18.643648" lon="98.953457">
        <ele>293.024218</ele>
        <time>2025-12-19T18:05:56.601000Z</time>
      </trkpt>
      <trkpt lat="18.643933" lon="98.953431">
        <ele>292.991518</ele>
        <time>2025-12-19T18:06:00.712000Z</time>
      </trkpt>
      <trkpt lat="18.64404" lon="98.953446">
        <ele>292.979179</ele>
        <time>2025-12-19T18:06:02.282000Z</time>
      </trkpt>
      <trkpt lat="18.644309" lon="98.95359">
        <ele>292.9447</ele>
        <time>2025-12-19T18:06:06.801000Z</time>
      </trkpt>
      <trkpt lat="18.644416" lon="98.953635">
        <ele>292.997318</ele>
        <time>2025-12-19T18:06:08.581000Z</time>
      </trkpt>
      <trkpt lat="18.644699" lon="98.953666">
        <ele>293.1508</ele>
        <time>2025-12-19T18:06:13.018000Z</time>
      </trkpt>
      <trkpt lat="18.645229" lon="98.953861">
        <ele>293.453579</ele>
        <time>2025-12-19T18:06:22.746000Z</time>
      </trkpt>
      <trkpt lat="18.646046" lon="98.954218">
        <ele>293.914309</ele>
        <time>2025-12-19T18:06:39.005000Z</time>
      </trkpt>
      <trkpt lat="18.646266" lon="98.954395">
        <ele>293.923038</ele>
        <time>2025-12-19T18:06:43.749000Z</time>
      </trkpt>
      <trkpt lat="18.646972" lon="98.955222">
        <ele>293.95632</ele>
        <time>2025-12-19T18:06:58.867000Z</time>
      </trkpt>
      <trkpt lat="18.647241" lon="98.955376">
        <ele>293.965977</ele>
        <time>2025-12-19T18:07:02.965000Z</time>
      </trkpt>
      <trkpt lat="18.648026" lon="98.955534">
        <ele>293.907022</ele>
        <time>2025-12-19T18:07:14.380000Z</time>
      </trkpt>
      <trkpt lat="18.648437" lon="98.955653">
        <ele>293.866924</ele>
        <time>2025-12-19T18:07:20.555000Z</time>
      </trkpt>
      <trkpt lat="18.648707" lon="98.955784">
        <ele>293.838965</ele>
        <time>2025-12-19T18:07:24.902000Z</time>
      </trkpt>
      <trkpt lat="18.649306" lon="98.956156">
        <ele>293.859707</ele>
        <time>2025-12-19T18:07:35.446000Z</time>
      </trkpt>
      <trkpt lat="18.649735" lon="98.956459">
        <ele>293.964643</ele>
        <time>2025-12-19T18:07:43.109000Z</time>
      </trkpt>
      <trkpt lat="18.64999" lon="98.956618">
        <ele>294.024851</ele>
        <time>2025-12-19T18:07:47.691000Z</time>
      </trkpt>
      <trkpt lat="18.650191" lon="98.95671">
        <ele>294.069388</ele>
        <time>2025-12-19T18:07:51.191000Z</time>
      </trkpt>
      <trkpt lat="18.651328" lon="98.956836">
        <ele>294.362793</ele>
        <time>2025-12-19T18:08:10.004000Z</time>
      </trkpt>
      <trkpt lat="18.651659" lon="98.956965">
        <ele>294.466853</ele>
        <time>2025-12-19T18:08:15.762000Z</time>
      </trkpt>
      <trkpt lat="18.652041" lon="98.957422">
        <ele>294.637142</ele>
        <time>2025-12-19T18:08:25.322000Z</time>
      </trkpt>
      <trkpt lat="18.652462" lon="98.95801">
        <ele>294.593139</ele>
        <time>2025-12-19T18:08:35.438000Z</time>
      </trkpt>
      <trkpt lat="18.652708" lon="98.958251">
        <ele>294.522866</ele>
        <time>2025-12-19T18:08:39.934000Z</time>
      </trkpt>
      <trkpt lat="18.653326" lon="98.958673">
        <ele>294.368758</ele>
        <time>2025-12-19T18:08:49.841000Z</time>
      </trkpt>
      <trkpt lat="18.653909" lon="98.959243">
        <ele>294.258557</ele>
        <time>2025-12-19T18:09:01.405000Z</time>
      </trkpt>
      <trkpt lat="18.654118" lon="98.959465">
        <ele>294.226046</ele>
        <time>2025-12-19T18:09:06.017000Z</time>
      </trkpt>
      <trkpt lat="18.654297" lon="98.959882">
        <ele>294.178487</ele>
        <time>2025-12-19T18:09:12.728000Z</time>
      </trkpt>
      <trkpt lat="18.654326" lon="98.959962">
        <ele>294.169589</ele>
        <time>2025-12-19T18:09:13.899000Z</time>
      </trkpt>
      <trkpt lat="18.654404" lon="98.960718">
        <ele>293.984834</ele>
        <time>2025-12-19T18:09:23.592000Z</time>
      </trkpt>
      <trkpt lat="18.65448" lon="98.960958">
        <ele>293.87309</ele>
        <time>2025-12-19T18:09:26.671000Z</time>
      </trkpt>
      <trkpt lat="18.654688" lon="98.961347">
        <ele>293.675844</ele>
        <time>2025-12-19T18:09:32.107000Z</time>
      </trkpt>
      <trkpt lat="18.65483" lon="98.961494">
        <ele>293.583141</ele>
        <time>2025-12-19T18:09:34.712000Z</time>
      </trkpt>
      <trkpt lat="18.655404" lon="98.96187">
        <ele>293.284141</ele>
        <time>2025-12-19T18:09:43.866000Z</time>
      </trkpt>
      <trkpt lat="18.656089" lon="98.962403">
        <ele>293.267904</ele>
        <time>2025-12-19T18:09:56.074000Z</time>
      </trkpt>
      <trkpt lat="18.656254" lon="98.962539">
        <ele>293.26391</ele>
        <time>2025-12-19T18:09:59.129000Z</time>
      </trkpt>
      <trkpt lat="18.656499" lon="98.962808">
        <ele>293.257165</ele>
        <time>2025-12-19T18:10:04.443000Z</time>
      </trkpt>
      <trkpt lat="18.656876" lon="98.963232">
        <ele>293.36096</ele>
        <time>2025-12-19T18:10:13.400000Z</time>
      </trkpt>
      <trkpt lat="18.657613" lon="98.963881">
        <ele>293.886685</ele>
        <time>2025-12-19T18:10:28.912000Z</time>
      </trkpt>
      <trkpt lat="18.658021" lon="98.964427">
        <ele>294.259012</ele>
        <time>2025-12-19T18:10:40.945000Z</time>
      </trkpt>
      <trkpt lat="18.658067" lon="98.964475">
        <ele>294.328626</ele>
        <time>2025-12-19T18:10:42.134000Z</time>
      </trkpt>
      <trkpt lat="18.658116" lon="98.964491">
        <ele>294.383826</ele>
        <time>2025-12-19T18:10:43.154000Z</time>
      </trkpt>
      <trkpt lat="18.658196" lon="98.964482">
        <ele>294.47041</ele>
        <time>2025-12-19T18:10:44.606000Z</time>
      </trkpt>
      <trkpt lat="18.658818" lon="98.964013">
        <ele>295.293077</ele>
        <time>2025-12-19T18:10:59.433000Z</time>
      </trkpt>
      <trkpt lat="18.658913" lon="98.963893">
        <ele>295.452526</ele>
        <time>2025-12-19T18:11:02.445000Z</time>
      </trkpt>
      <trkpt lat="18.659056" lon="98.963545">
        <ele>295.839297</ele>
        <time>2025-12-19T18:11:09.829000Z</time>
      </trkpt>
      <trkpt lat="18.659185" lon="98.963184">
        <ele>296.189567</ele>
        <time>2025-12-19T18:11:16.876000Z</time>
      </trkpt>
      <trkpt lat="18.659231" lon="98.963035">
        <ele>296.236964</ele>
        <time>2025-12-19T18:11:19.497000Z</time>
      </trkpt>
      <trkpt lat="18.659305" lon="98.962911">
        <ele>296.281287</ele>
        <time>2025-12-19T18:11:21.820000Z</time>
      </trkpt>
      <trkpt lat="18.659396" lon="98.962858">
        <ele>296.314466</ele>
        <time>2025-12-19T18:11:23.460000Z</time>
      </trkpt>
      <trkpt lat="18.659619" lon="98.963004">
        <ele>296.398237</ele>
        <time>2025-12-19T18:11:27.489000Z</time>
      </trkpt>
      <trkpt lat="18.659793" lon="98.963155">
        <ele>296.470147</ele>
        <time>2025-12-19T18:11:30.805000Z</time>
      </trkpt>
      <trkpt lat="18.659948" lon="98.963246">
        <ele>296.526767</ele>
        <time>2025-12-19T18:11:33.445000Z</time>
      </trkpt>
      <trkpt lat="18.660603" lon="98.963577">
        <ele>296.750024</ele>
        <time>2025-12-19T18:11:44.687000Z</time>
      </trkpt>
      <trkpt lat="18.660778" lon="98.96364">
        <ele>296.770256</ele>
        <time>2025-12-19T18:11:47.653000Z</time>
      </trkpt>
      <trkpt lat="18.661217" lon="98.963739">
        <ele>296.819376</ele>
        <time>2025-12-19T18:11:54.830000Z</time>
      </trkpt>
      <trkpt lat="18.661323" lon="98.963805">
        <ele>296.832842</ele>
        <time>2025-12-19T18:11:56.841000Z</time>
      </trkpt>
      <trkpt lat="18.661507" lon="98.964037">
        <ele>296.864208</ele>
        <time>2025-12-19T18:12:01.640000Z</time>
      </trkpt>
      <trkpt lat="18.661645" lon="98.964164">
        <ele>296.884242</ele>
        <time>2025-12-19T18:12:04.708000Z</time>
      </trkpt>
      <trkpt lat="18.661995" lon="98.964342">
        <ele>296.926753</ele>
        <time>2025-12-19T18:12:10.611000Z</time>
      </trkpt>
      <trkpt lat="18.662315" lon="98.964731">
        <ele>296.69905</ele>
        <time>2025-12-19T18:12:16.791000Z</time>
      </trkpt>
      <trkpt lat="18.662514" lon="98.964898">
        <ele>296.519958</ele>
        <time>2025-12-19T18:12:19.864000Z</time>
      </trkpt>
      <trkpt lat="18.662458" lon="98.965114">
        <ele>296.370499</ele>
        <time>2025-12-19T18:12:23.466000Z</time>
      </trkpt>
      <trkpt lat="18.662518" lon="98.965488">
        <ele>296.117338</ele>
        <time>2025-12-19T18:12:29.573000Z</time>
      </trkpt>
      <trkpt lat="18.662569" lon="98.965606">
        <ele>296.030777</ele>
        <time>2025-12-19T18:12:31.721000Z</time>
      </trkpt>
      <trkpt lat="18.662681" lon="98.96571">
        <ele>295.925693</ele>
        <time>2025-12-19T18:12:34.342000Z</time>
      </trkpt>
      <trkpt lat="18.66311" lon="98.966005">
        <ele>295.741675</ele>
        <time>2025-12-19T18:12:44.178000Z</time>
      </trkpt>
      <trkpt lat="18.663511" lon="98.966151">
        <ele>295.92139</ele>
        <time>2025-12-19T18:12:52.884000Z</time>
      </trkpt>
      <trkpt lat="18.663674" lon="98.966174">
        <ele>295.991063</ele>
        <time>2025-12-19T18:12:56.515000Z</time>
      </trkpt>
      <trkpt lat="18.664012" lon="98.966103">
        <ele>296.137072</ele>
        <time>2025-12-19T18:13:04.478000Z</time>
      </trkpt>
      <trkpt lat="18.664084" lon="98.966532">
        <ele>296.31195</ele>
        <time>2025-12-19T18:13:12.156000Z</time>
      </trkpt>
      <trkpt lat="18.664191" lon="98.966908">
        <ele>296.466019</ele>
        <time>2025-12-19T18:13:19Z</time>
      </trkpt>
      <trkpt lat="18.664388" lon="98.967155">
        <ele>296.581457</ele>
        <time>2025-12-19T18:13:24.103000Z</time>
      </trkpt>
      <trkpt lat="18.664763" lon="98.967531">
        <ele>296.776647</ele>
        <time>2025-12-19T18:13:32.321000Z</time>
      </trkpt>
      <trkpt lat="18.665248" lon="98.968067">
        <ele>297.041646</ele>
        <time>2025-12-19T18:13:43.818000Z</time>
      </trkpt>
      <trkpt lat="18.66542" lon="98.968194">
        <ele>297.116232</ele>
        <time>2025-12-19T18:13:47.108000Z</time>
      </trkpt>
      <trkpt lat="18.665617" lon="98.9683">
        <ele>297.117972</ele>
        <time>2025-12-19T18:13:50.435000Z</time>
      </trkpt>
      <trkpt lat="18.665858" lon="98.968346">
        <ele>297.1199</ele>
        <time>2025-12-19T18:13:54.039000Z</time>
      </trkpt>
      <trkpt lat="18.666725" lon="98.9684">
        <ele>297.126734</ele>
        <time>2025-12-19T18:14:06.901000Z</time>
      </trkpt>
      <trkpt lat="18.666916" lon="98.968441">
        <ele>297.128268</ele>
        <time>2025-12-19T18:14:09.773000Z</time>
      </trkpt>
      <trkpt lat="18.667183" lon="98.968613">
        <ele>297.098374</ele>
        <time>2025-12-19T18:14:14.287000Z</time>
      </trkpt>
      <trkpt lat="18.667543" lon="98.968887">
        <ele>296.846015</ele>
        <time>2025-12-19T18:14:20.528000Z</time>
      </trkpt>
      <trkpt lat="18.667645" lon="98.968939">
        <ele>296.781607</ele>
        <time>2025-12-19T18:14:22.083000Z</time>
      </trkpt>
      <trkpt lat="18.668665" lon="98.96945">
        <ele>296.139631</ele>
        <time>2025-12-19T18:14:36.387000Z</time>
      </trkpt>
      <trkpt lat="18.669293" lon="98.969869">
        <ele>295.798025</ele>
        <time>2025-12-19T18:14:45.695000Z</time>
      </trkpt>
      <trkpt lat="18.669525" lon="98.969969">
        <ele>295.685037</ele>
        <time>2025-12-19T18:14:49.054000Z</time>
      </trkpt>
      <trkpt lat="18.670476" lon="98.970342">
        <ele>295.404587</ele>
        <time>2025-12-19T18:15:02.718000Z</time>
      </trkpt>
      <trkpt lat="18.67098" lon="98.970515">
        <ele>295.778394</ele>
        <time>2025-12-19T18:15:13.063000Z</time>
      </trkpt>
      <trkpt lat="18.671242" lon="98.970561">
        <ele>295.965728</ele>
        <time>2025-12-19T18:15:17.901000Z</time>
      </trkpt>
      <trkpt lat="18.671262" lon="98.970562">
        <ele>295.97985</ele>
        <time>2025-12-19T18:15:18.305000Z</time>
      </trkpt>
      <trkpt lat="18.671726" lon="98.970554">
        <ele>296.307164</ele>
        <time>2025-12-19T18:15:26.477000Z</time>
      </trkpt>
      <trkpt lat="18.671975" lon="98.970647">
        <ele>296.49346</ele>
        <time>2025-12-19T18:15:31.273000Z</time>
      </trkpt>
      <trkpt lat="18.672407" lon="98.970894">
        <ele>296.695388</ele>
        <time>2025-12-19T18:15:40.927000Z</time>
      </trkpt>
      <trkpt lat="18.672696" lon="98.971012">
        <ele>296.798913</ele>
        <time>2025-12-19T18:15:46.142000Z</time>
      </trkpt>
      <trkpt lat="18.673609" lon="98.971203">
        <ele>297.109874</ele>
        <time>2025-12-19T18:15:59.630000Z</time>
      </trkpt>
      <trkpt lat="18.674004" lon="98.971332">
        <ele>297.25884</ele>
        <time>2025-12-19T18:16:05.947000Z</time>
      </trkpt>
      <trkpt lat="18.674449" lon="98.971518">
        <ele>297.439899</ele>
        <time>2025-12-19T18:16:13.710000Z</time>
      </trkpt>
      <trkpt lat="18.674833" lon="98.971705">
        <ele>297.599877</ele>
        <time>2025-12-19T18:16:20.945000Z</time>
      </trkpt>
      <trkpt lat="18.675523" lon="98.972371">
        <ele>297.897198</ele>
        <time>2025-12-19T18:16:36.754000Z</time>
      </trkpt>
      <trkpt lat="18.675794" lon="98.972626">
        <ele>297.962169</ele>
        <time>2025-12-19T18:16:42.695000Z</time>
      </trkpt>
      <trkpt lat="18.676087" lon="98.972854">
        <ele>298.027313</ele>
        <time>2025-12-19T18:16:48.559000Z</time>
      </trkpt>
      <trkpt lat="18.676578" lon="98.973194">
        <ele>298.132404</ele>
        <time>2025-12-19T18:16:57.327000Z</time>
      </trkpt>
      <trkpt lat="18.676739" lon="98.973318">
        <ele>298.168071</ele>
        <time>2025-12-19T18:17:00.081000Z</time>
      </trkpt>
      <trkpt lat="18.676848" lon="98.973418">
        <ele>298.16602</ele>
        <time>2025-12-19T18:17:01.931000Z</time>
      </trkpt>
      <trkpt lat="18.676942" lon="98.973542">
        <ele>298.163423</ele>
        <time>2025-12-19T18:17:03.861000Z</time>
      </trkpt>
      <trkpt lat="18.677018" lon="98.973753">
        <ele>298.159731</ele>
        <time>2025-12-19T18:17:07.007000Z</time>
      </trkpt>
      <trkpt lat="18.67706" lon="98.973901">
        <ele>298.157204</ele>
        <time>2025-12-19T18:17:09.223000Z</time>
      </trkpt>
      <trkpt lat="18.677079" lon="98.974075">
        <ele>298.154339</ele>
        <time>2025-12-19T18:17:11.726000Z</time>
      </trkpt>
      <trkpt lat="18.67708" lon="98.974358">
        <ele>298.149711</ele>
        <time>2025-12-19T18:17:15.842000Z</time>
      </trkpt>
      <trkpt lat="18.677138" lon="98.974588">
        <ele>298.145818</ele>
        <time>2025-12-19T18:17:19.118000Z</time>
      </trkpt>
      <trkpt lat="18.677314" lon="98.974524">
        <ele>298.142604</ele>
        <time>2025-12-19T18:17:22.974000Z</time>
      </trkpt>
      <trkpt lat="18.677656" lon="98.974853">
        <ele>298.10933</ele>
        <time>2025-12-19T18:17:32.364000Z</time>
      </trkpt>
      <trkpt lat="18.677958" lon="98.97523">
        <ele>298.028495</ele>
        <time>2025-12-19T18:17:42.357000Z</time>
      </trkpt>
      <trkpt lat="18.678083" lon="98.975274">
        <ele>298.005722</ele>
        <time>2025-12-19T18:17:45.344000Z</time>
      </trkpt>
      <trkpt lat="18.678644" lon="98.975375">
        <ele>297.907365</ele>
        <time>2025-12-19T18:17:56.127000Z</time>
      </trkpt>
      <trkpt lat="18.679031" lon="98.975467">
        <ele>297.838805</ele>
        <time>2025-12-19T18:18:03.418000Z</time>
      </trkpt>
      <trkpt lat="18.679178" lon="98.975535">
        <ele>297.78137</ele>
        <time>2025-12-19T18:18:06.350000Z</time>
      </trkpt>
      <trkpt lat="18.679398" lon="98.975699">
        <ele>297.645626</ele>
        <time>2025-12-19T18:18:11.269000Z</time>
      </trkpt>
      <trkpt lat="18.67984" lon="98.975799">
        <ele>297.417794</ele>
        <time>2025-12-19T18:18:19.529000Z</time>
      </trkpt>
      <trkpt lat="18.679987" lon="98.975931">
        <ele>297.320525</ele>
        <time>2025-12-19T18:18:23.075000Z</time>
      </trkpt>
      <trkpt lat="18.680104" lon="98.975994">
        <ele>297.254327</ele>
        <time>2025-12-19T18:18:25.491000Z</time>
      </trkpt>
      <trkpt lat="18.680394" lon="98.976016">
        <ele>297.107786</ele>
        <time>2025-12-19T18:18:30.872000Z</time>
      </trkpt>
      <trkpt lat="18.680964" lon="98.975907">
        <ele>296.876002</ele>
        <time>2025-12-19T18:18:41.905000Z</time>
      </trkpt>
      <trkpt lat="18.681094" lon="98.975916">
        <ele>296.848259</ele>
        <time>2025-12-19T18:18:44.419000Z</time>
      </trkpt>
      <trkpt lat="18.681205" lon="98.976002">
        <ele>296.818939</ele>
        <time>2025-12-19T18:18:47.073000Z</time>
      </trkpt>
      <trkpt lat="18.681462" lon="98.976061">
        <ele>296.762932</ele>
        <time>2025-12-19T18:18:52.178000Z</time>
      </trkpt>
      <trkpt lat="18.681607" lon="98.976045">
        <ele>296.731887</ele>
        <time>2025-12-19T18:18:55.022000Z</time>
      </trkpt>
      <trkpt lat="18.681776" lon="98.97594">
        <ele>296.690128</ele>
        <time>2025-12-19T18:18:58.840000Z</time>
      </trkpt>
      <trkpt lat="18.681835" lon="98.975897">
        <ele>296.674861</ele>
        <time>2025-12-19T18:19:00.243000Z</time>
      </trkpt>
      <trkpt lat="18.681964" lon="98.975883">
        <ele>296.647246</ele>
        <time>2025-12-19T18:19:02.785000Z</time>
      </trkpt>
      <trkpt lat="18.68264" lon="98.975947">
        <ele>296.510309</ele>
        <time>2025-12-19T18:19:16.208000Z</time>
      </trkpt>
      <trkpt lat="18.683077" lon="98.976045">
        <ele>296.436236</ele>
        <time>2025-12-19T18:19:25.005000Z</time>
      </trkpt>
      <trkpt lat="18.683039" lon="98.976141">
        <ele>296.419894</ele>
        <time>2025-12-19T18:19:26.406000Z</time>
      </trkpt>
      <trkpt lat="18.683001" lon="98.976252">
        <ele>296.401356</ele>
        <time>2025-12-19T18:19:27.987000Z</time>
      </trkpt>
      <trkpt lat="18.682988" lon="98.976295">
        <ele>296.394266</ele>
        <time>2025-12-19T18:19:28.595000Z</time>
      </trkpt>
      <trkpt lat="18.683583" lon="98.976227">
        <ele>296.295037</ele>
        <time>2025-12-19T18:19:40.261000Z</time>
      </trkpt>
      <trkpt lat="18.683738" lon="98.976306">
        <ele>296.266498</ele>
        <time>2025-12-19T18:19:43.622000Z</time>
      </trkpt>
      <trkpt lat="18.683947" lon="98.976568">
        <ele>296.22229</ele>
        <time>2025-12-19T18:19:49.958000Z</time>
      </trkpt>
      <trkpt lat="18.684012" lon="98.976588">
        <ele>296.21519</ele>
        <time>2025-12-19T18:19:51.273000Z</time>
      </trkpt>
      <trkpt lat="18.684081" lon="98.976568">
        <ele>296.207687</ele>
        <time>2025-12-19T18:19:52.677000Z</time>
      </trkpt>
      <trkpt lat="18.684255" lon="98.976304">
        <ele>296.175739</ele>
        <time>2025-12-19T18:19:58.565000Z</time>
      </trkpt>
      <trkpt lat="18.684303" lon="98.97625">
        <ele>296.168383</ele>
        <time>2025-12-19T18:19:59.902000Z</time>
      </trkpt>
      <trkpt lat="18.684355" lon="98.976243">
        <ele>296.162886</ele>
        <time>2025-12-19T18:20:00.914000Z</time>
      </trkpt>
      <trkpt lat="18.684446" lon="98.976287">
        <ele>296.152391</ele>
        <time>2025-12-19T18:20:02.850000Z</time>
      </trkpt>
      <trkpt lat="18.684698" lon="98.976515">
        <ele>296.117587</ele>
        <time>2025-12-19T18:20:09.329000Z</time>
      </trkpt>
      <trkpt lat="18.684925" lon="98.976667">
        <ele>296.089399</ele>
        <time>2025-12-19T18:20:14.684000Z</time>
      </trkpt>
      <trkpt lat="18.684988" lon="98.976797">
        <ele>296.074893</ele>
        <time>2025-12-19T18:20:17.498000Z</time>
      </trkpt>
      <trkpt lat="18.685" lon="98.977145">
        <ele>296.06981</ele>
        <time>2025-12-19T18:20:24.353000Z</time>
      </trkpt>
      <trkpt lat="18.685192" lon="98.977449">
        <ele>296.141919</ele>
        <time>2025-12-19T18:20:31.618000Z</time>
      </trkpt>
      <trkpt lat="18.685205" lon="98.977511">
        <ele>296.154451</ele>
        <time>2025-12-19T18:20:32.900000Z</time>
      </trkpt>
      <trkpt lat="18.685195" lon="98.977587">
        <ele>296.169594</ele>
        <time>2025-12-19T18:20:34.412000Z</time>
      </trkpt>
      <trkpt lat="18.685081" lon="98.977891">
        <ele>296.234121</ele>
        <time>2025-12-19T18:20:41.018000Z</time>
      </trkpt>
      <trkpt lat="18.685066" lon="98.977997">
        <ele>296.255273</ele>
        <time>2025-12-19T18:20:43.199000Z</time>
      </trkpt>
      <trkpt lat="18.685114" lon="98.978145">
        <ele>296.286146</ele>
        <time>2025-12-19T18:20:46.378000Z</time>
      </trkpt>
      <trkpt lat="18.685714" lon="98.97859">
        <ele>296.434999</ele>
        <time>2025-12-19T18:21:01.951000Z</time>
      </trkpt>
      <trkpt lat="18.685842" lon="98.978656">
        <ele>296.456378</ele>
        <time>2025-12-19T18:21:04.930000Z</time>
      </trkpt>
      <trkpt lat="18.685917" lon="98.978684">
        <ele>296.468317</ele>
        <time>2025-12-19T18:21:06.583000Z</time>
      </trkpt>
      <trkpt lat="18.686171" lon="98.978677">
        <ele>296.50645</ele>
        <time>2025-12-19T18:21:11.809000Z</time>
      </trkpt>
      <trkpt lat="18.686232" lon="98.978708">
        <ele>296.51661</ele>
        <time>2025-12-19T18:21:13.193000Z</time>
      </trkpt>
      <trkpt lat="18.686335" lon="98.978941">
        <ele>296.553165</ele>
        <time>2025-12-19T18:21:18.196000Z</time>
      </trkpt>
      <trkpt lat="18.68641" lon="98.979041">
        <ele>296.571298</ele>
        <time>2025-12-19T18:21:20.672000Z</time>
      </trkpt>
      <trkpt lat="18.6867" lon="98.979259">
        <ele>296.624728</ele>
        <time>2025-12-19T18:21:28.016000Z</time>
      </trkpt>
      <trkpt lat="18.686955" lon="98.979733">
        <ele>296.70456</ele>
        <time>2025-12-19T18:21:38.771000Z</time>
      </trkpt>
      <trkpt lat="18.687073" lon="98.979752">
        <ele>296.728148</ele>
        <time>2025-12-19T18:21:41.284000Z</time>
      </trkpt>
      <trkpt lat="18.687397" lon="98.979711">
        <ele>296.792631</ele>
        <time>2025-12-19T18:21:48.164000Z</time>
      </trkpt>
      <trkpt lat="18.687631" lon="98.979747">
        <ele>296.83936</ele>
        <time>2025-12-19T18:21:53.152000Z</time>
      </trkpt>
      <trkpt lat="18.688119" lon="98.97995">
        <ele>296.94301</ele>
        <time>2025-12-19T18:22:04.293000Z</time>
      </trkpt>
      <trkpt lat="18.688229" lon="98.979973">
        <ele>296.965169</ele>
        <time>2025-12-19T18:22:06.691000Z</time>
      </trkpt>
      <trkpt lat="18.688589" lon="98.980049">
        <ele>297.037716</ele>
        <time>2025-12-19T18:22:14.480000Z</time>
      </trkpt>
      <trkpt lat="18.688802" lon="98.980064">
        <ele>297.046152</ele>
        <time>2025-12-19T18:22:18.941000Z</time>
      </trkpt>
      <trkpt lat="18.688884" lon="98.980045">
        <ele>297.043846</ele>
        <time>2025-12-19T18:22:20.661000Z</time>
      </trkpt>
      <trkpt lat="18.68898" lon="98.980006">
        <ele>297.041021</ele>
        <time>2025-12-19T18:22:22.788000Z</time>
      </trkpt>
      <trkpt lat="18.6891" lon="98.979918">
        <ele>297.037007</ele>
        <time>2025-12-19T18:22:25.772000Z</time>
      </trkpt>
      <trkpt lat="18.689211" lon="98.979977">
        <ele>297.033593</ele>
        <time>2025-12-19T18:22:28.305000Z</time>
      </trkpt>
      <trkpt lat="18.689412" lon="98.980181">
        <ele>297.025934</ele>
        <time>2025-12-19T18:22:33.867000Z</time>
      </trkpt>
      <trkpt lat="18.689528" lon="98.98026">
        <ele>297.022142</ele>
        <time>2025-12-19T18:22:36.597000Z</time>
      </trkpt>
      <trkpt lat="18.68967" lon="98.980254">
        <ele>297.018238</ele>
        <time>2025-12-19T18:22:39.405000Z</time>
      </trkpt>
      <trkpt lat="18.689758" lon="98.980206">
        <ele>297.015517</ele>
        <time>2025-12-19T18:22:41.352000Z</time>
      </trkpt>
      <trkpt lat="18.689948" lon="98.980198">
        <ele>297.010293</ele>
        <time>2025-12-19T18:22:45.088000Z</time>
      </trkpt>
      <trkpt lat="18.690111" lon="98.980342">
        <ele>297.004455</ele>
        <time>2025-12-19T18:22:49.231000Z</time>
      </trkpt>
      <trkpt lat="18.690257" lon="98.98043">
        <ele>297.000484</ele>
        <time>2025-12-19T18:22:52.523000Z</time>
      </trkpt>
      <trkpt lat="18.690398" lon="98.980402">
        <ele>296.999031</ele>
        <time>2025-12-19T18:22:55.335000Z</time>
      </trkpt>
      <trkpt lat="18.69091" lon="98.980202">
        <ele>296.993504</ele>
        <time>2025-12-19T18:23:06.189000Z</time>
      </trkpt>
      <trkpt lat="18.69133" lon="98.98021">
        <ele>296.989251</ele>
        <time>2025-12-19T18:23:14.796000Z</time>
      </trkpt>
      <trkpt lat="18.691441" lon="98.98014">
        <ele>296.987942</ele>
        <time>2025-12-19T18:23:17.456000Z</time>
      </trkpt>
      <trkpt lat="18.691527" lon="98.979924">
        <ele>296.985695</ele>
        <time>2025-12-19T18:23:22.050000Z</time>
      </trkpt>
      <trkpt lat="18.69157" lon="98.979887">
        <ele>296.985133</ele>
        <time>2025-12-19T18:23:23.207000Z</time>
      </trkpt>
      <trkpt lat="18.691892" lon="98.9799">
        <ele>296.979362</ele>
        <time>2025-12-19T18:23:29.789000Z</time>
      </trkpt>
      <trkpt lat="18.69202" lon="98.979935">
        <ele>296.973722</ele>
        <time>2025-12-19T18:23:32.465000Z</time>
      </trkpt>
      <trkpt lat="18.692129" lon="98.979997">
        <ele>296.968441</ele>
        <time>2025-12-19T18:23:34.950000Z</time>
      </trkpt>
      <trkpt lat="18.692328" lon="98.980186">
        <ele>296.957024</ele>
        <time>2025-12-19T18:23:40.279000Z</time>
      </trkpt>
      <trkpt lat="18.692481" lon="98.980457">
        <ele>296.944278</ele>
        <time>2025-12-19T18:23:46.230000Z</time>
      </trkpt>
      <trkpt lat="18.692556" lon="98.980667">
        <ele>296.935211</ele>
        <time>2025-12-19T18:23:50.459000Z</time>
      </trkpt>
      <trkpt lat="18.692711" lon="98.980871">
        <ele>296.924645</ele>
        <time>2025-12-19T18:23:55.351000Z</time>
      </trkpt>
      <trkpt lat="18.693681" lon="98.981366">
        <ele>296.985566</ele>
        <time>2025-12-19T18:24:17.113000Z</time>
      </trkpt>
      <trkpt lat="18.693866" lon="98.98136">
        <ele>297.008639</ele>
        <time>2025-12-19T18:24:20.925000Z</time>
      </trkpt>
      <trkpt lat="18.69409" lon="98.981194">
        <ele>297.042758</ele>
        <time>2025-12-19T18:24:26.571000Z</time>
      </trkpt>
      <trkpt lat="18.694159" lon="98.981159">
        <ele>297.052301</ele>
        <time>2025-12-19T18:24:28.151000Z</time>
      </trkpt>
      <trkpt lat="18.694237" lon="98.981156">
        <ele>297.062031</ele>
        <time>2025-12-19T18:24:29.786000Z</time>
      </trkpt>
      <trkpt lat="18.694845" lon="98.981339">
        <ele>297.172512</ele>
        <time>2025-12-19T18:24:43.127000Z</time>
      </trkpt>
      <trkpt lat="18.695531" lon="98.981437">
        <ele>297.514573</ele>
        <time>2025-12-19T18:24:58.257000Z</time>
      </trkpt>
      <trkpt lat="18.695834" lon="98.981561">
        <ele>297.675149</ele>
        <time>2025-12-19T18:25:05.585000Z</time>
      </trkpt>
      <trkpt lat="18.695983" lon="98.981573">
        <ele>297.748988</ele>
        <time>2025-12-19T18:25:08.996000Z</time>
      </trkpt>
      <trkpt lat="18.696294" lon="98.981488">
        <ele>297.907728</ele>
        <time>2025-12-19T18:25:16.334000Z</time>
      </trkpt>
      <trkpt lat="18.696789" lon="98.981544">
        <ele>298.091076</ele>
        <time>2025-12-19T18:25:27.627000Z</time>
      </trkpt>
      <trkpt lat="18.696978" lon="98.981522">
        <ele>298.141368</ele>
        <time>2025-12-19T18:25:31.850000Z</time>
      </trkpt>
      <trkpt lat="18.697398" lon="98.981325">
        <ele>298.262925</ele>
        <time>2025-12-19T18:25:41.802000Z</time>
      </trkpt>
      <trkpt lat="18.697704" lon="98.981333">
        <ele>298.343884</ele>
        <time>2025-12-19T18:25:48.229000Z</time>
      </trkpt>
      <trkpt lat="18.697935" lon="98.981344">
        <ele>298.405044</ele>
        <time>2025-12-19T18:25:52.991000Z</time>
      </trkpt>
      <trkpt lat="18.69801" lon="98.981322">
        <ele>298.425632</ele>
        <time>2025-12-19T18:25:54.580000Z</time>
      </trkpt>
      <trkpt lat="18.698056" lon="98.981275">
        <ele>298.442564</ele>
        <time>2025-12-19T18:25:55.884000Z</time>
      </trkpt>
      <trkpt lat="18.69807" lon="98.981123">
        <ele>298.480824</ele>
        <time>2025-12-19T18:25:58.807000Z</time>
      </trkpt>
      <trkpt lat="18.698049" lon="98.980946">
        <ele>298.470666</ele>
        <time>2025-12-19T18:26:02.217000Z</time>
      </trkpt>
      <trkpt lat="18.698089" lon="98.980748">
        <ele>298.431261</ele>
        <time>2025-12-19T18:26:06.065000Z</time>
      </trkpt>
      <trkpt lat="18.698207" lon="98.98063">
        <ele>298.397863</ele>
        <time>2025-12-19T18:26:09.290000Z</time>
      </trkpt>
      <trkpt lat="18.698406" lon="98.980529">
        <ele>298.352491</ele>
        <time>2025-12-19T18:26:13.619000Z</time>
      </trkpt>
      <trkpt lat="18.698578" lon="98.980374">
        <ele>298.306023</ele>
        <time>2025-12-19T18:26:17.991000Z</time>
      </trkpt>
      <trkpt lat="18.698603" lon="98.980319">
        <ele>298.294149</ele>
        <time>2025-12-19T18:26:19.104000Z</time>
      </trkpt>
      <trkpt lat="18.698593" lon="98.980004">
        <ele>298.232803</ele>
        <time>2025-12-19T18:26:24.803000Z</time>
      </trkpt>
      <trkpt lat="18.698627" lon="98.97995">
        <ele>298.220182</ele>
        <time>2025-12-19T18:26:25.966000Z</time>
      </trkpt>
      <trkpt lat="18.698712" lon="98.979903">
        <ele>298.200465</ele>
        <time>2025-12-19T18:26:27.780000Z</time>
      </trkpt>
      <trkpt lat="18.698762" lon="98.979903">
        <ele>298.190191</ele>
        <time>2025-12-19T18:26:28.713000Z</time>
      </trkpt>
      <trkpt lat="18.699018" lon="98.980075">
        <ele>298.127838</ele>
        <time>2025-12-19T18:26:34.436000Z</time>
      </trkpt>
      <trkpt lat="18.699189" lon="98.980033">
        <ele>298.120604</ele>
        <time>2025-12-19T18:26:37.766000Z</time>
      </trkpt>
      <trkpt lat="18.699377" lon="98.979933">
        <ele>298.114823</ele>
        <time>2025-12-19T18:26:41.719000Z</time>
      </trkpt>
      <trkpt lat="18.699551" lon="98.979873">
        <ele>298.109796</ele>
        <time>2025-12-19T18:26:45.236000Z</time>
      </trkpt>
      <trkpt lat="18.69978" lon="98.979716">
        <ele>298.102298</ele>
        <time>2025-12-19T18:26:50.661000Z</time>
      </trkpt>
      <trkpt lat="18.699847" lon="98.97963">
        <ele>298.099402</ele>
        <time>2025-12-19T18:26:52.813000Z</time>
      </trkpt>
      <trkpt lat="18.699955" lon="98.979386">
        <ele>298.092396</ele>
        <time>2025-12-19T18:26:58.024000Z</time>
      </trkpt>
      <trkpt lat="18.700021" lon="98.979329">
        <ele>298.090055</ele>
        <time>2025-12-19T18:26:59.767000Z</time>
      </trkpt>
      <trkpt lat="18.700124" lon="98.979296">
        <ele>298.087099</ele>
        <time>2025-12-19T18:27:02.030000Z</time>
      </trkpt>
      <trkpt lat="18.700143" lon="98.979364">
        <ele>298.085255</ele>
        <time>2025-12-19T18:27:03.050000Z</time>
      </trkpt>
      <trkpt lat="18.700427" lon="98.979259">
        <ele>298.076991</ele>
        <time>2025-12-19T18:27:09.475000Z</time>
      </trkpt>
      <trkpt lat="18.700469" lon="98.979256">
        <ele>298.075835</ele>
        <time>2025-12-19T18:27:10.417000Z</time>
      </trkpt>
      <trkpt lat="18.700552" lon="98.97932">
        <ele>298.102213</ele>
        <time>2025-12-19T18:27:12.643000Z</time>
      </trkpt>
      <trkpt lat="18.700684" lon="98.979394">
        <ele>298.143372</ele>
        <time>2025-12-19T18:27:15.902000Z</time>
      </trkpt>
      <trkpt lat="18.700749" lon="98.979402">
        <ele>298.161394</ele>
        <time>2025-12-19T18:27:17.361000Z</time>
      </trkpt>
      <trkpt lat="18.700871" lon="98.97936">
        <ele>298.196733</ele>
        <time>2025-12-19T18:27:20.167000Z</time>
      </trkpt>
      <trkpt lat="18.701028" lon="98.979267">
        <ele>298.246311</ele>
        <time>2025-12-19T18:27:24.112000Z</time>
      </trkpt>
      <trkpt lat="18.701383" lon="98.979196">
        <ele>298.345815</ele>
        <time>2025-12-19T18:27:32.036000Z</time>
      </trkpt>
      <trkpt lat="18.701544" lon="98.97914">
        <ele>298.392497</ele>
        <time>2025-12-19T18:27:35.623000Z</time>
      </trkpt>
      <trkpt lat="18.701672" lon="98.978964">
        <ele>298.45038</ele>
        <time>2025-12-19T18:27:40.016000Z</time>
      </trkpt>
      <trkpt lat="18.701762" lon="98.978885">
        <ele>298.482613</ele>
        <time>2025-12-19T18:27:42.451000Z</time>
      </trkpt>
      <trkpt lat="18.701895" lon="98.978858">
        <ele>298.519911</ele>
        <time>2025-12-19T18:27:45.264000Z</time>
      </trkpt>
      <trkpt lat="18.701986" lon="98.97886">
        <ele>298.544977</ele>
        <time>2025-12-19T18:27:47.146000Z</time>
      </trkpt>
      <trkpt lat="18.702385" lon="98.978735">
        <ele>298.595754</ele>
        <time>2025-12-19T18:27:55.717000Z</time>
      </trkpt>
      <trkpt lat="18.702535" lon="98.978713">
        <ele>298.607408</ele>
        <time>2025-12-19T18:27:58.803000Z</time>
      </trkpt>
      <trkpt lat="18.70268" lon="98.978589">
        <ele>298.621768</ele>
        <time>2025-12-19T18:28:02.608000Z</time>
      </trkpt>
      <trkpt lat="18.702746" lon="98.978506">
        <ele>298.629668</ele>
        <time>2025-12-19T18:28:04.719000Z</time>
      </trkpt>
      <trkpt lat="18.703017" lon="98.97798">
        <ele>298.673314</ele>
        <time>2025-12-19T18:28:16.270000Z</time>
      </trkpt>
      <trkpt lat="18.703047" lon="98.977907">
        <ele>298.679114</ele>
        <time>2025-12-19T18:28:17.786000Z</time>
      </trkpt>
      <trkpt lat="18.70304" lon="98.977764">
        <ele>298.689552</ele>
        <time>2025-12-19T18:28:20.560000Z</time>
      </trkpt>
      <trkpt lat="18.703088" lon="98.977616">
        <ele>298.700955</ele>
        <time>2025-12-19T18:28:23.581000Z</time>
      </trkpt>
      <trkpt lat="18.703274" lon="98.977423">
        <ele>298.731523</ele>
        <time>2025-12-19T18:28:28.934000Z</time>
      </trkpt>
      <trkpt lat="18.70335" lon="98.977202">
        <ele>298.764154</ele>
        <time>2025-12-19T18:28:33.540000Z</time>
      </trkpt>
      <trkpt lat="18.703347" lon="98.977069">
        <ele>298.782619</ele>
        <time>2025-12-19T18:28:36.151000Z</time>
      </trkpt>
      <trkpt lat="18.70334" lon="98.976927">
        <ele>298.802353</ele>
        <time>2025-12-19T18:28:38.223000Z</time>
      </trkpt>
      <trkpt lat="18.703376" lon="98.976818">
        <ele>298.818375</ele>
        <time>2025-12-19T18:28:39.903000Z</time>
      </trkpt>
      <trkpt lat="18.703419" lon="98.976788">
        <ele>298.825927</ele>
        <time>2025-12-19T18:28:40.708000Z</time>
      </trkpt>
      <trkpt lat="18.703674" lon="98.976713">
        <ele>298.864714</ele>
        <time>2025-12-19T18:28:44.824000Z</time>
      </trkpt>
      <trkpt lat="18.703879" lon="98.976696">
        <ele>298.894845</ele>
        <time>2025-12-19T18:28:48.019000Z</time>
      </trkpt>
      <trkpt lat="18.704145" lon="98.976662">
        <ele>298.934106</ele>
        <time>2025-12-19T18:28:52.205000Z</time>
      </trkpt>
      <trkpt lat="18.704302" lon="98.976521">
        <ele>298.964308</ele>
        <time>2025-12-19T18:28:55.423000Z</time>
      </trkpt>
      <trkpt lat="18.704458" lon="98.976436">
        <ele>298.973753</ele>
        <time>2025-12-19T18:28:58.182000Z</time>
      </trkpt>
      <trkpt lat="18.704994" lon="98.976396">
        <ele>298.977397</ele>
        <time>2025-12-19T18:29:06.514000Z</time>
      </trkpt>
      <trkpt lat="18.705381" lon="98.976291">
        <ele>298.980107</ele>
        <time>2025-12-19T18:29:12.530000Z</time>
      </trkpt>
      <trkpt lat="18.705602" lon="98.976261">
        <ele>298.981618</ele>
        <time>2025-12-19T18:29:15.805000Z</time>
      </trkpt>
      <trkpt lat="18.70579" lon="98.97628">
        <ele>298.982899</ele>
        <time>2025-12-19T18:29:18.515000Z</time>
      </trkpt>
      <trkpt lat="18.706196" lon="98.976385">
        <ele>298.965453</ele>
        <time>2025-12-19T18:29:24.402000Z</time>
      </trkpt>
      <trkpt lat="18.706523" lon="98.976325">
        <ele>298.887981</ele>
        <time>2025-12-19T18:29:29.019000Z</time>
      </trkpt>
      <trkpt lat="18.706717" lon="98.976371">
        <ele>298.84157</ele>
        <time>2025-12-19T18:29:31.734000Z</time>
      </trkpt>
      <trkpt lat="18.706924" lon="98.976453">
        <ele>298.789964</ele>
        <time>2025-12-19T18:29:34.712000Z</time>
      </trkpt>
      <trkpt lat="18.707298" lon="98.976676">
        <ele>298.689706</ele>
        <time>2025-12-19T18:29:40.504000Z</time>
      </trkpt>
      <trkpt lat="18.70745" lon="98.976731">
        <ele>298.652201</ele>
        <time>2025-12-19T18:29:42.714000Z</time>
      </trkpt>
      <trkpt lat="18.7081" lon="98.976828">
        <ele>298.619758</ele>
        <time>2025-12-19T18:29:52.359000Z</time>
      </trkpt>
      <trkpt lat="18.708493" lon="98.976902">
        <ele>298.696193</ele>
        <time>2025-12-19T18:29:58.499000Z</time>
      </trkpt>
      <trkpt lat="18.708753" lon="98.976997">
        <ele>298.748871</ele>
        <time>2025-12-19T18:30:02.819000Z</time>
      </trkpt>
      <trkpt lat="18.708844" lon="98.977038">
        <ele>298.767815</ele>
        <time>2025-12-19T18:30:04.408000Z</time>
      </trkpt>
      <trkpt lat="18.709075" lon="98.97712">
        <ele>298.814477</ele>
        <time>2025-12-19T18:30:08.399000Z</time>
      </trkpt>
      <trkpt lat="18.70915" lon="98.977136">
        <ele>298.829128</ele>
        <time>2025-12-19T18:30:09.669000Z</time>
      </trkpt>
      <trkpt lat="18.70936" lon="98.977125">
        <ele>298.869385</ele>
        <time>2025-12-19T18:30:13.156000Z</time>
      </trkpt>
      <trkpt lat="18.709694" lon="98.977038">
        <ele>298.930537</ele>
        <time>2025-12-19T18:30:18.734000Z</time>
      </trkpt>
      <trkpt lat="18.709849" lon="98.977003">
        <ele>298.955282</ele>
        <time>2025-12-19T18:30:21.219000Z</time>
      </trkpt>
      <trkpt lat="18.709959" lon="98.976933">
        <ele>298.975333</ele>
        <time>2025-12-19T18:30:23.220000Z</time>
      </trkpt>
      <trkpt lat="18.710102" lon="98.976757">
        <ele>299.00962</ele>
        <time>2025-12-19T18:30:26.598000Z</time>
      </trkpt>
      <trkpt lat="18.71024" lon="98.976668">
        <ele>299.034865</ele>
        <time>2025-12-19T18:30:29.090000Z</time>
      </trkpt>
      <trkpt lat="18.710399" lon="98.976648">
        <ele>299.059863</ele>
        <time>2025-12-19T18:30:31.568000Z</time>
      </trkpt>
      <trkpt lat="18.71047" lon="98.976683">
        <ele>299.072096</ele>
        <time>2025-12-19T18:30:32.792000Z</time>
      </trkpt>
      <trkpt lat="18.710507" lon="98.976733">
        <ele>299.081478</ele>
        <time>2025-12-19T18:30:33.716000Z</time>
      </trkpt>
      <trkpt lat="18.71053" lon="98.9769">
        <ele>299.106431</ele>
        <time>2025-12-19T18:30:36.160000Z</time>
      </trkpt>
      <trkpt lat="18.710465" lon="98.977142">
        <ele>299.143625</ele>
        <time>2025-12-19T18:30:39.704000Z</time>
      </trkpt>
      <trkpt lat="18.710363" lon="98.977301">
        <ele>299.17202</ele>
        <time>2025-12-19T18:30:42.391000Z</time>
      </trkpt>
      <trkpt lat="18.710211" lon="98.977431">
        <ele>299.187636</ele>
        <time>2025-12-19T18:30:45.275000Z</time>
      </trkpt>
      <trkpt lat="18.710159" lon="98.977508">
        <ele>299.184307</ele>
        <time>2025-12-19T18:30:46.588000Z</time>
      </trkpt>
      <trkpt lat="18.71014" lon="98.977599">
        <ele>299.181027</ele>
        <time>2025-12-19T18:30:47.892000Z</time>
      </trkpt>
      <trkpt lat="18.710154" lon="98.977666">
        <ele>299.178612</ele>
        <time>2025-12-19T18:30:48.851000Z</time>
      </trkpt>
      <trkpt lat="18.710215" lon="98.977757">
        <ele>299.174689</ele>
        <time>2025-12-19T18:30:50.417000Z</time>
      </trkpt>
      <trkpt lat="18.710343" lon="98.977875">
        <ele>299.168374</ele>
        <time>2025-12-19T18:30:52.926000Z</time>
      </trkpt>
      <trkpt lat="18.710499" lon="98.977976">
        <ele>299.161574</ele>
        <time>2025-12-19T18:30:55.626000Z</time>
      </trkpt>
      <trkpt lat="18.710695" lon="98.978003">
        <ele>299.154229</ele>
        <time>2025-12-19T18:30:58.532000Z</time>
      </trkpt>
      <trkpt lat="18.711253" lon="98.977792">
        <ele>299.132204</ele>
        <time>2025-12-19T18:31:07.152000Z</time>
      </trkpt>
      <trkpt lat="18.711337" lon="98.977794">
        <ele>299.129082</ele>
        <time>2025-12-19T18:31:08.376000Z</time>
      </trkpt>
      <trkpt lat="18.711379" lon="98.977828">
        <ele>299.127115</ele>
        <time>2025-12-19T18:31:09.157000Z</time>
      </trkpt>
      <trkpt lat="18.711379" lon="98.977913">
        <ele>299.124123</ele>
        <time>2025-12-19T18:31:10.336000Z</time>
      </trkpt>
      <trkpt lat="18.711239" lon="98.978295">
        <ele>299.15628</ele>
        <time>2025-12-19T18:31:16.095000Z</time>
      </trkpt>
      <trkpt lat="18.711231" lon="98.978407">
        <ele>299.165515</ele>
        <time>2025-12-19T18:31:17.697000Z</time>
      </trkpt>
      <trkpt lat="18.71123" lon="98.978427">
        <ele>299.167162</ele>
        <time>2025-12-19T18:31:17.975000Z</time>
      </trkpt>
      <trkpt lat="18.711361" lon="98.978491">
        <ele>299.179692</ele>
        <time>2025-12-19T18:31:20.167000Z</time>
      </trkpt>
      <trkpt lat="18.711973" lon="98.978566">
        <ele>299.233177</ele>
        <time>2025-12-19T18:31:29.541000Z</time>
      </trkpt>
      <trkpt lat="18.712125" lon="98.978555">
        <ele>299.246404</ele>
        <time>2025-12-19T18:31:31.887000Z</time>
      </trkpt>
      <trkpt lat="18.712262" lon="98.978522">
        <ele>299.258602</ele>
        <time>2025-12-19T18:31:34.072000Z</time>
      </trkpt>
      <trkpt lat="18.712343" lon="98.978473">
        <ele>299.266706</ele>
        <time>2025-12-19T18:31:35.538000Z</time>
      </trkpt>
      <trkpt lat="18.71241" lon="98.978467">
        <ele>299.272544</ele>
        <time>2025-12-19T18:31:36.573000Z</time>
      </trkpt>
      <trkpt lat="18.7125" lon="98.978491">
        <ele>299.279868</ele>
        <time>2025-12-19T18:31:38.042000Z</time>
      </trkpt>
      <trkpt lat="18.712737" lon="98.978609">
        <ele>299.281555</ele>
        <time>2025-12-19T18:31:42.168000Z</time>
      </trkpt>
      <trkpt lat="18.71291" lon="98.978727">
        <ele>299.282881</ele>
        <time>2025-12-19T18:31:45.385000Z</time>
      </trkpt>
      <trkpt lat="18.713224" lon="98.978975">
        <ele>299.285406</ele>
        <time>2025-12-19T18:31:51.207000Z</time>
      </trkpt>
      <trkpt lat="18.713369" lon="98.97901">
        <ele>299.286364</ele>
        <time>2025-12-19T18:31:53.364000Z</time>
      </trkpt>
      <trkpt lat="18.713488" lon="98.978983">
        <ele>299.287148</ele>
        <time>2025-12-19T18:31:55.184000Z</time>
      </trkpt>
      <trkpt lat="18.713602" lon="98.978877">
        <ele>299.288126</ele>
        <time>2025-12-19T18:31:57.458000Z</time>
      </trkpt>
      <trkpt lat="18.713823" lon="98.978779">
        <ele>299.289669</ele>
        <time>2025-12-19T18:32:00.962000Z</time>
      </trkpt>
      <trkpt lat="18.714022" lon="98.978777">
        <ele>299.29095</ele>
        <time>2025-12-19T18:32:03.780000Z</time>
      </trkpt>
      <trkpt lat="18.714151" lon="98.978812">
        <ele>299.289153</ele>
        <time>2025-12-19T18:32:05.653000Z</time>
      </trkpt>
      <trkpt lat="18.714315" lon="98.978962">
        <ele>299.28167</ele>
        <time>2025-12-19T18:32:08.661000Z</time>
      </trkpt>
      <trkpt lat="18.714384" lon="98.979045">
        <ele>299.278062</ele>
        <time>2025-12-19T18:32:10.126000Z</time>
      </trkpt>
      <trkpt lat="18.714513" lon="98.97912">
        <ele>299.272984</ele>
        <time>2025-12-19T18:32:12.150000Z</time>
      </trkpt>
      <trkpt lat="18.714911" lon="98.979249">
        <ele>299.258626</ele>
        <time>2025-12-19T18:32:17.996000Z</time>
      </trkpt>
      <trkpt lat="18.715602" lon="98.979532">
        <ele>299.233065</ele>
        <time>2025-12-19T18:32:29.381000Z</time>
      </trkpt>
      <trkpt lat="18.71609" lon="98.979643">
        <ele>299.344994</ele>
        <time>2025-12-19T18:32:37.202000Z</time>
      </trkpt>
      <trkpt lat="18.716228" lon="98.979703">
        <ele>299.389044</ele>
        <time>2025-12-19T18:32:39.602000Z</time>
      </trkpt>
      <trkpt lat="18.716496" lon="98.979927">
        <ele>299.489931</ele>
        <time>2025-12-19T18:32:45.114000Z</time>
      </trkpt>
      <trkpt lat="18.716577" lon="98.979944">
        <ele>299.514306</ele>
        <time>2025-12-19T18:32:46.458000Z</time>
      </trkpt>
      <trkpt lat="18.716651" lon="98.979944">
        <ele>299.536148</ele>
        <time>2025-12-19T18:32:47.659000Z</time>
      </trkpt>
      <trkpt lat="18.717419" lon="98.979666">
        <ele>299.780031</ele>
        <time>2025-12-19T18:33:00.807000Z</time>
      </trkpt>
      <trkpt lat="18.717878" lon="98.979558">
        <ele>299.956813</ele>
        <time>2025-12-19T18:33:08.471000Z</time>
      </trkpt>
      <trkpt lat="18.718504" lon="98.979626">
        <ele>300.193385</ele>
        <time>2025-12-19T18:33:18.924000Z</time>
      </trkpt>
      <trkpt lat="18.719374" lon="98.979821">
        <ele>300.438176</ele>
        <time>2025-12-19T18:33:33.481000Z</time>
      </trkpt>
      <trkpt lat="18.719684" lon="98.979806">
        <ele>300.44045</ele>
        <time>2025-12-19T18:33:38.286000Z</time>
      </trkpt>
      <trkpt lat="18.719686" lon="98.979505">
        <ele>300.442538</ele>
        <time>2025-12-19T18:33:42.569000Z</time>
      </trkpt>
      <trkpt lat="18.719684" lon="98.979363">
        <ele>300.443524</ele>
        <time>2025-12-19T18:33:44.537000Z</time>
      </trkpt>
      <trkpt lat="18.719679" lon="98.978975">
        <ele>300.446216</ele>
        <time>2025-12-19T18:33:49.800000Z</time>
      </trkpt>
      <trkpt lat="18.719671" lon="98.978291">
        <ele>300.412331</ele>
        <time>2025-12-19T18:33:58.746000Z</time>
      </trkpt>
      <trkpt lat="18.719652" lon="98.976625">
        <ele>300.102366</ele>
        <time>2025-12-19T18:34:20.742000Z</time>
      </trkpt>
      <trkpt lat="18.719646" lon="98.975447">
        <ele>300.273241</ele>
        <time>2025-12-19T18:34:38.012000Z</time>
      </trkpt>
      <trkpt lat="18.719612" lon="98.973053">
        <ele>300.662931</ele>
        <time>2025-12-19T18:35:14.084000Z</time>
      </trkpt>
      <trkpt lat="18.719611" lon="98.971823">
        <ele>300.812959</ele>
        <time>2025-12-19T18:35:30.830000Z</time>
      </trkpt>
      <trkpt lat="18.719617" lon="98.970315">
        <ele>301.191103</ele>
        <time>2025-12-19T18:35:53.982000Z</time>
      </trkpt>
      <trkpt lat="18.719629" lon="98.969014">
        <ele>301.810002</ele>
        <time>2025-12-19T18:36:14.827000Z</time>
      </trkpt>
      <trkpt lat="18.719653" lon="98.968581">
        <ele>302.157636</ele>
        <time>2025-12-19T18:36:21.901000Z</time>
      </trkpt>
      <trkpt lat="18.719681" lon="98.968234">
        <ele>302.441628</ele>
        <time>2025-12-19T18:36:27.744000Z</time>
      </trkpt>
      <trkpt lat="18.71971" lon="98.967913">
        <ele>302.704582</ele>
        <time>2025-12-19T18:36:33.297000Z</time>
      </trkpt>
      <trkpt lat="18.719761" lon="98.967357">
        <ele>303.160103</ele>
        <time>2025-12-19T18:36:43.308000Z</time>
      </trkpt>
      <trkpt lat="18.719874" lon="98.966336">
        <ele>303.790825</ele>
        <time>2025-12-19T18:37:02.224000Z</time>
      </trkpt>
      <trkpt lat="18.720011" lon="98.965329">
        <ele>304.34766</ele>
        <time>2025-12-19T18:37:17.692000Z</time>
      </trkpt>
      <trkpt lat="18.720097" lon="98.964859">
        <ele>304.433287</ele>
        <time>2025-12-19T18:37:24.129000Z</time>
      </trkpt>
      <trkpt lat="18.72043" lon="98.963021">
        <ele>304.6933</ele>
        <time>2025-12-19T18:37:50.702000Z</time>
      </trkpt>
      <trkpt lat="18.720481" lon="98.962733">
        <ele>304.821525</ele>
        <time>2025-12-19T18:37:55.766000Z</time>
      </trkpt>
      <trkpt lat="18.720699" lon="98.961619">
        <ele>305.319357</ele>
        <time>2025-12-19T18:38:14.759000Z</time>
      </trkpt>
      <trkpt lat="18.720993" lon="98.960121">
        <ele>305.523226</ele>
        <time>2025-12-19T18:38:36.367000Z</time>
      </trkpt>
      <trkpt lat="18.721178" lon="98.95919">
        <ele>305.72685</ele>
        <time>2025-12-19T18:38:50.162000Z</time>
      </trkpt>
      <trkpt lat="18.721416" lon="98.957919">
        <ele>306.155759</ele>
        <time>2025-12-19T18:39:10.163000Z</time>
      </trkpt>
      <trkpt lat="18.721524" lon="98.957343">
        <ele>306.484137</ele>
        <time>2025-12-19T18:39:19.686000Z</time>
      </trkpt>
      <trkpt lat="18.721555" lon="98.957164">
        <ele>306.599765</ele>
        <time>2025-12-19T18:39:22.699000Z</time>
      </trkpt>
      <trkpt lat="18.72166" lon="98.956365">
        <ele>307.112335</ele>
        <time>2025-12-19T18:39:36.444000Z</time>
      </trkpt>
      <trkpt lat="18.721754" lon="98.955638">
        <ele>307.545803</ele>
        <time>2025-12-19T18:39:48.895000Z</time>
      </trkpt>
      <trkpt lat="18.721799" lon="98.95524">
        <ele>307.750639</ele>
        <time>2025-12-19T18:39:55.401000Z</time>
      </trkpt>
      <trkpt lat="18.721819" lon="98.955093">
        <ele>307.826532</ele>
        <time>2025-12-19T18:39:57.737000Z</time>
      </trkpt>
      <trkpt lat="18.721955" lon="98.953754">
        <ele>308.478218</ele>
        <time>2025-12-19T18:40:18.857000Z</time>
      </trkpt>
      <trkpt lat="18.722048" lon="98.952587">
        <ele>308.912457</ele>
        <time>2025-12-19T18:40:37.263000Z</time>
      </trkpt>
      <trkpt lat="18.722083" lon="98.952179">
        <ele>309.064357</ele>
        <time>2025-12-19T18:40:43.583000Z</time>
      </trkpt>
      <trkpt lat="18.722171" lon="98.951072">
        <ele>309.289632</ele>
        <time>2025-12-19T18:40:59.814000Z</time>
      </trkpt>
      <trkpt lat="18.722176" lon="98.951016">
        <ele>309.300518</ele>
        <time>2025-12-19T18:41:00.614000Z</time>
      </trkpt>
      <trkpt lat="18.72225" lon="98.950224">
        <ele>309.4572</ele>
        <time>2025-12-19T18:41:12.171000Z</time>
      </trkpt>
      <trkpt lat="18.722329" lon="98.949371">
        <ele>310.012073</ele>
        <time>2025-12-19T18:41:25.645000Z</time>
      </trkpt>
      <trkpt lat="18.722546" lon="98.947707">
        <ele>311.128021</ele>
        <time>2025-12-19T18:41:55.437000Z</time>
      </trkpt>
      <trkpt lat="18.722564" lon="98.947571">
        <ele>311.223005</ele>
        <time>2025-12-19T18:41:57.877000Z</time>
      </trkpt>
      <trkpt lat="18.722594" lon="98.947245">
        <ele>311.449559</ele>
        <time>2025-12-19T18:42:03.608000Z</time>
      </trkpt>
      <trkpt lat="18.722673" lon="98.946479">
        <ele>311.982528</ele>
        <time>2025-12-19T18:42:16.040000Z</time>
      </trkpt>
      <trkpt lat="18.722716" lon="98.946063">
        <ele>312.021115</ele>
        <time>2025-12-19T18:42:22.029000Z</time>
      </trkpt>
      <trkpt lat="18.722759" lon="98.945616">
        <ele>312.04884</ele>
        <time>2025-12-19T18:42:28.516000Z</time>
      </trkpt>
      <trkpt lat="18.722766" lon="98.945473">
        <ele>312.057676</ele>
        <time>2025-12-19T18:42:30.533000Z</time>
      </trkpt>
      <trkpt lat="18.722897" lon="98.945561">
        <ele>312.067793</ele>
        <time>2025-12-19T18:42:32.809000Z</time>
      </trkpt>
      <trkpt lat="18.723" lon="98.945631">
        <ele>312.075774</ele>
        <time>2025-12-19T18:42:34.571000Z</time>
      </trkpt>
      <trkpt lat="18.723191" lon="98.94576">
        <ele>312.090546</ele>
        <time>2025-12-19T18:42:37.830000Z</time>
      </trkpt>
      <trkpt lat="18.723429" lon="98.945923">
        <ele>312.10903</ele>
        <time>2025-12-19T18:42:41.840000Z</time>
      </trkpt>
      <trkpt lat="18.724203" lon="98.94645">
        <ele>311.962885</ele>
        <time>2025-12-19T18:42:55.553000Z</time>
      </trkpt>
      <trkpt lat="18.724329" lon="98.946535">
        <ele>311.936311</ele>
        <time>2025-12-19T18:42:57.683000Z</time>
      </trkpt>
      <trkpt lat="18.725348" lon="98.947231">
        <ele>311.734289</ele>
        <time>2025-12-19T18:43:14.504000Z</time>
      </trkpt>
      <trkpt lat="18.725997" lon="98.947675">
        <ele>311.622428</ele>
        <time>2025-12-19T18:43:25.008000Z</time>
      </trkpt>
      <trkpt lat="18.726191" lon="98.947807">
        <ele>311.589044</ele>
        <time>2025-12-19T18:43:28.387000Z</time>
      </trkpt>
      <trkpt lat="18.726265" lon="98.947858">
        <ele>311.576262</ele>
        <time>2025-12-19T18:43:29.733000Z</time>
      </trkpt>
      <trkpt lat="18.726502" lon="98.947901">
        <ele>311.541477</ele>
        <time>2025-12-19T18:43:33.546000Z</time>
      </trkpt>
      <trkpt lat="18.726682" lon="98.947872">
        <ele>311.576488</ele>
        <time>2025-12-19T18:43:36.447000Z</time>
      </trkpt>
      <trkpt lat="18.726915" lon="98.947719">
        <ele>311.666633</ele>
        <time>2025-12-19T18:43:40.834000Z</time>
      </trkpt>
      <trkpt lat="18.726959" lon="98.947636">
        <ele>311.696229</ele>
        <time>2025-12-19T18:43:42.272000Z</time>
      </trkpt>
      <trkpt lat="18.727194" lon="98.947227">
        <ele>311.845077</ele>
        <time>2025-12-19T18:43:50.045000Z</time>
      </trkpt>
      <trkpt lat="18.728162" lon="98.945511">
        <ele>312.345735</ele>
        <time>2025-12-19T18:44:20.190000Z</time>
      </trkpt>
      <trkpt lat="18.729151" lon="98.943535">
        <ele>312.710912</ele>
        <time>2025-12-19T18:44:52.522000Z</time>
      </trkpt>
      <trkpt lat="18.729582" lon="98.942929">
        <ele>312.856275</ele>
        <time>2025-12-19T18:45:03.687000Z</time>
      </trkpt>
      <trkpt lat="18.730318" lon="98.942144">
        <ele>313.155047</ele>
        <time>2025-12-19T18:45:20.334000Z</time>
      </trkpt>
      <trkpt lat="18.730736" lon="98.941696">
        <ele>313.348848</ele>
        <time>2025-12-19T18:45:30.169000Z</time>
      </trkpt>
      <trkpt lat="18.730794" lon="98.941633">
        <ele>313.389008</ele>
        <time>2025-12-19T18:45:31.556000Z</time>
      </trkpt>
      <trkpt lat="18.73106" lon="98.941349">
        <ele>313.571582</ele>
        <time>2025-12-19T18:45:37.852000Z</time>
      </trkpt>
      <trkpt lat="18.731429" lon="98.940964">
        <ele>313.821954</ele>
        <time>2025-12-19T18:45:46.592000Z</time>
      </trkpt>
      <trkpt lat="18.732239" lon="98.940129">
        <ele>314.346771</ele>
        <time>2025-12-19T18:46:05.633000Z</time>
      </trkpt>
      <trkpt lat="18.732846" lon="98.939505">
        <ele>314.713594</ele>
        <time>2025-12-19T18:46:19.583000Z</time>
      </trkpt>
      <trkpt lat="18.733772" lon="98.938494">
        <ele>315.447748</ele>
        <time>2025-12-19T18:46:41.777000Z</time>
      </trkpt>
      <trkpt lat="18.735177" lon="98.936902">
        <ele>316.873176</ele>
        <time>2025-12-19T18:47:18.609000Z</time>
      </trkpt>
      <trkpt lat="18.735209" lon="98.936867">
        <ele>316.907797</ele>
        <time>2025-12-19T18:47:19.432000Z</time>
      </trkpt>
      <trkpt lat="18.735928" lon="98.936085">
        <ele>317.682236</ele>
        <time>2025-12-19T18:47:37.636000Z</time>
      </trkpt>
      <trkpt lat="18.736159" lon="98.935832">
        <ele>317.931208</ele>
        <time>2025-12-19T18:47:43.433000Z</time>
      </trkpt>
      <trkpt lat="18.737683" lon="98.934171">
        <ele>319.809557</ele>
        <time>2025-12-19T18:48:22.917000Z</time>
      </trkpt>
      <trkpt lat="18.738175" lon="98.933644">
        <ele>320.489437</ele>
        <time>2025-12-19T18:48:37.053000Z</time>
      </trkpt>
      <trkpt lat="18.738239" lon="98.933577">
        <ele>320.547619</ele>
        <time>2025-12-19T18:48:38.735000Z</time>
      </trkpt>
      <trkpt lat="18.738535" lon="98.933266">
        <ele>320.784903</ele>
        <time>2025-12-19T18:48:46.726000Z</time>
      </trkpt>
      <trkpt lat="18.738713" lon="98.933079">
        <ele>320.927587</ele>
        <time>2025-12-19T18:48:51.360000Z</time>
      </trkpt>
      <trkpt lat="18.738797" lon="98.932991">
        <ele>320.994827</ele>
        <time>2025-12-19T18:48:53.426000Z</time>
      </trkpt>
      <trkpt lat="18.739026" lon="98.932779">
        <ele>321.167889</ele>
        <time>2025-12-19T18:48:58.492000Z</time>
      </trkpt>
      <trkpt lat="18.739102" lon="98.932898">
        <ele>321.24513</ele>
        <time>2025-12-19T18:49:00.631000Z</time>
      </trkpt>
      <trkpt lat="18.739158" lon="98.932984">
        <ele>321.301296</ele>
        <time>2025-12-19T18:49:02.116000Z</time>
      </trkpt>
      <trkpt lat="18.739274" lon="98.933182">
        <ele>321.42659</ele>
        <time>2025-12-19T18:49:05.393000Z</time>
      </trkpt>
      <trkpt lat="18.73937" lon="98.933345">
        <ele>321.528543</ele>
        <time>2025-12-19T18:49:08.005000Z</time>
      </trkpt>
      <trkpt lat="18.739412" lon="98.933372">
        <ele>321.531748</ele>
        <time>2025-12-19T18:49:08.686000Z</time>
      </trkpt>
      <trkpt lat="18.739759" lon="98.933934">
        <ele>321.573154</ele>
        <time>2025-12-19T18:49:17.985000Z</time>
      </trkpt>
      <trkpt lat="18.740145" lon="98.934561">
        <ele>321.619309</ele>
        <time>2025-12-19T18:49:28.666000Z</time>
      </trkpt>
      <trkpt lat="18.740221" lon="98.934676">
        <ele>321.627964</ele>
        <time>2025-12-19T18:49:30.785000Z</time>
      </trkpt>
      <trkpt lat="18.74042" lon="98.934983">
        <ele>321.634595</ele>
        <time>2025-12-19T18:49:36.343000Z</time>
      </trkpt>
      <trkpt lat="18.740541" lon="98.935175">
        <ele>321.605256</ele>
        <time>2025-12-19T18:49:39.797000Z</time>
      </trkpt>
      <trkpt lat="18.740912" lon="98.935769">
        <ele>321.514735</ele>
        <time>2025-12-19T18:49:49.773000Z</time>
      </trkpt>
      <trkpt lat="18.741834" lon="98.937243">
        <ele>321.265252</ele>
        <time>2025-12-19T18:50:12.581000Z</time>
      </trkpt>
      <trkpt lat="18.742109" lon="98.937682">
        <ele>321.183746</ele>
        <time>2025-12-19T18:50:19.712000Z</time>
      </trkpt>
      <trkpt lat="18.742279" lon="98.937954">
        <ele>321.13328</ele>
        <time>2025-12-19T18:50:24.269000Z</time>
      </trkpt>
      <trkpt lat="18.742424" lon="98.938186">
        <ele>321.112138</ele>
        <time>2025-12-19T18:50:28.265000Z</time>
      </trkpt>
      <trkpt lat="18.743369" lon="98.939697">
        <ele>321.139856</ele>
        <time>2025-12-19T18:50:54.195000Z</time>
      </trkpt>
      <trkpt lat="18.743898" lon="98.940585">
        <ele>321.022513</ele>
        <time>2025-12-19T18:51:08.317000Z</time>
      </trkpt>
      <trkpt lat="18.744222" lon="98.94108">
        <ele>320.955207</ele>
        <time>2025-12-19T18:51:16.407000Z</time>
      </trkpt>
      <trkpt lat="18.744307" lon="98.941207">
        <ele>320.937812</ele>
        <time>2025-12-19T18:51:18.558000Z</time>
      </trkpt>
      <trkpt lat="18.7445" lon="98.941352">
        <ele>320.978395</ele>
        <time>2025-12-19T18:51:22.063000Z</time>
      </trkpt>
      <trkpt lat="18.744592" lon="98.94139">
        <ele>321.003365</ele>
        <time>2025-12-19T18:51:23.541000Z</time>
      </trkpt>
      <trkpt lat="18.74485" lon="98.941437">
        <ele>321.069542</ele>
        <time>2025-12-19T18:51:27.438000Z</time>
      </trkpt>
      <trkpt lat="18.745304" lon="98.941392">
        <ele>321.184802</ele>
        <time>2025-12-19T18:51:34.500000Z</time>
      </trkpt>
      <trkpt lat="18.745305" lon="98.941463">
        <ele>321.201798</ele>
        <time>2025-12-19T18:51:35.600000Z</time>
      </trkpt>
      <trkpt lat="18.745334" lon="98.941458">
        <ele>321.209225</ele>
        <time>2025-12-19T18:51:36.072000Z</time>
      </trkpt>
      <trkpt lat="18.745764" lon="98.941394">
        <ele>321.318989</ele>
        <time>2025-12-19T18:51:43.329000Z</time>
      </trkpt>
      <trkpt lat="18.746109" lon="98.941343">
        <ele>321.411262</ele>
        <time>2025-12-19T18:51:49.188000Z</time>
      </trkpt>
      <trkpt lat="18.746239" lon="98.941324">
        <ele>321.451183</ele>
        <time>2025-12-19T18:51:51.411000Z</time>
      </trkpt>
      <trkpt lat="18.747077" lon="98.941217">
        <ele>321.707944</ele>
        <time>2025-12-19T18:52:05.175000Z</time>
      </trkpt>
      <trkpt lat="18.747205" lon="98.941209">
        <ele>321.746948</ele>
        <time>2025-12-19T18:52:07.226000Z</time>
      </trkpt>
      <trkpt lat="18.747411" lon="98.941182">
        <ele>321.81009</ele>
        <time>2025-12-19T18:52:10.510000Z</time>
      </trkpt>
      <trkpt lat="18.747661" lon="98.941161">
        <ele>321.886376</ele>
        <time>2025-12-19T18:52:14.298000Z</time>
      </trkpt>
      <trkpt lat="18.74803" lon="98.941105">
        <ele>321.927312</ele>
        <time>2025-12-19T18:52:20.093000Z</time>
      </trkpt>
      <trkpt lat="18.748621" lon="98.941024">
        <ele>321.910623</ele>
        <time>2025-12-19T18:52:28.980000Z</time>
      </trkpt>
      <trkpt lat="18.748996" lon="98.940956">
        <ele>321.899968</ele>
        <time>2025-12-19T18:52:34.600000Z</time>
      </trkpt>
      <trkpt lat="18.749188" lon="98.940928">
        <ele>321.894541</ele>
        <time>2025-12-19T18:52:37.265000Z</time>
      </trkpt>
      <trkpt lat="18.749255" lon="98.940921">
        <ele>321.892655</ele>
        <time>2025-12-19T18:52:38.174000Z</time>
      </trkpt>
      <trkpt lat="18.749281" lon="98.940917">
        <ele>321.89192</ele>
        <time>2025-12-19T18:52:38.542000Z</time>
      </trkpt>
      <trkpt lat="18.74942" lon="98.940903">
        <ele>321.88801</ele>
        <time>2025-12-19T18:52:40.472000Z</time>
      </trkpt>
      <trkpt lat="18.749456" lon="98.940899">
        <ele>321.886996</ele>
        <time>2025-12-19T18:52:40.991000Z</time>
      </trkpt>
      <trkpt lat="18.750225" lon="98.940811">
        <ele>321.817759</ele>
        <time>2025-12-19T18:52:52.167000Z</time>
      </trkpt>
      <trkpt lat="18.751035" lon="98.940735">
        <ele>321.733837</ele>
        <time>2025-12-19T18:53:03.825000Z</time>
      </trkpt>
      <trkpt lat="18.75152" lon="98.9408">
        <ele>321.693148</ele>
        <time>2025-12-19T18:53:11.119000Z</time>
      </trkpt>
      <trkpt lat="18.752637" lon="98.94143">
        <ele>321.653298</ele>
        <time>2025-12-19T18:53:29.642000Z</time>
      </trkpt>
      <trkpt lat="18.752882" lon="98.941534">
        <ele>321.644988</ele>
        <time>2025-12-19T18:53:33.635000Z</time>
      </trkpt>
      <trkpt lat="18.75306" lon="98.941555">
        <ele>321.68186</ele>
        <time>2025-12-19T18:53:36.250000Z</time>
      </trkpt>
      <trkpt lat="18.75358" lon="98.941436">
        <ele>322.146724</ele>
        <time>2025-12-19T18:53:44.012000Z</time>
      </trkpt>
      <trkpt lat="18.754275" lon="98.941208">
        <ele>322.782563</ele>
        <time>2025-12-19T18:53:58.417000Z</time>
      </trkpt>
      <trkpt lat="18.754597" lon="98.941111">
        <ele>323.075113</ele>
        <time>2025-12-19T18:54:05.444000Z</time>
      </trkpt>
      <trkpt lat="18.754972" lon="98.941">
        <ele>323.326998</ele>
        <time>2025-12-19T18:54:13.420000Z</time>
      </trkpt>
      <trkpt lat="18.755723" lon="98.940759">
        <ele>323.71434</ele>
        <time>2025-12-19T18:54:28.735000Z</time>
      </trkpt>
      <trkpt lat="18.755922" lon="98.94074">
        <ele>323.812945</ele>
        <time>2025-12-19T18:54:31.975000Z</time>
      </trkpt>
      <trkpt lat="18.756049" lon="98.940755">
        <ele>323.876009</ele>
        <time>2025-12-19T18:54:33.780000Z</time>
      </trkpt>
      <trkpt lat="18.756164" lon="98.940773">
        <ele>323.93338</ele>
        <time>2025-12-19T18:54:35.287000Z</time>
      </trkpt>
      <trkpt lat="18.756303" lon="98.940828">
        <ele>324.006632</ele>
        <time>2025-12-19T18:54:37.174000Z</time>
      </trkpt>
      <trkpt lat="18.756499" lon="98.940972">
        <ele>324.061713</ele>
        <time>2025-12-19T18:54:40.171000Z</time>
      </trkpt>
      <trkpt lat="18.756622" lon="98.941108">
        <ele>323.925063</ele>
        <time>2025-12-19T18:54:42.378000Z</time>
      </trkpt>
      <trkpt lat="18.756773" lon="98.941357">
        <ele>323.710218</ele>
        <time>2025-12-19T18:54:45.736000Z</time>
      </trkpt>
      <trkpt lat="18.756847" lon="98.94172">
        <ele>323.440421</ele>
        <time>2025-12-19T18:54:49.983000Z</time>
      </trkpt>
      <trkpt lat="18.756861" lon="98.942029">
        <ele>323.215646</ele>
        <time>2025-12-19T18:54:53.591000Z</time>
      </trkpt>
      <trkpt lat="18.756864" lon="98.942189">
        <ele>323.099369</ele>
        <time>2025-12-19T18:54:55.518000Z</time>
      </trkpt>
      <trkpt lat="18.756889" lon="98.942735">
        <ele>322.718202</ele>
        <time>2025-12-19T18:55:02.377000Z</time>
      </trkpt>
      <trkpt lat="18.756938" lon="98.942892">
        <ele>322.707824</ele>
        <time>2025-12-19T18:55:04.560000Z</time>
      </trkpt>
      <trkpt lat="18.757002" lon="98.942981">
        <ele>322.700808</ele>
        <time>2025-12-19T18:55:06.048000Z</time>
      </trkpt>
      <trkpt lat="18.757188" lon="98.943143">
        <ele>322.684824</ele>
        <time>2025-12-19T18:55:09.441000Z</time>
      </trkpt>
      <trkpt lat="18.757401" lon="98.943215">
        <ele>322.669996</ele>
        <time>2025-12-19T18:55:12.640000Z</time>
      </trkpt>
      <trkpt lat="18.757842" lon="98.943205">
        <ele>322.640751</ele>
        <time>2025-12-19T18:55:19.119000Z</time>
      </trkpt>
      <trkpt lat="18.758332" lon="98.943157">
        <ele>322.608124</ele>
        <time>2025-12-19T18:55:26.842000Z</time>
      </trkpt>
      <trkpt lat="18.758582" lon="98.943127">
        <ele>322.589681</ele>
        <time>2025-12-19T18:55:30.752000Z</time>
      </trkpt>
      <trkpt lat="18.759014" lon="98.943125">
        <ele>322.555451</ele>
        <time>2025-12-19T18:55:37.313000Z</time>
      </trkpt>
      <trkpt lat="18.759306" lon="98.943177">
        <ele>322.531988</ele>
        <time>2025-12-19T18:55:41.804000Z</time>
      </trkpt>
      <trkpt lat="18.759798" lon="98.943372">
        <ele>322.490349</ele>
        <time>2025-12-19T18:55:49.318000Z</time>
      </trkpt>
      <trkpt lat="18.760192" lon="98.943621">
        <ele>322.442565</ele>
        <time>2025-12-19T18:55:55.613000Z</time>
      </trkpt>
      <trkpt lat="18.761288" lon="98.944295">
        <ele>322.054283</ele>
        <time>2025-12-19T18:56:12.632000Z</time>
      </trkpt>
      <trkpt lat="18.761528" lon="98.944385">
        <ele>321.976312</ele>
        <time>2025-12-19T18:56:16.206000Z</time>
      </trkpt>
      <trkpt lat="18.761732" lon="98.944432">
        <ele>321.912388</ele>
        <time>2025-12-19T18:56:19.223000Z</time>
      </trkpt>
      <trkpt lat="18.762091" lon="98.944466">
        <ele>321.955009</ele>
        <time>2025-12-19T18:56:24.615000Z</time>
      </trkpt>
      <trkpt lat="18.762668" lon="98.944518">
        <ele>322.035384</ele>
        <time>2025-12-19T18:56:33.522000Z</time>
      </trkpt>
      <trkpt lat="18.762736" lon="98.944525">
        <ele>322.044867</ele>
        <time>2025-12-19T18:56:34.598000Z</time>
      </trkpt>
      <trkpt lat="18.763147" lon="98.944628">
        <ele>322.103495</ele>
        <time>2025-12-19T18:56:41.403000Z</time>
      </trkpt>
      <trkpt lat="18.763351" lon="98.944726">
        <ele>322.134601</ele>
        <time>2025-12-19T18:56:45.025000Z</time>
      </trkpt>
      <trkpt lat="18.763461" lon="98.944805">
        <ele>322.153063</ele>
        <time>2025-12-19T18:56:47.126000Z</time>
      </trkpt>
      <trkpt lat="18.763624" lon="98.944943">
        <ele>322.20689</ele>
        <time>2025-12-19T18:56:50.392000Z</time>
      </trkpt>
      <trkpt lat="18.764043" lon="98.94537">
        <ele>322.36757</ele>
        <time>2025-12-19T18:56:59.167000Z</time>
      </trkpt>
      <trkpt lat="18.764686" lon="98.946043">
        <ele>322.617388</ele>
        <time>2025-12-19T18:57:13.826000Z</time>
      </trkpt>
      <trkpt lat="18.764865" lon="98.94621">
        <ele>322.66453</ele>
        <time>2025-12-19T18:57:17.805000Z</time>
      </trkpt>
      <trkpt lat="18.765521" lon="98.946878">
        <ele>322.758733</ele>
        <time>2025-12-19T18:57:32.445000Z</time>
      </trkpt>
      <trkpt lat="18.765658" lon="98.947012">
        <ele>322.778036</ele>
        <time>2025-12-19T18:57:35.292000Z</time>
      </trkpt>
      <trkpt lat="18.765711" lon="98.947065">
        <ele>322.785581</ele>
        <time>2025-12-19T18:57:36.416000Z</time>
      </trkpt>
      <trkpt lat="18.765746" lon="98.947099">
        <ele>322.790497</ele>
        <time>2025-12-19T18:57:37.118000Z</time>
      </trkpt>
      <trkpt lat="18.766089" lon="98.947438">
        <ele>322.83906</ele>
        <time>2025-12-19T18:57:43.791000Z</time>
      </trkpt>
      <trkpt lat="18.766457" lon="98.947796">
        <ele>322.687819</ele>
        <time>2025-12-19T18:57:50.408000Z</time>
      </trkpt>
      <trkpt lat="18.766996" lon="98.94834">
        <ele>322.461475</ele>
        <time>2025-12-19T18:58:00.269000Z</time>
      </trkpt>
      <trkpt lat="18.767636" lon="98.948987">
        <ele>322.393447</ele>
        <time>2025-12-19T18:58:13.200000Z</time>
      </trkpt>
      <trkpt lat="18.768256" lon="98.949602">
        <ele>322.650723</ele>
        <time>2025-12-19T18:58:27.028000Z</time>
      </trkpt>
      <trkpt lat="18.768585" lon="98.949838">
        <ele>322.771019</ele>
        <time>2025-12-19T18:58:33.758000Z</time>
      </trkpt>
      <trkpt lat="18.76888" lon="98.949986">
        <ele>322.870484</ele>
        <time>2025-12-19T18:58:39.284000Z</time>
      </trkpt>
      <trkpt lat="18.769209" lon="98.950105">
        <ele>322.977865</ele>
        <time>2025-12-19T18:58:45.141000Z</time>
      </trkpt>
      <trkpt lat="18.769877" lon="98.950295">
        <ele>323.191479</ele>
        <time>2025-12-19T18:58:56.610000Z</time>
      </trkpt>
      <trkpt lat="18.770324" lon="98.950422">
        <ele>323.33441</ele>
        <time>2025-12-19T18:59:03.525000Z</time>
      </trkpt>
      <trkpt lat="18.772271" lon="98.950956">
        <ele>323.502333</ele>
        <time>2025-12-19T18:59:33.474000Z</time>
      </trkpt>
      <trkpt lat="18.772358" lon="98.950981">
        <ele>323.511993</ele>
        <time>2025-12-19T18:59:35.041000Z</time>
      </trkpt>
      <trkpt lat="18.772942" lon="98.951151">
        <ele>323.576901</ele>
        <time>2025-12-19T18:59:44.820000Z</time>
      </trkpt>
      <trkpt lat="18.773087" lon="98.951193">
        <ele>323.593011</ele>
        <time>2025-12-19T18:59:47.066000Z</time>
      </trkpt>
      <trkpt lat="18.773426" lon="98.951294">
        <ele>323.630751</ele>
        <time>2025-12-19T18:59:52.217000Z</time>
      </trkpt>
      <trkpt lat="18.773541" lon="98.95132">
        <ele>323.643352</ele>
        <time>2025-12-19T18:59:53.923000Z</time>
      </trkpt>
      <trkpt lat="18.773883" lon="98.951429">
        <ele>323.681629</ele>
        <time>2025-12-19T18:59:59.264000Z</time>
      </trkpt>
      <trkpt lat="18.774447" lon="98.95165">
        <ele>323.740104</ele>
        <time>2025-12-19T19:00:08.058000Z</time>
      </trkpt>
      <trkpt lat="18.77497" lon="98.951921">
        <ele>323.795566</ele>
        <time>2025-12-19T19:00:16.402000Z</time>
      </trkpt>
      <trkpt lat="18.775256" lon="98.952099">
        <ele>323.82717</ele>
        <time>2025-12-19T19:00:21.846000Z</time>
      </trkpt>
      <trkpt lat="18.776111" lon="98.952638">
        <ele>324.145895</ele>
        <time>2025-12-19T19:00:38.316000Z</time>
      </trkpt>
      <trkpt lat="18.77639" lon="98.952821">
        <ele>324.297258</ele>
        <time>2025-12-19T19:00:43.655000Z</time>
      </trkpt>
      <trkpt lat="18.77682" lon="98.953103">
        <ele>324.53053</ele>
        <time>2025-12-19T19:00:52.212000Z</time>
      </trkpt>
      <trkpt lat="18.777054" lon="98.953268">
        <ele>324.660201</ele>
        <time>2025-12-19T19:00:57.084000Z</time>
      </trkpt>
      <trkpt lat="18.777377" lon="98.953562">
        <ele>324.786743</ele>
        <time>2025-12-19T19:01:04.211000Z</time>
      </trkpt>
      <trkpt lat="18.777526" lon="98.953761">
        <ele>324.850241</ele>
        <time>2025-12-19T19:01:08.173000Z</time>
      </trkpt>
      <trkpt lat="18.777642" lon="98.953979">
        <ele>324.912828</ele>
        <time>2025-12-19T19:01:12.126000Z</time>
      </trkpt>
      <trkpt lat="18.777802" lon="98.954453">
        <ele>325.038773</ele>
        <time>2025-12-19T19:01:20.093000Z</time>
      </trkpt>
      <trkpt lat="18.778412" lon="98.95689">
        <ele>324.692023</ele>
        <time>2025-12-19T19:01:53.477000Z</time>
      </trkpt>
      <trkpt lat="18.778578" lon="98.957264">
        <ele>324.527224</ele>
        <time>2025-12-19T19:01:58.508000Z</time>
      </trkpt>
      <trkpt lat="18.778714" lon="98.957466">
        <ele>324.428332</ele>
        <time>2025-12-19T19:02:01.555000Z</time>
      </trkpt>
      <trkpt lat="18.778876" lon="98.957646">
        <ele>324.329247</ele>
        <time>2025-12-19T19:02:04.643000Z</time>
      </trkpt>
      <trkpt lat="18.779045" lon="98.957779">
        <ele>324.240436</ele>
        <time>2025-12-19T19:02:07.454000Z</time>
      </trkpt>
      <trkpt lat="18.7793" lon="98.957924">
        <ele>324.118395</ele>
        <time>2025-12-19T19:02:11.309000Z</time>
      </trkpt>
      <trkpt lat="18.779616" lon="98.958034">
        <ele>323.978187</ele>
        <time>2025-12-19T19:02:15.898000Z</time>
      </trkpt>
      <trkpt lat="18.780014" lon="98.9581">
        <ele>324.003671</ele>
        <time>2025-12-19T19:02:21.762000Z</time>
      </trkpt>
      <trkpt lat="18.780337" lon="98.9581">
        <ele>324.026458</ele>
        <time>2025-12-19T19:02:26.684000Z</time>
      </trkpt>
      <trkpt lat="18.781207" lon="98.958109">
        <ele>324.087839</ele>
        <time>2025-12-19T19:02:40.303000Z</time>
      </trkpt>
      <trkpt lat="18.782206" lon="98.958117">
        <ele>324.091103</ele>
        <time>2025-12-19T19:02:55.721000Z</time>
      </trkpt>
      <trkpt lat="18.782621" lon="98.958121">
        <ele>324.085084</ele>
        <time>2025-12-19T19:03:01.508000Z</time>
      </trkpt>
      <trkpt lat="18.783549" lon="98.958137">
        <ele>324.092923</ele>
        <time>2025-12-19T19:03:15.075000Z</time>
      </trkpt>
      <trkpt lat="18.783828" lon="98.958138">
        <ele>324.106623</ele>
        <time>2025-12-19T19:03:18.835000Z</time>
      </trkpt>
      <trkpt lat="18.784193" lon="98.958181">
        <ele>324.124658</ele>
        <time>2025-12-19T19:03:24.014000Z</time>
      </trkpt>
      <trkpt lat="18.784437" lon="98.958224">
        <ele>324.136805</ele>
        <time>2025-12-19T19:03:27.815000Z</time>
      </trkpt>
      <trkpt lat="18.784876" lon="98.958352">
        <ele>324.159168</ele>
        <time>2025-12-19T19:03:35.316000Z</time>
      </trkpt>
      <trkpt lat="18.785531" lon="98.958596">
        <ele>324.407416</ele>
        <time>2025-12-19T19:03:46.669000Z</time>
      </trkpt>
      <trkpt lat="18.786599" lon="98.959005">
        <ele>324.882793</ele>
        <time>2025-12-19T19:04:05.852000Z</time>
      </trkpt>
      <trkpt lat="18.789912" lon="98.960194">
        <ele>325.132428</ele>
        <time>2025-12-19T19:04:58.710000Z</time>
      </trkpt>
      <trkpt lat="18.790998" lon="98.960583">
        <ele>324.82692</ele>
        <time>2025-12-19T19:05:15.087000Z</time>
      </trkpt>
      <trkpt lat="18.791085" lon="98.960617">
        <ele>324.797303</ele>
        <time>2025-12-19T19:05:16.288000Z</time>
      </trkpt>
      <trkpt lat="18.791077" lon="98.960642">
        <ele>324.789327</ele>
        <time>2025-12-19T19:05:16.630000Z</time>
      </trkpt>
      <trkpt lat="18.791031" lon="98.960793">
        <ele>324.741382</ele>
        <time>2025-12-19T19:05:18.621000Z</time>
      </trkpt>
      <trkpt lat="18.791017" lon="98.960838">
        <ele>324.727065</ele>
        <time>2025-12-19T19:05:19.239000Z</time>
      </trkpt>
      <trkpt lat="18.790756" lon="98.961637">
        <ele>324.424865</ele>
        <time>2025-12-19T19:05:29.659000Z</time>
      </trkpt>
      <trkpt lat="18.790726" lon="98.961726">
        <ele>324.38138</ele>
        <time>2025-12-19T19:05:30.805000Z</time>
      </trkpt>
      <trkpt lat="18.790191" lon="98.963353">
        <ele>323.6824</ele>
        <time>2025-12-19T19:06:00.871000Z</time>
      </trkpt>
      <trkpt lat="18.790181" lon="98.963494">
        <ele>323.679703</ele>
        <time>2025-12-19T19:06:02.929000Z</time>
      </trkpt>
      <trkpt lat="18.790221" lon="98.963601">
        <ele>323.677509</ele>
        <time>2025-12-19T19:06:04.674000Z</time>
      </trkpt>
      <trkpt lat="18.790368" lon="98.963828">
        <ele>323.672263</ele>
        <time>2025-12-19T19:06:08.958000Z</time>
      </trkpt>
      <trkpt lat="18.790684" lon="98.963941">
        <ele>323.665542</ele>
        <time>2025-12-19T19:06:14.213000Z</time>
      </trkpt>
      <trkpt lat="18.791186" lon="98.96412">
        <ele>323.654868</ele>
        <time>2025-12-19T19:06:22.186000Z</time>
      </trkpt>
      <trkpt lat="18.791376" lon="98.964188">
        <ele>323.650827</ele>
        <time>2025-12-19T19:06:25.153000Z</time>
      </trkpt>
      <trkpt lat="18.791645" lon="98.964284">
        <ele>323.582016</ele>
        <time>2025-12-19T19:06:29.326000Z</time>
      </trkpt>
      <trkpt lat="18.792328" lon="98.964529">
        <ele>323.388149</ele>
        <time>2025-12-19T19:06:38.998000Z</time>
      </trkpt>
      <trkpt lat="18.793149" lon="98.964823">
        <ele>323.171845</ele>
        <time>2025-12-19T19:06:50.490000Z</time>
      </trkpt>
      <trkpt lat="18.793879" lon="98.965084">
        <ele>323.261695</ele>
        <time>2025-12-19T19:07:02.844000Z</time>
      </trkpt>
      <trkpt lat="18.794575" lon="98.965331">
        <ele>323.347295</ele>
        <time>2025-12-19T19:07:14.441000Z</time>
      </trkpt>
      <trkpt lat="18.794796" lon="98.965419">
        <ele>323.37483</ele>
        <time>2025-12-19T19:07:18.323000Z</time>
      </trkpt>
      <trkpt lat="18.79502" lon="98.965505">
        <ele>323.299947</ele>
        <time>2025-12-19T19:07:22.078000Z</time>
      </trkpt>
      <trkpt lat="18.795536" lon="98.965703">
        <ele>323.112439</ele>
        <time>2025-12-19T19:07:29.416000Z</time>
      </trkpt>
      <trkpt lat="18.795818" lon="98.965811">
        <ele>323.009986</ele>
        <time>2025-12-19T19:07:33.158000Z</time>
      </trkpt>
      <trkpt lat="18.796107" lon="98.965922">
        <ele>322.904955</ele>
        <time>2025-12-19T19:07:37.580000Z</time>
      </trkpt>
      <trkpt lat="18.796221" lon="98.965966">
        <ele>322.863501</ele>
        <time>2025-12-19T19:07:39.289000Z</time>
      </trkpt>
      <trkpt lat="18.796337" lon="98.966008">
        <ele>322.821618</ele>
        <time>2025-12-19T19:07:41.021000Z</time>
      </trkpt>
      <trkpt lat="18.796696" lon="98.966147">
        <ele>322.695668</ele>
        <time>2025-12-19T19:07:46.025000Z</time>
      </trkpt>
      <trkpt lat="18.796922" lon="98.966233">
        <ele>322.618979</ele>
        <time>2025-12-19T19:07:49.026000Z</time>
      </trkpt>
      <trkpt lat="18.797126" lon="98.96631">
        <ele>322.549819</ele>
        <time>2025-12-19T19:07:51.912000Z</time>
      </trkpt>
      <trkpt lat="18.797063" lon="98.966945">
        <ele>322.356855</ele>
        <time>2025-12-19T19:08:03.672000Z</time>
      </trkpt>
      <trkpt lat="18.796911" lon="98.968455">
        <ele>321.828972</ele>
        <time>2025-12-19T19:08:31.679000Z</time>
      </trkpt>
      <trkpt lat="18.796703" lon="98.970783">
        <ele>321.025595</ele>
        <time>2025-12-19T19:09:12.216000Z</time>
      </trkpt>
      <trkpt lat="18.7967" lon="98.97082">
        <ele>321.013599</ele>
        <time>2025-12-19T19:09:12.861000Z</time>
      </trkpt>
      <trkpt lat="18.797312" lon="98.970886">
        <ele>320.947835</ele>
        <time>2025-12-19T19:09:25.716000Z</time>
      </trkpt>
      <trkpt lat="18.797635" lon="98.970925">
        <ele>321.104537</ele>
        <time>2025-12-19T19:09:32.652000Z</time>
      </trkpt>
      <trkpt lat="18.797925" lon="98.97096">
        <ele>321.245229</ele>
        <time>2025-12-19T19:09:39.707000Z</time>
      </trkpt>
      <trkpt lat="18.798216" lon="98.971015">
        <ele>321.38772</ele>
        <time>2025-12-19T19:09:46.925000Z</time>
      </trkpt>
      <trkpt lat="18.79827" lon="98.971026">
        <ele>321.414228</ele>
        <time>2025-12-19T19:09:48.159000Z</time>
      </trkpt>
      <trkpt lat="18.798564" lon="98.971095">
        <ele>321.559394</ele>
        <time>2025-12-19T19:09:54.383000Z</time>
      </trkpt>
      <trkpt lat="18.798764" lon="98.971149">
        <ele>321.658894</ele>
        <time>2025-12-19T19:09:59.112000Z</time>
      </trkpt>
      <trkpt lat="18.798905" lon="98.971184">
        <ele>321.728708</ele>
        <time>2025-12-19T19:10:02.535000Z</time>
      </trkpt>
      <trkpt lat="18.798992" lon="98.971203">
        <ele>321.699282</ele>
        <time>2025-12-19T19:10:04.556000Z</time>
      </trkpt>
      <trkpt lat="18.799167" lon="98.971242">
        <ele>321.634103</ele>
        <time>2025-12-19T19:10:08.386000Z</time>
      </trkpt>
      <trkpt lat="18.799473" lon="98.971326">
        <ele>321.518882</ele>
        <time>2025-12-19T19:10:14.974000Z</time>
      </trkpt>
      <trkpt lat="18.799537" lon="98.971366">
        <ele>321.491781</ele>
        <time>2025-12-19T19:10:15.924000Z</time>
      </trkpt>
      <trkpt lat="18.799436" lon="98.971559">
        <ele>321.415701</ele>
        <time>2025-12-19T19:10:19.033000Z</time>
      </trkpt>
      <trkpt lat="18.799204" lon="98.971998">
        <ele>321.242248</ele>
        <time>2025-12-19T19:10:24.860000Z</time>
      </trkpt>
      <trkpt lat="18.798732" lon="98.972889">
        <ele>320.887046</ele>
        <time>2025-12-19T19:10:37.063000Z</time>
      </trkpt>
      <trkpt lat="18.798624" lon="98.973091">
        <ele>320.805732</ele>
        <time>2025-12-19T19:10:39.751000Z</time>
      </trkpt>
      <trkpt lat="18.79854" lon="98.973248">
        <ele>320.742521</ele>
        <time>2025-12-19T19:10:41.916000Z</time>
      </trkpt>
      <trkpt lat="18.798403" lon="98.973512">
        <ele>320.636995</ele>
        <time>2025-12-19T19:10:45.892000Z</time>
      </trkpt>
      <trkpt lat="18.798253" lon="98.973796">
        <ele>320.523004</ele>
        <time>2025-12-19T19:10:50.908000Z</time>
      </trkpt>
      <trkpt lat="18.798194" lon="98.973908">
        <ele>320.478078</ele>
        <time>2025-12-19T19:10:53.076000Z</time>
      </trkpt>
      <trkpt lat="18.799161" lon="98.974405">
        <ele>319.972369</ele>
        <time>2025-12-19T19:11:14.536000Z</time>
      </trkpt>
      <trkpt lat="18.798886" lon="98.974995">
        <ele>319.666524</ele>
        <time>2025-12-19T19:11:25.740000Z</time>
      </trkpt>
      <trkpt lat="18.799363" lon="98.975229">
        <ele>319.387275</ele>
        <time>2025-12-19T19:11:34.390000Z</time>
      </trkpt>
      <trkpt lat="18.800426" lon="98.975553">
        <ele>318.746904</ele>
        <time>2025-12-19T19:11:54.160000Z</time>
      </trkpt>
      <trkpt lat="18.800733" lon="98.975643">
        <ele>318.562495</ele>
        <time>2025-12-19T19:12:00.902000Z</time>
      </trkpt>
      <trkpt lat="18.800784" lon="98.975662">
        <ele>318.531194</ele>
        <time>2025-12-19T19:12:02.084000Z</time>
      </trkpt>
      <trkpt lat="18.801134" lon="98.975773">
        <ele>318.502579</ele>
        <time>2025-12-19T19:12:09.790000Z</time>
      </trkpt>
      <trkpt lat="18.801333" lon="98.975026">
        <ele>318.549958</ele>
        <time>2025-12-19T19:12:21.394000Z</time>
      </trkpt>
      <trkpt lat="18.801508" lon="98.975052">
        <ele>318.561356</ele>
        <time>2025-12-19T19:12:24.044000Z</time>
      </trkpt>
      <trkpt lat="18.801622" lon="98.975069">
        <ele>318.568781</ele>
        <time>2025-12-19T19:12:25.725000Z</time>
      </trkpt>
      <trkpt lat="18.801819" lon="98.9751">
        <ele>318.581627</ele>
        <time>2025-12-19T19:12:28.487000Z</time>
      </trkpt>
      <trkpt lat="18.802341" lon="98.975179">
        <ele>318.650737</ele>
        <time>2025-12-19T19:12:36.002000Z</time>
      </trkpt>
      <trkpt lat="18.802873" lon="98.975249">
        <ele>318.764165</ele>
        <time>2025-12-19T19:12:44.148000Z</time>
      </trkpt>
      <trkpt lat="18.80339" lon="98.975335">
        <ele>318.874897</ele>
        <time>2025-12-19T19:12:53.163000Z</time>
      </trkpt>
      <trkpt lat="18.803524" lon="98.974255">
        <ele>318.980796</ele>
        <time>2025-12-19T19:13:09.143000Z</time>
      </trkpt>
      <trkpt lat="18.804001" lon="98.974344">
        <ele>318.980796</ele>
        <time>2025-12-19T19:13:19.397000Z</time>
      </trkpt>
      <trkpt lat="18.804484" lon="98.974434">
        <ele>318.980796</ele>
        <time>2025-12-19T19:13:29.433000Z</time>
      </trkpt>
      <trkpt lat="18.804837" lon="98.9745">
        <ele>318.980796</ele>
        <time>2025-12-19T19:13:36.656000Z</time>
      </trkpt>
    </trkseg>
  </trk>
</gpx>