<?xml version="1.0" encoding="UTF-8"?>
<gpx creator="StravaGPX" version="1.1" xmlns="http://www.topografix.com/GPX/1/1" xmlns:xsi="http://www.w3.org/2001/XMLSchema-instance" xsi:schemaLocation="http://www.topografix.com/GPX/1/1 http://www.topografix.com/GPX/1/1/gpx.xsd">
 <metadata>
  <name>Hainan: Yalong bay</name>
  <author>
   <name>Vladimir Sumarokov 🇰🇿🇷🇺🇹🇭</name>
   <link href="https://www.strava.com/athletes/16069938"/>
  </author>
  <copyright author="OpenStreetMap contributors">
   <year>2020</year>
   <license>https://www.openstreetmap.org/copyright</license>
  </copyright>
  <link href="https://www.strava.com/routes/3292915927062339658"/>
 </metadata>
 <trk>
  <name>Hainan: Yalong bay</name>
  <link href="https://www.strava.com/routes/3292915927062339658"/>
  <type>cycling</type>
  <trkseg>
   <trkpt lat="18.21385" lon="109.49743000000001">
    <ele>8.530000000000001</ele>
   </trkpt>
   <trkpt lat="18.21395" lon="109.49781000000002">
    <ele>8.57</ele>
   </trkpt>
   <trkpt lat="18.214420000174073" lon="109.49774500015292">
    <ele>8.75</ele>
   </trkpt>
   <trkpt lat="18.21489" lon="109.49768">
    <ele>9.05</ele>
   </trkpt>
   <trkpt lat="18.215714999929112" lon="109.49757000053485">
    <ele>9.35</ele>
   </trkpt>
   <trkpt lat="18.216540000000002" lon="109.49746">
    <ele>9.760000000000002</ele>
   </trkpt>
   <trkpt lat="18.21716" lon="109.49744000000001">
    <ele>10.89</ele>
   </trkpt>
   <trkpt lat="18.21791" lon="109.49758000000001">
    <ele>12.610000000000001</ele>
   </trkpt>
   <trkpt lat="18.21855" lon="109.49783000000001">
    <ele>16.94</ele>
   </trkpt>
   <trkpt lat="18.219130000376722" lon="109.49819499880363">
    <ele>22.78</ele>
   </trkpt>
   <trkpt lat="18.219710000000003" lon="109.49856000000001">
    <ele>28.41</ele>
   </trkpt>
   <trkpt lat="18.220060000201627" lon="109.49888999926044">
    <ele>32.81</ele>
   </trkpt>
   <trkpt lat="18.22041" lon="109.49922000000001">
    <ele>35.93</ele>
   </trkpt>
   <trkpt lat="18.220880001230654" lon="109.49971666393353">
    <ele>40.150000000000006</ele>
   </trkpt>
   <trkpt lat="18.221350001182614" lon="109.5002133305494">
    <ele>45.95</ele>
   </trkpt>
   <trkpt lat="18.22182" lon="109.50071000000001">
    <ele>50.440000000000005</ele>
   </trkpt>
   <trkpt lat="18.22204" lon="109.50112000000001">
    <ele>53.21000000000001</ele>
   </trkpt>
   <trkpt lat="18.222150000000003" lon="109.50144">
    <ele>55.17</ele>
   </trkpt>
   <trkpt lat="18.2222" lon="109.50181">
    <ele>56.120000000000005</ele>
   </trkpt>
   <trkpt lat="18.2222" lon="109.50198">
    <ele>56.39</ele>
   </trkpt>
   <trkpt lat="18.222160000000002" lon="109.50212">
    <ele>56.45</ele>
   </trkpt>
   <trkpt lat="18.221785001270444" lon="109.50282500155252">
    <ele>55.870000000000005</ele>
   </trkpt>
   <trkpt lat="18.221410000000002" lon="109.50353000000001">
    <ele>55.580000000000005</ele>
   </trkpt>
   <trkpt lat="18.221070000721493" lon="109.50406000104557">
    <ele>55.31</ele>
   </trkpt>
   <trkpt lat="18.220730000000003" lon="109.50459000000001">
    <ele>54.64</ele>
   </trkpt>
   <trkpt lat="18.22058" lon="109.50496000000001">
    <ele>54.1</ele>
   </trkpt>
   <trkpt lat="18.22052" lon="109.50535">
    <ele>53.45</ele>
   </trkpt>
   <trkpt lat="18.22052" lon="109.50564000000001">
    <ele>52.61</ele>
   </trkpt>
   <trkpt lat="18.220550000000003" lon="109.50596000000002">
    <ele>52.02</ele>
   </trkpt>
   <trkpt lat="18.220650000000003" lon="109.50623">
    <ele>50.92000000000001</ele>
   </trkpt>
   <trkpt lat="18.2208" lon="109.50649000000001">
    <ele>50.68</ele>
   </trkpt>
   <trkpt lat="18.221210000000003" lon="109.50699000000002">
    <ele>48.43</ele>
   </trkpt>
   <trkpt lat="18.221330000000002" lon="109.50720000000001">
    <ele>47.550000000000004</ele>
   </trkpt>
   <trkpt lat="18.22136" lon="109.5074">
    <ele>46.77</ele>
   </trkpt>
   <trkpt lat="18.22137" lon="109.50803">
    <ele>44.14000000000001</ele>
   </trkpt>
   <trkpt lat="18.221500000000002" lon="109.50839">
    <ele>42.9</ele>
   </trkpt>
   <trkpt lat="18.22192" lon="109.50893">
    <ele>40.63</ele>
   </trkpt>
   <trkpt lat="18.222320000392127" lon="109.50935999891806">
    <ele>39.05</ele>
   </trkpt>
   <trkpt lat="18.222720000000002" lon="109.50979000000001">
    <ele>36.36</ele>
   </trkpt>
   <trkpt lat="18.223200000000002" lon="109.51051000000001">
    <ele>32.910000000000004</ele>
   </trkpt>
   <trkpt lat="18.223705000215794" lon="109.51081999907996">
    <ele>29.7</ele>
   </trkpt>
   <trkpt lat="18.224210000000003" lon="109.51113000000001">
    <ele>26.950000000000003</ele>
   </trkpt>
   <trkpt lat="18.22436" lon="109.51127000000001">
    <ele>26.0</ele>
   </trkpt>
   <trkpt lat="18.22448" lon="109.51143">
    <ele>24.37</ele>
   </trkpt>
   <trkpt lat="18.224783336308494" lon="109.51218999730152">
    <ele>21.16</ele>
   </trkpt>
   <trkpt lat="18.22508666962235" lon="109.51294999725265">
    <ele>17.6</ele>
   </trkpt>
   <trkpt lat="18.22539" lon="109.51371">
    <ele>16.360000000000003</ele>
   </trkpt>
   <trkpt lat="18.22576" lon="109.51427000000001">
    <ele>15.690000000000003</ele>
   </trkpt>
   <trkpt lat="18.226265000620863" lon="109.51473999868077">
    <ele>15.620000000000001</ele>
   </trkpt>
   <trkpt lat="18.226770000000002" lon="109.51521000000001">
    <ele>16.0</ele>
   </trkpt>
   <trkpt lat="18.226940000000003" lon="109.51532">
    <ele>16.23</ele>
   </trkpt>
   <trkpt lat="18.227359999970552" lon="109.51552499943759">
    <ele>16.900000000000002</ele>
   </trkpt>
   <trkpt lat="18.227780000000003" lon="109.51573">
    <ele>17.41</ele>
   </trkpt>
   <trkpt lat="18.227690000000003" lon="109.51589000000001">
    <ele>16.93</ele>
   </trkpt>
   <trkpt lat="18.227386668988718" lon="109.5165566689528">
    <ele>14.83</ele>
   </trkpt>
   <trkpt lat="18.22708333567286" lon="109.51722333558101">
    <ele>13.520000000000001</ele>
   </trkpt>
   <trkpt lat="18.22678" lon="109.51789000000001">
    <ele>13.01</ele>
   </trkpt>
   <trkpt lat="18.226380001825778" lon="109.51871500177027">
    <ele>13.1</ele>
   </trkpt>
   <trkpt lat="18.22598" lon="109.51954">
    <ele>13.500000000000002</ele>
   </trkpt>
   <trkpt lat="18.22594" lon="109.51967">
    <ele>13.64</ele>
   </trkpt>
   <trkpt lat="18.225645001094676" lon="109.52032500114943">
    <ele>13.82</ele>
   </trkpt>
   <trkpt lat="18.225350000000002" lon="109.52098000000001">
    <ele>14.120000000000001</ele>
   </trkpt>
   <trkpt lat="18.22523" lon="109.52136000000002">
    <ele>14.430000000000001</ele>
   </trkpt>
   <trkpt lat="18.22521" lon="109.52168">
    <ele>14.46</ele>
   </trkpt>
   <trkpt lat="18.22521000485369" lon="109.52247000004306">
    <ele>14.88</ele>
   </trkpt>
   <trkpt lat="18.225210006471592" lon="109.52326000008614">
    <ele>14.92</ele>
   </trkpt>
   <trkpt lat="18.22521000485369" lon="109.52405000012924">
    <ele>14.96</ele>
   </trkpt>
   <trkpt lat="18.22521" lon="109.52484000000001">
    <ele>14.51</ele>
   </trkpt>
   <trkpt lat="18.225250000000003" lon="109.52517">
    <ele>13.840000000000002</ele>
   </trkpt>
   <trkpt lat="18.225330000000003" lon="109.52538000000001">
    <ele>13.840000000000002</ele>
   </trkpt>
   <trkpt lat="18.225440000000003" lon="109.52556000000001">
    <ele>13.56</ele>
   </trkpt>
   <trkpt lat="18.22556" lon="109.52571">
    <ele>13.510000000000002</ele>
   </trkpt>
   <trkpt lat="18.226126257232924" lon="109.52634123562048">
    <ele>12.34</ele>
   </trkpt>
   <trkpt lat="18.226692512399847" lon="109.52697247534952">
    <ele>11.64</ele>
   </trkpt>
   <trkpt lat="18.227258765500686" lon="109.5276037191873">
    <ele>10.64</ele>
   </trkpt>
   <trkpt lat="18.227825016535352" lon="109.52823496713388">
    <ele>9.47</ele>
   </trkpt>
   <trkpt lat="18.228391265503774" lon="109.52886621918952">
    <ele>9.1</ele>
   </trkpt>
   <trkpt lat="18.228957512405856" lon="109.5294974753543">
    <ele>8.860000000000001</ele>
   </trkpt>
   <trkpt lat="18.229523757241523" lon="109.53012873562838">
    <ele>8.56</ele>
   </trkpt>
   <trkpt lat="18.23009" lon="109.53076000000001">
    <ele>8.41</ele>
   </trkpt>
   <trkpt lat="18.23008" lon="109.53075000000001">
    <ele>8.42</ele>
   </trkpt>
   <trkpt lat="18.230660002254062" lon="109.53140666230775">
    <ele>8.270000000000001</ele>
   </trkpt>
   <trkpt lat="18.231240002271843" lon="109.53206332899447">
    <ele>7.96</ele>
   </trkpt>
   <trkpt lat="18.231820000000003" lon="109.53272000000001">
    <ele>7.95</ele>
   </trkpt>
   <trkpt lat="18.23194" lon="109.53293000000001">
    <ele>7.99</ele>
   </trkpt>
   <trkpt lat="18.23214" lon="109.53341">
    <ele>8.280000000000001</ele>
   </trkpt>
   <trkpt lat="18.23241" lon="109.53410000000001">
    <ele>8.48</ele>
   </trkpt>
   <trkpt lat="18.232670000000002" lon="109.53490000000001">
    <ele>8.74</ele>
   </trkpt>
   <trkpt lat="18.23282" lon="109.53529">
    <ele>8.910000000000002</ele>
   </trkpt>
   <trkpt lat="18.232940000000003" lon="109.53552">
    <ele>9.15</ele>
   </trkpt>
   <trkpt lat="18.23308" lon="109.53572000000001">
    <ele>9.330000000000002</ele>
   </trkpt>
   <trkpt lat="18.23335" lon="109.53603000000001">
    <ele>10.84</ele>
   </trkpt>
   <trkpt lat="18.233775000621954" lon="109.53643499919765">
    <ele>11.920000000000002</ele>
   </trkpt>
   <trkpt lat="18.2342" lon="109.53684000000001">
    <ele>12.730000000000002</ele>
   </trkpt>
   <trkpt lat="18.234580000436242" lon="109.53716499942868">
    <ele>12.55</ele>
   </trkpt>
   <trkpt lat="18.23496" lon="109.53749">
    <ele>11.45</ele>
   </trkpt>
   <trkpt lat="18.23517" lon="109.53771">
    <ele>11.09</ele>
   </trkpt>
   <trkpt lat="18.23533" lon="109.53794">
    <ele>10.560000000000002</ele>
   </trkpt>
   <trkpt lat="18.23546" lon="109.5382">
    <ele>10.370000000000001</ele>
   </trkpt>
   <trkpt lat="18.2357" lon="109.53891000000002">
    <ele>10.0</ele>
   </trkpt>
   <trkpt lat="18.235947505070623" lon="109.53971749654208">
    <ele>10.47</ele>
   </trkpt>
   <trkpt lat="18.236195006758805" lon="109.54052499538268">
    <ele>11.44</ele>
   </trkpt>
   <trkpt lat="18.236442505064502" lon="109.54133249652189">
    <ele>11.250000000000002</ele>
   </trkpt>
   <trkpt lat="18.236690000000003" lon="109.54214">
    <ele>10.33</ele>
   </trkpt>
   <trkpt lat="18.236810000000002" lon="109.54270000000001">
    <ele>10.200000000000001</ele>
   </trkpt>
   <trkpt lat="18.23686" lon="109.54302000000001">
    <ele>10.030000000000001</ele>
   </trkpt>
   <trkpt lat="18.236925001191683" lon="109.54369499985032">
    <ele>9.75</ele>
   </trkpt>
   <trkpt lat="18.236990000000002" lon="109.54437000000001">
    <ele>9.55</ele>
   </trkpt>
   <trkpt lat="18.23704000130725" lon="109.54507999979162">
    <ele>9.510000000000002</ele>
   </trkpt>
   <trkpt lat="18.237090000000002" lon="109.54579000000001">
    <ele>9.81</ele>
   </trkpt>
   <trkpt lat="18.237170000000003" lon="109.54620000000001">
    <ele>9.99</ele>
   </trkpt>
   <trkpt lat="18.237270000000002" lon="109.54653">
    <ele>10.280000000000001</ele>
   </trkpt>
   <trkpt lat="18.23743" lon="109.54689">
    <ele>10.39</ele>
   </trkpt>
   <trkpt lat="18.237630000000003" lon="109.54719000000001">
    <ele>11.240000000000002</ele>
   </trkpt>
   <trkpt lat="18.23806" lon="109.5477">
    <ele>12.950000000000001</ele>
   </trkpt>
   <trkpt lat="18.23863000410179" lon="109.54832799177521">
    <ele>15.18</ele>
   </trkpt>
   <trkpt lat="18.239200006157557" lon="109.54895598766792">
    <ele>16.150000000000002</ele>
   </trkpt>
   <trkpt lat="18.2397700061672" lon="109.54958398767829">
    <ele>15.92</ele>
   </trkpt>
   <trkpt lat="18.24034000413065" lon="109.5502119918065">
    <ele>15.55</ele>
   </trkpt>
   <trkpt lat="18.240910000000003" lon="109.55084000000001">
    <ele>15.150000000000002</ele>
   </trkpt>
   <trkpt lat="18.24114" lon="109.55119">
    <ele>15.320000000000002</ele>
   </trkpt>
   <trkpt lat="18.24154251232596" lon="109.55201373665362">
    <ele>16.009999999999998</ele>
   </trkpt>
   <trkpt lat="18.24194502113112" lon="109.5528374771218">
    <ele>16.560000000000002</ele>
   </trkpt>
   <trkpt lat="18.24234752641539" lon="109.5536612214046">
    <ele>17.18</ele>
   </trkpt>
   <trkpt lat="18.242750028178666" lon="109.55448496950211">
    <ele>16.59</ele>
   </trkpt>
   <trkpt lat="18.243152526420854" lon="109.55530872141439">
    <ele>16.790000000000003</ele>
   </trkpt>
   <trkpt lat="18.24355502114185" lon="109.55613247714153">
    <ele>17.39</ele>
   </trkpt>
   <trkpt lat="18.24395751234156" lon="109.5569562366836">
    <ele>18.39</ele>
   </trkpt>
   <trkpt lat="18.24436" lon="109.55778000000001">
    <ele>17.96</ele>
   </trkpt>
   <trkpt lat="18.244650000830557" lon="109.55833999909818">
    <ele>17.05</ele>
   </trkpt>
   <trkpt lat="18.244940000000003" lon="109.55890000000001">
    <ele>16.73</ele>
   </trkpt>
   <trkpt lat="18.245240000000003" lon="109.55933">
    <ele>15.91</ele>
   </trkpt>
   <trkpt lat="18.24558" lon="109.55972000000001">
    <ele>14.83</ele>
   </trkpt>
   <trkpt lat="18.24596" lon="109.56005">
    <ele>13.56</ele>
   </trkpt>
   <trkpt lat="18.24641" lon="109.56033000000001">
    <ele>11.950000000000001</ele>
   </trkpt>
   <trkpt lat="18.246930000000003" lon="109.56057000000001">
    <ele>10.51</ele>
   </trkpt>
   <trkpt lat="18.247500000000002" lon="109.56078000000001">
    <ele>9.840000000000002</ele>
   </trkpt>
   <trkpt lat="18.248362501610682" lon="109.5610174870312">
    <ele>9.1</ele>
   </trkpt>
   <trkpt lat="18.249225002928622" lon="109.56125497641987">
    <ele>8.88</ele>
   </trkpt>
   <trkpt lat="18.2500875039538" lon="109.56149246816624">
    <ele>9.13</ele>
   </trkpt>
   <trkpt lat="18.2509500046862" lon="109.56172996227036">
    <ele>10.06</ele>
   </trkpt>
   <trkpt lat="18.251812505125805" lon="109.56196745873243">
    <ele>10.620000000000001</ele>
   </trkpt>
   <trkpt lat="18.252675005272597" lon="109.56220495755257">
    <ele>10.440000000000001</ele>
   </trkpt>
   <trkpt lat="18.253537505126555" lon="109.5624424587309">
    <ele>11.040000000000001</ele>
   </trkpt>
   <trkpt lat="18.25440000468767" lon="109.56267996226761">
    <ele>12.560000000000002</ele>
   </trkpt>
   <trkpt lat="18.255262503955915" lon="109.56291746816284">
    <ele>14.030000000000001</ele>
   </trkpt>
   <trkpt lat="18.256125002931277" lon="109.5631549764167">
    <ele>14.810000000000002</ele>
   </trkpt>
   <trkpt lat="18.256987501613736" lon="109.56339248702933">
    <ele>14.55</ele>
   </trkpt>
   <trkpt lat="18.25785" lon="109.56363">
    <ele>14.280000000000001</ele>
   </trkpt>
   <trkpt lat="18.25834" lon="109.56380000000001">
    <ele>13.09</ele>
   </trkpt>
   <trkpt lat="18.258930000000003" lon="109.56403">
    <ele>11.770000000000001</ele>
   </trkpt>
   <trkpt lat="18.25888" lon="109.56417">
    <ele>11.28</ele>
   </trkpt>
   <trkpt lat="18.25882" lon="109.56450000000001">
    <ele>9.44</ele>
   </trkpt>
   <trkpt lat="18.2588" lon="109.56485">
    <ele>8.92</ele>
   </trkpt>
   <trkpt lat="18.25888" lon="109.56549000000001">
    <ele>8.68</ele>
   </trkpt>
   <trkpt lat="18.25892" lon="109.56562000000001">
    <ele>8.67</ele>
   </trkpt>
   <trkpt lat="18.259030000000003" lon="109.56584000000001">
    <ele>8.73</ele>
   </trkpt>
   <trkpt lat="18.25929500051081" lon="109.56624999948939">
    <ele>8.780000000000001</ele>
   </trkpt>
   <trkpt lat="18.25956" lon="109.56666000000001">
    <ele>7.9300000000000015</ele>
   </trkpt>
   <trkpt lat="18.25992" lon="109.56708">
    <ele>7.300000000000001</ele>
   </trkpt>
   <trkpt lat="18.25991" lon="109.56706000000001">
    <ele>7.320000000000001</ele>
   </trkpt>
   <trkpt lat="18.260360000000002" lon="109.56753">
    <ele>7.0200000000000005</ele>
   </trkpt>
   <trkpt lat="18.26103" lon="109.56814000000001">
    <ele>7.24</ele>
   </trkpt>
   <trkpt lat="18.26154" lon="109.56852">
    <ele>7.5600000000000005</ele>
   </trkpt>
   <trkpt lat="18.262" lon="109.56879">
    <ele>7.130000000000001</ele>
   </trkpt>
   <trkpt lat="18.26241000010504" lon="109.56900999946942">
    <ele>7.03</ele>
   </trkpt>
   <trkpt lat="18.26282" lon="109.56923">
    <ele>7.3500000000000005</ele>
   </trkpt>
   <trkpt lat="18.263369999949926" lon="109.56942499932953">
    <ele>7.470000000000001</ele>
   </trkpt>
   <trkpt lat="18.263920000000002" lon="109.56962000000001">
    <ele>7.8900000000000015</ele>
   </trkpt>
   <trkpt lat="18.264590000000002" lon="109.56980000000001">
    <ele>8.09</ele>
   </trkpt>
   <trkpt lat="18.2646" lon="109.56980000000001">
    <ele>8.09</ele>
   </trkpt>
   <trkpt lat="18.26545000022399" lon="109.57003999884587">
    <ele>7.53</ele>
   </trkpt>
   <trkpt lat="18.2663" lon="109.57028000000001">
    <ele>7.2700000000000005</ele>
   </trkpt>
   <trkpt lat="18.266810000185266" lon="109.5704099996541">
    <ele>6.760000000000001</ele>
   </trkpt>
   <trkpt lat="18.26732" lon="109.57054000000001">
    <ele>6.34</ele>
   </trkpt>
   <trkpt lat="18.26776500028117" lon="109.57063499981146">
    <ele>6.37</ele>
   </trkpt>
   <trkpt lat="18.26821" lon="109.57073000000001">
    <ele>6.55</ele>
   </trkpt>
   <trkpt lat="18.268710000312517" lon="109.57079499985197">
    <ele>7.0200000000000005</ele>
   </trkpt>
   <trkpt lat="18.26921" lon="109.57086000000001">
    <ele>7.430000000000001</ele>
   </trkpt>
   <trkpt lat="18.2699" lon="109.57091000000001">
    <ele>7.660000000000001</ele>
   </trkpt>
   <trkpt lat="18.26989" lon="109.57091000000001">
    <ele>7.660000000000001</ele>
   </trkpt>
   <trkpt lat="18.270516666705312" lon="109.57095333302239">
    <ele>7.48</ele>
   </trkpt>
   <trkpt lat="18.27114333340087" lon="109.57099666635771">
    <ele>7.25</ele>
   </trkpt>
   <trkpt lat="18.27177" lon="109.57104000000001">
    <ele>7.140000000000001</ele>
   </trkpt>
   <trkpt lat="18.27202" lon="109.57108000000001">
    <ele>7.2700000000000005</ele>
   </trkpt>
   <trkpt lat="18.272450000000003" lon="109.57128000000002">
    <ele>7.07</ele>
   </trkpt>
   <trkpt lat="18.27216333506814" lon="109.57185000179071">
    <ele>7.710000000000001</ele>
   </trkpt>
   <trkpt lat="18.271876668448012" lon="109.57242000169812">
    <ele>8.870000000000001</ele>
   </trkpt>
   <trkpt lat="18.27159" lon="109.57299">
    <ele>10.46</ele>
   </trkpt>
   <trkpt lat="18.271380000647316" lon="109.57346500043654">
    <ele>11.8</ele>
   </trkpt>
   <trkpt lat="18.27117" lon="109.57394000000001">
    <ele>12.49</ele>
   </trkpt>
   <trkpt lat="18.270965000946873" lon="109.57455500083374">
    <ele>11.97</ele>
   </trkpt>
   <trkpt lat="18.270760000000003" lon="109.57517000000001">
    <ele>10.4</ele>
   </trkpt>
   <trkpt lat="18.2706" lon="109.57585">
    <ele>8.049999999999999</ele>
   </trkpt>
   <trkpt lat="18.27046" lon="109.57626">
    <ele>6.69</ele>
   </trkpt>
   <trkpt lat="18.27036" lon="109.57668000000001">
    <ele>5.890000000000001</ele>
   </trkpt>
   <trkpt lat="18.270280000000003" lon="109.57712000000001">
    <ele>5.24</ele>
   </trkpt>
   <trkpt lat="18.27024" lon="109.57774">
    <ele>5.07</ele>
   </trkpt>
   <trkpt lat="18.270220000000002" lon="109.57848000000001">
    <ele>4.95</ele>
   </trkpt>
   <trkpt lat="18.270030000000002" lon="109.57927000000001">
    <ele>4.85</ele>
   </trkpt>
   <trkpt lat="18.269720000000003" lon="109.57991000000001">
    <ele>5.99</ele>
   </trkpt>
   <trkpt lat="18.269550000000002" lon="109.58018000000001">
    <ele>6.220000000000001</ele>
   </trkpt>
   <trkpt lat="18.269350000000003" lon="109.58046">
    <ele>5.74</ele>
   </trkpt>
   <trkpt lat="18.268800000000002" lon="109.58101">
    <ele>5.46</ele>
   </trkpt>
   <trkpt lat="18.26834500032214" lon="109.58133500081789">
    <ele>5.47</ele>
   </trkpt>
   <trkpt lat="18.26789" lon="109.58166000000001">
    <ele>6.15</ele>
   </trkpt>
   <trkpt lat="18.267205001355865" lon="109.58208000498374">
    <ele>7.3100000000000005</ele>
   </trkpt>
   <trkpt lat="18.266520001795307" lon="109.58250000665251">
    <ele>10.450000000000001</ele>
   </trkpt>
   <trkpt lat="18.265835001318383" lon="109.58292000500651">
    <ele>14.440000000000001</ele>
   </trkpt>
   <trkpt lat="18.265150000000002" lon="109.58334">
    <ele>16.61</ele>
   </trkpt>
   <trkpt lat="18.2647" lon="109.58365">
    <ele>19.180000000000003</ele>
   </trkpt>
   <trkpt lat="18.264180000728057" lon="109.58420000170828">
    <ele>22.29</ele>
   </trkpt>
   <trkpt lat="18.26366" lon="109.58475000000001">
    <ele>25.61</ele>
   </trkpt>
   <trkpt lat="18.263070000000003" lon="109.58517">
    <ele>29.030000000000005</ele>
   </trkpt>
   <trkpt lat="18.26253" lon="109.58538000000001">
    <ele>31.470000000000006</ele>
   </trkpt>
   <trkpt lat="18.26199" lon="109.58544">
    <ele>33.78</ele>
   </trkpt>
   <trkpt lat="18.261460000000003" lon="109.58542000000001">
    <ele>35.77</ele>
   </trkpt>
   <trkpt lat="18.260990000000003" lon="109.58529000000001">
    <ele>37.970000000000006</ele>
   </trkpt>
   <trkpt lat="18.260630000000003" lon="109.58514000000001">
    <ele>39.57</ele>
   </trkpt>
   <trkpt lat="18.26029" lon="109.58493000000001">
    <ele>41.5</ele>
   </trkpt>
   <trkpt lat="18.26003" lon="109.58482000000001">
    <ele>42.27</ele>
   </trkpt>
   <trkpt lat="18.259780000000003" lon="109.58474000000001">
    <ele>42.99</ele>
   </trkpt>
   <trkpt lat="18.259510000000002" lon="109.58473000000001">
    <ele>43.480000000000004</ele>
   </trkpt>
   <trkpt lat="18.25926" lon="109.58474000000001">
    <ele>43.730000000000004</ele>
   </trkpt>
   <trkpt lat="18.258840000000003" lon="109.58489000000002">
    <ele>44.11</ele>
   </trkpt>
   <trkpt lat="18.258380000000002" lon="109.58511000000001">
    <ele>44.78</ele>
   </trkpt>
   <trkpt lat="18.258360000000003" lon="109.58513">
    <ele>44.78</ele>
   </trkpt>
   <trkpt lat="18.25787" lon="109.58551000000001">
    <ele>45.02</ele>
   </trkpt>
   <trkpt lat="18.25787" lon="109.58550000000001">
    <ele>45.02</ele>
   </trkpt>
   <trkpt lat="18.25787" lon="109.58551000000001">
    <ele>45.02</ele>
   </trkpt>
   <trkpt lat="18.25786" lon="109.58549000000001">
    <ele>55.84</ele>
   </trkpt>
   <trkpt lat="18.257174290673372" lon="109.5860542990814">
    <ele>83.39</ele>
   </trkpt>
   <trkpt lat="18.256488579693265" lon="109.58661859370699">
    <ele>105.61000000000001</ele>
   </trkpt>
   <trkpt lat="18.255802867059764" lon="109.587182883877">
    <ele>106.16</ele>
   </trkpt>
   <trkpt lat="18.255117152772954" lon="109.58774716959167">
    <ele>106.08000000000001</ele>
   </trkpt>
   <trkpt lat="18.25443143683291" lon="109.58831145085115">
    <ele>89.50000000000001</ele>
   </trkpt>
   <trkpt lat="18.25374571923971" lon="109.58887572765568">
    <ele>73.02</ele>
   </trkpt>
   <trkpt lat="18.25306" lon="109.58944000000001">
    <ele>61.00000000000001</ele>
   </trkpt>
   <trkpt lat="18.252420000705293" lon="109.58992000168784">
    <ele>53.96</ele>
   </trkpt>
   <trkpt lat="18.25178" lon="109.5904">
    <ele>60.45</ele>
   </trkpt>
   <trkpt lat="18.25100000060861" lon="109.59085000197233">
    <ele>70.51</ele>
   </trkpt>
   <trkpt lat="18.250220000000002" lon="109.5913">
    <ele>58.71</ele>
   </trkpt>
   <trkpt lat="18.249479999987194" lon="109.59142000051918">
    <ele>63.25</ele>
   </trkpt>
   <trkpt lat="18.24874" lon="109.59154000000001">
    <ele>51.480000000000004</ele>
   </trkpt>
   <trkpt lat="18.2481300000283" lon="109.59163000031485">
    <ele>50.660000000000004</ele>
   </trkpt>
   <trkpt lat="18.24752" lon="109.59172000000001">
    <ele>50.150000000000006</ele>
   </trkpt>
   <trkpt lat="18.246850000000002" lon="109.59214000000001">
    <ele>29.300000000000004</ele>
   </trkpt>
   <trkpt lat="18.24644" lon="109.59277000000002">
    <ele>34.64</ele>
   </trkpt>
   <trkpt lat="18.24621" lon="109.59347000000001">
    <ele>42.2</ele>
   </trkpt>
   <trkpt lat="18.246255001004894" lon="109.59408999994137">
    <ele>40.660000000000004</ele>
   </trkpt>
   <trkpt lat="18.2463" lon="109.59471">
    <ele>51.730000000000004</ele>
   </trkpt>
   <trkpt lat="18.246370002128163" lon="109.59534999950607">
    <ele>51.080000000000005</ele>
   </trkpt>
   <trkpt lat="18.24644000213053" lon="109.5959899995277">
    <ele>42.96</ele>
   </trkpt>
   <trkpt lat="18.24651" lon="109.59663">
    <ele>38.53</ele>
   </trkpt>
   <trkpt lat="18.24658" lon="109.59661000000001">
    <ele>32.550000000000004</ele>
   </trkpt>
   <trkpt lat="18.246655001365163" lon="109.59733499969843">
    <ele>30.19</ele>
   </trkpt>
   <trkpt lat="18.246730000000003" lon="109.59806">
    <ele>26.61</ele>
   </trkpt>
   <trkpt lat="18.24667" lon="109.59875000000001">
    <ele>23.590000000000003</ele>
   </trkpt>
   <trkpt lat="18.246570000000002" lon="109.59935000000002">
    <ele>20.52</ele>
   </trkpt>
   <trkpt lat="18.24631" lon="109.60008">
    <ele>17.550000000000004</ele>
   </trkpt>
   <trkpt lat="18.24597" lon="109.60068000000001">
    <ele>16.0</ele>
   </trkpt>
   <trkpt lat="18.24597" lon="109.60069000000001">
    <ele>16.0</ele>
   </trkpt>
   <trkpt lat="18.24592" lon="109.60079">
    <ele>15.97</ele>
   </trkpt>
   <trkpt lat="18.245510000000003" lon="109.60137">
    <ele>15.83</ele>
   </trkpt>
   <trkpt lat="18.24499" lon="109.602">
    <ele>15.370000000000001</ele>
   </trkpt>
   <trkpt lat="18.2444900003609" lon="109.60245500146931">
    <ele>14.75</ele>
   </trkpt>
   <trkpt lat="18.24399" lon="109.60291000000001">
    <ele>13.56</ele>
   </trkpt>
   <trkpt lat="18.243370000000002" lon="109.60331000000001">
    <ele>12.49</ele>
   </trkpt>
   <trkpt lat="18.242790000000003" lon="109.60360000000001">
    <ele>12.620000000000001</ele>
   </trkpt>
   <trkpt lat="18.242040000000003" lon="109.60386000000001">
    <ele>13.74</ele>
   </trkpt>
   <trkpt lat="18.24136" lon="109.60404000000001">
    <ele>14.270000000000001</ele>
   </trkpt>
   <trkpt lat="18.240770000034445" lon="109.60413500032064">
    <ele>15.120000000000001</ele>
   </trkpt>
   <trkpt lat="18.240180000000002" lon="109.60423000000002">
    <ele>15.38</ele>
   </trkpt>
   <trkpt lat="18.23967" lon="109.60436000000001">
    <ele>14.620000000000001</ele>
   </trkpt>
   <trkpt lat="18.239160000000002" lon="109.60457000000001">
    <ele>14.14</ele>
   </trkpt>
   <trkpt lat="18.238750000000003" lon="109.60480000000001">
    <ele>12.860000000000001</ele>
   </trkpt>
   <trkpt lat="18.23826" lon="109.60516000000001">
    <ele>11.71</ele>
   </trkpt>
   <trkpt lat="18.237820000000003" lon="109.60567">
    <ele>11.3</ele>
   </trkpt>
   <trkpt lat="18.237560000000002" lon="109.60605000000001">
    <ele>11.4</ele>
   </trkpt>
   <trkpt lat="18.237280000000002" lon="109.60667000000001">
    <ele>11.520000000000001</ele>
   </trkpt>
   <trkpt lat="18.23712" lon="109.60719">
    <ele>11.64</ele>
   </trkpt>
   <trkpt lat="18.23705" lon="109.60769">
    <ele>11.46</ele>
   </trkpt>
   <trkpt lat="18.237010000583915" lon="109.60816500012493">
    <ele>10.85</ele>
   </trkpt>
   <trkpt lat="18.236970000000003" lon="109.60864000000001">
    <ele>10.280000000000001</ele>
   </trkpt>
   <trkpt lat="18.236890000000002" lon="109.60916">
    <ele>9.170000000000002</ele>
   </trkpt>
   <trkpt lat="18.23673" lon="109.6097">
    <ele>8.34</ele>
   </trkpt>
   <trkpt lat="18.236430000000002" lon="109.61033">
    <ele>7.7</ele>
   </trkpt>
   <trkpt lat="18.23636" lon="109.61057000000001">
    <ele>7.6000000000000005</ele>
   </trkpt>
   <trkpt lat="18.235970002037384" lon="109.61119000271198">
    <ele>6.090000000000001</ele>
   </trkpt>
   <trkpt lat="18.23558000208074" lon="109.61181000264301">
    <ele>5.710000000000001</ele>
   </trkpt>
   <trkpt lat="18.235190000000003" lon="109.61243">
    <ele>6.42</ele>
   </trkpt>
   <trkpt lat="18.235030000000002" lon="109.61292">
    <ele>6.66</ele>
   </trkpt>
   <trkpt lat="18.23466" lon="109.61359">
    <ele>7.5200000000000005</ele>
   </trkpt>
   <trkpt lat="18.234180000000002" lon="109.61410000000001">
    <ele>8.110000000000001</ele>
   </trkpt>
   <trkpt lat="18.23419" lon="109.61410000000001">
    <ele>8.110000000000001</ele>
   </trkpt>
   <trkpt lat="18.2341" lon="109.61420000000001">
    <ele>8.219999999999999</ele>
   </trkpt>
   <trkpt lat="18.233790004583327" lon="109.61496750410313">
    <ele>8.280000000000001</ele>
   </trkpt>
   <trkpt lat="18.233480006111282" lon="109.61573500547024">
    <ele>8.09</ele>
   </trkpt>
   <trkpt lat="18.233170004583954" lon="109.61650250410138">
    <ele>7.92</ele>
   </trkpt>
   <trkpt lat="18.232860000000002" lon="109.61727">
    <ele>8.540000000000001</ele>
   </trkpt>
   <trkpt lat="18.232235000034528" lon="109.61701999905065">
    <ele>7.33</ele>
   </trkpt>
   <trkpt lat="18.23161" lon="109.61677">
    <ele>6.710000000000001</ele>
   </trkpt>
   <trkpt lat="18.231250000000003" lon="109.61654000000001">
    <ele>6.670000000000001</ele>
   </trkpt>
   <trkpt lat="18.23058000056683" lon="109.6160799982407">
    <ele>6.960000000000001</ele>
   </trkpt>
   <trkpt lat="18.22991" lon="109.61562">
    <ele>6.98</ele>
   </trkpt>
   <trkpt lat="18.22964" lon="109.61550000000001">
    <ele>7.180000000000001</ele>
   </trkpt>
   <trkpt lat="18.22916" lon="109.61539">
    <ele>7.490000000000001</ele>
   </trkpt>
   <trkpt lat="18.22915" lon="109.61539">
    <ele>7.490000000000001</ele>
   </trkpt>
   <trkpt lat="18.22831" lon="109.61525">
    <ele>8.219999999999999</ele>
   </trkpt>
   <trkpt lat="18.227670000041755" lon="109.6150399992037">
    <ele>8.100000000000001</ele>
   </trkpt>
   <trkpt lat="18.227030000000003" lon="109.61483000000001">
    <ele>7.91</ele>
   </trkpt>
   <trkpt lat="18.22672" lon="109.61475000000002">
    <ele>7.78</ele>
   </trkpt>
   <trkpt lat="18.22651" lon="109.61475000000002">
    <ele>7.7700000000000005</ele>
   </trkpt>
   <trkpt lat="18.22614" lon="109.61479000000001">
    <ele>7.750000000000001</ele>
   </trkpt>
   <trkpt lat="18.225710000000003" lon="109.61492000000001">
    <ele>7.99</ele>
   </trkpt>
   <trkpt lat="18.225430000000003" lon="109.61503">
    <ele>7.99</ele>
   </trkpt>
   <trkpt lat="18.22523" lon="109.61508">
    <ele>8.26</ele>
   </trkpt>
   <trkpt lat="18.22503" lon="109.61508">
    <ele>8.26</ele>
   </trkpt>
   <trkpt lat="18.22483" lon="109.61503">
    <ele>8.23</ele>
   </trkpt>
   <trkpt lat="18.22465" lon="109.61495000000001">
    <ele>8.110000000000001</ele>
   </trkpt>
   <trkpt lat="18.224265000067064" lon="109.61469999938524">
    <ele>7.92</ele>
   </trkpt>
   <trkpt lat="18.22388" lon="109.61445">
    <ele>7.750000000000001</ele>
   </trkpt>
   <trkpt lat="18.22371" lon="109.61431">
    <ele>7.7</ele>
   </trkpt>
   <trkpt lat="18.22359" lon="109.61418">
    <ele>7.620000000000001</ele>
   </trkpt>
   <trkpt lat="18.2235" lon="109.61398000000001">
    <ele>7.65</ele>
   </trkpt>
   <trkpt lat="18.22329500098647" lon="109.61335999923959">
    <ele>8.08</ele>
   </trkpt>
   <trkpt lat="18.223090000000003" lon="109.61274">
    <ele>8.96</ele>
   </trkpt>
   <trkpt lat="18.22290500105599" lon="109.61209999929984">
    <ele>8.790000000000001</ele>
   </trkpt>
   <trkpt lat="18.222720000000002" lon="109.61146000000001">
    <ele>9.160000000000002</ele>
   </trkpt>
   <trkpt lat="18.22265000114503" lon="109.61079999988473">
    <ele>10.43</ele>
   </trkpt>
   <trkpt lat="18.22258" lon="109.61014000000002">
    <ele>9.24</ele>
   </trkpt>
   <trkpt lat="18.22251" lon="109.60991000000001">
    <ele>8.89</ele>
   </trkpt>
   <trkpt lat="18.22212" lon="109.6093">
    <ele>8.41</ele>
   </trkpt>
   <trkpt lat="18.22165" lon="109.60865000000001">
    <ele>7.82</ele>
   </trkpt>
   <trkpt lat="18.221340000305013" lon="109.60825999919312">
    <ele>7.750000000000001</ele>
   </trkpt>
   <trkpt lat="18.221030000000003" lon="109.60787">
    <ele>7.86</ele>
   </trkpt>
   <trkpt lat="18.220840000000003" lon="109.60771000000001">
    <ele>7.87</ele>
   </trkpt>
   <trkpt lat="18.22061" lon="109.6076">
    <ele>7.760000000000001</ele>
   </trkpt>
   <trkpt lat="18.21994" lon="109.60736000000001">
    <ele>7.790000000000001</ele>
   </trkpt>
   <trkpt lat="18.21909" lon="109.60724">
    <ele>7.9</ele>
   </trkpt>
   <trkpt lat="18.21872" lon="109.6072">
    <ele>7.99</ele>
   </trkpt>
   <trkpt lat="18.21852" lon="109.6072">
    <ele>8.270000000000001</ele>
   </trkpt>
   <trkpt lat="18.218220000000002" lon="109.60728">
    <ele>8.51</ele>
   </trkpt>
   <trkpt lat="18.21805" lon="109.60740000000001">
    <ele>8.530000000000001</ele>
   </trkpt>
   <trkpt lat="18.217670000384324" lon="109.60775500072099">
    <ele>8.3</ele>
   </trkpt>
   <trkpt lat="18.217290000000002" lon="109.60811000000001">
    <ele>8.280000000000001</ele>
   </trkpt>
   <trkpt lat="18.216980000000003" lon="109.60831">
    <ele>8.350000000000001</ele>
   </trkpt>
   <trkpt lat="18.21666" lon="109.60842000000001">
    <ele>8.74</ele>
   </trkpt>
   <trkpt lat="18.21584000036775" lon="109.60863750307308">
    <ele>12.8</ele>
   </trkpt>
   <trkpt lat="18.215020000490334" lon="109.60885500409736">
    <ele>17.41</ele>
   </trkpt>
   <trkpt lat="18.214200000367764" lon="109.60907250307297">
    <ele>21.41</ele>
   </trkpt>
   <trkpt lat="18.21338" lon="109.60929000000002">
    <ele>28.360000000000003</ele>
   </trkpt>
   <trkpt lat="18.213140000000003" lon="109.60940000000001">
    <ele>31.880000000000006</ele>
   </trkpt>
   <trkpt lat="18.2129" lon="109.60961">
    <ele>35.38</ele>
   </trkpt>
   <trkpt lat="18.21264" lon="109.60983">
    <ele>39.839999999999996</ele>
   </trkpt>
   <trkpt lat="18.212500000000002" lon="109.60991000000001">
    <ele>42.580000000000005</ele>
   </trkpt>
   <trkpt lat="18.21227" lon="109.60992">
    <ele>46.220000000000006</ele>
   </trkpt>
   <trkpt lat="18.21195" lon="109.60986000000001">
    <ele>48.78</ele>
   </trkpt>
   <trkpt lat="18.211355000553525" lon="109.60939499840612">
    <ele>55.02</ele>
   </trkpt>
   <trkpt lat="18.21076" lon="109.60893000000002">
    <ele>57.5</ele>
   </trkpt>
   <trkpt lat="18.210630000000002" lon="109.60885">
    <ele>57.61</ele>
   </trkpt>
   <trkpt lat="18.210520000000002" lon="109.60886">
    <ele>57.93</ele>
   </trkpt>
   <trkpt lat="18.21001" lon="109.60900000000001">
    <ele>58.99000000000001</ele>
   </trkpt>
   <trkpt lat="18.20964" lon="109.60902000000002">
    <ele>59.370000000000005</ele>
   </trkpt>
   <trkpt lat="18.20954" lon="109.60907">
    <ele>59.79</ele>
   </trkpt>
   <trkpt lat="18.209390000000003" lon="109.60927000000001">
    <ele>60.45</ele>
   </trkpt>
   <trkpt lat="18.209220000000002" lon="109.60955000000001">
    <ele>61.94</ele>
   </trkpt>
   <trkpt lat="18.20917" lon="109.60975">
    <ele>62.800000000000004</ele>
   </trkpt>
   <trkpt lat="18.209210000000002" lon="109.61018000000001">
    <ele>63.31</ele>
   </trkpt>
   <trkpt lat="18.209310000000002" lon="109.61070000000001">
    <ele>63.40000000000001</ele>
   </trkpt>
   <trkpt lat="18.209310000000002" lon="109.61078">
    <ele>63.300000000000004</ele>
   </trkpt>
   <trkpt lat="18.20927" lon="109.61088000000001">
    <ele>62.94000000000001</ele>
   </trkpt>
   <trkpt lat="18.20918" lon="109.61096">
    <ele>62.31</ele>
   </trkpt>
   <trkpt lat="18.20841" lon="109.61110000000001">
    <ele>56.330000000000005</ele>
   </trkpt>
   <trkpt lat="18.20829" lon="109.61114">
    <ele>56.330000000000005</ele>
   </trkpt>
   <trkpt lat="18.20758" lon="109.61158">
    <ele>53.99</ele>
   </trkpt>
   <trkpt lat="18.207410000000003" lon="109.61166000000001">
    <ele>54.43000000000001</ele>
   </trkpt>
   <trkpt lat="18.206954999997514" lon="109.61161499988171">
    <ele>57.330000000000005</ele>
   </trkpt>
   <trkpt lat="18.206500000000002" lon="109.61157000000001">
    <ele>62.86</ele>
   </trkpt>
   <trkpt lat="18.20635" lon="109.61145">
    <ele>65.06</ele>
   </trkpt>
   <trkpt lat="18.20618" lon="109.61127">
    <ele>67.23</ele>
   </trkpt>
   <trkpt lat="18.205920000000003" lon="109.61112000000001">
    <ele>67.8</ele>
   </trkpt>
   <trkpt lat="18.205730000000003" lon="109.61106000000001">
    <ele>67.53</ele>
   </trkpt>
   <trkpt lat="18.205340000000003" lon="109.61063000000001">
    <ele>65.77000000000001</ele>
   </trkpt>
   <trkpt lat="18.205160000000003" lon="109.61051">
    <ele>64.84</ele>
   </trkpt>
   <trkpt lat="18.20427" lon="109.61040000000001">
    <ele>59.24000000000001</ele>
   </trkpt>
   <trkpt lat="18.2041" lon="109.61040000000001">
    <ele>57.21</ele>
   </trkpt>
   <trkpt lat="18.203850000000003" lon="109.61044000000001">
    <ele>55.77</ele>
   </trkpt>
   <trkpt lat="18.203660000000003" lon="109.61038">
    <ele>52.61</ele>
   </trkpt>
   <trkpt lat="18.20341" lon="109.61022000000001">
    <ele>49.77</ele>
   </trkpt>
   <trkpt lat="18.20322" lon="109.61022000000001">
    <ele>48.78</ele>
   </trkpt>
   <trkpt lat="18.202840000000002" lon="109.61013000000001">
    <ele>47.220000000000006</ele>
   </trkpt>
   <trkpt lat="18.202560000000002" lon="109.60994000000001">
    <ele>46.19</ele>
   </trkpt>
   <trkpt lat="18.202280000000002" lon="109.60990000000001">
    <ele>46.31</ele>
   </trkpt>
   <trkpt lat="18.202060000000003" lon="109.60976000000001">
    <ele>45.95</ele>
   </trkpt>
   <trkpt lat="18.20194" lon="109.60974">
    <ele>45.36000000000001</ele>
   </trkpt>
   <trkpt lat="18.20145" lon="109.60979">
    <ele>45.1</ele>
   </trkpt>
   <trkpt lat="18.201320000000003" lon="109.60982000000001">
    <ele>45.46</ele>
   </trkpt>
   <trkpt lat="18.2012" lon="109.60988">
    <ele>46.06</ele>
   </trkpt>
   <trkpt lat="18.2011" lon="109.60990000000001">
    <ele>46.660000000000004</ele>
   </trkpt>
   <trkpt lat="18.20101" lon="109.60987000000002">
    <ele>47.470000000000006</ele>
   </trkpt>
   <trkpt lat="18.200400000000002" lon="109.60948">
    <ele>54.38</ele>
   </trkpt>
   <trkpt lat="18.20005" lon="109.60914000000001">
    <ele>57.910000000000004</ele>
   </trkpt>
   <trkpt lat="18.199820000000003" lon="109.60900000000001">
    <ele>60.42</ele>
   </trkpt>
   <trkpt lat="18.19966" lon="109.60879000000001">
    <ele>64.09</ele>
   </trkpt>
   <trkpt lat="18.19958" lon="109.60872">
    <ele>65.78</ele>
   </trkpt>
   <trkpt lat="18.199360000000002" lon="109.60862">
    <ele>67.79</ele>
   </trkpt>
   <trkpt lat="18.19892" lon="109.60823">
    <ele>67.71000000000001</ele>
   </trkpt>
   <trkpt lat="18.19836" lon="109.60758000000001">
    <ele>67.35000000000001</ele>
   </trkpt>
   <trkpt lat="18.19809" lon="109.60733">
    <ele>67.35000000000001</ele>
   </trkpt>
   <trkpt lat="18.19788" lon="109.60719">
    <ele>66.10000000000001</ele>
   </trkpt>
   <trkpt lat="18.1977" lon="109.60700000000001">
    <ele>63.32</ele>
   </trkpt>
   <trkpt lat="18.19753" lon="109.60675">
    <ele>61.03000000000001</ele>
   </trkpt>
   <trkpt lat="18.19742" lon="109.60663000000001">
    <ele>59.68</ele>
   </trkpt>
   <trkpt lat="18.19687" lon="109.60618000000001">
    <ele>51.17000000000001</ele>
   </trkpt>
   <trkpt lat="18.196445000784657" lon="109.60561999859873">
    <ele>38.290000000000006</ele>
   </trkpt>
   <trkpt lat="18.19602" lon="109.60506000000001">
    <ele>30.78</ele>
   </trkpt>
   <trkpt lat="18.19594" lon="109.60487">
    <ele>29.23</ele>
   </trkpt>
   <trkpt lat="18.19592" lon="109.60468">
    <ele>28.130000000000003</ele>
   </trkpt>
   <trkpt lat="18.195960000000003" lon="109.60442">
    <ele>25.39</ele>
   </trkpt>
   <trkpt lat="18.19603" lon="109.60414000000002">
    <ele>24.290000000000003</ele>
   </trkpt>
   <trkpt lat="18.19614" lon="109.60382000000001">
    <ele>24.07</ele>
   </trkpt>
   <trkpt lat="18.196260000000002" lon="109.60354000000001">
    <ele>24.55</ele>
   </trkpt>
   <trkpt lat="18.19614" lon="109.60382000000001">
    <ele>24.07</ele>
   </trkpt>
   <trkpt lat="18.19603" lon="109.60414000000002">
    <ele>24.450000000000003</ele>
   </trkpt>
   <trkpt lat="18.195960000000003" lon="109.60442">
    <ele>26.01</ele>
   </trkpt>
   <trkpt lat="18.19592" lon="109.60468">
    <ele>28.130000000000003</ele>
   </trkpt>
   <trkpt lat="18.19594" lon="109.60487">
    <ele>29.23</ele>
   </trkpt>
   <trkpt lat="18.19602" lon="109.60506000000001">
    <ele>30.78</ele>
   </trkpt>
   <trkpt lat="18.196445000839063" lon="109.60561999867042">
    <ele>38.290000000000006</ele>
   </trkpt>
   <trkpt lat="18.19687" lon="109.60618000000001">
    <ele>51.17000000000001</ele>
   </trkpt>
   <trkpt lat="18.19742" lon="109.60663000000001">
    <ele>60.160000000000004</ele>
   </trkpt>
   <trkpt lat="18.19753" lon="109.60675">
    <ele>61.81</ele>
   </trkpt>
   <trkpt lat="18.1977" lon="109.60700000000001">
    <ele>63.32</ele>
   </trkpt>
   <trkpt lat="18.19788" lon="109.60719">
    <ele>66.10000000000001</ele>
   </trkpt>
   <trkpt lat="18.19809" lon="109.60733">
    <ele>67.46000000000001</ele>
   </trkpt>
   <trkpt lat="18.19836" lon="109.60758000000001">
    <ele>67.35000000000001</ele>
   </trkpt>
   <trkpt lat="18.19892" lon="109.60823">
    <ele>67.71000000000001</ele>
   </trkpt>
   <trkpt lat="18.199360000000002" lon="109.60862">
    <ele>67.48</ele>
   </trkpt>
   <trkpt lat="18.19958" lon="109.60872">
    <ele>65.25</ele>
   </trkpt>
   <trkpt lat="18.19966" lon="109.60879000000001">
    <ele>64.09</ele>
   </trkpt>
   <trkpt lat="18.199820000000003" lon="109.60900000000001">
    <ele>60.42</ele>
   </trkpt>
   <trkpt lat="18.20005" lon="109.60914000000001">
    <ele>57.5</ele>
   </trkpt>
   <trkpt lat="18.200400000000002" lon="109.60948">
    <ele>54.38</ele>
   </trkpt>
   <trkpt lat="18.20101" lon="109.60987000000002">
    <ele>47.040000000000006</ele>
   </trkpt>
   <trkpt lat="18.2011" lon="109.60990000000001">
    <ele>46.34</ele>
   </trkpt>
   <trkpt lat="18.2012" lon="109.60988">
    <ele>45.82000000000001</ele>
   </trkpt>
   <trkpt lat="18.201320000000003" lon="109.60982000000001">
    <ele>45.32000000000001</ele>
   </trkpt>
   <trkpt lat="18.20145" lon="109.60979">
    <ele>45.1</ele>
   </trkpt>
   <trkpt lat="18.20194" lon="109.60974">
    <ele>45.36000000000001</ele>
   </trkpt>
   <trkpt lat="18.202060000000003" lon="109.60976000000001">
    <ele>46.080000000000005</ele>
   </trkpt>
   <trkpt lat="18.202280000000002" lon="109.60990000000001">
    <ele>46.3</ele>
   </trkpt>
   <trkpt lat="18.202560000000002" lon="109.60994000000001">
    <ele>46.24</ele>
   </trkpt>
   <trkpt lat="18.202840000000002" lon="109.61013000000001">
    <ele>47.220000000000006</ele>
   </trkpt>
   <trkpt lat="18.20322" lon="109.61022000000001">
    <ele>48.78</ele>
   </trkpt>
   <trkpt lat="18.20341" lon="109.61022000000001">
    <ele>50.43</ele>
   </trkpt>
   <trkpt lat="18.203660000000003" lon="109.61038">
    <ele>52.61</ele>
   </trkpt>
   <trkpt lat="18.203850000000003" lon="109.61044000000001">
    <ele>55.77</ele>
   </trkpt>
   <trkpt lat="18.2041" lon="109.61040000000001">
    <ele>58.06000000000001</ele>
   </trkpt>
   <trkpt lat="18.20427" lon="109.61040000000001">
    <ele>59.24000000000001</ele>
   </trkpt>
   <trkpt lat="18.205160000000003" lon="109.61051">
    <ele>64.84</ele>
   </trkpt>
   <trkpt lat="18.205340000000003" lon="109.61063000000001">
    <ele>65.91000000000001</ele>
   </trkpt>
   <trkpt lat="18.205730000000003" lon="109.61106000000001">
    <ele>67.53</ele>
   </trkpt>
   <trkpt lat="18.205920000000003" lon="109.61112000000001">
    <ele>67.84</ele>
   </trkpt>
   <trkpt lat="18.20618" lon="109.61127">
    <ele>66.96000000000001</ele>
   </trkpt>
   <trkpt lat="18.20635" lon="109.61145">
    <ele>65.06</ele>
   </trkpt>
   <trkpt lat="18.206500000000002" lon="109.61157000000001">
    <ele>62.86</ele>
   </trkpt>
   <trkpt lat="18.206955000012982" lon="109.61161499988324">
    <ele>57.330000000000005</ele>
   </trkpt>
   <trkpt lat="18.207410000000003" lon="109.61166000000001">
    <ele>54.28</ele>
   </trkpt>
   <trkpt lat="18.20758" lon="109.61158">
    <ele>53.94</ele>
   </trkpt>
   <trkpt lat="18.20829" lon="109.61114">
    <ele>56.330000000000005</ele>
   </trkpt>
   <trkpt lat="18.20841" lon="109.61110000000001">
    <ele>58.46</ele>
   </trkpt>
   <trkpt lat="18.20918" lon="109.61096">
    <ele>62.75</ele>
   </trkpt>
   <trkpt lat="18.20927" lon="109.61088000000001">
    <ele>63.09</ele>
   </trkpt>
   <trkpt lat="18.209310000000002" lon="109.61078">
    <ele>63.300000000000004</ele>
   </trkpt>
   <trkpt lat="18.209310000000002" lon="109.61070000000001">
    <ele>63.40000000000001</ele>
   </trkpt>
   <trkpt lat="18.209210000000002" lon="109.61018000000001">
    <ele>63.31</ele>
   </trkpt>
   <trkpt lat="18.20917" lon="109.60975">
    <ele>62.800000000000004</ele>
   </trkpt>
   <trkpt lat="18.209220000000002" lon="109.60955000000001">
    <ele>61.94</ele>
   </trkpt>
   <trkpt lat="18.209390000000003" lon="109.60927000000001">
    <ele>60.45</ele>
   </trkpt>
   <trkpt lat="18.20954" lon="109.60907">
    <ele>59.5</ele>
   </trkpt>
   <trkpt lat="18.20964" lon="109.60902000000002">
    <ele>59.160000000000004</ele>
   </trkpt>
   <trkpt lat="18.21001" lon="109.60900000000001">
    <ele>58.99000000000001</ele>
   </trkpt>
   <trkpt lat="18.210520000000002" lon="109.60886">
    <ele>57.61</ele>
   </trkpt>
   <trkpt lat="18.210630000000002" lon="109.60885">
    <ele>57.61</ele>
   </trkpt>
   <trkpt lat="18.21076" lon="109.60893000000002">
    <ele>57.5</ele>
   </trkpt>
   <trkpt lat="18.21135500056681" lon="109.60939499841648">
    <ele>54.44</ele>
   </trkpt>
   <trkpt lat="18.21195" lon="109.60986000000001">
    <ele>48.78</ele>
   </trkpt>
   <trkpt lat="18.21227" lon="109.60992">
    <ele>45.69</ele>
   </trkpt>
   <trkpt lat="18.212500000000002" lon="109.60991000000001">
    <ele>42.580000000000005</ele>
   </trkpt>
   <trkpt lat="18.21264" lon="109.60983">
    <ele>39.839999999999996</ele>
   </trkpt>
   <trkpt lat="18.2129" lon="109.60961">
    <ele>35.38</ele>
   </trkpt>
   <trkpt lat="18.213140000000003" lon="109.60940000000001">
    <ele>30.78</ele>
   </trkpt>
   <trkpt lat="18.21338" lon="109.60929000000002">
    <ele>28.360000000000003</ele>
   </trkpt>
   <trkpt lat="18.214200000367708" lon="109.60907250307298">
    <ele>21.41</ele>
   </trkpt>
   <trkpt lat="18.215020000490274" lon="109.60885500409739">
    <ele>15.82</ele>
   </trkpt>
   <trkpt lat="18.21584000036769" lon="109.6086375030731">
    <ele>11.080000000000002</ele>
   </trkpt>
   <trkpt lat="18.21666" lon="109.60842000000001">
    <ele>8.74</ele>
   </trkpt>
   <trkpt lat="18.216980000000003" lon="109.60831">
    <ele>8.3</ele>
   </trkpt>
   <trkpt lat="18.217290000000002" lon="109.60811000000001">
    <ele>8.280000000000001</ele>
   </trkpt>
   <trkpt lat="18.217670000268853" lon="109.60775500082886">
    <ele>8.39</ele>
   </trkpt>
   <trkpt lat="18.21805" lon="109.60740000000001">
    <ele>8.540000000000001</ele>
   </trkpt>
   <trkpt lat="18.218220000000002" lon="109.60728">
    <ele>8.51</ele>
   </trkpt>
   <trkpt lat="18.21852" lon="109.6072">
    <ele>8.270000000000001</ele>
   </trkpt>
   <trkpt lat="18.21872" lon="109.6072">
    <ele>7.99</ele>
   </trkpt>
   <trkpt lat="18.21909" lon="109.60724">
    <ele>7.9</ele>
   </trkpt>
   <trkpt lat="18.21994" lon="109.60736000000001">
    <ele>7.790000000000001</ele>
   </trkpt>
   <trkpt lat="18.22061" lon="109.6076">
    <ele>7.87</ele>
   </trkpt>
   <trkpt lat="18.220840000000003" lon="109.60771000000001">
    <ele>7.87</ele>
   </trkpt>
   <trkpt lat="18.221030000000003" lon="109.60787">
    <ele>7.86</ele>
   </trkpt>
   <trkpt lat="18.221340000483444" lon="109.60825999941763">
    <ele>7.750000000000001</ele>
   </trkpt>
   <trkpt lat="18.22165" lon="109.60865000000001">
    <ele>7.82</ele>
   </trkpt>
   <trkpt lat="18.22212" lon="109.6093">
    <ele>8.41</ele>
   </trkpt>
   <trkpt lat="18.22251" lon="109.60991000000001">
    <ele>8.89</ele>
   </trkpt>
   <trkpt lat="18.22258" lon="109.61014000000002">
    <ele>9.24</ele>
   </trkpt>
   <trkpt lat="18.222650001113173" lon="109.61079999958436">
    <ele>10.4</ele>
   </trkpt>
   <trkpt lat="18.222720000000002" lon="109.61146000000001">
    <ele>9.160000000000002</ele>
   </trkpt>
   <trkpt lat="18.222905001067453" lon="109.6120999993395">
    <ele>8.790000000000001</ele>
   </trkpt>
   <trkpt lat="18.223090000000003" lon="109.61274">
    <ele>8.96</ele>
   </trkpt>
   <trkpt lat="18.222340000000003" lon="109.61265">
    <ele>5.960000000000001</ele>
   </trkpt>
   <trkpt lat="18.221749999867665" lon="109.61260999985517">
    <ele>5.32</ele>
   </trkpt>
   <trkpt lat="18.22116" lon="109.61257">
    <ele>5.920000000000001</ele>
   </trkpt>
   <trkpt lat="18.22116" lon="109.61260000000001">
    <ele>5.920000000000001</ele>
   </trkpt>
   <trkpt lat="18.221140000000002" lon="109.61267000000001">
    <ele>5.920000000000001</ele>
   </trkpt>
   <trkpt lat="18.22105" lon="109.61271">
    <ele>6.0200000000000005</ele>
   </trkpt>
   <trkpt lat="18.221010000000003" lon="109.6127">
    <ele>6.0200000000000005</ele>
   </trkpt>
   <trkpt lat="18.221010000000003" lon="109.61306">
    <ele>5.920000000000001</ele>
   </trkpt>
   <trkpt lat="18.220950000000002" lon="109.61326000000001">
    <ele>6.11</ele>
   </trkpt>
   <trkpt lat="18.220570000000002" lon="109.61395">
    <ele>6.95</ele>
   </trkpt>
   <trkpt lat="18.22022" lon="109.61430000000001">
    <ele>7.090000000000001</ele>
   </trkpt>
   <trkpt lat="18.220160000799268" lon="109.61485000004973">
    <ele>7.65</ele>
   </trkpt>
   <trkpt lat="18.220100000000002" lon="109.61540000000001">
    <ele>9.160000000000002</ele>
   </trkpt>
   <trkpt lat="18.220180000000003" lon="109.61575">
    <ele>9.38</ele>
   </trkpt>
   <trkpt lat="18.220270000000003" lon="109.61602">
    <ele>9.22</ele>
   </trkpt>
   <trkpt lat="18.220630000601197" lon="109.61648999906531">
    <ele>8.39</ele>
   </trkpt>
   <trkpt lat="18.22099" lon="109.61696">
    <ele>8.040000000000001</ele>
   </trkpt>
   <trkpt lat="18.22155" lon="109.61756000000001">
    <ele>8.21</ele>
   </trkpt>
   <trkpt lat="18.2220125025768" lon="109.61813749537528">
    <ele>8.200000000000001</ele>
   </trkpt>
   <trkpt lat="18.222475003424737" lon="109.61871499381984">
    <ele>8.34</ele>
   </trkpt>
   <trkpt lat="18.222937502543754" lon="109.61929249533385">
    <ele>8.0</ele>
   </trkpt>
   <trkpt lat="18.2234" lon="109.61987">
    <ele>8.09</ele>
   </trkpt>
   <trkpt lat="18.22379" lon="109.62021000000001">
    <ele>8.010000000000002</ele>
   </trkpt>
   <trkpt lat="18.22447" lon="109.62049">
    <ele>8.13</ele>
   </trkpt>
   <trkpt lat="18.224969999785863" lon="109.6206149995772">
    <ele>8.040000000000001</ele>
   </trkpt>
   <trkpt lat="18.22547" lon="109.62074000000001">
    <ele>8.13</ele>
   </trkpt>
   <trkpt lat="18.226130000165597" lon="109.6210099989663">
    <ele>8.08</ele>
   </trkpt>
   <trkpt lat="18.22679" lon="109.62128000000001">
    <ele>8.219999999999999</ele>
   </trkpt>
   <trkpt lat="18.22744" lon="109.62159000000001">
    <ele>8.270000000000001</ele>
   </trkpt>
   <trkpt lat="18.22795" lon="109.62179">
    <ele>8.350000000000001</ele>
   </trkpt>
   <trkpt lat="18.228637500140035" lon="109.62190499864283">
    <ele>8.180000000000001</ele>
   </trkpt>
   <trkpt lat="18.22932500021148" lon="109.62201999819456">
    <ele>8.040000000000001</ele>
   </trkpt>
   <trkpt lat="18.230012500214357" lon="109.62213499865521">
    <ele>8.040000000000001</ele>
   </trkpt>
   <trkpt lat="18.230700000000002" lon="109.62225000000001">
    <ele>8.120000000000001</ele>
   </trkpt>
   <trkpt lat="18.230960000000003" lon="109.62232">
    <ele>8.120000000000001</ele>
   </trkpt>
   <trkpt lat="18.23093" lon="109.62270000000001">
    <ele>8.270000000000001</ele>
   </trkpt>
   <trkpt lat="18.23091400847594" lon="109.62360400035755">
    <ele>9.120000000000001</ele>
   </trkpt>
   <trkpt lat="18.230898012713677" lon="109.62450800054883">
    <ele>9.3</ele>
   </trkpt>
   <trkpt lat="18.230882012713234" lon="109.62541200057383">
    <ele>9.62</ele>
   </trkpt>
   <trkpt lat="18.2308660084746" lon="109.62631600043252">
    <ele>9.88</ele>
   </trkpt>
   <trkpt lat="18.23085" lon="109.62722000000001">
    <ele>9.81</ele>
   </trkpt>
   <trkpt lat="18.23086" lon="109.62781000000001">
    <ele>9.83</ele>
   </trkpt>
   <trkpt lat="18.23092" lon="109.62865000000001">
    <ele>9.770000000000001</ele>
   </trkpt>
   <trkpt lat="18.23101" lon="109.62919000000001">
    <ele>9.670000000000002</ele>
   </trkpt>
   <trkpt lat="18.231" lon="109.62919000000001">
    <ele>9.670000000000002</ele>
   </trkpt>
   <trkpt lat="18.231060000000003" lon="109.62953">
    <ele>9.670000000000002</ele>
   </trkpt>
   <trkpt lat="18.231160000000003" lon="109.62992000000001">
    <ele>9.66</ele>
   </trkpt>
   <trkpt lat="18.23137000383525" lon="109.63062249744247">
    <ele>9.72</ele>
   </trkpt>
   <trkpt lat="18.231580005111063" lon="109.63132499658118">
    <ele>10.0</ele>
   </trkpt>
   <trkpt lat="18.231790003827417" lon="109.63202749741613">
    <ele>10.16</ele>
   </trkpt>
   <trkpt lat="18.232000000000003" lon="109.63273000000001">
    <ele>10.48</ele>
   </trkpt>
   <trkpt lat="18.2322066686954" lon="109.63335999841213">
    <ele>10.67</ele>
   </trkpt>
   <trkpt lat="18.23241333533231" lon="109.6339899983214">
    <ele>10.530000000000001</ele>
   </trkpt>
   <trkpt lat="18.23262" lon="109.63462000000001">
    <ele>10.43</ele>
   </trkpt>
   <trkpt lat="18.232745000590864" lon="109.6350949996805">
    <ele>10.270000000000001</ele>
   </trkpt>
   <trkpt lat="18.232870000000002" lon="109.63557000000002">
    <ele>10.13</ele>
   </trkpt>
   <trkpt lat="18.232995000684877" lon="109.63608999955824">
    <ele>10.040000000000001</ele>
   </trkpt>
   <trkpt lat="18.233120000000003" lon="109.63661">
    <ele>9.940000000000001</ele>
   </trkpt>
   <trkpt lat="18.233150000000002" lon="109.63681000000001">
    <ele>9.97</ele>
   </trkpt>
   <trkpt lat="18.233150000000002" lon="109.63707000000001">
    <ele>10.120000000000001</ele>
   </trkpt>
   <trkpt lat="18.2331" lon="109.63782">
    <ele>10.370000000000001</ele>
   </trkpt>
   <trkpt lat="18.232965001826617" lon="109.63865500053373">
    <ele>10.6</ele>
   </trkpt>
   <trkpt lat="18.23283" lon="109.63949000000001">
    <ele>10.780000000000001</ele>
   </trkpt>
   <trkpt lat="18.232770000000002" lon="109.63962000000001">
    <ele>10.88</ele>
   </trkpt>
   <trkpt lat="18.232760000000003" lon="109.63976000000001">
    <ele>10.88</ele>
   </trkpt>
   <trkpt lat="18.23282" lon="109.64013000000001">
    <ele>10.84</ele>
   </trkpt>
   <trkpt lat="18.23308" lon="109.64096">
    <ele>11.15</ele>
   </trkpt>
   <trkpt lat="18.2331" lon="109.64108">
    <ele>11.3</ele>
   </trkpt>
   <trkpt lat="18.233123336791675" lon="109.64189666641663">
    <ele>11.410000000000002</ele>
   </trkpt>
   <trkpt lat="18.23314667012413" lon="109.6427133330524">
    <ele>11.31</ele>
   </trkpt>
   <trkpt lat="18.23317" lon="109.64353000000001">
    <ele>11.28</ele>
   </trkpt>
   <trkpt lat="18.233220000000003" lon="109.64435">
    <ele>11.520000000000001</ele>
   </trkpt>
   <trkpt lat="18.2333" lon="109.64495000000001">
    <ele>11.74</ele>
   </trkpt>
   <trkpt lat="18.233430000000002" lon="109.64574">
    <ele>11.950000000000001</ele>
   </trkpt>
   <trkpt lat="18.233573336412565" lon="109.64650999875222">
    <ele>12.05</ele>
   </trkpt>
   <trkpt lat="18.233716669749885" lon="109.64727999877361">
    <ele>11.91</ele>
   </trkpt>
   <trkpt lat="18.23386" lon="109.64805000000001">
    <ele>11.959999999999999</ele>
   </trkpt>
   <trkpt lat="18.233960000925045" lon="109.64864999960346">
    <ele>11.930000000000001</ele>
   </trkpt>
   <trkpt lat="18.234060000000003" lon="109.64925000000001">
    <ele>11.959999999999999</ele>
   </trkpt>
   <trkpt lat="18.23423500195142" lon="109.650119999067">
    <ele>12.090000000000002</ele>
   </trkpt>
   <trkpt lat="18.23441" lon="109.65099000000001">
    <ele>12.08</ele>
   </trkpt>
   <trkpt lat="18.2344" lon="109.65097000000002">
    <ele>12.08</ele>
   </trkpt>
   <trkpt lat="18.23452" lon="109.65154000000001">
    <ele>12.06</ele>
   </trkpt>
   <trkpt lat="18.23457" lon="109.65209000000002">
    <ele>11.88</ele>
   </trkpt>
   <trkpt lat="18.23461" lon="109.65286">
    <ele>12.08</ele>
   </trkpt>
   <trkpt lat="18.234616668746312" lon="109.6534933331959">
    <ele>13.200000000000001</ele>
   </trkpt>
   <trkpt lat="18.234623335412046" lon="109.65412666644035">
    <ele>13.950000000000001</ele>
   </trkpt>
   <trkpt lat="18.234630000000003" lon="109.65476000000001">
    <ele>14.940000000000001</ele>
   </trkpt>
   <trkpt lat="18.23471" lon="109.65484000000001">
    <ele>15.13</ele>
   </trkpt>
   <trkpt lat="18.2348" lon="109.65483">
    <ele>15.13</ele>
   </trkpt>
   <trkpt lat="18.23508333500706" lon="109.65426666844739">
    <ele>15.540000000000001</ele>
   </trkpt>
   <trkpt lat="18.23536666836802" lon="109.65370333505916">
    <ele>17.17</ele>
   </trkpt>
   <trkpt lat="18.235650000000003" lon="109.65314000000001">
    <ele>18.26</ele>
   </trkpt>
   <trkpt lat="18.23619" lon="109.65240000000001">
    <ele>19.75</ele>
   </trkpt>
   <trkpt lat="18.23638" lon="109.65231000000001">
    <ele>19.75</ele>
   </trkpt>
   <trkpt lat="18.236855000201558" lon="109.65220000026108">
    <ele>19.810000000000002</ele>
   </trkpt>
   <trkpt lat="18.23733" lon="109.65209000000002">
    <ele>19.290000000000003</ele>
   </trkpt>
   <trkpt lat="18.237940000000002" lon="109.65192">
    <ele>17.300000000000004</ele>
   </trkpt>
   <trkpt lat="18.23815" lon="109.65183">
    <ele>17.07</ele>
   </trkpt>
   <trkpt lat="18.23842" lon="109.65162000000001">
    <ele>16.18</ele>
   </trkpt>
   <trkpt lat="18.238570000000003" lon="109.65138">
    <ele>15.450000000000001</ele>
   </trkpt>
   <trkpt lat="18.238680000000002" lon="109.65110000000001">
    <ele>14.690000000000001</ele>
   </trkpt>
   <trkpt lat="18.238680000000002" lon="109.65109000000001">
    <ele>14.68</ele>
   </trkpt>
   <trkpt lat="18.23883" lon="109.65065000000001">
    <ele>13.71</ele>
   </trkpt>
   <trkpt lat="18.238870000000002" lon="109.65043000000001">
    <ele>13.250000000000002</ele>
   </trkpt>
   <trkpt lat="18.23883" lon="109.65020000000001">
    <ele>12.730000000000002</ele>
   </trkpt>
   <trkpt lat="18.23873" lon="109.65001000000001">
    <ele>12.51</ele>
   </trkpt>
   <trkpt lat="18.23852" lon="109.64982">
    <ele>12.25</ele>
   </trkpt>
   <trkpt lat="18.237695000183127" lon="109.64948999839454">
    <ele>12.270000000000001</ele>
   </trkpt>
   <trkpt lat="18.236870000000003" lon="109.64916000000001">
    <ele>12.290000000000001</ele>
   </trkpt>
   <trkpt lat="18.23618" lon="109.64876000000001">
    <ele>11.89</ele>
   </trkpt>
   <trkpt lat="18.235760000000003" lon="109.64843">
    <ele>12.42</ele>
   </trkpt>
   <trkpt lat="18.23569" lon="109.64831000000001">
    <ele>12.57</ele>
   </trkpt>
   <trkpt lat="18.23551" lon="109.64791000000001">
    <ele>13.27</ele>
   </trkpt>
   <trkpt lat="18.23542" lon="109.64759000000001">
    <ele>13.680000000000001</ele>
   </trkpt>
   <trkpt lat="18.23541" lon="109.64738000000001">
    <ele>15.21</ele>
   </trkpt>
   <trkpt lat="18.23543" lon="109.64719000000001">
    <ele>15.21</ele>
   </trkpt>
   <trkpt lat="18.235470000000003" lon="109.64705000000001">
    <ele>15.21</ele>
   </trkpt>
   <trkpt lat="18.23555" lon="109.64688000000001">
    <ele>15.72</ele>
   </trkpt>
   <trkpt lat="18.235970000000002" lon="109.64644000000001">
    <ele>16.27</ele>
   </trkpt>
   <trkpt lat="18.236545000367776" lon="109.64609000112686">
    <ele>15.600000000000001</ele>
   </trkpt>
   <trkpt lat="18.23712" lon="109.64574">
    <ele>14.470000000000002</ele>
   </trkpt>
   <trkpt lat="18.23762" lon="109.64534">
    <ele>13.44</ele>
   </trkpt>
   <trkpt lat="18.237650000000002" lon="109.64529">
    <ele>13.44</ele>
   </trkpt>
   <trkpt lat="18.237820000000003" lon="109.64505000000001">
    <ele>13.02</ele>
   </trkpt>
   <trkpt lat="18.23789" lon="109.64493">
    <ele>12.860000000000001</ele>
   </trkpt>
   <trkpt lat="18.238010000000003" lon="109.64453">
    <ele>12.41</ele>
   </trkpt>
   <trkpt lat="18.238010000000003" lon="109.64432000000001">
    <ele>12.370000000000001</ele>
   </trkpt>
   <trkpt lat="18.237920003058544" lon="109.64355333261845">
    <ele>12.860000000000001</ele>
   </trkpt>
   <trkpt lat="18.23783000306779" lon="109.64278666603053">
    <ele>13.940000000000001</ele>
   </trkpt>
   <trkpt lat="18.237740000000002" lon="109.64202">
    <ele>14.59</ele>
   </trkpt>
   <trkpt lat="18.23778" lon="109.64169000000001">
    <ele>14.870000000000001</ele>
   </trkpt>
   <trkpt lat="18.23788" lon="109.64137000000001">
    <ele>15.500000000000002</ele>
   </trkpt>
   <trkpt lat="18.23832333630237" lon="109.64061000392286">
    <ele>17.17</ele>
   </trkpt>
   <trkpt lat="18.238766669608196" lon="109.6398500039701">
    <ele>18.070000000000004</ele>
   </trkpt>
   <trkpt lat="18.23921" lon="109.63909000000001">
    <ele>16.37</ele>
   </trkpt>
   <trkpt lat="18.23948" lon="109.63861000000001">
    <ele>15.590000000000002</ele>
   </trkpt>
   <trkpt lat="18.239690000000003" lon="109.63844">
    <ele>15.55</ele>
   </trkpt>
   <trkpt lat="18.23994" lon="109.63820000000001">
    <ele>15.64</ele>
   </trkpt>
   <trkpt lat="18.24023" lon="109.63788000000001">
    <ele>15.76</ele>
   </trkpt>
   <trkpt lat="18.24067500081752" lon="109.63737000114183">
    <ele>15.97</ele>
   </trkpt>
   <trkpt lat="18.241120000000002" lon="109.63686000000001">
    <ele>16.34</ele>
   </trkpt>
   <trkpt lat="18.241657503118603" lon="109.63622750586133">
    <ele>16.42</ele>
   </trkpt>
   <trkpt lat="18.242195004161434" lon="109.63559500781136">
    <ele>15.450000000000001</ele>
   </trkpt>
   <trkpt lat="18.24273250312841" lon="109.63496250585001">
    <ele>14.83</ele>
   </trkpt>
   <trkpt lat="18.243270000000003" lon="109.63433">
    <ele>14.05</ele>
   </trkpt>
   <trkpt lat="18.243580000267666" lon="109.63397000072172">
    <ele>13.680000000000001</ele>
   </trkpt>
   <trkpt lat="18.24389" lon="109.63361">
    <ele>13.420000000000002</ele>
   </trkpt>
   <trkpt lat="18.244300000000003" lon="109.63304000000001">
    <ele>13.080000000000002</ele>
   </trkpt>
   <trkpt lat="18.24445" lon="109.63276">
    <ele>13.05</ele>
   </trkpt>
   <trkpt lat="18.244842006675672" lon="109.63195800723602">
    <ele>13.070000000000002</ele>
   </trkpt>
   <trkpt lat="18.245234010013448" lon="109.6311560108544">
    <ele>13.57</ele>
   </trkpt>
   <trkpt lat="18.245626010013247" lon="109.63035401085507">
    <ele>14.190000000000001</ele>
   </trkpt>
   <trkpt lat="18.246018006674966" lon="109.62955200723798">
    <ele>14.89</ele>
   </trkpt>
   <trkpt lat="18.24641" lon="109.62875000000001">
    <ele>15.82</ele>
   </trkpt>
   <trkpt lat="18.24661" lon="109.62827000000001">
    <ele>16.42</ele>
   </trkpt>
   <trkpt lat="18.246820000000003" lon="109.62759000000001">
    <ele>17.29</ele>
   </trkpt>
   <trkpt lat="18.24691" lon="109.62714000000001">
    <ele>17.720000000000002</ele>
   </trkpt>
   <trkpt lat="18.246950000000002" lon="109.62692000000001">
    <ele>17.85</ele>
   </trkpt>
   <trkpt lat="18.24698" lon="109.62637000000001">
    <ele>18.430000000000003</ele>
   </trkpt>
   <trkpt lat="18.246980000872966" lon="109.62579000002118">
    <ele>18.69</ele>
   </trkpt>
   <trkpt lat="18.24698" lon="109.62521000000001">
    <ele>19.23</ele>
   </trkpt>
   <trkpt lat="18.246957506624504" lon="109.62428749961484">
    <ele>19.53</ele>
   </trkpt>
   <trkpt lat="18.24693500883224" lon="109.62336499946849">
    <ele>17.61</ele>
   </trkpt>
   <trkpt lat="18.246912506623193" lon="109.622442499561">
    <ele>14.88</ele>
   </trkpt>
   <trkpt lat="18.24689" lon="109.62152">
    <ele>13.89</ele>
   </trkpt>
   <trkpt lat="18.246930000000003" lon="109.62139">
    <ele>14.100000000000001</ele>
   </trkpt>
   <trkpt lat="18.247120000000002" lon="109.62115000000001">
    <ele>14.22</ele>
   </trkpt>
   <trkpt lat="18.247320000000002" lon="109.62104000000001">
    <ele>14.22</ele>
   </trkpt>
   <trkpt lat="18.247960000000003" lon="109.62095000000001">
    <ele>13.63</ele>
   </trkpt>
   <trkpt lat="18.24831" lon="109.62087000000001">
    <ele>13.510000000000002</ele>
   </trkpt>
   <trkpt lat="18.248875000330397" lon="109.62069500049131">
    <ele>13.1</ele>
   </trkpt>
   <trkpt lat="18.24944" lon="109.62052000000001">
    <ele>12.63</ele>
   </trkpt>
   <trkpt lat="18.249930000000003" lon="109.62039000000001">
    <ele>12.8</ele>
   </trkpt>
   <trkpt lat="18.250300000000003" lon="109.62036">
    <ele>13.200000000000001</ele>
   </trkpt>
   <trkpt lat="18.250879999824235" lon="109.62040499983574">
    <ele>14.100000000000001</ele>
   </trkpt>
   <trkpt lat="18.25146" lon="109.62045">
    <ele>14.32</ele>
   </trkpt>
   <trkpt lat="18.251640000000002" lon="109.62045">
    <ele>14.41</ele>
   </trkpt>
   <trkpt lat="18.251920000000002" lon="109.62042000000001">
    <ele>14.370000000000001</ele>
   </trkpt>
   <trkpt lat="18.25215" lon="109.62039000000001">
    <ele>14.16</ele>
   </trkpt>
   <trkpt lat="18.252460000000003" lon="109.62029000000001">
    <ele>13.930000000000001</ele>
   </trkpt>
   <trkpt lat="18.253040000000002" lon="109.61996">
    <ele>13.860000000000001</ele>
   </trkpt>
   <trkpt lat="18.253805000649958" lon="109.61947500211089">
    <ele>13.680000000000001</ele>
   </trkpt>
   <trkpt lat="18.25457" lon="109.61899000000001">
    <ele>14.41</ele>
   </trkpt>
   <trkpt lat="18.25506500038597" lon="109.6186000011184">
    <ele>15.18</ele>
   </trkpt>
   <trkpt lat="18.255560000000003" lon="109.61821">
    <ele>16.400000000000002</ele>
   </trkpt>
   <trkpt lat="18.256030000000003" lon="109.61793000000002">
    <ele>16.020000000000003</ele>
   </trkpt>
   <trkpt lat="18.25664000046067" lon="109.6176333354154">
    <ele>16.25</ele>
   </trkpt>
   <trkpt lat="18.25725000046435" lon="109.61733666874696">
    <ele>16.87</ele>
   </trkpt>
   <trkpt lat="18.25786" lon="109.61704">
    <ele>16.76</ele>
   </trkpt>
   <trkpt lat="18.25816" lon="109.61697000000001">
    <ele>17.17</ele>
   </trkpt>
   <trkpt lat="18.258950000000002" lon="109.61695">
    <ele>17.94</ele>
   </trkpt>
   <trkpt lat="18.259310000000003" lon="109.61688000000001">
    <ele>17.94</ele>
   </trkpt>
   <trkpt lat="18.260060000000003" lon="109.61644000000001">
    <ele>18.14</ele>
   </trkpt>
   <trkpt lat="18.260340000000003" lon="109.61630000000001">
    <ele>18.22</ele>
   </trkpt>
   <trkpt lat="18.260720000000003" lon="109.61624">
    <ele>18.3</ele>
   </trkpt>
   <trkpt lat="18.26155" lon="109.61622000000001">
    <ele>18.82</ele>
   </trkpt>
   <trkpt lat="18.26207" lon="109.61619">
    <ele>19.040000000000003</ele>
   </trkpt>
   <trkpt lat="18.26229" lon="109.61613000000001">
    <ele>19.520000000000003</ele>
   </trkpt>
   <trkpt lat="18.26246" lon="109.61598000000001">
    <ele>19.71</ele>
   </trkpt>
   <trkpt lat="18.26281" lon="109.61523000000001">
    <ele>19.950000000000003</ele>
   </trkpt>
   <trkpt lat="18.26319" lon="109.61454">
    <ele>20.32</ele>
   </trkpt>
   <trkpt lat="18.26341" lon="109.61420000000001">
    <ele>20.610000000000003</ele>
   </trkpt>
   <trkpt lat="18.26369" lon="109.61387">
    <ele>21.630000000000003</ele>
   </trkpt>
   <trkpt lat="18.26407000036431" lon="109.61350500078134">
    <ele>23.37</ele>
   </trkpt>
   <trkpt lat="18.26445" lon="109.61314000000002">
    <ele>26.76</ele>
   </trkpt>
   <trkpt lat="18.264820000025" lon="109.61286000073196">
    <ele>28.900000000000002</ele>
   </trkpt>
   <trkpt lat="18.26519" lon="109.61258000000001">
    <ele>31.970000000000006</ele>
   </trkpt>
   <trkpt lat="18.265680000000003" lon="109.61207">
    <ele>35.39</ele>
   </trkpt>
   <trkpt lat="18.26592" lon="109.61192000000001">
    <ele>36.69</ele>
   </trkpt>
   <trkpt lat="18.26601" lon="109.61189">
    <ele>36.69</ele>
   </trkpt>
   <trkpt lat="18.266495000032243" lon="109.61191499993173">
    <ele>38.580000000000005</ele>
   </trkpt>
   <trkpt lat="18.26698" lon="109.61194">
    <ele>39.800000000000004</ele>
   </trkpt>
   <trkpt lat="18.267380000000003" lon="109.61191000000001">
    <ele>39.980000000000004</ele>
   </trkpt>
   <trkpt lat="18.267750000000003" lon="109.6118">
    <ele>39.85</ele>
   </trkpt>
   <trkpt lat="18.2684" lon="109.6115">
    <ele>39.910000000000004</ele>
   </trkpt>
   <trkpt lat="18.26883" lon="109.61136">
    <ele>40.190000000000005</ele>
   </trkpt>
   <trkpt lat="18.26942" lon="109.61129000000001">
    <ele>39.36000000000001</ele>
   </trkpt>
   <trkpt lat="18.269830000000002" lon="109.61131">
    <ele>39.190000000000005</ele>
   </trkpt>
   <trkpt lat="18.26997" lon="109.61130000000001">
    <ele>39.190000000000005</ele>
   </trkpt>
   <trkpt lat="18.27045" lon="109.611">
    <ele>39.010000000000005</ele>
   </trkpt>
   <trkpt lat="18.270990000090837" lon="109.6108350005073">
    <ele>39.470000000000006</ele>
   </trkpt>
   <trkpt lat="18.271530000000002" lon="109.61067000000001">
    <ele>40.36</ele>
   </trkpt>
   <trkpt lat="18.27195" lon="109.61032000000002">
    <ele>40.160000000000004</ele>
   </trkpt>
   <trkpt lat="18.27242" lon="109.60998000000001">
    <ele>38.98</ele>
   </trkpt>
   <trkpt lat="18.27309" lon="109.60957">
    <ele>35.35</ele>
   </trkpt>
   <trkpt lat="18.273605000737852" lon="109.60906000145228">
    <ele>34.13</ele>
   </trkpt>
   <trkpt lat="18.27412" lon="109.60855000000001">
    <ele>34.440000000000005</ele>
   </trkpt>
   <trkpt lat="18.274645000356976" lon="109.60813500132731">
    <ele>36.15</ele>
   </trkpt>
   <trkpt lat="18.275170000000003" lon="109.60772000000001">
    <ele>42.59</ele>
   </trkpt>
   <trkpt lat="18.275570000000002" lon="109.60754000000001">
    <ele>46.28</ele>
   </trkpt>
   <trkpt lat="18.27623" lon="109.60731000000001">
    <ele>47.42</ele>
   </trkpt>
   <trkpt lat="18.27691" lon="109.60713000000001">
    <ele>48.88</ele>
   </trkpt>
   <trkpt lat="18.27731" lon="109.60700000000001">
    <ele>51.160000000000004</ele>
   </trkpt>
   <trkpt lat="18.27731" lon="109.60687000000001">
    <ele>51.550000000000004</ele>
   </trkpt>
   <trkpt lat="18.27739" lon="109.60610000000001">
    <ele>50.730000000000004</ele>
   </trkpt>
   <trkpt lat="18.277520000000003" lon="109.60549">
    <ele>51.120000000000005</ele>
   </trkpt>
   <trkpt lat="18.277620000000002" lon="109.60519000000001">
    <ele>51.39</ele>
   </trkpt>
   <trkpt lat="18.27776" lon="109.60488000000001">
    <ele>51.65</ele>
   </trkpt>
   <trkpt lat="18.278105001619146" lon="109.60408500163501">
    <ele>49.82</ele>
   </trkpt>
   <trkpt lat="18.278450000000003" lon="109.60329000000002">
    <ele>46.690000000000005</ele>
   </trkpt>
   <trkpt lat="18.278750003210032" lon="109.60265000328559">
    <ele>45.2</ele>
   </trkpt>
   <trkpt lat="18.279050004291033" lon="109.6020100043574">
    <ele>42.79</ele>
   </trkpt>
   <trkpt lat="18.279350003242968" lon="109.60137000321542">
    <ele>38.43000000000001</ele>
   </trkpt>
   <trkpt lat="18.27965" lon="109.60073000000001">
    <ele>35.410000000000004</ele>
   </trkpt>
   <trkpt lat="18.280040000000003" lon="109.60000000000001">
    <ele>32.53</ele>
   </trkpt>
   <trkpt lat="18.280450000000002" lon="109.59936">
    <ele>30.520000000000003</ele>
   </trkpt>
   <trkpt lat="18.28095" lon="109.59864">
    <ele>28.96</ele>
   </trkpt>
   <trkpt lat="18.281442504241877" lon="109.59790000634663">
    <ele>27.22</ele>
   </trkpt>
   <trkpt lat="18.281935005637084" lon="109.59716000849053">
    <ele>25.0</ele>
   </trkpt>
   <trkpt lat="18.282427504185517" lon="109.5964200064316">
    <ele>22.990000000000002</ele>
   </trkpt>
   <trkpt lat="18.28292" lon="109.59568000000002">
    <ele>21.57</ele>
   </trkpt>
   <trkpt lat="18.283350000000002" lon="109.59485000000001">
    <ele>20.1</ele>
   </trkpt>
   <trkpt lat="18.283430000000003" lon="109.59459000000001">
    <ele>20.1</ele>
   </trkpt>
   <trkpt lat="18.28355" lon="109.59403">
    <ele>18.62</ele>
   </trkpt>
   <trkpt lat="18.28359" lon="109.59361000000001">
    <ele>17.92</ele>
   </trkpt>
   <trkpt lat="18.2836" lon="109.59308000000001">
    <ele>15.98</ele>
   </trkpt>
   <trkpt lat="18.283598007798062" lon="109.59221399995046">
    <ele>13.89</ele>
   </trkpt>
   <trkpt lat="18.28359601169709" lon="109.59134799992083">
    <ele>12.860000000000001</ele>
   </trkpt>
   <trkpt lat="18.28359401169707" lon="109.59048199991115">
    <ele>13.430000000000001</ele>
   </trkpt>
   <trkpt lat="18.283592007798" lon="109.58961599992148">
    <ele>13.65</ele>
   </trkpt>
   <trkpt lat="18.28359" lon="109.58875">
    <ele>13.860000000000001</ele>
   </trkpt>
   <trkpt lat="18.283582505801206" lon="109.58788749986772">
    <ele>14.020000000000001</ele>
   </trkpt>
   <trkpt lat="18.28357500773482" lon="109.58702499981001">
    <ele>14.46</ele>
   </trkpt>
   <trkpt lat="18.28356750580085" lon="109.58616249982688">
    <ele>15.170000000000002</ele>
   </trkpt>
   <trkpt lat="18.28356" lon="109.5853">
    <ele>16.740000000000002</ele>
   </trkpt>
   <trkpt lat="18.283510000000003" lon="109.58487000000001">
    <ele>17.29</ele>
   </trkpt>
   <trkpt lat="18.2834" lon="109.58431">
    <ele>17.34</ele>
   </trkpt>
   <trkpt lat="18.28322666859135" lon="109.58369999874597">
    <ele>17.150000000000002</ele>
   </trkpt>
   <trkpt lat="18.283053335248173" lon="109.58308999871134">
    <ele>17.67</ele>
   </trkpt>
   <trkpt lat="18.282880000000002" lon="109.58248">
    <ele>17.580000000000002</ele>
   </trkpt>
   <trkpt lat="18.28283" lon="109.58214000000001">
    <ele>17.040000000000003</ele>
   </trkpt>
   <trkpt lat="18.282770000000003" lon="109.58184000000001">
    <ele>17.25</ele>
   </trkpt>
   <trkpt lat="18.28262" lon="109.58135000000001">
    <ele>17.040000000000003</ele>
   </trkpt>
   <trkpt lat="18.282500000000002" lon="109.58111000000001">
    <ele>16.880000000000003</ele>
   </trkpt>
   <trkpt lat="18.28236" lon="109.58075000000001">
    <ele>16.57</ele>
   </trkpt>
   <trkpt lat="18.282200000000003" lon="109.58014000000001">
    <ele>15.940000000000003</ele>
   </trkpt>
   <trkpt lat="18.282200000000003" lon="109.58013000000001">
    <ele>15.93</ele>
   </trkpt>
   <trkpt lat="18.282040000985184" lon="109.57950499930553">
    <ele>15.360000000000001</ele>
   </trkpt>
   <trkpt lat="18.28188" lon="109.57888000000001">
    <ele>14.67</ele>
   </trkpt>
   <trkpt lat="18.28178" lon="109.57833000000001">
    <ele>14.31</ele>
   </trkpt>
   <trkpt lat="18.281730000000003" lon="109.57759000000001">
    <ele>13.89</ele>
   </trkpt>
   <trkpt lat="18.281730000000003" lon="109.57703000000001">
    <ele>13.39</ele>
   </trkpt>
   <trkpt lat="18.28179" lon="109.57653">
    <ele>12.440000000000001</ele>
   </trkpt>
   <trkpt lat="18.281920000000003" lon="109.57579000000001">
    <ele>11.680000000000001</ele>
   </trkpt>
   <trkpt lat="18.28213500946423" lon="109.57493667195533">
    <ele>11.600000000000001</ele>
   </trkpt>
   <trkpt lat="18.282350015142935" lon="109.57408334179479">
    <ele>11.1</ele>
   </trkpt>
   <trkpt lat="18.28256501703606" lon="109.57323000951844">
    <ele>10.97</ele>
   </trkpt>
   <trkpt lat="18.282780015143555" lon="109.57237667512625">
    <ele>11.1</ele>
   </trkpt>
   <trkpt lat="18.282995009465356" lon="109.57152333861825">
    <ele>11.23</ele>
   </trkpt>
   <trkpt lat="18.28321" lon="109.57067">
    <ele>11.71</ele>
   </trkpt>
   <trkpt lat="18.28342601678425" lon="109.56982300949629">
    <ele>12.4</ele>
   </trkpt>
   <trkpt lat="18.28364202983877" lon="109.56897601688246">
    <ele>13.32</ele>
   </trkpt>
   <trkpt lat="18.283858039163498" lon="109.5681290221585">
    <ele>14.74</ele>
   </trkpt>
   <trkpt lat="18.28407404475839" lon="109.56728202532447">
    <ele>16.310000000000002</ele>
   </trkpt>
   <trkpt lat="18.284290046623386" lon="109.56643502638029">
    <ele>17.76</ele>
   </trkpt>
   <trkpt lat="18.284506044758434" lon="109.56558802532605">
    <ele>18.39</ele>
   </trkpt>
   <trkpt lat="18.284722039163466" lon="109.5647410221617">
    <ele>20.009999999999998</ele>
   </trkpt>
   <trkpt lat="18.284938029838436" lon="109.56389401688725">
    <ele>21.71</ele>
   </trkpt>
   <trkpt lat="18.28515401678328" lon="109.5630470095027">
    <ele>22.950000000000003</ele>
   </trkpt>
   <trkpt lat="18.28537" lon="109.5622">
    <ele>24.220000000000002</ele>
   </trkpt>
   <trkpt lat="18.28554333573892" lon="109.56151666812079">
    <ele>24.34</ele>
   </trkpt>
   <trkpt lat="18.285716669049965" lon="109.56083333487537">
    <ele>24.73</ele>
   </trkpt>
   <trkpt lat="18.285890000000002" lon="109.56015000000001">
    <ele>24.380000000000003</ele>
   </trkpt>
   <trkpt lat="18.28606000104676" lon="109.55951500062837">
    <ele>24.01</ele>
   </trkpt>
   <trkpt lat="18.28623" lon="109.55888">
    <ele>23.76</ele>
   </trkpt>
   <trkpt lat="18.28642000112674" lon="109.55822000074326">
    <ele>23.360000000000003</ele>
   </trkpt>
   <trkpt lat="18.286610000000003" lon="109.55756000000001">
    <ele>23.180000000000003</ele>
   </trkpt>
   <trkpt lat="18.286795000866796" lon="109.55698000064338">
    <ele>22.76</ele>
   </trkpt>
   <trkpt lat="18.28698" lon="109.55640000000001">
    <ele>22.55</ele>
   </trkpt>
   <trkpt lat="18.287205000979675" lon="109.55578000085904">
    <ele>22.27</ele>
   </trkpt>
   <trkpt lat="18.28743" lon="109.55516000000001">
    <ele>21.290000000000003</ele>
   </trkpt>
   <trkpt lat="18.287770000000002" lon="109.55431000000002">
    <ele>21.220000000000002</ele>
   </trkpt>
   <trkpt lat="18.28800000076104" lon="109.55379000055876">
    <ele>21.07</ele>
   </trkpt>
   <trkpt lat="18.288230000000002" lon="109.55327000000001">
    <ele>21.05</ele>
   </trkpt>
   <trkpt lat="18.288580001421703" lon="109.55254500134977">
    <ele>20.720000000000002</ele>
   </trkpt>
   <trkpt lat="18.28893" lon="109.55182">
    <ele>20.07</ele>
   </trkpt>
   <trkpt lat="18.28931250417199" lon="109.55109000480363">
    <ele>19.450000000000003</ele>
   </trkpt>
   <trkpt lat="18.289695005572693" lon="109.55036000638579">
    <ele>19.03</ele>
   </trkpt>
   <trkpt lat="18.29007750420204" lon="109.54963000474646">
    <ele>18.7</ele>
   </trkpt>
   <trkpt lat="18.290460000000003" lon="109.5489">
    <ele>18.44</ele>
   </trkpt>
   <trkpt lat="18.290797503690488" lon="109.54821250400938">
    <ele>17.78</ele>
   </trkpt>
   <trkpt lat="18.2911350049228" lon="109.54752500534154">
    <ele>17.080000000000002</ele>
   </trkpt>
   <trkpt lat="18.291472503696895" lon="109.54683750399649">
    <ele>16.66</ele>
   </trkpt>
   <trkpt lat="18.29181" lon="109.54615000000001">
    <ele>16.330000000000002</ele>
   </trkpt>
   <trkpt lat="18.292180000000002" lon="109.54530000000001">
    <ele>15.850000000000003</ele>
   </trkpt>
   <trkpt lat="18.29249" lon="109.54451">
    <ele>15.250000000000002</ele>
   </trkpt>
   <trkpt lat="18.292720001050537" lon="109.5438800007858">
    <ele>14.520000000000001</ele>
   </trkpt>
   <trkpt lat="18.29295" lon="109.54325000000001">
    <ele>14.17</ele>
   </trkpt>
   <trkpt lat="18.293210002091854" lon="109.54235500131294">
    <ele>13.260000000000002</ele>
   </trkpt>
   <trkpt lat="18.293470000000003" lon="109.54146000000001">
    <ele>12.71</ele>
   </trkpt>
   <trkpt lat="18.293590000829123" lon="109.54090500025464">
    <ele>12.350000000000001</ele>
   </trkpt>
   <trkpt lat="18.29371" lon="109.54035">
    <ele>12.17</ele>
   </trkpt>
   <trkpt lat="18.29377500061391" lon="109.53987999989137">
    <ele>12.08</ele>
   </trkpt>
   <trkpt lat="18.293840000000003" lon="109.53941">
    <ele>11.950000000000001</ele>
   </trkpt>
   <trkpt lat="18.29390500107375" lon="109.5387700001566">
    <ele>11.780000000000001</ele>
   </trkpt>
   <trkpt lat="18.29397" lon="109.53813000000001">
    <ele>11.53</ele>
   </trkpt>
   <trkpt lat="18.29400000122288" lon="109.53744500006097">
    <ele>11.21</ele>
   </trkpt>
   <trkpt lat="18.294030000000003" lon="109.53676000000002">
    <ele>11.1</ele>
   </trkpt>
   <trkpt lat="18.294010000930395" lon="109.53615999975399">
    <ele>10.67</ele>
   </trkpt>
   <trkpt lat="18.29399" lon="109.53556">
    <ele>10.76</ele>
   </trkpt>
   <trkpt lat="18.293950000000002" lon="109.53499000000001">
    <ele>10.610000000000001</ele>
   </trkpt>
   <trkpt lat="18.29386500167264" lon="109.53418999968432">
    <ele>9.61</ele>
   </trkpt>
   <trkpt lat="18.29378" lon="109.53339000000001">
    <ele>9.690000000000001</ele>
   </trkpt>
   <trkpt lat="18.293630001639198" lon="109.53260499951188">
    <ele>8.990000000000002</ele>
   </trkpt>
   <trkpt lat="18.293480000000002" lon="109.53182000000001">
    <ele>8.88</ele>
   </trkpt>
   <trkpt lat="18.29329500097198" lon="109.53119499918446">
    <ele>8.67</ele>
   </trkpt>
   <trkpt lat="18.293110000000002" lon="109.53057000000001">
    <ele>8.370000000000001</ele>
   </trkpt>
   <trkpt lat="18.292935000680174" lon="109.53005499945179">
    <ele>8.34</ele>
   </trkpt>
   <trkpt lat="18.29276" lon="109.52954000000001">
    <ele>8.5</ele>
   </trkpt>
   <trkpt lat="18.292550000000002" lon="109.52901000000001">
    <ele>8.280000000000001</ele>
   </trkpt>
   <trkpt lat="18.292310000803628" lon="109.52844999919678">
    <ele>7.760000000000001</ele>
   </trkpt>
   <trkpt lat="18.292070000000002" lon="109.52789000000001">
    <ele>7.55</ele>
   </trkpt>
   <trkpt lat="18.29166" lon="109.52705">
    <ele>6.82</ele>
   </trkpt>
   <trkpt lat="18.291310000000003" lon="109.52641000000001">
    <ele>6.44</ele>
   </trkpt>
   <trkpt lat="18.29087" lon="109.52567">
    <ele>6.470000000000001</ele>
   </trkpt>
   <trkpt lat="18.290570000586733" lon="109.52519499917796">
    <ele>6.91</ele>
   </trkpt>
   <trkpt lat="18.290270000000003" lon="109.52472">
    <ele>7.800000000000001</ele>
   </trkpt>
   <trkpt lat="18.289773335814903" lon="109.524029996054">
    <ele>7.680000000000001</ele>
   </trkpt>
   <trkpt lat="18.289276669153814" lon="109.52333999606182">
    <ele>7.490000000000001</ele>
   </trkpt>
   <trkpt lat="18.288780000000003" lon="109.52265000000001">
    <ele>7.3100000000000005</ele>
   </trkpt>
   <trkpt lat="18.288305000841028" lon="109.52206999836982">
    <ele>7.0200000000000005</ele>
   </trkpt>
   <trkpt lat="18.287830000000003" lon="109.52149000000001">
    <ele>7.010000000000001</ele>
   </trkpt>
   <trkpt lat="18.287403334650094" lon="109.52098666418861">
    <ele>6.5200000000000005</ele>
   </trkpt>
   <trkpt lat="18.286976667982792" lon="109.52048333085456">
    <ele>6.630000000000001</ele>
   </trkpt>
   <trkpt lat="18.286550000000002" lon="109.51998">
    <ele>6.94</ele>
   </trkpt>
   <trkpt lat="18.28614333448939" lon="109.51950666443601">
    <ele>7.33</ele>
   </trkpt>
   <trkpt lat="18.28573666781382" lon="109.51903333109233">
    <ele>7.620000000000001</ele>
   </trkpt>
   <trkpt lat="18.285330000000002" lon="109.51856000000001">
    <ele>7.9700000000000015</ele>
   </trkpt>
   <trkpt lat="18.2847450061864" lon="109.51786998835908">
    <ele>7.99</ele>
   </trkpt>
   <trkpt lat="18.284160009897338" lon="109.51717998137384">
    <ele>8.06</ele>
   </trkpt>
   <trkpt lat="18.283575011132918" lon="109.51648997904414">
    <ele>8.32</ele>
   </trkpt>
   <trkpt lat="18.282990009893243" lon="109.5157999813698">
    <ele>8.520000000000001</ele>
   </trkpt>
   <trkpt lat="18.28240500617841" lon="109.51510998835063">
    <ele>8.88</ele>
   </trkpt>
   <trkpt lat="18.28182" lon="109.51442000000002">
    <ele>8.67</ele>
   </trkpt>
   <trkpt lat="18.2819" lon="109.51435000000001">
    <ele>8.67</ele>
   </trkpt>
   <trkpt lat="18.28135000107026" lon="109.51371499801189">
    <ele>7.69</ele>
   </trkpt>
   <trkpt lat="18.280800000000003" lon="109.51308">
    <ele>6.99</ele>
   </trkpt>
   <trkpt lat="18.280400000577618" lon="109.51260499889409">
    <ele>6.83</ele>
   </trkpt>
   <trkpt lat="18.28" lon="109.51213000000001">
    <ele>7.59</ele>
   </trkpt>
   <trkpt lat="18.27993" lon="109.51219">
    <ele>7.44</ele>
   </trkpt>
   <trkpt lat="18.27973" lon="109.51196">
    <ele>7.3100000000000005</ele>
   </trkpt>
   <trkpt lat="18.279305000667122" lon="109.51146499882245">
    <ele>6.970000000000001</ele>
   </trkpt>
   <trkpt lat="18.27888" lon="109.51097000000001">
    <ele>7.0600000000000005</ele>
   </trkpt>
   <trkpt lat="18.27829000256646" lon="109.5102633284914">
    <ele>6.59</ele>
   </trkpt>
   <trkpt lat="18.277700002537266" lon="109.50955666178989">
    <ele>6.59</ele>
   </trkpt>
   <trkpt lat="18.27711" lon="109.50885000000001">
    <ele>6.710000000000001</ele>
   </trkpt>
   <trkpt lat="18.27644000308307" lon="109.5094800073094">
    <ele>5.1000000000000005</ele>
   </trkpt>
   <trkpt lat="18.275770004103304" lon="109.51011000975268">
    <ele>5.0600000000000005</ele>
   </trkpt>
   <trkpt lat="18.2751000030608" lon="109.51074000733004">
    <ele>4.87</ele>
   </trkpt>
   <trkpt lat="18.274430000000002" lon="109.51137000000001">
    <ele>5.5600000000000005</ele>
   </trkpt>
   <trkpt lat="18.27392250175256" lon="109.5118425041345">
    <ele>4.9</ele>
   </trkpt>
   <trkpt lat="18.273415002344922" lon="109.51231500550497">
    <ele>4.800000000000001</ele>
   </trkpt>
   <trkpt lat="18.272907501777112" lon="109.5127875041115">
    <ele>4.9799999999999995</ele>
   </trkpt>
   <trkpt lat="18.2724" lon="109.51326">
    <ele>4.51</ele>
   </trkpt>
   <trkpt lat="18.272040000274306" lon="109.51354500054117">
    <ele>4.5200000000000005</ele>
   </trkpt>
   <trkpt lat="18.27168" lon="109.51383000000001">
    <ele>5.0</ele>
   </trkpt>
   <trkpt lat="18.271133333924556" lon="109.5141966690487">
    <ele>6.8100000000000005</ele>
   </trkpt>
   <trkpt lat="18.27058666715054" lon="109.51456333578734">
    <ele>7.0</ele>
   </trkpt>
   <trkpt lat="18.27004" lon="109.51493">
    <ele>5.66</ele>
   </trkpt>
   <trkpt lat="18.26949" lon="109.51525000000001">
    <ele>4.45</ele>
   </trkpt>
   <trkpt lat="18.26874" lon="109.51561000000001">
    <ele>4.99</ele>
   </trkpt>
   <trkpt lat="18.2682" lon="109.51580000000001">
    <ele>6.57</ele>
   </trkpt>
   <trkpt lat="18.26773500000217" lon="109.51593500037478">
    <ele>7.83</ele>
   </trkpt>
   <trkpt lat="18.26727" lon="109.51607000000001">
    <ele>8.530000000000001</ele>
   </trkpt>
   <trkpt lat="18.2665" lon="109.51621000000002">
    <ele>10.350000000000001</ele>
   </trkpt>
   <trkpt lat="18.26585" lon="109.51627">
    <ele>11.690000000000001</ele>
   </trkpt>
   <trkpt lat="18.265002000038397" lon="109.51632400105457">
    <ele>12.75</ele>
   </trkpt>
   <trkpt lat="18.264154000061648" lon="109.51637800158153">
    <ele>12.4</ele>
   </trkpt>
   <trkpt lat="18.26330600006975" lon="109.51643200158098">
    <ele>12.31</ele>
   </trkpt>
   <trkpt lat="18.262458000062704" lon="109.51648600105295">
    <ele>13.06</ele>
   </trkpt>
   <trkpt lat="18.26161" lon="109.51654">
    <ele>13.44</ele>
   </trkpt>
   <trkpt lat="18.261560000000003" lon="109.51652000000001">
    <ele>13.44</ele>
   </trkpt>
   <trkpt lat="18.260869999967465" lon="109.5165550001409">
    <ele>13.580000000000002</ele>
   </trkpt>
   <trkpt lat="18.260180000000002" lon="109.51659000000001">
    <ele>13.930000000000001</ele>
   </trkpt>
   <trkpt lat="18.260180000000002" lon="109.51673000000001">
    <ele>13.930000000000001</ele>
   </trkpt>
   <trkpt lat="18.260980000041744" lon="109.51669000018241">
    <ele>15.56</ele>
   </trkpt>
   <trkpt lat="18.26178" lon="109.51665000000001">
    <ele>15.84</ele>
   </trkpt>
   <trkpt lat="18.262610000000002" lon="109.51661000000001">
    <ele>16.290000000000003</ele>
   </trkpt>
   <trkpt lat="18.2633560000285" lon="109.51656200082473">
    <ele>15.74</ele>
   </trkpt>
   <trkpt lat="18.264102000045032" lon="109.51651400123697">
    <ele>15.14</ele>
   </trkpt>
   <trkpt lat="18.2648480000496" lon="109.5164660012367">
    <ele>14.950000000000001</ele>
   </trkpt>
   <trkpt lat="18.265594000042203" lon="109.5164180008239">
    <ele>14.58</ele>
   </trkpt>
   <trkpt lat="18.266340000000003" lon="109.51637000000001">
    <ele>13.82</ele>
   </trkpt>
   <trkpt lat="18.26699" lon="109.51626">
    <ele>12.030000000000001</ele>
   </trkpt>
   <trkpt lat="18.26764" lon="109.51612000000002">
    <ele>10.77</ele>
   </trkpt>
   <trkpt lat="18.26829" lon="109.51591">
    <ele>9.38</ele>
   </trkpt>
   <trkpt lat="18.26895" lon="109.51567000000001">
    <ele>7.72</ele>
   </trkpt>
   <trkpt lat="18.26943" lon="109.51543000000001">
    <ele>7.390000000000001</ele>
   </trkpt>
   <trkpt lat="18.27013" lon="109.51500000000001">
    <ele>7.620000000000001</ele>
   </trkpt>
   <trkpt lat="18.27004" lon="109.51493">
    <ele>5.66</ele>
   </trkpt>
   <trkpt lat="18.26949" lon="109.51525000000001">
    <ele>4.48</ele>
   </trkpt>
   <trkpt lat="18.26874" lon="109.51561000000001">
    <ele>4.99</ele>
   </trkpt>
   <trkpt lat="18.2682" lon="109.51580000000001">
    <ele>5.82</ele>
   </trkpt>
   <trkpt lat="18.26773500000217" lon="109.51593500037478">
    <ele>6.57</ele>
   </trkpt>
   <trkpt lat="18.26727" lon="109.51607000000001">
    <ele>8.110000000000001</ele>
   </trkpt>
   <trkpt lat="18.2665" lon="109.51621000000002">
    <ele>9.79</ele>
   </trkpt>
   <trkpt lat="18.26585" lon="109.51627">
    <ele>11.690000000000001</ele>
   </trkpt>
   <trkpt lat="18.265002000038397" lon="109.51632400105457">
    <ele>12.75</ele>
   </trkpt>
   <trkpt lat="18.264154000061648" lon="109.51637800158153">
    <ele>12.610000000000001</ele>
   </trkpt>
   <trkpt lat="18.26330600006975" lon="109.51643200158098">
    <ele>12.15</ele>
   </trkpt>
   <trkpt lat="18.262458000062704" lon="109.51648600105295">
    <ele>13.06</ele>
   </trkpt>
   <trkpt lat="18.26161" lon="109.51654">
    <ele>13.44</ele>
   </trkpt>
   <trkpt lat="18.261560000000003" lon="109.51652000000001">
    <ele>13.44</ele>
   </trkpt>
   <trkpt lat="18.260869999967465" lon="109.5165550001409">
    <ele>13.71</ele>
   </trkpt>
   <trkpt lat="18.260180000000002" lon="109.51659000000001">
    <ele>12.85</ele>
   </trkpt>
   <trkpt lat="18.25949249994937" lon="109.51660000011951">
    <ele>11.23</ele>
   </trkpt>
   <trkpt lat="18.258804999898217" lon="109.51661000015986">
    <ele>9.99</ele>
   </trkpt>
   <trkpt lat="18.258117499846545" lon="109.51662000012102">
    <ele>8.38</ele>
   </trkpt>
   <trkpt lat="18.257430000000003" lon="109.51663">
    <ele>7.7700000000000005</ele>
   </trkpt>
   <trkpt lat="18.25672333337187" lon="109.5166466668014">
    <ele>6.38</ele>
   </trkpt>
   <trkpt lat="18.256016666742294" lon="109.5166633334672">
    <ele>6.300000000000001</ele>
   </trkpt>
   <trkpt lat="18.25531" lon="109.51668000000001">
    <ele>6.72</ele>
   </trkpt>
   <trkpt lat="18.254478333376557" lon="109.51673500131629">
    <ele>6.220000000000001</ele>
   </trkpt>
   <trkpt lat="18.2536466667374" lon="109.5167900021059">
    <ele>6.280000000000001</ele>
   </trkpt>
   <trkpt lat="18.252815000082546" lon="109.5168450023689">
    <ele>6.180000000000001</ele>
   </trkpt>
   <trkpt lat="18.251983333411978" lon="109.5169000021053">
    <ele>6.050000000000001</ele>
   </trkpt>
   <trkpt lat="18.251151666725715" lon="109.51695500131513">
    <ele>5.930000000000001</ele>
   </trkpt>
   <trkpt lat="18.250320000000002" lon="109.51701000000001">
    <ele>5.83</ele>
   </trkpt>
   <trkpt lat="18.249864999841463" lon="109.5169949999555">
    <ele>5.83</ele>
   </trkpt>
   <trkpt lat="18.24941" lon="109.51698">
    <ele>5.620000000000001</ele>
   </trkpt>
   <trkpt lat="18.24876" lon="109.5169">
    <ele>5.540000000000001</ele>
   </trkpt>
   <trkpt lat="18.248240000000003" lon="109.5168">
    <ele>5.5</ele>
   </trkpt>
   <trkpt lat="18.247760000000003" lon="109.51668000000001">
    <ele>5.42</ele>
   </trkpt>
   <trkpt lat="18.246905000747592" lon="109.51643999409664">
    <ele>5.46</ele>
   </trkpt>
   <trkpt lat="18.246050001196217" lon="109.51619999055484">
    <ele>4.57</ele>
   </trkpt>
   <trkpt lat="18.245195001345902" lon="109.51595998937445">
    <ele>4.12</ele>
   </trkpt>
   <trkpt lat="18.244340001196665" lon="109.51571999055534">
    <ele>4.109999999999999</ele>
   </trkpt>
   <trkpt lat="18.243485000748528" lon="109.51547999409739">
    <ele>4.87</ele>
   </trkpt>
   <trkpt lat="18.242630000000002" lon="109.51524">
    <ele>5.48</ele>
   </trkpt>
   <trkpt lat="18.242050000000003" lon="109.51515">
    <ele>5.72</ele>
   </trkpt>
   <trkpt lat="18.241680000000002" lon="109.51515">
    <ele>5.960000000000001</ele>
   </trkpt>
   <trkpt lat="18.24137" lon="109.51517000000001">
    <ele>5.970000000000001</ele>
   </trkpt>
   <trkpt lat="18.24062" lon="109.51530000000001">
    <ele>5.94</ele>
   </trkpt>
   <trkpt lat="18.24004" lon="109.51548000000001">
    <ele>6.0</ele>
   </trkpt>
   <trkpt lat="18.239479999954625" lon="109.51563000051095">
    <ele>5.960000000000001</ele>
   </trkpt>
   <trkpt lat="18.23892" lon="109.51578">
    <ele>5.960000000000001</ele>
   </trkpt>
   <trkpt lat="18.23883" lon="109.51582">
    <ele>6.04</ele>
   </trkpt>
   <trkpt lat="18.23816000016714" lon="109.51600666810901">
    <ele>5.94</ele>
   </trkpt>
   <trkpt lat="18.237490000153507" lon="109.51619333477947">
    <ele>5.66</ele>
   </trkpt>
   <trkpt lat="18.23682" lon="109.51638000000001">
    <ele>5.410000000000001</ele>
   </trkpt>
   <trkpt lat="18.23646" lon="109.51641000000001">
    <ele>5.44</ele>
   </trkpt>
   <trkpt lat="18.236150000000002" lon="109.5164">
    <ele>5.3100000000000005</ele>
   </trkpt>
   <trkpt lat="18.23589" lon="109.51637000000001">
    <ele>5.16</ele>
   </trkpt>
   <trkpt lat="18.235390000000002" lon="109.51621000000002">
    <ele>5.0200000000000005</ele>
   </trkpt>
   <trkpt lat="18.235190000000003" lon="109.51612000000002">
    <ele>5.03</ele>
   </trkpt>
   <trkpt lat="18.23497" lon="109.51599">
    <ele>4.91</ele>
   </trkpt>
   <trkpt lat="18.234740000000002" lon="109.51581">
    <ele>4.91</ele>
   </trkpt>
   <trkpt lat="18.23458" lon="109.51563000000002">
    <ele>4.9</ele>
   </trkpt>
   <trkpt lat="18.234430000000003" lon="109.51538000000001">
    <ele>4.9</ele>
   </trkpt>
   <trkpt lat="18.234225000773865" lon="109.51482999932311">
    <ele>5.6000000000000005</ele>
   </trkpt>
   <trkpt lat="18.23402" lon="109.51428000000001">
    <ele>6.930000000000001</ele>
   </trkpt>
   <trkpt lat="18.23393" lon="109.51409000000001">
    <ele>7.07</ele>
   </trkpt>
   <trkpt lat="18.233800000000002" lon="109.51389">
    <ele>6.33</ele>
   </trkpt>
   <trkpt lat="18.233710000000002" lon="109.5138">
    <ele>6.33</ele>
   </trkpt>
   <trkpt lat="18.233520000000002" lon="109.51367">
    <ele>6.890000000000001</ele>
   </trkpt>
   <trkpt lat="18.233040000000003" lon="109.51358">
    <ele>6.74</ele>
   </trkpt>
   <trkpt lat="18.232680000000002" lon="109.51358">
    <ele>6.72</ele>
   </trkpt>
   <trkpt lat="18.23225" lon="109.51364000000001">
    <ele>6.69</ele>
   </trkpt>
   <trkpt lat="18.23152" lon="109.5139">
    <ele>5.9799999999999995</ele>
   </trkpt>
   <trkpt lat="18.23122" lon="109.51398">
    <ele>5.880000000000001</ele>
   </trkpt>
   <trkpt lat="18.23044" lon="109.51412">
    <ele>6.55</ele>
   </trkpt>
   <trkpt lat="18.22992" lon="109.51417000000001">
    <ele>8.530000000000001</ele>
   </trkpt>
   <trkpt lat="18.22953" lon="109.51416">
    <ele>9.330000000000002</ele>
   </trkpt>
   <trkpt lat="18.22922" lon="109.51421">
    <ele>11.250000000000002</ele>
   </trkpt>
   <trkpt lat="18.229090000000003" lon="109.51426000000001">
    <ele>11.66</ele>
   </trkpt>
   <trkpt lat="18.228990000000003" lon="109.51432000000001">
    <ele>11.9</ele>
   </trkpt>
   <trkpt lat="18.228930000000002" lon="109.51438">
    <ele>12.33</ele>
   </trkpt>
   <trkpt lat="18.22875" lon="109.51477000000001">
    <ele>14.450000000000001</ele>
   </trkpt>
   <trkpt lat="18.22857" lon="109.51500000000001">
    <ele>16.07</ele>
   </trkpt>
   <trkpt lat="18.22831" lon="109.51517000000001">
    <ele>17.01</ele>
   </trkpt>
   <trkpt lat="18.228060000000003" lon="109.51537">
    <ele>17.240000000000002</ele>
   </trkpt>
   <trkpt lat="18.22783" lon="109.51564">
    <ele>17.41</ele>
   </trkpt>
   <trkpt lat="18.227780000000003" lon="109.51573">
    <ele>17.51</ele>
   </trkpt>
   <trkpt lat="18.227360000247366" lon="109.51552499957268">
    <ele>16.69</ele>
   </trkpt>
   <trkpt lat="18.226940000000003" lon="109.51532">
    <ele>16.23</ele>
   </trkpt>
   <trkpt lat="18.226770000000002" lon="109.51521000000001">
    <ele>15.88</ele>
   </trkpt>
   <trkpt lat="18.226265000524503" lon="109.51473999859108">
    <ele>15.620000000000001</ele>
   </trkpt>
   <trkpt lat="18.22576" lon="109.51427000000001">
    <ele>15.81</ele>
   </trkpt>
   <trkpt lat="18.22539" lon="109.51371">
    <ele>16.52</ele>
   </trkpt>
   <trkpt lat="18.225086669680838" lon="109.51294999739922">
    <ele>18.340000000000003</ele>
   </trkpt>
   <trkpt lat="18.22478333636698" lon="109.51218999744808">
    <ele>21.75</ele>
   </trkpt>
   <trkpt lat="18.22448" lon="109.51143">
    <ele>26.0</ele>
   </trkpt>
   <trkpt lat="18.22436" lon="109.51127000000001">
    <ele>26.0</ele>
   </trkpt>
   <trkpt lat="18.224210000000003" lon="109.51113000000001">
    <ele>26.950000000000003</ele>
   </trkpt>
   <trkpt lat="18.22370500028243" lon="109.51081999912088">
    <ele>29.7</ele>
   </trkpt>
   <trkpt lat="18.223200000000002" lon="109.51051000000001">
    <ele>33.59</ele>
   </trkpt>
   <trkpt lat="18.222720000000002" lon="109.50979000000001">
    <ele>37.03</ele>
   </trkpt>
   <trkpt lat="18.222320000566405" lon="109.50935999910537">
    <ele>39.05</ele>
   </trkpt>
   <trkpt lat="18.22192" lon="109.50893">
    <ele>40.63</ele>
   </trkpt>
   <trkpt lat="18.221500000000002" lon="109.50839">
    <ele>42.9</ele>
   </trkpt>
   <trkpt lat="18.22137" lon="109.50803">
    <ele>44.14000000000001</ele>
   </trkpt>
   <trkpt lat="18.22136" lon="109.5074">
    <ele>46.77</ele>
   </trkpt>
   <trkpt lat="18.221330000000002" lon="109.50720000000001">
    <ele>47.550000000000004</ele>
   </trkpt>
   <trkpt lat="18.221210000000003" lon="109.50699000000002">
    <ele>48.43</ele>
   </trkpt>
   <trkpt lat="18.2208" lon="109.50649000000001">
    <ele>50.68</ele>
   </trkpt>
   <trkpt lat="18.220650000000003" lon="109.50623">
    <ele>52.02</ele>
   </trkpt>
   <trkpt lat="18.220550000000003" lon="109.50596000000002">
    <ele>52.02</ele>
   </trkpt>
   <trkpt lat="18.22052" lon="109.50564000000001">
    <ele>52.94</ele>
   </trkpt>
   <trkpt lat="18.22052" lon="109.50535">
    <ele>53.45</ele>
   </trkpt>
   <trkpt lat="18.22058" lon="109.50496000000001">
    <ele>54.27</ele>
   </trkpt>
   <trkpt lat="18.220730000000003" lon="109.50459000000001">
    <ele>54.720000000000006</ele>
   </trkpt>
   <trkpt lat="18.221070000734617" lon="109.50406000102512">
    <ele>55.31</ele>
   </trkpt>
   <trkpt lat="18.221410000000002" lon="109.50353000000001">
    <ele>55.580000000000005</ele>
   </trkpt>
   <trkpt lat="18.221785001306085" lon="109.50282500148553">
    <ele>55.96</ele>
   </trkpt>
   <trkpt lat="18.222160000000002" lon="109.50212">
    <ele>56.45</ele>
   </trkpt>
   <trkpt lat="18.2222" lon="109.50198">
    <ele>56.28</ele>
   </trkpt>
   <trkpt lat="18.2222" lon="109.50181">
    <ele>56.120000000000005</ele>
   </trkpt>
   <trkpt lat="18.222150000000003" lon="109.50144">
    <ele>55.17</ele>
   </trkpt>
   <trkpt lat="18.22204" lon="109.50112000000001">
    <ele>52.77</ele>
   </trkpt>
   <trkpt lat="18.22182" lon="109.50071000000001">
    <ele>50.440000000000005</ele>
   </trkpt>
   <trkpt lat="18.221350001326773" lon="109.50021333070174">
    <ele>45.95</ele>
   </trkpt>
   <trkpt lat="18.22088000137481" lon="109.49971666408587">
    <ele>40.150000000000006</ele>
   </trkpt>
   <trkpt lat="18.22041" lon="109.49922000000001">
    <ele>34.56</ele>
   </trkpt>
   <trkpt lat="18.220060000362857" lon="109.49888999941244">
    <ele>29.560000000000002</ele>
   </trkpt>
   <trkpt lat="18.219710000000003" lon="109.49856000000001">
    <ele>26.85</ele>
   </trkpt>
   <trkpt lat="18.219130000313815" lon="109.49819499876403">
    <ele>20.62</ele>
   </trkpt>
   <trkpt lat="18.21855" lon="109.49783000000001">
    <ele>15.98</ele>
   </trkpt>
   <trkpt lat="18.21791" lon="109.49758000000001">
    <ele>12.610000000000001</ele>
   </trkpt>
   <trkpt lat="18.21716" lon="109.49744000000001">
    <ele>10.43</ele>
   </trkpt>
   <trkpt lat="18.216540000000002" lon="109.49746">
    <ele>9.760000000000002</ele>
   </trkpt>
   <trkpt lat="18.215715000133592" lon="109.49757000050761">
    <ele>9.35</ele>
   </trkpt>
   <trkpt lat="18.21489" lon="109.49768">
    <ele>9.05</ele>
   </trkpt>
   <trkpt lat="18.21441999984782" lon="109.49774500019801">
    <ele>8.57</ele>
   </trkpt>
   <trkpt lat="18.21395" lon="109.49781000000002">
    <ele>8.57</ele>
   </trkpt>
   <trkpt lat="18.21377" lon="109.49714000000002">
    <ele>8.540000000000001</ele>
   </trkpt>
  </trkseg>
 </trk>
</gpx>
