<?xml version='1.0' encoding='UTF-8'?>
<gpx version="1.1" creator="https://www.komoot.de" xmlns="http://www.topografix.com/GPX/1/1" xmlns:xsi="http://www.w3.org/2001/XMLSchema-instance" xsi:schemaLocation="http://www.topografix.com/GPX/1/1 http://www.topografix.com/GPX/1/1/gpx.xsd">
  <metadata>
    <name>CM: Avocado +</name>
    <author>
      <link href="https://www.komoot.de">
        <text>komoot</text>
        <type>text/html</type>
      </link>
    </author>
  </metadata>
  <trk>
    <name>CM: Avocado +</name>
    <trkseg>
      <trkpt lat="18.805873" lon="98.974261">
        <ele>319.533845</ele>
        <time>2025-11-20T09:06:55.456Z</time>
      </trkpt>
      <trkpt lat="18.805603" lon="98.974168">
        <ele>319.533845</ele>
        <time>2025-11-20T09:07:27.198Z</time>
      </trkpt>
      <trkpt lat="18.805788" lon="98.972566">
        <ele>319.625472</ele>
        <time>2025-11-20T09:07:50.500Z</time>
      </trkpt>
      <trkpt lat="18.805818" lon="98.972303">
        <ele>319.650654</ele>
        <time>2025-11-20T09:07:53.898Z</time>
      </trkpt>
      <trkpt lat="18.805885" lon="98.971758">
        <ele>319.702899</ele>
        <time>2025-11-20T09:08:01.730Z</time>
      </trkpt>
      <trkpt lat="18.805967" lon="98.971103">
        <ele>320.006561</ele>
        <time>2025-11-20T09:08:12.568Z</time>
      </trkpt>
      <trkpt lat="18.805995" lon="98.971042">
        <ele>320.043302</ele>
        <time>2025-11-20T09:08:13.814Z</time>
      </trkpt>
      <trkpt lat="18.805779" lon="98.970848">
        <ele>320.205619</ele>
        <time>2025-11-20T09:08:19.229Z</time>
      </trkpt>
      <trkpt lat="18.805526" lon="98.970625">
        <ele>320.394264</ele>
        <time>2025-11-20T09:08:24.877Z</time>
      </trkpt>
      <trkpt lat="18.804985" lon="98.970161">
        <ele>320.753340</ele>
        <time>2025-11-20T09:08:36.567Z</time>
      </trkpt>
      <trkpt lat="18.804702" lon="98.969949">
        <ele>320.790273</ele>
        <time>2025-11-20T09:08:42.033Z</time>
      </trkpt>
      <trkpt lat="18.804647" lon="98.969910">
        <ele>320.797325</ele>
        <time>2025-11-20T09:08:43.144Z</time>
      </trkpt>
      <trkpt lat="18.804524" lon="98.969827">
        <ele>320.812863</ele>
        <time>2025-11-20T09:08:45.611Z</time>
      </trkpt>
      <trkpt lat="18.804200" lon="98.969608">
        <ele>320.853812</ele>
        <time>2025-11-20T09:08:53.581Z</time>
      </trkpt>
      <trkpt lat="18.803658" lon="98.969264">
        <ele>320.921125</ele>
        <time>2025-11-20T09:09:05.205Z</time>
      </trkpt>
      <trkpt lat="18.803475" lon="98.969151">
        <ele>320.971136</ele>
        <time>2025-11-20T09:09:09.633Z</time>
      </trkpt>
      <trkpt lat="18.803344" lon="98.969073">
        <ele>321.042183</ele>
        <time>2025-11-20T09:09:12.872Z</time>
      </trkpt>
      <trkpt lat="18.803200" lon="98.968864">
        <ele>321.157797</ele>
        <time>2025-11-20T09:09:18.380Z</time>
      </trkpt>
      <trkpt lat="18.803000" lon="98.968756">
        <ele>321.263920</ele>
        <time>2025-11-20T09:09:23.635Z</time>
      </trkpt>
      <trkpt lat="18.802702" lon="98.968603">
        <ele>321.420463</ele>
        <time>2025-11-20T09:09:31.053Z</time>
      </trkpt>
      <trkpt lat="18.802365" lon="98.968445">
        <ele>321.594662</ele>
        <time>2025-11-20T09:09:39.112Z</time>
      </trkpt>
      <trkpt lat="18.801453" lon="98.968017">
        <ele>322.174775</ele>
        <time>2025-11-20T09:10:02.096Z</time>
      </trkpt>
      <trkpt lat="18.801366" lon="98.967976">
        <ele>322.237204</ele>
        <time>2025-11-20T09:10:04.165Z</time>
      </trkpt>
      <trkpt lat="18.801264" lon="98.967923">
        <ele>322.311695</ele>
        <time>2025-11-20T09:10:06.716Z</time>
      </trkpt>
      <trkpt lat="18.801228" lon="98.967902">
        <ele>322.338644</ele>
        <time>2025-11-20T09:10:07.453Z</time>
      </trkpt>
      <trkpt lat="18.801168" lon="98.967870">
        <ele>322.382690</ele>
        <time>2025-11-20T09:10:08.676Z</time>
      </trkpt>
      <trkpt lat="18.800675" lon="98.967636">
        <ele>322.736876</ele>
        <time>2025-11-20T09:10:18.801Z</time>
      </trkpt>
      <trkpt lat="18.800620" lon="98.967612">
        <ele>322.775873</ele>
        <time>2025-11-20T09:10:20.027Z</time>
      </trkpt>
      <trkpt lat="18.800595" lon="98.967599">
        <ele>322.794133</ele>
        <time>2025-11-20T09:10:20.547Z</time>
      </trkpt>
      <trkpt lat="18.800086" lon="98.967415">
        <ele>322.961168</ele>
        <time>2025-11-20T09:10:29.223Z</time>
      </trkpt>
      <trkpt lat="18.799724" lon="98.967283">
        <ele>322.957014</ele>
        <time>2025-11-20T09:10:34.527Z</time>
      </trkpt>
      <trkpt lat="18.799571" lon="98.967226">
        <ele>322.955254</ele>
        <time>2025-11-20T09:10:37.010Z</time>
      </trkpt>
      <trkpt lat="18.799280" lon="98.967120">
        <ele>322.951915</ele>
        <time>2025-11-20T09:10:41.839Z</time>
      </trkpt>
      <trkpt lat="18.799078" lon="98.967045">
        <ele>322.949592</ele>
        <time>2025-11-20T09:10:44.963Z</time>
      </trkpt>
      <trkpt lat="18.798757" lon="98.966927">
        <ele>322.945905</ele>
        <time>2025-11-20T09:10:49.875Z</time>
      </trkpt>
      <trkpt lat="18.798578" lon="98.966862">
        <ele>322.940722</ele>
        <time>2025-11-20T09:10:52.424Z</time>
      </trkpt>
      <trkpt lat="18.798331" lon="98.966771">
        <ele>322.927130</ele>
        <time>2025-11-20T09:10:55.678Z</time>
      </trkpt>
      <trkpt lat="18.797729" lon="98.966534">
        <ele>322.893750</ele>
        <time>2025-11-20T09:11:04.671Z</time>
      </trkpt>
      <trkpt lat="18.797126" lon="98.966310">
        <ele>322.860539</ele>
        <time>2025-11-20T09:11:14.806Z</time>
      </trkpt>
      <trkpt lat="18.796922" lon="98.966233">
        <ele>322.860682</ele>
        <time>2025-11-20T09:11:18.244Z</time>
      </trkpt>
      <trkpt lat="18.796696" lon="98.966147">
        <ele>322.921512</ele>
        <time>2025-11-20T09:11:22.162Z</time>
      </trkpt>
      <trkpt lat="18.796337" lon="98.966008">
        <ele>323.018336</ele>
        <time>2025-11-20T09:11:27.937Z</time>
      </trkpt>
      <trkpt lat="18.796221" lon="98.965966">
        <ele>323.049388</ele>
        <time>2025-11-20T09:11:29.730Z</time>
      </trkpt>
      <trkpt lat="18.796107" lon="98.965922">
        <ele>323.080123</ele>
        <time>2025-11-20T09:11:31.548Z</time>
      </trkpt>
      <trkpt lat="18.795818" lon="98.965811">
        <ele>323.157994</ele>
        <time>2025-11-20T09:11:36.254Z</time>
      </trkpt>
      <trkpt lat="18.795536" lon="98.965703">
        <ele>323.233954</ele>
        <time>2025-11-20T09:11:41.729Z</time>
      </trkpt>
      <trkpt lat="18.795020" lon="98.965505">
        <ele>323.285030</ele>
        <time>2025-11-20T09:11:50.879Z</time>
      </trkpt>
      <trkpt lat="18.794796" lon="98.965419">
        <ele>323.265303</ele>
        <time>2025-11-20T09:11:54.213Z</time>
      </trkpt>
      <trkpt lat="18.794575" lon="98.965331">
        <ele>323.245754</ele>
        <time>2025-11-20T09:11:57.405Z</time>
      </trkpt>
      <trkpt lat="18.793879" lon="98.965084">
        <ele>323.184982</ele>
        <time>2025-11-20T09:12:07.654Z</time>
      </trkpt>
      <trkpt lat="18.793149" lon="98.964823">
        <ele>323.253845</ele>
        <time>2025-11-20T09:12:18.298Z</time>
      </trkpt>
      <trkpt lat="18.792328" lon="98.964529">
        <ele>323.441956</ele>
        <time>2025-11-20T09:12:32.872Z</time>
      </trkpt>
      <trkpt lat="18.791645" lon="98.964284">
        <ele>323.562638</ele>
        <time>2025-11-20T09:12:44.827Z</time>
      </trkpt>
      <trkpt lat="18.791376" lon="98.964188">
        <ele>323.580404</ele>
        <time>2025-11-20T09:12:49.052Z</time>
      </trkpt>
      <trkpt lat="18.791186" lon="98.964120">
        <ele>323.592957</ele>
        <time>2025-11-20T09:12:52.087Z</time>
      </trkpt>
      <trkpt lat="18.790684" lon="98.963941">
        <ele>323.626110</ele>
        <time>2025-11-20T09:12:59.510Z</time>
      </trkpt>
      <trkpt lat="18.790368" lon="98.963828">
        <ele>323.646985</ele>
        <time>2025-11-20T09:13:04.435Z</time>
      </trkpt>
      <trkpt lat="18.790224" lon="98.963775">
        <ele>323.656527</ele>
        <time>2025-11-20T09:13:06.745Z</time>
      </trkpt>
      <trkpt lat="18.790133" lon="98.963779">
        <ele>323.673767</ele>
        <time>2025-11-20T09:13:08.101Z</time>
      </trkpt>
      <trkpt lat="18.790080" lon="98.963758">
        <ele>323.703435</ele>
        <time>2025-11-20T09:13:08.872Z</time>
      </trkpt>
      <trkpt lat="18.790005" lon="98.963729">
        <ele>323.745294</ele>
        <time>2025-11-20T09:13:10.038Z</time>
      </trkpt>
      <trkpt lat="18.790024" lon="98.963656">
        <ele>323.782859</ele>
        <time>2025-11-20T09:13:11.399Z</time>
      </trkpt>
      <trkpt lat="18.790039" lon="98.963593">
        <ele>323.815092</ele>
        <time>2025-11-20T09:13:12.721Z</time>
      </trkpt>
      <trkpt lat="18.790102" lon="98.963345">
        <ele>323.942498</ele>
        <time>2025-11-20T09:13:17.920Z</time>
      </trkpt>
      <trkpt lat="18.790107" lon="98.963325">
        <ele>323.952762</ele>
        <time>2025-11-20T09:13:18.255Z</time>
      </trkpt>
      <trkpt lat="18.790206" lon="98.962965">
        <ele>324.138771</ele>
        <time>2025-11-20T09:13:24.651Z</time>
      </trkpt>
      <trkpt lat="18.790331" lon="98.962560">
        <ele>324.350134</ele>
        <time>2025-11-20T09:13:31.781Z</time>
      </trkpt>
      <trkpt lat="18.790552" lon="98.961895">
        <ele>324.683012</ele>
        <time>2025-11-20T09:13:44.006Z</time>
      </trkpt>
      <trkpt lat="18.790634" lon="98.961690">
        <ele>324.774183</ele>
        <time>2025-11-20T09:13:48.447Z</time>
      </trkpt>
      <trkpt lat="18.790670" lon="98.961584">
        <ele>324.820317</ele>
        <time>2025-11-20T09:13:50.199Z</time>
      </trkpt>
      <trkpt lat="18.790798" lon="98.961178">
        <ele>324.995622</ele>
        <time>2025-11-20T09:13:57.654Z</time>
      </trkpt>
      <trkpt lat="18.790928" lon="98.960800">
        <ele>325.160378</ele>
        <time>2025-11-20T09:14:04.606Z</time>
      </trkpt>
      <trkpt lat="18.790667" lon="98.960704">
        <ele>325.279972</ele>
        <time>2025-11-20T09:14:08.785Z</time>
      </trkpt>
      <trkpt lat="18.790292" lon="98.960571">
        <ele>325.331564</ele>
        <time>2025-11-20T09:14:14.006Z</time>
      </trkpt>
      <trkpt lat="18.790090" lon="98.960498">
        <ele>325.264906</ele>
        <time>2025-11-20T09:14:16.791Z</time>
      </trkpt>
      <trkpt lat="18.789797" lon="98.960394">
        <ele>325.168399</ele>
        <time>2025-11-20T09:14:20.895Z</time>
      </trkpt>
      <trkpt lat="18.789543" lon="98.960302">
        <ele>325.084561</ele>
        <time>2025-11-20T09:14:24.564Z</time>
      </trkpt>
      <trkpt lat="18.788835" lon="98.960052">
        <ele>324.851484</ele>
        <time>2025-11-20T09:14:34.460Z</time>
      </trkpt>
      <trkpt lat="18.788441" lon="98.959921">
        <ele>324.834162</ele>
        <time>2025-11-20T09:14:40.754Z</time>
      </trkpt>
      <trkpt lat="18.787693" lon="98.959674">
        <ele>324.869399</ele>
        <time>2025-11-20T09:14:53.736Z</time>
      </trkpt>
      <trkpt lat="18.787606" lon="98.959645">
        <ele>324.873501</ele>
        <time>2025-11-20T09:14:55.086Z</time>
      </trkpt>
      <trkpt lat="18.787189" lon="98.959495">
        <ele>324.893308</ele>
        <time>2025-11-20T09:15:01.429Z</time>
      </trkpt>
      <trkpt lat="18.786804" lon="98.959355">
        <ele>324.856833</ele>
        <time>2025-11-20T09:15:06.897Z</time>
      </trkpt>
      <trkpt lat="18.785899" lon="98.959017">
        <ele>324.677681</ele>
        <time>2025-11-20T09:15:20.183Z</time>
      </trkpt>
      <trkpt lat="18.785424" lon="98.958849">
        <ele>324.584192</ele>
        <time>2025-11-20T09:15:27.409Z</time>
      </trkpt>
      <trkpt lat="18.785213" lon="98.958773">
        <ele>324.584058</ele>
        <time>2025-11-20T09:15:30.726Z</time>
      </trkpt>
      <trkpt lat="18.784753" lon="98.958607">
        <ele>324.659042</ele>
        <time>2025-11-20T09:15:38.230Z</time>
      </trkpt>
      <trkpt lat="18.784667" lon="98.958576">
        <ele>324.673060</ele>
        <time>2025-11-20T09:15:39.640Z</time>
      </trkpt>
      <trkpt lat="18.784488" lon="98.958510">
        <ele>324.702305</ele>
        <time>2025-11-20T09:15:42.600Z</time>
      </trkpt>
      <trkpt lat="18.784293" lon="98.958454">
        <ele>324.733477</ele>
        <time>2025-11-20T09:15:45.780Z</time>
      </trkpt>
      <trkpt lat="18.784070" lon="98.958423">
        <ele>324.768172</ele>
        <time>2025-11-20T09:15:49.330Z</time>
      </trkpt>
      <trkpt lat="18.783541" lon="98.958409">
        <ele>324.859904</ele>
        <time>2025-11-20T09:15:57.567Z</time>
      </trkpt>
      <trkpt lat="18.782358" lon="98.958396">
        <ele>325.303721</ele>
        <time>2025-11-20T09:16:17.093Z</time>
      </trkpt>
      <trkpt lat="18.781799" lon="98.958393">
        <ele>325.513427</ele>
        <time>2025-11-20T09:16:26.518Z</time>
      </trkpt>
      <trkpt lat="18.781465" lon="98.958399">
        <ele>325.479373</ele>
        <time>2025-11-20T09:16:31.803Z</time>
      </trkpt>
      <trkpt lat="18.780493" lon="98.958400">
        <ele>325.364762</ele>
        <time>2025-11-20T09:16:45.823Z</time>
      </trkpt>
      <trkpt lat="18.780095" lon="98.958396">
        <ele>325.317831</ele>
        <time>2025-11-20T09:16:50.921Z</time>
      </trkpt>
      <trkpt lat="18.779568" lon="98.958342">
        <ele>325.316191</ele>
        <time>2025-11-20T09:16:57.956Z</time>
      </trkpt>
      <trkpt lat="18.779347" lon="98.958264">
        <ele>325.322118</ele>
        <time>2025-11-20T09:17:01.366Z</time>
      </trkpt>
      <trkpt lat="18.778966" lon="98.958089">
        <ele>325.332686</ele>
        <time>2025-11-20T09:17:07.738Z</time>
      </trkpt>
      <trkpt lat="18.778924" lon="98.958051">
        <ele>325.334093</ele>
        <time>2025-11-20T09:17:08.632Z</time>
      </trkpt>
      <trkpt lat="18.778657" lon="98.957821">
        <ele>325.342857</ele>
        <time>2025-11-20T09:17:14.089Z</time>
      </trkpt>
      <trkpt lat="18.778438" lon="98.957547">
        <ele>325.355720</ele>
        <time>2025-11-20T09:17:19.642Z</time>
      </trkpt>
      <trkpt lat="18.778324" lon="98.957349">
        <ele>325.431294</ele>
        <time>2025-11-20T09:17:23.304Z</time>
      </trkpt>
      <trkpt lat="18.778149" lon="98.956877">
        <ele>325.596606</ele>
        <time>2025-11-20T09:17:31.582Z</time>
      </trkpt>
      <trkpt lat="18.777552" lon="98.954414">
        <ele>326.173425</ele>
        <time>2025-11-20T09:18:09.652Z</time>
      </trkpt>
      <trkpt lat="18.777438" lon="98.954131">
        <ele>326.218107</ele>
        <time>2025-11-20T09:18:13.841Z</time>
      </trkpt>
      <trkpt lat="18.777273" lon="98.953865">
        <ele>326.221237</ele>
        <time>2025-11-20T09:18:18.283Z</time>
      </trkpt>
      <trkpt lat="18.776940" lon="98.953521">
        <ele>326.117740</ele>
        <time>2025-11-20T09:18:24.913Z</time>
      </trkpt>
      <trkpt lat="18.776483" lon="98.953198">
        <ele>325.995559</ele>
        <time>2025-11-20T09:18:32.497Z</time>
      </trkpt>
      <trkpt lat="18.775600" lon="98.952627">
        <ele>325.688749</ele>
        <time>2025-11-20T09:18:47.123Z</time>
      </trkpt>
      <trkpt lat="18.775118" lon="98.952309">
        <ele>325.443622</ele>
        <time>2025-11-20T09:18:54.552Z</time>
      </trkpt>
      <trkpt lat="18.774861" lon="98.952139">
        <ele>325.312826</ele>
        <time>2025-11-20T09:18:58.519Z</time>
      </trkpt>
      <trkpt lat="18.774202" lon="98.951804">
        <ele>324.970924</ele>
        <time>2025-11-20T09:19:08.349Z</time>
      </trkpt>
      <trkpt lat="18.773936" lon="98.951693">
        <ele>324.803404</ele>
        <time>2025-11-20T09:19:12.263Z</time>
      </trkpt>
      <trkpt lat="18.773032" lon="98.951440">
        <ele>324.255641</ele>
        <time>2025-11-20T09:19:24.341Z</time>
      </trkpt>
      <trkpt lat="18.772873" lon="98.951395">
        <ele>324.159226</ele>
        <time>2025-11-20T09:19:26.391Z</time>
      </trkpt>
      <trkpt lat="18.772219" lon="98.951212">
        <ele>323.945419</ele>
        <time>2025-11-20T09:19:34.948Z</time>
      </trkpt>
      <trkpt lat="18.771957" lon="98.951142">
        <ele>323.900480</ele>
        <time>2025-11-20T09:19:38.413Z</time>
      </trkpt>
      <trkpt lat="18.769546" lon="98.950444">
        <ele>323.730702</ele>
        <time>2025-11-20T09:20:17.418Z</time>
      </trkpt>
      <trkpt lat="18.769283" lon="98.950368">
        <ele>323.733034</ele>
        <time>2025-11-20T09:20:21.229Z</time>
      </trkpt>
      <trkpt lat="18.769150" lon="98.950329">
        <ele>323.722949</ele>
        <time>2025-11-20T09:20:23.056Z</time>
      </trkpt>
      <trkpt lat="18.768824" lon="98.950217">
        <ele>323.518642</ele>
        <time>2025-11-20T09:20:27.520Z</time>
      </trkpt>
      <trkpt lat="18.768548" lon="98.950088">
        <ele>323.338768</ele>
        <time>2025-11-20T09:20:31.373Z</time>
      </trkpt>
      <trkpt lat="18.768239" lon="98.949882">
        <ele>323.120996</ele>
        <time>2025-11-20T09:20:35.907Z</time>
      </trkpt>
      <trkpt lat="18.768044" lon="98.949727">
        <ele>322.975546</ele>
        <time>2025-11-20T09:20:38.874Z</time>
      </trkpt>
      <trkpt lat="18.766912" lon="98.948628">
        <ele>322.764804</ele>
        <time>2025-11-20T09:20:59.754Z</time>
      </trkpt>
      <trkpt lat="18.766615" lon="98.948333">
        <ele>322.806186</ele>
        <time>2025-11-20T09:21:06.582Z</time>
      </trkpt>
      <trkpt lat="18.765949" lon="98.947676">
        <ele>322.988886</ele>
        <time>2025-11-20T09:21:23.610Z</time>
      </trkpt>
      <trkpt lat="18.765523" lon="98.947244">
        <ele>323.148947</ele>
        <time>2025-11-20T09:21:32.869Z</time>
      </trkpt>
      <trkpt lat="18.765364" lon="98.947092">
        <ele>323.207071</ele>
        <time>2025-11-20T09:21:35.969Z</time>
      </trkpt>
      <trkpt lat="18.765327" lon="98.947052">
        <ele>323.221421</ele>
        <time>2025-11-20T09:21:36.722Z</time>
      </trkpt>
      <trkpt lat="18.764788" lon="98.946502">
        <ele>323.260007</ele>
        <time>2025-11-20T09:21:47.485Z</time>
      </trkpt>
      <trkpt lat="18.763927" lon="98.945666">
        <ele>323.012503</ele>
        <time>2025-11-20T09:22:03.474Z</time>
      </trkpt>
      <trkpt lat="18.763403" lon="98.945144">
        <ele>322.828448</ele>
        <time>2025-11-20T09:22:14.199Z</time>
      </trkpt>
      <trkpt lat="18.763070" lon="98.944900">
        <ele>322.713024</ele>
        <time>2025-11-20T09:22:19.845Z</time>
      </trkpt>
      <trkpt lat="18.762705" lon="98.944809">
        <ele>322.606219</ele>
        <time>2025-11-20T09:22:24.725Z</time>
      </trkpt>
      <trkpt lat="18.762038" lon="98.944730">
        <ele>322.444409</ele>
        <time>2025-11-20T09:22:33.885Z</time>
      </trkpt>
      <trkpt lat="18.761708" lon="98.944703">
        <ele>322.464331</ele>
        <time>2025-11-20T09:22:38.641Z</time>
      </trkpt>
      <trkpt lat="18.761152" lon="98.944552">
        <ele>322.498885</ele>
        <time>2025-11-20T09:22:46.757Z</time>
      </trkpt>
      <trkpt lat="18.760990" lon="98.944466">
        <ele>322.509799</ele>
        <time>2025-11-20T09:22:49.385Z</time>
      </trkpt>
      <trkpt lat="18.759722" lon="98.943634">
        <ele>322.898652</ele>
        <time>2025-11-20T09:23:14.719Z</time>
      </trkpt>
      <trkpt lat="18.759375" lon="98.943475">
        <ele>323.052080</ele>
        <time>2025-11-20T09:23:21.123Z</time>
      </trkpt>
      <trkpt lat="18.759221" lon="98.943424">
        <ele>323.117545</ele>
        <time>2025-11-20T09:23:23.792Z</time>
      </trkpt>
      <trkpt lat="18.759013" lon="98.943406">
        <ele>323.202198</ele>
        <time>2025-11-20T09:23:27.150Z</time>
      </trkpt>
      <trkpt lat="18.758869" lon="98.943394">
        <ele>323.260790</ele>
        <time>2025-11-20T09:23:29.417Z</time>
      </trkpt>
      <trkpt lat="18.758209" lon="98.943444">
        <ele>323.091944</ele>
        <time>2025-11-20T09:23:38.800Z</time>
      </trkpt>
      <trkpt lat="18.757598" lon="98.943495">
        <ele>322.909303</ele>
        <time>2025-11-20T09:23:46.742Z</time>
      </trkpt>
      <trkpt lat="18.757294" lon="98.943467">
        <ele>322.818369</ele>
        <time>2025-11-20T09:23:50.746Z</time>
      </trkpt>
      <trkpt lat="18.757088" lon="98.943398">
        <ele>322.753969</ele>
        <time>2025-11-20T09:23:53.674Z</time>
      </trkpt>
      <trkpt lat="18.756992" lon="98.943331">
        <ele>322.795428</ele>
        <time>2025-11-20T09:23:55.292Z</time>
      </trkpt>
      <trkpt lat="18.756861" lon="98.943220">
        <ele>322.922019</ele>
        <time>2025-11-20T09:23:57.731Z</time>
      </trkpt>
      <trkpt lat="18.756743" lon="98.943071">
        <ele>323.060650</ele>
        <time>2025-11-20T09:24:00.506Z</time>
      </trkpt>
      <trkpt lat="18.756666" lon="98.942935">
        <ele>323.173741</ele>
        <time>2025-11-20T09:24:02.876Z</time>
      </trkpt>
      <trkpt lat="18.756612" lon="98.942682">
        <ele>323.358838</ele>
        <time>2025-11-20T09:24:07.097Z</time>
      </trkpt>
      <trkpt lat="18.756559" lon="98.941689">
        <ele>324.068666</ele>
        <time>2025-11-20T09:24:26.265Z</time>
      </trkpt>
      <trkpt lat="18.756539" lon="98.941501">
        <ele>324.114782</ele>
        <time>2025-11-20T09:24:29.957Z</time>
      </trkpt>
      <trkpt lat="18.756452" lon="98.941309">
        <ele>324.140304</ele>
        <time>2025-11-20T09:24:33.934Z</time>
      </trkpt>
      <trkpt lat="18.756292" lon="98.941162">
        <ele>324.167159</ele>
        <time>2025-11-20T09:24:37.949Z</time>
      </trkpt>
      <trkpt lat="18.756130" lon="98.941076">
        <ele>324.190120</ele>
        <time>2025-11-20T09:24:41.190Z</time>
      </trkpt>
      <trkpt lat="18.755830" lon="98.941038">
        <ele>324.228381</ele>
        <time>2025-11-20T09:24:45.873Z</time>
      </trkpt>
      <trkpt lat="18.755142" lon="98.941218">
        <ele>324.318138</ele>
        <time>2025-11-20T09:24:54.948Z</time>
      </trkpt>
      <trkpt lat="18.754667" lon="98.941365">
        <ele>323.909234</ele>
        <time>2025-11-20T09:25:00.854Z</time>
      </trkpt>
      <trkpt lat="18.754103" lon="98.941545">
        <ele>323.358030</ele>
        <time>2025-11-20T09:25:07.703Z</time>
      </trkpt>
      <trkpt lat="18.753549" lon="98.941714">
        <ele>322.818560</ele>
        <time>2025-11-20T09:25:14.944Z</time>
      </trkpt>
      <trkpt lat="18.753227" lon="98.941808">
        <ele>322.600111</ele>
        <time>2025-11-20T09:25:19.566Z</time>
      </trkpt>
      <trkpt lat="18.753063" lon="98.941821">
        <ele>322.552776</ele>
        <time>2025-11-20T09:25:21.829Z</time>
      </trkpt>
      <trkpt lat="18.752688" lon="98.941757">
        <ele>322.443444</ele>
        <time>2025-11-20T09:25:27.042Z</time>
      </trkpt>
      <trkpt lat="18.752432" lon="98.941640">
        <ele>322.363159</ele>
        <time>2025-11-20T09:25:30.815Z</time>
      </trkpt>
      <trkpt lat="18.751726" lon="98.941185">
        <ele>322.125111</ele>
        <time>2025-11-20T09:25:42.768Z</time>
      </trkpt>
      <trkpt lat="18.751435" lon="98.941042">
        <ele>322.098164</ele>
        <time>2025-11-20T09:25:47.229Z</time>
      </trkpt>
      <trkpt lat="18.751182" lon="98.940976">
        <ele>322.076791</ele>
        <time>2025-11-20T09:25:50.841Z</time>
      </trkpt>
      <trkpt lat="18.750914" lon="98.940972">
        <ele>322.054809</ele>
        <time>2025-11-20T09:25:54.571Z</time>
      </trkpt>
      <trkpt lat="18.750413" lon="98.941050">
        <ele>322.013276</ele>
        <time>2025-11-20T09:26:02.037Z</time>
      </trkpt>
      <trkpt lat="18.749895" lon="98.941125">
        <ele>321.990699</ele>
        <time>2025-11-20T09:26:10.048Z</time>
      </trkpt>
      <trkpt lat="18.749467" lon="98.941182">
        <ele>322.068800</ele>
        <time>2025-11-20T09:26:16.607Z</time>
      </trkpt>
      <trkpt lat="18.749420" lon="98.941190">
        <ele>322.077419</ele>
        <time>2025-11-20T09:26:17.347Z</time>
      </trkpt>
      <trkpt lat="18.749276" lon="98.941198">
        <ele>322.103526</ele>
        <time>2025-11-20T09:26:19.616Z</time>
      </trkpt>
      <trkpt lat="18.749204" lon="98.941202">
        <ele>322.116579</ele>
        <time>2025-11-20T09:26:20.749Z</time>
      </trkpt>
      <trkpt lat="18.748582" lon="98.941311">
        <ele>322.230729</ele>
        <time>2025-11-20T09:26:30.776Z</time>
      </trkpt>
      <trkpt lat="18.748029" lon="98.941386">
        <ele>322.256495</ele>
        <time>2025-11-20T09:26:39.499Z</time>
      </trkpt>
      <trkpt lat="18.747524" lon="98.941458">
        <ele>322.112114</ele>
        <time>2025-11-20T09:26:46.927Z</time>
      </trkpt>
      <trkpt lat="18.747233" lon="98.941493">
        <ele>322.029131</ele>
        <time>2025-11-20T09:26:50.965Z</time>
      </trkpt>
      <trkpt lat="18.747105" lon="98.941504">
        <ele>321.992744</ele>
        <time>2025-11-20T09:26:52.662Z</time>
      </trkpt>
      <trkpt lat="18.746681" lon="98.941564">
        <ele>321.871537</ele>
        <time>2025-11-20T09:26:58.330Z</time>
      </trkpt>
      <trkpt lat="18.746057" lon="98.941641">
        <ele>321.615934</ele>
        <time>2025-11-20T09:27:06.577Z</time>
      </trkpt>
      <trkpt lat="18.745657" lon="98.941701">
        <ele>321.411928</ele>
        <time>2025-11-20T09:27:11.718Z</time>
      </trkpt>
      <trkpt lat="18.745466" lon="98.941718">
        <ele>321.315142</ele>
        <time>2025-11-20T09:27:14.127Z</time>
      </trkpt>
      <trkpt lat="18.745363" lon="98.941732">
        <ele>321.262703</ele>
        <time>2025-11-20T09:27:15.445Z</time>
      </trkpt>
      <trkpt lat="18.744926" lon="98.941785">
        <ele>321.040592</ele>
        <time>2025-11-20T09:27:21.220Z</time>
      </trkpt>
      <trkpt lat="18.744755" lon="98.941785">
        <ele>320.954246</ele>
        <time>2025-11-20T09:27:23.635Z</time>
      </trkpt>
      <trkpt lat="18.744479" lon="98.941725">
        <ele>320.880267</ele>
        <time>2025-11-20T09:27:27.687Z</time>
      </trkpt>
      <trkpt lat="18.744268" lon="98.941605">
        <ele>320.873159</ele>
        <time>2025-11-20T09:27:31.174Z</time>
      </trkpt>
      <trkpt lat="18.744098" lon="98.941449">
        <ele>320.866480</ele>
        <time>2025-11-20T09:27:34.471Z</time>
      </trkpt>
      <trkpt lat="18.743865" lon="98.941115">
        <ele>320.854829</ele>
        <time>2025-11-20T09:27:40.324Z</time>
      </trkpt>
      <trkpt lat="18.743671" lon="98.940800">
        <ele>320.844275</ele>
        <time>2025-11-20T09:27:45.839Z</time>
      </trkpt>
      <trkpt lat="18.742793" lon="98.939385">
        <ele>320.929062</ele>
        <time>2025-11-20T09:28:10.055Z</time>
      </trkpt>
      <trkpt lat="18.742677" lon="98.939199">
        <ele>320.946848</ele>
        <time>2025-11-20T09:28:13.207Z</time>
      </trkpt>
      <trkpt lat="18.742052" lon="98.938191">
        <ele>321.167031</ele>
        <time>2025-11-20T09:28:30.670Z</time>
      </trkpt>
      <trkpt lat="18.741943" lon="98.938019">
        <ele>321.217593</ele>
        <time>2025-11-20T09:28:33.798Z</time>
      </trkpt>
      <trkpt lat="18.741103" lon="98.936681">
        <ele>321.589473</ele>
        <time>2025-11-20T09:28:58.615Z</time>
      </trkpt>
      <trkpt lat="18.740541" lon="98.935800">
        <ele>321.816619</ele>
        <time>2025-11-20T09:29:14.276Z</time>
      </trkpt>
      <trkpt lat="18.740304" lon="98.935410">
        <ele>321.844864</ele>
        <time>2025-11-20T09:29:20.699Z</time>
      </trkpt>
      <trkpt lat="18.740264" lon="98.935345">
        <ele>321.842699</ele>
        <time>2025-11-20T09:29:21.763Z</time>
      </trkpt>
      <trkpt lat="18.739994" lon="98.934912">
        <ele>321.828217</ele>
        <time>2025-11-20T09:29:28.816Z</time>
      </trkpt>
      <trkpt lat="18.739847" lon="98.934679">
        <ele>321.820396</ele>
        <time>2025-11-20T09:29:32.585Z</time>
      </trkpt>
      <trkpt lat="18.739293" lon="98.933785">
        <ele>321.863405</ele>
        <time>2025-11-20T09:29:47.553Z</time>
      </trkpt>
      <trkpt lat="18.738920" lon="98.933184">
        <ele>321.998204</ele>
        <time>2025-11-20T09:29:57.665Z</time>
      </trkpt>
      <trkpt lat="18.738876" lon="98.933112">
        <ele>322.014279</ele>
        <time>2025-11-20T09:29:58.959Z</time>
      </trkpt>
      <trkpt lat="18.738797" lon="98.932991">
        <ele>322.041849</ele>
        <time>2025-11-20T09:30:01.190Z</time>
      </trkpt>
      <trkpt lat="18.739026" lon="98.932779">
        <ele>322.102178</ele>
        <time>2025-11-20T09:30:06.196Z</time>
      </trkpt>
      <trkpt lat="18.739051" lon="98.932756">
        <ele>322.108746</ele>
        <time>2025-11-20T09:30:06.771Z</time>
      </trkpt>
      <trkpt lat="18.739648" lon="98.932254">
        <ele>322.620281</ele>
        <time>2025-11-20T09:30:19.871Z</time>
      </trkpt>
      <trkpt lat="18.740737" lon="98.931392">
        <ele>323.859293</ele>
        <time>2025-11-20T09:30:45.576Z</time>
      </trkpt>
      <trkpt lat="18.741526" lon="98.930805">
        <ele>325.075435</ele>
        <time>2025-11-20T09:31:04.654Z</time>
      </trkpt>
      <trkpt lat="18.741895" lon="98.930532">
        <ele>325.643151</ele>
        <time>2025-11-20T09:31:13.775Z</time>
      </trkpt>
      <trkpt lat="18.742125" lon="98.930373">
        <ele>325.989542</ele>
        <time>2025-11-20T09:31:19.330Z</time>
      </trkpt>
      <trkpt lat="18.742813" lon="98.929894">
        <ele>327.346511</ele>
        <time>2025-11-20T09:31:36.256Z</time>
      </trkpt>
      <trkpt lat="18.743059" lon="98.929673">
        <ele>327.881862</ele>
        <time>2025-11-20T09:31:43.050Z</time>
      </trkpt>
      <trkpt lat="18.743667" lon="98.929011">
        <ele>329.445445</ele>
        <time>2025-11-20T09:32:02.871Z</time>
      </trkpt>
      <trkpt lat="18.743748" lon="98.928906">
        <ele>329.732755</ele>
        <time>2025-11-20T09:32:05.866Z</time>
      </trkpt>
      <trkpt lat="18.743828" lon="98.928734">
        <ele>330.139283</ele>
        <time>2025-11-20T09:32:10.174Z</time>
      </trkpt>
      <trkpt lat="18.743914" lon="98.928510">
        <ele>330.652059</ele>
        <time>2025-11-20T09:32:15.660Z</time>
      </trkpt>
      <trkpt lat="18.743915" lon="98.928394">
        <ele>330.898157</ele>
        <time>2025-11-20T09:32:18.294Z</time>
      </trkpt>
      <trkpt lat="18.743788" lon="98.927564">
        <ele>332.681801</ele>
        <time>2025-11-20T09:32:37.750Z</time>
      </trkpt>
      <trkpt lat="18.743773" lon="98.927379">
        <ele>333.068815</ele>
        <time>2025-11-20T09:32:42.005Z</time>
      </trkpt>
      <trkpt lat="18.743814" lon="98.927107">
        <ele>333.567334</ele>
        <time>2025-11-20T09:32:48.213Z</time>
      </trkpt>
      <trkpt lat="18.744060" lon="98.926380">
        <ele>334.964688</ele>
        <time>2025-11-20T09:33:05.393Z</time>
      </trkpt>
      <trkpt lat="18.744116" lon="98.926089">
        <ele>335.502163</ele>
        <time>2025-11-20T09:33:11.742Z</time>
      </trkpt>
      <trkpt lat="18.744099" lon="98.925809">
        <ele>336.010003</ele>
        <time>2025-11-20T09:33:17.458Z</time>
      </trkpt>
      <trkpt lat="18.743930" lon="98.925313">
        <ele>336.609890</ele>
        <time>2025-11-20T09:33:27.277Z</time>
      </trkpt>
      <trkpt lat="18.743899" lon="98.925216">
        <ele>336.663247</ele>
        <time>2025-11-20T09:33:29.050Z</time>
      </trkpt>
      <trkpt lat="18.743905" lon="98.925079">
        <ele>336.734726</ele>
        <time>2025-11-20T09:33:31.354Z</time>
      </trkpt>
      <trkpt lat="18.743856" lon="98.924807">
        <ele>336.879033</ele>
        <time>2025-11-20T09:33:35.827Z</time>
      </trkpt>
      <trkpt lat="18.743741" lon="98.924778">
        <ele>336.944106</ele>
        <time>2025-11-20T09:33:37.784Z</time>
      </trkpt>
      <trkpt lat="18.743320" lon="98.924374">
        <ele>337.257197</ele>
        <time>2025-11-20T09:33:46.967Z</time>
      </trkpt>
      <trkpt lat="18.742989" lon="98.924198">
        <ele>337.452647</ele>
        <time>2025-11-20T09:33:52.710Z</time>
      </trkpt>
      <trkpt lat="18.742655" lon="98.924092">
        <ele>337.287640</ele>
        <time>2025-11-20T09:33:57.854Z</time>
      </trkpt>
      <trkpt lat="18.742118" lon="98.924104">
        <ele>337.033515</ele>
        <time>2025-11-20T09:34:05.349Z</time>
      </trkpt>
      <trkpt lat="18.741430" lon="98.924128">
        <ele>336.707827</ele>
        <time>2025-11-20T09:34:14.117Z</time>
      </trkpt>
      <trkpt lat="18.740554" lon="98.924334">
        <ele>335.977164</ele>
        <time>2025-11-20T09:34:24.883Z</time>
      </trkpt>
      <trkpt lat="18.740261" lon="98.924321">
        <ele>335.706696</ele>
        <time>2025-11-20T09:34:28.421Z</time>
      </trkpt>
      <trkpt lat="18.740009" lon="98.924276">
        <ele>335.470980</ele>
        <time>2025-11-20T09:34:31.549Z</time>
      </trkpt>
      <trkpt lat="18.739637" lon="98.924156">
        <ele>335.112238</ele>
        <time>2025-11-20T09:34:36.456Z</time>
      </trkpt>
      <trkpt lat="18.739294" lon="98.923988">
        <ele>334.819357</ele>
        <time>2025-11-20T09:34:41.454Z</time>
      </trkpt>
      <trkpt lat="18.739049" lon="98.923877">
        <ele>334.648411</ele>
        <time>2025-11-20T09:34:45.072Z</time>
      </trkpt>
      <trkpt lat="18.738055" lon="98.923182">
        <ele>333.883988</ele>
        <time>2025-11-20T09:35:00.521Z</time>
      </trkpt>
      <trkpt lat="18.737402" lon="98.922664">
        <ele>333.785928</ele>
        <time>2025-11-20T09:35:10.846Z</time>
      </trkpt>
      <trkpt lat="18.737030" lon="98.922339">
        <ele>333.780573</ele>
        <time>2025-11-20T09:35:17.790Z</time>
      </trkpt>
      <trkpt lat="18.736796" lon="98.922055">
        <ele>333.776620</ele>
        <time>2025-11-20T09:35:23.776Z</time>
      </trkpt>
      <trkpt lat="18.736534" lon="98.921607">
        <ele>333.946509</ele>
        <time>2025-11-20T09:35:33.093Z</time>
      </trkpt>
      <trkpt lat="18.736393" lon="98.921348">
        <ele>334.174433</ele>
        <time>2025-11-20T09:35:38.664Z</time>
      </trkpt>
      <trkpt lat="18.736280" lon="98.921189">
        <ele>334.326099</ele>
        <time>2025-11-20T09:35:42.440Z</time>
      </trkpt>
      <trkpt lat="18.736117" lon="98.921023">
        <ele>334.508538</ele>
        <time>2025-11-20T09:35:46.955Z</time>
      </trkpt>
      <trkpt lat="18.735145" lon="98.920321">
        <ele>335.307338</ele>
        <time>2025-11-20T09:36:07.069Z</time>
      </trkpt>
      <trkpt lat="18.734771" lon="98.920046">
        <ele>335.440021</ele>
        <time>2025-11-20T09:36:14.092Z</time>
      </trkpt>
      <trkpt lat="18.734564" lon="98.919833">
        <ele>335.524169</ele>
        <time>2025-11-20T09:36:18.542Z</time>
      </trkpt>
      <trkpt lat="18.734011" lon="98.919185">
        <ele>335.762961</ele>
        <time>2025-11-20T09:36:31.513Z</time>
      </trkpt>
      <trkpt lat="18.733380" lon="98.918381">
        <ele>336.024264</ele>
        <time>2025-11-20T09:36:47.442Z</time>
      </trkpt>
      <trkpt lat="18.733206" lon="98.918160">
        <ele>336.096183</ele>
        <time>2025-11-20T09:36:51.877Z</time>
      </trkpt>
      <trkpt lat="18.732694" lon="98.917535">
        <ele>336.144575</ele>
        <time>2025-11-20T09:37:04.055Z</time>
      </trkpt>
      <trkpt lat="18.732518" lon="98.917351">
        <ele>336.082892</ele>
        <time>2025-11-20T09:37:07.558Z</time>
      </trkpt>
      <trkpt lat="18.732182" lon="98.917030">
        <ele>335.970041</ele>
        <time>2025-11-20T09:37:13.673Z</time>
      </trkpt>
      <trkpt lat="18.731755" lon="98.916684">
        <ele>335.835990</ele>
        <time>2025-11-20T09:37:20.806Z</time>
      </trkpt>
      <trkpt lat="18.731378" lon="98.916377">
        <ele>335.838568</ele>
        <time>2025-11-20T09:37:27.307Z</time>
      </trkpt>
      <trkpt lat="18.731139" lon="98.916132">
        <ele>335.934914</ele>
        <time>2025-11-20T09:37:32.103Z</time>
      </trkpt>
      <trkpt lat="18.731100" lon="98.916092">
        <ele>335.950640</ele>
        <time>2025-11-20T09:37:32.923Z</time>
      </trkpt>
      <trkpt lat="18.730867" lon="98.915687">
        <ele>336.080444</ele>
        <time>2025-11-20T09:37:40.184Z</time>
      </trkpt>
      <trkpt lat="18.730414" lon="98.914406">
        <ele>336.443706</ele>
        <time>2025-11-20T09:38:03.059Z</time>
      </trkpt>
      <trkpt lat="18.729811" lon="98.912824">
        <ele>336.766046</ele>
        <time>2025-11-20T09:38:27.381Z</time>
      </trkpt>
      <trkpt lat="18.729375" lon="98.911405">
        <ele>336.722722</ele>
        <time>2025-11-20T09:38:48.880Z</time>
      </trkpt>
      <trkpt lat="18.729296" lon="98.911108">
        <ele>336.481943</ele>
        <time>2025-11-20T09:38:52.773Z</time>
      </trkpt>
      <trkpt lat="18.729024" lon="98.910619">
        <ele>336.021347</ele>
        <time>2025-11-20T09:38:59.338Z</time>
      </trkpt>
      <trkpt lat="18.728801" lon="98.910340">
        <ele>335.724831</ele>
        <time>2025-11-20T09:39:03.369Z</time>
      </trkpt>
      <trkpt lat="18.728420" lon="98.909984">
        <ele>335.288524</ele>
        <time>2025-11-20T09:39:09.305Z</time>
      </trkpt>
      <trkpt lat="18.728313" lon="98.909804">
        <ele>335.178881</ele>
        <time>2025-11-20T09:39:11.824Z</time>
      </trkpt>
      <trkpt lat="18.728253" lon="98.909633">
        <ele>335.176644</ele>
        <time>2025-11-20T09:39:14.113Z</time>
      </trkpt>
      <trkpt lat="18.728239" lon="98.909476">
        <ele>335.174709</ele>
        <time>2025-11-20T09:39:16.249Z</time>
      </trkpt>
      <trkpt lat="18.728274" lon="98.909330">
        <ele>335.172861</ele>
        <time>2025-11-20T09:39:18.474Z</time>
      </trkpt>
      <trkpt lat="18.728363" lon="98.909178">
        <ele>335.170668</ele>
        <time>2025-11-20T09:39:21.339Z</time>
      </trkpt>
      <trkpt lat="18.728573" lon="98.909007">
        <ele>335.167232</ele>
        <time>2025-11-20T09:39:25.957Z</time>
      </trkpt>
      <trkpt lat="18.729228" lon="98.908551">
        <ele>335.157068</ele>
        <time>2025-11-20T09:39:38.600Z</time>
      </trkpt>
      <trkpt lat="18.729475" lon="98.908128">
        <ele>334.889885</ele>
        <time>2025-11-20T09:39:47.651Z</time>
      </trkpt>
      <trkpt lat="18.729405" lon="98.907913">
        <ele>334.756423</ele>
        <time>2025-11-20T09:39:50.371Z</time>
      </trkpt>
      <trkpt lat="18.729377" lon="98.907846">
        <ele>334.713433</ele>
        <time>2025-11-20T09:39:51.260Z</time>
      </trkpt>
      <trkpt lat="18.729339" lon="98.907760">
        <ele>334.657724</ele>
        <time>2025-11-20T09:39:52.337Z</time>
      </trkpt>
      <trkpt lat="18.729530" lon="98.907631">
        <ele>334.517184</ele>
        <time>2025-11-20T09:39:55.070Z</time>
      </trkpt>
      <trkpt lat="18.729840" lon="98.907442">
        <ele>334.295299</ele>
        <time>2025-11-20T09:39:59.264Z</time>
      </trkpt>
      <trkpt lat="18.729982" lon="98.907371">
        <ele>334.197910</ele>
        <time>2025-11-20T09:40:01.163Z</time>
      </trkpt>
      <trkpt lat="18.730762" lon="98.907132">
        <ele>333.931483</ele>
        <time>2025-11-20T09:40:12.497Z</time>
      </trkpt>
      <trkpt lat="18.730927" lon="98.907012">
        <ele>333.892076</ele>
        <time>2025-11-20T09:40:15.536Z</time>
      </trkpt>
      <trkpt lat="18.731249" lon="98.906725">
        <ele>333.809195</ele>
        <time>2025-11-20T09:40:21.813Z</time>
      </trkpt>
      <trkpt lat="18.731612" lon="98.906483">
        <ele>333.724756</ele>
        <time>2025-11-20T09:40:28.004Z</time>
      </trkpt>
      <trkpt lat="18.731890" lon="98.906208">
        <ele>333.695728</ele>
        <time>2025-11-20T09:40:33.373Z</time>
      </trkpt>
      <trkpt lat="18.732229" lon="98.906021">
        <ele>333.711273</ele>
        <time>2025-11-20T09:40:38.758Z</time>
      </trkpt>
      <trkpt lat="18.732445" lon="98.905897">
        <ele>333.721265</ele>
        <time>2025-11-20T09:40:42.235Z</time>
      </trkpt>
      <trkpt lat="18.732548" lon="98.905810">
        <ele>333.726626</ele>
        <time>2025-11-20T09:40:44.141Z</time>
      </trkpt>
      <trkpt lat="18.733098" lon="98.905261">
        <ele>333.757386</ele>
        <time>2025-11-20T09:40:56.036Z</time>
      </trkpt>
      <trkpt lat="18.733650" lon="98.904853">
        <ele>333.980606</ele>
        <time>2025-11-20T09:41:07.135Z</time>
      </trkpt>
      <trkpt lat="18.733849" lon="98.904787">
        <ele>334.058836</ele>
        <time>2025-11-20T09:41:10.352Z</time>
      </trkpt>
      <trkpt lat="18.734382" lon="98.904765">
        <ele>334.258893</ele>
        <time>2025-11-20T09:41:18.614Z</time>
      </trkpt>
      <trkpt lat="18.734636" lon="98.904644">
        <ele>334.363402</ele>
        <time>2025-11-20T09:41:23.043Z</time>
      </trkpt>
      <trkpt lat="18.734771" lon="98.904558">
        <ele>334.422534</ele>
        <time>2025-11-20T09:41:25.626Z</time>
      </trkpt>
      <trkpt lat="18.734830" lon="98.904520">
        <ele>334.481163</ele>
        <time>2025-11-20T09:41:26.767Z</time>
      </trkpt>
      <trkpt lat="18.735101" lon="98.904239">
        <ele>334.984913</ele>
        <time>2025-11-20T09:41:33.914Z</time>
      </trkpt>
      <trkpt lat="18.735211" lon="98.904084">
        <ele>335.228199</ele>
        <time>2025-11-20T09:41:37.805Z</time>
      </trkpt>
      <trkpt lat="18.735461" lon="98.903600">
        <ele>335.920670</ele>
        <time>2025-11-20T09:41:49.320Z</time>
      </trkpt>
      <trkpt lat="18.735708" lon="98.902995">
        <ele>336.748182</ele>
        <time>2025-11-20T09:42:03.031Z</time>
      </trkpt>
      <trkpt lat="18.736114" lon="98.901999">
        <ele>337.510361</ele>
        <time>2025-11-20T09:42:21.276Z</time>
      </trkpt>
      <trkpt lat="18.736169" lon="98.901812">
        <ele>337.641865</ele>
        <time>2025-11-20T09:42:23.822Z</time>
      </trkpt>
      <trkpt lat="18.736322" lon="98.900986">
        <ele>338.353427</ele>
        <time>2025-11-20T09:42:36.791Z</time>
      </trkpt>
      <trkpt lat="18.736445" lon="98.900576">
        <ele>339.024946</ele>
        <time>2025-11-20T09:42:45.088Z</time>
      </trkpt>
      <trkpt lat="18.736523" lon="98.900410">
        <ele>339.314285</ele>
        <time>2025-11-20T09:42:48.904Z</time>
      </trkpt>
      <trkpt lat="18.737041" lon="98.899666">
        <ele>340.756111</ele>
        <time>2025-11-20T09:43:09.227Z</time>
      </trkpt>
      <trkpt lat="18.737345" lon="98.899230">
        <ele>341.933376</ele>
        <time>2025-11-20T09:43:21.231Z</time>
      </trkpt>
      <trkpt lat="18.737371" lon="98.899195">
        <ele>342.045575</ele>
        <time>2025-11-20T09:43:22.175Z</time>
      </trkpt>
      <trkpt lat="18.737685" lon="98.898743">
        <ele>343.459490</ele>
        <time>2025-11-20T09:43:36.906Z</time>
      </trkpt>
      <trkpt lat="18.738394" lon="98.897744">
        <ele>347.081917</ele>
        <time>2025-11-20T09:44:09.235Z</time>
      </trkpt>
      <trkpt lat="18.738474" lon="98.897523">
        <ele>348.052741</ele>
        <time>2025-11-20T09:44:17.130Z</time>
      </trkpt>
      <trkpt lat="18.738481" lon="98.897385">
        <ele>348.619810</ele>
        <time>2025-11-20T09:44:21.986Z</time>
      </trkpt>
      <trkpt lat="18.738462" lon="98.897242">
        <ele>349.212330</ele>
        <time>2025-11-20T09:44:27.013Z</time>
      </trkpt>
      <trkpt lat="18.738405" lon="98.897066">
        <ele>349.975577</ele>
        <time>2025-11-20T09:44:33.484Z</time>
      </trkpt>
      <trkpt lat="18.738102" lon="98.896299">
        <ele>353.385681</ele>
        <time>2025-11-20T09:45:00.649Z</time>
      </trkpt>
      <trkpt lat="18.737779" lon="98.895120">
        <ele>356.453365</ele>
        <time>2025-11-20T09:45:28.949Z</time>
      </trkpt>
      <trkpt lat="18.737686" lon="98.894874">
        <ele>357.092240</ele>
        <time>2025-11-20T09:45:33.943Z</time>
      </trkpt>
      <trkpt lat="18.737540" lon="98.894598">
        <ele>357.854758</ele>
        <time>2025-11-20T09:45:40.577Z</time>
      </trkpt>
      <trkpt lat="18.737213" lon="98.894145">
        <ele>359.202688</ele>
        <time>2025-11-20T09:45:54.362Z</time>
      </trkpt>
      <trkpt lat="18.737085" lon="98.894010">
        <ele>359.651530</ele>
        <time>2025-11-20T09:45:59.383Z</time>
      </trkpt>
      <trkpt lat="18.736371" lon="98.893553">
        <ele>361.722992</ele>
        <time>2025-11-20T09:46:22.446Z</time>
      </trkpt>
      <trkpt lat="18.736262" lon="98.893453">
        <ele>362.081233</ele>
        <time>2025-11-20T09:46:26.099Z</time>
      </trkpt>
      <trkpt lat="18.735851" lon="98.893016">
        <ele>362.140781</ele>
        <time>2025-11-20T09:46:38.686Z</time>
      </trkpt>
      <trkpt lat="18.735300" lon="98.892299">
        <ele>360.720580</ele>
        <time>2025-11-20T09:46:48.789Z</time>
      </trkpt>
      <trkpt lat="18.735142" lon="98.891912">
        <ele>360.072391</ele>
        <time>2025-11-20T09:46:52.659Z</time>
      </trkpt>
      <trkpt lat="18.735107" lon="98.891667">
        <ele>359.540983</ele>
        <time>2025-11-20T09:46:54.898Z</time>
      </trkpt>
      <trkpt lat="18.735238" lon="98.890942">
        <ele>356.195708</ele>
        <time>2025-11-20T09:47:01.612Z</time>
      </trkpt>
      <trkpt lat="18.735196" lon="98.890748">
        <ele>355.293737</ele>
        <time>2025-11-20T09:47:03.459Z</time>
      </trkpt>
      <trkpt lat="18.734949" lon="98.890419">
        <ele>353.390837</ele>
        <time>2025-11-20T09:47:07.226Z</time>
      </trkpt>
      <trkpt lat="18.734817" lon="98.890288">
        <ele>352.523861</ele>
        <time>2025-11-20T09:47:08.897Z</time>
      </trkpt>
      <trkpt lat="18.734627" lon="98.889891">
        <ele>350.638309</ele>
        <time>2025-11-20T09:47:12.787Z</time>
      </trkpt>
      <trkpt lat="18.734577" lon="98.889708">
        <ele>349.947771</ele>
        <time>2025-11-20T09:47:14.451Z</time>
      </trkpt>
      <trkpt lat="18.734600" lon="98.889552">
        <ele>349.375371</ele>
        <time>2025-11-20T09:47:15.833Z</time>
      </trkpt>
      <trkpt lat="18.734663" lon="98.889412">
        <ele>348.813403</ele>
        <time>2025-11-20T09:47:17.199Z</time>
      </trkpt>
      <trkpt lat="18.734791" lon="98.889245">
        <ele>348.034478</ele>
        <time>2025-11-20T09:47:19.100Z</time>
      </trkpt>
      <trkpt lat="18.734902" lon="98.889176">
        <ele>347.541359</ele>
        <time>2025-11-20T09:47:20.302Z</time>
      </trkpt>
      <trkpt lat="18.734996" lon="98.889149">
        <ele>347.168414</ele>
        <time>2025-11-20T09:47:21.214Z</time>
      </trkpt>
      <trkpt lat="18.735329" lon="98.889124">
        <ele>345.890339</ele>
        <time>2025-11-20T09:47:24.406Z</time>
      </trkpt>
      <trkpt lat="18.736042" lon="98.889201">
        <ele>344.653680</ele>
        <time>2025-11-20T09:47:33.729Z</time>
      </trkpt>
      <trkpt lat="18.736603" lon="98.889328">
        <ele>345.392594</ele>
        <time>2025-11-20T09:47:48.734Z</time>
      </trkpt>
      <trkpt lat="18.737304" lon="98.889524">
        <ele>346.326506</ele>
        <time>2025-11-20T09:48:06.649Z</time>
      </trkpt>
      <trkpt lat="18.737818" lon="98.889580">
        <ele>346.556510</ele>
        <time>2025-11-20T09:48:15.078Z</time>
      </trkpt>
      <trkpt lat="18.738236" lon="98.889575">
        <ele>346.510633</ele>
        <time>2025-11-20T09:48:20.472Z</time>
      </trkpt>
      <trkpt lat="18.738755" lon="98.889533">
        <ele>346.453506</ele>
        <time>2025-11-20T09:48:26.779Z</time>
      </trkpt>
      <trkpt lat="18.740658" lon="98.889207">
        <ele>346.418940</ele>
        <time>2025-11-20T09:48:56.263Z</time>
      </trkpt>
      <trkpt lat="18.741014" lon="98.889175">
        <ele>346.425579</ele>
        <time>2025-11-20T09:49:01.498Z</time>
      </trkpt>
      <trkpt lat="18.741291" lon="98.889175">
        <ele>346.467044</ele>
        <time>2025-11-20T09:49:05.411Z</time>
      </trkpt>
      <trkpt lat="18.741868" lon="98.889218">
        <ele>346.575495</ele>
        <time>2025-11-20T09:49:13.600Z</time>
      </trkpt>
      <trkpt lat="18.742434" lon="98.889281">
        <ele>346.682203</ele>
        <time>2025-11-20T09:49:22.488Z</time>
      </trkpt>
      <trkpt lat="18.742696" lon="98.889333">
        <ele>346.732185</ele>
        <time>2025-11-20T09:49:26.878Z</time>
      </trkpt>
      <trkpt lat="18.742874" lon="98.889414">
        <ele>346.781076</ele>
        <time>2025-11-20T09:49:30.236Z</time>
      </trkpt>
      <trkpt lat="18.743088" lon="98.889610">
        <ele>346.980188</ele>
        <time>2025-11-20T09:49:35.335Z</time>
      </trkpt>
      <trkpt lat="18.743158" lon="98.889757">
        <ele>347.089708</ele>
        <time>2025-11-20T09:49:38.180Z</time>
      </trkpt>
      <trkpt lat="18.743208" lon="98.889941">
        <ele>347.217124</ele>
        <time>2025-11-20T09:49:41.524Z</time>
      </trkpt>
      <trkpt lat="18.743245" lon="98.890551">
        <ele>347.623982</ele>
        <time>2025-11-20T09:49:52.203Z</time>
      </trkpt>
      <trkpt lat="18.743314" lon="98.890795">
        <ele>347.793479</ele>
        <time>2025-11-20T09:49:56.365Z</time>
      </trkpt>
      <trkpt lat="18.743478" lon="98.891024">
        <ele>347.984585</ele>
        <time>2025-11-20T09:50:00.998Z</time>
      </trkpt>
      <trkpt lat="18.743655" lon="98.891177">
        <ele>348.091496</ele>
        <time>2025-11-20T09:50:04.914Z</time>
      </trkpt>
      <trkpt lat="18.743999" lon="98.891263">
        <ele>348.225725</ele>
        <time>2025-11-20T09:50:10.880Z</time>
      </trkpt>
      <trkpt lat="18.744235" lon="98.891263">
        <ele>348.315336</ele>
        <time>2025-11-20T09:50:14.737Z</time>
      </trkpt>
      <trkpt lat="18.744473" lon="98.891191">
        <ele>348.409341</ele>
        <time>2025-11-20T09:50:18.735Z</time>
      </trkpt>
      <trkpt lat="18.744655" lon="98.891094">
        <ele>348.486750</ele>
        <time>2025-11-20T09:50:21.960Z</time>
      </trkpt>
      <trkpt lat="18.744723" lon="98.891056">
        <ele>348.515962</ele>
        <time>2025-11-20T09:50:23.153Z</time>
      </trkpt>
      <trkpt lat="18.744999" lon="98.890832">
        <ele>348.648135</ele>
        <time>2025-11-20T09:50:28.634Z</time>
      </trkpt>
      <trkpt lat="18.745190" lon="98.890693">
        <ele>348.754952</ele>
        <time>2025-11-20T09:50:33.567Z</time>
      </trkpt>
      <trkpt lat="18.745612" lon="98.890450">
        <ele>349.073993</ele>
        <time>2025-11-20T09:50:41.208Z</time>
      </trkpt>
      <trkpt lat="18.745907" lon="98.890350">
        <ele>349.279642</ele>
        <time>2025-11-20T09:50:46.237Z</time>
      </trkpt>
      <trkpt lat="18.745991" lon="98.890325">
        <ele>349.337570</ele>
        <time>2025-11-20T09:50:47.701Z</time>
      </trkpt>
      <trkpt lat="18.746930" lon="98.890217">
        <ele>350.057583</ele>
        <time>2025-11-20T09:51:05.205Z</time>
      </trkpt>
      <trkpt lat="18.747013" lon="98.890208">
        <ele>350.199584</ele>
        <time>2025-11-20T09:51:06.882Z</time>
      </trkpt>
      <trkpt lat="18.747295" lon="98.890242">
        <ele>350.682642</ele>
        <time>2025-11-20T09:51:12.744Z</time>
      </trkpt>
      <trkpt lat="18.747811" lon="98.890405">
        <ele>351.599279</ele>
        <time>2025-11-20T09:51:24.237Z</time>
      </trkpt>
      <trkpt lat="18.747999" lon="98.890433">
        <ele>351.922406</ele>
        <time>2025-11-20T09:51:28.421Z</time>
      </trkpt>
      <trkpt lat="18.748475" lon="98.890405">
        <ele>352.733773</ele>
        <time>2025-11-20T09:51:39.291Z</time>
      </trkpt>
      <trkpt lat="18.748706" lon="98.890368">
        <ele>353.160926</ele>
        <time>2025-11-20T09:51:44.836Z</time>
      </trkpt>
      <trkpt lat="18.749099" lon="98.890299">
        <ele>353.960058</ele>
        <time>2025-11-20T09:51:54.669Z</time>
      </trkpt>
      <trkpt lat="18.749277" lon="98.890245">
        <ele>354.331546</ele>
        <time>2025-11-20T09:51:59.301Z</time>
      </trkpt>
      <trkpt lat="18.749799" lon="98.890068">
        <ele>355.431267</ele>
        <time>2025-11-20T09:52:12.810Z</time>
      </trkpt>
      <trkpt lat="18.750138" lon="98.889909">
        <ele>356.175311</ele>
        <time>2025-11-20T09:52:21.294Z</time>
      </trkpt>
      <trkpt lat="18.750681" lon="98.889638">
        <ele>356.334984</ele>
        <time>2025-11-20T09:52:32.669Z</time>
      </trkpt>
      <trkpt lat="18.750933" lon="98.889446">
        <ele>356.150121</ele>
        <time>2025-11-20T09:52:36.999Z</time>
      </trkpt>
      <trkpt lat="18.750996" lon="98.889323">
        <ele>356.071343</ele>
        <time>2025-11-20T09:52:38.642Z</time>
      </trkpt>
      <trkpt lat="18.751040" lon="98.888935">
        <ele>355.851205</ele>
        <time>2025-11-20T09:52:42.898Z</time>
      </trkpt>
      <trkpt lat="18.751133" lon="98.888765">
        <ele>355.740604</ele>
        <time>2025-11-20T09:52:44.990Z</time>
      </trkpt>
      <trkpt lat="18.751080" lon="98.888430">
        <ele>355.549270</ele>
        <time>2025-11-20T09:52:50.122Z</time>
      </trkpt>
      <trkpt lat="18.751073" lon="98.887948">
        <ele>355.055463</ele>
        <time>2025-11-20T09:52:57.566Z</time>
      </trkpt>
      <trkpt lat="18.751095" lon="98.887859">
        <ele>354.952752</ele>
        <time>2025-11-20T09:52:59.018Z</time>
      </trkpt>
      <trkpt lat="18.751219" lon="98.887552">
        <ele>354.580062</ele>
        <time>2025-11-20T09:53:04.349Z</time>
      </trkpt>
      <trkpt lat="18.751391" lon="98.887038">
        <ele>353.971327</ele>
        <time>2025-11-20T09:53:13.493Z</time>
      </trkpt>
      <trkpt lat="18.751519" lon="98.886607">
        <ele>353.466943</ele>
        <time>2025-11-20T09:53:21.181Z</time>
      </trkpt>
      <trkpt lat="18.751701" lon="98.886299">
        <ele>353.113041</ele>
        <time>2025-11-20T09:53:27.027Z</time>
      </trkpt>
      <trkpt lat="18.751872" lon="98.885807">
        <ele>352.621568</ele>
        <time>2025-11-20T09:53:35.147Z</time>
      </trkpt>
      <trkpt lat="18.751660" lon="98.885589">
        <ele>352.328532</ele>
        <time>2025-11-20T09:53:38.490Z</time>
      </trkpt>
      <trkpt lat="18.750827" lon="98.885086">
        <ele>352.449343</ele>
        <time>2025-11-20T09:53:50.564Z</time>
      </trkpt>
      <trkpt lat="18.750649" lon="98.884955">
        <ele>353.264222</ele>
        <time>2025-11-20T09:53:54.610Z</time>
      </trkpt>
      <trkpt lat="18.750614" lon="98.884939">
        <ele>353.407467</ele>
        <time>2025-11-20T09:53:55.462Z</time>
      </trkpt>
      <trkpt lat="18.750471" lon="98.884888">
        <ele>353.974361</ele>
        <time>2025-11-20T09:53:59.776Z</time>
      </trkpt>
      <trkpt lat="18.750355" lon="98.884869">
        <ele>354.415253</ele>
        <time>2025-11-20T09:54:03.374Z</time>
      </trkpt>
      <trkpt lat="18.750136" lon="98.884835">
        <ele>355.246635</ele>
        <time>2025-11-20T09:54:10.903Z</time>
      </trkpt>
      <trkpt lat="18.750050" lon="98.884792">
        <ele>355.604016</ele>
        <time>2025-11-20T09:54:14.304Z</time>
      </trkpt>
      <trkpt lat="18.749969" lon="98.884685">
        <ele>356.091227</ele>
        <time>2025-11-20T09:54:19.319Z</time>
      </trkpt>
      <trkpt lat="18.749636" lon="98.883993">
        <ele>359.839158</ele>
        <time>2025-11-20T09:54:53.709Z</time>
      </trkpt>
      <trkpt lat="18.749570" lon="98.883942">
        <ele>360.759318</ele>
        <time>2025-11-20T09:54:58.062Z</time>
      </trkpt>
      <trkpt lat="18.749538" lon="98.883939">
        <ele>361.120779</ele>
        <time>2025-11-20T09:54:59.827Z</time>
      </trkpt>
      <trkpt lat="18.749471" lon="98.883933">
        <ele>361.877328</ele>
        <time>2025-11-20T09:55:03.426Z</time>
      </trkpt>
      <trkpt lat="18.749354" lon="98.882807">
        <ele>373.946111</ele>
        <time>2025-11-20T09:56:13.137Z</time>
      </trkpt>
      <trkpt lat="18.749404" lon="98.882635">
        <ele>375.863063</ele>
        <time>2025-11-20T09:56:26.014Z</time>
      </trkpt>
      <trkpt lat="18.749390" lon="98.882216">
        <ele>380.837066</ele>
        <time>2025-11-20T09:56:57.853Z</time>
      </trkpt>
      <trkpt lat="18.749425" lon="98.882029">
        <ele>383.461344</ele>
        <time>2025-11-20T09:57:13.240Z</time>
      </trkpt>
      <trkpt lat="18.749609" lon="98.881819">
        <ele>387.400234</ele>
        <time>2025-11-20T09:57:37.412Z</time>
      </trkpt>
      <trkpt lat="18.749734" lon="98.881590">
        <ele>391.039214</ele>
        <time>2025-11-20T09:58:00.133Z</time>
      </trkpt>
      <trkpt lat="18.749865" lon="98.881184">
        <ele>396.944269</ele>
        <time>2025-11-20T09:58:36.491Z</time>
      </trkpt>
      <trkpt lat="18.750028" lon="98.880802">
        <ele>402.712610</ele>
        <time>2025-11-20T09:59:07.487Z</time>
      </trkpt>
      <trkpt lat="18.750142" lon="98.880264">
        <ele>406.930406</ele>
        <time>2025-11-20T09:59:37.387Z</time>
      </trkpt>
      <trkpt lat="18.750113" lon="98.880211">
        <ele>407.261835</ele>
        <time>2025-11-20T09:59:39.880Z</time>
      </trkpt>
      <trkpt lat="18.750058" lon="98.880196">
        <ele>407.586636</ele>
        <time>2025-11-20T09:59:42.179Z</time>
      </trkpt>
      <trkpt lat="18.749992" lon="98.880250">
        <ele>408.064027</ele>
        <time>2025-11-20T09:59:45.254Z</time>
      </trkpt>
      <trkpt lat="18.749810" lon="98.880639">
        <ele>410.413307</ele>
        <time>2025-11-20T09:59:58.560Z</time>
      </trkpt>
      <trkpt lat="18.749723" lon="98.880735">
        <ele>411.132780</ele>
        <time>2025-11-20T10:00:02.548Z</time>
      </trkpt>
      <trkpt lat="18.749425" lon="98.880924">
        <ele>413.120388</ele>
        <time>2025-11-20T10:00:13.999Z</time>
      </trkpt>
      <trkpt lat="18.749170" lon="98.880982">
        <ele>414.611884</ele>
        <time>2025-11-20T10:00:22.879Z</time>
      </trkpt>
      <trkpt lat="18.748997" lon="98.880909">
        <ele>416.078433</ele>
        <time>2025-11-20T10:00:29.865Z</time>
      </trkpt>
      <trkpt lat="18.748965" lon="98.880794">
        <ele>417.129247</ele>
        <time>2025-11-20T10:00:34.566Z</time>
      </trkpt>
      <trkpt lat="18.749298" lon="98.880578">
        <ele>420.747320</ele>
        <time>2025-11-20T10:00:53.085Z</time>
      </trkpt>
      <trkpt lat="18.749362" lon="98.880465">
        <ele>421.901646</ele>
        <time>2025-11-20T10:00:59.947Z</time>
      </trkpt>
      <trkpt lat="18.749340" lon="98.880398">
        <ele>422.523335</ele>
        <time>2025-11-20T10:01:04.013Z</time>
      </trkpt>
      <trkpt lat="18.749177" lon="98.880308">
        <ele>424.226228</ele>
        <time>2025-11-20T10:01:15.548Z</time>
      </trkpt>
      <trkpt lat="18.749007" lon="98.880248">
        <ele>425.885681</ele>
        <time>2025-11-20T10:01:27.631Z</time>
      </trkpt>
      <trkpt lat="18.748852" lon="98.880091">
        <ele>427.874074</ele>
        <time>2025-11-20T10:01:42.844Z</time>
      </trkpt>
      <trkpt lat="18.748618" lon="98.879784">
        <ele>431.329078</ele>
        <time>2025-11-20T10:02:08.481Z</time>
      </trkpt>
      <trkpt lat="18.748611" lon="98.879642">
        <ele>432.852359</ele>
        <time>2025-11-20T10:02:17.684Z</time>
      </trkpt>
      <trkpt lat="18.748681" lon="98.879590">
        <ele>433.889767</ele>
        <time>2025-11-20T10:02:23.574Z</time>
      </trkpt>
      <trkpt lat="18.748823" lon="98.879612">
        <ele>435.629445</ele>
        <time>2025-11-20T10:02:33.452Z</time>
      </trkpt>
      <trkpt lat="18.748951" lon="98.879590">
        <ele>437.201412</ele>
        <time>2025-11-20T10:02:42.527Z</time>
      </trkpt>
      <trkpt lat="18.749007" lon="98.879508">
        <ele>438.361872</ele>
        <time>2025-11-20T10:02:49.468Z</time>
      </trkpt>
      <trkpt lat="18.749050" lon="98.879306">
        <ele>440.738347</ele>
        <time>2025-11-20T10:03:03.806Z</time>
      </trkpt>
      <trkpt lat="18.749184" lon="98.879231">
        <ele>442.576657</ele>
        <time>2025-11-20T10:03:15.184Z</time>
      </trkpt>
      <trkpt lat="18.749369" lon="98.879006">
        <ele>445.996974</ele>
        <time>2025-11-20T10:03:36.494Z</time>
      </trkpt>
      <trkpt lat="18.749454" lon="98.878774">
        <ele>448.852302</ele>
        <time>2025-11-20T10:03:54.029Z</time>
      </trkpt>
      <trkpt lat="18.749588" lon="98.878700">
        <ele>450.685265</ele>
        <time>2025-11-20T10:04:05.059Z</time>
      </trkpt>
      <trkpt lat="18.749808" lon="98.878722">
        <ele>453.363923</ele>
        <time>2025-11-20T10:04:19.822Z</time>
      </trkpt>
      <trkpt lat="18.749957" lon="98.878692">
        <ele>453.862348</ele>
        <time>2025-11-20T10:04:28.749Z</time>
      </trkpt>
      <trkpt lat="18.750049" lon="98.878557">
        <ele>454.283297</ele>
        <time>2025-11-20T10:04:37.058Z</time>
      </trkpt>
      <trkpt lat="18.750205" lon="98.878512">
        <ele>454.715514</ele>
        <time>2025-11-20T10:04:44.661Z</time>
      </trkpt>
      <trkpt lat="18.750389" lon="98.878535">
        <ele>455.210725</ele>
        <time>2025-11-20T10:04:52.268Z</time>
      </trkpt>
      <trkpt lat="18.750453" lon="98.878610">
        <ele>455.466241</ele>
        <time>2025-11-20T10:04:55.810Z</time>
      </trkpt>
      <trkpt lat="18.750587" lon="98.878707">
        <ele>455.900445</ele>
        <time>2025-11-20T10:05:01.072Z</time>
      </trkpt>
      <trkpt lat="18.750757" lon="98.878767">
        <ele>456.379509</ele>
        <time>2025-11-20T10:05:05.730Z</time>
      </trkpt>
      <trkpt lat="18.750864" lon="98.878872">
        <ele>456.769896</ele>
        <time>2025-11-20T10:05:08.773Z</time>
      </trkpt>
      <trkpt lat="18.750977" lon="98.879029">
        <ele>457.268991</ele>
        <time>2025-11-20T10:05:12.046Z</time>
      </trkpt>
      <trkpt lat="18.750998" lon="98.879178">
        <ele>457.650242</ele>
        <time>2025-11-20T10:05:14.321Z</time>
      </trkpt>
      <trkpt lat="18.751048" lon="98.879291">
        <ele>457.965910</ele>
        <time>2025-11-20T10:05:16.066Z</time>
      </trkpt>
      <trkpt lat="18.751182" lon="98.879448">
        <ele>457.916528</ele>
        <time>2025-11-20T10:05:18.889Z</time>
      </trkpt>
      <trkpt lat="18.751395" lon="98.879575">
        <ele>456.754193</ele>
        <time>2025-11-20T10:05:22.151Z</time>
      </trkpt>
      <trkpt lat="18.751572" lon="98.879755">
        <ele>455.586532</ele>
        <time>2025-11-20T10:05:25.244Z</time>
      </trkpt>
      <trkpt lat="18.751650" lon="98.879942">
        <ele>454.667076</ele>
        <time>2025-11-20T10:05:27.657Z</time>
      </trkpt>
      <trkpt lat="18.751671" lon="98.880233">
        <ele>453.353874</ele>
        <time>2025-11-20T10:05:31.093Z</time>
      </trkpt>
      <trkpt lat="18.751841" lon="98.880353">
        <ele>452.382208</ele>
        <time>2025-11-20T10:05:33.751Z</time>
      </trkpt>
      <trkpt lat="18.751855" lon="98.880428">
        <ele>452.038239</ele>
        <time>2025-11-20T10:05:34.724Z</time>
      </trkpt>
      <trkpt lat="18.751849" lon="98.880741">
        <ele>450.629554</ele>
        <time>2025-11-20T10:05:43.761Z</time>
      </trkpt>
      <trkpt lat="18.751679" lon="98.880737">
        <ele>449.821531</ele>
        <time>2025-11-20T10:05:46.647Z</time>
      </trkpt>
      <trkpt lat="18.751679" lon="98.880781">
        <ele>449.840184</ele>
        <time>2025-11-20T10:05:47.331Z</time>
      </trkpt>
      <trkpt lat="18.751614" lon="98.880781">
        <ele>450.089013</ele>
        <time>2025-11-20T10:05:48.816Z</time>
      </trkpt>
      <trkpt lat="18.751595" lon="98.880860">
        <ele>450.384475</ele>
        <time>2025-11-20T10:05:58.336Z</time>
      </trkpt>
      <trkpt lat="18.751614" lon="98.880781">
        <ele>450.679937</ele>
        <time>2025-11-20T10:06:07.855Z</time>
      </trkpt>
      <trkpt lat="18.751679" lon="98.880781">
        <ele>450.928766</ele>
        <time>2025-11-20T10:06:09.027Z</time>
      </trkpt>
      <trkpt lat="18.751679" lon="98.880737">
        <ele>451.088263</ele>
        <time>2025-11-20T10:06:10.118Z</time>
      </trkpt>
      <trkpt lat="18.751849" lon="98.880741">
        <ele>451.739206</ele>
        <time>2025-11-20T10:06:14.371Z</time>
      </trkpt>
      <trkpt lat="18.751855" lon="98.880428">
        <ele>452.874042</ele>
        <time>2025-11-20T10:06:28.449Z</time>
      </trkpt>
      <trkpt lat="18.751841" lon="98.880353">
        <ele>453.151143</ele>
        <time>2025-11-20T10:06:31.395Z</time>
      </trkpt>
      <trkpt lat="18.751671" lon="98.880233">
        <ele>453.933917</ele>
        <time>2025-11-20T10:06:40.725Z</time>
      </trkpt>
      <trkpt lat="18.751650" lon="98.879942">
        <ele>454.991832</ele>
        <time>2025-11-20T10:06:56.139Z</time>
      </trkpt>
      <trkpt lat="18.751572" lon="98.879755">
        <ele>455.732545</ele>
        <time>2025-11-20T10:07:06.629Z</time>
      </trkpt>
      <trkpt lat="18.751395" lon="98.879575">
        <ele>456.626878</ele>
        <time>2025-11-20T10:07:19.347Z</time>
      </trkpt>
      <trkpt lat="18.751182" lon="98.879448">
        <ele>456.582750</ele>
        <time>2025-11-20T10:07:29.556Z</time>
      </trkpt>
      <trkpt lat="18.751048" lon="98.879291">
        <ele>456.546643</ele>
        <time>2025-11-20T10:07:36.769Z</time>
      </trkpt>
      <trkpt lat="18.750998" lon="98.879178">
        <ele>456.525336</ele>
        <time>2025-11-20T10:07:40.468Z</time>
      </trkpt>
      <trkpt lat="18.750977" lon="98.879029">
        <ele>456.499602</ele>
        <time>2025-11-20T10:07:44.454Z</time>
      </trkpt>
      <trkpt lat="18.750864" lon="98.878872">
        <ele>456.465913</ele>
        <time>2025-11-20T10:07:48.928Z</time>
      </trkpt>
      <trkpt lat="18.750757" lon="98.878767">
        <ele>456.439562</ele>
        <time>2025-11-20T10:07:51.772Z</time>
      </trkpt>
      <trkpt lat="18.750587" lon="98.878707">
        <ele>456.407226</ele>
        <time>2025-11-20T10:07:54.739Z</time>
      </trkpt>
      <trkpt lat="18.750453" lon="98.878610">
        <ele>456.377917</ele>
        <time>2025-11-20T10:07:57.139Z</time>
      </trkpt>
      <trkpt lat="18.750389" lon="98.878535">
        <ele>456.360670</ele>
        <time>2025-11-20T10:07:58.464Z</time>
      </trkpt>
      <trkpt lat="18.750205" lon="98.878512">
        <ele>456.327244</ele>
        <time>2025-11-20T10:08:00.955Z</time>
      </trkpt>
      <trkpt lat="18.750049" lon="98.878557">
        <ele>455.900838</ele>
        <time>2025-11-20T10:08:03.041Z</time>
      </trkpt>
      <trkpt lat="18.749957" lon="98.878692">
        <ele>454.111256</ele>
        <time>2025-11-20T10:08:05.014Z</time>
      </trkpt>
      <trkpt lat="18.749808" lon="98.878722">
        <ele>452.387748</ele>
        <time>2025-11-20T10:08:06.869Z</time>
      </trkpt>
      <trkpt lat="18.749588" lon="98.878700">
        <ele>449.876816</ele>
        <time>2025-11-20T10:08:09.513Z</time>
      </trkpt>
      <trkpt lat="18.749454" lon="98.878774">
        <ele>448.158627</ele>
        <time>2025-11-20T10:08:11.313Z</time>
      </trkpt>
      <trkpt lat="18.749369" lon="98.879006">
        <ele>445.482088</ele>
        <time>2025-11-20T10:08:14.091Z</time>
      </trkpt>
      <trkpt lat="18.749184" lon="98.879231">
        <ele>442.275937</ele>
        <time>2025-11-20T10:08:17.402Z</time>
      </trkpt>
      <trkpt lat="18.749050" lon="98.879306">
        <ele>440.552734</ele>
        <time>2025-11-20T10:08:19.193Z</time>
      </trkpt>
      <trkpt lat="18.749007" lon="98.879508">
        <ele>438.325064</ele>
        <time>2025-11-20T10:08:21.510Z</time>
      </trkpt>
      <trkpt lat="18.748951" lon="98.879590">
        <ele>437.237267</ele>
        <time>2025-11-20T10:08:22.652Z</time>
      </trkpt>
      <trkpt lat="18.748823" lon="98.879612">
        <ele>435.771884</ele>
        <time>2025-11-20T10:08:24.190Z</time>
      </trkpt>
      <trkpt lat="18.748681" lon="98.879590">
        <ele>434.269394</ele>
        <time>2025-11-20T10:08:25.898Z</time>
      </trkpt>
      <trkpt lat="18.748611" lon="98.879642">
        <ele>433.373426</ele>
        <time>2025-11-20T10:08:26.932Z</time>
      </trkpt>
      <trkpt lat="18.748618" lon="98.879784">
        <ele>431.963823</ele>
        <time>2025-11-20T10:08:28.542Z</time>
      </trkpt>
      <trkpt lat="18.748852" lon="98.880091">
        <ele>428.056989</ele>
        <time>2025-11-20T10:08:32.991Z</time>
      </trkpt>
      <trkpt lat="18.749007" lon="98.880248">
        <ele>425.808562</ele>
        <time>2025-11-20T10:08:35.551Z</time>
      </trkpt>
      <trkpt lat="18.749177" lon="98.880308">
        <ele>423.932093</ele>
        <time>2025-11-20T10:08:37.697Z</time>
      </trkpt>
      <trkpt lat="18.749340" lon="98.880398">
        <ele>422.006502</ele>
        <time>2025-11-20T10:08:39.924Z</time>
      </trkpt>
      <trkpt lat="18.749362" lon="98.880465">
        <ele>421.303512</ele>
        <time>2025-11-20T10:08:40.743Z</time>
      </trkpt>
      <trkpt lat="18.749298" lon="98.880578">
        <ele>419.998228</ele>
        <time>2025-11-20T10:08:42.282Z</time>
      </trkpt>
      <trkpt lat="18.748965" lon="98.880794">
        <ele>416.481196</ele>
        <time>2025-11-20T10:08:47.323Z</time>
      </trkpt>
      <trkpt lat="18.748997" lon="98.880909">
        <ele>415.896393</ele>
        <time>2025-11-20T10:08:48.837Z</time>
      </trkpt>
      <trkpt lat="18.749170" lon="98.880982">
        <ele>414.936511</ele>
        <time>2025-11-20T10:08:51.428Z</time>
      </trkpt>
      <trkpt lat="18.749425" lon="98.880924">
        <ele>413.592530</ele>
        <time>2025-11-20T10:08:55.178Z</time>
      </trkpt>
      <trkpt lat="18.749723" lon="98.880735">
        <ele>411.801505</ele>
        <time>2025-11-20T10:09:00.245Z</time>
      </trkpt>
      <trkpt lat="18.749810" lon="98.880639">
        <ele>411.153191</ele>
        <time>2025-11-20T10:09:02.111Z</time>
      </trkpt>
      <trkpt lat="18.749992" lon="98.880250">
        <ele>409.036264</ele>
        <time>2025-11-20T10:09:08.158Z</time>
      </trkpt>
      <trkpt lat="18.750058" lon="98.880196">
        <ele>408.606090</ele>
        <time>2025-11-20T10:09:09.302Z</time>
      </trkpt>
      <trkpt lat="18.750113" lon="98.880211">
        <ele>408.313412</ele>
        <time>2025-11-20T10:09:10.067Z</time>
      </trkpt>
      <trkpt lat="18.750142" lon="98.880264">
        <ele>408.014764</ele>
        <time>2025-11-20T10:09:10.842Z</time>
      </trkpt>
      <trkpt lat="18.750028" lon="98.880802">
        <ele>401.407755</ele>
        <time>2025-11-20T10:09:17.274Z</time>
      </trkpt>
      <trkpt lat="18.749865" lon="98.881184">
        <ele>396.088935</ele>
        <time>2025-11-20T10:09:21.920Z</time>
      </trkpt>
      <trkpt lat="18.749734" lon="98.881590">
        <ele>390.644054</ele>
        <time>2025-11-20T10:09:26.616Z</time>
      </trkpt>
      <trkpt lat="18.749609" lon="98.881819">
        <ele>387.288656</ele>
        <time>2025-11-20T10:09:29.500Z</time>
      </trkpt>
      <trkpt lat="18.749425" lon="98.882029">
        <ele>383.656823</ele>
        <time>2025-11-20T10:09:32.626Z</time>
      </trkpt>
      <trkpt lat="18.749390" lon="98.882216">
        <ele>381.403656</ele>
        <time>2025-11-20T10:09:34.721Z</time>
      </trkpt>
      <trkpt lat="18.749404" lon="98.882635">
        <ele>376.447850</ele>
        <time>2025-11-20T10:09:39.360Z</time>
      </trkpt>
      <trkpt lat="18.749354" lon="98.882807">
        <ele>374.321106</ele>
        <time>2025-11-20T10:09:41.364Z</time>
      </trkpt>
      <trkpt lat="18.749471" lon="98.883933">
        <ele>361.093649</ele>
        <time>2025-11-20T10:09:54.286Z</time>
      </trkpt>
      <trkpt lat="18.749538" lon="98.883939">
        <ele>360.749716</ele>
        <time>2025-11-20T10:09:55.130Z</time>
      </trkpt>
      <trkpt lat="18.749570" lon="98.883942">
        <ele>360.585393</ele>
        <time>2025-11-20T10:09:55.534Z</time>
      </trkpt>
      <trkpt lat="18.749636" lon="98.883993">
        <ele>360.167082</ele>
        <time>2025-11-20T10:09:56.554Z</time>
      </trkpt>
      <trkpt lat="18.749969" lon="98.884685">
        <ele>356.407406</ele>
        <time>2025-11-20T10:10:06.056Z</time>
      </trkpt>
      <trkpt lat="18.750050" lon="98.884792">
        <ele>355.743897</ele>
        <time>2025-11-20T10:10:07.837Z</time>
      </trkpt>
      <trkpt lat="18.750136" lon="98.884835">
        <ele>355.257197</ele>
        <time>2025-11-20T10:10:09.183Z</time>
      </trkpt>
      <trkpt lat="18.750355" lon="98.884869">
        <ele>354.124979</ele>
        <time>2025-11-20T10:10:12.362Z</time>
      </trkpt>
      <trkpt lat="18.750471" lon="98.884888">
        <ele>353.524549</ele>
        <time>2025-11-20T10:10:14.126Z</time>
      </trkpt>
      <trkpt lat="18.750614" lon="98.884939">
        <ele>352.752525</ele>
        <time>2025-11-20T10:10:16.490Z</time>
      </trkpt>
      <trkpt lat="18.750649" lon="98.884955">
        <ele>352.557447</ele>
        <time>2025-11-20T10:10:16.914Z</time>
      </trkpt>
      <trkpt lat="18.750827" lon="98.885086">
        <ele>352.238280</ele>
        <time>2025-11-20T10:10:19.584Z</time>
      </trkpt>
      <trkpt lat="18.751660" lon="98.885589">
        <ele>354.277643</ele>
        <time>2025-11-20T10:10:40.273Z</time>
      </trkpt>
      <trkpt lat="18.751872" lon="98.885807">
        <ele>354.906523</ele>
        <time>2025-11-20T10:10:49.300Z</time>
      </trkpt>
      <trkpt lat="18.752625" lon="98.886066">
        <ele>357.232023</ele>
        <time>2025-11-20T10:11:14.736Z</time>
      </trkpt>
      <trkpt lat="18.752811" lon="98.886183">
        <ele>358.080688</ele>
        <time>2025-11-20T10:11:21.799Z</time>
      </trkpt>
      <trkpt lat="18.752927" lon="98.886195">
        <ele>358.537586</ele>
        <time>2025-11-20T10:11:25.499Z</time>
      </trkpt>
      <trkpt lat="18.753162" lon="98.886145">
        <ele>359.477299</ele>
        <time>2025-11-20T10:11:32.910Z</time>
      </trkpt>
      <trkpt lat="18.753750" lon="98.886120">
        <ele>361.784135</ele>
        <time>2025-11-20T10:11:49.990Z</time>
      </trkpt>
      <trkpt lat="18.753822" lon="98.885980">
        <ele>362.375500</ele>
        <time>2025-11-20T10:11:54.275Z</time>
      </trkpt>
      <trkpt lat="18.753993" lon="98.885775">
        <ele>363.350066</ele>
        <time>2025-11-20T10:12:01.691Z</time>
      </trkpt>
      <trkpt lat="18.754171" lon="98.885262">
        <ele>365.220947</ele>
        <time>2025-11-20T10:12:17.758Z</time>
      </trkpt>
      <trkpt lat="18.754256" lon="98.885216">
        <ele>365.566340</ele>
        <time>2025-11-20T10:12:20.984Z</time>
      </trkpt>
      <trkpt lat="18.754377" lon="98.885224">
        <ele>366.004767</ele>
        <time>2025-11-20T10:12:25.181Z</time>
      </trkpt>
      <trkpt lat="18.754690" lon="98.885451">
        <ele>367.377866</ele>
        <time>2025-11-20T10:12:38.310Z</time>
      </trkpt>
      <trkpt lat="18.754818" lon="98.885427">
        <ele>367.847989</ele>
        <time>2025-11-20T10:12:42.393Z</time>
      </trkpt>
      <trkpt lat="18.755022" lon="98.885333">
        <ele>368.652874</ele>
        <time>2025-11-20T10:12:48.614Z</time>
      </trkpt>
      <trkpt lat="18.755105" lon="98.885259">
        <ele>369.045685</ele>
        <time>2025-11-20T10:12:51.307Z</time>
      </trkpt>
      <trkpt lat="18.755149" lon="98.885173">
        <ele>369.380409</ele>
        <time>2025-11-20T10:12:53.613Z</time>
      </trkpt>
      <trkpt lat="18.755146" lon="98.884851">
        <ele>369.190010</ele>
        <time>2025-11-20T10:12:59.782Z</time>
      </trkpt>
      <trkpt lat="18.754432" lon="98.884851">
        <ele>368.734263</ele>
        <time>2025-11-20T10:13:09.019Z</time>
      </trkpt>
      <trkpt lat="18.753835" lon="98.884633">
        <ele>368.331060</ele>
        <time>2025-11-20T10:13:15.574Z</time>
      </trkpt>
      <trkpt lat="18.753467" lon="98.884383">
        <ele>368.765343</ele>
        <time>2025-11-20T10:13:20.378Z</time>
      </trkpt>
      <trkpt lat="18.753305" lon="98.884241">
        <ele>369.151649</ele>
        <time>2025-11-20T10:13:23.110Z</time>
      </trkpt>
      <trkpt lat="18.753153" lon="98.884004">
        <ele>369.648995</ele>
        <time>2025-11-20T10:13:27.501Z</time>
      </trkpt>
      <trkpt lat="18.752997" lon="98.883623">
        <ele>370.370215</ele>
        <time>2025-11-20T10:13:36.472Z</time>
      </trkpt>
      <trkpt lat="18.752947" lon="98.883417">
        <ele>370.739709</ele>
        <time>2025-11-20T10:13:42.262Z</time>
      </trkpt>
      <trkpt lat="18.752943" lon="98.883243">
        <ele>371.042121</ele>
        <time>2025-11-20T10:13:47.612Z</time>
      </trkpt>
      <trkpt lat="18.752982" lon="98.883078">
        <ele>371.337603</ele>
        <time>2025-11-20T10:13:53.383Z</time>
      </trkpt>
      <trkpt lat="18.753047" lon="98.882964">
        <ele>371.612221</ele>
        <time>2025-11-20T10:13:58.222Z</time>
      </trkpt>
      <trkpt lat="18.753145" lon="98.882868">
        <ele>372.184482</ele>
        <time>2025-11-20T10:14:03.705Z</time>
      </trkpt>
      <trkpt lat="18.753285" lon="98.882786">
        <ele>372.869856</ele>
        <time>2025-11-20T10:14:10.693Z</time>
      </trkpt>
      <trkpt lat="18.753669" lon="98.882661">
        <ele>374.590149</ele>
        <time>2025-11-20T10:14:28.588Z</time>
      </trkpt>
      <trkpt lat="18.753836" lon="98.882680">
        <ele>375.309240</ele>
        <time>2025-11-20T10:14:35.114Z</time>
      </trkpt>
      <trkpt lat="18.754305" lon="98.882847">
        <ele>377.428167</ele>
        <time>2025-11-20T10:14:51.220Z</time>
      </trkpt>
      <trkpt lat="18.754406" lon="98.882859">
        <ele>377.863292</ele>
        <time>2025-11-20T10:14:53.789Z</time>
      </trkpt>
      <trkpt lat="18.754475" lon="98.882838">
        <ele>378.170715</ele>
        <time>2025-11-20T10:14:55.600Z</time>
      </trkpt>
      <trkpt lat="18.754572" lon="98.882739">
        <ele>378.748225</ele>
        <time>2025-11-20T10:14:58.497Z</time>
      </trkpt>
      <trkpt lat="18.754595" lon="98.882667">
        <ele>379.056265</ele>
        <time>2025-11-20T10:14:59.767Z</time>
      </trkpt>
      <trkpt lat="18.754603" lon="98.882368">
        <ele>379.070854</ele>
        <time>2025-11-20T10:15:03.998Z</time>
      </trkpt>
      <trkpt lat="18.754648" lon="98.882251">
        <ele>378.988689</ele>
        <time>2025-11-20T10:15:05.454Z</time>
      </trkpt>
      <trkpt lat="18.754934" lon="98.881934">
        <ele>378.703804</ele>
        <time>2025-11-20T10:15:09.795Z</time>
      </trkpt>
      <trkpt lat="18.755138" lon="98.881270">
        <ele>378.249607</ele>
        <time>2025-11-20T10:15:16.833Z</time>
      </trkpt>
      <trkpt lat="18.755220" lon="98.881106">
        <ele>378.128940</ele>
        <time>2025-11-20T10:15:19.367Z</time>
      </trkpt>
      <trkpt lat="18.755390" lon="98.880953">
        <ele>378.020894</ele>
        <time>2025-11-20T10:15:23.518Z</time>
      </trkpt>
      <trkpt lat="18.755531" lon="98.880859">
        <ele>378.113020</ele>
        <time>2025-11-20T10:15:27.239Z</time>
      </trkpt>
      <trkpt lat="18.755732" lon="98.880766">
        <ele>378.234263</ele>
        <time>2025-11-20T10:15:32.672Z</time>
      </trkpt>
      <trkpt lat="18.755870" lon="98.880739">
        <ele>378.311805</ele>
        <time>2025-11-20T10:15:36.268Z</time>
      </trkpt>
      <trkpt lat="18.756423" lon="98.880893">
        <ele>378.627781</ele>
        <time>2025-11-20T10:15:50.886Z</time>
      </trkpt>
      <trkpt lat="18.756766" lon="98.880892">
        <ele>378.817289</ele>
        <time>2025-11-20T10:15:56.692Z</time>
      </trkpt>
      <trkpt lat="18.757201" lon="98.880975">
        <ele>378.524843</ele>
        <time>2025-11-20T10:16:01.440Z</time>
      </trkpt>
      <trkpt lat="18.757368" lon="98.880931">
        <ele>377.859604</ele>
        <time>2025-11-20T10:16:03.132Z</time>
      </trkpt>
      <trkpt lat="18.757445" lon="98.880883">
        <ele>377.514021</ele>
        <time>2025-11-20T10:16:03.997Z</time>
      </trkpt>
      <trkpt lat="18.757747" lon="98.880543">
        <ele>375.807937</ele>
        <time>2025-11-20T10:16:08.149Z</time>
      </trkpt>
      <trkpt lat="18.758017" lon="98.880338">
        <ele>374.522690</ele>
        <time>2025-11-20T10:16:11.225Z</time>
      </trkpt>
      <trkpt lat="18.758279" lon="98.880217">
        <ele>373.417468</ele>
        <time>2025-11-20T10:16:13.898Z</time>
      </trkpt>
      <trkpt lat="18.758689" lon="98.880039">
        <ele>372.041729</ele>
        <time>2025-11-20T10:16:18.252Z</time>
      </trkpt>
      <trkpt lat="18.759004" lon="98.879791">
        <ele>372.037663</ele>
        <time>2025-11-20T10:16:22.886Z</time>
      </trkpt>
      <trkpt lat="18.759974" lon="98.878669">
        <ele>372.176641</ele>
        <time>2025-11-20T10:16:50.373Z</time>
      </trkpt>
      <trkpt lat="18.760183" lon="98.878348">
        <ele>372.644077</ele>
        <time>2025-11-20T10:16:58.928Z</time>
      </trkpt>
      <trkpt lat="18.760742" lon="98.877197">
        <ele>374.196220</ele>
        <time>2025-11-20T10:17:23.736Z</time>
      </trkpt>
      <trkpt lat="18.760786" lon="98.876989">
        <ele>374.509717</ele>
        <time>2025-11-20T10:17:27.035Z</time>
      </trkpt>
      <trkpt lat="18.760787" lon="98.876388">
        <ele>375.511067</ele>
        <time>2025-11-20T10:17:36.686Z</time>
      </trkpt>
      <trkpt lat="18.760900" lon="98.875973">
        <ele>376.230537</ele>
        <time>2025-11-20T10:17:44.407Z</time>
      </trkpt>
      <trkpt lat="18.761037" lon="98.875706">
        <ele>376.736514</ele>
        <time>2025-11-20T10:17:50.802Z</time>
      </trkpt>
      <trkpt lat="18.761333" lon="98.875293">
        <ele>377.743417</ele>
        <time>2025-11-20T10:18:04.304Z</time>
      </trkpt>
      <trkpt lat="18.761488" lon="98.875183">
        <ele>378.432147</ele>
        <time>2025-11-20T10:18:10.193Z</time>
      </trkpt>
      <trkpt lat="18.761702" lon="98.875116">
        <ele>379.255350</ele>
        <time>2025-11-20T10:18:17.739Z</time>
      </trkpt>
      <trkpt lat="18.762137" lon="98.875093">
        <ele>380.861681</ele>
        <time>2025-11-20T10:18:33.406Z</time>
      </trkpt>
      <trkpt lat="18.762362" lon="98.875136">
        <ele>381.704980</ele>
        <time>2025-11-20T10:18:41.933Z</time>
      </trkpt>
      <trkpt lat="18.762714" lon="98.875234">
        <ele>383.047541</ele>
        <time>2025-11-20T10:18:54.654Z</time>
      </trkpt>
      <trkpt lat="18.762898" lon="98.875320">
        <ele>383.789635</ele>
        <time>2025-11-20T10:18:59.892Z</time>
      </trkpt>
      <trkpt lat="18.763033" lon="98.875422">
        <ele>383.837244</ele>
        <time>2025-11-20T10:19:02.999Z</time>
      </trkpt>
      <trkpt lat="18.763263" lon="98.875661">
        <ele>382.787901</ele>
        <time>2025-11-20T10:19:06.864Z</time>
      </trkpt>
      <trkpt lat="18.763438" lon="98.875817">
        <ele>382.043146</ele>
        <time>2025-11-20T10:19:09.227Z</time>
      </trkpt>
      <trkpt lat="18.763510" lon="98.875846">
        <ele>381.792542</ele>
        <time>2025-11-20T10:19:09.983Z</time>
      </trkpt>
      <trkpt lat="18.763581" lon="98.875860">
        <ele>381.557650</ele>
        <time>2025-11-20T10:19:10.695Z</time>
      </trkpt>
      <trkpt lat="18.763711" lon="98.875816">
        <ele>381.113692</ele>
        <time>2025-11-20T10:19:12.004Z</time>
      </trkpt>
      <trkpt lat="18.763755" lon="98.875795">
        <ele>380.956665</ele>
        <time>2025-11-20T10:19:12.464Z</time>
      </trkpt>
      <trkpt lat="18.763869" lon="98.875673">
        <ele>380.428856</ele>
        <time>2025-11-20T10:19:13.990Z</time>
      </trkpt>
      <trkpt lat="18.763992" lon="98.875438">
        <ele>379.602021</ele>
        <time>2025-11-20T10:19:16.337Z</time>
      </trkpt>
      <trkpt lat="18.764056" lon="98.875284">
        <ele>379.084144</ele>
        <time>2025-11-20T10:19:17.782Z</time>
      </trkpt>
      <trkpt lat="18.764108" lon="98.875058">
        <ele>378.367971</ele>
        <time>2025-11-20T10:19:19.750Z</time>
      </trkpt>
      <trkpt lat="18.764108" lon="98.874885">
        <ele>377.854161</ele>
        <time>2025-11-20T10:19:21.222Z</time>
      </trkpt>
      <trkpt lat="18.763983" lon="98.873350">
        <ele>373.325048</ele>
        <time>2025-11-20T10:19:36.119Z</time>
      </trkpt>
      <trkpt lat="18.764076" lon="98.872648">
        <ele>372.993780</ele>
        <time>2025-11-20T10:19:45.243Z</time>
      </trkpt>
      <trkpt lat="18.764191" lon="98.872198">
        <ele>373.306563</ele>
        <time>2025-11-20T10:19:53.291Z</time>
      </trkpt>
      <trkpt lat="18.764281" lon="98.872007">
        <ele>373.449730</ele>
        <time>2025-11-20T10:19:57.567Z</time>
      </trkpt>
      <trkpt lat="18.764486" lon="98.871727">
        <ele>373.687246</ele>
        <time>2025-11-20T10:20:04.905Z</time>
      </trkpt>
      <trkpt lat="18.764726" lon="98.871606">
        <ele>373.875728</ele>
        <time>2025-11-20T10:20:10.685Z</time>
      </trkpt>
      <trkpt lat="18.765272" lon="98.871443">
        <ele>374.529897</ele>
        <time>2025-11-20T10:20:22.589Z</time>
      </trkpt>
      <trkpt lat="18.765510" lon="98.871357">
        <ele>374.842289</ele>
        <time>2025-11-20T10:20:27.779Z</time>
      </trkpt>
      <trkpt lat="18.765717" lon="98.871236">
        <ele>375.136110</ele>
        <time>2025-11-20T10:20:32.591Z</time>
      </trkpt>
      <trkpt lat="18.765909" lon="98.870975">
        <ele>375.524758</ele>
        <time>2025-11-20T10:20:38.653Z</time>
      </trkpt>
      <trkpt lat="18.766096" lon="98.870666">
        <ele>375.955982</ele>
        <time>2025-11-20T10:20:44.943Z</time>
      </trkpt>
      <trkpt lat="18.766316" lon="98.870485">
        <ele>376.302772</ele>
        <time>2025-11-20T10:20:49.772Z</time>
      </trkpt>
      <trkpt lat="18.767315" lon="98.870099">
        <ele>377.628649</ele>
        <time>2025-11-20T10:21:10.038Z</time>
      </trkpt>
      <trkpt lat="18.767608" lon="98.870013">
        <ele>378.007689</ele>
        <time>2025-11-20T10:21:16.413Z</time>
      </trkpt>
      <trkpt lat="18.767871" lon="98.869968">
        <ele>378.339769</ele>
        <time>2025-11-20T10:21:22.019Z</time>
      </trkpt>
      <trkpt lat="18.768145" lon="98.869922">
        <ele>379.001257</ele>
        <time>2025-11-20T10:21:27.948Z</time>
      </trkpt>
      <trkpt lat="18.768394" lon="98.869815">
        <ele>379.732234</ele>
        <time>2025-11-20T10:21:34.129Z</time>
      </trkpt>
      <trkpt lat="18.768437" lon="98.869764">
        <ele>379.908053</ele>
        <time>2025-11-20T10:21:35.663Z</time>
      </trkpt>
      <trkpt lat="18.768538" lon="98.869586">
        <ele>380.442325</ele>
        <time>2025-11-20T10:21:40.600Z</time>
      </trkpt>
      <trkpt lat="18.768546" lon="98.869491">
        <ele>380.687878</ele>
        <time>2025-11-20T10:21:42.973Z</time>
      </trkpt>
      <trkpt lat="18.768486" lon="98.869146">
        <ele>381.590976</ele>
        <time>2025-11-20T10:21:52.096Z</time>
      </trkpt>
      <trkpt lat="18.768534" lon="98.868967">
        <ele>382.069957</ele>
        <time>2025-11-20T10:21:57.148Z</time>
      </trkpt>
      <trkpt lat="18.768559" lon="98.868915">
        <ele>382.220107</ele>
        <time>2025-11-20T10:21:58.808Z</time>
      </trkpt>
      <trkpt lat="18.769370" lon="98.868170">
        <ele>384.523846</ele>
        <time>2025-11-20T10:22:29.005Z</time>
      </trkpt>
      <trkpt lat="18.769702" lon="98.867896">
        <ele>385.282784</ele>
        <time>2025-11-20T10:22:37.887Z</time>
      </trkpt>
      <trkpt lat="18.769792" lon="98.867807">
        <ele>385.504864</ele>
        <time>2025-11-20T10:22:40.160Z</time>
      </trkpt>
      <trkpt lat="18.769844" lon="98.867686">
        <ele>385.731486</ele>
        <time>2025-11-20T10:22:42.340Z</time>
      </trkpt>
      <trkpt lat="18.769885" lon="98.867398">
        <ele>386.228178</ele>
        <time>2025-11-20T10:22:46.871Z</time>
      </trkpt>
      <trkpt lat="18.769965" lon="98.867219">
        <ele>386.565095</ele>
        <time>2025-11-20T10:22:49.843Z</time>
      </trkpt>
      <trkpt lat="18.770033" lon="98.867106">
        <ele>386.784402</ele>
        <time>2025-11-20T10:22:51.845Z</time>
      </trkpt>
      <trkpt lat="18.770200" lon="98.866942">
        <ele>387.178891</ele>
        <time>2025-11-20T10:22:55.586Z</time>
      </trkpt>
      <trkpt lat="18.770276" lon="98.866883">
        <ele>387.342062</ele>
        <time>2025-11-20T10:22:57.141Z</time>
      </trkpt>
      <trkpt lat="18.770548" lon="98.866774">
        <ele>387.845339</ele>
        <time>2025-11-20T10:23:02.188Z</time>
      </trkpt>
      <trkpt lat="18.770761" lon="98.866743">
        <ele>388.217299</ele>
        <time>2025-11-20T10:23:06.370Z</time>
      </trkpt>
      <trkpt lat="18.771259" lon="98.866757">
        <ele>389.079116</ele>
        <time>2025-11-20T10:23:18.602Z</time>
      </trkpt>
      <trkpt lat="18.771368" lon="98.866760">
        <ele>389.267744</ele>
        <time>2025-11-20T10:23:21.647Z</time>
      </trkpt>
      <trkpt lat="18.771505" lon="98.866721">
        <ele>389.513204</ele>
        <time>2025-11-20T10:23:25.695Z</time>
      </trkpt>
      <trkpt lat="18.771554" lon="98.866673">
        <ele>389.628818</ele>
        <time>2025-11-20T10:23:27.634Z</time>
      </trkpt>
      <trkpt lat="18.771573" lon="98.866579">
        <ele>389.888468</ele>
        <time>2025-11-20T10:23:30.325Z</time>
      </trkpt>
      <trkpt lat="18.771555" lon="98.866296">
        <ele>390.731053</ele>
        <time>2025-11-20T10:23:38.229Z</time>
      </trkpt>
      <trkpt lat="18.771587" lon="98.866188">
        <ele>391.067224</ele>
        <time>2025-11-20T10:23:41.297Z</time>
      </trkpt>
      <trkpt lat="18.771646" lon="98.866120">
        <ele>391.341218</ele>
        <time>2025-11-20T10:23:43.807Z</time>
      </trkpt>
      <trkpt lat="18.771859" lon="98.866012">
        <ele>392.082531</ele>
        <time>2025-11-20T10:23:50.617Z</time>
      </trkpt>
      <trkpt lat="18.771958" lon="98.865885">
        <ele>392.571217</ele>
        <time>2025-11-20T10:23:55.327Z</time>
      </trkpt>
      <trkpt lat="18.771971" lon="98.865823">
        <ele>392.759858</ele>
        <time>2025-11-20T10:23:57.238Z</time>
      </trkpt>
      <trkpt lat="18.771955" lon="98.865769">
        <ele>392.927943</ele>
        <time>2025-11-20T10:23:58.824Z</time>
      </trkpt>
      <trkpt lat="18.771752" lon="98.865562">
        <ele>393.813263</ele>
        <time>2025-11-20T10:24:07.263Z</time>
      </trkpt>
      <trkpt lat="18.771732" lon="98.865461">
        <ele>394.119788</ele>
        <time>2025-11-20T10:24:09.960Z</time>
      </trkpt>
      <trkpt lat="18.771743" lon="98.865343">
        <ele>394.472018</ele>
        <time>2025-11-20T10:24:13.056Z</time>
      </trkpt>
      <trkpt lat="18.771785" lon="98.865219">
        <ele>394.863237</ele>
        <time>2025-11-20T10:24:16.304Z</time>
      </trkpt>
      <trkpt lat="18.771866" lon="98.865116">
        <ele>395.260990</ele>
        <time>2025-11-20T10:24:19.343Z</time>
      </trkpt>
      <trkpt lat="18.772068" lon="98.864882">
        <ele>395.423297</ele>
        <time>2025-11-20T10:24:25.697Z</time>
      </trkpt>
      <trkpt lat="18.772109" lon="98.864771">
        <ele>395.470365</ele>
        <time>2025-11-20T10:24:27.768Z</time>
      </trkpt>
      <trkpt lat="18.772105" lon="98.864706">
        <ele>395.496097</ele>
        <time>2025-11-20T10:24:28.855Z</time>
      </trkpt>
      <trkpt lat="18.771951" lon="98.864440">
        <ele>395.619266</ele>
        <time>2025-11-20T10:24:33.518Z</time>
      </trkpt>
      <trkpt lat="18.771665" lon="98.864062">
        <ele>395.810415</ele>
        <time>2025-11-20T10:24:40.036Z</time>
      </trkpt>
      <trkpt lat="18.771591" lon="98.863894">
        <ele>395.883613</ele>
        <time>2025-11-20T10:24:42.244Z</time>
      </trkpt>
      <trkpt lat="18.771558" lon="98.863421">
        <ele>396.137222</ele>
        <time>2025-11-20T10:24:47.896Z</time>
      </trkpt>
      <trkpt lat="18.771599" lon="98.863202">
        <ele>396.577246</ele>
        <time>2025-11-20T10:24:50.875Z</time>
      </trkpt>
      <trkpt lat="18.771667" lon="98.863028">
        <ele>396.948281</ele>
        <time>2025-11-20T10:24:53.746Z</time>
      </trkpt>
      <trkpt lat="18.771872" lon="98.862780">
        <ele>397.597192</ele>
        <time>2025-11-20T10:24:59.671Z</time>
      </trkpt>
      <trkpt lat="18.772075" lon="98.862570">
        <ele>398.188743</ele>
        <time>2025-11-20T10:25:06.146Z</time>
      </trkpt>
      <trkpt lat="18.772270" lon="98.862392">
        <ele>398.725301</ele>
        <time>2025-11-20T10:25:13.130Z</time>
      </trkpt>
      <trkpt lat="18.772757" lon="98.861916">
        <ele>400.685335</ele>
        <time>2025-11-20T10:25:33.887Z</time>
      </trkpt>
      <trkpt lat="18.773199" lon="98.861525">
        <ele>404.141794</ele>
        <time>2025-11-20T10:25:53.784Z</time>
      </trkpt>
      <trkpt lat="18.773579" lon="98.861229">
        <ele>406.972460</ele>
        <time>2025-11-20T10:26:11.938Z</time>
      </trkpt>
      <trkpt lat="18.773914" lon="98.860829">
        <ele>410.003689</ele>
        <time>2025-11-20T10:26:33.757Z</time>
      </trkpt>
      <trkpt lat="18.773978" lon="98.860714">
        <ele>410.919236</ele>
        <time>2025-11-20T10:26:39.648Z</time>
      </trkpt>
      <trkpt lat="18.774117" lon="98.860232">
        <ele>416.308714</ele>
        <time>2025-11-20T10:27:03.410Z</time>
      </trkpt>
      <trkpt lat="18.774180" lon="98.860093">
        <ele>417.957079</ele>
        <time>2025-11-20T10:27:11.246Z</time>
      </trkpt>
      <trkpt lat="18.774353" lon="98.859917">
        <ele>420.670725</ele>
        <time>2025-11-20T10:27:25.161Z</time>
      </trkpt>
      <trkpt lat="18.775028" lon="98.859310">
        <ele>430.686035</ele>
        <time>2025-11-20T10:28:25.867Z</time>
      </trkpt>
      <trkpt lat="18.775125" lon="98.859173">
        <ele>432.603166</ele>
        <time>2025-11-20T10:28:38.105Z</time>
      </trkpt>
      <trkpt lat="18.775231" lon="98.858941">
        <ele>435.507580</ele>
        <time>2025-11-20T10:28:56.526Z</time>
      </trkpt>
      <trkpt lat="18.775466" lon="98.858083">
        <ele>445.578037</ele>
        <time>2025-11-20T10:29:56.160Z</time>
      </trkpt>
      <trkpt lat="18.775483" lon="98.857877">
        <ele>447.909457</ele>
        <time>2025-11-20T10:30:07.961Z</time>
      </trkpt>
      <trkpt lat="18.775464" lon="98.857080">
        <ele>453.111437</ele>
        <time>2025-11-20T10:30:42.007Z</time>
      </trkpt>
      <trkpt lat="18.775498" lon="98.856392">
        <ele>454.452889</ele>
        <time>2025-11-20T10:30:56.876Z</time>
      </trkpt>
      <trkpt lat="18.775563" lon="98.856142">
        <ele>454.957693</ele>
        <time>2025-11-20T10:31:00.236Z</time>
      </trkpt>
      <trkpt lat="18.776024" lon="98.854840">
        <ele>455.415312</ele>
        <time>2025-11-20T10:31:14.496Z</time>
      </trkpt>
      <trkpt lat="18.776115" lon="98.854589">
        <ele>455.222875</ele>
        <time>2025-11-20T10:31:17.415Z</time>
      </trkpt>
      <trkpt lat="18.776230" lon="98.854361">
        <ele>455.037912</ele>
        <time>2025-11-20T10:31:20.527Z</time>
      </trkpt>
      <trkpt lat="18.776150" lon="98.854298">
        <ele>454.962449</ele>
        <time>2025-11-20T10:31:22.444Z</time>
      </trkpt>
      <trkpt lat="18.776108" lon="98.854263">
        <ele>454.921992</ele>
        <time>2025-11-20T10:31:23.539Z</time>
      </trkpt>
      <trkpt lat="18.776103" lon="98.854149">
        <ele>454.840283</ele>
        <time>2025-11-20T10:31:25.826Z</time>
      </trkpt>
      <trkpt lat="18.776161" lon="98.853750">
        <ele>455.355399</ele>
        <time>2025-11-20T10:31:35.201Z</time>
      </trkpt>
      <trkpt lat="18.775907" lon="98.852880">
        <ele>459.533408</ele>
        <time>2025-11-20T10:32:05.856Z</time>
      </trkpt>
      <trkpt lat="18.775816" lon="98.852703">
        <ele>460.457708</ele>
        <time>2025-11-20T10:32:14.234Z</time>
      </trkpt>
      <trkpt lat="18.775693" lon="98.852341">
        <ele>462.222696</ele>
        <time>2025-11-20T10:32:31.472Z</time>
      </trkpt>
      <trkpt lat="18.775791" lon="98.852160">
        <ele>463.179551</ele>
        <time>2025-11-20T10:32:41.426Z</time>
      </trkpt>
      <trkpt lat="18.775897" lon="98.852023">
        <ele>464.606388</ele>
        <time>2025-11-20T10:32:50.314Z</time>
      </trkpt>
      <trkpt lat="18.776035" lon="98.851929">
        <ele>466.199864</ele>
        <time>2025-11-20T10:32:59.439Z</time>
      </trkpt>
      <trkpt lat="18.776173" lon="98.851877">
        <ele>467.621678</ele>
        <time>2025-11-20T10:33:07.935Z</time>
      </trkpt>
      <trkpt lat="18.776328" lon="98.851748">
        <ele>469.536627</ele>
        <time>2025-11-20T10:33:19.808Z</time>
      </trkpt>
      <trkpt lat="18.776425" lon="98.851345">
        <ele>473.356975</ele>
        <time>2025-11-20T10:33:44.650Z</time>
      </trkpt>
      <trkpt lat="18.776458" lon="98.851036">
        <ele>476.213922</ele>
        <time>2025-11-20T10:34:03.368Z</time>
      </trkpt>
      <trkpt lat="18.776425" lon="98.850813">
        <ele>478.287614</ele>
        <time>2025-11-20T10:34:16.612Z</time>
      </trkpt>
      <trkpt lat="18.776206" lon="98.850401">
        <ele>482.445460</ele>
        <time>2025-11-20T10:34:43.969Z</time>
      </trkpt>
      <trkpt lat="18.776190" lon="98.850058">
        <ele>485.278952</ele>
        <time>2025-11-20T10:35:03.172Z</time>
      </trkpt>
      <trkpt lat="18.776230" lon="98.849860">
        <ele>486.949406</ele>
        <time>2025-11-20T10:35:13.995Z</time>
      </trkpt>
      <trkpt lat="18.776222" lon="98.849705">
        <ele>488.230194</ele>
        <time>2025-11-20T10:35:22.089Z</time>
      </trkpt>
      <trkpt lat="18.776027" lon="98.849062">
        <ele>493.801045</ele>
        <time>2025-11-20T10:35:55.133Z</time>
      </trkpt>
      <trkpt lat="18.775921" lon="98.848873">
        <ele>495.613535</ele>
        <time>2025-11-20T10:36:05.509Z</time>
      </trkpt>
      <trkpt lat="18.775783" lon="98.848701">
        <ele>497.445148</ele>
        <time>2025-11-20T10:36:16.575Z</time>
      </trkpt>
      <trkpt lat="18.775621" lon="98.848556">
        <ele>499.241003</ele>
        <time>2025-11-20T10:36:28.130Z</time>
      </trkpt>
      <trkpt lat="18.775499" lon="98.848384">
        <ele>500.961858</ele>
        <time>2025-11-20T10:36:39.393Z</time>
      </trkpt>
      <trkpt lat="18.775454" lon="98.848271">
        <ele>501.943448</ele>
        <time>2025-11-20T10:36:45.786Z</time>
      </trkpt>
      <trkpt lat="18.775393" lon="98.847903">
        <ele>504.934909</ele>
        <time>2025-11-20T10:37:05.280Z</time>
      </trkpt>
      <trkpt lat="18.775377" lon="98.847474">
        <ele>508.372653</ele>
        <time>2025-11-20T10:37:27.511Z</time>
      </trkpt>
      <trkpt lat="18.775326" lon="98.847360">
        <ele>509.382244</ele>
        <time>2025-11-20T10:37:33.987Z</time>
      </trkpt>
      <trkpt lat="18.775231" lon="98.847285">
        <ele>510.385316</ele>
        <time>2025-11-20T10:37:40.466Z</time>
      </trkpt>
      <trkpt lat="18.774898" lon="98.847268">
        <ele>513.086380</ele>
        <time>2025-11-20T10:37:58.701Z</time>
      </trkpt>
      <trkpt lat="18.774321" lon="98.847011">
        <ele>517.960401</ele>
        <time>2025-11-20T10:38:32.008Z</time>
      </trkpt>
      <trkpt lat="18.774142" lon="98.846761">
        <ele>520.270209</ele>
        <time>2025-11-20T10:38:46.935Z</time>
      </trkpt>
      <trkpt lat="18.773874" lon="98.846212">
        <ele>524.822038</ele>
        <time>2025-11-20T10:39:16.192Z</time>
      </trkpt>
      <trkpt lat="18.773792" lon="98.845680">
        <ele>528.182771</ele>
        <time>2025-11-20T10:39:41.216Z</time>
      </trkpt>
      <trkpt lat="18.773736" lon="98.845440">
        <ele>529.642377</ele>
        <time>2025-11-20T10:39:52.432Z</time>
      </trkpt>
      <trkpt lat="18.773679" lon="98.845268">
        <ele>530.718459</ele>
        <time>2025-11-20T10:40:00.484Z</time>
      </trkpt>
      <trkpt lat="18.773565" lon="98.845081">
        <ele>532.031799</ele>
        <time>2025-11-20T10:40:10.059Z</time>
      </trkpt>
      <trkpt lat="18.773565" lon="98.845011">
        <ele>532.445151</ele>
        <time>2025-11-20T10:40:13.005Z</time>
      </trkpt>
      <trkpt lat="18.773815" lon="98.844385">
        <ele>536.457077</ele>
        <time>2025-11-20T10:40:40.392Z</time>
      </trkpt>
      <trkpt lat="18.774004" lon="98.844104">
        <ele>538.361825</ele>
        <time>2025-11-20T10:40:53.545Z</time>
      </trkpt>
      <trkpt lat="18.774182" lon="98.843594">
        <ele>541.302222</ele>
        <time>2025-11-20T10:41:13.823Z</time>
      </trkpt>
      <trkpt lat="18.774304" lon="98.843414">
        <ele>542.499741</ele>
        <time>2025-11-20T10:41:22.197Z</time>
      </trkpt>
      <trkpt lat="18.774524" lon="98.843200">
        <ele>544.208605</ele>
        <time>2025-11-20T10:41:34.621Z</time>
      </trkpt>
      <trkpt lat="18.774703" lon="98.843097">
        <ele>545.373275</ele>
        <time>2025-11-20T10:41:43.487Z</time>
      </trkpt>
      <trkpt lat="18.774832" lon="98.842951">
        <ele>546.453572</ele>
        <time>2025-11-20T10:41:52.293Z</time>
      </trkpt>
      <trkpt lat="18.774889" lon="98.842779">
        <ele>547.540966</ele>
        <time>2025-11-20T10:42:00.733Z</time>
      </trkpt>
      <trkpt lat="18.774971" lon="98.842650">
        <ele>548.757078</ele>
        <time>2025-11-20T10:42:08.241Z</time>
      </trkpt>
      <trkpt lat="18.775369" lon="98.842273">
        <ele>553.176562</ele>
        <time>2025-11-20T10:42:37.545Z</time>
      </trkpt>
      <trkpt lat="18.775480" lon="98.842092">
        <ele>554.864434</ele>
        <time>2025-11-20T10:42:49.165Z</time>
      </trkpt>
      <trkpt lat="18.775621" lon="98.841620">
        <ele>558.738215</ele>
        <time>2025-11-20T10:43:15.816Z</time>
      </trkpt>
      <trkpt lat="18.775735" lon="98.841414">
        <ele>560.605757</ele>
        <time>2025-11-20T10:43:28.232Z</time>
      </trkpt>
      <trkpt lat="18.775824" lon="98.841337">
        <ele>561.556817</ele>
        <time>2025-11-20T10:43:34.500Z</time>
      </trkpt>
      <trkpt lat="18.776003" lon="98.841234">
        <ele>563.232474</ele>
        <time>2025-11-20T10:43:45.276Z</time>
      </trkpt>
      <trkpt lat="18.776287" lon="98.841131">
        <ele>565.694604</ele>
        <time>2025-11-20T10:44:00.145Z</time>
      </trkpt>
      <trkpt lat="18.776612" lon="98.841063">
        <ele>568.411241</ele>
        <time>2025-11-20T10:44:15.539Z</time>
      </trkpt>
      <trkpt lat="18.776978" lon="98.840934">
        <ele>571.574958</ele>
        <time>2025-11-20T10:44:34.095Z</time>
      </trkpt>
      <trkpt lat="18.777083" lon="98.840822">
        <ele>572.798568</ele>
        <time>2025-11-20T10:44:41.756Z</time>
      </trkpt>
      <trkpt lat="18.777108" lon="98.840728">
        <ele>573.556549</ele>
        <time>2025-11-20T10:44:46.674Z</time>
      </trkpt>
      <trkpt lat="18.777051" lon="98.840539">
        <ele>575.096426</ele>
        <time>2025-11-20T10:44:57.082Z</time>
      </trkpt>
      <trkpt lat="18.776855" lon="98.840184">
        <ele>579.152380</ele>
        <time>2025-11-20T10:45:21.033Z</time>
      </trkpt>
      <trkpt lat="18.776810" lon="98.839936">
        <ele>582.276790</ele>
        <time>2025-11-20T10:45:36.847Z</time>
      </trkpt>
      <trkpt lat="18.776825" lon="98.839720">
        <ele>584.956589</ele>
        <time>2025-11-20T10:45:51.345Z</time>
      </trkpt>
      <trkpt lat="18.776897" lon="98.839547">
        <ele>587.294843</ele>
        <time>2025-11-20T10:46:04.743Z</time>
      </trkpt>
      <trkpt lat="18.776977" lon="98.839432">
        <ele>589.060566</ele>
        <time>2025-11-20T10:46:15.397Z</time>
      </trkpt>
      <trkpt lat="18.777090" lon="98.839326">
        <ele>591.035673</ele>
        <time>2025-11-20T10:46:27.612Z</time>
      </trkpt>
      <trkpt lat="18.777114" lon="98.839148">
        <ele>593.260327</ele>
        <time>2025-11-20T10:46:41.563Z</time>
      </trkpt>
      <trkpt lat="18.777108" lon="98.838908">
        <ele>596.230935</ele>
        <time>2025-11-20T10:47:00.274Z</time>
      </trkpt>
      <trkpt lat="18.777303" lon="98.838324">
        <ele>603.888961</ele>
        <time>2025-11-20T10:47:46.186Z</time>
      </trkpt>
      <trkpt lat="18.777384" lon="98.837861">
        <ele>609.707953</ele>
        <time>2025-11-20T10:48:17.062Z</time>
      </trkpt>
      <trkpt lat="18.777425" lon="98.837827">
        <ele>610.388395</ele>
        <time>2025-11-20T10:48:20.525Z</time>
      </trkpt>
      <trkpt lat="18.777506" lon="98.837810">
        <ele>611.466404</ele>
        <time>2025-11-20T10:48:26.311Z</time>
      </trkpt>
      <trkpt lat="18.777815" lon="98.838024">
        <ele>616.289718</ele>
        <time>2025-11-20T10:48:51.699Z</time>
      </trkpt>
      <trkpt lat="18.777921" lon="98.838058">
        <ele>617.735791</ele>
        <time>2025-11-20T10:48:59.265Z</time>
      </trkpt>
      <trkpt lat="18.778034" lon="98.838058">
        <ele>619.210842</ele>
        <time>2025-11-20T10:49:06.921Z</time>
      </trkpt>
      <trkpt lat="18.778270" lon="98.837981">
        <ele>622.435112</ele>
        <time>2025-11-20T10:49:23.973Z</time>
      </trkpt>
      <trkpt lat="18.778351" lon="98.837895">
        <ele>623.992738</ele>
        <time>2025-11-20T10:49:32.379Z</time>
      </trkpt>
      <trkpt lat="18.778384" lon="98.837827">
        <ele>625.394455</ele>
        <time>2025-11-20T10:49:37.790Z</time>
      </trkpt>
      <trkpt lat="18.778384" lon="98.837664">
        <ele>628.384535</ele>
        <time>2025-11-20T10:49:49.790Z</time>
      </trkpt>
      <trkpt lat="18.778124" lon="98.837269">
        <ele>637.209528</ele>
        <time>2025-11-20T10:50:29.700Z</time>
      </trkpt>
      <trkpt lat="18.777994" lon="98.837022">
        <ele>642.393561</ele>
        <time>2025-11-20T10:50:56.491Z</time>
      </trkpt>
      <trkpt lat="18.777872" lon="98.836702">
        <ele>648.721730</ele>
        <time>2025-11-20T10:51:32.422Z</time>
      </trkpt>
      <trkpt lat="18.777880" lon="98.836582">
        <ele>650.928472</ele>
        <time>2025-11-20T10:51:45.135Z</time>
      </trkpt>
      <trkpt lat="18.777929" lon="98.836213">
        <ele>657.763699</ele>
        <time>2025-11-20T10:52:24.503Z</time>
      </trkpt>
      <trkpt lat="18.778222" lon="98.835489">
        <ele>670.889174</ele>
        <time>2025-11-20T10:53:47.888Z</time>
      </trkpt>
      <trkpt lat="18.778140" lon="98.834780">
        <ele>682.716695</ele>
        <time>2025-11-20T10:54:50.765Z</time>
      </trkpt>
      <trkpt lat="18.778181" lon="98.834436">
        <ele>688.457909</ele>
        <time>2025-11-20T10:55:10.063Z</time>
      </trkpt>
      <trkpt lat="18.778229" lon="98.834325">
        <ele>690.162766</ele>
        <time>2025-11-20T10:55:16.050Z</time>
      </trkpt>
      <trkpt lat="18.778514" lon="98.834170">
        <ele>690.816914</ele>
        <time>2025-11-20T10:55:29.413Z</time>
      </trkpt>
      <trkpt lat="18.778664" lon="98.834155">
        <ele>691.124377</ele>
        <time>2025-11-20T10:55:34.192Z</time>
      </trkpt>
      <trkpt lat="18.778822" lon="98.834179">
        <ele>691.450113</ele>
        <time>2025-11-20T10:55:38.221Z</time>
      </trkpt>
      <trkpt lat="18.778855" lon="98.834186">
        <ele>691.518799</ele>
        <time>2025-11-20T10:55:38.837Z</time>
      </trkpt>
      <trkpt lat="18.778953" lon="98.834162">
        <ele>691.724085</ele>
        <time>2025-11-20T10:55:40.823Z</time>
      </trkpt>
      <trkpt lat="18.779018" lon="98.834119">
        <ele>691.880594</ele>
        <time>2025-11-20T10:55:42.059Z</time>
      </trkpt>
      <trkpt lat="18.779083" lon="98.834050">
        <ele>692.068649</ele>
        <time>2025-11-20T10:55:43.558Z</time>
      </trkpt>
      <trkpt lat="18.779131" lon="98.833939">
        <ele>692.304411</ele>
        <time>2025-11-20T10:55:45.286Z</time>
      </trkpt>
      <trkpt lat="18.779156" lon="98.833715">
        <ele>692.740175</ele>
        <time>2025-11-20T10:55:48.322Z</time>
      </trkpt>
      <trkpt lat="18.779391" lon="98.832685">
        <ele>695.955988</ele>
        <time>2025-11-20T10:56:12.768Z</time>
      </trkpt>
      <trkpt lat="18.779700" lon="98.832574">
        <ele>697.403892</ele>
        <time>2025-11-20T10:56:24.917Z</time>
      </trkpt>
      <trkpt lat="18.779903" lon="98.832527">
        <ele>698.325827</ele>
        <time>2025-11-20T10:56:33.104Z</time>
      </trkpt>
      <trkpt lat="18.780047" lon="98.832403">
        <ele>699.150040</ele>
        <time>2025-11-20T10:56:41.156Z</time>
      </trkpt>
      <trkpt lat="18.780234" lon="98.832060">
        <ele>700.812438</ele>
        <time>2025-11-20T10:56:58.618Z</time>
      </trkpt>
      <trkpt lat="18.780478" lon="98.831837">
        <ele>702.450713</ele>
        <time>2025-11-20T10:57:15.601Z</time>
      </trkpt>
      <trkpt lat="18.780567" lon="98.831699">
        <ele>703.458587</ele>
        <time>2025-11-20T10:57:24.322Z</time>
      </trkpt>
      <trkpt lat="18.780721" lon="98.831313">
        <ele>705.986921</ele>
        <time>2025-11-20T10:57:44.325Z</time>
      </trkpt>
      <trkpt lat="18.780738" lon="98.830910">
        <ele>708.421857</ele>
        <time>2025-11-20T10:57:59.167Z</time>
      </trkpt>
      <trkpt lat="18.780721" lon="98.830798">
        <ele>709.106527</ele>
        <time>2025-11-20T10:58:02.934Z</time>
      </trkpt>
      <trkpt lat="18.780794" lon="98.830704">
        <ele>709.840376</ele>
        <time>2025-11-20T10:58:07.276Z</time>
      </trkpt>
      <trkpt lat="18.780835" lon="98.830678">
        <ele>710.145264</ele>
        <time>2025-11-20T10:58:09.027Z</time>
      </trkpt>
      <trkpt lat="18.781087" lon="98.830695">
        <ele>711.755160</ele>
        <time>2025-11-20T10:58:19.693Z</time>
      </trkpt>
      <trkpt lat="18.781477" lon="98.830824">
        <ele>715.056841</ele>
        <time>2025-11-20T10:58:39.664Z</time>
      </trkpt>
      <trkpt lat="18.781558" lon="98.830832">
        <ele>715.897086</ele>
        <time>2025-11-20T10:58:44.024Z</time>
      </trkpt>
      <trkpt lat="18.781745" lon="98.830798">
        <ele>717.856891</ele>
        <time>2025-11-20T10:58:54.216Z</time>
      </trkpt>
      <trkpt lat="18.781892" lon="98.830678">
        <ele>719.775747</ele>
        <time>2025-11-20T10:59:04.514Z</time>
      </trkpt>
      <trkpt lat="18.782095" lon="98.830300">
        <ele>724.025217</ele>
        <time>2025-11-20T10:59:29.074Z</time>
      </trkpt>
      <trkpt lat="18.782174" lon="98.830093">
        <ele>726.207604</ele>
        <time>2025-11-20T10:59:43.198Z</time>
      </trkpt>
      <trkpt lat="18.782183" lon="98.829990">
        <ele>727.219054</ele>
        <time>2025-11-20T10:59:49.993Z</time>
      </trkpt>
      <trkpt lat="18.782103" lon="98.829459">
        <ele>732.510309</ele>
        <time>2025-11-20T11:00:28.938Z</time>
      </trkpt>
      <trkpt lat="18.782347" lon="98.828996">
        <ele>737.955008</ele>
        <time>2025-11-20T11:01:06.850Z</time>
      </trkpt>
      <trkpt lat="18.782379" lon="98.828893">
        <ele>739.068860</ele>
        <time>2025-11-20T11:01:14.186Z</time>
      </trkpt>
      <trkpt lat="18.782363" lon="98.828635">
        <ele>741.725493</ele>
        <time>2025-11-20T11:01:30.465Z</time>
      </trkpt>
      <trkpt lat="18.782225" lon="98.828464">
        <ele>744.034230</ele>
        <time>2025-11-20T11:01:43.904Z</time>
      </trkpt>
      <trkpt lat="18.781835" lon="98.828180">
        <ele>749.175306</ele>
        <time>2025-11-20T11:02:11.110Z</time>
      </trkpt>
      <trkpt lat="18.781786" lon="98.828069">
        <ele>750.433723</ele>
        <time>2025-11-20T11:02:17.347Z</time>
      </trkpt>
      <trkpt lat="18.781871" lon="98.827200">
        <ele>755.599681</ele>
        <time>2025-11-20T11:02:55.904Z</time>
      </trkpt>
      <trkpt lat="18.781900" lon="98.827088">
        <ele>756.229732</ele>
        <time>2025-11-20T11:03:00.143Z</time>
      </trkpt>
      <trkpt lat="18.782103" lon="98.826361">
        <ele>760.342563</ele>
        <time>2025-11-20T11:03:27.708Z</time>
      </trkpt>
      <trkpt lat="18.782493" lon="98.825511">
        <ele>765.315148</ele>
        <time>2025-11-20T11:04:03.237Z</time>
      </trkpt>
      <trkpt lat="18.782647" lon="98.825331">
        <ele>766.578993</ele>
        <time>2025-11-20T11:04:13.914Z</time>
      </trkpt>
      <trkpt lat="18.782932" lon="98.825202">
        <ele>768.285104</ele>
        <time>2025-11-20T11:04:29.704Z</time>
      </trkpt>
      <trkpt lat="18.783094" lon="98.825168">
        <ele>769.193922</ele>
        <time>2025-11-20T11:04:37.951Z</time>
      </trkpt>
      <trkpt lat="18.783216" lon="98.825108">
        <ele>769.934417</ele>
        <time>2025-11-20T11:04:44.442Z</time>
      </trkpt>
      <trkpt lat="18.783285" lon="98.825036">
        <ele>770.468110</ele>
        <time>2025-11-20T11:04:48.603Z</time>
      </trkpt>
      <trkpt lat="18.783341" lon="98.824784">
        <ele>771.658255</ele>
        <time>2025-11-20T11:04:58.422Z</time>
      </trkpt>
      <trkpt lat="18.783299" lon="98.824555">
        <ele>772.175392</ele>
        <time>2025-11-20T11:05:05.236Z</time>
      </trkpt>
      <trkpt lat="18.783247" lon="98.824458">
        <ele>772.422525</ele>
        <time>2025-11-20T11:05:08.040Z</time>
      </trkpt>
      <trkpt lat="18.783193" lon="98.824249">
        <ele>772.902828</ele>
        <time>2025-11-20T11:05:13.345Z</time>
      </trkpt>
      <trkpt lat="18.783190" lon="98.824185">
        <ele>773.044891</ele>
        <time>2025-11-20T11:05:15.016Z</time>
      </trkpt>
      <trkpt lat="18.783218" lon="98.824120">
        <ele>773.203213</ele>
        <time>2025-11-20T11:05:16.946Z</time>
      </trkpt>
      <trkpt lat="18.783265" lon="98.824100">
        <ele>773.321871</ele>
        <time>2025-11-20T11:05:18.452Z</time>
      </trkpt>
      <trkpt lat="18.784028" lon="98.824143">
        <ele>775.111155</ele>
        <time>2025-11-20T11:05:41.073Z</time>
      </trkpt>
      <trkpt lat="18.784167" lon="98.824101">
        <ele>775.449713</ele>
        <time>2025-11-20T11:05:44.853Z</time>
      </trkpt>
      <trkpt lat="18.784540" lon="98.823769">
        <ele>774.848184</ele>
        <time>2025-11-20T11:05:55.226Z</time>
      </trkpt>
      <trkpt lat="18.784725" lon="98.823273">
        <ele>773.573740</ele>
        <time>2025-11-20T11:06:04.729Z</time>
      </trkpt>
      <trkpt lat="18.784769" lon="98.823204">
        <ele>773.374859</ele>
        <time>2025-11-20T11:06:06.079Z</time>
      </trkpt>
      <trkpt lat="18.784877" lon="98.823129">
        <ele>773.048488</ele>
        <time>2025-11-20T11:06:08.263Z</time>
      </trkpt>
      <trkpt lat="18.784907" lon="98.823108">
        <ele>772.957609</ele>
        <time>2025-11-20T11:06:08.809Z</time>
      </trkpt>
      <trkpt lat="18.784975" lon="98.823030">
        <ele>772.704127</ele>
        <time>2025-11-20T11:06:10.387Z</time>
      </trkpt>
      <trkpt lat="18.785105" lon="98.822731">
        <ele>771.917563</ele>
        <time>2025-11-20T11:06:14.830Z</time>
      </trkpt>
      <trkpt lat="18.785246" lon="98.822517">
        <ele>771.294275</ele>
        <time>2025-11-20T11:06:18.060Z</time>
      </trkpt>
      <trkpt lat="18.785761" lon="98.822014">
        <ele>763.105021</ele>
        <time>2025-11-20T11:06:26.576Z</time>
      </trkpt>
      <trkpt lat="18.785801" lon="98.821930">
        <ele>762.025607</ele>
        <time>2025-11-20T11:06:27.634Z</time>
      </trkpt>
      <trkpt lat="18.785881" lon="98.821587">
        <ele>757.970307</ele>
        <time>2025-11-20T11:06:31.585Z</time>
      </trkpt>
      <trkpt lat="18.785934" lon="98.821465">
        <ele>756.429361</ele>
        <time>2025-11-20T11:06:33.077Z</time>
      </trkpt>
      <trkpt lat="18.786182" lon="98.821007">
        <ele>750.372385</ele>
        <time>2025-11-20T11:06:38.907Z</time>
      </trkpt>
      <trkpt lat="18.786373" lon="98.820564">
        <ele>744.468863</ele>
        <time>2025-11-20T11:06:44.267Z</time>
      </trkpt>
      <trkpt lat="18.786686" lon="98.820091">
        <ele>737.391371</ele>
        <time>2025-11-20T11:06:50.672Z</time>
      </trkpt>
      <trkpt lat="18.786760" lon="98.819923">
        <ele>735.118921</ele>
        <time>2025-11-20T11:06:52.752Z</time>
      </trkpt>
      <trkpt lat="18.786766" lon="98.819855">
        <ele>734.281351</ele>
        <time>2025-11-20T11:06:53.525Z</time>
      </trkpt>
      <trkpt lat="18.786722" lon="98.819687">
        <ele>732.143600</ele>
        <time>2025-11-20T11:06:55.507Z</time>
      </trkpt>
      <trkpt lat="18.786644" lon="98.819466">
        <ele>729.251021</ele>
        <time>2025-11-20T11:06:58.200Z</time>
      </trkpt>
      <trkpt lat="18.786421" lon="98.818634">
        <ele>719.979794</ele>
        <time>2025-11-20T11:07:08.177Z</time>
      </trkpt>
      <trkpt lat="18.786395" lon="98.818307">
        <ele>716.675207</ele>
        <time>2025-11-20T11:07:12.000Z</time>
      </trkpt>
      <trkpt lat="18.786402" lon="98.818084">
        <ele>714.428291</ele>
        <time>2025-11-20T11:07:14.581Z</time>
      </trkpt>
      <trkpt lat="18.786446" lon="98.817902">
        <ele>712.536679</ele>
        <time>2025-11-20T11:07:16.744Z</time>
      </trkpt>
      <trkpt lat="18.786595" lon="98.817488">
        <ele>708.076474</ele>
        <time>2025-11-20T11:07:21.766Z</time>
      </trkpt>
      <trkpt lat="18.786877" lon="98.817108">
        <ele>702.854913</ele>
        <time>2025-11-20T11:07:27.195Z</time>
      </trkpt>
      <trkpt lat="18.786994" lon="98.816984">
        <ele>700.923219</ele>
        <time>2025-11-20T11:07:29.158Z</time>
      </trkpt>
      <trkpt lat="18.787202" lon="98.816904">
        <ele>698.343301</ele>
        <time>2025-11-20T11:07:31.798Z</time>
      </trkpt>
      <trkpt lat="18.788340" lon="98.816650">
        <ele>685.169590</ele>
        <time>2025-11-20T11:07:45.710Z</time>
      </trkpt>
      <trkpt lat="18.788462" lon="98.816490">
        <ele>683.613869</ele>
        <time>2025-11-20T11:07:48.095Z</time>
      </trkpt>
      <trkpt lat="18.788612" lon="98.816170">
        <ele>680.909891</ele>
        <time>2025-11-20T11:07:52.305Z</time>
      </trkpt>
      <trkpt lat="18.788874" lon="98.815773">
        <ele>677.245244</ele>
        <time>2025-11-20T11:07:58.141Z</time>
      </trkpt>
      <trkpt lat="18.788937" lon="98.815582">
        <ele>675.713622</ele>
        <time>2025-11-20T11:08:00.613Z</time>
      </trkpt>
      <trkpt lat="18.788946" lon="98.815376">
        <ele>674.152024</ele>
        <time>2025-11-20T11:08:03.138Z</time>
      </trkpt>
      <trkpt lat="18.788973" lon="98.815277">
        <ele>673.371858</ele>
        <time>2025-11-20T11:08:04.400Z</time>
      </trkpt>
      <trkpt lat="18.789150" lon="98.814980">
        <ele>671.082722</ele>
        <time>2025-11-20T11:08:08.703Z</time>
      </trkpt>
      <trkpt lat="18.789293" lon="98.814819">
        <ele>670.091569</ele>
        <time>2025-11-20T11:08:11.417Z</time>
      </trkpt>
      <trkpt lat="18.789480" lon="98.814705">
        <ele>669.067650</ele>
        <time>2025-11-20T11:08:14.233Z</time>
      </trkpt>
      <trkpt lat="18.789692" lon="98.814629">
        <ele>668.005945</ele>
        <time>2025-11-20T11:08:17.181Z</time>
      </trkpt>
      <trkpt lat="18.789888" lon="98.814491">
        <ele>666.888877</ele>
        <time>2025-11-20T11:08:20.337Z</time>
      </trkpt>
      <trkpt lat="18.789967" lon="98.814392">
        <ele>666.307572</ele>
        <time>2025-11-20T11:08:22.014Z</time>
      </trkpt>
      <trkpt lat="18.790208" lon="98.813845">
        <ele>663.598827</ele>
        <time>2025-11-20T11:08:30.250Z</time>
      </trkpt>
      <trkpt lat="18.790269" lon="98.813559">
        <ele>662.282351</ele>
        <time>2025-11-20T11:08:34.627Z</time>
      </trkpt>
      <trkpt lat="18.790471" lon="98.813160">
        <ele>660.250276</ele>
        <time>2025-11-20T11:08:41.472Z</time>
      </trkpt>
      <trkpt lat="18.790661" lon="98.812629">
        <ele>657.700866</ele>
        <time>2025-11-20T11:08:49.112Z</time>
      </trkpt>
      <trkpt lat="18.790942" lon="98.812118">
        <ele>655.046866</ele>
        <time>2025-11-20T11:08:56.301Z</time>
      </trkpt>
      <trkpt lat="18.791049" lon="98.811759">
        <ele>652.675771</ele>
        <time>2025-11-20T11:09:00.702Z</time>
      </trkpt>
      <trkpt lat="18.791291" lon="98.811561">
        <ele>650.399998</ele>
        <time>2025-11-20T11:09:04.497Z</time>
      </trkpt>
      <trkpt lat="18.791797" lon="98.811332">
        <ele>646.307341</ele>
        <time>2025-11-20T11:09:11.399Z</time>
      </trkpt>
      <trkpt lat="18.791790" lon="98.811182">
        <ele>645.250312</ele>
        <time>2025-11-20T11:09:13.191Z</time>
      </trkpt>
      <trkpt lat="18.791345" lon="98.810652">
        <ele>640.944436</ele>
        <time>2025-11-20T11:09:21.847Z</time>
      </trkpt>
      <trkpt lat="18.791367" lon="98.810377">
        <ele>640.437536</ele>
        <time>2025-11-20T11:09:25.388Z</time>
      </trkpt>
      <trkpt lat="18.791445" lon="98.810147">
        <ele>639.988802</ele>
        <time>2025-11-20T11:09:28.740Z</time>
      </trkpt>
      <trkpt lat="18.791451" lon="98.810076">
        <ele>639.857877</ele>
        <time>2025-11-20T11:09:29.708Z</time>
      </trkpt>
      <trkpt lat="18.791645" lon="98.809796">
        <ele>639.220575</ele>
        <time>2025-11-20T11:09:34.595Z</time>
      </trkpt>
      <trkpt lat="18.791769" lon="98.809475">
        <ele>638.583794</ele>
        <time>2025-11-20T11:09:39.758Z</time>
      </trkpt>
      <trkpt lat="18.792161" lon="98.808867">
        <ele>639.330718</ele>
        <time>2025-11-20T11:09:59.206Z</time>
      </trkpt>
      <trkpt lat="18.792227" lon="98.808760">
        <ele>640.160640</ele>
        <time>2025-11-20T11:10:04.357Z</time>
      </trkpt>
      <trkpt lat="18.792371" lon="98.808682">
        <ele>641.271517</ele>
        <time>2025-11-20T11:10:11.923Z</time>
      </trkpt>
      <trkpt lat="18.792568" lon="98.808653">
        <ele>642.636895</ele>
        <time>2025-11-20T11:10:22.427Z</time>
      </trkpt>
      <trkpt lat="18.793019" lon="98.808799">
        <ele>645.874913</ele>
        <time>2025-11-20T11:10:50.255Z</time>
      </trkpt>
      <trkpt lat="18.793513" lon="98.809025">
        <ele>649.570361</ele>
        <time>2025-11-20T11:11:21.243Z</time>
      </trkpt>
      <trkpt lat="18.793681" lon="98.809142">
        <ele>650.543602</ele>
        <time>2025-11-20T11:11:31.656Z</time>
      </trkpt>
      <trkpt lat="18.793900" lon="98.809335">
        <ele>651.623335</ele>
        <time>2025-11-20T11:11:44.658Z</time>
      </trkpt>
      <trkpt lat="18.794449" lon="98.809675">
        <ele>654.032590</ele>
        <time>2025-11-20T11:12:06.481Z</time>
      </trkpt>
      <trkpt lat="18.794934" lon="98.809806">
        <ele>655.927762</ele>
        <time>2025-11-20T11:12:17.961Z</time>
      </trkpt>
      <trkpt lat="18.795126" lon="98.809984">
        <ele>656.922020</ele>
        <time>2025-11-20T11:12:23.624Z</time>
      </trkpt>
      <trkpt lat="18.795878" lon="98.810365">
        <ele>662.035699</ele>
        <time>2025-11-20T11:12:50.918Z</time>
      </trkpt>
      <trkpt lat="18.796269" lon="98.810462">
        <ele>664.498276</ele>
        <time>2025-11-20T11:13:10.384Z</time>
      </trkpt>
      <trkpt lat="18.796671" lon="98.810451">
        <ele>666.963899</ele>
        <time>2025-11-20T11:13:33.410Z</time>
      </trkpt>
      <trkpt lat="18.797036" lon="98.810317">
        <ele>670.752770</ele>
        <time>2025-11-20T11:13:59.317Z</time>
      </trkpt>
      <trkpt lat="18.797346" lon="98.810151">
        <ele>674.964341</ele>
        <time>2025-11-20T11:14:25.155Z</time>
      </trkpt>
      <trkpt lat="18.797605" lon="98.810086">
        <ele>678.190179</ele>
        <time>2025-11-20T11:14:45.617Z</time>
      </trkpt>
      <trkpt lat="18.797844" lon="98.810086">
        <ele>681.086306</ele>
        <time>2025-11-20T11:15:03.987Z</time>
      </trkpt>
      <trkpt lat="18.797991" lon="98.810011">
        <ele>683.064495</ele>
        <time>2025-11-20T11:15:16.354Z</time>
      </trkpt>
      <trkpt lat="18.798032" lon="98.809861">
        <ele>684.855484</ele>
        <time>2025-11-20T11:15:27.300Z</time>
      </trkpt>
      <trkpt lat="18.797980" lon="98.809592">
        <ele>688.004951</ele>
        <time>2025-11-20T11:15:45.281Z</time>
      </trkpt>
      <trkpt lat="18.797989" lon="98.809407">
        <ele>689.947238</ele>
        <time>2025-11-20T11:15:56.456Z</time>
      </trkpt>
      <trkpt lat="18.798025" lon="98.809343">
        <ele>690.458626</ele>
        <time>2025-11-20T11:16:00.639Z</time>
      </trkpt>
      <trkpt lat="18.798125" lon="98.809342">
        <ele>691.184290</ele>
        <time>2025-11-20T11:16:06.479Z</time>
      </trkpt>
      <trkpt lat="18.798413" lon="98.809684">
        <ele>694.328568</ele>
        <time>2025-11-20T11:16:28.522Z</time>
      </trkpt>
      <trkpt lat="18.798717" lon="98.809743">
        <ele>696.571410</ele>
        <time>2025-11-20T11:16:41.110Z</time>
      </trkpt>
      <trkpt lat="18.798895" lon="98.809802">
        <ele>697.925127</ele>
        <time>2025-11-20T11:16:47.969Z</time>
      </trkpt>
      <trkpt lat="18.798951" lon="98.809979">
        <ele>699.207088</ele>
        <time>2025-11-20T11:16:54.646Z</time>
      </trkpt>
      <trkpt lat="18.798951" lon="98.810215">
        <ele>700.828226</ele>
        <time>2025-11-20T11:17:03.513Z</time>
      </trkpt>
      <trkpt lat="18.799046" lon="98.810387">
        <ele>702.196131</ele>
        <time>2025-11-20T11:17:11.624Z</time>
      </trkpt>
      <trkpt lat="18.799190" lon="98.810432">
        <ele>704.002464</ele>
        <time>2025-11-20T11:17:18.724Z</time>
      </trkpt>
      <trkpt lat="18.799502" lon="98.810438">
        <ele>709.165832</ele>
        <time>2025-11-20T11:17:36.519Z</time>
      </trkpt>
      <trkpt lat="18.799855" lon="98.810331">
        <ele>715.242460</ele>
        <time>2025-11-20T11:18:03.260Z</time>
      </trkpt>
      <trkpt lat="18.799929" lon="98.810176">
        <ele>717.961628</ele>
        <time>2025-11-20T11:18:17.250Z</time>
      </trkpt>
      <trkpt lat="18.799826" lon="98.809821">
        <ele>723.777577</ele>
        <time>2025-11-20T11:18:51.723Z</time>
      </trkpt>
      <trkpt lat="18.799794" lon="98.809217">
        <ele>733.585563</ele>
        <time>2025-11-20T11:19:55.620Z</time>
      </trkpt>
      <trkpt lat="18.799817" lon="98.808689">
        <ele>745.456164</ele>
        <time>2025-11-20T11:20:51.839Z</time>
      </trkpt>
      <trkpt lat="18.799820" lon="98.808625">
        <ele>746.895265</ele>
        <time>2025-11-20T11:20:58.662Z</time>
      </trkpt>
      <trkpt lat="18.799958" lon="98.808007">
        <ele>761.155479</ele>
        <time>2025-11-20T11:22:06.103Z</time>
      </trkpt>
      <trkpt lat="18.800117" lon="98.807496">
        <ele>773.235759</ele>
        <time>2025-11-20T11:23:02.809Z</time>
      </trkpt>
      <trkpt lat="18.800400" lon="98.807296">
        <ele>778.167049</ele>
        <time>2025-11-20T11:23:34.491Z</time>
      </trkpt>
      <trkpt lat="18.800652" lon="98.807152">
        <ele>781.489388</ele>
        <time>2025-11-20T11:23:57.282Z</time>
      </trkpt>
      <trkpt lat="18.801470" lon="98.807174">
        <ele>790.977995</ele>
        <time>2025-11-20T11:24:45.446Z</time>
      </trkpt>
      <trkpt lat="18.801764" lon="98.807114">
        <ele>794.450259</ele>
        <time>2025-11-20T11:24:59.081Z</time>
      </trkpt>
      <trkpt lat="18.801967" lon="98.807002">
        <ele>796.523998</ele>
        <time>2025-11-20T11:25:09.589Z</time>
      </trkpt>
      <trkpt lat="18.802186" lon="98.806975">
        <ele>797.716115</ele>
        <time>2025-11-20T11:25:20.178Z</time>
      </trkpt>
      <trkpt lat="18.802785" lon="98.807141">
        <ele>801.064353</ele>
        <time>2025-11-20T11:25:50.494Z</time>
      </trkpt>
      <trkpt lat="18.803018" lon="98.807104">
        <ele>802.338281</ele>
        <time>2025-11-20T11:26:00.754Z</time>
      </trkpt>
      <trkpt lat="18.803176" lon="98.806943">
        <ele>803.525210</ele>
        <time>2025-11-20T11:26:09.377Z</time>
      </trkpt>
      <trkpt lat="18.803482" lon="98.806818">
        <ele>805.299069</ele>
        <time>2025-11-20T11:26:20.608Z</time>
      </trkpt>
      <trkpt lat="18.803602" lon="98.806838">
        <ele>805.631521</ele>
        <time>2025-11-20T11:26:24.278Z</time>
      </trkpt>
      <trkpt lat="18.803761" lon="98.806910">
        <ele>805.158789</ele>
        <time>2025-11-20T11:26:29.082Z</time>
      </trkpt>
      <trkpt lat="18.803882" lon="98.807206">
        <ele>804.324746</ele>
        <time>2025-11-20T11:26:36.045Z</time>
      </trkpt>
      <trkpt lat="18.804054" lon="98.807340">
        <ele>803.740731</ele>
        <time>2025-11-20T11:26:39.492Z</time>
      </trkpt>
      <trkpt lat="18.804537" lon="98.807340">
        <ele>802.420850</ele>
        <time>2025-11-20T11:26:46.017Z</time>
      </trkpt>
      <trkpt lat="18.804669" lon="98.807415">
        <ele>802.011273</ele>
        <time>2025-11-20T11:26:47.936Z</time>
      </trkpt>
      <trkpt lat="18.804760" lon="98.807586">
        <ele>801.503821</ele>
        <time>2025-11-20T11:26:50.311Z</time>
      </trkpt>
      <trkpt lat="18.804807" lon="98.807753">
        <ele>801.053136</ele>
        <time>2025-11-20T11:26:52.414Z</time>
      </trkpt>
      <trkpt lat="18.804776" lon="98.807903">
        <ele>800.861847</ele>
        <time>2025-11-20T11:26:54.318Z</time>
      </trkpt>
      <trkpt lat="18.804511" lon="98.808300">
        <ele>801.132848</ele>
        <time>2025-11-20T11:27:00.703Z</time>
      </trkpt>
      <trkpt lat="18.804481" lon="98.808504">
        <ele>801.248019</ele>
        <time>2025-11-20T11:27:03.939Z</time>
      </trkpt>
      <trkpt lat="18.804557" lon="98.808729">
        <ele>801.381293</ele>
        <time>2025-11-20T11:27:08.388Z</time>
      </trkpt>
      <trkpt lat="18.804883" lon="98.809107">
        <ele>801.666564</ele>
        <time>2025-11-20T11:27:23.700Z</time>
      </trkpt>
      <trkpt lat="18.805151" lon="98.809346">
        <ele>801.873258</ele>
        <time>2025-11-20T11:27:40.871Z</time>
      </trkpt>
      <trkpt lat="18.805171" lon="98.809203">
        <ele>801.858500</ele>
        <time>2025-11-20T11:27:48.496Z</time>
      </trkpt>
      <trkpt lat="18.805225" lon="98.809370">
        <ele>801.819998</ele>
        <time>2025-11-20T11:27:56.667Z</time>
      </trkpt>
      <trkpt lat="18.805618" lon="98.809815">
        <ele>801.687217</ele>
        <time>2025-11-20T11:28:16.361Z</time>
      </trkpt>
      <trkpt lat="18.805748" lon="98.809995">
        <ele>801.637821</ele>
        <time>2025-11-20T11:28:19.283Z</time>
      </trkpt>
      <trkpt lat="18.805759" lon="98.810174">
        <ele>801.598685</ele>
        <time>2025-11-20T11:28:20.987Z</time>
      </trkpt>
      <trkpt lat="18.805658" lon="98.810469">
        <ele>801.530243</ele>
        <time>2025-11-20T11:28:23.730Z</time>
      </trkpt>
      <trkpt lat="18.805206" lon="98.811253">
        <ele>797.376930</ele>
        <time>2025-11-20T11:28:31.239Z</time>
      </trkpt>
      <trkpt lat="18.805016" lon="98.811661">
        <ele>794.492596</ele>
        <time>2025-11-20T11:28:34.978Z</time>
      </trkpt>
      <trkpt lat="18.804943" lon="98.811919">
        <ele>792.784451</ele>
        <time>2025-11-20T11:28:37.311Z</time>
      </trkpt>
      <trkpt lat="18.804943" lon="98.812174">
        <ele>791.166880</ele>
        <time>2025-11-20T11:28:39.647Z</time>
      </trkpt>
      <trkpt lat="18.805004" lon="98.812295">
        <ele>790.297266</ele>
        <time>2025-11-20T11:28:40.993Z</time>
      </trkpt>
      <trkpt lat="18.805145" lon="98.812275">
        <ele>789.368341</ele>
        <time>2025-11-20T11:28:42.545Z</time>
      </trkpt>
      <trkpt lat="18.805347" lon="98.811952">
        <ele>787.723483</ele>
        <time>2025-11-20T11:28:46.681Z</time>
      </trkpt>
      <trkpt lat="18.805489" lon="98.811778">
        <ele>786.747357</ele>
        <time>2025-11-20T11:28:49.158Z</time>
      </trkpt>
      <trkpt lat="18.805549" lon="98.811717">
        <ele>786.373586</ele>
        <time>2025-11-20T11:28:50.109Z</time>
      </trkpt>
      <trkpt lat="18.805711" lon="98.811649">
        <ele>785.591147</ele>
        <time>2025-11-20T11:28:52.030Z</time>
      </trkpt>
      <trkpt lat="18.805812" lon="98.811616">
        <ele>785.116618</ele>
        <time>2025-11-20T11:28:53.161Z</time>
      </trkpt>
      <trkpt lat="18.806862" lon="98.811495">
        <ele>778.546049</ele>
        <time>2025-11-20T11:29:02.804Z</time>
      </trkpt>
      <trkpt lat="18.807278" lon="98.811354">
        <ele>772.881983</ele>
        <time>2025-11-20T11:29:06.517Z</time>
      </trkpt>
      <trkpt lat="18.807379" lon="98.811402">
        <ele>771.446156</ele>
        <time>2025-11-20T11:29:07.449Z</time>
      </trkpt>
      <trkpt lat="18.807387" lon="98.811487">
        <ele>770.397861</ele>
        <time>2025-11-20T11:29:08.125Z</time>
      </trkpt>
      <trkpt lat="18.807335" lon="98.811588">
        <ele>768.986877</ele>
        <time>2025-11-20T11:29:09.035Z</time>
      </trkpt>
      <trkpt lat="18.807072" lon="98.811838">
        <ele>764.400029</ele>
        <time>2025-11-20T11:29:11.969Z</time>
      </trkpt>
      <trkpt lat="18.806894" lon="98.812073">
        <ele>760.706385</ele>
        <time>2025-11-20T11:29:14.315Z</time>
      </trkpt>
      <trkpt lat="18.806842" lon="98.812222">
        <ele>758.757480</ele>
        <time>2025-11-20T11:29:15.558Z</time>
      </trkpt>
      <trkpt lat="18.806831" lon="98.812388">
        <ele>756.612159</ele>
        <time>2025-11-20T11:29:16.853Z</time>
      </trkpt>
      <trkpt lat="18.806866" lon="98.812655">
        <ele>753.043907</ele>
        <time>2025-11-20T11:29:18.960Z</time>
      </trkpt>
      <trkpt lat="18.806927" lon="98.812817">
        <ele>750.735929</ele>
        <time>2025-11-20T11:29:20.317Z</time>
      </trkpt>
      <trkpt lat="18.806989" lon="98.812883">
        <ele>749.505028</ele>
        <time>2025-11-20T11:29:21.045Z</time>
      </trkpt>
      <trkpt lat="18.807050" lon="98.812912">
        <ele>748.569569</ele>
        <time>2025-11-20T11:29:21.595Z</time>
      </trkpt>
      <trkpt lat="18.807143" lon="98.812912">
        <ele>747.269007</ele>
        <time>2025-11-20T11:29:22.368Z</time>
      </trkpt>
      <trkpt lat="18.807468" lon="98.812741">
        <ele>742.191504</ele>
        <time>2025-11-20T11:29:25.381Z</time>
      </trkpt>
      <trkpt lat="18.807529" lon="98.812761">
        <ele>741.298306</ele>
        <time>2025-11-20T11:29:25.916Z</time>
      </trkpt>
      <trkpt lat="18.807558" lon="98.812822">
        <ele>740.394678</ele>
        <time>2025-11-20T11:29:26.454Z</time>
      </trkpt>
      <trkpt lat="18.807529" lon="98.813086">
        <ele>736.876431</ele>
        <time>2025-11-20T11:29:28.579Z</time>
      </trkpt>
      <trkpt lat="18.807444" lon="98.813310">
        <ele>733.681768</ele>
        <time>2025-11-20T11:29:30.530Z</time>
      </trkpt>
      <trkpt lat="18.807436" lon="98.813391">
        <ele>732.689936</ele>
        <time>2025-11-20T11:29:31.198Z</time>
      </trkpt>
      <trkpt lat="18.807436" lon="98.813492">
        <ele>731.781506</ele>
        <time>2025-11-20T11:29:32.034Z</time>
      </trkpt>
      <trkpt lat="18.807497" lon="98.813586">
        <ele>730.756441</ele>
        <time>2025-11-20T11:29:32.975Z</time>
      </trkpt>
      <trkpt lat="18.807549" lon="98.813647">
        <ele>730.018102</ele>
        <time>2025-11-20T11:29:33.664Z</time>
      </trkpt>
      <trkpt lat="18.807671" lon="98.813683">
        <ele>728.814524</ele>
        <time>2025-11-20T11:29:34.787Z</time>
      </trkpt>
      <trkpt lat="18.808317" lon="98.813716">
        <ele>722.669269</ele>
        <time>2025-11-20T11:29:40.563Z</time>
      </trkpt>
      <trkpt lat="18.808565" lon="98.813817">
        <ele>720.143813</ele>
        <time>2025-11-20T11:29:42.900Z</time>
      </trkpt>
      <trkpt lat="18.808796" lon="98.813980">
        <ele>717.504327</ele>
        <time>2025-11-20T11:29:45.309Z</time>
      </trkpt>
      <trkpt lat="18.809008" lon="98.814191">
        <ele>714.094585</ele>
        <time>2025-11-20T11:29:47.789Z</time>
      </trkpt>
      <trkpt lat="18.810364" lon="98.815816">
        <ele>683.093735</ele>
        <time>2025-11-20T11:30:04.721Z</time>
      </trkpt>
      <trkpt lat="18.810949" lon="98.816259">
        <ele>672.944424</ele>
        <time>2025-11-20T11:30:10.659Z</time>
      </trkpt>
      <trkpt lat="18.811124" lon="98.816433">
        <ele>669.555748</ele>
        <time>2025-11-20T11:30:12.667Z</time>
      </trkpt>
      <trkpt lat="18.811173" lon="98.816563">
        <ele>667.688059</ele>
        <time>2025-11-20T11:30:13.783Z</time>
      </trkpt>
      <trkpt lat="18.811160" lon="98.816657">
        <ele>666.420066</ele>
        <time>2025-11-20T11:30:14.539Z</time>
      </trkpt>
      <trkpt lat="18.811121" lon="98.816807">
        <ele>664.343777</ele>
        <time>2025-11-20T11:30:15.803Z</time>
      </trkpt>
      <trkpt lat="18.811064" lon="98.816890">
        <ele>662.975080</ele>
        <time>2025-11-20T11:30:16.649Z</time>
      </trkpt>
      <trkpt lat="18.810759" lon="98.817106">
        <ele>660.040396</ele>
        <time>2025-11-20T11:30:19.898Z</time>
      </trkpt>
      <trkpt lat="18.810291" lon="98.817286">
        <ele>656.143858</ele>
        <time>2025-11-20T11:30:24.420Z</time>
      </trkpt>
      <trkpt lat="18.809954" lon="98.817445">
        <ele>653.256319</ele>
        <time>2025-11-20T11:30:27.786Z</time>
      </trkpt>
      <trkpt lat="18.809771" lon="98.817599">
        <ele>651.425882</ele>
        <time>2025-11-20T11:30:29.894Z</time>
      </trkpt>
      <trkpt lat="18.809316" lon="98.818237">
        <ele>645.434925</ele>
        <time>2025-11-20T11:30:36.495Z</time>
      </trkpt>
      <trkpt lat="18.808532" lon="98.818818">
        <ele>637.769368</ele>
        <time>2025-11-20T11:30:44.741Z</time>
      </trkpt>
      <trkpt lat="18.808471" lon="98.818887">
        <ele>637.054010</ele>
        <time>2025-11-20T11:30:45.540Z</time>
      </trkpt>
      <trkpt lat="18.808362" lon="98.819074">
        <ele>635.390035</ele>
        <time>2025-11-20T11:30:47.448Z</time>
      </trkpt>
      <trkpt lat="18.808354" lon="98.819191">
        <ele>634.501218</ele>
        <time>2025-11-20T11:30:48.501Z</time>
      </trkpt>
      <trkpt lat="18.808415" lon="98.819468">
        <ele>634.219865</ele>
        <time>2025-11-20T11:30:51.170Z</time>
      </trkpt>
      <trkpt lat="18.808588" lon="98.819767">
        <ele>634.026405</ele>
        <time>2025-11-20T11:30:55.013Z</time>
      </trkpt>
      <trkpt lat="18.808622" lon="98.819825">
        <ele>633.988743</ele>
        <time>2025-11-20T11:30:56.001Z</time>
      </trkpt>
      <trkpt lat="18.808882" lon="98.820221">
        <ele>633.722686</ele>
        <time>2025-11-20T11:31:04.996Z</time>
      </trkpt>
      <trkpt lat="18.808970" lon="98.820355">
        <ele>633.632651</ele>
        <time>2025-11-20T11:31:08.503Z</time>
      </trkpt>
      <trkpt lat="18.809052" lon="98.820653">
        <ele>633.461326</ele>
        <time>2025-11-20T11:31:15.462Z</time>
      </trkpt>
      <trkpt lat="18.809047" lon="98.820922">
        <ele>633.310088</ele>
        <time>2025-11-20T11:31:21.253Z</time>
      </trkpt>
      <trkpt lat="18.809022" lon="98.821055">
        <ele>633.197206</ele>
        <time>2025-11-20T11:31:23.943Z</time>
      </trkpt>
      <trkpt lat="18.808211" lon="98.823243">
        <ele>630.802806</ele>
        <time>2025-11-20T11:31:49.780Z</time>
      </trkpt>
      <trkpt lat="18.808177" lon="98.823378">
        <ele>630.583594</ele>
        <time>2025-11-20T11:31:51.149Z</time>
      </trkpt>
      <trkpt lat="18.808187" lon="98.823643">
        <ele>630.167425</ele>
        <time>2025-11-20T11:31:53.777Z</time>
      </trkpt>
      <trkpt lat="18.808273" lon="98.823901">
        <ele>629.738203</ele>
        <time>2025-11-20T11:31:56.561Z</time>
      </trkpt>
      <trkpt lat="18.808284" lon="98.824051">
        <ele>629.502118</ele>
        <time>2025-11-20T11:31:58.145Z</time>
      </trkpt>
      <trkpt lat="18.808281" lon="98.824164">
        <ele>629.324728</ele>
        <time>2025-11-20T11:31:59.341Z</time>
      </trkpt>
      <trkpt lat="18.808219" lon="98.824435">
        <ele>628.887230</ele>
        <time>2025-11-20T11:32:02.412Z</time>
      </trkpt>
      <trkpt lat="18.808069" lon="98.824773">
        <ele>628.564759</ele>
        <time>2025-11-20T11:32:07.102Z</time>
      </trkpt>
      <trkpt lat="18.807379" lon="98.826556">
        <ele>625.566350</ele>
        <time>2025-11-20T11:32:33.434Z</time>
      </trkpt>
      <trkpt lat="18.806924" lon="98.827880">
        <ele>616.895307</ele>
        <time>2025-11-20T11:32:45.343Z</time>
      </trkpt>
      <trkpt lat="18.806924" lon="98.828185">
        <ele>614.280836</ele>
        <time>2025-11-20T11:32:47.800Z</time>
      </trkpt>
      <trkpt lat="18.806964" lon="98.828652">
        <ele>608.703760</ele>
        <time>2025-11-20T11:32:51.553Z</time>
      </trkpt>
      <trkpt lat="18.806912" lon="98.828745">
        <ele>607.419091</ele>
        <time>2025-11-20T11:32:52.420Z</time>
      </trkpt>
      <trkpt lat="18.806294" lon="98.829184">
        <ele>598.061928</ele>
        <time>2025-11-20T11:32:58.643Z</time>
      </trkpt>
      <trkpt lat="18.805705" lon="98.829537">
        <ele>589.684825</ele>
        <time>2025-11-20T11:33:04.301Z</time>
      </trkpt>
      <trkpt lat="18.805177" lon="98.829651">
        <ele>583.157060</ele>
        <time>2025-11-20T11:33:08.837Z</time>
      </trkpt>
      <trkpt lat="18.804545" lon="98.829711">
        <ele>575.470926</ele>
        <time>2025-11-20T11:33:14.213Z</time>
      </trkpt>
      <trkpt lat="18.804364" lon="98.829750">
        <ele>573.233370</ele>
        <time>2025-11-20T11:33:15.793Z</time>
      </trkpt>
      <trkpt lat="18.804210" lon="98.829822">
        <ele>571.244273</ele>
        <time>2025-11-20T11:33:17.230Z</time>
      </trkpt>
      <trkpt lat="18.803703" lon="98.830139">
        <ele>565.690464</ele>
        <time>2025-11-20T11:33:22.275Z</time>
      </trkpt>
      <trkpt lat="18.803175" lon="98.830321">
        <ele>560.454830</ele>
        <time>2025-11-20T11:33:27.017Z</time>
      </trkpt>
      <trkpt lat="18.802916" lon="98.830442">
        <ele>557.785176</ele>
        <time>2025-11-20T11:33:29.459Z</time>
      </trkpt>
      <trkpt lat="18.802864" lon="98.830500">
        <ele>557.072311</ele>
        <time>2025-11-20T11:33:30.125Z</time>
      </trkpt>
      <trkpt lat="18.802598" lon="98.830979">
        <ele>554.032004</ele>
        <time>2025-11-20T11:33:34.913Z</time>
      </trkpt>
      <trkpt lat="18.802494" lon="98.831092">
        <ele>553.771678</ele>
        <time>2025-11-20T11:33:36.356Z</time>
      </trkpt>
      <trkpt lat="18.802420" lon="98.831134">
        <ele>553.625099</ele>
        <time>2025-11-20T11:33:37.202Z</time>
      </trkpt>
      <trkpt lat="18.802323" lon="98.831133">
        <ele>553.455836</ele>
        <time>2025-11-20T11:33:38.213Z</time>
      </trkpt>
      <trkpt lat="18.801402" lon="98.830781">
        <ele>551.746842</ele>
        <time>2025-11-20T11:33:56.869Z</time>
      </trkpt>
      <trkpt lat="18.800957" lon="98.830610">
        <ele>550.061783</ele>
        <time>2025-11-20T11:34:03.761Z</time>
      </trkpt>
      <trkpt lat="18.800729" lon="98.830581">
        <ele>548.817703</ele>
        <time>2025-11-20T11:34:06.135Z</time>
      </trkpt>
      <trkpt lat="18.800675" lon="98.830602">
        <ele>548.505972</ele>
        <time>2025-11-20T11:34:06.690Z</time>
      </trkpt>
      <trkpt lat="18.800613" lon="98.830706">
        <ele>547.875678</ele>
        <time>2025-11-20T11:34:07.803Z</time>
      </trkpt>
      <trkpt lat="18.800592" lon="98.831652">
        <ele>543.022950</ele>
        <time>2025-11-20T11:34:15.765Z</time>
      </trkpt>
      <trkpt lat="18.800541" lon="98.831850">
        <ele>541.970625</ele>
        <time>2025-11-20T11:34:17.435Z</time>
      </trkpt>
      <trkpt lat="18.800473" lon="98.831975">
        <ele>541.304374</ele>
        <time>2025-11-20T11:34:18.624Z</time>
      </trkpt>
      <trkpt lat="18.800344" lon="98.832081">
        <ele>540.602110</ele>
        <time>2025-11-20T11:34:20.063Z</time>
      </trkpt>
      <trkpt lat="18.800220" lon="98.832124">
        <ele>540.041309</ele>
        <time>2025-11-20T11:34:21.219Z</time>
      </trkpt>
      <trkpt lat="18.798882" lon="98.832406">
        <ele>534.178635</ele>
        <time>2025-11-20T11:34:34.865Z</time>
      </trkpt>
      <trkpt lat="18.798248" lon="98.832487">
        <ele>532.890704</ele>
        <time>2025-11-20T11:34:42.885Z</time>
      </trkpt>
      <trkpt lat="18.798004" lon="98.832495">
        <ele>532.472550</ele>
        <time>2025-11-20T11:34:45.963Z</time>
      </trkpt>
      <trkpt lat="18.797550" lon="98.832414">
        <ele>531.683870</ele>
        <time>2025-11-20T11:34:51.495Z</time>
      </trkpt>
      <trkpt lat="18.796791" lon="98.832538">
        <ele>530.580306</ele>
        <time>2025-11-20T11:34:59.578Z</time>
      </trkpt>
      <trkpt lat="18.796293" lon="98.832538">
        <ele>530.171871</ele>
        <time>2025-11-20T11:35:04.816Z</time>
      </trkpt>
      <trkpt lat="18.795811" lon="98.832493">
        <ele>529.775017</ele>
        <time>2025-11-20T11:35:10.995Z</time>
      </trkpt>
      <trkpt lat="18.795268" lon="98.832455">
        <ele>529.328699</ele>
        <time>2025-11-20T11:35:21.055Z</time>
      </trkpt>
      <trkpt lat="18.794897" lon="98.832499">
        <ele>528.593256</ele>
        <time>2025-11-20T11:35:29.128Z</time>
      </trkpt>
      <trkpt lat="18.794731" lon="98.832566">
        <ele>528.221974</ele>
        <time>2025-11-20T11:35:32.933Z</time>
      </trkpt>
      <trkpt lat="18.794631" lon="98.832693">
        <ele>527.895247</ele>
        <time>2025-11-20T11:35:36.047Z</time>
      </trkpt>
      <trkpt lat="18.794343" lon="98.833203">
        <ele>526.720676</ele>
        <time>2025-11-20T11:35:42.826Z</time>
      </trkpt>
      <trkpt lat="18.794243" lon="98.833452">
        <ele>526.185690</ele>
        <time>2025-11-20T11:35:45.296Z</time>
      </trkpt>
      <trkpt lat="18.794160" lon="98.833918">
        <ele>524.371596</ele>
        <time>2025-11-20T11:35:49.336Z</time>
      </trkpt>
      <trkpt lat="18.794110" lon="98.834793">
        <ele>517.473257</ele>
        <time>2025-11-20T11:35:56.484Z</time>
      </trkpt>
      <trkpt lat="18.794059" lon="98.835179">
        <ele>514.406190</ele>
        <time>2025-11-20T11:35:59.671Z</time>
      </trkpt>
      <trkpt lat="18.794052" lon="98.835280">
        <ele>513.609243</ele>
        <time>2025-11-20T11:36:00.509Z</time>
      </trkpt>
      <trkpt lat="18.794086" lon="98.835426">
        <ele>512.426045</ele>
        <time>2025-11-20T11:36:01.762Z</time>
      </trkpt>
      <trkpt lat="18.794190" lon="98.835628">
        <ele>510.616530</ele>
        <time>2025-11-20T11:36:03.695Z</time>
      </trkpt>
      <trkpt lat="18.794234" lon="98.835686">
        <ele>510.460735</ele>
        <time>2025-11-20T11:36:04.332Z</time>
      </trkpt>
      <trkpt lat="18.794397" lon="98.835810">
        <ele>510.073311</ele>
        <time>2025-11-20T11:36:06.168Z</time>
      </trkpt>
      <trkpt lat="18.794439" lon="98.835881">
        <ele>509.920445</ele>
        <time>2025-11-20T11:36:06.906Z</time>
      </trkpt>
      <trkpt lat="18.794426" lon="98.836150">
        <ele>509.428642</ele>
        <time>2025-11-20T11:36:09.339Z</time>
      </trkpt>
      <trkpt lat="18.794370" lon="98.836317">
        <ele>509.105155</ele>
        <time>2025-11-20T11:36:11.004Z</time>
      </trkpt>
      <trkpt lat="18.794246" lon="98.836455">
        <ele>508.757753</ele>
        <time>2025-11-20T11:36:12.894Z</time>
      </trkpt>
      <trkpt lat="18.793640" lon="98.836837">
        <ele>507.396651</ele>
        <time>2025-11-20T11:36:25.593Z</time>
      </trkpt>
      <trkpt lat="18.793340" lon="98.836931">
        <ele>507.636077</ele>
        <time>2025-11-20T11:36:34.396Z</time>
      </trkpt>
      <trkpt lat="18.793242" lon="98.836917">
        <ele>507.935270</ele>
        <time>2025-11-20T11:36:37.389Z</time>
      </trkpt>
      <trkpt lat="18.792689" lon="98.836737">
        <ele>509.685972</ele>
        <time>2025-11-20T11:36:55.688Z</time>
      </trkpt>
      <trkpt lat="18.792568" lon="98.836719">
        <ele>510.055663</ele>
        <time>2025-11-20T11:36:59.585Z</time>
      </trkpt>
      <trkpt lat="18.792014" lon="98.836723">
        <ele>511.731799</ele>
        <time>2025-11-20T11:37:15.331Z</time>
      </trkpt>
      <trkpt lat="18.791796" lon="98.836752">
        <ele>512.396555</ele>
        <time>2025-11-20T11:37:20.458Z</time>
      </trkpt>
      <trkpt lat="18.791532" lon="98.836808">
        <ele>512.469575</ele>
        <time>2025-11-20T11:37:26.122Z</time>
      </trkpt>
      <trkpt lat="18.791131" lon="98.836975">
        <ele>512.281652</ele>
        <time>2025-11-20T11:37:33.798Z</time>
      </trkpt>
      <trkpt lat="18.790894" lon="98.837076">
        <ele>512.170234</ele>
        <time>2025-11-20T11:37:37.435Z</time>
      </trkpt>
      <trkpt lat="18.790224" lon="98.837354">
        <ele>511.856403</ele>
        <time>2025-11-20T11:37:45.821Z</time>
      </trkpt>
      <trkpt lat="18.790124" lon="98.837450">
        <ele>511.797490</ele>
        <time>2025-11-20T11:37:47.273Z</time>
      </trkpt>
      <trkpt lat="18.790061" lon="98.837602">
        <ele>511.469851</ele>
        <time>2025-11-20T11:37:48.932Z</time>
      </trkpt>
      <trkpt lat="18.790016" lon="98.837934">
        <ele>510.611342</ele>
        <time>2025-11-20T11:37:52.176Z</time>
      </trkpt>
      <trkpt lat="18.789933" lon="98.838211">
        <ele>509.867617</ele>
        <time>2025-11-20T11:37:54.868Z</time>
      </trkpt>
      <trkpt lat="18.789767" lon="98.838488">
        <ele>509.028438</ele>
        <time>2025-11-20T11:37:57.849Z</time>
      </trkpt>
      <trkpt lat="18.789577" lon="98.838717">
        <ele>508.248989</ele>
        <time>2025-11-20T11:38:00.633Z</time>
      </trkpt>
      <trkpt lat="18.789461" lon="98.838808">
        <ele>507.858302</ele>
        <time>2025-11-20T11:38:02.063Z</time>
      </trkpt>
      <trkpt lat="18.789266" lon="98.838871">
        <ele>507.306936</ele>
        <time>2025-11-20T11:38:04.181Z</time>
      </trkpt>
      <trkpt lat="18.788941" lon="98.838927">
        <ele>507.801247</ele>
        <time>2025-11-20T11:38:08.318Z</time>
      </trkpt>
      <trkpt lat="18.788564" lon="98.838962">
        <ele>509.617720</ele>
        <time>2025-11-20T11:38:17.676Z</time>
      </trkpt>
      <trkpt lat="18.788369" lon="98.839013">
        <ele>510.581931</ele>
        <time>2025-11-20T11:38:24.496Z</time>
      </trkpt>
      <trkpt lat="18.787952" lon="98.839238">
        <ele>512.829428</ele>
        <time>2025-11-20T11:38:44.491Z</time>
      </trkpt>
      <trkpt lat="18.787817" lon="98.839289">
        <ele>513.517586</ele>
        <time>2025-11-20T11:38:51.324Z</time>
      </trkpt>
      <trkpt lat="18.787698" lon="98.839308">
        <ele>514.095243</ele>
        <time>2025-11-20T11:38:57.183Z</time>
      </trkpt>
      <trkpt lat="18.787228" lon="98.839203">
        <ele>516.168063</ele>
        <time>2025-11-20T11:39:20.551Z</time>
      </trkpt>
      <trkpt lat="18.787155" lon="98.839206">
        <ele>516.422890</ele>
        <time>2025-11-20T11:39:23.938Z</time>
      </trkpt>
      <trkpt lat="18.787106" lon="98.839266">
        <ele>516.684560</ele>
        <time>2025-11-20T11:39:27.446Z</time>
      </trkpt>
      <trkpt lat="18.787098" lon="98.839371">
        <ele>517.032422</ele>
        <time>2025-11-20T11:39:31.929Z</time>
      </trkpt>
      <trkpt lat="18.787255" lon="98.839537">
        <ele>517.807283</ele>
        <time>2025-11-20T11:39:41.319Z</time>
      </trkpt>
      <trkpt lat="18.787297" lon="98.839651">
        <ele>518.211245</ele>
        <time>2025-11-20T11:39:45.713Z</time>
      </trkpt>
      <trkpt lat="18.787292" lon="98.839781">
        <ele>518.640897</ele>
        <time>2025-11-20T11:39:49.934Z</time>
      </trkpt>
      <trkpt lat="18.786980" lon="98.840377">
        <ele>520.889913</ele>
        <time>2025-11-20T11:40:04.751Z</time>
      </trkpt>
      <trkpt lat="18.786759" lon="98.840903">
        <ele>520.310861</ele>
        <time>2025-11-20T11:40:10.592Z</time>
      </trkpt>
      <trkpt lat="18.786664" lon="98.841169">
        <ele>518.844612</ele>
        <time>2025-11-20T11:40:13.183Z</time>
      </trkpt>
      <trkpt lat="18.786567" lon="98.841575">
        <ele>516.685042</ele>
        <time>2025-11-20T11:40:16.824Z</time>
      </trkpt>
      <trkpt lat="18.786486" lon="98.841731">
        <ele>515.767420</ele>
        <time>2025-11-20T11:40:18.332Z</time>
      </trkpt>
      <trkpt lat="18.786297" lon="98.841802">
        <ele>514.674634</ele>
        <time>2025-11-20T11:40:20.113Z</time>
      </trkpt>
      <trkpt lat="18.786221" lon="98.841817">
        <ele>514.253445</ele>
        <time>2025-11-20T11:40:20.794Z</time>
      </trkpt>
      <trkpt lat="18.786072" lon="98.841928">
        <ele>513.260172</ele>
        <time>2025-11-20T11:40:22.392Z</time>
      </trkpt>
      <trkpt lat="18.785037" lon="98.843513">
        <ele>502.802895</ele>
        <time>2025-11-20T11:40:38.800Z</time>
      </trkpt>
      <trkpt lat="18.784916" lon="98.843723">
        <ele>501.693790</ele>
        <time>2025-11-20T11:40:41.285Z</time>
      </trkpt>
      <trkpt lat="18.784589" lon="98.844401">
        <ele>503.175264</ele>
        <time>2025-11-20T11:40:53.560Z</time>
      </trkpt>
      <trkpt lat="18.784575" lon="98.844434">
        <ele>503.245670</ele>
        <time>2025-11-20T11:40:54.477Z</time>
      </trkpt>
      <trkpt lat="18.784423" lon="98.844839">
        <ele>504.093896</ele>
        <time>2025-11-20T11:41:07.169Z</time>
      </trkpt>
      <trkpt lat="18.784199" lon="98.845633">
        <ele>505.739819</ele>
        <time>2025-11-20T11:41:34.139Z</time>
      </trkpt>
      <trkpt lat="18.784083" lon="98.845906">
        <ele>506.373303</ele>
        <time>2025-11-20T11:41:44.024Z</time>
      </trkpt>
      <trkpt lat="18.783490" lon="98.846785">
        <ele>508.658277</ele>
        <time>2025-11-20T11:42:10.137Z</time>
      </trkpt>
      <trkpt lat="18.783163" lon="98.847235">
        <ele>508.226068</ele>
        <time>2025-11-20T11:42:16.568Z</time>
      </trkpt>
      <trkpt lat="18.782748" lon="98.847678">
        <ele>505.290126</ele>
        <time>2025-11-20T11:42:22.312Z</time>
      </trkpt>
      <trkpt lat="18.782183" lon="98.848138">
        <ele>501.740444</ele>
        <time>2025-11-20T11:42:28.760Z</time>
      </trkpt>
      <trkpt lat="18.781728" lon="98.848725">
        <ele>496.522209</ele>
        <time>2025-11-20T11:42:35.113Z</time>
      </trkpt>
      <trkpt lat="18.781605" lon="98.848982">
        <ele>494.168115</ele>
        <time>2025-11-20T11:42:37.508Z</time>
      </trkpt>
      <trkpt lat="18.781601" lon="98.848991">
        <ele>494.086839</ele>
        <time>2025-11-20T11:42:37.594Z</time>
      </trkpt>
      <trkpt lat="18.781518" lon="98.849268">
        <ele>491.711730</ele>
        <time>2025-11-20T11:42:40.002Z</time>
      </trkpt>
      <trkpt lat="18.781463" lon="98.849625">
        <ele>488.754957</ele>
        <time>2025-11-20T11:42:42.987Z</time>
      </trkpt>
      <trkpt lat="18.781421" lon="98.849911">
        <ele>486.389018</ele>
        <time>2025-11-20T11:42:45.362Z</time>
      </trkpt>
      <trkpt lat="18.781335" lon="98.850570">
        <ele>480.426838</ele>
        <time>2025-11-20T11:42:50.790Z</time>
      </trkpt>
      <trkpt lat="18.781257" lon="98.850875">
        <ele>477.499025</ele>
        <time>2025-11-20T11:42:53.349Z</time>
      </trkpt>
      <trkpt lat="18.781130" lon="98.851019">
        <ele>475.675231</ele>
        <time>2025-11-20T11:42:54.945Z</time>
      </trkpt>
      <trkpt lat="18.780992" lon="98.851102">
        <ele>474.120781</ele>
        <time>2025-11-20T11:42:56.307Z</time>
      </trkpt>
      <trkpt lat="18.780687" lon="98.851224">
        <ele>470.928396</ele>
        <time>2025-11-20T11:42:59.095Z</time>
      </trkpt>
      <trkpt lat="18.780172" lon="98.851390">
        <ele>466.534214</ele>
        <time>2025-11-20T11:43:03.758Z</time>
      </trkpt>
      <trkpt lat="18.779911" lon="98.851545">
        <ele>465.199979</ele>
        <time>2025-11-20T11:43:06.445Z</time>
      </trkpt>
      <trkpt lat="18.779828" lon="98.851639">
        <ele>464.657717</ele>
        <time>2025-11-20T11:43:07.585Z</time>
      </trkpt>
      <trkpt lat="18.779740" lon="98.851808">
        <ele>463.844030</ele>
        <time>2025-11-20T11:43:09.381Z</time>
      </trkpt>
      <trkpt lat="18.779633" lon="98.852078">
        <ele>462.609204</ele>
        <time>2025-11-20T11:43:12.220Z</time>
      </trkpt>
      <trkpt lat="18.779579" lon="98.852276">
        <ele>461.739924</ele>
        <time>2025-11-20T11:43:14.255Z</time>
      </trkpt>
      <trkpt lat="18.779566" lon="98.852542">
        <ele>460.616240</ele>
        <time>2025-11-20T11:43:16.936Z</time>
      </trkpt>
      <trkpt lat="18.779527" lon="98.852884">
        <ele>459.211401</ele>
        <time>2025-11-20T11:43:20.557Z</time>
      </trkpt>
      <trkpt lat="18.779484" lon="98.852976">
        <ele>459.014413</ele>
        <time>2025-11-20T11:43:21.684Z</time>
      </trkpt>
      <trkpt lat="18.779402" lon="98.853014">
        <ele>458.832823</ele>
        <time>2025-11-20T11:43:22.692Z</time>
      </trkpt>
      <trkpt lat="18.779008" lon="98.853024">
        <ele>458.033594</ele>
        <time>2025-11-20T11:43:27.188Z</time>
      </trkpt>
      <trkpt lat="18.778416" lon="98.853179">
        <ele>456.796734</ele>
        <time>2025-11-20T11:43:33.669Z</time>
      </trkpt>
      <trkpt lat="18.777950" lon="98.853245">
        <ele>455.843268</ele>
        <time>2025-11-20T11:43:38.577Z</time>
      </trkpt>
      <trkpt lat="18.777752" lon="98.853267">
        <ele>455.555174</ele>
        <time>2025-11-20T11:43:40.876Z</time>
      </trkpt>
      <trkpt lat="18.777506" lon="98.853318">
        <ele>455.403532</ele>
        <time>2025-11-20T11:43:43.901Z</time>
      </trkpt>
      <trkpt lat="18.777245" lon="98.853433">
        <ele>455.232470</ele>
        <time>2025-11-20T11:43:47.476Z</time>
      </trkpt>
      <trkpt lat="18.776717" lon="98.853818">
        <ele>454.844373</ele>
        <time>2025-11-20T11:43:56.012Z</time>
      </trkpt>
      <trkpt lat="18.776560" lon="98.853933">
        <ele>454.728803</ele>
        <time>2025-11-20T11:43:58.726Z</time>
      </trkpt>
      <trkpt lat="18.776230" lon="98.854361">
        <ele>454.706617</ele>
        <time>2025-11-20T11:44:06.750Z</time>
      </trkpt>
      <trkpt lat="18.776115" lon="98.854589">
        <ele>454.978161</ele>
        <time>2025-11-20T11:44:10.932Z</time>
      </trkpt>
      <trkpt lat="18.776024" lon="98.854840">
        <ele>455.260676</ele>
        <time>2025-11-20T11:44:15.605Z</time>
      </trkpt>
      <trkpt lat="18.775563" lon="98.856142">
        <ele>455.779822</ele>
        <time>2025-11-20T11:44:44.895Z</time>
      </trkpt>
      <trkpt lat="18.775498" lon="98.856392">
        <ele>454.821689</ele>
        <time>2025-11-20T11:44:48.875Z</time>
      </trkpt>
      <trkpt lat="18.775464" lon="98.857080">
        <ele>452.275576</ele>
        <time>2025-11-20T11:44:56.033Z</time>
      </trkpt>
      <trkpt lat="18.775483" lon="98.857877">
        <ele>448.956967</ele>
        <time>2025-11-20T11:45:02.748Z</time>
      </trkpt>
      <trkpt lat="18.775466" lon="98.858083">
        <ele>446.449836</ele>
        <time>2025-11-20T11:45:04.412Z</time>
      </trkpt>
      <trkpt lat="18.775231" lon="98.858941">
        <ele>435.620399</ele>
        <time>2025-11-20T11:45:11.482Z</time>
      </trkpt>
      <trkpt lat="18.775125" lon="98.859173">
        <ele>432.497088</ele>
        <time>2025-11-20T11:45:13.504Z</time>
      </trkpt>
      <trkpt lat="18.775028" lon="98.859310">
        <ele>430.422920</ele>
        <time>2025-11-20T11:45:14.853Z</time>
      </trkpt>
      <trkpt lat="18.774353" lon="98.859917">
        <ele>420.561843</ele>
        <time>2025-11-20T11:45:22.276Z</time>
      </trkpt>
      <trkpt lat="18.774180" lon="98.860093">
        <ele>418.106818</ele>
        <time>2025-11-20T11:45:24.330Z</time>
      </trkpt>
      <trkpt lat="18.774117" lon="98.860232">
        <ele>416.615548</ele>
        <time>2025-11-20T11:45:25.590Z</time>
      </trkpt>
      <trkpt lat="18.773978" lon="98.860714">
        <ele>411.739709</ele>
        <time>2025-11-20T11:45:29.757Z</time>
      </trkpt>
      <trkpt lat="18.773914" lon="98.860829">
        <ele>410.448853</ele>
        <time>2025-11-20T11:45:30.879Z</time>
      </trkpt>
      <trkpt lat="18.773579" lon="98.861229">
        <ele>406.621617</ele>
        <time>2025-11-20T11:45:35.412Z</time>
      </trkpt>
      <trkpt lat="18.773199" lon="98.861525">
        <ele>404.110862</ele>
        <time>2025-11-20T11:45:39.755Z</time>
      </trkpt>
      <trkpt lat="18.772757" lon="98.861916">
        <ele>401.045039</ele>
        <time>2025-11-20T11:45:45.208Z</time>
      </trkpt>
      <trkpt lat="18.772270" lon="98.862392">
        <ele>398.260215</ele>
        <time>2025-11-20T11:45:51.657Z</time>
      </trkpt>
      <trkpt lat="18.772075" lon="98.862570">
        <ele>397.914392</ele>
        <time>2025-11-20T11:45:54.296Z</time>
      </trkpt>
      <trkpt lat="18.771872" lon="98.862780">
        <ele>397.533125</ele>
        <time>2025-11-20T11:45:57.418Z</time>
      </trkpt>
      <trkpt lat="18.771667" lon="98.863028">
        <ele>397.114887</ele>
        <time>2025-11-20T11:46:01.208Z</time>
      </trkpt>
      <trkpt lat="18.771599" lon="98.863202">
        <ele>396.875747</ele>
        <time>2025-11-20T11:46:03.644Z</time>
      </trkpt>
      <trkpt lat="18.771558" lon="98.863421">
        <ele>396.592142</ele>
        <time>2025-11-20T11:46:06.973Z</time>
      </trkpt>
      <trkpt lat="18.771591" lon="98.863894">
        <ele>396.027681</ele>
        <time>2025-11-20T11:46:15.062Z</time>
      </trkpt>
      <trkpt lat="18.771665" lon="98.864062">
        <ele>395.875130</ele>
        <time>2025-11-20T11:46:18.213Z</time>
      </trkpt>
      <trkpt lat="18.771951" lon="98.864440">
        <ele>395.476758</ele>
        <time>2025-11-20T11:46:25.318Z</time>
      </trkpt>
      <trkpt lat="18.772105" lon="98.864706">
        <ele>395.220062</ele>
        <time>2025-11-20T11:46:29.442Z</time>
      </trkpt>
      <trkpt lat="18.772109" lon="98.864771">
        <ele>395.166435</ele>
        <time>2025-11-20T11:46:30.219Z</time>
      </trkpt>
      <trkpt lat="18.772068" lon="98.864882">
        <ele>395.068340</ele>
        <time>2025-11-20T11:46:31.618Z</time>
      </trkpt>
      <trkpt lat="18.771866" lon="98.865116">
        <ele>394.807632</ele>
        <time>2025-11-20T11:46:35.046Z</time>
      </trkpt>
      <trkpt lat="18.771785" lon="98.865219">
        <ele>394.697396</ele>
        <time>2025-11-20T11:46:36.399Z</time>
      </trkpt>
      <trkpt lat="18.771743" lon="98.865343">
        <ele>394.588970</ele>
        <time>2025-11-20T11:46:37.699Z</time>
      </trkpt>
      <trkpt lat="18.771732" lon="98.865461">
        <ele>394.375642</ele>
        <time>2025-11-20T11:46:38.841Z</time>
      </trkpt>
      <trkpt lat="18.771752" lon="98.865562">
        <ele>394.058884</ele>
        <time>2025-11-20T11:46:39.824Z</time>
      </trkpt>
      <trkpt lat="18.771955" lon="98.865769">
        <ele>393.144012</ele>
        <time>2025-11-20T11:46:42.614Z</time>
      </trkpt>
      <trkpt lat="18.771971" lon="98.865823">
        <ele>392.970315</ele>
        <time>2025-11-20T11:46:43.134Z</time>
      </trkpt>
      <trkpt lat="18.771958" lon="98.865885">
        <ele>392.775377</ele>
        <time>2025-11-20T11:46:43.719Z</time>
      </trkpt>
      <trkpt lat="18.771859" lon="98.866012">
        <ele>392.270378</ele>
        <time>2025-11-20T11:46:45.260Z</time>
      </trkpt>
      <trkpt lat="18.771646" lon="98.866120">
        <ele>391.504319</ele>
        <time>2025-11-20T11:46:47.614Z</time>
      </trkpt>
      <trkpt lat="18.771587" lon="98.866188">
        <ele>391.221179</ele>
        <time>2025-11-20T11:46:48.483Z</time>
      </trkpt>
      <trkpt lat="18.771555" lon="98.866296">
        <ele>390.873785</ele>
        <time>2025-11-20T11:46:49.552Z</time>
      </trkpt>
      <trkpt lat="18.771573" lon="98.866579">
        <ele>390.003074</ele>
        <time>2025-11-20T11:46:52.211Z</time>
      </trkpt>
      <trkpt lat="18.771554" lon="98.866673">
        <ele>389.708011</ele>
        <time>2025-11-20T11:46:53.118Z</time>
      </trkpt>
      <trkpt lat="18.771505" lon="98.866721">
        <ele>389.491327</ele>
        <time>2025-11-20T11:46:53.782Z</time>
      </trkpt>
      <trkpt lat="18.771368" lon="98.866760">
        <ele>389.031286</ele>
        <time>2025-11-20T11:46:55.203Z</time>
      </trkpt>
      <trkpt lat="18.771259" lon="98.866757">
        <ele>388.692148</ele>
        <time>2025-11-20T11:46:56.308Z</time>
      </trkpt>
      <trkpt lat="18.770761" lon="98.866743">
        <ele>388.032085</ele>
        <time>2025-11-20T11:47:01.598Z</time>
      </trkpt>
      <trkpt lat="18.770548" lon="98.866774">
        <ele>387.747202</ele>
        <time>2025-11-20T11:47:04.173Z</time>
      </trkpt>
      <trkpt lat="18.770276" lon="98.866883">
        <ele>387.361745</ele>
        <time>2025-11-20T11:47:07.947Z</time>
      </trkpt>
      <trkpt lat="18.770200" lon="98.866942">
        <ele>387.236772</ele>
        <time>2025-11-20T11:47:09.226Z</time>
      </trkpt>
      <trkpt lat="18.770033" lon="98.867106">
        <ele>386.934635</ele>
        <time>2025-11-20T11:47:12.308Z</time>
      </trkpt>
      <trkpt lat="18.769965" lon="98.867219">
        <ele>386.766668</ele>
        <time>2025-11-20T11:47:14.079Z</time>
      </trkpt>
      <trkpt lat="18.769885" lon="98.867398">
        <ele>386.518354</ele>
        <time>2025-11-20T11:47:16.692Z</time>
      </trkpt>
      <trkpt lat="18.769844" lon="98.867686">
        <ele>386.035766</ele>
        <time>2025-11-20T11:47:20.402Z</time>
      </trkpt>
      <trkpt lat="18.769792" lon="98.867807">
        <ele>385.751319</ele>
        <time>2025-11-20T11:47:22.022Z</time>
      </trkpt>
      <trkpt lat="18.769702" lon="98.867896">
        <ele>385.472573</ele>
        <time>2025-11-20T11:47:23.560Z</time>
      </trkpt>
      <trkpt lat="18.769370" lon="98.868170">
        <ele>384.519984</ele>
        <time>2025-11-20T11:47:28.389Z</time>
      </trkpt>
      <trkpt lat="18.768559" lon="98.868915">
        <ele>382.077180</ele>
        <time>2025-11-20T11:47:39.210Z</time>
      </trkpt>
      <trkpt lat="18.768534" lon="98.868967">
        <ele>381.942556</ele>
        <time>2025-11-20T11:47:39.764Z</time>
      </trkpt>
      <trkpt lat="18.768486" lon="98.869146">
        <ele>381.513103</ele>
        <time>2025-11-20T11:47:41.525Z</time>
      </trkpt>
      <trkpt lat="18.768546" lon="98.869491">
        <ele>380.703388</ele>
        <time>2025-11-20T11:47:44.898Z</time>
      </trkpt>
      <trkpt lat="18.768538" lon="98.869586">
        <ele>380.483226</ele>
        <time>2025-11-20T11:47:45.827Z</time>
      </trkpt>
      <trkpt lat="18.768437" lon="98.869764">
        <ele>380.004199</ele>
        <time>2025-11-20T11:47:47.888Z</time>
      </trkpt>
      <trkpt lat="18.768394" lon="98.869815">
        <ele>379.846559</ele>
        <time>2025-11-20T11:47:48.595Z</time>
      </trkpt>
      <trkpt lat="18.768145" lon="98.869922">
        <ele>379.191167</ele>
        <time>2025-11-20T11:47:51.541Z</time>
      </trkpt>
      <trkpt lat="18.767871" lon="98.869968">
        <ele>378.514762</ele>
        <time>2025-11-20T11:47:54.682Z</time>
      </trkpt>
      <trkpt lat="18.767608" lon="98.870013">
        <ele>377.866369</ele>
        <time>2025-11-20T11:47:57.737Z</time>
      </trkpt>
      <trkpt lat="18.767315" lon="98.870099">
        <ele>377.526336</ele>
        <time>2025-11-20T11:48:01.215Z</time>
      </trkpt>
      <trkpt lat="18.766316" lon="98.870485">
        <ele>376.336900</ele>
        <time>2025-11-20T11:48:14.138Z</time>
      </trkpt>
      <trkpt lat="18.766096" lon="98.870666">
        <ele>376.025078</ele>
        <time>2025-11-20T11:48:17.731Z</time>
      </trkpt>
      <trkpt lat="18.765909" lon="98.870975">
        <ele>375.592630</ele>
        <time>2025-11-20T11:48:22.088Z</time>
      </trkpt>
      <trkpt lat="18.765717" lon="98.871236">
        <ele>375.172220</ele>
        <time>2025-11-20T11:48:25.862Z</time>
      </trkpt>
      <trkpt lat="18.765510" lon="98.871357">
        <ele>374.854386</ele>
        <time>2025-11-20T11:48:28.614Z</time>
      </trkpt>
      <trkpt lat="18.765272" lon="98.871443">
        <ele>374.516462</ele>
        <time>2025-11-20T11:48:31.529Z</time>
      </trkpt>
      <trkpt lat="18.764726" lon="98.871606">
        <ele>373.754228</ele>
        <time>2025-11-20T11:48:38.027Z</time>
      </trkpt>
      <trkpt lat="18.764486" lon="98.871727">
        <ele>373.434573</ele>
        <time>2025-11-20T11:48:41.022Z</time>
      </trkpt>
      <trkpt lat="18.764281" lon="98.872007">
        <ele>373.378550</ele>
        <time>2025-11-20T11:48:44.786Z</time>
      </trkpt>
      <trkpt lat="18.764191" lon="98.872198">
        <ele>373.344781</ele>
        <time>2025-11-20T11:48:47.098Z</time>
      </trkpt>
      <trkpt lat="18.764076" lon="98.872648">
        <ele>373.271005</ele>
        <time>2025-11-20T11:48:52.605Z</time>
      </trkpt>
      <trkpt lat="18.763983" lon="98.873350">
        <ele>373.158808</ele>
        <time>2025-11-20T11:49:03.540Z</time>
      </trkpt>
      <trkpt lat="18.764108" lon="98.874885">
        <ele>378.173121</ele>
        <time>2025-11-20T11:49:43.047Z</time>
      </trkpt>
      <trkpt lat="18.764108" lon="98.875058">
        <ele>378.787675</ele>
        <time>2025-11-20T11:49:50.148Z</time>
      </trkpt>
      <trkpt lat="18.764056" lon="98.875284">
        <ele>379.613866</ele>
        <time>2025-11-20T11:49:59.627Z</time>
      </trkpt>
      <trkpt lat="18.763992" lon="98.875438">
        <ele>380.060225</ele>
        <time>2025-11-20T11:50:06.182Z</time>
      </trkpt>
      <trkpt lat="18.763869" lon="98.875673">
        <ele>380.569342</ele>
        <time>2025-11-20T11:50:15.818Z</time>
      </trkpt>
      <trkpt lat="18.763755" lon="98.875795">
        <ele>380.894336</ele>
        <time>2025-11-20T11:50:21.527Z</time>
      </trkpt>
      <trkpt lat="18.763711" lon="98.875816">
        <ele>380.991025</ele>
        <time>2025-11-20T11:50:23.177Z</time>
      </trkpt>
      <trkpt lat="18.763581" lon="98.875860">
        <ele>381.264388</ele>
        <time>2025-11-20T11:50:27.600Z</time>
      </trkpt>
      <trkpt lat="18.763510" lon="98.875846">
        <ele>381.409021</ele>
        <time>2025-11-20T11:50:29.819Z</time>
      </trkpt>
      <trkpt lat="18.763438" lon="98.875817">
        <ele>381.563329</ele>
        <time>2025-11-20T11:50:32.091Z</time>
      </trkpt>
      <trkpt lat="18.763263" lon="98.875661">
        <ele>382.021906</ele>
        <time>2025-11-20T11:50:38.187Z</time>
      </trkpt>
      <trkpt lat="18.763033" lon="98.875422">
        <ele>382.668031</ele>
        <time>2025-11-20T11:50:44.434Z</time>
      </trkpt>
      <trkpt lat="18.762898" lon="98.875320">
        <ele>383.000422</ele>
        <time>2025-11-20T11:50:46.469Z</time>
      </trkpt>
      <trkpt lat="18.762714" lon="98.875234">
        <ele>383.403348</ele>
        <time>2025-11-20T11:50:48.559Z</time>
      </trkpt>
      <trkpt lat="18.762362" lon="98.875136">
        <ele>382.228813</ele>
        <time>2025-11-20T11:50:51.993Z</time>
      </trkpt>
      <trkpt lat="18.762137" lon="98.875093">
        <ele>381.331811</ele>
        <time>2025-11-20T11:50:54.105Z</time>
      </trkpt>
      <trkpt lat="18.761702" lon="98.875116">
        <ele>379.623183</ele>
        <time>2025-11-20T11:50:58.177Z</time>
      </trkpt>
      <trkpt lat="18.761488" lon="98.875183">
        <ele>378.747556</ele>
        <time>2025-11-20T11:51:00.304Z</time>
      </trkpt>
      <trkpt lat="18.761333" lon="98.875293">
        <ele>378.014966</ele>
        <time>2025-11-20T11:51:02.102Z</time>
      </trkpt>
      <trkpt lat="18.761037" lon="98.875706">
        <ele>376.314389</ele>
        <time>2025-11-20T11:51:07.086Z</time>
      </trkpt>
      <trkpt lat="18.760900" lon="98.875973">
        <ele>375.923208</ele>
        <time>2025-11-20T11:51:10.285Z</time>
      </trkpt>
      <trkpt lat="18.760787" lon="98.876388">
        <ele>375.366971</ele>
        <time>2025-11-20T11:51:15.283Z</time>
      </trkpt>
      <trkpt lat="18.760786" lon="98.876989">
        <ele>374.592807</ele>
        <time>2025-11-20T11:51:22.769Z</time>
      </trkpt>
      <trkpt lat="18.760742" lon="98.877197">
        <ele>374.318272</ele>
        <time>2025-11-20T11:51:25.506Z</time>
      </trkpt>
      <trkpt lat="18.760183" lon="98.878348">
        <ele>372.681633</ele>
        <time>2025-11-20T11:51:39.823Z</time>
      </trkpt>
      <trkpt lat="18.759974" lon="98.878669">
        <ele>372.190974</ele>
        <time>2025-11-20T11:51:43.853Z</time>
      </trkpt>
      <trkpt lat="18.759004" lon="98.879791">
        <ele>372.421072</ele>
        <time>2025-11-20T11:52:01.283Z</time>
      </trkpt>
      <trkpt lat="18.758689" lon="98.880039">
        <ele>372.749616</ele>
        <time>2025-11-20T11:52:09.091Z</time>
      </trkpt>
      <trkpt lat="18.758279" lon="98.880217">
        <ele>373.193599</ele>
        <time>2025-11-20T11:52:22.506Z</time>
      </trkpt>
      <trkpt lat="18.758017" lon="98.880338">
        <ele>374.206938</ele>
        <time>2025-11-20T11:52:32.875Z</time>
      </trkpt>
      <trkpt lat="18.757747" lon="98.880543">
        <ele>375.385337</ele>
        <time>2025-11-20T11:52:45.279Z</time>
      </trkpt>
      <trkpt lat="18.757445" lon="98.880883">
        <ele>376.949586</ele>
        <time>2025-11-20T11:53:00.838Z</time>
      </trkpt>
      <trkpt lat="18.757368" lon="98.880931">
        <ele>377.266439</ele>
        <time>2025-11-20T11:53:03.737Z</time>
      </trkpt>
      <trkpt lat="18.757201" lon="98.880975">
        <ele>377.876374</ele>
        <time>2025-11-20T11:53:08.871Z</time>
      </trkpt>
      <trkpt lat="18.756766" lon="98.880892">
        <ele>379.442834</ele>
        <time>2025-11-20T11:53:19.477Z</time>
      </trkpt>
      <trkpt lat="18.756423" lon="98.880893">
        <ele>379.189504</ele>
        <time>2025-11-20T11:53:23.993Z</time>
      </trkpt>
      <trkpt lat="18.755870" lon="98.880739">
        <ele>378.707988</ele>
        <time>2025-11-20T11:53:29.974Z</time>
      </trkpt>
      <trkpt lat="18.755732" lon="98.880766">
        <ele>378.589821</ele>
        <time>2025-11-20T11:53:31.437Z</time>
      </trkpt>
      <trkpt lat="18.755531" lon="98.880859">
        <ele>378.405059</ele>
        <time>2025-11-20T11:53:33.753Z</time>
      </trkpt>
      <trkpt lat="18.755390" lon="98.880953">
        <ele>378.264669</ele>
        <time>2025-11-20T11:53:35.607Z</time>
      </trkpt>
      <trkpt lat="18.755220" lon="98.881106">
        <ele>378.076611</ele>
        <time>2025-11-20T11:53:38.362Z</time>
      </trkpt>
      <trkpt lat="18.755138" lon="98.881270">
        <ele>377.971728</ele>
        <time>2025-11-20T11:53:41.028Z</time>
      </trkpt>
      <trkpt lat="18.754934" lon="98.881934">
        <ele>378.258543</ele>
        <time>2025-11-20T11:53:57.206Z</time>
      </trkpt>
      <trkpt lat="18.754648" lon="98.882251">
        <ele>378.438442</ele>
        <time>2025-11-20T11:54:07.737Z</time>
      </trkpt>
      <trkpt lat="18.754603" lon="98.882368">
        <ele>378.490327</ele>
        <time>2025-11-20T11:54:10.028Z</time>
      </trkpt>
      <trkpt lat="18.754595" lon="98.882667">
        <ele>378.613225</ele>
        <time>2025-11-20T11:54:14.184Z</time>
      </trkpt>
      <trkpt lat="18.754572" lon="98.882739">
        <ele>378.644445</ele>
        <time>2025-11-20T11:54:15.100Z</time>
      </trkpt>
      <trkpt lat="18.754475" lon="98.882838">
        <ele>378.702977</ele>
        <time>2025-11-20T11:54:16.630Z</time>
      </trkpt>
      <trkpt lat="18.754406" lon="98.882859">
        <ele>378.734135</ele>
        <time>2025-11-20T11:54:17.391Z</time>
      </trkpt>
      <trkpt lat="18.754305" lon="98.882847">
        <ele>378.277840</ele>
        <time>2025-11-20T11:54:18.463Z</time>
      </trkpt>
      <trkpt lat="18.753836" lon="98.882680">
        <ele>375.851151</ele>
        <time>2025-11-20T11:54:23.218Z</time>
      </trkpt>
      <trkpt lat="18.753669" lon="98.882661">
        <ele>375.027616</ele>
        <time>2025-11-20T11:54:24.754Z</time>
      </trkpt>
      <trkpt lat="18.753285" lon="98.882786">
        <ele>373.057460</ele>
        <time>2025-11-20T11:54:28.343Z</time>
      </trkpt>
      <trkpt lat="18.753145" lon="98.882868">
        <ele>372.272539</ele>
        <time>2025-11-20T11:54:29.775Z</time>
      </trkpt>
      <trkpt lat="18.753047" lon="98.882964">
        <ele>371.617162</ele>
        <time>2025-11-20T11:54:30.986Z</time>
      </trkpt>
      <trkpt lat="18.752982" lon="98.883078">
        <ele>370.999352</ele>
        <time>2025-11-20T11:54:32.141Z</time>
      </trkpt>
      <trkpt lat="18.752943" lon="98.883243">
        <ele>370.209802</ele>
        <time>2025-11-20T11:54:33.653Z</time>
      </trkpt>
      <trkpt lat="18.752947" lon="98.883417">
        <ele>369.875697</ele>
        <time>2025-11-20T11:54:35.233Z</time>
      </trkpt>
      <trkpt lat="18.752997" lon="98.883623">
        <ele>369.793318</ele>
        <time>2025-11-20T11:54:37.249Z</time>
      </trkpt>
      <trkpt lat="18.753153" lon="98.884004">
        <ele>369.632523</ele>
        <time>2025-11-20T11:54:41.563Z</time>
      </trkpt>
      <trkpt lat="18.753305" lon="98.884241">
        <ele>369.521639</ele>
        <time>2025-11-20T11:54:45.267Z</time>
      </trkpt>
      <trkpt lat="18.753467" lon="98.884383">
        <ele>369.435512</ele>
        <time>2025-11-20T11:54:48.929Z</time>
      </trkpt>
      <trkpt lat="18.753835" lon="98.884633">
        <ele>369.256509</ele>
        <time>2025-11-20T11:54:58.874Z</time>
      </trkpt>
      <trkpt lat="18.754432" lon="98.884851">
        <ele>370.465003</ele>
        <time>2025-11-20T11:55:17.380Z</time>
      </trkpt>
      <trkpt lat="18.755146" lon="98.884851">
        <ele>372.489699</ele>
        <time>2025-11-20T11:55:40.820Z</time>
      </trkpt>
      <trkpt lat="18.755669" lon="98.884940">
        <ele>373.991905</ele>
        <time>2025-11-20T11:55:53.846Z</time>
      </trkpt>
      <trkpt lat="18.755929" lon="98.885041">
        <ele>373.810951</ele>
        <time>2025-11-20T11:55:58.138Z</time>
      </trkpt>
      <trkpt lat="18.756031" lon="98.885200">
        <ele>373.317716</ele>
        <time>2025-11-20T11:56:00.307Z</time>
      </trkpt>
      <trkpt lat="18.756031" lon="98.885288">
        <ele>373.091713</ele>
        <time>2025-11-20T11:56:01.245Z</time>
      </trkpt>
      <trkpt lat="18.755990" lon="98.885437">
        <ele>372.693219</ele>
        <time>2025-11-20T11:56:02.814Z</time>
      </trkpt>
      <trkpt lat="18.755907" lon="98.885547">
        <ele>372.331992</ele>
        <time>2025-11-20T11:56:04.196Z</time>
      </trkpt>
      <trkpt lat="18.755405" lon="98.885983">
        <ele>370.569144</ele>
        <time>2025-11-20T11:56:10.473Z</time>
      </trkpt>
      <trkpt lat="18.754647" lon="98.886568">
        <ele>368.036180</ele>
        <time>2025-11-20T11:56:19.527Z</time>
      </trkpt>
      <trkpt lat="18.754310" lon="98.886896">
        <ele>366.805214</ele>
        <time>2025-11-20T11:56:24.395Z</time>
      </trkpt>
      <trkpt lat="18.753347" lon="98.887953">
        <ele>364.378301</ele>
        <time>2025-11-20T11:56:40.019Z</time>
      </trkpt>
      <trkpt lat="18.753117" lon="98.888093">
        <ele>364.285245</ele>
        <time>2025-11-20T11:56:43.062Z</time>
      </trkpt>
      <trkpt lat="18.752692" lon="98.888268">
        <ele>364.125346</ele>
        <time>2025-11-20T11:56:48.835Z</time>
      </trkpt>
      <trkpt lat="18.752571" lon="98.888347">
        <ele>364.075480</ele>
        <time>2025-11-20T11:56:51.122Z</time>
      </trkpt>
      <trkpt lat="18.752431" lon="98.888543">
        <ele>363.993989</ele>
        <time>2025-11-20T11:56:55.396Z</time>
      </trkpt>
      <trkpt lat="18.752366" lon="98.888672">
        <ele>363.945486</ele>
        <time>2025-11-20T11:56:58.281Z</time>
      </trkpt>
      <trkpt lat="18.752309" lon="98.888960">
        <ele>365.942832</ele>
        <time>2025-11-20T11:57:05.141Z</time>
      </trkpt>
      <trkpt lat="18.752262" lon="98.889039">
        <ele>366.589989</ele>
        <time>2025-11-20T11:57:07.562Z</time>
      </trkpt>
      <trkpt lat="18.752318" lon="98.889187">
        <ele>367.695503</ele>
        <time>2025-11-20T11:57:13.045Z</time>
      </trkpt>
      <trkpt lat="18.752328" lon="98.889372">
        <ele>368.980829</ele>
        <time>2025-11-20T11:57:20.177Z</time>
      </trkpt>
      <trkpt lat="18.752282" lon="98.889518">
        <ele>370.048134</ele>
        <time>2025-11-20T11:57:26.784Z</time>
      </trkpt>
      <trkpt lat="18.752003" lon="98.890130">
        <ele>374.759578</ele>
        <time>2025-11-20T11:58:03.415Z</time>
      </trkpt>
      <trkpt lat="18.751822" lon="98.890414">
        <ele>377.131388</ele>
        <time>2025-11-20T11:58:26.873Z</time>
      </trkpt>
      <trkpt lat="18.751797" lon="98.890534">
        <ele>377.827624</ele>
        <time>2025-11-20T11:58:36.011Z</time>
      </trkpt>
      <trkpt lat="18.751797" lon="98.890680">
        <ele>378.654926</ele>
        <time>2025-11-20T11:58:46.997Z</time>
      </trkpt>
      <trkpt lat="18.751852" lon="98.890999">
        <ele>380.492241</ele>
        <time>2025-11-20T11:59:08.731Z</time>
      </trkpt>
      <trkpt lat="18.751956" lon="98.891367">
        <ele>382.668382</ele>
        <time>2025-11-20T11:59:29.278Z</time>
      </trkpt>
      <trkpt lat="18.752088" lon="98.891659">
        <ele>384.501861</ele>
        <time>2025-11-20T11:59:41.598Z</time>
      </trkpt>
      <trkpt lat="18.752083" lon="98.891690">
        <ele>384.680050</ele>
        <time>2025-11-20T11:59:42.632Z</time>
      </trkpt>
      <trkpt lat="18.752004" lon="98.891705">
        <ele>385.160373</ele>
        <time>2025-11-20T11:59:44.967Z</time>
      </trkpt>
      <trkpt lat="18.751826" lon="98.891641">
        <ele>386.285583</ele>
        <time>2025-11-20T11:59:49.562Z</time>
      </trkpt>
      <trkpt lat="18.751295" lon="98.891028">
        <ele>387.232801</ele>
        <time>2025-11-20T12:00:00.898Z</time>
      </trkpt>
      <trkpt lat="18.751077" lon="98.890982">
        <ele>386.955081</ele>
        <time>2025-11-20T12:00:03.715Z</time>
      </trkpt>
      <trkpt lat="18.750838" lon="98.891049">
        <ele>386.646169</ele>
        <time>2025-11-20T12:00:06.974Z</time>
      </trkpt>
      <trkpt lat="18.750595" lon="98.891272">
        <ele>386.243996</ele>
        <time>2025-11-20T12:00:11.834Z</time>
      </trkpt>
      <trkpt lat="18.750424" lon="98.891538">
        <ele>385.863669</ele>
        <time>2025-11-20T12:00:19.651Z</time>
      </trkpt>
      <trkpt lat="18.750213" lon="98.891792">
        <ele>386.961208</ele>
        <time>2025-11-20T12:00:32.849Z</time>
      </trkpt>
      <trkpt lat="18.750073" lon="98.892037">
        <ele>389.580761</ele>
        <time>2025-11-20T12:00:46.809Z</time>
      </trkpt>
      <trkpt lat="18.750060" lon="98.892156">
        <ele>390.677358</ele>
        <time>2025-11-20T12:00:53.214Z</time>
      </trkpt>
      <trkpt lat="18.750095" lon="98.892306">
        <ele>392.091588</ele>
        <time>2025-11-20T12:01:01.808Z</time>
      </trkpt>
      <trkpt lat="18.750176" lon="98.892460">
        <ele>393.704242</ele>
        <time>2025-11-20T12:01:12.100Z</time>
      </trkpt>
      <trkpt lat="18.750520" lon="98.892948">
        <ele>399.273501</ele>
        <time>2025-11-20T12:01:50.768Z</time>
      </trkpt>
      <trkpt lat="18.750543" lon="98.893124">
        <ele>400.899938</ele>
        <time>2025-11-20T12:02:02.779Z</time>
      </trkpt>
      <trkpt lat="18.750424" lon="98.893455">
        <ele>404.227061</ele>
        <time>2025-11-20T12:02:27.292Z</time>
      </trkpt>
      <trkpt lat="18.750429" lon="98.893516">
        <ele>404.830696</ele>
        <time>2025-11-20T12:02:31.474Z</time>
      </trkpt>
      <trkpt lat="18.750714" lon="98.894099">
        <ele>411.299091</ele>
        <time>2025-11-20T12:03:14.914Z</time>
      </trkpt>
      <trkpt lat="18.750830" lon="98.894431">
        <ele>414.787904</ele>
        <time>2025-11-20T12:03:36.412Z</time>
      </trkpt>
      <trkpt lat="18.750823" lon="98.894537">
        <ele>415.835471</ele>
        <time>2025-11-20T12:03:42.603Z</time>
      </trkpt>
      <trkpt lat="18.750740" lon="98.894825">
        <ele>418.803383</ele>
        <time>2025-11-20T12:03:59.254Z</time>
      </trkpt>
      <trkpt lat="18.750725" lon="98.895103">
        <ele>421.548566</ele>
        <time>2025-11-20T12:04:13.360Z</time>
      </trkpt>
      <trkpt lat="18.750765" lon="98.895298">
        <ele>421.874854</ele>
        <time>2025-11-20T12:04:22.392Z</time>
      </trkpt>
      <trkpt lat="18.750887" lon="98.895607">
        <ele>422.108509</ele>
        <time>2025-11-20T12:04:35.073Z</time>
      </trkpt>
      <trkpt lat="18.751082" lon="98.895991">
        <ele>422.412618</ele>
        <time>2025-11-20T12:04:46.864Z</time>
      </trkpt>
      <trkpt lat="18.751172" lon="98.896085">
        <ele>422.505915</ele>
        <time>2025-11-20T12:04:49.527Z</time>
      </trkpt>
      <trkpt lat="18.751253" lon="98.896171">
        <ele>422.590572</ele>
        <time>2025-11-20T12:04:51.644Z</time>
      </trkpt>
      <trkpt lat="18.751318" lon="98.896282">
        <ele>422.681658</ele>
        <time>2025-11-20T12:04:53.752Z</time>
      </trkpt>
      <trkpt lat="18.751424" lon="98.896600">
        <ele>422.916948</ele>
        <time>2025-11-20T12:04:57.084Z</time>
      </trkpt>
      <trkpt lat="18.751521" lon="98.897441">
        <ele>417.095049</ele>
        <time>2025-11-20T12:05:04.336Z</time>
      </trkpt>
      <trkpt lat="18.751643" lon="98.897699">
        <ele>414.313310</ele>
        <time>2025-11-20T12:05:06.681Z</time>
      </trkpt>
      <trkpt lat="18.751936" lon="98.898033">
        <ele>409.921447</ele>
        <time>2025-11-20T12:05:10.332Z</time>
      </trkpt>
      <trkpt lat="18.752123" lon="98.898196">
        <ele>407.451449</ele>
        <time>2025-11-20T12:05:12.360Z</time>
      </trkpt>
      <trkpt lat="18.752269" lon="98.898291">
        <ele>405.704536</ele>
        <time>2025-11-20T12:05:13.789Z</time>
      </trkpt>
      <trkpt lat="18.752740" lon="98.898411">
        <ele>400.101461</ele>
        <time>2025-11-20T12:05:17.824Z</time>
      </trkpt>
      <trkpt lat="18.752984" lon="98.898514">
        <ele>396.976252</ele>
        <time>2025-11-20T12:05:20.015Z</time>
      </trkpt>
      <trkpt lat="18.753057" lon="98.898574">
        <ele>395.876080</ele>
        <time>2025-11-20T12:05:20.790Z</time>
      </trkpt>
      <trkpt lat="18.753106" lon="98.898720">
        <ele>394.131620</ele>
        <time>2025-11-20T12:05:22.020Z</time>
      </trkpt>
      <trkpt lat="18.753147" lon="98.899141">
        <ele>389.365350</ele>
        <time>2025-11-20T12:05:25.403Z</time>
      </trkpt>
      <trkpt lat="18.753220" lon="98.899398">
        <ele>386.343628</ele>
        <time>2025-11-20T12:05:27.583Z</time>
      </trkpt>
      <trkpt lat="18.753439" lon="98.899990">
        <ele>381.316280</ele>
        <time>2025-11-20T12:05:32.888Z</time>
      </trkpt>
      <trkpt lat="18.753569" lon="98.900231">
        <ele>379.786381</ele>
        <time>2025-11-20T12:05:35.271Z</time>
      </trkpt>
      <trkpt lat="18.753714" lon="98.900431">
        <ele>378.396978</ele>
        <time>2025-11-20T12:05:37.468Z</time>
      </trkpt>
      <trkpt lat="18.754381" lon="98.901344">
        <ele>372.630239</ele>
        <time>2025-11-20T12:05:47.914Z</time>
      </trkpt>
      <trkpt lat="18.754593" lon="98.901681">
        <ele>371.962145</ele>
        <time>2025-11-20T12:05:51.843Z</time>
      </trkpt>
      <trkpt lat="18.755000" lon="98.902488">
        <ele>370.452336</ele>
        <time>2025-11-20T12:06:01.769Z</time>
      </trkpt>
      <trkpt lat="18.755268" lon="98.903321">
        <ele>370.094740</ele>
        <time>2025-11-20T12:06:15.088Z</time>
      </trkpt>
      <trkpt lat="18.755333" lon="98.903466">
        <ele>370.217787</ele>
        <time>2025-11-20T12:06:18.133Z</time>
      </trkpt>
      <trkpt lat="18.755487" lon="98.903672">
        <ele>370.419093</ele>
        <time>2025-11-20T12:06:23.390Z</time>
      </trkpt>
      <trkpt lat="18.755699" lon="98.904076">
        <ele>370.773358</ele>
        <time>2025-11-20T12:06:32.934Z</time>
      </trkpt>
      <trkpt lat="18.755764" lon="98.904299">
        <ele>370.952316</ele>
        <time>2025-11-20T12:06:37.463Z</time>
      </trkpt>
      <trkpt lat="18.755788" lon="98.904454">
        <ele>371.072778</ele>
        <time>2025-11-20T12:06:40.285Z</time>
      </trkpt>
      <trkpt lat="18.755788" lon="98.905029">
        <ele>370.400000</ele>
        <time>2025-11-20T12:06:48.406Z</time>
      </trkpt>
      <trkpt lat="18.755829" lon="98.905226">
        <ele>369.997964</ele>
        <time>2025-11-20T12:06:50.738Z</time>
      </trkpt>
      <trkpt lat="18.755918" lon="98.905492">
        <ele>369.435644</ele>
        <time>2025-11-20T12:06:53.742Z</time>
      </trkpt>
      <trkpt lat="18.756178" lon="98.905827">
        <ele>368.572282</ele>
        <time>2025-11-20T12:06:57.966Z</time>
      </trkpt>
      <trkpt lat="18.756373" lon="98.906299">
        <ele>367.545841</ele>
        <time>2025-11-20T12:07:02.711Z</time>
      </trkpt>
      <trkpt lat="18.756511" lon="98.906453">
        <ele>367.071481</ele>
        <time>2025-11-20T12:07:04.644Z</time>
      </trkpt>
      <trkpt lat="18.756975" lon="98.906788">
        <ele>365.680772</ele>
        <time>2025-11-20T12:07:10.166Z</time>
      </trkpt>
      <trkpt lat="18.757235" lon="98.907132">
        <ele>364.649557</ele>
        <time>2025-11-20T12:07:14.509Z</time>
      </trkpt>
      <trkpt lat="18.757355" lon="98.907409">
        <ele>363.935885</ele>
        <time>2025-11-20T12:07:17.686Z</time>
      </trkpt>
      <trkpt lat="18.757487" lon="98.907930">
        <ele>363.186901</ele>
        <time>2025-11-20T12:07:23.979Z</time>
      </trkpt>
      <trkpt lat="18.757576" lon="98.908393">
        <ele>364.007520</ele>
        <time>2025-11-20T12:07:32.079Z</time>
      </trkpt>
      <trkpt lat="18.757706" lon="98.908848">
        <ele>364.833034</ele>
        <time>2025-11-20T12:07:43.076Z</time>
      </trkpt>
      <trkpt lat="18.757666" lon="98.909423">
        <ele>365.834480</ele>
        <time>2025-11-20T12:07:59.129Z</time>
      </trkpt>
      <trkpt lat="18.757666" lon="98.910067">
        <ele>365.837275</ele>
        <time>2025-11-20T12:08:15.228Z</time>
      </trkpt>
      <trkpt lat="18.757706" lon="98.910410">
        <ele>365.460954</ele>
        <time>2025-11-20T12:08:20.611Z</time>
      </trkpt>
      <trkpt lat="18.757763" lon="98.910565">
        <ele>365.279890</ele>
        <time>2025-11-20T12:08:22.548Z</time>
      </trkpt>
      <trkpt lat="18.757948" lon="98.910795">
        <ele>364.951275</ele>
        <time>2025-11-20T12:08:25.653Z</time>
      </trkpt>
      <trkpt lat="18.758072" lon="98.910899">
        <ele>364.769178</ele>
        <time>2025-11-20T12:08:27.272Z</time>
      </trkpt>
      <trkpt lat="18.758308" lon="98.911045">
        <ele>364.454642</ele>
        <time>2025-11-20T12:08:29.952Z</time>
      </trkpt>
      <trkpt lat="18.758820" lon="98.911303">
        <ele>363.003084</ele>
        <time>2025-11-20T12:08:35.278Z</time>
      </trkpt>
      <trkpt lat="18.759253" lon="98.911892">
        <ele>360.554728</ele>
        <time>2025-11-20T12:08:42.077Z</time>
      </trkpt>
      <trkpt lat="18.759513" lon="98.912201">
        <ele>359.197458</ele>
        <time>2025-11-20T12:08:46.174Z</time>
      </trkpt>
      <trkpt lat="18.759594" lon="98.912346">
        <ele>358.644689</ele>
        <time>2025-11-20T12:08:47.940Z</time>
      </trkpt>
      <trkpt lat="18.759740" lon="98.912879">
        <ele>357.944184</ele>
        <time>2025-11-20T12:08:53.816Z</time>
      </trkpt>
      <trkpt lat="18.759871" lon="98.913231">
        <ele>357.924933</ele>
        <time>2025-11-20T12:08:58.317Z</time>
      </trkpt>
      <trkpt lat="18.759911" lon="98.913668">
        <ele>357.902586</ele>
        <time>2025-11-20T12:09:04.369Z</time>
      </trkpt>
      <trkpt lat="18.760001" lon="98.913849">
        <ele>357.892180</ele>
        <time>2025-11-20T12:09:07.638Z</time>
      </trkpt>
      <trkpt lat="18.760098" lon="98.913947">
        <ele>357.884964</ele>
        <time>2025-11-20T12:09:10.114Z</time>
      </trkpt>
      <trkpt lat="18.760265" lon="98.914035">
        <ele>357.874932</ele>
        <time>2025-11-20T12:09:13.842Z</time>
      </trkpt>
      <trkpt lat="18.760724" lon="98.914278">
        <ele>358.222049</ele>
        <time>2025-11-20T12:09:25.395Z</time>
      </trkpt>
      <trkpt lat="18.760829" lon="98.914355">
        <ele>358.359657</ele>
        <time>2025-11-20T12:09:28.563Z</time>
      </trkpt>
      <trkpt lat="18.761008" lon="98.914544">
        <ele>358.632132</ele>
        <time>2025-11-20T12:09:34.739Z</time>
      </trkpt>
      <trkpt lat="18.761057" lon="98.914621">
        <ele>358.726696</ele>
        <time>2025-11-20T12:09:36.791Z</time>
      </trkpt>
      <trkpt lat="18.761146" lon="98.914981">
        <ele>359.105943</ele>
        <time>2025-11-20T12:09:44.382Z</time>
      </trkpt>
      <trkpt lat="18.761260" lon="98.915213">
        <ele>359.372366</ele>
        <time>2025-11-20T12:09:49.114Z</time>
      </trkpt>
      <trkpt lat="18.761333" lon="98.915325">
        <ele>359.510959</ele>
        <time>2025-11-20T12:09:51.310Z</time>
      </trkpt>
      <trkpt lat="18.761780" lon="98.915840">
        <ele>358.792215</ele>
        <time>2025-11-20T12:09:59.605Z</time>
      </trkpt>
      <trkpt lat="18.761919" lon="98.916046">
        <ele>358.175191</ele>
        <time>2025-11-20T12:10:02.152Z</time>
      </trkpt>
      <trkpt lat="18.762137" lon="98.916584">
        <ele>356.747753</ele>
        <time>2025-11-20T12:10:07.712Z</time>
      </trkpt>
      <trkpt lat="18.762214" lon="98.916788">
        <ele>356.212065</ele>
        <time>2025-11-20T12:10:09.744Z</time>
      </trkpt>
      <trkpt lat="18.762455" lon="98.917840">
        <ele>355.039312</ele>
        <time>2025-11-20T12:10:19.970Z</time>
      </trkpt>
      <trkpt lat="18.762634" lon="98.918243">
        <ele>354.951888</ele>
        <time>2025-11-20T12:10:25.373Z</time>
      </trkpt>
      <trkpt lat="18.762715" lon="98.918492">
        <ele>354.900179</ele>
        <time>2025-11-20T12:10:30.244Z</time>
      </trkpt>
      <trkpt lat="18.762756" lon="98.918835">
        <ele>354.832280</ele>
        <time>2025-11-20T12:10:38.668Z</time>
      </trkpt>
      <trkpt lat="18.762764" lon="98.919290">
        <ele>355.249392</ele>
        <time>2025-11-20T12:10:51.984Z</time>
      </trkpt>
      <trkpt lat="18.762756" lon="98.919513">
        <ele>355.633893</ele>
        <time>2025-11-20T12:10:58.621Z</time>
      </trkpt>
      <trkpt lat="18.762701" lon="98.919747">
        <ele>356.049306</ele>
        <time>2025-11-20T12:11:05.555Z</time>
      </trkpt>
      <trkpt lat="18.762601" lon="98.919891">
        <ele>356.356992</ele>
        <time>2025-11-20T12:11:10.349Z</time>
      </trkpt>
      <trkpt lat="18.762455" lon="98.919994">
        <ele>356.676487</ele>
        <time>2025-11-20T12:11:14.991Z</time>
      </trkpt>
      <trkpt lat="18.762227" lon="98.920080">
        <ele>357.117041</ele>
        <time>2025-11-20T12:11:20.479Z</time>
      </trkpt>
      <trkpt lat="18.761740" lon="98.920191">
        <ele>358.023627</ele>
        <time>2025-11-20T12:11:28.039Z</time>
      </trkpt>
      <trkpt lat="18.761431" lon="98.920329">
        <ele>356.982753</ele>
        <time>2025-11-20T12:11:31.567Z</time>
      </trkpt>
      <trkpt lat="18.761238" lon="98.920490">
        <ele>356.125542</ele>
        <time>2025-11-20T12:11:33.977Z</time>
      </trkpt>
      <trkpt lat="18.761124" lon="98.920619">
        <ele>355.543205</ele>
        <time>2025-11-20T12:11:35.577Z</time>
      </trkpt>
      <trkpt lat="18.760867" lon="98.921050">
        <ele>353.862270</ele>
        <time>2025-11-20T12:11:40.195Z</time>
      </trkpt>
      <trkpt lat="18.760791" lon="98.921220">
        <ele>353.241845</ele>
        <time>2025-11-20T12:11:41.906Z</time>
      </trkpt>
      <trkpt lat="18.760506" lon="98.921316">
        <ele>352.199210</ele>
        <time>2025-11-20T12:11:46.040Z</time>
      </trkpt>
      <trkpt lat="18.759807" lon="98.921891">
        <ele>350.779188</ele>
        <time>2025-11-20T12:11:58.613Z</time>
      </trkpt>
      <trkpt lat="18.759453" lon="98.922296">
        <ele>350.089159</ele>
        <time>2025-11-20T12:12:08.219Z</time>
      </trkpt>
      <trkpt lat="18.759360" lon="98.922344">
        <ele>349.952300</ele>
        <time>2025-11-20T12:12:10.513Z</time>
      </trkpt>
      <trkpt lat="18.759271" lon="98.922361">
        <ele>349.832719</ele>
        <time>2025-11-20T12:12:12.666Z</time>
      </trkpt>
      <trkpt lat="18.758919" lon="98.922352">
        <ele>349.505286</ele>
        <time>2025-11-20T12:12:21.947Z</time>
      </trkpt>
      <trkpt lat="18.758718" lon="98.922336">
        <ele>349.927377</ele>
        <time>2025-11-20T12:12:27.763Z</time>
      </trkpt>
      <trkpt lat="18.757922" lon="98.922198">
        <ele>351.616523</ele>
        <time>2025-11-20T12:12:53.093Z</time>
      </trkpt>
      <trkpt lat="18.757718" lon="98.922195">
        <ele>352.043743</ele>
        <time>2025-11-20T12:12:58.903Z</time>
      </trkpt>
      <trkpt lat="18.757297" lon="98.922284">
        <ele>352.942812</ele>
        <time>2025-11-20T12:13:10.297Z</time>
      </trkpt>
      <trkpt lat="18.757033" lon="98.922366">
        <ele>353.817709</ele>
        <time>2025-11-20T12:13:17.751Z</time>
      </trkpt>
      <trkpt lat="18.756510" lon="98.922602">
        <ele>356.079943</ele>
        <time>2025-11-20T12:13:34.164Z</time>
      </trkpt>
      <trkpt lat="18.756270" lon="98.922157">
        <ele>358.008784</ele>
        <time>2025-11-20T12:13:48.851Z</time>
      </trkpt>
      <trkpt lat="18.756075" lon="98.921728">
        <ele>359.801089</ele>
        <time>2025-11-20T12:14:05.809Z</time>
      </trkpt>
      <trkpt lat="18.756020" lon="98.921530">
        <ele>360.847468</ele>
        <time>2025-11-20T12:14:14.099Z</time>
      </trkpt>
      <trkpt lat="18.756010" lon="98.921470">
        <ele>361.337645</ele>
        <time>2025-11-20T12:14:16.636Z</time>
      </trkpt>
      <trkpt lat="18.756043" lon="98.921282">
        <ele>362.876053</ele>
        <time>2025-11-20T12:14:24.642Z</time>
      </trkpt>
      <trkpt lat="18.756165" lon="98.921050">
        <ele>365.011250</ele>
        <time>2025-11-20T12:14:35.848Z</time>
      </trkpt>
      <trkpt lat="18.756262" lon="98.920947">
        <ele>366.180071</ele>
        <time>2025-11-20T12:14:42.122Z</time>
      </trkpt>
      <trkpt lat="18.756278" lon="98.920844">
        <ele>367.019880</ele>
        <time>2025-11-20T12:14:46.680Z</time>
      </trkpt>
      <trkpt lat="18.756246" lon="98.920766">
        <ele>367.703835</ele>
        <time>2025-11-20T12:14:50.477Z</time>
      </trkpt>
      <trkpt lat="18.756100" lon="98.920672">
        <ele>369.156788</ele>
        <time>2025-11-20T12:14:58.764Z</time>
      </trkpt>
      <trkpt lat="18.755994" lon="98.920560">
        <ele>370.430885</ele>
        <time>2025-11-20T12:15:06.246Z</time>
      </trkpt>
      <trkpt lat="18.755945" lon="98.920415">
        <ele>371.669617</ele>
        <time>2025-11-20T12:15:13.812Z</time>
      </trkpt>
      <trkpt lat="18.755969" lon="98.920294">
        <ele>372.664306</ele>
        <time>2025-11-20T12:15:19.986Z</time>
      </trkpt>
      <trkpt lat="18.756002" lon="98.920269">
        <ele>373.009399</ele>
        <time>2025-11-20T12:15:22.194Z</time>
      </trkpt>
      <trkpt lat="18.756091" lon="98.920260">
        <ele>373.769106</ele>
        <time>2025-11-20T12:15:27.088Z</time>
      </trkpt>
      <trkpt lat="18.756335" lon="98.920363">
        <ele>376.205769</ele>
        <time>2025-11-20T12:15:42.041Z</time>
      </trkpt>
      <trkpt lat="18.756490" lon="98.920363">
        <ele>378.234656</ele>
        <time>2025-11-20T12:15:51.204Z</time>
      </trkpt>
      <trkpt lat="18.756620" lon="98.920320">
        <ele>380.017815</ele>
        <time>2025-11-20T12:15:59.501Z</time>
      </trkpt>
      <trkpt lat="18.756782" lon="98.920148">
        <ele>383.024697</ele>
        <time>2025-11-20T12:16:13.925Z</time>
      </trkpt>
      <trkpt lat="18.756929" lon="98.919925">
        <ele>386.392471</ele>
        <time>2025-11-20T12:16:30.832Z</time>
      </trkpt>
      <trkpt lat="18.756969" lon="98.919822">
        <ele>387.772294</ele>
        <time>2025-11-20T12:16:38.045Z</time>
      </trkpt>
      <trkpt lat="18.756985" lon="98.919616">
        <ele>390.334120</ele>
        <time>2025-11-20T12:16:51.706Z</time>
      </trkpt>
      <trkpt lat="18.756896" lon="98.918810">
        <ele>400.581507</ele>
        <time>2025-11-20T12:17:48.514Z</time>
      </trkpt>
      <trkpt lat="18.756920" lon="98.918166">
        <ele>409.808796</ele>
        <time>2025-11-20T12:18:37.165Z</time>
      </trkpt>
      <trkpt lat="18.756880" lon="98.917968">
        <ele>412.707363</ele>
        <time>2025-11-20T12:18:52.953Z</time>
      </trkpt>
      <trkpt lat="18.756758" lon="98.917634">
        <ele>417.832701</ele>
        <time>2025-11-20T12:19:20.195Z</time>
      </trkpt>
      <trkpt lat="18.756733" lon="98.917496">
        <ele>419.844284</ele>
        <time>2025-11-20T12:19:30.464Z</time>
      </trkpt>
      <trkpt lat="18.756742" lon="98.916904">
        <ele>427.386629</ele>
        <time>2025-11-20T12:20:11.096Z</time>
      </trkpt>
      <trkpt lat="18.756725" lon="98.916836">
        <ele>427.912845</ele>
        <time>2025-11-20T12:20:15.504Z</time>
      </trkpt>
      <trkpt lat="18.756668" lon="98.916784">
        <ele>428.508020</ele>
        <time>2025-11-20T12:20:20.415Z</time>
      </trkpt>
      <trkpt lat="18.756603" lon="98.916767">
        <ele>429.037149</ele>
        <time>2025-11-20T12:20:24.640Z</time>
      </trkpt>
      <trkpt lat="18.756465" lon="98.916775">
        <ele>430.129229</ele>
        <time>2025-11-20T12:20:33.109Z</time>
      </trkpt>
      <trkpt lat="18.756360" lon="98.916853">
        <ele>431.143609</ele>
        <time>2025-11-20T12:20:40.572Z</time>
      </trkpt>
      <trkpt lat="18.756262" lon="98.917007">
        <ele>432.531887</ele>
        <time>2025-11-20T12:20:49.926Z</time>
      </trkpt>
      <trkpt lat="18.756205" lon="98.917059">
        <ele>433.127063</ele>
        <time>2025-11-20T12:20:53.629Z</time>
      </trkpt>
      <trkpt lat="18.756108" lon="98.917093">
        <ele>433.934645</ele>
        <time>2025-11-20T12:20:58.393Z</time>
      </trkpt>
      <trkpt lat="18.756018" lon="98.917067">
        <ele>434.671929</ele>
        <time>2025-11-20T12:21:02.390Z</time>
      </trkpt>
      <trkpt lat="18.755986" lon="98.916947">
        <ele>435.604709</ele>
        <time>2025-11-20T12:21:06.968Z</time>
      </trkpt>
      <trkpt lat="18.756043" lon="98.916844">
        <ele>436.497331</ele>
        <time>2025-11-20T12:21:10.790Z</time>
      </trkpt>
      <trkpt lat="18.756156" lon="98.916732">
        <ele>437.721872</ele>
        <time>2025-11-20T12:21:15.476Z</time>
      </trkpt>
      <trkpt lat="18.756303" lon="98.916629">
        <ele>439.115832</ele>
        <time>2025-11-20T12:21:20.237Z</time>
      </trkpt>
      <trkpt lat="18.756441" lon="98.916586">
        <ele>440.252743</ele>
        <time>2025-11-20T12:21:23.812Z</time>
      </trkpt>
      <trkpt lat="18.756758" lon="98.916586">
        <ele>441.569685</ele>
        <time>2025-11-20T12:21:31.048Z</time>
      </trkpt>
      <trkpt lat="18.757099" lon="98.916647">
        <ele>442.814382</ele>
        <time>2025-11-20T12:21:38.693Z</time>
      </trkpt>
      <trkpt lat="18.757384" lon="98.916595">
        <ele>443.855256</ele>
        <time>2025-11-20T12:21:45.096Z</time>
      </trkpt>
      <trkpt lat="18.757644" lon="98.916621">
        <ele>444.795149</ele>
        <time>2025-11-20T12:21:51.211Z</time>
      </trkpt>
      <trkpt lat="18.758310" lon="98.916861">
        <ele>447.526875</ele>
        <time>2025-11-20T12:22:15.454Z</time>
      </trkpt>
      <trkpt lat="18.758502" lon="98.917033">
        <ele>449.081067</ele>
        <time>2025-11-20T12:22:27.626Z</time>
      </trkpt>
      <trkpt lat="18.758765" lon="98.917247">
        <ele>451.130561</ele>
        <time>2025-11-20T12:22:45.186Z</time>
      </trkpt>
      <trkpt lat="18.759041" lon="98.917345">
        <ele>452.928036</ele>
        <time>2025-11-20T12:23:00.569Z</time>
      </trkpt>
      <trkpt lat="18.759147" lon="98.917383">
        <ele>453.619049</ele>
        <time>2025-11-20T12:23:06.308Z</time>
      </trkpt>
      <trkpt lat="18.759298" lon="98.917378">
        <ele>454.551635</ele>
        <time>2025-11-20T12:23:13.506Z</time>
      </trkpt>
      <trkpt lat="18.759607" lon="98.917423">
        <ele>456.477153</ele>
        <time>2025-11-20T12:23:25.999Z</time>
      </trkpt>
      <trkpt lat="18.759740" lon="98.917445">
        <ele>457.308177</ele>
        <time>2025-11-20T12:23:30.158Z</time>
      </trkpt>
      <trkpt lat="18.759831" lon="98.917506">
        <ele>457.973524</ele>
        <time>2025-11-20T12:23:32.972Z</time>
      </trkpt>
      <trkpt lat="18.759871" lon="98.917565">
        <ele>457.998522</ele>
        <time>2025-11-20T12:23:34.527Z</time>
      </trkpt>
      <trkpt lat="18.759903" lon="98.917676">
        <ele>457.573422</ele>
        <time>2025-11-20T12:23:36.501Z</time>
      </trkpt>
      <trkpt lat="18.759899" lon="98.917754">
        <ele>457.287236</ele>
        <time>2025-11-20T12:23:37.419Z</time>
      </trkpt>
      <trkpt lat="18.759835" lon="98.917959">
        <ele>456.496412</ele>
        <time>2025-11-20T12:23:39.644Z</time>
      </trkpt>
      <trkpt lat="18.759858" lon="98.918068">
        <ele>456.087275</ele>
        <time>2025-11-20T12:23:40.648Z</time>
      </trkpt>
      <trkpt lat="18.759848" lon="98.918144">
        <ele>455.806160</ele>
        <time>2025-11-20T12:23:41.322Z</time>
      </trkpt>
      <trkpt lat="18.759812" lon="98.918177">
        <ele>455.621716</ele>
        <time>2025-11-20T12:23:41.748Z</time>
      </trkpt>
      <trkpt lat="18.759836" lon="98.918256">
        <ele>455.317753</ele>
        <time>2025-11-20T12:23:42.454Z</time>
      </trkpt>
      <trkpt lat="18.759822" lon="98.918355">
        <ele>454.951026</ele>
        <time>2025-11-20T12:23:43.280Z</time>
      </trkpt>
      <trkpt lat="18.759751" lon="98.918497">
        <ele>454.362705</ele>
        <time>2025-11-20T12:23:44.582Z</time>
      </trkpt>
      <trkpt lat="18.759572" lon="98.918599">
        <ele>453.575728</ele>
        <time>2025-11-20T12:23:46.362Z</time>
      </trkpt>
      <trkpt lat="18.759526" lon="98.918700">
        <ele>453.165115</ele>
        <time>2025-11-20T12:23:53.705Z</time>
      </trkpt>
      <trkpt lat="18.759446" lon="98.918650">
        <ele>452.805434</ele>
        <time>2025-11-20T12:24:00.164Z</time>
      </trkpt>
      <trkpt lat="18.759284" lon="98.918929">
        <ele>451.606380</ele>
        <time>2025-11-20T12:24:21.746Z</time>
      </trkpt>
      <trkpt lat="18.759356" lon="98.918979">
        <ele>451.272964</ele>
        <time>2025-11-20T12:24:27.781Z</time>
      </trkpt>
      <trkpt lat="18.759251" lon="98.919147">
        <ele>451.655539</ele>
        <time>2025-11-20T12:24:41.075Z</time>
      </trkpt>
      <trkpt lat="18.759223" lon="98.919231">
        <ele>451.885100</ele>
        <time>2025-11-20T12:24:51.488Z</time>
      </trkpt>
      <trkpt lat="18.759251" lon="98.919147">
        <ele>452.114660</ele>
        <time>2025-11-20T12:25:01.902Z</time>
      </trkpt>
      <trkpt lat="18.759356" lon="98.918979">
        <ele>452.633565</ele>
        <time>2025-11-20T12:25:15.196Z</time>
      </trkpt>
      <trkpt lat="18.759284" lon="98.918929">
        <ele>452.868159</ele>
        <time>2025-11-20T12:25:21.230Z</time>
      </trkpt>
      <trkpt lat="18.759446" lon="98.918650">
        <ele>453.711821</ele>
        <time>2025-11-20T12:25:42.808Z</time>
      </trkpt>
      <trkpt lat="18.759526" lon="98.918700">
        <ele>453.964895</ele>
        <time>2025-11-20T12:25:49.264Z</time>
      </trkpt>
      <trkpt lat="18.759572" lon="98.918599">
        <ele>454.253805</ele>
        <time>2025-11-20T12:25:56.601Z</time>
      </trkpt>
      <trkpt lat="18.759751" lon="98.918497">
        <ele>454.807528</ele>
        <time>2025-11-20T12:26:05.738Z</time>
      </trkpt>
      <trkpt lat="18.759822" lon="98.918355">
        <ele>455.221474</ele>
        <time>2025-11-20T12:26:13.623Z</time>
      </trkpt>
      <trkpt lat="18.759836" lon="98.918256">
        <ele>455.479506</ele>
        <time>2025-11-20T12:26:18.001Z</time>
      </trkpt>
      <trkpt lat="18.759812" lon="98.918177">
        <ele>455.693376</ele>
        <time>2025-11-20T12:26:20.736Z</time>
      </trkpt>
      <trkpt lat="18.759724" lon="98.917968">
        <ele>455.792639</ele>
        <time>2025-11-20T12:26:27.291Z</time>
      </trkpt>
      <trkpt lat="18.759667" lon="98.917625">
        <ele>454.414234</ele>
        <time>2025-11-20T12:26:32.006Z</time>
      </trkpt>
      <trkpt lat="18.759578" lon="98.917556">
        <ele>453.952707</ele>
        <time>2025-11-20T12:26:33.149Z</time>
      </trkpt>
      <trkpt lat="18.759289" lon="98.917457">
        <ele>452.682652</ele>
        <time>2025-11-20T12:26:36.029Z</time>
      </trkpt>
      <trkpt lat="18.759147" lon="98.917383">
        <ele>452.020724</ele>
        <time>2025-11-20T12:26:37.458Z</time>
      </trkpt>
      <trkpt lat="18.759041" lon="98.917345">
        <ele>451.552785</ele>
        <time>2025-11-20T12:26:38.455Z</time>
      </trkpt>
      <trkpt lat="18.758765" lon="98.917247">
        <ele>450.335574</ele>
        <time>2025-11-20T12:26:40.996Z</time>
      </trkpt>
      <trkpt lat="18.758502" lon="98.917033">
        <ele>448.947700</ele>
        <time>2025-11-20T12:26:43.892Z</time>
      </trkpt>
      <trkpt lat="18.758310" lon="98.916861">
        <ele>447.912399</ele>
        <time>2025-11-20T12:26:46.103Z</time>
      </trkpt>
      <trkpt lat="18.757644" lon="98.916621">
        <ele>445.045480</ele>
        <time>2025-11-20T12:26:52.763Z</time>
      </trkpt>
      <trkpt lat="18.757384" lon="98.916595">
        <ele>443.981491</ele>
        <time>2025-11-20T12:26:55.598Z</time>
      </trkpt>
      <trkpt lat="18.757099" lon="98.916647">
        <ele>442.803188</ele>
        <time>2025-11-20T12:26:58.811Z</time>
      </trkpt>
      <trkpt lat="18.756758" lon="98.916586">
        <ele>441.394152</ele>
        <time>2025-11-20T12:27:02.673Z</time>
      </trkpt>
      <trkpt lat="18.756441" lon="98.916586">
        <ele>439.395329</ele>
        <time>2025-11-20T12:27:06.152Z</time>
      </trkpt>
      <trkpt lat="18.756303" lon="98.916629">
        <ele>438.445564</ele>
        <time>2025-11-20T12:27:07.676Z</time>
      </trkpt>
      <trkpt lat="18.756156" lon="98.916732">
        <ele>437.281063</ele>
        <time>2025-11-20T12:27:09.473Z</time>
      </trkpt>
      <trkpt lat="18.756043" lon="98.916844">
        <ele>436.258092</ele>
        <time>2025-11-20T12:27:10.999Z</time>
      </trkpt>
      <trkpt lat="18.755986" lon="98.916947">
        <ele>435.512404</ele>
        <time>2025-11-20T12:27:12.071Z</time>
      </trkpt>
      <trkpt lat="18.756018" lon="98.917067">
        <ele>434.733169</ele>
        <time>2025-11-20T12:27:13.159Z</time>
      </trkpt>
      <trkpt lat="18.756108" lon="98.917093">
        <ele>434.117249</ele>
        <time>2025-11-20T12:27:13.991Z</time>
      </trkpt>
      <trkpt lat="18.756205" lon="98.917059">
        <ele>433.442603</ele>
        <time>2025-11-20T12:27:14.901Z</time>
      </trkpt>
      <trkpt lat="18.756262" lon="98.917007">
        <ele>432.945398</ele>
        <time>2025-11-20T12:27:15.557Z</time>
      </trkpt>
      <trkpt lat="18.756360" lon="98.916853">
        <ele>431.785644</ele>
        <time>2025-11-20T12:27:17.078Z</time>
      </trkpt>
      <trkpt lat="18.756465" lon="98.916775">
        <ele>430.938240</ele>
        <time>2025-11-20T12:27:18.175Z</time>
      </trkpt>
      <trkpt lat="18.756603" lon="98.916767">
        <ele>430.025926</ele>
        <time>2025-11-20T12:27:19.350Z</time>
      </trkpt>
      <trkpt lat="18.756668" lon="98.916784">
        <ele>429.583898</ele>
        <time>2025-11-20T12:27:19.916Z</time>
      </trkpt>
      <trkpt lat="18.756725" lon="98.916836">
        <ele>428.736609</ele>
        <time>2025-11-20T12:27:20.547Z</time>
      </trkpt>
      <trkpt lat="18.756742" lon="98.916904">
        <ele>427.754136</ele>
        <time>2025-11-20T12:27:21.111Z</time>
      </trkpt>
      <trkpt lat="18.756733" lon="98.917496">
        <ele>419.483157</ele>
        <time>2025-11-20T12:27:25.785Z</time>
      </trkpt>
      <trkpt lat="18.756758" lon="98.917634">
        <ele>417.520408</ele>
        <time>2025-11-20T12:27:26.881Z</time>
      </trkpt>
      <trkpt lat="18.756880" lon="98.917968">
        <ele>412.519496</ele>
        <time>2025-11-20T12:27:29.686Z</time>
      </trkpt>
      <trkpt lat="18.756920" lon="98.918166">
        <ele>409.691298</ele>
        <time>2025-11-20T12:27:31.263Z</time>
      </trkpt>
      <trkpt lat="18.756896" lon="98.918810">
        <ele>400.846798</ele>
        <time>2025-11-20T12:27:36.306Z</time>
      </trkpt>
      <trkpt lat="18.756985" lon="98.919616">
        <ele>390.349508</ele>
        <time>2025-11-20T12:27:42.705Z</time>
      </trkpt>
      <trkpt lat="18.756969" lon="98.919822">
        <ele>387.675687</ele>
        <time>2025-11-20T12:27:44.342Z</time>
      </trkpt>
      <trkpt lat="18.756929" lon="98.919925">
        <ele>386.235542</ele>
        <time>2025-11-20T12:27:45.227Z</time>
      </trkpt>
      <trkpt lat="18.756782" lon="98.920148">
        <ele>382.720540</ele>
        <time>2025-11-20T12:27:47.390Z</time>
      </trkpt>
      <trkpt lat="18.756620" lon="98.920320">
        <ele>379.582206</ele>
        <time>2025-11-20T12:27:49.334Z</time>
      </trkpt>
      <trkpt lat="18.756490" lon="98.920363">
        <ele>377.902708</ele>
        <time>2025-11-20T12:27:50.493Z</time>
      </trkpt>
      <trkpt lat="18.756335" lon="98.920363">
        <ele>376.495947</ele>
        <time>2025-11-20T12:27:51.807Z</time>
      </trkpt>
      <trkpt lat="18.756091" lon="98.920260">
        <ele>374.111079</ele>
        <time>2025-11-20T12:27:54.057Z</time>
      </trkpt>
      <trkpt lat="18.756002" lon="98.920269">
        <ele>373.299631</ele>
        <time>2025-11-20T12:27:54.830Z</time>
      </trkpt>
      <trkpt lat="18.755969" lon="98.920294">
        <ele>372.931036</ele>
        <time>2025-11-20T12:27:55.180Z</time>
      </trkpt>
      <trkpt lat="18.755945" lon="98.920415">
        <ele>371.868604</ele>
        <time>2025-11-20T12:27:56.188Z</time>
      </trkpt>
      <trkpt lat="18.755994" lon="98.920560">
        <ele>370.545508</ele>
        <time>2025-11-20T12:27:57.460Z</time>
      </trkpt>
      <trkpt lat="18.756100" lon="98.920672">
        <ele>369.184638</ele>
        <time>2025-11-20T12:27:58.765Z</time>
      </trkpt>
      <trkpt lat="18.756246" lon="98.920766">
        <ele>367.632731</ele>
        <time>2025-11-20T12:28:00.272Z</time>
      </trkpt>
      <trkpt lat="18.756278" lon="98.920844">
        <ele>366.902195</ele>
        <time>2025-11-20T12:28:00.977Z</time>
      </trkpt>
      <trkpt lat="18.756262" lon="98.920947">
        <ele>366.005191</ele>
        <time>2025-11-20T12:28:01.852Z</time>
      </trkpt>
      <trkpt lat="18.756165" lon="98.921050">
        <ele>364.756767</ele>
        <time>2025-11-20T12:28:03.078Z</time>
      </trkpt>
      <trkpt lat="18.756043" lon="98.921282">
        <ele>362.476153</ele>
        <time>2025-11-20T12:28:05.316Z</time>
      </trkpt>
      <trkpt lat="18.756010" lon="98.921470">
        <ele>361.381877</ele>
        <time>2025-11-20T12:28:06.939Z</time>
      </trkpt>
      <trkpt lat="18.756020" lon="98.921530">
        <ele>361.118416</ele>
        <time>2025-11-20T12:28:07.453Z</time>
      </trkpt>
      <trkpt lat="18.756075" lon="98.921728">
        <ele>360.226075</ele>
        <time>2025-11-20T12:28:09.209Z</time>
      </trkpt>
      <trkpt lat="18.756270" lon="98.922157">
        <ele>358.168168</ele>
        <time>2025-11-20T12:28:13.378Z</time>
      </trkpt>
      <trkpt lat="18.756510" lon="98.922602">
        <ele>355.953493</ele>
        <time>2025-11-20T12:28:18.143Z</time>
      </trkpt>
      <trkpt lat="18.757033" lon="98.922366">
        <ele>353.549060</ele>
        <time>2025-11-20T12:28:27.002Z</time>
      </trkpt>
      <trkpt lat="18.757297" lon="98.922284">
        <ele>352.952734</ele>
        <time>2025-11-20T12:28:31.427Z</time>
      </trkpt>
      <trkpt lat="18.757718" lon="98.922195">
        <ele>352.022317</ele>
        <time>2025-11-20T12:28:38.454Z</time>
      </trkpt>
      <trkpt lat="18.757922" lon="98.922198">
        <ele>351.580200</ele>
        <time>2025-11-20T12:28:41.645Z</time>
      </trkpt>
      <trkpt lat="18.758718" lon="98.922336">
        <ele>349.832159</ele>
        <time>2025-11-20T12:28:53.684Z</time>
      </trkpt>
      <trkpt lat="18.758919" lon="98.922352">
        <ele>349.747063</ele>
        <time>2025-11-20T12:28:56.812Z</time>
      </trkpt>
      <trkpt lat="18.759271" lon="98.922361">
        <ele>349.607709</ele>
        <time>2025-11-20T12:29:02.584Z</time>
      </trkpt>
      <trkpt lat="18.759360" lon="98.922344">
        <ele>349.571913</ele>
        <time>2025-11-20T12:29:04.186Z</time>
      </trkpt>
      <trkpt lat="18.759453" lon="98.922296">
        <ele>349.530946</ele>
        <time>2025-11-20T12:29:06.094Z</time>
      </trkpt>
      <trkpt lat="18.759807" lon="98.921891">
        <ele>349.324392</ele>
        <time>2025-11-20T12:29:17.824Z</time>
      </trkpt>
      <trkpt lat="18.760506" lon="98.921316">
        <ele>348.598669</ele>
        <time>2025-11-20T12:29:39.274Z</time>
      </trkpt>
      <trkpt lat="18.760791" lon="98.921220">
        <ele>348.163242</ele>
        <time>2025-11-20T12:29:44.401Z</time>
      </trkpt>
      <trkpt lat="18.760664" lon="98.921714">
        <ele>347.457745</ele>
        <time>2025-11-20T12:29:49.635Z</time>
      </trkpt>
      <trkpt lat="18.760632" lon="98.921954">
        <ele>347.123705</ele>
        <time>2025-11-20T12:29:52.032Z</time>
      </trkpt>
      <trkpt lat="18.760632" lon="98.922392">
        <ele>346.520038</ele>
        <time>2025-11-20T12:29:56.262Z</time>
      </trkpt>
      <trkpt lat="18.760713" lon="98.922813">
        <ele>346.292546</ele>
        <time>2025-11-20T12:30:00.562Z</time>
      </trkpt>
      <trkpt lat="18.760830" lon="98.923232">
        <ele>346.077087</ele>
        <time>2025-11-20T12:30:05.744Z</time>
      </trkpt>
      <trkpt lat="18.760977" lon="98.923605">
        <ele>345.877815</ele>
        <time>2025-11-20T12:30:11.693Z</time>
      </trkpt>
      <trkpt lat="18.761014" lon="98.923759">
        <ele>345.799452</ele>
        <time>2025-11-20T12:30:14.295Z</time>
      </trkpt>
      <trkpt lat="18.761033" lon="98.924747">
        <ele>345.621295</ele>
        <time>2025-11-20T12:30:31.292Z</time>
      </trkpt>
      <trkpt lat="18.761076" lon="98.925002">
        <ele>345.653630</ele>
        <time>2025-11-20T12:30:35.546Z</time>
      </trkpt>
      <trkpt lat="18.761183" lon="98.925244">
        <ele>345.686972</ele>
        <time>2025-11-20T12:30:39.854Z</time>
      </trkpt>
      <trkpt lat="18.762152" lon="98.926658">
        <ele>344.773037</ele>
        <time>2025-11-20T12:31:01.655Z</time>
      </trkpt>
      <trkpt lat="18.762217" lon="98.926838">
        <ele>344.547137</ele>
        <time>2025-11-20T12:31:03.680Z</time>
      </trkpt>
      <trkpt lat="18.762233" lon="98.927001">
        <ele>344.354976</ele>
        <time>2025-11-20T12:31:05.389Z</time>
      </trkpt>
      <trkpt lat="18.762127" lon="98.927413">
        <ele>343.854340</ele>
        <time>2025-11-20T12:31:09.800Z</time>
      </trkpt>
      <trkpt lat="18.762375" lon="98.927856">
        <ele>343.503007</ele>
        <time>2025-11-20T12:31:17.543Z</time>
      </trkpt>
      <trkpt lat="18.762644" lon="98.928236">
        <ele>343.388306</ele>
        <time>2025-11-20T12:31:25.147Z</time>
      </trkpt>
      <trkpt lat="18.763077" lon="98.928847">
        <ele>343.203807</ele>
        <time>2025-11-20T12:31:41.228Z</time>
      </trkpt>
      <trkpt lat="18.763837" lon="98.929924">
        <ele>343.395303</ele>
        <time>2025-11-20T12:32:11.048Z</time>
      </trkpt>
      <trkpt lat="18.764267" lon="98.930533">
        <ele>343.623534</ele>
        <time>2025-11-20T12:32:26.267Z</time>
      </trkpt>
      <trkpt lat="18.764145" lon="98.930632">
        <ele>343.672350</ele>
        <time>2025-11-20T12:32:29.233Z</time>
      </trkpt>
      <trkpt lat="18.763788" lon="98.930915">
        <ele>343.249660</ele>
        <time>2025-11-20T12:32:37.132Z</time>
      </trkpt>
      <trkpt lat="18.763441" lon="98.931155">
        <ele>342.827127</ele>
        <time>2025-11-20T12:32:43.842Z</time>
      </trkpt>
      <trkpt lat="18.763338" lon="98.931234">
        <ele>342.697454</ele>
        <time>2025-11-20T12:32:45.875Z</time>
      </trkpt>
      <trkpt lat="18.762584" lon="98.931799">
        <ele>341.783307</ele>
        <time>2025-11-20T12:33:01.761Z</time>
      </trkpt>
      <trkpt lat="18.761970" lon="98.932265">
        <ele>341.244248</ele>
        <time>2025-11-20T12:33:16.161Z</time>
      </trkpt>
      <trkpt lat="18.761777" lon="98.932354">
        <ele>341.094105</ele>
        <time>2025-11-20T12:33:20.307Z</time>
      </trkpt>
      <trkpt lat="18.761642" lon="98.932394">
        <ele>340.994141</ele>
        <time>2025-11-20T12:33:23.044Z</time>
      </trkpt>
      <trkpt lat="18.761759" lon="98.932601">
        <ele>340.831399</ele>
        <time>2025-11-20T12:33:27.356Z</time>
      </trkpt>
      <trkpt lat="18.762084" lon="98.933027">
        <ele>340.350368</ele>
        <time>2025-11-20T12:33:36.103Z</time>
      </trkpt>
      <trkpt lat="18.762251" lon="98.933396">
        <ele>339.775672</ele>
        <time>2025-11-20T12:33:42.240Z</time>
      </trkpt>
      <trkpt lat="18.762249" lon="98.933556">
        <ele>339.550824</ele>
        <time>2025-11-20T12:33:44.640Z</time>
      </trkpt>
      <trkpt lat="18.762168" lon="98.933760">
        <ele>339.239984</ele>
        <time>2025-11-20T12:33:47.940Z</time>
      </trkpt>
      <trkpt lat="18.761800" lon="98.934195">
        <ele>338.420299</ele>
        <time>2025-11-20T12:33:56.881Z</time>
      </trkpt>
      <trkpt lat="18.761683" lon="98.934430">
        <ele>338.047214</ele>
        <time>2025-11-20T12:34:01.158Z</time>
      </trkpt>
      <trkpt lat="18.761568" lon="98.934682">
        <ele>337.692035</ele>
        <time>2025-11-20T12:34:05.784Z</time>
      </trkpt>
      <trkpt lat="18.761271" lon="98.935364">
        <ele>336.802426</ele>
        <time>2025-11-20T12:34:18.577Z</time>
      </trkpt>
      <trkpt lat="18.760964" lon="98.936065">
        <ele>335.887127</ele>
        <time>2025-11-20T12:34:30.687Z</time>
      </trkpt>
      <trkpt lat="18.760794" lon="98.936454">
        <ele>335.162326</ele>
        <time>2025-11-20T12:34:37.159Z</time>
      </trkpt>
      <trkpt lat="18.760516" lon="98.937087">
        <ele>333.659536</ele>
        <time>2025-11-20T12:34:47.438Z</time>
      </trkpt>
      <trkpt lat="18.760263" lon="98.937629">
        <ele>332.358097</ele>
        <time>2025-11-20T12:34:56.052Z</time>
      </trkpt>
      <trkpt lat="18.760171" lon="98.937710">
        <ele>332.085661</ele>
        <time>2025-11-20T12:34:57.846Z</time>
      </trkpt>
      <trkpt lat="18.759704" lon="98.937969">
        <ele>331.036810</ele>
        <time>2025-11-20T12:35:05.874Z</time>
      </trkpt>
      <trkpt lat="18.759625" lon="98.938066">
        <ele>330.823507</ele>
        <time>2025-11-20T12:35:07.720Z</time>
      </trkpt>
      <trkpt lat="18.759488" lon="98.938339">
        <ele>330.308406</ele>
        <time>2025-11-20T12:35:12.252Z</time>
      </trkpt>
      <trkpt lat="18.758757" lon="98.940045">
        <ele>327.565630</ele>
        <time>2025-11-20T12:35:41.966Z</time>
      </trkpt>
      <trkpt lat="18.758163" lon="98.941344">
        <ele>325.861446</ele>
        <time>2025-11-20T12:36:05.390Z</time>
      </trkpt>
      <trkpt lat="18.757942" lon="98.941768">
        <ele>325.201541</ele>
        <time>2025-11-20T12:36:12.922Z</time>
      </trkpt>
      <trkpt lat="18.757744" lon="98.941970">
        <ele>324.805129</ele>
        <time>2025-11-20T12:36:17.391Z</time>
      </trkpt>
      <trkpt lat="18.757393" lon="98.942138">
        <ele>324.250225</ele>
        <time>2025-11-20T12:36:23.645Z</time>
      </trkpt>
      <trkpt lat="18.757237" lon="98.942166">
        <ele>324.022374</ele>
        <time>2025-11-20T12:36:26.221Z</time>
      </trkpt>
      <trkpt lat="18.757010" lon="98.942160">
        <ele>323.695405</ele>
        <time>2025-11-20T12:36:29.931Z</time>
      </trkpt>
      <trkpt lat="18.756864" lon="98.942189">
        <ele>323.567915</ele>
        <time>2025-11-20T12:36:32.379Z</time>
      </trkpt>
      <trkpt lat="18.756889" lon="98.942735">
        <ele>323.255737</ele>
        <time>2025-11-20T12:36:38.611Z</time>
      </trkpt>
      <trkpt lat="18.756938" lon="98.942892">
        <ele>323.161331</ele>
        <time>2025-11-20T12:36:40.606Z</time>
      </trkpt>
      <trkpt lat="18.757002" lon="98.942981">
        <ele>323.097509</ele>
        <time>2025-11-20T12:36:41.975Z</time>
      </trkpt>
      <trkpt lat="18.757188" lon="98.943143">
        <ele>322.952101</ele>
        <time>2025-11-20T12:36:45.253Z</time>
      </trkpt>
      <trkpt lat="18.757401" lon="98.943215">
        <ele>322.817217</ele>
        <time>2025-11-20T12:36:48.445Z</time>
      </trkpt>
      <trkpt lat="18.757842" lon="98.943205">
        <ele>322.551181</ele>
        <time>2025-11-20T12:36:54.924Z</time>
      </trkpt>
      <trkpt lat="18.758332" lon="98.943157">
        <ele>322.562637</ele>
        <time>2025-11-20T12:37:02.648Z</time>
      </trkpt>
      <trkpt lat="18.758582" lon="98.943127">
        <ele>322.571619</ele>
        <time>2025-11-20T12:37:06.558Z</time>
      </trkpt>
      <trkpt lat="18.758860" lon="98.943126">
        <ele>322.581544</ele>
        <time>2025-11-20T12:37:10.777Z</time>
      </trkpt>
      <trkpt lat="18.759014" lon="98.943125">
        <ele>322.587041</ele>
        <time>2025-11-20T12:37:13.118Z</time>
      </trkpt>
      <trkpt lat="18.759306" lon="98.943177">
        <ele>322.597612</ele>
        <time>2025-11-20T12:37:17.609Z</time>
      </trkpt>
      <trkpt lat="18.759798" lon="98.943372">
        <ele>322.547660</ele>
        <time>2025-11-20T12:37:25.123Z</time>
      </trkpt>
      <trkpt lat="18.760192" lon="98.943621">
        <ele>322.397243</ele>
        <time>2025-11-20T12:37:31.418Z</time>
      </trkpt>
      <trkpt lat="18.761288" lon="98.944295">
        <ele>322.021173</ele>
        <time>2025-11-20T12:37:48.437Z</time>
      </trkpt>
      <trkpt lat="18.761528" lon="98.944385">
        <ele>322.022854</ele>
        <time>2025-11-20T12:37:52.011Z</time>
      </trkpt>
      <trkpt lat="18.761732" lon="98.944432">
        <ele>322.024233</ele>
        <time>2025-11-20T12:37:55.028Z</time>
      </trkpt>
      <trkpt lat="18.762091" lon="98.944466">
        <ele>322.026612</ele>
        <time>2025-11-20T12:38:00.420Z</time>
      </trkpt>
      <trkpt lat="18.762668" lon="98.944518">
        <ele>322.030436</ele>
        <time>2025-11-20T12:38:09.327Z</time>
      </trkpt>
      <trkpt lat="18.762736" lon="98.944525">
        <ele>322.030887</ele>
        <time>2025-11-20T12:38:10.403Z</time>
      </trkpt>
      <trkpt lat="18.763147" lon="98.944628">
        <ele>322.082689</ele>
        <time>2025-11-20T12:38:17.208Z</time>
      </trkpt>
      <trkpt lat="18.763351" lon="98.944726">
        <ele>322.135734</ele>
        <time>2025-11-20T12:38:20.831Z</time>
      </trkpt>
      <trkpt lat="18.763461" lon="98.944805">
        <ele>322.167219</ele>
        <time>2025-11-20T12:38:22.931Z</time>
      </trkpt>
      <trkpt lat="18.763624" lon="98.944943">
        <ele>322.216664</ele>
        <time>2025-11-20T12:38:26.197Z</time>
      </trkpt>
      <trkpt lat="18.764043" lon="98.945370">
        <ele>322.354477</ele>
        <time>2025-11-20T12:38:34.972Z</time>
      </trkpt>
      <trkpt lat="18.764686" lon="98.946043">
        <ele>322.576268</ele>
        <time>2025-11-20T12:38:49.632Z</time>
      </trkpt>
      <trkpt lat="18.764865" lon="98.946210">
        <ele>322.636639</ele>
        <time>2025-11-20T12:38:53.611Z</time>
      </trkpt>
      <trkpt lat="18.765521" lon="98.946878">
        <ele>322.866976</ele>
        <time>2025-11-20T12:39:08.251Z</time>
      </trkpt>
      <trkpt lat="18.765658" lon="98.947012">
        <ele>322.910908</ele>
        <time>2025-11-20T12:39:11.097Z</time>
      </trkpt>
      <trkpt lat="18.765711" lon="98.947065">
        <ele>322.890436</ele>
        <time>2025-11-20T12:39:12.221Z</time>
      </trkpt>
      <trkpt lat="18.765746" lon="98.947099">
        <ele>322.877099</ele>
        <time>2025-11-20T12:39:12.924Z</time>
      </trkpt>
      <trkpt lat="18.766089" lon="98.947438">
        <ele>322.745344</ele>
        <time>2025-11-20T12:39:19.596Z</time>
      </trkpt>
      <trkpt lat="18.766457" lon="98.947796">
        <ele>322.605018</ele>
        <time>2025-11-20T12:39:26.213Z</time>
      </trkpt>
      <trkpt lat="18.766996" lon="98.948340">
        <ele>322.411592</ele>
        <time>2025-11-20T12:39:36.074Z</time>
      </trkpt>
      <trkpt lat="18.767636" lon="98.948987">
        <ele>322.481283</ele>
        <time>2025-11-20T12:39:49.006Z</time>
      </trkpt>
      <trkpt lat="18.768256" lon="98.949602">
        <ele>322.548192</ele>
        <time>2025-11-20T12:40:02.833Z</time>
      </trkpt>
      <trkpt lat="18.768585" lon="98.949838">
        <ele>322.710541</ele>
        <time>2025-11-20T12:40:09.563Z</time>
      </trkpt>
      <trkpt lat="18.768880" lon="98.949986">
        <ele>322.849106</ele>
        <time>2025-11-20T12:40:15.090Z</time>
      </trkpt>
      <trkpt lat="18.769209" lon="98.950105">
        <ele>322.996652</ele>
        <time>2025-11-20T12:40:20.946Z</time>
      </trkpt>
      <trkpt lat="18.769877" lon="98.950295">
        <ele>323.290166</ele>
        <time>2025-11-20T12:40:32.415Z</time>
      </trkpt>
      <trkpt lat="18.770324" lon="98.950422">
        <ele>323.336295</ele>
        <time>2025-11-20T12:40:39.330Z</time>
      </trkpt>
      <trkpt lat="18.772271" lon="98.950956">
        <ele>323.508762</ele>
        <time>2025-11-20T12:41:09.279Z</time>
      </trkpt>
      <trkpt lat="18.772358" lon="98.950981">
        <ele>323.522186</ele>
        <time>2025-11-20T12:41:10.846Z</time>
      </trkpt>
      <trkpt lat="18.772942" lon="98.951151">
        <ele>323.612379</ele>
        <time>2025-11-20T12:41:20.626Z</time>
      </trkpt>
      <trkpt lat="18.773087" lon="98.951193">
        <ele>323.634765</ele>
        <time>2025-11-20T12:41:22.871Z</time>
      </trkpt>
      <trkpt lat="18.773426" lon="98.951294">
        <ele>323.684405</ele>
        <time>2025-11-20T12:41:28.022Z</time>
      </trkpt>
      <trkpt lat="18.773541" lon="98.951320">
        <ele>323.687220</ele>
        <time>2025-11-20T12:41:29.729Z</time>
      </trkpt>
      <trkpt lat="18.773883" lon="98.951429">
        <ele>323.695769</ele>
        <time>2025-11-20T12:41:35.069Z</time>
      </trkpt>
      <trkpt lat="18.774447" lon="98.951650">
        <ele>323.710166</ele>
        <time>2025-11-20T12:41:43.863Z</time>
      </trkpt>
      <trkpt lat="18.774970" lon="98.951921">
        <ele>323.724108</ele>
        <time>2025-11-20T12:41:52.207Z</time>
      </trkpt>
      <trkpt lat="18.775256" lon="98.952099">
        <ele>323.805927</ele>
        <time>2025-11-20T12:41:57.651Z</time>
      </trkpt>
      <trkpt lat="18.776111" lon="98.952638">
        <ele>324.172375</ele>
        <time>2025-11-20T12:42:14.121Z</time>
      </trkpt>
      <trkpt lat="18.776390" lon="98.952821">
        <ele>324.293243</ele>
        <time>2025-11-20T12:42:19.460Z</time>
      </trkpt>
      <trkpt lat="18.776820" lon="98.953103">
        <ele>324.492403</ele>
        <time>2025-11-20T12:42:28.017Z</time>
      </trkpt>
      <trkpt lat="18.777054" lon="98.953268">
        <ele>324.610666</ele>
        <time>2025-11-20T12:42:32.889Z</time>
      </trkpt>
      <trkpt lat="18.777377" lon="98.953562">
        <ele>324.789894</ele>
        <time>2025-11-20T12:42:40.017Z</time>
      </trkpt>
      <trkpt lat="18.777526" lon="98.953761">
        <ele>324.890861</ele>
        <time>2025-11-20T12:42:43.979Z</time>
      </trkpt>
      <trkpt lat="18.777642" lon="98.953979">
        <ele>324.990380</ele>
        <time>2025-11-20T12:42:47.932Z</time>
      </trkpt>
      <trkpt lat="18.777802" lon="98.954453">
        <ele>325.132472</ele>
        <time>2025-11-20T12:42:55.898Z</time>
      </trkpt>
      <trkpt lat="18.778412" lon="98.956890">
        <ele>324.636520</ele>
        <time>2025-11-20T12:43:29.283Z</time>
      </trkpt>
      <trkpt lat="18.778578" lon="98.957264">
        <ele>324.466404</ele>
        <time>2025-11-20T12:43:34.313Z</time>
      </trkpt>
      <trkpt lat="18.778714" lon="98.957466">
        <ele>324.364321</ele>
        <time>2025-11-20T12:43:37.360Z</time>
      </trkpt>
      <trkpt lat="18.778876" lon="98.957646">
        <ele>324.262039</ele>
        <time>2025-11-20T12:43:40.448Z</time>
      </trkpt>
      <trkpt lat="18.779045" lon="98.957779">
        <ele>324.170362</ele>
        <time>2025-11-20T12:43:43.260Z</time>
      </trkpt>
      <trkpt lat="18.779300" lon="98.957924">
        <ele>324.136308</ele>
        <time>2025-11-20T12:43:47.114Z</time>
      </trkpt>
      <trkpt lat="18.779616" lon="98.958034">
        <ele>324.109506</ele>
        <time>2025-11-20T12:43:51.703Z</time>
      </trkpt>
      <trkpt lat="18.780014" lon="98.958100">
        <ele>324.077052</ele>
        <time>2025-11-20T12:43:57.567Z</time>
      </trkpt>
      <trkpt lat="18.780337" lon="98.958100">
        <ele>324.051033</ele>
        <time>2025-11-20T12:44:02.489Z</time>
      </trkpt>
      <trkpt lat="18.781207" lon="98.958109">
        <ele>324.038233</ele>
        <time>2025-11-20T12:44:16.109Z</time>
      </trkpt>
      <trkpt lat="18.782206" lon="98.958117">
        <ele>324.104749</ele>
        <time>2025-11-20T12:44:31.526Z</time>
      </trkpt>
      <trkpt lat="18.782621" lon="98.958121">
        <ele>324.131795</ele>
        <time>2025-11-20T12:44:37.313Z</time>
      </trkpt>
      <trkpt lat="18.783549" lon="98.958137">
        <ele>324.078905</ele>
        <time>2025-11-20T12:44:50.881Z</time>
      </trkpt>
      <trkpt lat="18.783828" lon="98.958138">
        <ele>324.063005</ele>
        <time>2025-11-20T12:44:54.640Z</time>
      </trkpt>
      <trkpt lat="18.784193" lon="98.958181">
        <ele>324.042076</ele>
        <time>2025-11-20T12:44:59.820Z</time>
      </trkpt>
      <trkpt lat="18.784437" lon="98.958224">
        <ele>324.040116</ele>
        <time>2025-11-20T12:45:03.620Z</time>
      </trkpt>
      <trkpt lat="18.784876" lon="98.958352">
        <ele>324.212565</ele>
        <time>2025-11-20T12:45:11.121Z</time>
      </trkpt>
      <trkpt lat="18.785531" lon="98.958596">
        <ele>324.475561</ele>
        <time>2025-11-20T12:45:22.474Z</time>
      </trkpt>
      <trkpt lat="18.786599" lon="98.959005">
        <ele>324.814537</ele>
        <time>2025-11-20T12:45:41.657Z</time>
      </trkpt>
      <trkpt lat="18.789912" lon="98.960194">
        <ele>325.089456</ele>
        <time>2025-11-20T12:46:34.515Z</time>
      </trkpt>
      <trkpt lat="18.790998" lon="98.960583">
        <ele>324.892174</ele>
        <time>2025-11-20T12:46:50.892Z</time>
      </trkpt>
      <trkpt lat="18.791085" lon="98.960617">
        <ele>324.876215</ele>
        <time>2025-11-20T12:46:52.093Z</time>
      </trkpt>
      <trkpt lat="18.791077" lon="98.960642">
        <ele>324.871917</ele>
        <time>2025-11-20T12:46:52.436Z</time>
      </trkpt>
      <trkpt lat="18.791031" lon="98.960793">
        <ele>324.834215</ele>
        <time>2025-11-20T12:46:54.427Z</time>
      </trkpt>
      <trkpt lat="18.791017" lon="98.960838">
        <ele>324.810345</ele>
        <time>2025-11-20T12:46:55.044Z</time>
      </trkpt>
      <trkpt lat="18.790756" lon="98.961637">
        <ele>324.384412</ele>
        <time>2025-11-20T12:47:05.464Z</time>
      </trkpt>
      <trkpt lat="18.790726" lon="98.961726">
        <ele>324.336804</ele>
        <time>2025-11-20T12:47:06.610Z</time>
      </trkpt>
      <trkpt lat="18.790191" lon="98.963353">
        <ele>323.787028</ele>
        <time>2025-11-20T12:47:36.677Z</time>
      </trkpt>
      <trkpt lat="18.790181" lon="98.963494">
        <ele>323.769058</ele>
        <time>2025-11-20T12:47:38.734Z</time>
      </trkpt>
      <trkpt lat="18.790221" lon="98.963601">
        <ele>323.754437</ele>
        <time>2025-11-20T12:47:40.480Z</time>
      </trkpt>
      <trkpt lat="18.790368" lon="98.963828">
        <ele>323.719484</ele>
        <time>2025-11-20T12:47:44.763Z</time>
      </trkpt>
      <trkpt lat="18.790684" lon="98.963941">
        <ele>323.674697</ele>
        <time>2025-11-20T12:47:50.018Z</time>
      </trkpt>
      <trkpt lat="18.791186" lon="98.964120">
        <ele>323.581051</ele>
        <time>2025-11-20T12:47:57.991Z</time>
      </trkpt>
      <trkpt lat="18.791376" lon="98.964188">
        <ele>323.541818</ele>
        <time>2025-11-20T12:48:00.958Z</time>
      </trkpt>
      <trkpt lat="18.791645" lon="98.964284">
        <ele>323.486290</ele>
        <time>2025-11-20T12:48:05.131Z</time>
      </trkpt>
      <trkpt lat="18.792328" lon="98.964529">
        <ele>323.345227</ele>
        <time>2025-11-20T12:48:14.803Z</time>
      </trkpt>
      <trkpt lat="18.793149" lon="98.964823">
        <ele>323.199021</ele>
        <time>2025-11-20T12:48:26.356Z</time>
      </trkpt>
      <trkpt lat="18.793879" lon="98.965084">
        <ele>323.076335</ele>
        <time>2025-11-20T12:48:38.345Z</time>
      </trkpt>
      <trkpt lat="18.793834" lon="98.965211">
        <ele>323.055899</ele>
        <time>2025-11-20T12:48:40.116Z</time>
      </trkpt>
      <trkpt lat="18.793818" lon="98.965397">
        <ele>323.027752</ele>
        <time>2025-11-20T12:48:42.499Z</time>
      </trkpt>
      <trkpt lat="18.793765" lon="98.965677">
        <ele>322.964576</ele>
        <time>2025-11-20T12:48:46.275Z</time>
      </trkpt>
      <trkpt lat="18.793697" lon="98.966002">
        <ele>322.880812</ele>
        <time>2025-11-20T12:48:50.963Z</time>
      </trkpt>
      <trkpt lat="18.793618" lon="98.966402">
        <ele>322.777981</ele>
        <time>2025-11-20T12:48:56.690Z</time>
      </trkpt>
      <trkpt lat="18.793545" lon="98.966774">
        <ele>322.682373</ele>
        <time>2025-11-20T12:49:01.671Z</time>
      </trkpt>
      <trkpt lat="18.793516" lon="98.966927">
        <ele>322.643105</ele>
        <time>2025-11-20T12:49:03.681Z</time>
      </trkpt>
      <trkpt lat="18.793482" lon="98.967106">
        <ele>322.597160</ele>
        <time>2025-11-20T12:49:06.026Z</time>
      </trkpt>
      <trkpt lat="18.793460" lon="98.967215">
        <ele>322.569112</ele>
        <time>2025-11-20T12:49:07.379Z</time>
      </trkpt>
      <trkpt lat="18.793391" lon="98.967559">
        <ele>322.299016</ele>
        <time>2025-11-20T12:49:11.800Z</time>
      </trkpt>
      <trkpt lat="18.793270" lon="98.968176">
        <ele>321.626504</ele>
        <time>2025-11-20T12:49:19.147Z</time>
      </trkpt>
      <trkpt lat="18.793047" lon="98.969270">
        <ele>320.465662</ele>
        <time>2025-11-20T12:49:31.143Z</time>
      </trkpt>
      <trkpt lat="18.792838" lon="98.970369">
        <ele>319.792506</ele>
        <time>2025-11-20T12:49:45.050Z</time>
      </trkpt>
      <trkpt lat="18.792772" lon="98.970706">
        <ele>319.585845</ele>
        <time>2025-11-20T12:49:49.472Z</time>
      </trkpt>
      <trkpt lat="18.792765" lon="98.970742">
        <ele>319.563775</ele>
        <time>2025-11-20T12:49:49.964Z</time>
      </trkpt>
      <trkpt lat="18.793634" lon="98.970775">
        <ele>319.312335</ele>
        <time>2025-11-20T12:50:06.762Z</time>
      </trkpt>
      <trkpt lat="18.793767" lon="98.970769">
        <ele>319.299148</ele>
        <time>2025-11-20T12:50:09.230Z</time>
      </trkpt>
      <trkpt lat="18.794055" lon="98.970748">
        <ele>319.270550</ele>
        <time>2025-11-20T12:50:14.481Z</time>
      </trkpt>
      <trkpt lat="18.794515" lon="98.970727">
        <ele>319.224938</ele>
        <time>2025-11-20T12:50:23.883Z</time>
      </trkpt>
      <trkpt lat="18.794760" lon="98.970721">
        <ele>319.200661</ele>
        <time>2025-11-20T12:50:29.407Z</time>
      </trkpt>
      <trkpt lat="18.794916" lon="98.970718">
        <ele>319.213917</ele>
        <time>2025-11-20T12:50:32.916Z</time>
      </trkpt>
      <trkpt lat="18.795412" lon="98.970741">
        <ele>319.478487</ele>
        <time>2025-11-20T12:50:43.413Z</time>
      </trkpt>
      <trkpt lat="18.795459" lon="98.970744">
        <ele>319.503579</ele>
        <time>2025-11-20T12:50:44.432Z</time>
      </trkpt>
      <trkpt lat="18.795834" lon="98.970770">
        <ele>319.703843</ele>
        <time>2025-11-20T12:50:53.182Z</time>
      </trkpt>
      <trkpt lat="18.796279" lon="98.970795">
        <ele>319.941316</ele>
        <time>2025-11-20T12:51:03.584Z</time>
      </trkpt>
      <trkpt lat="18.796381" lon="98.970806">
        <ele>319.995954</ele>
        <time>2025-11-20T12:51:05.846Z</time>
      </trkpt>
      <trkpt lat="18.796700" lon="98.970820">
        <ele>320.173265</ele>
        <time>2025-11-20T12:51:12.441Z</time>
      </trkpt>
      <trkpt lat="18.797312" lon="98.970886">
        <ele>320.632411</ele>
        <time>2025-11-20T12:51:26.580Z</time>
      </trkpt>
      <trkpt lat="18.797635" lon="98.970925">
        <ele>320.875055</ele>
        <time>2025-11-20T12:51:34.412Z</time>
      </trkpt>
      <trkpt lat="18.797925" lon="98.970960">
        <ele>321.092907</ele>
        <time>2025-11-20T12:51:41.656Z</time>
      </trkpt>
      <trkpt lat="18.798216" lon="98.971015">
        <ele>321.313547</ele>
        <time>2025-11-20T12:51:48.873Z</time>
      </trkpt>
      <trkpt lat="18.798270" lon="98.971026">
        <ele>321.354593</ele>
        <time>2025-11-20T12:51:50.107Z</time>
      </trkpt>
      <trkpt lat="18.798564" lon="98.971095">
        <ele>321.487198</ele>
        <time>2025-11-20T12:51:56.331Z</time>
      </trkpt>
      <trkpt lat="18.798764" lon="98.971149">
        <ele>321.481250</ele>
        <time>2025-11-20T12:52:01.061Z</time>
      </trkpt>
      <trkpt lat="18.798905" lon="98.971184">
        <ele>321.477076</ele>
        <time>2025-11-20T12:52:04.483Z</time>
      </trkpt>
      <trkpt lat="18.798992" lon="98.971203">
        <ele>321.474516</ele>
        <time>2025-11-20T12:52:06.505Z</time>
      </trkpt>
      <trkpt lat="18.799167" lon="98.971242">
        <ele>321.469362</ele>
        <time>2025-11-20T12:52:10.334Z</time>
      </trkpt>
      <trkpt lat="18.799473" lon="98.971326">
        <ele>321.460252</ele>
        <time>2025-11-20T12:52:16.922Z</time>
      </trkpt>
      <trkpt lat="18.799537" lon="98.971366">
        <ele>321.458109</ele>
        <time>2025-11-20T12:52:17.873Z</time>
      </trkpt>
      <trkpt lat="18.799436" lon="98.971559">
        <ele>321.452094</ele>
        <time>2025-11-20T12:52:20.981Z</time>
      </trkpt>
      <trkpt lat="18.799204" lon="98.971998">
        <ele>321.426235</ele>
        <time>2025-11-20T12:52:26.808Z</time>
      </trkpt>
      <trkpt lat="18.798732" lon="98.972889">
        <ele>320.587143</ele>
        <time>2025-11-20T12:52:39.012Z</time>
      </trkpt>
      <trkpt lat="18.798624" lon="98.973091">
        <ele>320.396488</ele>
        <time>2025-11-20T12:52:41.638Z</time>
      </trkpt>
      <trkpt lat="18.798540" lon="98.973248">
        <ele>320.248281</ele>
        <time>2025-11-20T12:52:43.678Z</time>
      </trkpt>
      <trkpt lat="18.798403" lon="98.973512">
        <ele>320.000860</ele>
        <time>2025-11-20T12:52:47.180Z</time>
      </trkpt>
      <trkpt lat="18.798253" lon="98.973796">
        <ele>319.782899</ele>
        <time>2025-11-20T12:52:51.083Z</time>
      </trkpt>
      <trkpt lat="18.798194" lon="98.973908">
        <ele>319.713693</ele>
        <time>2025-11-20T12:52:52.667Z</time>
      </trkpt>
      <trkpt lat="18.798078" lon="98.974125">
        <ele>319.579136</ele>
        <time>2025-11-20T12:52:55.758Z</time>
      </trkpt>
      <trkpt lat="18.797718" lon="98.974795">
        <ele>319.163165</ele>
        <time>2025-11-20T12:53:04.750Z</time>
      </trkpt>
      <trkpt lat="18.797429" lon="98.975333">
        <ele>318.851802</ele>
        <time>2025-11-20T12:53:12.844Z</time>
      </trkpt>
      <trkpt lat="18.797353" lon="98.975475">
        <ele>318.853150</ele>
        <time>2025-11-20T12:53:15.293Z</time>
      </trkpt>
      <trkpt lat="18.797293" lon="98.975587">
        <ele>318.854213</ele>
        <time>2025-11-20T12:53:17.377Z</time>
      </trkpt>
      <trkpt lat="18.797125" lon="98.975898">
        <ele>318.857172</ele>
        <time>2025-11-20T12:53:23.286Z</time>
      </trkpt>
      <trkpt lat="18.797041" lon="98.976054">
        <ele>318.858655</ele>
        <time>2025-11-20T12:53:26.034Z</time>
      </trkpt>
      <trkpt lat="18.796667" lon="98.976751">
        <ele>318.865275</ele>
        <time>2025-11-20T12:53:37.937Z</time>
      </trkpt>
      <trkpt lat="18.796447" lon="98.977160">
        <ele>318.763248</ele>
        <time>2025-11-20T12:53:43.617Z</time>
      </trkpt>
      <trkpt lat="18.796278" lon="98.977461">
        <ele>318.613140</ele>
        <time>2025-11-20T12:53:47.549Z</time>
      </trkpt>
      <trkpt lat="18.796245" lon="98.977502">
        <ele>318.590057</ele>
        <time>2025-11-20T12:53:48.175Z</time>
      </trkpt>
      <trkpt lat="18.796115" lon="98.977837">
        <ele>318.434761</ele>
        <time>2025-11-20T12:53:52.341Z</time>
      </trkpt>
      <trkpt lat="18.796069" lon="98.978015">
        <ele>318.355617</ele>
        <time>2025-11-20T12:53:54.617Z</time>
      </trkpt>
      <trkpt lat="18.796027" lon="98.978262">
        <ele>318.247976</ele>
        <time>2025-11-20T12:53:58.191Z</time>
      </trkpt>
      <trkpt lat="18.796899" lon="98.978654">
        <ele>317.947022</ele>
        <time>2025-11-20T12:54:12.806Z</time>
      </trkpt>
      <trkpt lat="18.797807" lon="98.979082">
        <ele>317.744184</ele>
        <time>2025-11-20T12:54:27.193Z</time>
      </trkpt>
      <trkpt lat="18.797888" lon="98.979111">
        <ele>317.726737</ele>
        <time>2025-11-20T12:54:28.223Z</time>
      </trkpt>
      <trkpt lat="18.798312" lon="98.979312">
        <ele>317.533921</ele>
        <time>2025-11-20T12:54:33.922Z</time>
      </trkpt>
      <trkpt lat="18.798340" lon="98.979325">
        <ele>317.516220</ele>
        <time>2025-11-20T12:54:34.306Z</time>
      </trkpt>
      <trkpt lat="18.798621" lon="98.979463">
        <ele>317.336871</ele>
        <time>2025-11-20T12:54:38.392Z</time>
      </trkpt>
      <trkpt lat="18.798702" lon="98.979504">
        <ele>317.284888</ele>
        <time>2025-11-20T12:54:39.592Z</time>
      </trkpt>
      <trkpt lat="18.798754" lon="98.979530">
        <ele>317.251591</ele>
        <time>2025-11-20T12:54:40.349Z</time>
      </trkpt>
      <trkpt lat="18.799391" lon="98.979813">
        <ele>316.851641</ele>
        <time>2025-11-20T12:54:49.261Z</time>
      </trkpt>
      <trkpt lat="18.799505" lon="98.979866">
        <ele>316.779555</ele>
        <time>2025-11-20T12:54:50.904Z</time>
      </trkpt>
      <trkpt lat="18.799673" lon="98.979946">
        <ele>316.672901</ele>
        <time>2025-11-20T12:54:53.401Z</time>
      </trkpt>
      <trkpt lat="18.799755" lon="98.979986">
        <ele>316.629521</ele>
        <time>2025-11-20T12:54:54.655Z</time>
      </trkpt>
      <trkpt lat="18.799938" lon="98.980063">
        <ele>316.558358</ele>
        <time>2025-11-20T12:54:57.419Z</time>
      </trkpt>
      <trkpt lat="18.800155" lon="98.979668">
        <ele>316.402171</ele>
        <time>2025-11-20T12:55:02.981Z</time>
      </trkpt>
      <trkpt lat="18.801200" lon="98.978207">
        <ele>316.136079</ele>
        <time>2025-11-20T12:55:26.923Z</time>
      </trkpt>
      <trkpt lat="18.801753" lon="98.978229">
        <ele>316.265574</ele>
        <time>2025-11-20T12:55:39.530Z</time>
      </trkpt>
      <trkpt lat="18.801771" lon="98.978188">
        <ele>316.275585</ele>
        <time>2025-11-20T12:55:40.467Z</time>
      </trkpt>
      <trkpt lat="18.801810" lon="98.978172">
        <ele>316.285375</ele>
        <time>2025-11-20T12:55:41.412Z</time>
      </trkpt>
      <trkpt lat="18.801849" lon="98.978191">
        <ele>316.295425</ele>
        <time>2025-11-20T12:55:42.343Z</time>
      </trkpt>
      <trkpt lat="18.802008" lon="98.977600">
        <ele>316.459841</ele>
        <time>2025-11-20T12:55:55.209Z</time>
      </trkpt>
      <trkpt lat="18.802121" lon="98.976865">
        <ele>316.914264</ele>
        <time>2025-11-20T12:56:10.573Z</time>
      </trkpt>
      <trkpt lat="18.802188" lon="98.976311">
        <ele>317.255100</ele>
        <time>2025-11-20T12:56:22.748Z</time>
      </trkpt>
      <trkpt lat="18.802232" lon="98.976005">
        <ele>317.443983</ele>
        <time>2025-11-20T12:56:29.655Z</time>
      </trkpt>
      <trkpt lat="18.802341" lon="98.975179">
        <ele>317.995793</ele>
        <time>2025-11-20T12:56:48.634Z</time>
      </trkpt>
      <trkpt lat="18.802873" lon="98.975249">
        <ele>318.380588</ele>
        <time>2025-11-20T12:56:58.503Z</time>
      </trkpt>
      <trkpt lat="18.803390" lon="98.975335">
        <ele>318.756239</ele>
        <time>2025-11-20T12:57:07.485Z</time>
      </trkpt>
      <trkpt lat="18.803524" lon="98.974255">
        <ele>319.040141</ele>
        <time>2025-11-20T12:57:23.465Z</time>
      </trkpt>
      <trkpt lat="18.804001" lon="98.974344">
        <ele>319.136234</ele>
        <time>2025-11-20T12:57:33.689Z</time>
      </trkpt>
      <trkpt lat="18.804484" lon="98.974434">
        <ele>319.222716</ele>
        <time>2025-11-20T12:57:43.546Z</time>
      </trkpt>
      <trkpt lat="18.805049" lon="98.974540">
        <ele>319.222716</ele>
        <time>2025-11-20T12:57:55.576Z</time>
      </trkpt>
      <trkpt lat="18.805548" lon="98.974633">
        <ele>319.222716</ele>
        <time>2025-11-20T12:58:06.293Z</time>
      </trkpt>
      <trkpt lat="18.805597" lon="98.974216">
        <ele>319.222716</ele>
        <time>2025-11-20T12:58:11.883Z</time>
      </trkpt>
      <trkpt lat="18.805603" lon="98.974168">
        <ele>319.222716</ele>
        <time>2025-11-20T12:58:12.549Z</time>
      </trkpt>
      <trkpt lat="18.805873" lon="98.974261">
        <ele>319.222716</ele>
        <time>2025-11-20T12:58:43.954Z</time>
      </trkpt>
      <trkpt lat="18.805896" lon="98.974269">
        <ele>319.222716</ele>
        <time>2025-11-20T12:58:46.640Z</time>
      </trkpt>
    </trkseg>
  </trk>
</gpx>