<?xml version='1.0' encoding='UTF-8'?>
<gpx version="1.1" creator="https://www.komoot.de" xmlns="http://www.topografix.com/GPX/1/1" xmlns:xsi="http://www.w3.org/2001/XMLSchema-instance" xsi:schemaLocation="http://www.topografix.com/GPX/1/1 http://www.topografix.com/GPX/1/1/gpx.xsd">
  <metadata>
    <name>CM: StickyWaterfall Loop 2</name>
    <author>
      <link href="https://www.komoot.de">
        <text>komoot</text>
        <type>text/html</type>
      </link>
    </author>
  </metadata>
  <trk>
    <name>CM: StickyWaterfall Loop 2</name>
    <trkseg>
      <trkpt lat="18.805657" lon="98.974187">
        <ele>319.642126</ele>
        <time>2025-10-30T12:27:53.120Z</time>
      </trkpt>
      <trkpt lat="18.805603" lon="98.974168">
        <ele>319.642126</ele>
        <time>2025-10-30T12:27:59.457Z</time>
      </trkpt>
      <trkpt lat="18.805788" lon="98.972566">
        <ele>319.648651</ele>
        <time>2025-10-30T12:28:21.593Z</time>
      </trkpt>
      <trkpt lat="18.805818" lon="98.972303">
        <ele>319.651039</ele>
        <time>2025-10-30T12:28:24.991Z</time>
      </trkpt>
      <trkpt lat="18.805885" lon="98.971758">
        <ele>319.655992</ele>
        <time>2025-10-30T12:28:32.820Z</time>
      </trkpt>
      <trkpt lat="18.805967" lon="98.971103">
        <ele>319.702082</ele>
        <time>2025-10-30T12:28:42.955Z</time>
      </trkpt>
      <trkpt lat="18.805995" lon="98.971042">
        <ele>319.711791</ele>
        <time>2025-10-30T12:28:44.022Z</time>
      </trkpt>
      <trkpt lat="18.805779" lon="98.970848">
        <ele>319.754684</ele>
        <time>2025-10-30T12:28:48.395Z</time>
      </trkpt>
      <trkpt lat="18.805479" lon="98.970452">
        <ele>319.827322</ele>
        <time>2025-10-30T12:28:55.808Z</time>
      </trkpt>
      <trkpt lat="18.804665" lon="98.969808">
        <ele>319.886245</ele>
        <time>2025-10-30T12:29:16.612Z</time>
      </trkpt>
      <trkpt lat="18.804089" lon="98.969397">
        <ele>319.790989</ele>
        <time>2025-10-30T12:29:30.153Z</time>
      </trkpt>
      <trkpt lat="18.804061" lon="98.969355">
        <ele>319.784325</ele>
        <time>2025-10-30T12:29:31.173Z</time>
      </trkpt>
      <trkpt lat="18.804066" lon="98.969311">
        <ele>319.778576</ele>
        <time>2025-10-30T12:29:31.992Z</time>
      </trkpt>
      <trkpt lat="18.804136" lon="98.969278">
        <ele>319.768071</ele>
        <time>2025-10-30T12:29:33.497Z</time>
      </trkpt>
      <trkpt lat="18.805087" lon="98.969952">
        <ele>319.470747</ele>
        <time>2025-10-30T12:29:55.818Z</time>
      </trkpt>
      <trkpt lat="18.805325" lon="98.970136">
        <ele>319.353390</ele>
        <time>2025-10-30T12:30:01.516Z</time>
      </trkpt>
      <trkpt lat="18.806028" lon="98.970433">
        <ele>319.052112</ele>
        <time>2025-10-30T12:30:15.415Z</time>
      </trkpt>
      <trkpt lat="18.806295" lon="98.970662">
        <ele>318.994458</ele>
        <time>2025-10-30T12:30:21.675Z</time>
      </trkpt>
      <trkpt lat="18.806772" lon="98.971122">
        <ele>319.115056</ele>
        <time>2025-10-30T12:30:33.542Z</time>
      </trkpt>
      <trkpt lat="18.807011" lon="98.971353">
        <ele>319.175543</ele>
        <time>2025-10-30T12:30:40.386Z</time>
      </trkpt>
      <trkpt lat="18.807087" lon="98.971425">
        <ele>319.194604</ele>
        <time>2025-10-30T12:30:42.729Z</time>
      </trkpt>
      <trkpt lat="18.807507" lon="98.971790">
        <ele>319.296155</ele>
        <time>2025-10-30T12:30:56.101Z</time>
      </trkpt>
      <trkpt lat="18.807617" lon="98.971796">
        <ele>319.361427</ele>
        <time>2025-10-30T12:30:58.868Z</time>
      </trkpt>
      <trkpt lat="18.807664" lon="98.971851">
        <ele>319.424528</ele>
        <time>2025-10-30T12:31:00.263Z</time>
      </trkpt>
      <trkpt lat="18.808274" lon="98.971302">
        <ele>320.145466</ele>
        <time>2025-10-30T12:31:14.775Z</time>
      </trkpt>
      <trkpt lat="18.808787" lon="98.970881">
        <ele>320.729880</ele>
        <time>2025-10-30T12:31:27.350Z</time>
      </trkpt>
      <trkpt lat="18.809081" lon="98.970646">
        <ele>321.078612</ele>
        <time>2025-10-30T12:31:33.543Z</time>
      </trkpt>
      <trkpt lat="18.809344" lon="98.970653">
        <ele>321.344461</ele>
        <time>2025-10-30T12:31:37.720Z</time>
      </trkpt>
      <trkpt lat="18.809674" lon="98.970598">
        <ele>321.682054</ele>
        <time>2025-10-30T12:31:44.182Z</time>
      </trkpt>
      <trkpt lat="18.810036" lon="98.970510">
        <ele>322.057419</ele>
        <time>2025-10-30T12:31:52.037Z</time>
      </trkpt>
      <trkpt lat="18.810265" lon="98.970433">
        <ele>322.300265</ele>
        <time>2025-10-30T12:31:56.813Z</time>
      </trkpt>
      <trkpt lat="18.810605" lon="98.970319">
        <ele>322.660729</ele>
        <time>2025-10-30T12:32:03.560Z</time>
      </trkpt>
      <trkpt lat="18.811167" lon="98.970123">
        <ele>322.727431</ele>
        <time>2025-10-30T12:32:14.132Z</time>
      </trkpt>
      <trkpt lat="18.811469" lon="98.969906">
        <ele>322.717976</ele>
        <time>2025-10-30T12:32:19.741Z</time>
      </trkpt>
      <trkpt lat="18.811760" lon="98.969627">
        <ele>322.707802</ele>
        <time>2025-10-30T12:32:25.153Z</time>
      </trkpt>
      <trkpt lat="18.811910" lon="98.969559">
        <ele>322.703576</ele>
        <time>2025-10-30T12:32:27.324Z</time>
      </trkpt>
      <trkpt lat="18.812115" lon="98.969540">
        <ele>322.698248</ele>
        <time>2025-10-30T12:32:30.000Z</time>
      </trkpt>
      <trkpt lat="18.812223" lon="98.969552">
        <ele>322.695437</ele>
        <time>2025-10-30T12:32:31.334Z</time>
      </trkpt>
      <trkpt lat="18.812317" lon="98.969563">
        <ele>322.681012</ele>
        <time>2025-10-30T12:32:32.483Z</time>
      </trkpt>
      <trkpt lat="18.812581" lon="98.969452">
        <ele>322.597079</ele>
        <time>2025-10-30T12:32:35.980Z</time>
      </trkpt>
      <trkpt lat="18.812703" lon="98.969374">
        <ele>322.554955</ele>
        <time>2025-10-30T12:32:37.750Z</time>
      </trkpt>
      <trkpt lat="18.813071" lon="98.969100">
        <ele>322.421965</ele>
        <time>2025-10-30T12:32:43.373Z</time>
      </trkpt>
      <trkpt lat="18.813191" lon="98.969011">
        <ele>322.378655</ele>
        <time>2025-10-30T12:32:45.243Z</time>
      </trkpt>
      <trkpt lat="18.813310" lon="98.968983">
        <ele>322.342642</ele>
        <time>2025-10-30T12:32:46.986Z</time>
      </trkpt>
      <trkpt lat="18.813543" lon="98.968991">
        <ele>322.273779</ele>
        <time>2025-10-30T12:32:50.565Z</time>
      </trkpt>
      <trkpt lat="18.813553" lon="98.968695">
        <ele>322.190962</ele>
        <time>2025-10-30T12:32:55.049Z</time>
      </trkpt>
      <trkpt lat="18.813614" lon="98.968385">
        <ele>322.442879</ele>
        <time>2025-10-30T12:33:00.348Z</time>
      </trkpt>
      <trkpt lat="18.813679" lon="98.968254">
        <ele>322.634615</ele>
        <time>2025-10-30T12:33:02.955Z</time>
      </trkpt>
      <trkpt lat="18.813987" lon="98.967807">
        <ele>323.351342</ele>
        <time>2025-10-30T12:33:14.127Z</time>
      </trkpt>
      <trkpt lat="18.814091" lon="98.967561">
        <ele>323.700601</ele>
        <time>2025-10-30T12:33:19.815Z</time>
      </trkpt>
      <trkpt lat="18.814227" lon="98.966981">
        <ele>324.475199</ele>
        <time>2025-10-30T12:33:32.721Z</time>
      </trkpt>
      <trkpt lat="18.814351" lon="98.965967">
        <ele>324.998955</ele>
        <time>2025-10-30T12:33:50.679Z</time>
      </trkpt>
      <trkpt lat="18.814371" lon="98.965831">
        <ele>325.055597</ele>
        <time>2025-10-30T12:33:52.583Z</time>
      </trkpt>
      <trkpt lat="18.814510" lon="98.965835">
        <ele>325.116053</ele>
        <time>2025-10-30T12:33:54.517Z</time>
      </trkpt>
      <trkpt lat="18.814620" lon="98.965728">
        <ele>325.181063</ele>
        <time>2025-10-30T12:33:56.504Z</time>
      </trkpt>
      <trkpt lat="18.815987" lon="98.964956">
        <ele>325.729117</ele>
        <time>2025-10-30T12:34:18.454Z</time>
      </trkpt>
      <trkpt lat="18.815885" lon="98.964494">
        <ele>325.869363</ele>
        <time>2025-10-30T12:34:26.590Z</time>
      </trkpt>
      <trkpt lat="18.815821" lon="98.964202">
        <ele>325.957971</ele>
        <time>2025-10-30T12:34:32.050Z</time>
      </trkpt>
      <trkpt lat="18.815821" lon="98.964116">
        <ele>325.993867</ele>
        <time>2025-10-30T12:34:33.662Z</time>
      </trkpt>
      <trkpt lat="18.816206" lon="98.963215">
        <ele>326.511832</ele>
        <time>2025-10-30T12:34:51.625Z</time>
      </trkpt>
      <trkpt lat="18.816258" lon="98.963082">
        <ele>326.587230</ele>
        <time>2025-10-30T12:34:53.643Z</time>
      </trkpt>
      <trkpt lat="18.816396" lon="98.962760">
        <ele>326.772433</ele>
        <time>2025-10-30T12:34:58.557Z</time>
      </trkpt>
      <trkpt lat="18.816415" lon="98.962704">
        <ele>326.803603</ele>
        <time>2025-10-30T12:34:59.724Z</time>
      </trkpt>
      <trkpt lat="18.817056" lon="98.962649">
        <ele>326.831531</ele>
        <time>2025-10-30T12:35:09.255Z</time>
      </trkpt>
      <trkpt lat="18.817176" lon="98.962639">
        <ele>326.785559</ele>
        <time>2025-10-30T12:35:10.929Z</time>
      </trkpt>
      <trkpt lat="18.817799" lon="98.962586">
        <ele>326.546856</ele>
        <time>2025-10-30T12:35:18.895Z</time>
      </trkpt>
      <trkpt lat="18.818059" lon="98.962629">
        <ele>326.446349</ele>
        <time>2025-10-30T12:35:22.269Z</time>
      </trkpt>
      <trkpt lat="18.818359" lon="98.962749">
        <ele>326.323837</ele>
        <time>2025-10-30T12:35:26.432Z</time>
      </trkpt>
      <trkpt lat="18.820574" lon="98.964094">
        <ele>325.942811</ele>
        <time>2025-10-30T12:36:03.268Z</time>
      </trkpt>
      <trkpt lat="18.821294" lon="98.964565">
        <ele>325.894292</ele>
        <time>2025-10-30T12:36:16.157Z</time>
      </trkpt>
      <trkpt lat="18.821592" lon="98.964731">
        <ele>325.874888</ele>
        <time>2025-10-30T12:36:20.999Z</time>
      </trkpt>
      <trkpt lat="18.821843" lon="98.964816">
        <ele>325.858593</ele>
        <time>2025-10-30T12:36:24.669Z</time>
      </trkpt>
      <trkpt lat="18.822086" lon="98.964871">
        <ele>325.843230</ele>
        <time>2025-10-30T12:36:27.967Z</time>
      </trkpt>
      <trkpt lat="18.823059" lon="98.965003">
        <ele>325.782584</ele>
        <time>2025-10-30T12:36:42.253Z</time>
      </trkpt>
      <trkpt lat="18.823426" lon="98.965058">
        <ele>325.768994</ele>
        <time>2025-10-30T12:36:47.874Z</time>
      </trkpt>
      <trkpt lat="18.824262" lon="98.965178">
        <ele>325.806492</ele>
        <time>2025-10-30T12:37:01.441Z</time>
      </trkpt>
      <trkpt lat="18.824300" lon="98.965124">
        <ele>325.809323</ele>
        <time>2025-10-30T12:37:02.410Z</time>
      </trkpt>
      <trkpt lat="18.825859" lon="98.965341">
        <ele>325.681643</ele>
        <time>2025-10-30T12:37:24.726Z</time>
      </trkpt>
      <trkpt lat="18.826099" lon="98.965328">
        <ele>325.630579</ele>
        <time>2025-10-30T12:37:27.994Z</time>
      </trkpt>
      <trkpt lat="18.826338" lon="98.965228">
        <ele>325.575957</ele>
        <time>2025-10-30T12:37:31.513Z</time>
      </trkpt>
      <trkpt lat="18.828124" lon="98.963871">
        <ele>325.376330</ele>
        <time>2025-10-30T12:38:03.236Z</time>
      </trkpt>
      <trkpt lat="18.828339" lon="98.963746">
        <ele>325.395026</ele>
        <time>2025-10-30T12:38:07.032Z</time>
      </trkpt>
      <trkpt lat="18.828622" lon="98.963652">
        <ele>325.461190</ele>
        <time>2025-10-30T12:38:11.701Z</time>
      </trkpt>
      <trkpt lat="18.828955" lon="98.963574">
        <ele>325.537262</ele>
        <time>2025-10-30T12:38:17.167Z</time>
      </trkpt>
      <trkpt lat="18.830851" lon="98.963176">
        <ele>325.705263</ele>
        <time>2025-10-30T12:38:47.797Z</time>
      </trkpt>
      <trkpt lat="18.831083" lon="98.963125">
        <ele>325.687775</ele>
        <time>2025-10-30T12:38:51.142Z</time>
      </trkpt>
      <trkpt lat="18.831986" lon="98.962976">
        <ele>325.640907</ele>
        <time>2025-10-30T12:39:03.196Z</time>
      </trkpt>
      <trkpt lat="18.832305" lon="98.963001">
        <ele>325.644872</ele>
        <time>2025-10-30T12:39:07.427Z</time>
      </trkpt>
      <trkpt lat="18.833049" lon="98.963116">
        <ele>325.654191</ele>
        <time>2025-10-30T12:39:18.750Z</time>
      </trkpt>
      <trkpt lat="18.833648" lon="98.963234">
        <ele>325.722223</ele>
        <time>2025-10-30T12:39:29.023Z</time>
      </trkpt>
      <trkpt lat="18.833776" lon="98.963193">
        <ele>325.790611</ele>
        <time>2025-10-30T12:39:31.405Z</time>
      </trkpt>
      <trkpt lat="18.833862" lon="98.963193">
        <ele>325.834583</ele>
        <time>2025-10-30T12:39:32.959Z</time>
      </trkpt>
      <trkpt lat="18.836793" lon="98.963820">
        <ele>327.206256</ele>
        <time>2025-10-30T12:40:23.393Z</time>
      </trkpt>
      <trkpt lat="18.839687" lon="98.964526">
        <ele>327.466123</ele>
        <time>2025-10-30T12:41:06.816Z</time>
      </trkpt>
      <trkpt lat="18.840048" lon="98.964616">
        <ele>327.550144</ele>
        <time>2025-10-30T12:41:12.787Z</time>
      </trkpt>
      <trkpt lat="18.840149" lon="98.964636">
        <ele>327.573421</ele>
        <time>2025-10-30T12:41:14.468Z</time>
      </trkpt>
      <trkpt lat="18.840339" lon="98.964675">
        <ele>327.617265</ele>
        <time>2025-10-30T12:41:17.773Z</time>
      </trkpt>
      <trkpt lat="18.841210" lon="98.964885">
        <ele>327.910536</ele>
        <time>2025-10-30T12:41:33.492Z</time>
      </trkpt>
      <trkpt lat="18.841384" lon="98.964904">
        <ele>327.973977</ele>
        <time>2025-10-30T12:41:36.675Z</time>
      </trkpt>
      <trkpt lat="18.841520" lon="98.964894">
        <ele>328.023420</ele>
        <time>2025-10-30T12:41:39.097Z</time>
      </trkpt>
      <trkpt lat="18.841613" lon="98.964863">
        <ele>328.058787</ele>
        <time>2025-10-30T12:41:40.750Z</time>
      </trkpt>
      <trkpt lat="18.841700" lon="98.964802">
        <ele>328.096655</ele>
        <time>2025-10-30T12:41:42.476Z</time>
      </trkpt>
      <trkpt lat="18.841774" lon="98.964705">
        <ele>328.139419</ele>
        <time>2025-10-30T12:41:44.332Z</time>
      </trkpt>
      <trkpt lat="18.842216" lon="98.963991">
        <ele>328.228297</ele>
        <time>2025-10-30T12:41:55.858Z</time>
      </trkpt>
      <trkpt lat="18.842357" lon="98.963841">
        <ele>328.168160</ele>
        <time>2025-10-30T12:41:58.499Z</time>
      </trkpt>
      <trkpt lat="18.844120" lon="98.961179">
        <ele>327.515174</ele>
        <time>2025-10-30T12:42:40.623Z</time>
      </trkpt>
      <trkpt lat="18.844171" lon="98.961095">
        <ele>327.535253</ele>
        <time>2025-10-30T12:42:42.340Z</time>
      </trkpt>
      <trkpt lat="18.844823" lon="98.960088">
        <ele>327.857803</ele>
        <time>2025-10-30T12:43:04.264Z</time>
      </trkpt>
      <trkpt lat="18.844989" lon="98.959871">
        <ele>327.931566</ele>
        <time>2025-10-30T12:43:07.949Z</time>
      </trkpt>
      <trkpt lat="18.845130" lon="98.959741">
        <ele>327.983838</ele>
        <time>2025-10-30T12:43:10.341Z</time>
      </trkpt>
      <trkpt lat="18.845305" lon="98.959653">
        <ele>327.962335</ele>
        <time>2025-10-30T12:43:12.716Z</time>
      </trkpt>
      <trkpt lat="18.845465" lon="98.959596">
        <ele>327.851409</ele>
        <time>2025-10-30T12:43:14.710Z</time>
      </trkpt>
      <trkpt lat="18.845982" lon="98.959497">
        <ele>327.506235</ele>
        <time>2025-10-30T12:43:21.053Z</time>
      </trkpt>
      <trkpt lat="18.846497" lon="98.959410">
        <ele>327.163610</ele>
        <time>2025-10-30T12:43:27.407Z</time>
      </trkpt>
      <trkpt lat="18.846594" lon="98.959392">
        <ele>327.098911</ele>
        <time>2025-10-30T12:43:28.639Z</time>
      </trkpt>
      <trkpt lat="18.846655" lon="98.959383">
        <ele>327.058448</ele>
        <time>2025-10-30T12:43:29.449Z</time>
      </trkpt>
      <trkpt lat="18.847159" lon="98.959428">
        <ele>326.838592</ele>
        <time>2025-10-30T12:43:37.138Z</time>
      </trkpt>
      <trkpt lat="18.847414" lon="98.959513">
        <ele>326.846426</ele>
        <time>2025-10-30T12:43:41.856Z</time>
      </trkpt>
      <trkpt lat="18.848429" lon="98.960028">
        <ele>326.879414</ele>
        <time>2025-10-30T12:43:58.542Z</time>
      </trkpt>
      <trkpt lat="18.849228" lon="98.960394">
        <ele>327.435148</ele>
        <time>2025-10-30T12:44:11.025Z</time>
      </trkpt>
      <trkpt lat="18.849737" lon="98.960618">
        <ele>327.915817</ele>
        <time>2025-10-30T12:44:21.974Z</time>
      </trkpt>
      <trkpt lat="18.850564" lon="98.960913">
        <ele>328.619424</ele>
        <time>2025-10-30T12:44:40.982Z</time>
      </trkpt>
      <trkpt lat="18.850580" lon="98.960859">
        <ele>328.654069</ele>
        <time>2025-10-30T12:44:42.085Z</time>
      </trkpt>
      <trkpt lat="18.850954" lon="98.960993">
        <ele>328.909572</ele>
        <time>2025-10-30T12:44:51.168Z</time>
      </trkpt>
      <trkpt lat="18.851625" lon="98.961225">
        <ele>329.366347</ele>
        <time>2025-10-30T12:45:06.033Z</time>
      </trkpt>
      <trkpt lat="18.852110" lon="98.961384">
        <ele>329.679564</ele>
        <time>2025-10-30T12:45:16.725Z</time>
      </trkpt>
      <trkpt lat="18.852355" lon="98.961544">
        <ele>329.828689</ele>
        <time>2025-10-30T12:45:21.478Z</time>
      </trkpt>
      <trkpt lat="18.852918" lon="98.961731">
        <ele>330.134255</ele>
        <time>2025-10-30T12:45:31.941Z</time>
      </trkpt>
      <trkpt lat="18.854128" lon="98.961839">
        <ele>330.427297</ele>
        <time>2025-10-30T12:45:53.005Z</time>
      </trkpt>
      <trkpt lat="18.855234" lon="98.962012">
        <ele>330.096175</ele>
        <time>2025-10-30T12:46:07.674Z</time>
      </trkpt>
      <trkpt lat="18.856214" lon="98.962119">
        <ele>329.637337</ele>
        <time>2025-10-30T12:46:19.932Z</time>
      </trkpt>
      <trkpt lat="18.856399" lon="98.962100">
        <ele>329.538986</ele>
        <time>2025-10-30T12:46:22.255Z</time>
      </trkpt>
      <trkpt lat="18.856587" lon="98.962052">
        <ele>329.436647</ele>
        <time>2025-10-30T12:46:24.679Z</time>
      </trkpt>
      <trkpt lat="18.857726" lon="98.961577">
        <ele>329.129530</ele>
        <time>2025-10-30T12:46:42.467Z</time>
      </trkpt>
      <trkpt lat="18.859808" lon="98.960756">
        <ele>328.529550</ele>
        <time>2025-10-30T12:47:17.440Z</time>
      </trkpt>
      <trkpt lat="18.860320" lon="98.960564">
        <ele>328.094341</ele>
        <time>2025-10-30T12:47:23.523Z</time>
      </trkpt>
      <trkpt lat="18.860303" lon="98.960508">
        <ele>328.049759</ele>
        <time>2025-10-30T12:47:24.153Z</time>
      </trkpt>
      <trkpt lat="18.861084" lon="98.960219">
        <ele>327.202771</ele>
        <time>2025-10-30T12:47:33.005Z</time>
      </trkpt>
      <trkpt lat="18.861753" lon="98.959950">
        <ele>326.399619</ele>
        <time>2025-10-30T12:47:41.946Z</time>
      </trkpt>
      <trkpt lat="18.861857" lon="98.959899">
        <ele>326.270973</ele>
        <time>2025-10-30T12:47:43.473Z</time>
      </trkpt>
      <trkpt lat="18.862057" lon="98.959731">
        <ele>325.984304</ele>
        <time>2025-10-30T12:47:46.945Z</time>
      </trkpt>
      <trkpt lat="18.862333" lon="98.959608">
        <ele>325.826559</ele>
        <time>2025-10-30T12:47:51.186Z</time>
      </trkpt>
      <trkpt lat="18.862500" lon="98.959533">
        <ele>325.824722</ele>
        <time>2025-10-30T12:47:53.861Z</time>
      </trkpt>
      <trkpt lat="18.863676" lon="98.959133">
        <ele>325.812213</ele>
        <time>2025-10-30T12:48:12.642Z</time>
      </trkpt>
      <trkpt lat="18.863889" lon="98.959096">
        <ele>325.810027</ele>
        <time>2025-10-30T12:48:15.880Z</time>
      </trkpt>
      <trkpt lat="18.864026" lon="98.959104">
        <ele>325.882662</ele>
        <time>2025-10-30T12:48:17.926Z</time>
      </trkpt>
      <trkpt lat="18.864782" lon="98.958809">
        <ele>326.327481</ele>
        <time>2025-10-30T12:48:30.159Z</time>
      </trkpt>
      <trkpt lat="18.865355" lon="98.958716">
        <ele>326.647461</ele>
        <time>2025-10-30T12:48:40.398Z</time>
      </trkpt>
      <trkpt lat="18.865689" lon="98.958742">
        <ele>326.806247</ele>
        <time>2025-10-30T12:48:47.238Z</time>
      </trkpt>
      <trkpt lat="18.866214" lon="98.958911">
        <ele>326.842105</ele>
        <time>2025-10-30T12:48:59.113Z</time>
      </trkpt>
      <trkpt lat="18.866765" lon="98.959149">
        <ele>326.880996</ele>
        <time>2025-10-30T12:49:08.487Z</time>
      </trkpt>
      <trkpt lat="18.867237" lon="98.959388">
        <ele>326.915192</ele>
        <time>2025-10-30T12:49:14.887Z</time>
      </trkpt>
      <trkpt lat="18.867141" lon="98.959615">
        <ele>326.611379</ele>
        <time>2025-10-30T12:49:18.686Z</time>
      </trkpt>
      <trkpt lat="18.867121" lon="98.959672">
        <ele>326.498671</ele>
        <time>2025-10-30T12:49:19.308Z</time>
      </trkpt>
      <trkpt lat="18.867120" lon="98.959817">
        <ele>326.229838</ele>
        <time>2025-10-30T12:49:21.432Z</time>
      </trkpt>
      <trkpt lat="18.867096" lon="98.960481">
        <ele>324.997903</ele>
        <time>2025-10-30T12:49:27.974Z</time>
      </trkpt>
      <trkpt lat="18.867136" lon="98.960676">
        <ele>324.627982</ele>
        <time>2025-10-30T12:49:30.774Z</time>
      </trkpt>
      <trkpt lat="18.867148" lon="98.960922">
        <ele>324.171300</ele>
        <time>2025-10-30T12:49:34.423Z</time>
      </trkpt>
      <trkpt lat="18.867112" lon="98.962701">
        <ele>322.111566</ele>
        <time>2025-10-30T12:50:03.152Z</time>
      </trkpt>
      <trkpt lat="18.867106" lon="98.963033">
        <ele>321.798202</ele>
        <time>2025-10-30T12:50:08.677Z</time>
      </trkpt>
      <trkpt lat="18.867103" lon="98.963150">
        <ele>321.687750</ele>
        <time>2025-10-30T12:50:10.709Z</time>
      </trkpt>
      <trkpt lat="18.867102" lon="98.963215">
        <ele>321.626401</ele>
        <time>2025-10-30T12:50:11.861Z</time>
      </trkpt>
      <trkpt lat="18.867162" lon="98.963525">
        <ele>321.651314</ele>
        <time>2025-10-30T12:50:17.647Z</time>
      </trkpt>
      <trkpt lat="18.867266" lon="98.963723">
        <ele>321.689245</ele>
        <time>2025-10-30T12:50:22.011Z</time>
      </trkpt>
      <trkpt lat="18.867355" lon="98.963805">
        <ele>321.710145</ele>
        <time>2025-10-30T12:50:24.428Z</time>
      </trkpt>
      <trkpt lat="18.867472" lon="98.963850">
        <ele>321.732184</ele>
        <time>2025-10-30T12:50:27.037Z</time>
      </trkpt>
      <trkpt lat="18.868152" lon="98.963813">
        <ele>321.852708</ele>
        <time>2025-10-30T12:50:42.368Z</time>
      </trkpt>
      <trkpt lat="18.870345" lon="98.963346">
        <ele>322.454162</ele>
        <time>2025-10-30T12:51:30.631Z</time>
      </trkpt>
      <trkpt lat="18.870487" lon="98.963324">
        <ele>322.471133</ele>
        <time>2025-10-30T12:51:33.394Z</time>
      </trkpt>
      <trkpt lat="18.871204" lon="98.963194">
        <ele>322.557156</ele>
        <time>2025-10-30T12:51:47.568Z</time>
      </trkpt>
      <trkpt lat="18.871447" lon="98.963190">
        <ele>322.585894</ele>
        <time>2025-10-30T12:51:52.352Z</time>
      </trkpt>
      <trkpt lat="18.873412" lon="98.962795">
        <ele>323.296305</ele>
        <time>2025-10-30T12:52:36.350Z</time>
      </trkpt>
      <trkpt lat="18.874179" lon="98.962649">
        <ele>323.718922</ele>
        <time>2025-10-30T12:52:49.595Z</time>
      </trkpt>
      <trkpt lat="18.875155" lon="98.962461">
        <ele>324.351872</ele>
        <time>2025-10-30T12:53:12.710Z</time>
      </trkpt>
      <trkpt lat="18.875554" lon="98.962375">
        <ele>324.611675</ele>
        <time>2025-10-30T12:53:22.125Z</time>
      </trkpt>
      <trkpt lat="18.876913" lon="98.962030">
        <ele>324.784691</ele>
        <time>2025-10-30T12:53:52.087Z</time>
      </trkpt>
      <trkpt lat="18.877672" lon="98.961787">
        <ele>324.624130</ele>
        <time>2025-10-30T12:54:06.545Z</time>
      </trkpt>
      <trkpt lat="18.877810" lon="98.961732">
        <ele>324.534550</ele>
        <time>2025-10-30T12:54:09.170Z</time>
      </trkpt>
      <trkpt lat="18.879236" lon="98.960968">
        <ele>323.714572</ele>
        <time>2025-10-30T12:54:38.211Z</time>
      </trkpt>
      <trkpt lat="18.880658" lon="98.960134">
        <ele>323.680823</ele>
        <time>2025-10-30T12:55:10.573Z</time>
      </trkpt>
      <trkpt lat="18.883010" lon="98.958641">
        <ele>326.319507</ele>
        <time>2025-10-30T12:56:16.863Z</time>
      </trkpt>
      <trkpt lat="18.883828" lon="98.958081">
        <ele>327.306357</ele>
        <time>2025-10-30T12:56:43.264Z</time>
      </trkpt>
      <trkpt lat="18.885510" lon="98.956931">
        <ele>328.132238</ele>
        <time>2025-10-30T12:57:25.038Z</time>
      </trkpt>
      <trkpt lat="18.885581" lon="98.956883">
        <ele>328.152201</ele>
        <time>2025-10-30T12:57:26.811Z</time>
      </trkpt>
      <trkpt lat="18.885778" lon="98.956748">
        <ele>328.207809</ele>
        <time>2025-10-30T12:57:31.730Z</time>
      </trkpt>
      <trkpt lat="18.886150" lon="98.956486">
        <ele>328.313686</ele>
        <time>2025-10-30T12:57:41.364Z</time>
      </trkpt>
      <trkpt lat="18.886370" lon="98.956333">
        <ele>328.376061</ele>
        <time>2025-10-30T12:57:47.221Z</time>
      </trkpt>
      <trkpt lat="18.886562" lon="98.956194">
        <ele>328.431181</ele>
        <time>2025-10-30T12:57:52.397Z</time>
      </trkpt>
      <trkpt lat="18.887356" lon="98.955607">
        <ele>328.383160</ele>
        <time>2025-10-30T12:58:12.052Z</time>
      </trkpt>
      <trkpt lat="18.887534" lon="98.955394">
        <ele>328.361608</ele>
        <time>2025-10-30T12:58:15.661Z</time>
      </trkpt>
      <trkpt lat="18.887816" lon="98.954954">
        <ele>328.321305</ele>
        <time>2025-10-30T12:58:22.491Z</time>
      </trkpt>
      <trkpt lat="18.888092" lon="98.954445">
        <ele>328.528793</ele>
        <time>2025-10-30T12:58:30.388Z</time>
      </trkpt>
      <trkpt lat="18.888183" lon="98.954214">
        <ele>328.657628</ele>
        <time>2025-10-30T12:58:34.088Z</time>
      </trkpt>
      <trkpt lat="18.888282" lon="98.953739">
        <ele>328.908061</ele>
        <time>2025-10-30T12:58:42.020Z</time>
      </trkpt>
      <trkpt lat="18.888266" lon="98.953291">
        <ele>329.138892</ele>
        <time>2025-10-30T12:58:50.143Z</time>
      </trkpt>
      <trkpt lat="18.887902" lon="98.951421">
        <ele>330.910102</ele>
        <time>2025-10-30T12:59:25.972Z</time>
      </trkpt>
      <trkpt lat="18.887659" lon="98.950256">
        <ele>331.419114</ele>
        <time>2025-10-30T12:59:44.361Z</time>
      </trkpt>
      <trkpt lat="18.887621" lon="98.949819">
        <ele>331.528496</ele>
        <time>2025-10-30T12:59:50.661Z</time>
      </trkpt>
      <trkpt lat="18.887660" lon="98.949609">
        <ele>331.581838</ele>
        <time>2025-10-30T12:59:53.730Z</time>
      </trkpt>
      <trkpt lat="18.887724" lon="98.949421">
        <ele>331.631637</ele>
        <time>2025-10-30T12:59:56.598Z</time>
      </trkpt>
      <trkpt lat="18.887866" lon="98.949105">
        <ele>331.595819</ele>
        <time>2025-10-30T13:00:01.622Z</time>
      </trkpt>
      <trkpt lat="18.888007" lon="98.948855">
        <ele>331.500346</ele>
        <time>2025-10-30T13:00:05.685Z</time>
      </trkpt>
      <trkpt lat="18.890224" lon="98.946395">
        <ele>330.268093</ele>
        <time>2025-10-30T13:00:48.184Z</time>
      </trkpt>
      <trkpt lat="18.890257" lon="98.946354">
        <ele>330.281936</ele>
        <time>2025-10-30T13:00:48.874Z</time>
      </trkpt>
      <trkpt lat="18.895747" lon="98.940178">
        <ele>332.106991</ele>
        <time>2025-10-30T13:02:57.645Z</time>
      </trkpt>
      <trkpt lat="18.896052" lon="98.939835">
        <ele>332.065084</ele>
        <time>2025-10-30T13:03:03.800Z</time>
      </trkpt>
      <trkpt lat="18.896879" lon="98.938933">
        <ele>331.114399</ele>
        <time>2025-10-30T13:03:18.633Z</time>
      </trkpt>
      <trkpt lat="18.897346" lon="98.938598">
        <ele>330.471878</ele>
        <time>2025-10-30T13:03:25.312Z</time>
      </trkpt>
      <trkpt lat="18.897565" lon="98.938496">
        <ele>330.199432</ele>
        <time>2025-10-30T13:03:28.094Z</time>
      </trkpt>
      <trkpt lat="18.897882" lon="98.938410">
        <ele>329.831611</ele>
        <time>2025-10-30T13:03:31.812Z</time>
      </trkpt>
      <trkpt lat="18.898275" lon="98.938395">
        <ele>329.397713</ele>
        <time>2025-10-30T13:03:36.207Z</time>
      </trkpt>
      <trkpt lat="18.899328" lon="98.938550">
        <ele>328.224677</ele>
        <time>2025-10-30T13:03:48.883Z</time>
      </trkpt>
      <trkpt lat="18.899725" lon="98.938586">
        <ele>328.108104</ele>
        <time>2025-10-30T13:03:54.557Z</time>
      </trkpt>
      <trkpt lat="18.899981" lon="98.938574">
        <ele>328.256906</ele>
        <time>2025-10-30T13:03:58.606Z</time>
      </trkpt>
      <trkpt lat="18.900321" lon="98.938480">
        <ele>328.460982</ele>
        <time>2025-10-30T13:04:04.622Z</time>
      </trkpt>
      <trkpt lat="18.900665" lon="98.938331">
        <ele>328.676860</ele>
        <time>2025-10-30T13:04:11.787Z</time>
      </trkpt>
      <trkpt lat="18.900750" lon="98.938293">
        <ele>328.730452</ele>
        <time>2025-10-30T13:04:13.599Z</time>
      </trkpt>
      <trkpt lat="18.901007" lon="98.938093">
        <ele>328.915774</ele>
        <time>2025-10-30T13:04:19.944Z</time>
      </trkpt>
      <trkpt lat="18.901244" lon="98.937809">
        <ele>329.122427</ele>
        <time>2025-10-30T13:04:26.458Z</time>
      </trkpt>
      <trkpt lat="18.901435" lon="98.937566">
        <ele>329.293062</ele>
        <time>2025-10-30T13:04:31.839Z</time>
      </trkpt>
      <trkpt lat="18.902028" lon="98.936688">
        <ele>329.875726</ele>
        <time>2025-10-30T13:04:49.727Z</time>
      </trkpt>
      <trkpt lat="18.902221" lon="98.936463">
        <ele>330.039766</ele>
        <time>2025-10-30T13:04:54.198Z</time>
      </trkpt>
      <trkpt lat="18.902383" lon="98.936316">
        <ele>329.952941</ele>
        <time>2025-10-30T13:04:57.294Z</time>
      </trkpt>
      <trkpt lat="18.902665" lon="98.936173">
        <ele>329.733565</ele>
        <time>2025-10-30T13:05:01.512Z</time>
      </trkpt>
      <trkpt lat="18.903038" lon="98.936099">
        <ele>329.467378</ele>
        <time>2025-10-30T13:05:06.272Z</time>
      </trkpt>
      <trkpt lat="18.903672" lon="98.936107">
        <ele>329.022665</ele>
        <time>2025-10-30T13:05:13.792Z</time>
      </trkpt>
      <trkpt lat="18.904324" lon="98.936162">
        <ele>328.780888</ele>
        <time>2025-10-30T13:05:21.924Z</time>
      </trkpt>
      <trkpt lat="18.904610" lon="98.936270">
        <ele>328.758436</ele>
        <time>2025-10-30T13:05:26.095Z</time>
      </trkpt>
      <trkpt lat="18.904848" lon="98.936436">
        <ele>328.737356</ele>
        <time>2025-10-30T13:05:30.250Z</time>
      </trkpt>
      <trkpt lat="18.904956" lon="98.936540">
        <ele>328.726556</ele>
        <time>2025-10-30T13:05:32.515Z</time>
      </trkpt>
      <trkpt lat="18.905075" lon="98.936734">
        <ele>328.710385</ele>
        <time>2025-10-30T13:05:36.075Z</time>
      </trkpt>
      <trkpt lat="18.905509" lon="98.937710">
        <ele>328.848911</ele>
        <time>2025-10-30T13:05:53.466Z</time>
      </trkpt>
      <trkpt lat="18.905748" lon="98.938287">
        <ele>329.049515</ele>
        <time>2025-10-30T13:06:02.002Z</time>
      </trkpt>
      <trkpt lat="18.905879" lon="98.938604">
        <ele>329.159685</ele>
        <time>2025-10-30T13:06:06.582Z</time>
      </trkpt>
      <trkpt lat="18.905905" lon="98.938669">
        <ele>329.182160</ele>
        <time>2025-10-30T13:06:07.619Z</time>
      </trkpt>
      <trkpt lat="18.906077" lon="98.939093">
        <ele>329.542704</ele>
        <time>2025-10-30T13:06:17.899Z</time>
      </trkpt>
      <trkpt lat="18.906103" lon="98.939164">
        <ele>329.670325</ele>
        <time>2025-10-30T13:06:19.304Z</time>
      </trkpt>
      <trkpt lat="18.906245" lon="98.939558">
        <ele>330.377078</ele>
        <time>2025-10-30T13:06:27.738Z</time>
      </trkpt>
      <trkpt lat="18.906359" lon="98.939875">
        <ele>330.945553</ele>
        <time>2025-10-30T13:06:34.869Z</time>
      </trkpt>
      <trkpt lat="18.906510" lon="98.940329">
        <ele>331.752241</ele>
        <time>2025-10-30T13:06:45.382Z</time>
      </trkpt>
      <trkpt lat="18.906762" lon="98.941042">
        <ele>332.743660</ele>
        <time>2025-10-30T13:07:04.020Z</time>
      </trkpt>
      <trkpt lat="18.906826" lon="98.941215">
        <ele>332.897490</ele>
        <time>2025-10-30T13:07:07.892Z</time>
      </trkpt>
      <trkpt lat="18.906940" lon="98.941422">
        <ele>333.095842</ele>
        <time>2025-10-30T13:07:12.612Z</time>
      </trkpt>
      <trkpt lat="18.907128" lon="98.941652">
        <ele>333.347556</ele>
        <time>2025-10-30T13:07:17.945Z</time>
      </trkpt>
      <trkpt lat="18.907174" lon="98.942430">
        <ele>333.993093</ele>
        <time>2025-10-30T13:07:29.327Z</time>
      </trkpt>
      <trkpt lat="18.907316" lon="98.944869">
        <ele>331.304979</ele>
        <time>2025-10-30T13:07:55.744Z</time>
      </trkpt>
      <trkpt lat="18.907419" lon="98.946348">
        <ele>330.297716</ele>
        <time>2025-10-30T13:08:15.630Z</time>
      </trkpt>
      <trkpt lat="18.907454" lon="98.946633">
        <ele>329.836716</ele>
        <time>2025-10-30T13:08:19.098Z</time>
      </trkpt>
      <trkpt lat="18.907623" lon="98.947466">
        <ele>328.470132</ele>
        <time>2025-10-30T13:08:28.146Z</time>
      </trkpt>
      <trkpt lat="18.907746" lon="98.947902">
        <ele>327.740318</ele>
        <time>2025-10-30T13:08:32.631Z</time>
      </trkpt>
      <trkpt lat="18.907824" lon="98.947987">
        <ele>327.550365</ele>
        <time>2025-10-30T13:08:34.297Z</time>
      </trkpt>
      <trkpt lat="18.907993" lon="98.948289">
        <ele>327.126585</ele>
        <time>2025-10-30T13:08:39.364Z</time>
      </trkpt>
      <trkpt lat="18.908319" lon="98.948872">
        <ele>326.450716</ele>
        <time>2025-10-30T13:08:49.757Z</time>
      </trkpt>
      <trkpt lat="18.908360" lon="98.948945">
        <ele>326.365991</ele>
        <time>2025-10-30T13:08:51.174Z</time>
      </trkpt>
      <trkpt lat="18.908568" lon="98.949317">
        <ele>325.934741</ele>
        <time>2025-10-30T13:08:59.199Z</time>
      </trkpt>
      <trkpt lat="18.908781" lon="98.949697">
        <ele>325.493934</ele>
        <time>2025-10-30T13:09:08.035Z</time>
      </trkpt>
      <trkpt lat="18.909060" lon="98.950195">
        <ele>324.824745</ele>
        <time>2025-10-30T13:09:18.547Z</time>
      </trkpt>
      <trkpt lat="18.909254" lon="98.950542">
        <ele>324.354502</ele>
        <time>2025-10-30T13:09:25.318Z</time>
      </trkpt>
      <trkpt lat="18.909471" lon="98.950929">
        <ele>323.829651</ele>
        <time>2025-10-30T13:09:32.369Z</time>
      </trkpt>
      <trkpt lat="18.909705" lon="98.951346">
        <ele>323.264003</ele>
        <time>2025-10-30T13:09:39.343Z</time>
      </trkpt>
      <trkpt lat="18.910429" lon="98.952639">
        <ele>320.088638</ele>
        <time>2025-10-30T13:10:00.699Z</time>
      </trkpt>
      <trkpt lat="18.911030" lon="98.953714">
        <ele>318.439944</ele>
        <time>2025-10-30T13:10:20.626Z</time>
      </trkpt>
      <trkpt lat="18.911177" lon="98.953976">
        <ele>318.161904</ele>
        <time>2025-10-30T13:10:25.993Z</time>
      </trkpt>
      <trkpt lat="18.911228" lon="98.954066">
        <ele>318.066146</ele>
        <time>2025-10-30T13:10:27.841Z</time>
      </trkpt>
      <trkpt lat="18.911631" lon="98.954761">
        <ele>317.392520</ele>
        <time>2025-10-30T13:10:41.828Z</time>
      </trkpt>
      <trkpt lat="18.912142" lon="98.955507">
        <ele>316.976365</ele>
        <time>2025-10-30T13:10:57.395Z</time>
      </trkpt>
      <trkpt lat="18.914023" lon="98.958151">
        <ele>316.677149</ele>
        <time>2025-10-30T13:11:58.929Z</time>
      </trkpt>
      <trkpt lat="18.914555" lon="98.958902">
        <ele>317.111009</ele>
        <time>2025-10-30T13:12:20.486Z</time>
      </trkpt>
      <trkpt lat="18.915965" lon="98.960891">
        <ele>317.821916</ele>
        <time>2025-10-30T13:13:11.909Z</time>
      </trkpt>
      <trkpt lat="18.916182" lon="98.961292">
        <ele>317.622047</ele>
        <time>2025-10-30T13:13:20.049Z</time>
      </trkpt>
      <trkpt lat="18.916333" lon="98.961676">
        <ele>317.442131</ele>
        <time>2025-10-30T13:13:27.206Z</time>
      </trkpt>
      <trkpt lat="18.916465" lon="98.962191">
        <ele>317.211287</ele>
        <time>2025-10-30T13:13:36.097Z</time>
      </trkpt>
      <trkpt lat="18.916562" lon="98.962918">
        <ele>317.025250</ele>
        <time>2025-10-30T13:13:48.616Z</time>
      </trkpt>
      <trkpt lat="18.916605" lon="98.963241">
        <ele>316.980636</ele>
        <time>2025-10-30T13:13:54.481Z</time>
      </trkpt>
      <trkpt lat="18.916668" lon="98.963798">
        <ele>316.903910</ele>
        <time>2025-10-30T13:14:05.073Z</time>
      </trkpt>
      <trkpt lat="18.916940" lon="98.966200">
        <ele>317.404769</ele>
        <time>2025-10-30T13:14:54.713Z</time>
      </trkpt>
      <trkpt lat="18.916957" lon="98.966342">
        <ele>317.428438</ele>
        <time>2025-10-30T13:14:57.541Z</time>
      </trkpt>
      <trkpt lat="18.917132" lon="98.967837">
        <ele>317.552475</ele>
        <time>2025-10-30T13:15:26.602Z</time>
      </trkpt>
      <trkpt lat="18.917608" lon="98.972078">
        <ele>317.965359</ele>
        <time>2025-10-30T13:16:29.615Z</time>
      </trkpt>
      <trkpt lat="18.917804" lon="98.973844">
        <ele>316.699163</ele>
        <time>2025-10-30T13:16:50.036Z</time>
      </trkpt>
      <trkpt lat="18.917918" lon="98.974867">
        <ele>316.160454</ele>
        <time>2025-10-30T13:17:02.863Z</time>
      </trkpt>
      <trkpt lat="18.917949" lon="98.975122">
        <ele>316.025998</ele>
        <time>2025-10-30T13:17:07.590Z</time>
      </trkpt>
      <trkpt lat="18.917949" lon="98.975127">
        <ele>316.023383</ele>
        <time>2025-10-30T13:17:07.659Z</time>
      </trkpt>
      <trkpt lat="18.918399" lon="98.979056">
        <ele>314.457344</ele>
        <time>2025-10-30T13:17:57.603Z</time>
      </trkpt>
      <trkpt lat="18.918764" lon="98.982249">
        <ele>314.775497</ele>
        <time>2025-10-30T13:18:45.306Z</time>
      </trkpt>
      <trkpt lat="18.918773" lon="98.982326">
        <ele>314.781688</ele>
        <time>2025-10-30T13:18:46.408Z</time>
      </trkpt>
      <trkpt lat="18.918845" lon="98.982961">
        <ele>314.832727</ele>
        <time>2025-10-30T13:18:55.303Z</time>
      </trkpt>
      <trkpt lat="18.919048" lon="98.984734">
        <ele>314.936532</ele>
        <time>2025-10-30T13:19:19.821Z</time>
      </trkpt>
      <trkpt lat="18.919105" lon="98.985232">
        <ele>315.024635</ele>
        <time>2025-10-30T13:19:27.564Z</time>
      </trkpt>
      <trkpt lat="18.919587" lon="98.989433">
        <ele>317.966285</ele>
        <time>2025-10-30T13:20:38.991Z</time>
      </trkpt>
      <trkpt lat="18.919674" lon="98.989981">
        <ele>318.420176</ele>
        <time>2025-10-30T13:20:48.737Z</time>
      </trkpt>
      <trkpt lat="18.919763" lon="98.990325">
        <ele>318.711490</ele>
        <time>2025-10-30T13:20:54.932Z</time>
      </trkpt>
      <trkpt lat="18.919866" lon="98.990619">
        <ele>318.967583</ele>
        <time>2025-10-30T13:21:00.378Z</time>
      </trkpt>
      <trkpt lat="18.920274" lon="98.991408">
        <ele>319.518556</ele>
        <time>2025-10-30T13:21:15.921Z</time>
      </trkpt>
      <trkpt lat="18.920906" lon="98.992633">
        <ele>320.310950</ele>
        <time>2025-10-30T13:21:38.021Z</time>
      </trkpt>
      <trkpt lat="18.921205" lon="98.993212">
        <ele>320.666071</ele>
        <time>2025-10-30T13:21:48.010Z</time>
      </trkpt>
      <trkpt lat="18.921667" lon="98.994105">
        <ele>321.222936</ele>
        <time>2025-10-30T13:22:04.445Z</time>
      </trkpt>
      <trkpt lat="18.921790" lon="98.994231">
        <ele>321.380429</ele>
        <time>2025-10-30T13:22:07.813Z</time>
      </trkpt>
      <trkpt lat="18.921989" lon="98.994233">
        <ele>321.563423</ele>
        <time>2025-10-30T13:22:11.843Z</time>
      </trkpt>
      <trkpt lat="18.922528" lon="98.993939">
        <ele>322.121135</ele>
        <time>2025-10-30T13:22:23.952Z</time>
      </trkpt>
      <trkpt lat="18.923018" lon="98.993671">
        <ele>322.628436</ele>
        <time>2025-10-30T13:22:34.541Z</time>
      </trkpt>
      <trkpt lat="18.924563" lon="98.992827">
        <ele>323.211571</ele>
        <time>2025-10-30T13:23:01.847Z</time>
      </trkpt>
      <trkpt lat="18.924702" lon="98.992750">
        <ele>323.249181</ele>
        <time>2025-10-30T13:23:04.133Z</time>
      </trkpt>
      <trkpt lat="18.924853" lon="98.992668">
        <ele>323.288380</ele>
        <time>2025-10-30T13:23:06.601Z</time>
      </trkpt>
      <trkpt lat="18.925219" lon="98.992468">
        <ele>323.359895</ele>
        <time>2025-10-30T13:23:12.695Z</time>
      </trkpt>
      <trkpt lat="18.925967" lon="98.992060">
        <ele>323.505995</ele>
        <time>2025-10-30T13:23:25.707Z</time>
      </trkpt>
      <trkpt lat="18.926420" lon="98.991812">
        <ele>323.594544</ele>
        <time>2025-10-30T13:23:33.794Z</time>
      </trkpt>
      <trkpt lat="18.926982" lon="98.991505">
        <ele>323.709088</ele>
        <time>2025-10-30T13:23:44.648Z</time>
      </trkpt>
      <trkpt lat="18.927449" lon="98.991250">
        <ele>323.804340</ele>
        <time>2025-10-30T13:23:52.751Z</time>
      </trkpt>
      <trkpt lat="18.927837" lon="98.991037">
        <ele>323.883569</ele>
        <time>2025-10-30T13:23:59.004Z</time>
      </trkpt>
      <trkpt lat="18.928392" lon="98.990734">
        <ele>323.943176</ele>
        <time>2025-10-30T13:24:08.131Z</time>
      </trkpt>
      <trkpt lat="18.929020" lon="98.990418">
        <ele>323.978103</ele>
        <time>2025-10-30T13:24:18.622Z</time>
      </trkpt>
      <trkpt lat="18.929631" lon="98.990156">
        <ele>324.011213</ele>
        <time>2025-10-30T13:24:28.877Z</time>
      </trkpt>
      <trkpt lat="18.929784" lon="98.990091">
        <ele>323.980687</ele>
        <time>2025-10-30T13:24:31.422Z</time>
      </trkpt>
      <trkpt lat="18.930387" lon="98.989851">
        <ele>323.820966</ele>
        <time>2025-10-30T13:24:40.667Z</time>
      </trkpt>
      <trkpt lat="18.931441" lon="98.989439">
        <ele>323.615792</ele>
        <time>2025-10-30T13:24:55.328Z</time>
      </trkpt>
      <trkpt lat="18.931481" lon="98.989551">
        <ele>323.671171</ele>
        <time>2025-10-30T13:24:57.571Z</time>
      </trkpt>
      <trkpt lat="18.929925" lon="98.990183">
        <ele>324.492692</ele>
        <time>2025-10-30T13:25:27.134Z</time>
      </trkpt>
      <trkpt lat="18.929990" lon="98.991029">
        <ele>324.948169</ele>
        <time>2025-10-30T13:25:45.532Z</time>
      </trkpt>
      <trkpt lat="18.930161" lon="98.992642">
        <ele>325.815087</ele>
        <time>2025-10-30T13:26:19.126Z</time>
      </trkpt>
      <trkpt lat="18.930174" lon="98.992771">
        <ele>325.883898</ele>
        <time>2025-10-30T13:26:21.892Z</time>
      </trkpt>
      <trkpt lat="18.930146" lon="98.992869">
        <ele>325.938198</ele>
        <time>2025-10-30T13:26:24.073Z</time>
      </trkpt>
      <trkpt lat="18.930093" lon="98.992931">
        <ele>325.982523</ele>
        <time>2025-10-30T13:26:25.855Z</time>
      </trkpt>
      <trkpt lat="18.930016" lon="98.992976">
        <ele>326.031859</ele>
        <time>2025-10-30T13:26:27.857Z</time>
      </trkpt>
      <trkpt lat="18.929285" lon="98.993367">
        <ele>326.487478</ele>
        <time>2025-10-30T13:26:46.627Z</time>
      </trkpt>
      <trkpt lat="18.928883" lon="98.993577">
        <ele>326.678186</ele>
        <time>2025-10-30T13:26:56.824Z</time>
      </trkpt>
      <trkpt lat="18.927771" lon="98.994324">
        <ele>327.238536</ele>
        <time>2025-10-30T13:27:25.305Z</time>
      </trkpt>
      <trkpt lat="18.927592" lon="98.994444">
        <ele>327.346018</ele>
        <time>2025-10-30T13:27:29.811Z</time>
      </trkpt>
      <trkpt lat="18.928593" lon="98.995571">
        <ele>328.090413</ele>
        <time>2025-10-30T13:28:02.202Z</time>
      </trkpt>
      <trkpt lat="18.928743" lon="98.995738">
        <ele>328.174004</ele>
        <time>2025-10-30T13:28:07.439Z</time>
      </trkpt>
      <trkpt lat="18.929084" lon="98.996131">
        <ele>328.275333</ele>
        <time>2025-10-30T13:28:19.240Z</time>
      </trkpt>
      <trkpt lat="18.929259" lon="98.996740">
        <ele>328.396268</ele>
        <time>2025-10-30T13:28:32.227Z</time>
      </trkpt>
      <trkpt lat="18.929117" lon="98.996808">
        <ele>328.427582</ele>
        <time>2025-10-30T13:28:35.605Z</time>
      </trkpt>
      <trkpt lat="18.928961" lon="98.996882">
        <ele>328.461927</ele>
        <time>2025-10-30T13:28:39.051Z</time>
      </trkpt>
      <trkpt lat="18.928788" lon="98.997048">
        <ele>328.508857</ele>
        <time>2025-10-30T13:28:43.350Z</time>
      </trkpt>
      <trkpt lat="18.928448" lon="98.997443">
        <ele>328.252776</ele>
        <time>2025-10-30T13:28:52.115Z</time>
      </trkpt>
      <trkpt lat="18.927799" lon="98.998196">
        <ele>327.700802</ele>
        <time>2025-10-30T13:29:09.062Z</time>
      </trkpt>
      <trkpt lat="18.927119" lon="98.998937">
        <ele>327.847239</ele>
        <time>2025-10-30T13:29:28.765Z</time>
      </trkpt>
      <trkpt lat="18.926479" lon="98.999505">
        <ele>328.345596</ele>
        <time>2025-10-30T13:29:49.018Z</time>
      </trkpt>
      <trkpt lat="18.925525" lon="99.000283">
        <ele>328.523371</ele>
        <time>2025-10-30T13:30:18.145Z</time>
      </trkpt>
      <trkpt lat="18.925018" lon="99.000508">
        <ele>328.499624</ele>
        <time>2025-10-30T13:30:28.635Z</time>
      </trkpt>
      <trkpt lat="18.924272" lon="99.000798">
        <ele>328.082552</ele>
        <time>2025-10-30T13:30:41.601Z</time>
      </trkpt>
      <trkpt lat="18.924034" lon="99.000846">
        <ele>327.835284</ele>
        <time>2025-10-30T13:30:45.492Z</time>
      </trkpt>
      <trkpt lat="18.923534" lon="99.000846">
        <ele>327.325015</ele>
        <time>2025-10-30T13:30:53.667Z</time>
      </trkpt>
      <trkpt lat="18.920913" lon="99.000825">
        <ele>326.533553</ele>
        <time>2025-10-30T13:31:45.487Z</time>
      </trkpt>
      <trkpt lat="18.920441" lon="99.000836">
        <ele>326.640110</ele>
        <time>2025-10-30T13:31:55.712Z</time>
      </trkpt>
      <trkpt lat="18.920126" lon="99.000922">
        <ele>326.713538</ele>
        <time>2025-10-30T13:32:02.763Z</time>
      </trkpt>
      <trkpt lat="18.919563" lon="99.001270">
        <ele>326.860736</ele>
        <time>2025-10-30T13:32:16.815Z</time>
      </trkpt>
      <trkpt lat="18.919152" lon="99.001576">
        <ele>326.837413</ele>
        <time>2025-10-30T13:32:27.292Z</time>
      </trkpt>
      <trkpt lat="18.918834" lon="99.002210">
        <ele>326.692434</ele>
        <time>2025-10-30T13:32:40.869Z</time>
      </trkpt>
      <trkpt lat="18.918264" lon="99.003330">
        <ele>326.338241</ele>
        <time>2025-10-30T13:33:03.016Z</time>
      </trkpt>
      <trkpt lat="18.917832" lon="99.004280">
        <ele>325.879597</ele>
        <time>2025-10-30T13:33:20.842Z</time>
      </trkpt>
      <trkpt lat="18.917721" lon="99.004591">
        <ele>325.734963</ele>
        <time>2025-10-30T13:33:26.835Z</time>
      </trkpt>
      <trkpt lat="18.917665" lon="99.004897">
        <ele>325.817497</ele>
        <time>2025-10-30T13:33:32.905Z</time>
      </trkpt>
      <trkpt lat="18.917604" lon="99.005811">
        <ele>326.352812</ele>
        <time>2025-10-30T13:33:53.296Z</time>
      </trkpt>
      <trkpt lat="18.917533" lon="99.006136">
        <ele>326.547684</ele>
        <time>2025-10-30T13:34:01.077Z</time>
      </trkpt>
      <trkpt lat="18.917447" lon="99.006302">
        <ele>326.658258</ele>
        <time>2025-10-30T13:34:05.421Z</time>
      </trkpt>
      <trkpt lat="18.917001" lon="99.006828">
        <ele>326.712082</ele>
        <time>2025-10-30T13:34:20.782Z</time>
      </trkpt>
      <trkpt lat="18.916965" lon="99.006871">
        <ele>326.700650</ele>
        <time>2025-10-30T13:34:21.977Z</time>
      </trkpt>
      <trkpt lat="18.916619" lon="99.007396">
        <ele>326.573261</ele>
        <time>2025-10-30T13:34:33.934Z</time>
      </trkpt>
      <trkpt lat="18.916437" lon="99.007981">
        <ele>326.450654</ele>
        <time>2025-10-30T13:34:44.297Z</time>
      </trkpt>
      <trkpt lat="18.916427" lon="99.008410">
        <ele>326.188683</ele>
        <time>2025-10-30T13:34:51.143Z</time>
      </trkpt>
      <trkpt lat="18.916543" lon="99.008888">
        <ele>325.799087</ele>
        <time>2025-10-30T13:34:58.872Z</time>
      </trkpt>
      <trkpt lat="18.916762" lon="99.009328">
        <ele>325.406565</ele>
        <time>2025-10-30T13:35:06.733Z</time>
      </trkpt>
      <trkpt lat="18.917193" lon="99.009784">
        <ele>324.946466</ele>
        <time>2025-10-30T13:35:18.295Z</time>
      </trkpt>
      <trkpt lat="18.917447" lon="99.009977">
        <ele>325.175301</ele>
        <time>2025-10-30T13:35:25.198Z</time>
      </trkpt>
      <trkpt lat="18.917929" lon="99.010255">
        <ele>325.576976</ele>
        <time>2025-10-30T13:35:38.313Z</time>
      </trkpt>
      <trkpt lat="18.918157" lon="99.010454">
        <ele>325.793275</ele>
        <time>2025-10-30T13:35:45.331Z</time>
      </trkpt>
      <trkpt lat="18.918279" lon="99.010695">
        <ele>325.982433</ele>
        <time>2025-10-30T13:35:51.744Z</time>
      </trkpt>
      <trkpt lat="18.918355" lon="99.011012">
        <ele>326.208742</ele>
        <time>2025-10-30T13:35:59.501Z</time>
      </trkpt>
      <trkpt lat="18.918365" lon="99.011527">
        <ele>326.752147</ele>
        <time>2025-10-30T13:36:11.293Z</time>
      </trkpt>
      <trkpt lat="18.918260" lon="99.011729">
        <ele>327.003182</ele>
        <time>2025-10-30T13:36:15.356Z</time>
      </trkpt>
      <trkpt lat="18.918097" lon="99.011944">
        <ele>327.303273</ele>
        <time>2025-10-30T13:36:20.295Z</time>
      </trkpt>
      <trkpt lat="18.917870" lon="99.012098">
        <ele>327.613821</ele>
        <time>2025-10-30T13:36:25.613Z</time>
      </trkpt>
      <trkpt lat="18.917563" lon="99.012240">
        <ele>327.999640</ele>
        <time>2025-10-30T13:36:32.506Z</time>
      </trkpt>
      <trkpt lat="18.917344" lon="99.012290">
        <ele>328.257599</ele>
        <time>2025-10-30T13:36:37.242Z</time>
      </trkpt>
      <trkpt lat="18.917050" lon="99.012321">
        <ele>328.385336</ele>
        <time>2025-10-30T13:36:43.046Z</time>
      </trkpt>
      <trkpt lat="18.916879" lon="99.012300">
        <ele>328.437059</ele>
        <time>2025-10-30T13:36:46.242Z</time>
      </trkpt>
      <trkpt lat="18.916595" lon="99.012154">
        <ele>328.531943</ele>
        <time>2025-10-30T13:36:51.782Z</time>
      </trkpt>
      <trkpt lat="18.915767" lon="99.011635">
        <ele>328.821166</ele>
        <time>2025-10-30T13:37:05.582Z</time>
      </trkpt>
      <trkpt lat="18.915369" lon="99.011420">
        <ele>328.772954</ele>
        <time>2025-10-30T13:37:11.425Z</time>
      </trkpt>
      <trkpt lat="18.915174" lon="99.011351">
        <ele>328.727068</ele>
        <time>2025-10-30T13:37:14.166Z</time>
      </trkpt>
      <trkpt lat="18.914983" lon="99.011304">
        <ele>328.683308</ele>
        <time>2025-10-30T13:37:16.843Z</time>
      </trkpt>
      <trkpt lat="18.914715" lon="99.011274">
        <ele>328.623170</ele>
        <time>2025-10-30T13:37:20.603Z</time>
      </trkpt>
      <trkpt lat="18.914272" lon="99.011257">
        <ele>328.524252</ele>
        <time>2025-10-30T13:37:26.987Z</time>
      </trkpt>
      <trkpt lat="18.913915" lon="99.011279">
        <ele>328.446766</ele>
        <time>2025-10-30T13:37:32.358Z</time>
      </trkpt>
      <trkpt lat="18.913615" lon="99.011326">
        <ele>328.410881</ele>
        <time>2025-10-30T13:37:36.987Z</time>
      </trkpt>
      <trkpt lat="18.912713" lon="99.011506">
        <ele>328.302269</ele>
        <time>2025-10-30T13:37:50.438Z</time>
      </trkpt>
      <trkpt lat="18.911337" lon="99.011824">
        <ele>328.006209</ele>
        <time>2025-10-30T13:38:09.764Z</time>
      </trkpt>
      <trkpt lat="18.910866" lon="99.011957">
        <ele>327.874577</ele>
        <time>2025-10-30T13:38:16.555Z</time>
      </trkpt>
      <trkpt lat="18.910289" lon="99.012077">
        <ele>327.715289</ele>
        <time>2025-10-30T13:38:24.821Z</time>
      </trkpt>
      <trkpt lat="18.908730" lon="99.012261">
        <ele>327.285601</ele>
        <time>2025-10-30T13:38:46.458Z</time>
      </trkpt>
      <trkpt lat="18.908316" lon="99.012394">
        <ele>327.282285</ele>
        <time>2025-10-30T13:38:52.471Z</time>
      </trkpt>
      <trkpt lat="18.908121" lon="99.012549">
        <ele>327.299916</ele>
        <time>2025-10-30T13:38:55.988Z</time>
      </trkpt>
      <trkpt lat="18.907877" lon="99.012802">
        <ele>327.324617</ele>
        <time>2025-10-30T13:39:01.118Z</time>
      </trkpt>
      <trkpt lat="18.907772" lon="99.012948">
        <ele>327.337155</ele>
        <time>2025-10-30T13:39:03.811Z</time>
      </trkpt>
      <trkpt lat="18.907658" lon="99.013176">
        <ele>327.354785</ele>
        <time>2025-10-30T13:39:07.644Z</time>
      </trkpt>
      <trkpt lat="18.907415" lon="99.013489">
        <ele>327.382467</ele>
        <time>2025-10-30T13:39:13.852Z</time>
      </trkpt>
      <trkpt lat="18.907082" lon="99.013768">
        <ele>327.472107</ele>
        <time>2025-10-30T13:39:20.848Z</time>
      </trkpt>
      <trkpt lat="18.905587" lon="99.014361">
        <ele>327.836164</ele>
        <time>2025-10-30T13:39:45.937Z</time>
      </trkpt>
      <trkpt lat="18.905360" lon="99.014472">
        <ele>327.855430</ele>
        <time>2025-10-30T13:39:49.755Z</time>
      </trkpt>
      <trkpt lat="18.905112" lon="99.014640">
        <ele>327.878120</ele>
        <time>2025-10-30T13:39:54.249Z</time>
      </trkpt>
      <trkpt lat="18.904099" lon="99.015744">
        <ele>327.904339</ele>
        <time>2025-10-30T13:40:16.046Z</time>
      </trkpt>
      <trkpt lat="18.903954" lon="99.015982">
        <ele>327.858234</ele>
        <time>2025-10-30T13:40:21.386Z</time>
      </trkpt>
      <trkpt lat="18.903035" lon="99.017482">
        <ele>327.634395</ele>
        <time>2025-10-30T13:40:53.891Z</time>
      </trkpt>
      <trkpt lat="18.902736" lon="99.017962">
        <ele>327.613252</ele>
        <time>2025-10-30T13:41:04.358Z</time>
      </trkpt>
      <trkpt lat="18.902608" lon="99.018172">
        <ele>327.604062</ele>
        <time>2025-10-30T13:41:09.063Z</time>
      </trkpt>
      <trkpt lat="18.902313" lon="99.018923">
        <ele>327.721844</ele>
        <time>2025-10-30T13:41:25.622Z</time>
      </trkpt>
      <trkpt lat="18.902192" lon="99.019153">
        <ele>327.856301</ele>
        <time>2025-10-30T13:41:31.435Z</time>
      </trkpt>
      <trkpt lat="18.902070" lon="99.019320">
        <ele>327.964102</ele>
        <time>2025-10-30T13:41:36.205Z</time>
      </trkpt>
      <trkpt lat="18.901940" lon="99.019455">
        <ele>328.062520</ele>
        <time>2025-10-30T13:41:40.522Z</time>
      </trkpt>
      <trkpt lat="18.901785" lon="99.019567">
        <ele>328.163917</ele>
        <time>2025-10-30T13:41:44.928Z</time>
      </trkpt>
      <trkpt lat="18.901593" lon="99.019656">
        <ele>328.277137</ele>
        <time>2025-10-30T13:41:49.801Z</time>
      </trkpt>
      <trkpt lat="18.901400" lon="99.019706">
        <ele>328.384450</ele>
        <time>2025-10-30T13:41:54.347Z</time>
      </trkpt>
      <trkpt lat="18.901205" lon="99.019711">
        <ele>328.489789</ele>
        <time>2025-10-30T13:41:58.681Z</time>
      </trkpt>
      <trkpt lat="18.901045" lon="99.019688">
        <ele>328.543946</ele>
        <time>2025-10-30T13:42:02.158Z</time>
      </trkpt>
      <trkpt lat="18.900327" lon="99.019453">
        <ele>328.328333</ele>
        <time>2025-10-30T13:42:17.043Z</time>
      </trkpt>
      <trkpt lat="18.899957" lon="99.019278">
        <ele>328.212054</ele>
        <time>2025-10-30T13:42:24.494Z</time>
      </trkpt>
      <trkpt lat="18.899243" lon="99.018854">
        <ele>327.965741</ele>
        <time>2025-10-30T13:42:39.455Z</time>
      </trkpt>
      <trkpt lat="18.899055" lon="99.018801">
        <ele>327.899732</ele>
        <time>2025-10-30T13:42:43.017Z</time>
      </trkpt>
      <trkpt lat="18.898869" lon="99.018798">
        <ele>327.836624</ele>
        <time>2025-10-30T13:42:46.453Z</time>
      </trkpt>
      <trkpt lat="18.898718" lon="99.018807">
        <ele>327.785316</ele>
        <time>2025-10-30T13:42:49.253Z</time>
      </trkpt>
      <trkpt lat="18.898453" lon="99.018896">
        <ele>327.690985</ele>
        <time>2025-10-30T13:42:54.483Z</time>
      </trkpt>
      <trkpt lat="18.898290" lon="99.018993">
        <ele>327.627525</ele>
        <time>2025-10-30T13:42:58.077Z</time>
      </trkpt>
      <trkpt lat="18.898032" lon="99.019265">
        <ele>327.503901</ele>
        <time>2025-10-30T13:43:05.160Z</time>
      </trkpt>
      <trkpt lat="18.897644" lon="99.019916">
        <ele>327.393838</ele>
        <time>2025-10-30T13:43:19.706Z</time>
      </trkpt>
      <trkpt lat="18.897187" lon="99.020683">
        <ele>327.334032</ele>
        <time>2025-10-30T13:43:37.292Z</time>
      </trkpt>
      <trkpt lat="18.896690" lon="99.021337">
        <ele>327.158954</ele>
        <time>2025-10-30T13:43:52.757Z</time>
      </trkpt>
      <trkpt lat="18.896113" lon="99.021812">
        <ele>326.865037</ele>
        <time>2025-10-30T13:44:06.402Z</time>
      </trkpt>
      <trkpt lat="18.895726" lon="99.022068">
        <ele>326.681563</ele>
        <time>2025-10-30T13:44:14.811Z</time>
      </trkpt>
      <trkpt lat="18.895266" lon="99.022326">
        <ele>326.518840</ele>
        <time>2025-10-30T13:44:24.454Z</time>
      </trkpt>
      <trkpt lat="18.893970" lon="99.022957">
        <ele>326.190988</ele>
        <time>2025-10-30T13:44:52.111Z</time>
      </trkpt>
      <trkpt lat="18.893664" lon="99.023215">
        <ele>326.276874</ele>
        <time>2025-10-30T13:45:00.293Z</time>
      </trkpt>
      <trkpt lat="18.893460" lon="99.023494">
        <ele>326.402359</ele>
        <time>2025-10-30T13:45:07.291Z</time>
      </trkpt>
      <trkpt lat="18.893323" lon="99.023842">
        <ele>326.536499</ele>
        <time>2025-10-30T13:45:14.842Z</time>
      </trkpt>
      <trkpt lat="18.893310" lon="99.024111">
        <ele>326.632356</ele>
        <time>2025-10-30T13:45:20.382Z</time>
      </trkpt>
      <trkpt lat="18.893350" lon="99.024395">
        <ele>326.734540</ele>
        <time>2025-10-30T13:45:26.498Z</time>
      </trkpt>
      <trkpt lat="18.893392" lon="99.024529">
        <ele>326.784777</ele>
        <time>2025-10-30T13:45:29.559Z</time>
      </trkpt>
      <trkpt lat="18.893625" lon="99.024835">
        <ele>327.117994</ele>
        <time>2025-10-30T13:45:38.190Z</time>
      </trkpt>
      <trkpt lat="18.894471" lon="99.025343">
        <ele>328.365745</ele>
        <time>2025-10-30T13:46:03.021Z</time>
      </trkpt>
      <trkpt lat="18.894577" lon="99.025498">
        <ele>328.597787</ele>
        <time>2025-10-30T13:46:08.062Z</time>
      </trkpt>
      <trkpt lat="18.894633" lon="99.025675">
        <ele>328.824227</ele>
        <time>2025-10-30T13:46:12.918Z</time>
      </trkpt>
      <trkpt lat="18.894660" lon="99.026004">
        <ele>329.166717</ele>
        <time>2025-10-30T13:46:21.191Z</time>
      </trkpt>
      <trkpt lat="18.894582" lon="99.026276">
        <ele>329.240712</ele>
        <time>2025-10-30T13:46:27.982Z</time>
      </trkpt>
      <trkpt lat="18.894376" lon="99.026584">
        <ele>329.338911</ele>
        <time>2025-10-30T13:46:36.560Z</time>
      </trkpt>
      <trkpt lat="18.893273" lon="99.027436">
        <ele>329.357708</ele>
        <time>2025-10-30T13:47:02.846Z</time>
      </trkpt>
      <trkpt lat="18.893156" lon="99.027531">
        <ele>329.188424</ele>
        <time>2025-10-30T13:47:05.440Z</time>
      </trkpt>
      <trkpt lat="18.892924" lon="99.027871">
        <ele>328.733353</ele>
        <time>2025-10-30T13:47:12.256Z</time>
      </trkpt>
      <trkpt lat="18.892801" lon="99.028261">
        <ele>328.287077</ele>
        <time>2025-10-30T13:47:18.756Z</time>
      </trkpt>
      <trkpt lat="18.892735" lon="99.028580">
        <ele>327.932596</ele>
        <time>2025-10-30T13:47:23.841Z</time>
      </trkpt>
      <trkpt lat="18.892740" lon="99.028907">
        <ele>327.576386</ele>
        <time>2025-10-30T13:47:28.869Z</time>
      </trkpt>
      <trkpt lat="18.892841" lon="99.029363">
        <ele>326.933081</ele>
        <time>2025-10-30T13:47:35.945Z</time>
      </trkpt>
      <trkpt lat="18.893532" lon="99.031411">
        <ele>324.549160</ele>
        <time>2025-10-30T13:48:10.172Z</time>
      </trkpt>
      <trkpt lat="18.893745" lon="99.031949">
        <ele>324.219488</ele>
        <time>2025-10-30T13:48:20.716Z</time>
      </trkpt>
      <trkpt lat="18.893884" lon="99.032418">
        <ele>323.941670</ele>
        <time>2025-10-30T13:48:30.740Z</time>
      </trkpt>
      <trkpt lat="18.894027" lon="99.032711">
        <ele>323.903124</ele>
        <time>2025-10-30T13:48:37.455Z</time>
      </trkpt>
      <trkpt lat="18.894230" lon="99.033126">
        <ele>323.916389</ele>
        <time>2025-10-30T13:48:45.956Z</time>
      </trkpt>
      <trkpt lat="18.894511" lon="99.033625">
        <ele>323.932878</ele>
        <time>2025-10-30T13:48:56.337Z</time>
      </trkpt>
      <trkpt lat="18.894837" lon="99.034212">
        <ele>324.007887</ele>
        <time>2025-10-30T13:49:09.517Z</time>
      </trkpt>
      <trkpt lat="18.896043" lon="99.036388">
        <ele>325.691974</ele>
        <time>2025-10-30T13:50:06.608Z</time>
      </trkpt>
      <trkpt lat="18.896183" lon="99.036639">
        <ele>325.818750</ele>
        <time>2025-10-30T13:50:12.976Z</time>
      </trkpt>
      <trkpt lat="18.896341" lon="99.036811">
        <ele>325.923059</ele>
        <time>2025-10-30T13:50:18.028Z</time>
      </trkpt>
      <trkpt lat="18.896605" lon="99.036990">
        <ele>326.067302</ele>
        <time>2025-10-30T13:50:24.681Z</time>
      </trkpt>
      <trkpt lat="18.897339" lon="99.037302">
        <ele>326.169781</ele>
        <time>2025-10-30T13:50:39.727Z</time>
      </trkpt>
      <trkpt lat="18.898717" lon="99.037709">
        <ele>326.181729</ele>
        <time>2025-10-30T13:51:07.279Z</time>
      </trkpt>
      <trkpt lat="18.898942" lon="99.037891">
        <ele>326.584099</ele>
        <time>2025-10-30T13:51:14.275Z</time>
      </trkpt>
      <trkpt lat="18.899682" lon="99.038976">
        <ele>328.381220</ele>
        <time>2025-10-30T13:51:50.213Z</time>
      </trkpt>
      <trkpt lat="18.899896" lon="99.039231">
        <ele>328.562930</ele>
        <time>2025-10-30T13:51:58.686Z</time>
      </trkpt>
      <trkpt lat="18.900121" lon="99.039372">
        <ele>328.516752</ele>
        <time>2025-10-30T13:52:04.982Z</time>
      </trkpt>
      <trkpt lat="18.900987" lon="99.039800">
        <ele>328.347979</ele>
        <time>2025-10-30T13:52:22.766Z</time>
      </trkpt>
      <trkpt lat="18.901291" lon="99.040135">
        <ele>328.239529</ele>
        <time>2025-10-30T13:52:30.023Z</time>
      </trkpt>
      <trkpt lat="18.901459" lon="99.040416">
        <ele>327.871484</ele>
        <time>2025-10-30T13:52:35.279Z</time>
      </trkpt>
      <trkpt lat="18.901607" lon="99.040742">
        <ele>327.471126</ele>
        <time>2025-10-30T13:52:41.045Z</time>
      </trkpt>
      <trkpt lat="18.901667" lon="99.041027">
        <ele>327.147853</ele>
        <time>2025-10-30T13:52:45.721Z</time>
      </trkpt>
      <trkpt lat="18.901689" lon="99.041383">
        <ele>326.752845</ele>
        <time>2025-10-30T13:52:51.529Z</time>
      </trkpt>
      <trkpt lat="18.901696" lon="99.041815">
        <ele>326.274460</ele>
        <time>2025-10-30T13:52:56.486Z</time>
      </trkpt>
      <trkpt lat="18.901651" lon="99.042057">
        <ele>326.037277</ele>
        <time>2025-10-30T13:52:59.320Z</time>
      </trkpt>
      <trkpt lat="18.901536" lon="99.042325">
        <ele>325.780412</ele>
        <time>2025-10-30T13:53:02.686Z</time>
      </trkpt>
      <trkpt lat="18.901180" lon="99.042997">
        <ele>325.108146</ele>
        <time>2025-10-30T13:53:11.395Z</time>
      </trkpt>
      <trkpt lat="18.900628" lon="99.044136">
        <ele>324.456032</ele>
        <time>2025-10-30T13:53:27.141Z</time>
      </trkpt>
      <trkpt lat="18.900538" lon="99.044438">
        <ele>324.426577</ele>
        <time>2025-10-30T13:53:31.785Z</time>
      </trkpt>
      <trkpt lat="18.900541" lon="99.045229">
        <ele>324.352992</ele>
        <time>2025-10-30T13:53:43.572Z</time>
      </trkpt>
      <trkpt lat="18.900514" lon="99.045472">
        <ele>324.329802</ele>
        <time>2025-10-30T13:53:47.259Z</time>
      </trkpt>
      <trkpt lat="18.900004" lon="99.046929">
        <ele>324.171201</ele>
        <time>2025-10-30T13:54:08.221Z</time>
      </trkpt>
      <trkpt lat="18.899936" lon="99.047268">
        <ele>324.144213</ele>
        <time>2025-10-30T13:54:12.661Z</time>
      </trkpt>
      <trkpt lat="18.899958" lon="99.048527">
        <ele>324.244037</ele>
        <time>2025-10-30T13:54:29.895Z</time>
      </trkpt>
      <trkpt lat="18.899887" lon="99.049217">
        <ele>324.329769</ele>
        <time>2025-10-30T13:54:40.834Z</time>
      </trkpt>
      <trkpt lat="18.899835" lon="99.049403">
        <ele>324.405674</ele>
        <time>2025-10-30T13:54:44.054Z</time>
      </trkpt>
      <trkpt lat="18.899430" lon="99.050669">
        <ele>324.928694</ele>
        <time>2025-10-30T13:55:05.551Z</time>
      </trkpt>
      <trkpt lat="18.899262" lon="99.051739">
        <ele>324.959111</ele>
        <time>2025-10-30T13:55:20.801Z</time>
      </trkpt>
      <trkpt lat="18.899137" lon="99.052091">
        <ele>324.923851</ele>
        <time>2025-10-30T13:55:25.871Z</time>
      </trkpt>
      <trkpt lat="18.898944" lon="99.052362">
        <ele>324.892040</ele>
        <time>2025-10-30T13:55:30.425Z</time>
      </trkpt>
      <trkpt lat="18.898642" lon="99.052628">
        <ele>324.843150</ele>
        <time>2025-10-30T13:55:35.986Z</time>
      </trkpt>
      <trkpt lat="18.898461" lon="99.052767">
        <ele>324.764867</ele>
        <time>2025-10-30T13:55:39.112Z</time>
      </trkpt>
      <trkpt lat="18.897144" lon="99.053400">
        <ele>324.258644</ele>
        <time>2025-10-30T13:55:58.479Z</time>
      </trkpt>
      <trkpt lat="18.896967" lon="99.053579">
        <ele>324.228925</ele>
        <time>2025-10-30T13:56:01.816Z</time>
      </trkpt>
      <trkpt lat="18.896479" lon="99.054473">
        <ele>324.236876</ele>
        <time>2025-10-30T13:56:16.066Z</time>
      </trkpt>
      <trkpt lat="18.896354" lon="99.054809">
        <ele>324.239658</ele>
        <time>2025-10-30T13:56:21.524Z</time>
      </trkpt>
      <trkpt lat="18.895960" lon="99.056932">
        <ele>324.658978</ele>
        <time>2025-10-30T13:56:54.486Z</time>
      </trkpt>
      <trkpt lat="18.895878" lon="99.057053">
        <ele>324.647985</ele>
        <time>2025-10-30T13:56:56.540Z</time>
      </trkpt>
      <trkpt lat="18.895745" lon="99.057261">
        <ele>324.540480</ele>
        <time>2025-10-30T13:56:59.953Z</time>
      </trkpt>
      <trkpt lat="18.894729" lon="99.058473">
        <ele>323.846136</ele>
        <time>2025-10-30T13:57:20.035Z</time>
      </trkpt>
      <trkpt lat="18.894651" lon="99.058638">
        <ele>323.762670</ele>
        <time>2025-10-30T13:57:22.206Z</time>
      </trkpt>
      <trkpt lat="18.894591" lon="99.058825">
        <ele>323.673315</ele>
        <time>2025-10-30T13:57:24.512Z</time>
      </trkpt>
      <trkpt lat="18.894521" lon="99.059348">
        <ele>323.434293</ele>
        <time>2025-10-30T13:57:30.724Z</time>
      </trkpt>
      <trkpt lat="18.894497" lon="99.060025">
        <ele>323.127725</ele>
        <time>2025-10-30T13:57:39.094Z</time>
      </trkpt>
      <trkpt lat="18.894516" lon="99.060635">
        <ele>323.259795</ele>
        <time>2025-10-30T13:57:48.050Z</time>
      </trkpt>
      <trkpt lat="18.894529" lon="99.062404">
        <ele>324.537561</ele>
        <time>2025-10-30T13:58:20.340Z</time>
      </trkpt>
      <trkpt lat="18.894485" lon="99.062564">
        <ele>324.599867</ele>
        <time>2025-10-30T13:58:23.332Z</time>
      </trkpt>
      <trkpt lat="18.894356" lon="99.062875">
        <ele>324.726847</ele>
        <time>2025-10-30T13:58:29.097Z</time>
      </trkpt>
      <trkpt lat="18.894018" lon="99.063463">
        <ele>324.984124</ele>
        <time>2025-10-30T13:58:39.234Z</time>
      </trkpt>
      <trkpt lat="18.893964" lon="99.063639">
        <ele>325.053311</ele>
        <time>2025-10-30T13:58:41.714Z</time>
      </trkpt>
      <trkpt lat="18.893770" lon="99.064620">
        <ele>325.177106</ele>
        <time>2025-10-30T13:58:55.323Z</time>
      </trkpt>
      <trkpt lat="18.893626" lon="99.065332">
        <ele>325.181835</ele>
        <time>2025-10-30T13:59:05.533Z</time>
      </trkpt>
      <trkpt lat="18.893404" lon="99.066474">
        <ele>325.093699</ele>
        <time>2025-10-30T13:59:22.656Z</time>
      </trkpt>
      <trkpt lat="18.893251" lon="99.067221">
        <ele>324.990434</ele>
        <time>2025-10-30T13:59:32.776Z</time>
      </trkpt>
      <trkpt lat="18.892342" lon="99.071852">
        <ele>323.855582</ele>
        <time>2025-10-30T14:00:33.480Z</time>
      </trkpt>
      <trkpt lat="18.892217" lon="99.072526">
        <ele>324.180743</ele>
        <time>2025-10-30T14:00:45.043Z</time>
      </trkpt>
      <trkpt lat="18.892043" lon="99.073375">
        <ele>324.545498</ele>
        <time>2025-10-30T14:01:00.212Z</time>
      </trkpt>
      <trkpt lat="18.891936" lon="99.073902">
        <ele>324.593626</ele>
        <time>2025-10-30T14:01:09.432Z</time>
      </trkpt>
      <trkpt lat="18.891193" lon="99.077584">
        <ele>323.996173</ele>
        <time>2025-10-30T14:01:58.210Z</time>
      </trkpt>
      <trkpt lat="18.891047" lon="99.078314">
        <ele>323.867334</ele>
        <time>2025-10-30T14:02:08.220Z</time>
      </trkpt>
      <trkpt lat="18.890679" lon="99.080156">
        <ele>323.637320</ele>
        <time>2025-10-30T14:02:34.249Z</time>
      </trkpt>
      <trkpt lat="18.890517" lon="99.080638">
        <ele>323.585004</ele>
        <time>2025-10-30T14:02:41.106Z</time>
      </trkpt>
      <trkpt lat="18.890237" lon="99.081022">
        <ele>323.536876</ele>
        <time>2025-10-30T14:02:47.529Z</time>
      </trkpt>
      <trkpt lat="18.889928" lon="99.081260">
        <ele>323.496866</ele>
        <time>2025-10-30T14:02:52.921Z</time>
      </trkpt>
      <trkpt lat="18.889441" lon="99.081468">
        <ele>323.441901</ele>
        <time>2025-10-30T14:03:00.400Z</time>
      </trkpt>
      <trkpt lat="18.886933" lon="99.081536">
        <ele>323.634290</ele>
        <time>2025-10-30T14:03:38.961Z</time>
      </trkpt>
      <trkpt lat="18.884726" lon="99.081600">
        <ele>323.380485</ele>
        <time>2025-10-30T14:04:11.467Z</time>
      </trkpt>
      <trkpt lat="18.884736" lon="99.081884">
        <ele>323.282500</ele>
        <time>2025-10-30T14:04:16.285Z</time>
      </trkpt>
      <trkpt lat="18.884842" lon="99.082025">
        <ele>323.220410</ele>
        <time>2025-10-30T14:04:19.308Z</time>
      </trkpt>
      <trkpt lat="18.885297" lon="99.082256">
        <ele>323.036474</ele>
        <time>2025-10-30T14:04:28.368Z</time>
      </trkpt>
      <trkpt lat="18.885409" lon="99.082350">
        <ele>322.984360</ele>
        <time>2025-10-30T14:04:30.952Z</time>
      </trkpt>
      <trkpt lat="18.885859" lon="99.082901">
        <ele>323.286674</ele>
        <time>2025-10-30T14:04:44.721Z</time>
      </trkpt>
      <trkpt lat="18.886159" lon="99.083384">
        <ele>323.569688</ele>
        <time>2025-10-30T14:04:57.468Z</time>
      </trkpt>
      <trkpt lat="18.886948" lon="99.085227">
        <ele>325.150130</ele>
        <time>2025-10-30T14:05:44.761Z</time>
      </trkpt>
      <trkpt lat="18.887031" lon="99.085415">
        <ele>325.341515</ele>
        <time>2025-10-30T14:05:49.407Z</time>
      </trkpt>
      <trkpt lat="18.887277" lon="99.086001">
        <ele>325.765404</ele>
        <time>2025-10-30T14:06:03.273Z</time>
      </trkpt>
      <trkpt lat="18.887395" lon="99.086202">
        <ele>325.855843</ele>
        <time>2025-10-30T14:06:08.200Z</time>
      </trkpt>
      <trkpt lat="18.887519" lon="99.086365">
        <ele>325.935808</ele>
        <time>2025-10-30T14:06:12.510Z</time>
      </trkpt>
      <trkpt lat="18.888155" lon="99.087048">
        <ele>326.302190</ele>
        <time>2025-10-30T14:06:31.918Z</time>
      </trkpt>
      <trkpt lat="18.888304" lon="99.087266">
        <ele>326.374640</ele>
        <time>2025-10-30T14:06:37.342Z</time>
      </trkpt>
      <trkpt lat="18.888500" lon="99.087633">
        <ele>326.379788</ele>
        <time>2025-10-30T14:06:45.866Z</time>
      </trkpt>
      <trkpt lat="18.888673" lon="99.087845">
        <ele>326.383207</ele>
        <time>2025-10-30T14:06:51.573Z</time>
      </trkpt>
      <trkpt lat="18.888931" lon="99.088050">
        <ele>326.387373</ele>
        <time>2025-10-30T14:06:58.542Z</time>
      </trkpt>
      <trkpt lat="18.889870" lon="99.088690">
        <ele>326.224363</ele>
        <time>2025-10-30T14:07:19.592Z</time>
      </trkpt>
      <trkpt lat="18.890091" lon="99.088853">
        <ele>326.102897</ele>
        <time>2025-10-30T14:07:24.354Z</time>
      </trkpt>
      <trkpt lat="18.890229" lon="99.088956">
        <ele>326.026751</ele>
        <time>2025-10-30T14:07:27.340Z</time>
      </trkpt>
      <trkpt lat="18.890555" lon="99.089295">
        <ele>325.820620</ele>
        <time>2025-10-30T14:07:35.648Z</time>
      </trkpt>
      <trkpt lat="18.890843" lon="99.089701">
        <ele>325.604224</ele>
        <time>2025-10-30T14:07:44.614Z</time>
      </trkpt>
      <trkpt lat="18.891282" lon="99.090442">
        <ele>326.027057</ele>
        <time>2025-10-30T14:08:02.455Z</time>
      </trkpt>
      <trkpt lat="18.891725" lon="99.091040">
        <ele>326.429566</ele>
        <time>2025-10-30T14:08:19.867Z</time>
      </trkpt>
      <trkpt lat="18.891771" lon="99.091100">
        <ele>326.470493</ele>
        <time>2025-10-30T14:08:21.597Z</time>
      </trkpt>
      <trkpt lat="18.892148" lon="99.091654">
        <ele>326.870542</ele>
        <time>2025-10-30T14:08:36.537Z</time>
      </trkpt>
      <trkpt lat="18.892205" lon="99.091790">
        <ele>326.962063</ele>
        <time>2025-10-30T14:08:39.767Z</time>
      </trkpt>
      <trkpt lat="18.892243" lon="99.091993">
        <ele>327.089385</ele>
        <time>2025-10-30T14:08:44.327Z</time>
      </trkpt>
      <trkpt lat="18.892306" lon="99.092816">
        <ele>327.597413</ele>
        <time>2025-10-30T14:09:02.298Z</time>
      </trkpt>
      <trkpt lat="18.892375" lon="99.093683">
        <ele>327.852910</ele>
        <time>2025-10-30T14:09:20.089Z</time>
      </trkpt>
      <trkpt lat="18.892410" lon="99.093876">
        <ele>327.882229</ele>
        <time>2025-10-30T14:09:24.070Z</time>
      </trkpt>
      <trkpt lat="18.892482" lon="99.093974">
        <ele>327.900741</ele>
        <time>2025-10-30T14:09:26.614Z</time>
      </trkpt>
      <trkpt lat="18.893165" lon="99.094667">
        <ele>328.047825</ele>
        <time>2025-10-30T14:09:46.184Z</time>
      </trkpt>
      <trkpt lat="18.893297" lon="99.094787">
        <ele>328.055500</ele>
        <time>2025-10-30T14:09:49.400Z</time>
      </trkpt>
      <trkpt lat="18.893464" lon="99.094901">
        <ele>328.064262</ele>
        <time>2025-10-30T14:09:52.999Z</time>
      </trkpt>
      <trkpt lat="18.893694" lon="99.094977">
        <ele>328.074884</ele>
        <time>2025-10-30T14:09:57.364Z</time>
      </trkpt>
      <trkpt lat="18.894202" lon="99.095119">
        <ele>328.098045</ele>
        <time>2025-10-30T14:10:07.205Z</time>
      </trkpt>
      <trkpt lat="18.894643" lon="99.095243">
        <ele>328.118159</ele>
        <time>2025-10-30T14:10:17.071Z</time>
      </trkpt>
      <trkpt lat="18.894846" lon="99.095303">
        <ele>328.163789</ele>
        <time>2025-10-30T14:10:21.981Z</time>
      </trkpt>
      <trkpt lat="18.895124" lon="99.095386">
        <ele>328.560427</ele>
        <time>2025-10-30T14:10:29.196Z</time>
      </trkpt>
      <trkpt lat="18.895434" lon="99.095466">
        <ele>328.998568</ele>
        <time>2025-10-30T14:10:37.880Z</time>
      </trkpt>
      <trkpt lat="18.896052" lon="99.095633">
        <ele>329.874392</ele>
        <time>2025-10-30T14:10:55.726Z</time>
      </trkpt>
      <trkpt lat="18.896193" lon="99.095670">
        <ele>330.073866</ele>
        <time>2025-10-30T14:10:59.829Z</time>
      </trkpt>
      <trkpt lat="18.896233" lon="99.095677">
        <ele>330.129534</ele>
        <time>2025-10-30T14:11:00.972Z</time>
      </trkpt>
      <trkpt lat="18.896297" lon="99.095688">
        <ele>330.218562</ele>
        <time>2025-10-30T14:11:02.807Z</time>
      </trkpt>
      <trkpt lat="18.896318" lon="99.095691">
        <ele>330.247658</ele>
        <time>2025-10-30T14:11:03.411Z</time>
      </trkpt>
      <trkpt lat="18.896469" lon="99.095739">
        <ele>330.464159</ele>
        <time>2025-10-30T14:11:07.542Z</time>
      </trkpt>
      <trkpt lat="18.896696" lon="99.095850">
        <ele>330.601489</ele>
        <time>2025-10-30T14:11:13.417Z</time>
      </trkpt>
      <trkpt lat="18.897253" lon="99.096236">
        <ele>330.625929</ele>
        <time>2025-10-30T14:11:26.549Z</time>
      </trkpt>
      <trkpt lat="18.898133" lon="99.097184">
        <ele>330.882776</ele>
        <time>2025-10-30T14:11:49.935Z</time>
      </trkpt>
      <trkpt lat="18.898720" lon="99.097800">
        <ele>331.539873</ele>
        <time>2025-10-30T14:12:09.280Z</time>
      </trkpt>
      <trkpt lat="18.899227" lon="99.098324">
        <ele>332.104860</ele>
        <time>2025-10-30T14:12:28.440Z</time>
      </trkpt>
      <trkpt lat="18.899544" lon="99.098655">
        <ele>332.506617</ele>
        <time>2025-10-30T14:12:39.907Z</time>
      </trkpt>
      <trkpt lat="18.899658" lon="99.098774">
        <ele>332.651076</ele>
        <time>2025-10-30T14:12:43.847Z</time>
      </trkpt>
      <trkpt lat="18.901917" lon="99.100819">
        <ele>334.857466</ele>
        <time>2025-10-30T14:13:51.205Z</time>
      </trkpt>
      <trkpt lat="18.902228" lon="99.101146">
        <ele>335.194324</ele>
        <time>2025-10-30T14:14:01.468Z</time>
      </trkpt>
      <trkpt lat="18.902474" lon="99.101297">
        <ele>335.412896</ele>
        <time>2025-10-30T14:14:08.148Z</time>
      </trkpt>
      <trkpt lat="18.903346" lon="99.101845">
        <ele>336.192366</ele>
        <time>2025-10-30T14:14:31.782Z</time>
      </trkpt>
      <trkpt lat="18.904171" lon="99.102297">
        <ele>337.178899</ele>
        <time>2025-10-30T14:14:53.587Z</time>
      </trkpt>
      <trkpt lat="18.905907" lon="99.103244">
        <ele>339.620421</ele>
        <time>2025-10-30T14:15:43.621Z</time>
      </trkpt>
      <trkpt lat="18.906476" lon="99.103576">
        <ele>340.531691</ele>
        <time>2025-10-30T14:16:00.671Z</time>
      </trkpt>
      <trkpt lat="18.906792" lon="99.103791">
        <ele>341.054755</ele>
        <time>2025-10-30T14:16:10.501Z</time>
      </trkpt>
      <trkpt lat="18.909004" lon="99.105729">
        <ele>344.632025</ele>
        <time>2025-10-30T14:17:24.206Z</time>
      </trkpt>
      <trkpt lat="18.909208" lon="99.105962">
        <ele>344.956198</ele>
        <time>2025-10-30T14:17:31.108Z</time>
      </trkpt>
      <trkpt lat="18.909487" lon="99.106382">
        <ele>345.126029</ele>
        <time>2025-10-30T14:17:41.682Z</time>
      </trkpt>
      <trkpt lat="18.910269" lon="99.107391">
        <ele>345.049745</ele>
        <time>2025-10-30T14:18:05.872Z</time>
      </trkpt>
      <trkpt lat="18.910672" lon="99.108113">
        <ele>344.768117</ele>
        <time>2025-10-30T14:18:20.680Z</time>
      </trkpt>
      <trkpt lat="18.911184" lon="99.109149">
        <ele>344.222369</ele>
        <time>2025-10-30T14:18:41.228Z</time>
      </trkpt>
      <trkpt lat="18.911270" lon="99.109449">
        <ele>344.061060</ele>
        <time>2025-10-30T14:18:46.717Z</time>
      </trkpt>
      <trkpt lat="18.911307" lon="99.109983">
        <ele>343.757909</ele>
        <time>2025-10-30T14:18:55.677Z</time>
      </trkpt>
      <trkpt lat="18.911461" lon="99.110643">
        <ele>343.373031</ele>
        <time>2025-10-30T14:19:07.346Z</time>
      </trkpt>
      <trkpt lat="18.911457" lon="99.110738">
        <ele>343.319190</ele>
        <time>2025-10-30T14:19:08.966Z</time>
      </trkpt>
      <trkpt lat="18.911342" lon="99.111021">
        <ele>343.144804</ele>
        <time>2025-10-30T14:19:14.377Z</time>
      </trkpt>
      <trkpt lat="18.911479" lon="99.111230">
        <ele>343.081929</ele>
        <time>2025-10-30T14:19:18.925Z</time>
      </trkpt>
      <trkpt lat="18.911986" lon="99.111855">
        <ele>343.163611</ele>
        <time>2025-10-30T14:19:33.721Z</time>
      </trkpt>
      <trkpt lat="18.912202" lon="99.112080">
        <ele>343.195415</ele>
        <time>2025-10-30T14:19:40.325Z</time>
      </trkpt>
      <trkpt lat="18.912537" lon="99.112339">
        <ele>343.238941</ele>
        <time>2025-10-30T14:19:49.695Z</time>
      </trkpt>
      <trkpt lat="18.912772" lon="99.112453">
        <ele>343.316088</ele>
        <time>2025-10-30T14:19:55.595Z</time>
      </trkpt>
      <trkpt lat="18.913363" lon="99.112667">
        <ele>343.813465</ele>
        <time>2025-10-30T14:20:10.163Z</time>
      </trkpt>
      <trkpt lat="18.916551" lon="99.113707">
        <ele>346.502320</ele>
        <time>2025-10-30T14:21:29.381Z</time>
      </trkpt>
      <trkpt lat="18.916731" lon="99.113739">
        <ele>346.595554</ele>
        <time>2025-10-30T14:21:33.508Z</time>
      </trkpt>
      <trkpt lat="18.917667" lon="99.113754">
        <ele>347.073710</ele>
        <time>2025-10-30T14:21:53.150Z</time>
      </trkpt>
      <trkpt lat="18.917786" lon="99.115121">
        <ele>349.185055</ele>
        <time>2025-10-30T14:22:22.820Z</time>
      </trkpt>
      <trkpt lat="18.917815" lon="99.115478">
        <ele>349.823524</ele>
        <time>2025-10-30T14:22:33.079Z</time>
      </trkpt>
      <trkpt lat="18.917823" lon="99.115582">
        <ele>350.009450</ele>
        <time>2025-10-30T14:22:36.316Z</time>
      </trkpt>
      <trkpt lat="18.917897" lon="99.116534">
        <ele>353.398126</ele>
        <time>2025-10-30T14:23:10.969Z</time>
      </trkpt>
      <trkpt lat="18.918161" lon="99.118950">
        <ele>361.716187</ele>
        <time>2025-10-30T14:24:43.438Z</time>
      </trkpt>
      <trkpt lat="18.918289" lon="99.120006">
        <ele>361.595726</ele>
        <time>2025-10-30T14:25:01.364Z</time>
      </trkpt>
      <trkpt lat="18.918354" lon="99.120300">
        <ele>359.912668</ele>
        <time>2025-10-30T14:25:05.175Z</time>
      </trkpt>
      <trkpt lat="18.918455" lon="99.120517">
        <ele>358.564520</ele>
        <time>2025-10-30T14:25:08.128Z</time>
      </trkpt>
      <trkpt lat="18.919192" lon="99.121594">
        <ele>351.634937</ele>
        <time>2025-10-30T14:25:23.833Z</time>
      </trkpt>
      <trkpt lat="18.919424" lon="99.121813">
        <ele>350.333413</ele>
        <time>2025-10-30T14:25:27.843Z</time>
      </trkpt>
      <trkpt lat="18.920439" lon="99.122353">
        <ele>345.578595</ele>
        <time>2025-10-30T14:25:44.407Z</time>
      </trkpt>
      <trkpt lat="18.921112" lon="99.122750">
        <ele>345.657011</ele>
        <time>2025-10-30T14:26:02.084Z</time>
      </trkpt>
      <trkpt lat="18.921243" lon="99.122791">
        <ele>345.729578</ele>
        <time>2025-10-30T14:26:05.889Z</time>
      </trkpt>
      <trkpt lat="18.921536" lon="99.122795">
        <ele>345.885222</ele>
        <time>2025-10-30T14:26:14.518Z</time>
      </trkpt>
      <trkpt lat="18.922273" lon="99.122724">
        <ele>346.127288</ele>
        <time>2025-10-30T14:26:32.175Z</time>
      </trkpt>
      <trkpt lat="18.922403" lon="99.122760">
        <ele>345.915085</ele>
        <time>2025-10-30T14:26:35.035Z</time>
      </trkpt>
      <trkpt lat="18.922502" lon="99.122829">
        <ele>345.727840</ele>
        <time>2025-10-30T14:26:37.352Z</time>
      </trkpt>
      <trkpt lat="18.922781" lon="99.123077">
        <ele>345.152241</ele>
        <time>2025-10-30T14:26:43.789Z</time>
      </trkpt>
      <trkpt lat="18.923009" lon="99.123275">
        <ele>344.686314</ele>
        <time>2025-10-30T14:26:48.490Z</time>
      </trkpt>
      <trkpt lat="18.923114" lon="99.123408">
        <ele>344.427554</ele>
        <time>2025-10-30T14:26:50.971Z</time>
      </trkpt>
      <trkpt lat="18.923203" lon="99.123539">
        <ele>344.186641</ele>
        <time>2025-10-30T14:26:53.218Z</time>
      </trkpt>
      <trkpt lat="18.923300" lon="99.123750">
        <ele>343.836221</ele>
        <time>2025-10-30T14:26:56.363Z</time>
      </trkpt>
      <trkpt lat="18.923745" lon="99.125575">
        <ele>340.235857</ele>
        <time>2025-10-30T14:27:23.437Z</time>
      </trkpt>
      <trkpt lat="18.924032" lon="99.126755">
        <ele>340.132518</ele>
        <time>2025-10-30T14:27:45.266Z</time>
      </trkpt>
      <trkpt lat="18.924067" lon="99.126907">
        <ele>340.220214</ele>
        <time>2025-10-30T14:27:48.912Z</time>
      </trkpt>
      <trkpt lat="18.924125" lon="99.127151">
        <ele>340.361248</ele>
        <time>2025-10-30T14:27:55.036Z</time>
      </trkpt>
      <trkpt lat="18.924246" lon="99.127660">
        <ele>340.655455</ele>
        <time>2025-10-30T14:28:08.619Z</time>
      </trkpt>
      <trkpt lat="18.924284" lon="99.127823">
        <ele>340.878487</ele>
        <time>2025-10-30T14:28:13.134Z</time>
      </trkpt>
      <trkpt lat="18.924440" lon="99.128485">
        <ele>342.067879</ele>
        <time>2025-10-30T14:28:31.781Z</time>
      </trkpt>
      <trkpt lat="18.924451" lon="99.128532">
        <ele>342.152289</ele>
        <time>2025-10-30T14:28:33.068Z</time>
      </trkpt>
      <trkpt lat="18.924493" lon="99.128707">
        <ele>342.467048</ele>
        <time>2025-10-30T14:28:36.967Z</time>
      </trkpt>
      <trkpt lat="18.924800" lon="99.129944">
        <ele>344.514622</ele>
        <time>2025-10-30T14:29:02.789Z</time>
      </trkpt>
      <trkpt lat="18.924832" lon="99.130086">
        <ele>344.702305</ele>
        <time>2025-10-30T14:29:05.605Z</time>
      </trkpt>
      <trkpt lat="18.924904" lon="99.130415">
        <ele>345.136484</ele>
        <time>2025-10-30T14:29:12.103Z</time>
      </trkpt>
      <trkpt lat="18.925383" lon="99.132669">
        <ele>348.342253</ele>
        <time>2025-10-30T14:29:55.093Z</time>
      </trkpt>
      <trkpt lat="18.925513" lon="99.133173">
        <ele>349.109283</ele>
        <time>2025-10-30T14:30:05.842Z</time>
      </trkpt>
      <trkpt lat="18.925907" lon="99.133225">
        <ele>350.533768</ele>
        <time>2025-10-30T14:30:17.791Z</time>
      </trkpt>
      <trkpt lat="18.925908" lon="99.133315">
        <ele>350.885831</ele>
        <time>2025-10-30T14:30:20.401Z</time>
      </trkpt>
      <trkpt lat="18.926417" lon="99.132447">
        <ele>354.880524</ele>
        <time>2025-10-30T14:30:55.235Z</time>
      </trkpt>
      <trkpt lat="18.926522" lon="99.132294">
        <ele>355.619901</ele>
        <time>2025-10-30T14:31:02.634Z</time>
      </trkpt>
      <trkpt lat="18.926851" lon="99.131697">
        <ele>360.025073</ele>
        <time>2025-10-30T14:31:32.041Z</time>
      </trkpt>
      <trkpt lat="18.927245" lon="99.130662">
        <ele>368.905847</ele>
        <time>2025-10-30T14:32:30.099Z</time>
      </trkpt>
      <trkpt lat="18.927646" lon="99.129504">
        <ele>378.185449</ele>
        <time>2025-10-30T14:33:44.244Z</time>
      </trkpt>
      <trkpt lat="18.927727" lon="99.129390">
        <ele>379.232263</ele>
        <time>2025-10-30T14:33:51.511Z</time>
      </trkpt>
      <trkpt lat="18.928086" lon="99.129072">
        <ele>382.867575</ele>
        <time>2025-10-30T14:34:11.472Z</time>
      </trkpt>
      <trkpt lat="18.928215" lon="99.128825">
        <ele>384.939103</ele>
        <time>2025-10-30T14:34:21.140Z</time>
      </trkpt>
      <trkpt lat="18.928224" lon="99.128711">
        <ele>385.777509</ele>
        <time>2025-10-30T14:34:25.216Z</time>
      </trkpt>
      <trkpt lat="18.928111" lon="99.128208">
        <ele>388.500526</ele>
        <time>2025-10-30T14:34:44.575Z</time>
      </trkpt>
      <trkpt lat="18.928114" lon="99.128069">
        <ele>389.232837</ele>
        <time>2025-10-30T14:34:49.764Z</time>
      </trkpt>
      <trkpt lat="18.928177" lon="99.127954">
        <ele>389.932795</ele>
        <time>2025-10-30T14:34:54.655Z</time>
      </trkpt>
      <trkpt lat="18.928300" lon="99.127887">
        <ele>390.703247</ele>
        <time>2025-10-30T14:35:00.089Z</time>
      </trkpt>
      <trkpt lat="18.928484" lon="99.127882">
        <ele>391.728123</ele>
        <time>2025-10-30T14:35:06.608Z</time>
      </trkpt>
      <trkpt lat="18.929021" lon="99.127853">
        <ele>394.722114</ele>
        <time>2025-10-30T14:35:44.036Z</time>
      </trkpt>
      <trkpt lat="18.929974" lon="99.127796">
        <ele>400.242274</ele>
        <time>2025-10-30T14:36:50.447Z</time>
      </trkpt>
      <trkpt lat="18.930161" lon="99.127732">
        <ele>401.389595</ele>
        <time>2025-10-30T14:37:04.167Z</time>
      </trkpt>
      <trkpt lat="18.930520" lon="99.127542">
        <ele>403.733058</ele>
        <time>2025-10-30T14:37:32.062Z</time>
      </trkpt>
      <trkpt lat="18.930881" lon="99.127448">
        <ele>405.903243</ele>
        <time>2025-10-30T14:37:57.907Z</time>
      </trkpt>
      <trkpt lat="18.930963" lon="99.127448">
        <ele>406.364612</ele>
        <time>2025-10-30T14:38:03.654Z</time>
      </trkpt>
      <trkpt lat="18.931267" lon="99.127448">
        <ele>407.813431</ele>
        <time>2025-10-30T14:38:24.813Z</time>
      </trkpt>
      <trkpt lat="18.931403" lon="99.127493">
        <ele>408.492592</ele>
        <time>2025-10-30T14:38:34.795Z</time>
      </trkpt>
      <trkpt lat="18.931505" lon="99.127597">
        <ele>409.167957</ele>
        <time>2025-10-30T14:38:44.659Z</time>
      </trkpt>
      <trkpt lat="18.931800" lon="99.128118">
        <ele>411.905290</ele>
        <time>2025-10-30T14:39:24.677Z</time>
      </trkpt>
      <trkpt lat="18.932046" lon="99.128221">
        <ele>413.166290</ele>
        <time>2025-10-30T14:39:43.038Z</time>
      </trkpt>
      <trkpt lat="18.932216" lon="99.128231">
        <ele>413.977738</ele>
        <time>2025-10-30T14:39:54.875Z</time>
      </trkpt>
      <trkpt lat="18.932374" lon="99.128118">
        <ele>414.845095</ele>
        <time>2025-10-30T14:40:08.118Z</time>
      </trkpt>
      <trkpt lat="18.932642" lon="99.127689">
        <ele>413.583033</ele>
        <time>2025-10-30T14:40:41.941Z</time>
      </trkpt>
      <trkpt lat="18.932710" lon="99.127618">
        <ele>413.334999</ele>
        <time>2025-10-30T14:40:48.572Z</time>
      </trkpt>
      <trkpt lat="18.932856" lon="99.127504">
        <ele>412.863956</ele>
        <time>2025-10-30T14:41:01.222Z</time>
      </trkpt>
      <trkpt lat="18.933051" lon="99.127431">
        <ele>412.327098</ele>
        <time>2025-10-30T14:41:15.600Z</time>
      </trkpt>
      <trkpt lat="18.933212" lon="99.127467">
        <ele>411.900025</ele>
        <time>2025-10-30T14:41:27.058Z</time>
      </trkpt>
      <trkpt lat="18.933504" lon="99.127595">
        <ele>411.079662</ele>
        <time>2025-10-30T14:41:49.014Z</time>
      </trkpt>
      <trkpt lat="18.933871" lon="99.127635">
        <ele>410.100288</ele>
        <time>2025-10-30T14:42:14.644Z</time>
      </trkpt>
      <trkpt lat="18.933977" lon="99.127556">
        <ele>409.658171</ele>
        <time>2025-10-30T14:42:23.710Z</time>
      </trkpt>
      <trkpt lat="18.934079" lon="99.127436">
        <ele>409.137947</ele>
        <time>2025-10-30T14:42:34.322Z</time>
      </trkpt>
      <trkpt lat="18.934227" lon="99.126972">
        <ele>407.558986</ele>
        <time>2025-10-30T14:43:06.533Z</time>
      </trkpt>
      <trkpt lat="18.934361" lon="99.126807">
        <ele>406.857741</ele>
        <time>2025-10-30T14:43:20.805Z</time>
      </trkpt>
      <trkpt lat="18.934544" lon="99.126734">
        <ele>406.190965</ele>
        <time>2025-10-30T14:43:34.400Z</time>
      </trkpt>
      <trkpt lat="18.935594" lon="99.126579">
        <ele>403.954542</ele>
        <time>2025-10-30T14:44:48.136Z</time>
      </trkpt>
      <trkpt lat="18.935683" lon="99.126502">
        <ele>403.926568</ele>
        <time>2025-10-30T14:44:56.148Z</time>
      </trkpt>
      <trkpt lat="18.935789" lon="99.126353">
        <ele>403.883671</ele>
        <time>2025-10-30T14:45:08.438Z</time>
      </trkpt>
      <trkpt lat="18.936021" lon="99.125976">
        <ele>403.780187</ele>
        <time>2025-10-30T14:45:37.981Z</time>
      </trkpt>
      <trkpt lat="18.936210" lon="99.125845">
        <ele>403.725214</ele>
        <time>2025-10-30T14:45:53.634Z</time>
      </trkpt>
      <trkpt lat="18.936430" lon="99.125750">
        <ele>403.667407</ele>
        <time>2025-10-30T14:46:10.182Z</time>
      </trkpt>
      <trkpt lat="18.936650" lon="99.125749">
        <ele>403.686743</ele>
        <time>2025-10-30T14:46:25.449Z</time>
      </trkpt>
      <trkpt lat="18.937082" lon="99.125796">
        <ele>404.436650</ele>
        <time>2025-10-30T14:46:55.683Z</time>
      </trkpt>
      <trkpt lat="18.937834" lon="99.125878">
        <ele>405.742075</ele>
        <time>2025-10-30T14:47:48.265Z</time>
      </trkpt>
      <trkpt lat="18.938424" lon="99.125856">
        <ele>406.755564</ele>
        <time>2025-10-30T14:48:29.253Z</time>
      </trkpt>
      <trkpt lat="18.939045" lon="99.125886">
        <ele>407.634299</ele>
        <time>2025-10-30T14:49:12.496Z</time>
      </trkpt>
      <trkpt lat="18.939173" lon="99.125955">
        <ele>407.837396</ele>
        <time>2025-10-30T14:49:22.451Z</time>
      </trkpt>
      <trkpt lat="18.939273" lon="99.126099">
        <ele>408.076248</ele>
        <time>2025-10-30T14:49:34.187Z</time>
      </trkpt>
      <trkpt lat="18.939326" lon="99.126270">
        <ele>408.316842</ele>
        <time>2025-10-30T14:49:46.000Z</time>
      </trkpt>
      <trkpt lat="18.939330" lon="99.126473">
        <ele>408.588318</ele>
        <time>2025-10-30T14:49:59.378Z</time>
      </trkpt>
      <trkpt lat="18.939275" lon="99.126659">
        <ele>408.848876</ele>
        <time>2025-10-30T14:50:12.231Z</time>
      </trkpt>
      <trkpt lat="18.939131" lon="99.126923">
        <ele>409.256338</ele>
        <time>2025-10-30T14:50:32.253Z</time>
      </trkpt>
      <trkpt lat="18.938738" lon="99.127310">
        <ele>410.360069</ele>
        <time>2025-10-30T14:51:09.597Z</time>
      </trkpt>
      <trkpt lat="18.938622" lon="99.127483">
        <ele>410.774856</ele>
        <time>2025-10-30T14:51:23.610Z</time>
      </trkpt>
      <trkpt lat="18.938585" lon="99.127642">
        <ele>411.095134</ele>
        <time>2025-10-30T14:51:34.368Z</time>
      </trkpt>
      <trkpt lat="18.938660" lon="99.128080">
        <ele>411.965785</ele>
        <time>2025-10-30T14:52:03.651Z</time>
      </trkpt>
      <trkpt lat="18.938632" lon="99.128276">
        <ele>412.353508</ele>
        <time>2025-10-30T14:52:16.672Z</time>
      </trkpt>
      <trkpt lat="18.938431" lon="99.128713">
        <ele>412.044034</ele>
        <time>2025-10-30T14:52:48.600Z</time>
      </trkpt>
      <trkpt lat="18.938446" lon="99.128946">
        <ele>410.663608</ele>
        <time>2025-10-30T14:53:04.007Z</time>
      </trkpt>
      <trkpt lat="18.938527" lon="99.129128">
        <ele>409.474687</ele>
        <time>2025-10-30T14:53:17.228Z</time>
      </trkpt>
      <trkpt lat="18.938736" lon="99.129326">
        <ele>407.720954</ele>
        <time>2025-10-30T14:53:36.768Z</time>
      </trkpt>
      <trkpt lat="18.939198" lon="99.129647">
        <ele>404.266163</ele>
        <time>2025-10-30T14:54:15.293Z</time>
      </trkpt>
      <trkpt lat="18.939372" lon="99.129837">
        <ele>402.702954</ele>
        <time>2025-10-30T14:54:32.731Z</time>
      </trkpt>
      <trkpt lat="18.939421" lon="99.129989">
        <ele>401.753754</ele>
        <time>2025-10-30T14:54:43.354Z</time>
      </trkpt>
      <trkpt lat="18.939433" lon="99.130201">
        <ele>401.260723</ele>
        <time>2025-10-30T14:54:57.328Z</time>
      </trkpt>
      <trkpt lat="18.939376" lon="99.130977">
        <ele>399.460736</ele>
        <time>2025-10-30T14:55:48.600Z</time>
      </trkpt>
      <trkpt lat="18.939330" lon="99.131197">
        <ele>398.939680</ele>
        <time>2025-10-30T14:56:03.408Z</time>
      </trkpt>
      <trkpt lat="18.939158" lon="99.131353">
        <ele>398.385601</ele>
        <time>2025-10-30T14:56:19.159Z</time>
      </trkpt>
      <trkpt lat="18.938924" lon="99.131374">
        <ele>397.811420</ele>
        <time>2025-10-30T14:56:35.446Z</time>
      </trkpt>
      <trkpt lat="18.938752" lon="99.131315">
        <ele>397.369303</ele>
        <time>2025-10-30T14:56:48.057Z</time>
      </trkpt>
      <trkpt lat="18.938016" lon="99.130790">
        <ele>403.872823</ele>
        <time>2025-10-30T14:57:49.975Z</time>
      </trkpt>
      <trkpt lat="18.937919" lon="99.130755">
        <ele>404.631150</ele>
        <time>2025-10-30T14:57:57.153Z</time>
      </trkpt>
      <trkpt lat="18.937823" lon="99.130773">
        <ele>405.352515</ele>
        <time>2025-10-30T14:58:03.928Z</time>
      </trkpt>
      <trkpt lat="18.937722" lon="99.130832">
        <ele>406.206275</ele>
        <time>2025-10-30T14:58:12.025Z</time>
      </trkpt>
      <trkpt lat="18.937636" lon="99.131036">
        <ele>407.769302</ele>
        <time>2025-10-30T14:58:26.758Z</time>
      </trkpt>
      <trkpt lat="18.937602" lon="99.131280">
        <ele>409.495315</ele>
        <time>2025-10-30T14:58:42.975Z</time>
      </trkpt>
      <trkpt lat="18.937382" lon="99.131932">
        <ele>409.417446</ele>
        <time>2025-10-30T14:59:28.529Z</time>
      </trkpt>
      <trkpt lat="18.937517" lon="99.132119">
        <ele>408.861087</ele>
        <time>2025-10-30T14:59:44.012Z</time>
      </trkpt>
      <trkpt lat="18.937784" lon="99.132363">
        <ele>407.978650</ele>
        <time>2025-10-30T15:00:08.612Z</time>
      </trkpt>
      <trkpt lat="18.938108" lon="99.132560">
        <ele>407.044109</ele>
        <time>2025-10-30T15:00:34.599Z</time>
      </trkpt>
      <trkpt lat="18.938297" lon="99.132658">
        <ele>406.517762</ele>
        <time>2025-10-30T15:00:36.490Z</time>
      </trkpt>
      <trkpt lat="18.938481" lon="99.132771">
        <ele>405.970396</ele>
        <time>2025-10-30T15:00:38.438Z</time>
      </trkpt>
      <trkpt lat="18.938587" lon="99.132904">
        <ele>405.523654</ele>
        <time>2025-10-30T15:00:40.023Z</time>
      </trkpt>
      <trkpt lat="18.938652" lon="99.133067">
        <ele>405.069271</ele>
        <time>2025-10-30T15:00:41.686Z</time>
      </trkpt>
      <trkpt lat="18.938612" lon="99.133325">
        <ele>404.397710</ele>
        <time>2025-10-30T15:00:44.144Z</time>
      </trkpt>
      <trkpt lat="18.938442" lon="99.133692">
        <ele>403.348031</ele>
        <time>2025-10-30T15:00:48.320Z</time>
      </trkpt>
      <trkpt lat="18.938284" lon="99.133836">
        <ele>402.781528</ele>
        <time>2025-10-30T15:00:50.915Z</time>
      </trkpt>
      <trkpt lat="18.938163" lon="99.134035">
        <ele>402.173853</ele>
        <time>2025-10-30T15:00:53.747Z</time>
      </trkpt>
      <trkpt lat="18.938138" lon="99.134166">
        <ele>401.830576</ele>
        <time>2025-10-30T15:00:55.255Z</time>
      </trkpt>
      <trkpt lat="18.938162" lon="99.134298">
        <ele>401.485302</ele>
        <time>2025-10-30T15:00:56.811Z</time>
      </trkpt>
      <trkpt lat="18.938269" lon="99.134615">
        <ele>400.816541</ele>
        <time>2025-10-30T15:01:00.740Z</time>
      </trkpt>
      <trkpt lat="18.938271" lon="99.134722">
        <ele>400.623416</ele>
        <time>2025-10-30T15:01:01.932Z</time>
      </trkpt>
      <trkpt lat="18.938225" lon="99.134967">
        <ele>400.172675</ele>
        <time>2025-10-30T15:01:04.522Z</time>
      </trkpt>
      <trkpt lat="18.938111" lon="99.135212">
        <ele>399.679959</ele>
        <time>2025-10-30T15:01:07.181Z</time>
      </trkpt>
      <trkpt lat="18.937953" lon="99.135427">
        <ele>399.188642</ele>
        <time>2025-10-30T15:01:10.083Z</time>
      </trkpt>
      <trkpt lat="18.937856" lon="99.135513">
        <ele>398.947123</ele>
        <time>2025-10-30T15:01:11.569Z</time>
      </trkpt>
      <trkpt lat="18.937118" lon="99.135793">
        <ele>396.424238</ele>
        <time>2025-10-30T15:01:20.427Z</time>
      </trkpt>
      <trkpt lat="18.937016" lon="99.135916">
        <ele>395.363941</ele>
        <time>2025-10-30T15:01:21.984Z</time>
      </trkpt>
      <trkpt lat="18.936854" lon="99.136259">
        <ele>392.878888</ele>
        <time>2025-10-30T15:01:25.386Z</time>
      </trkpt>
      <trkpt lat="18.936657" lon="99.136575">
        <ele>390.425729</ele>
        <time>2025-10-30T15:01:28.540Z</time>
      </trkpt>
      <trkpt lat="18.937626" lon="99.137936">
        <ele>385.193152</ele>
        <time>2025-10-30T15:01:42.429Z</time>
      </trkpt>
      <trkpt lat="18.939976" lon="99.141260">
        <ele>387.258709</ele>
        <time>2025-10-30T15:03:24.277Z</time>
      </trkpt>
      <trkpt lat="18.940473" lon="99.140675">
        <ele>389.293684</ele>
        <time>2025-10-30T15:03:41.547Z</time>
      </trkpt>
      <trkpt lat="18.940778" lon="99.140380">
        <ele>390.760119</ele>
        <time>2025-10-30T15:03:50.359Z</time>
      </trkpt>
      <trkpt lat="18.941154" lon="99.140177">
        <ele>392.257810</ele>
        <time>2025-10-30T15:04:00.000Z</time>
      </trkpt>
      <trkpt lat="18.941797" lon="99.139945">
        <ele>394.667990</ele>
        <time>2025-10-30T15:04:20.945Z</time>
      </trkpt>
      <trkpt lat="18.942216" lon="99.139761">
        <ele>398.317177</ele>
        <time>2025-10-30T15:04:41.450Z</time>
      </trkpt>
      <trkpt lat="18.942386" lon="99.139774">
        <ele>399.948035</ele>
        <time>2025-10-30T15:04:50.498Z</time>
      </trkpt>
      <trkpt lat="18.943699" lon="99.140326">
        <ele>412.233818</ele>
        <time>2025-10-30T15:06:17.739Z</time>
      </trkpt>
      <trkpt lat="18.943916" lon="99.140454">
        <ele>412.129605</ele>
        <time>2025-10-30T15:06:28.744Z</time>
      </trkpt>
      <trkpt lat="18.944213" lon="99.140819">
        <ele>411.938615</ele>
        <time>2025-10-30T15:06:38.679Z</time>
      </trkpt>
      <trkpt lat="18.944304" lon="99.140833">
        <ele>411.900049</ele>
        <time>2025-10-30T15:06:39.660Z</time>
      </trkpt>
      <trkpt lat="18.944383" lon="99.140810">
        <ele>411.865684</ele>
        <time>2025-10-30T15:06:40.506Z</time>
      </trkpt>
      <trkpt lat="18.944468" lon="99.140726">
        <ele>411.816889</ele>
        <time>2025-10-30T15:06:41.639Z</time>
      </trkpt>
      <trkpt lat="18.944549" lon="99.140580">
        <ele>411.749747</ele>
        <time>2025-10-30T15:06:43.121Z</time>
      </trkpt>
      <trkpt lat="18.944655" lon="99.140486">
        <ele>411.691725</ele>
        <time>2025-10-30T15:06:44.359Z</time>
      </trkpt>
      <trkpt lat="18.944776" lon="99.140434">
        <ele>411.636947</ele>
        <time>2025-10-30T15:06:45.510Z</time>
      </trkpt>
      <trkpt lat="18.944939" lon="99.140409">
        <ele>411.567872</ele>
        <time>2025-10-30T15:06:46.947Z</time>
      </trkpt>
      <trkpt lat="18.944996" lon="99.140374">
        <ele>411.540228</ele>
        <time>2025-10-30T15:06:47.518Z</time>
      </trkpt>
      <trkpt lat="18.945223" lon="99.139980">
        <ele>409.816136</ele>
        <time>2025-10-30T15:06:51.397Z</time>
      </trkpt>
      <trkpt lat="18.945410" lon="99.139817">
        <ele>408.814719</ele>
        <time>2025-10-30T15:06:53.602Z</time>
      </trkpt>
      <trkpt lat="18.945645" lon="99.139705">
        <ele>407.749610</ele>
        <time>2025-10-30T15:06:56.053Z</time>
      </trkpt>
      <trkpt lat="18.945872" lon="99.139636">
        <ele>406.773658</ele>
        <time>2025-10-30T15:06:58.471Z</time>
      </trkpt>
      <trkpt lat="18.946092" lon="99.139602">
        <ele>405.854964</ele>
        <time>2025-10-30T15:07:00.867Z</time>
      </trkpt>
      <trkpt lat="18.946197" lon="99.139619">
        <ele>405.416049</ele>
        <time>2025-10-30T15:07:02.050Z</time>
      </trkpt>
      <trkpt lat="18.946481" lon="99.139817">
        <ele>404.106314</ele>
        <time>2025-10-30T15:07:06.264Z</time>
      </trkpt>
      <trkpt lat="18.946582" lon="99.139785">
        <ele>404.140321</ele>
        <time>2025-10-30T15:07:07.835Z</time>
      </trkpt>
      <trkpt lat="18.946659" lon="99.139703">
        <ele>404.175572</ele>
        <time>2025-10-30T15:07:09.562Z</time>
      </trkpt>
      <trkpt lat="18.946729" lon="99.139550">
        <ele>404.227420</ele>
        <time>2025-10-30T15:07:12.259Z</time>
      </trkpt>
      <trkpt lat="18.946725" lon="99.139302">
        <ele>404.303087</ele>
        <time>2025-10-30T15:07:16.024Z</time>
      </trkpt>
      <trkpt lat="18.946773" lon="99.139207">
        <ele>404.335944</ele>
        <time>2025-10-30T15:07:17.503Z</time>
      </trkpt>
      <trkpt lat="18.946887" lon="99.139173">
        <ele>404.374149</ele>
        <time>2025-10-30T15:07:19.316Z</time>
      </trkpt>
      <trkpt lat="18.947666" lon="99.139387">
        <ele>404.633750</ele>
        <time>2025-10-30T15:07:34.688Z</time>
      </trkpt>
      <trkpt lat="18.947941" lon="99.139602">
        <ele>404.073686</ele>
        <time>2025-10-30T15:07:41.449Z</time>
      </trkpt>
      <trkpt lat="18.948044" lon="99.139723">
        <ele>403.607690</ele>
        <time>2025-10-30T15:07:43.869Z</time>
      </trkpt>
      <trkpt lat="18.948077" lon="99.139762">
        <ele>403.457894</ele>
        <time>2025-10-30T15:07:44.494Z</time>
      </trkpt>
      <trkpt lat="18.948218" lon="99.139980">
        <ele>402.701894</ele>
        <time>2025-10-30T15:07:47.340Z</time>
      </trkpt>
      <trkpt lat="18.948356" lon="99.140074">
        <ele>402.205054</ele>
        <time>2025-10-30T15:07:49.011Z</time>
      </trkpt>
      <trkpt lat="18.948429" lon="99.140074">
        <ele>401.984115</ele>
        <time>2025-10-30T15:07:49.720Z</time>
      </trkpt>
      <trkpt lat="18.948470" lon="99.140023">
        <ele>401.792513</ele>
        <time>2025-10-30T15:07:50.332Z</time>
      </trkpt>
      <trkpt lat="18.948541" lon="99.139737">
        <ele>400.946090</ele>
        <time>2025-10-30T15:07:52.944Z</time>
      </trkpt>
      <trkpt lat="18.948557" lon="99.139496">
        <ele>400.254517</ele>
        <time>2025-10-30T15:07:55.026Z</time>
      </trkpt>
      <trkpt lat="18.948947" lon="99.139021">
        <ele>399.317464</ele>
        <time>2025-10-30T15:08:00.507Z</time>
      </trkpt>
      <trkpt lat="18.949136" lon="99.138854">
        <ele>399.395335</ele>
        <time>2025-10-30T15:08:02.988Z</time>
      </trkpt>
      <trkpt lat="18.949490" lon="99.138745">
        <ele>399.511902</ele>
        <time>2025-10-30T15:08:07.789Z</time>
      </trkpt>
      <trkpt lat="18.949970" lon="99.138722">
        <ele>399.663811</ele>
        <time>2025-10-30T15:08:20.564Z</time>
      </trkpt>
      <trkpt lat="18.950432" lon="99.138736">
        <ele>399.810137</ele>
        <time>2025-10-30T15:08:36.925Z</time>
      </trkpt>
      <trkpt lat="18.950735" lon="99.138693">
        <ele>399.910375</ele>
        <time>2025-10-30T15:08:47.238Z</time>
      </trkpt>
      <trkpt lat="18.951100" lon="99.138581">
        <ele>400.034989</ele>
        <time>2025-10-30T15:08:57.520Z</time>
      </trkpt>
      <trkpt lat="18.951595" lon="99.138520">
        <ele>400.198388</ele>
        <time>2025-10-30T15:09:05.648Z</time>
      </trkpt>
      <trkpt lat="18.951696" lon="99.138460">
        <ele>400.236373</ele>
        <time>2025-10-30T15:09:06.986Z</time>
      </trkpt>
      <trkpt lat="18.952057" lon="99.138122">
        <ele>400.388451</ele>
        <time>2025-10-30T15:09:11.750Z</time>
      </trkpt>
      <trkpt lat="18.952503" lon="99.137799">
        <ele>397.022129</ele>
        <time>2025-10-30T15:09:16.815Z</time>
      </trkpt>
      <trkpt lat="18.952640" lon="99.137669">
        <ele>395.875830</ele>
        <time>2025-10-30T15:09:18.535Z</time>
      </trkpt>
      <trkpt lat="18.952623" lon="99.137597">
        <ele>395.438771</ele>
        <time>2025-10-30T15:09:19.178Z</time>
      </trkpt>
      <trkpt lat="18.952541" lon="99.137547">
        <ele>394.849321</ele>
        <time>2025-10-30T15:09:20.047Z</time>
      </trkpt>
      <trkpt lat="18.952440" lon="99.137540">
        <ele>394.219035</ele>
        <time>2025-10-30T15:09:20.968Z</time>
      </trkpt>
      <trkpt lat="18.952284" lon="99.137590">
        <ele>393.203954</ele>
        <time>2025-10-30T15:09:22.426Z</time>
      </trkpt>
      <trkpt lat="18.952255" lon="99.137599">
        <ele>393.015750</ele>
        <time>2025-10-30T15:09:22.694Z</time>
      </trkpt>
      <trkpt lat="18.951794" lon="99.137829">
        <ele>389.841510</ele>
        <time>2025-10-30T15:09:27.197Z</time>
      </trkpt>
      <trkpt lat="18.951598" lon="99.137851">
        <ele>388.586048</ele>
        <time>2025-10-30T15:09:28.924Z</time>
      </trkpt>
      <trkpt lat="18.951555" lon="99.137811">
        <ele>388.212118</ele>
        <time>2025-10-30T15:09:29.440Z</time>
      </trkpt>
      <trkpt lat="18.951561" lon="99.137722">
        <ele>387.661152</ele>
        <time>2025-10-30T15:09:30.191Z</time>
      </trkpt>
      <trkpt lat="18.951771" lon="99.137260">
        <ele>384.495960</ele>
        <time>2025-10-30T15:09:34.531Z</time>
      </trkpt>
      <trkpt lat="18.951868" lon="99.137119">
        <ele>383.419331</ele>
        <time>2025-10-30T15:09:35.994Z</time>
      </trkpt>
      <trkpt lat="18.951837" lon="99.137010">
        <ele>382.716489</ele>
        <time>2025-10-30T15:09:37.339Z</time>
      </trkpt>
      <trkpt lat="18.951824" lon="99.136537">
        <ele>379.794506</ele>
        <time>2025-10-30T15:09:43.038Z</time>
      </trkpt>
      <trkpt lat="18.951820" lon="99.136405">
        <ele>378.978995</ele>
        <time>2025-10-30T15:09:44.734Z</time>
      </trkpt>
      <trkpt lat="18.951820" lon="99.136405">
        <ele>378.978995</ele>
        <time>2025-10-30T15:09:44.759Z</time>
      </trkpt>
      <trkpt lat="18.951820" lon="99.136405">
        <ele>378.978995</ele>
        <time>2025-10-30T15:09:44.759Z</time>
      </trkpt>
      <trkpt lat="18.951889" lon="99.136403">
        <ele>378.528334</ele>
        <time>2025-10-30T15:09:46.039Z</time>
      </trkpt>
      <trkpt lat="18.951892" lon="99.136276">
        <ele>377.743871</ele>
        <time>2025-10-30T15:09:48.268Z</time>
      </trkpt>
      <trkpt lat="18.951890" lon="99.136112">
        <ele>377.487195</ele>
        <time>2025-10-30T15:09:51.144Z</time>
      </trkpt>
      <trkpt lat="18.951900" lon="99.136228">
        <ele>377.523624</ele>
        <time>2025-10-30T15:09:53.186Z</time>
      </trkpt>
      <trkpt lat="18.951901" lon="99.136306">
        <ele>377.548021</ele>
        <time>2025-10-30T15:09:54.554Z</time>
      </trkpt>
      <trkpt lat="18.951898" lon="99.136607">
        <ele>377.642164</ele>
        <time>2025-10-30T15:09:59.830Z</time>
      </trkpt>
      <trkpt lat="18.951899" lon="99.136659">
        <ele>377.658430</ele>
        <time>2025-10-30T15:10:00.742Z</time>
      </trkpt>
      <trkpt lat="18.951905" lon="99.136768">
        <ele>377.692578</ele>
        <time>2025-10-30T15:10:02.655Z</time>
      </trkpt>
      <trkpt lat="18.951909" lon="99.136779">
        <ele>377.696263</ele>
        <time>2025-10-30T15:10:02.862Z</time>
      </trkpt>
      <trkpt lat="18.951912" lon="99.136736">
        <ele>377.709748</ele>
        <time>2025-10-30T15:10:03.618Z</time>
      </trkpt>
      <trkpt lat="18.951907" lon="99.136661">
        <ele>377.733263</ele>
        <time>2025-10-30T15:10:04.936Z</time>
      </trkpt>
      <trkpt lat="18.951883" lon="99.136386">
        <ele>377.819634</ele>
        <time>2025-10-30T15:10:09.777Z</time>
      </trkpt>
      <trkpt lat="18.951895" lon="99.136535">
        <ele>377.866402</ele>
        <time>2025-10-30T15:10:12.398Z</time>
      </trkpt>
      <trkpt lat="18.951824" lon="99.136537">
        <ele>377.889889</ele>
        <time>2025-10-30T15:10:13.715Z</time>
      </trkpt>
      <trkpt lat="18.951824" lon="99.136537">
        <ele>377.889889</ele>
        <time>2025-10-30T15:10:13.761Z</time>
      </trkpt>
      <trkpt lat="18.951820" lon="99.136405">
        <ele>377.931193</ele>
        <time>2025-10-30T15:10:15.942Z</time>
      </trkpt>
      <trkpt lat="18.951784" lon="99.135086">
        <ele>384.971234</ele>
        <time>2025-10-30T15:11:08.718Z</time>
      </trkpt>
      <trkpt lat="18.951819" lon="99.134941">
        <ele>386.057606</ele>
        <time>2025-10-30T15:11:16.041Z</time>
      </trkpt>
      <trkpt lat="18.951799" lon="99.134721">
        <ele>387.662061</ele>
        <time>2025-10-30T15:11:27.623Z</time>
      </trkpt>
      <trkpt lat="18.951823" lon="99.134667">
        <ele>388.095201</ele>
        <time>2025-10-30T15:11:30.926Z</time>
      </trkpt>
      <trkpt lat="18.951881" lon="99.134653">
        <ele>388.551840</ele>
        <time>2025-10-30T15:11:34.222Z</time>
      </trkpt>
      <trkpt lat="18.951998" lon="99.134685">
        <ele>389.479445</ele>
        <time>2025-10-30T15:11:41.718Z</time>
      </trkpt>
      <trkpt lat="18.952208" lon="99.134772">
        <ele>391.210639</ele>
        <time>2025-10-30T15:11:56.401Z</time>
      </trkpt>
      <trkpt lat="18.952310" lon="99.134785">
        <ele>392.088581</ele>
        <time>2025-10-30T15:12:02.796Z</time>
      </trkpt>
      <trkpt lat="18.952392" lon="99.134767">
        <ele>393.119440</ele>
        <time>2025-10-30T15:12:08.580Z</time>
      </trkpt>
      <trkpt lat="18.952795" lon="99.134573">
        <ele>398.569895</ele>
        <time>2025-10-30T15:12:38.277Z</time>
      </trkpt>
      <trkpt lat="18.952924" lon="99.134550">
        <ele>400.180170</ele>
        <time>2025-10-30T15:12:46.104Z</time>
      </trkpt>
      <trkpt lat="18.953079" lon="99.134563">
        <ele>402.094054</ele>
        <time>2025-10-30T15:12:55.489Z</time>
      </trkpt>
      <trkpt lat="18.953208" lon="99.134534">
        <ele>403.717405</ele>
        <time>2025-10-30T15:13:03.659Z</time>
      </trkpt>
      <trkpt lat="18.953467" lon="99.134427">
        <ele>407.140144</ele>
        <time>2025-10-30T15:13:22.037Z</time>
      </trkpt>
      <trkpt lat="18.953982" lon="99.134128">
        <ele>414.318165</ele>
        <time>2025-10-30T15:14:01.958Z</time>
      </trkpt>
      <trkpt lat="18.954159" lon="99.134072">
        <ele>416.270952</ele>
        <time>2025-10-30T15:14:14.497Z</time>
      </trkpt>
      <trkpt lat="18.954357" lon="99.133970">
        <ele>418.598924</ele>
        <time>2025-10-30T15:14:29.244Z</time>
      </trkpt>
      <trkpt lat="18.954440" lon="99.133915">
        <ele>419.634255</ele>
        <time>2025-10-30T15:14:35.595Z</time>
      </trkpt>
      <trkpt lat="18.954515" lon="99.133803">
        <ele>421.006093</ele>
        <time>2025-10-30T15:14:43.896Z</time>
      </trkpt>
      <trkpt lat="18.954577" lon="99.133649">
        <ele>422.679232</ele>
        <time>2025-10-30T15:14:53.585Z</time>
      </trkpt>
      <trkpt lat="18.954694" lon="99.133489">
        <ele>424.700993</ele>
        <time>2025-10-30T15:15:04.756Z</time>
      </trkpt>
      <trkpt lat="18.955121" lon="99.133136">
        <ele>430.430000</ele>
        <time>2025-10-30T15:15:33.225Z</time>
      </trkpt>
      <trkpt lat="18.955327" lon="99.132919">
        <ele>433.303858</ele>
        <time>2025-10-30T15:15:46.609Z</time>
      </trkpt>
      <trkpt lat="18.955499" lon="99.132788">
        <ele>434.653061</ele>
        <time>2025-10-30T15:15:55.825Z</time>
      </trkpt>
      <trkpt lat="18.955700" lon="99.132699">
        <ele>436.040047</ele>
        <time>2025-10-30T15:16:04.882Z</time>
      </trkpt>
      <trkpt lat="18.955910" lon="99.132514">
        <ele>437.779803</ele>
        <time>2025-10-30T15:16:16.029Z</time>
      </trkpt>
      <trkpt lat="18.956641" lon="99.131669">
        <ele>444.670257</ele>
        <time>2025-10-30T15:16:57.032Z</time>
      </trkpt>
      <trkpt lat="18.956833" lon="99.131551">
        <ele>446.064005</ele>
        <time>2025-10-30T15:17:05.115Z</time>
      </trkpt>
      <trkpt lat="18.957037" lon="99.131468">
        <ele>447.435812</ele>
        <time>2025-10-30T15:17:13.067Z</time>
      </trkpt>
      <trkpt lat="18.957229" lon="99.131274">
        <ele>449.102522</ele>
        <time>2025-10-30T15:17:22.959Z</time>
      </trkpt>
      <trkpt lat="18.957324" lon="99.131220">
        <ele>449.779430</ele>
        <time>2025-10-30T15:17:27.023Z</time>
      </trkpt>
      <trkpt lat="18.957622" lon="99.131197">
        <ele>451.654636</ele>
        <time>2025-10-30T15:17:38.645Z</time>
      </trkpt>
      <trkpt lat="18.957899" lon="99.131138">
        <ele>453.427994</ele>
        <time>2025-10-30T15:17:50.021Z</time>
      </trkpt>
      <trkpt lat="18.958028" lon="99.131079">
        <ele>454.310084</ele>
        <time>2025-10-30T15:17:55.949Z</time>
      </trkpt>
      <trkpt lat="18.958579" lon="99.130604">
        <ele>460.272367</ele>
        <time>2025-10-30T15:18:28.693Z</time>
      </trkpt>
      <trkpt lat="18.958872" lon="99.130431">
        <ele>463.420200</ele>
        <time>2025-10-30T15:18:45.735Z</time>
      </trkpt>
      <trkpt lat="18.959274" lon="99.130325">
        <ele>467.306470</ele>
        <time>2025-10-30T15:19:08.022Z</time>
      </trkpt>
      <trkpt lat="18.959570" lon="99.130141">
        <ele>470.527238</ele>
        <time>2025-10-30T15:19:27.609Z</time>
      </trkpt>
      <trkpt lat="18.959999" lon="99.129978">
        <ele>475.005507</ele>
        <time>2025-10-30T15:19:55.139Z</time>
      </trkpt>
      <trkpt lat="18.960377" lon="99.129831">
        <ele>479.131745</ele>
        <time>2025-10-30T15:20:25.494Z</time>
      </trkpt>
      <trkpt lat="18.960748" lon="99.129593">
        <ele>483.577485</ele>
        <time>2025-10-30T15:20:58.002Z</time>
      </trkpt>
      <trkpt lat="18.960910" lon="99.129555">
        <ele>485.277528</ele>
        <time>2025-10-30T15:21:10.019Z</time>
      </trkpt>
      <trkpt lat="18.961159" lon="99.129362">
        <ele>488.440528</ele>
        <time>2025-10-30T15:21:31.005Z</time>
      </trkpt>
      <trkpt lat="18.961351" lon="99.129161">
        <ele>491.087207</ele>
        <time>2025-10-30T15:21:47.523Z</time>
      </trkpt>
      <trkpt lat="18.961641" lon="99.129073">
        <ele>491.998357</ele>
        <time>2025-10-30T15:22:03.705Z</time>
      </trkpt>
      <trkpt lat="18.961838" lon="99.129038">
        <ele>492.601636</ele>
        <time>2025-10-30T15:22:13.181Z</time>
      </trkpt>
      <trkpt lat="18.962029" lon="99.128934">
        <ele>493.250444</ele>
        <time>2025-10-30T15:22:19.512Z</time>
      </trkpt>
      <trkpt lat="18.962466" lon="99.128449">
        <ele>495.163694</ele>
        <time>2025-10-30T15:22:33.222Z</time>
      </trkpt>
      <trkpt lat="18.962772" lon="99.128271">
        <ele>496.218423</ele>
        <time>2025-10-30T15:22:38.325Z</time>
      </trkpt>
      <trkpt lat="18.963302" lon="99.128090">
        <ele>494.995697</ele>
        <time>2025-10-30T15:22:45.445Z</time>
      </trkpt>
      <trkpt lat="18.963667" lon="99.128135">
        <ele>493.854453</ele>
        <time>2025-10-30T15:22:49.795Z</time>
      </trkpt>
      <trkpt lat="18.964240" lon="99.127956">
        <ele>491.998876</ele>
        <time>2025-10-30T15:22:55.927Z</time>
      </trkpt>
      <trkpt lat="18.964405" lon="99.127869">
        <ele>491.426266</ele>
        <time>2025-10-30T15:22:57.644Z</time>
      </trkpt>
      <trkpt lat="18.964697" lon="99.127576">
        <ele>488.445405</ele>
        <time>2025-10-30T15:23:01.213Z</time>
      </trkpt>
      <trkpt lat="18.964791" lon="99.127546">
        <ele>487.393281</ele>
        <time>2025-10-30T15:23:02.059Z</time>
      </trkpt>
      <trkpt lat="18.964887" lon="99.127546">
        <ele>486.364606</ele>
        <time>2025-10-30T15:23:02.884Z</time>
      </trkpt>
      <trkpt lat="18.965229" lon="99.127589">
        <ele>482.674135</ele>
        <time>2025-10-30T15:23:05.805Z</time>
      </trkpt>
      <trkpt lat="18.965552" lon="99.127595">
        <ele>479.212537</ele>
        <time>2025-10-30T15:23:08.522Z</time>
      </trkpt>
      <trkpt lat="18.965884" lon="99.127651">
        <ele>475.610058</ele>
        <time>2025-10-30T15:23:11.353Z</time>
      </trkpt>
      <trkpt lat="18.966064" lon="99.127652">
        <ele>473.681266</ele>
        <time>2025-10-30T15:23:12.867Z</time>
      </trkpt>
      <trkpt lat="18.966202" lon="99.127624">
        <ele>472.175568</ele>
        <time>2025-10-30T15:23:14.058Z</time>
      </trkpt>
      <trkpt lat="18.966404" lon="99.127570">
        <ele>469.969527</ele>
        <time>2025-10-30T15:23:15.831Z</time>
      </trkpt>
      <trkpt lat="18.966610" lon="99.127611">
        <ele>467.759206</ele>
        <time>2025-10-30T15:23:17.618Z</time>
      </trkpt>
      <trkpt lat="18.966689" lon="99.127584">
        <ele>466.883755</ele>
        <time>2025-10-30T15:23:18.328Z</time>
      </trkpt>
      <trkpt lat="18.966785" lon="99.127509">
        <ele>465.625158</ele>
        <time>2025-10-30T15:23:19.357Z</time>
      </trkpt>
      <trkpt lat="18.967358" lon="99.126863">
        <ele>456.793132</ele>
        <time>2025-10-30T15:23:26.520Z</time>
      </trkpt>
      <trkpt lat="18.967439" lon="99.126814">
        <ele>455.809130</ele>
        <time>2025-10-30T15:23:27.317Z</time>
      </trkpt>
      <trkpt lat="18.967558" lon="99.126820">
        <ele>454.552902</ele>
        <time>2025-10-30T15:23:28.342Z</time>
      </trkpt>
      <trkpt lat="18.967754" lon="99.126911">
        <ele>452.441856</ele>
        <time>2025-10-30T15:23:30.182Z</time>
      </trkpt>
      <trkpt lat="18.967960" lon="99.126945">
        <ele>451.167427</ele>
        <time>2025-10-30T15:23:31.990Z</time>
      </trkpt>
      <trkpt lat="18.968169" lon="99.126912">
        <ele>449.875743</ele>
        <time>2025-10-30T15:23:33.842Z</time>
      </trkpt>
      <trkpt lat="18.968278" lon="99.126833">
        <ele>449.067994</ele>
        <time>2025-10-30T15:23:35.009Z</time>
      </trkpt>
      <trkpt lat="18.968411" lon="99.126649">
        <ele>447.729251</ele>
        <time>2025-10-30T15:23:36.958Z</time>
      </trkpt>
      <trkpt lat="18.968461" lon="99.126502">
        <ele>446.826210</ele>
        <time>2025-10-30T15:23:38.293Z</time>
      </trkpt>
      <trkpt lat="18.968512" lon="99.125760">
        <ele>442.525682</ele>
        <time>2025-10-30T15:23:45.114Z</time>
      </trkpt>
      <trkpt lat="18.968558" lon="99.125518">
        <ele>441.632890</ele>
        <time>2025-10-30T15:23:47.625Z</time>
      </trkpt>
      <trkpt lat="18.968732" lon="99.125170">
        <ele>441.565768</ele>
        <time>2025-10-30T15:23:51.719Z</time>
      </trkpt>
      <trkpt lat="18.968826" lon="99.125057">
        <ele>441.540107</ele>
        <time>2025-10-30T15:23:53.335Z</time>
      </trkpt>
      <trkpt lat="18.968928" lon="99.125152">
        <ele>441.515599</ele>
        <time>2025-10-30T15:23:55.586Z</time>
      </trkpt>
      <trkpt lat="18.969196" lon="99.125280">
        <ele>441.462577</ele>
        <time>2025-10-30T15:24:00.764Z</time>
      </trkpt>
      <trkpt lat="18.969303" lon="99.125285">
        <ele>441.443265</ele>
        <time>2025-10-30T15:24:02.782Z</time>
      </trkpt>
      <trkpt lat="18.969399" lon="99.125289">
        <ele>441.425943</ele>
        <time>2025-10-30T15:24:04.708Z</time>
      </trkpt>
      <trkpt lat="18.969935" lon="99.125194">
        <ele>441.327951</ele>
        <time>2025-10-30T15:24:19.325Z</time>
      </trkpt>
      <trkpt lat="18.970454" lon="99.125023">
        <ele>443.073674</ele>
        <time>2025-10-30T15:24:40.480Z</time>
      </trkpt>
      <trkpt lat="18.970787" lon="99.124963">
        <ele>444.196282</ele>
        <time>2025-10-30T15:24:55.094Z</time>
      </trkpt>
      <trkpt lat="18.971047" lon="99.124937">
        <ele>445.064193</ele>
        <time>2025-10-30T15:25:05.464Z</time>
      </trkpt>
      <trkpt lat="18.971258" lon="99.124945">
        <ele>445.765859</ele>
        <time>2025-10-30T15:25:13.043Z</time>
      </trkpt>
      <trkpt lat="18.971704" lon="99.125031">
        <ele>447.272489</ele>
        <time>2025-10-30T15:25:26.149Z</time>
      </trkpt>
      <trkpt lat="18.971834" lon="99.125091">
        <ele>446.789114</ele>
        <time>2025-10-30T15:25:29.326Z</time>
      </trkpt>
      <trkpt lat="18.972054" lon="99.125134">
        <ele>445.925250</ele>
        <time>2025-10-30T15:25:33.489Z</time>
      </trkpt>
      <trkpt lat="18.972248" lon="99.125109">
        <ele>445.170626</ele>
        <time>2025-10-30T15:25:36.723Z</time>
      </trkpt>
      <trkpt lat="18.972451" lon="99.125023">
        <ele>444.326228</ele>
        <time>2025-10-30T15:25:40.003Z</time>
      </trkpt>
      <trkpt lat="18.972776" lon="99.124748">
        <ele>442.719019</ele>
        <time>2025-10-30T15:25:45.733Z</time>
      </trkpt>
      <trkpt lat="18.972946" lon="99.124568">
        <ele>441.790108</ele>
        <time>2025-10-30T15:25:48.907Z</time>
      </trkpt>
      <trkpt lat="18.973101" lon="99.124362">
        <ele>440.828856</ele>
        <time>2025-10-30T15:25:52.096Z</time>
      </trkpt>
      <trkpt lat="18.973466" lon="99.123692">
        <ele>433.013712</ele>
        <time>2025-10-30T15:26:01.049Z</time>
      </trkpt>
      <trkpt lat="18.973620" lon="99.123486">
        <ele>430.019655</ele>
        <time>2025-10-30T15:26:03.999Z</time>
      </trkpt>
      <trkpt lat="18.973872" lon="99.123263">
        <ele>426.057781</ele>
        <time>2025-10-30T15:26:07.851Z</time>
      </trkpt>
      <trkpt lat="18.974277" lon="99.123040">
        <ele>420.552409</ele>
        <time>2025-10-30T15:26:13.189Z</time>
      </trkpt>
      <trkpt lat="18.974683" lon="99.122903">
        <ele>417.216453</ele>
        <time>2025-10-30T15:26:18.189Z</time>
      </trkpt>
      <trkpt lat="18.974846" lon="99.122885">
        <ele>416.333938</ele>
        <time>2025-10-30T15:26:20.128Z</time>
      </trkpt>
      <trkpt lat="18.975008" lon="99.122903">
        <ele>415.456780</ele>
        <time>2025-10-30T15:26:22.095Z</time>
      </trkpt>
      <trkpt lat="18.975227" lon="99.122980">
        <ele>414.214005</ele>
        <time>2025-10-30T15:26:24.948Z</time>
      </trkpt>
      <trkpt lat="18.975324" lon="99.123031">
        <ele>413.630667</ele>
        <time>2025-10-30T15:26:26.342Z</time>
      </trkpt>
      <trkpt lat="18.975636" lon="99.123289">
        <ele>411.497873</ele>
        <time>2025-10-30T15:26:31.942Z</time>
      </trkpt>
      <trkpt lat="18.975859" lon="99.123555">
        <ele>409.687679</ele>
        <time>2025-10-30T15:26:40.263Z</time>
      </trkpt>
      <trkpt lat="18.975974" lon="99.123718">
        <ele>409.746543</ele>
        <time>2025-10-30T15:26:47.763Z</time>
      </trkpt>
      <trkpt lat="18.976315" lon="99.124104">
        <ele>415.884649</ele>
        <time>2025-10-30T15:27:15.526Z</time>
      </trkpt>
      <trkpt lat="18.976656" lon="99.124302">
        <ele>420.664956</ele>
        <time>2025-10-30T15:27:44.207Z</time>
      </trkpt>
      <trkpt lat="18.976867" lon="99.124379">
        <ele>423.407759</ele>
        <time>2025-10-30T15:28:03.155Z</time>
      </trkpt>
      <trkpt lat="18.977078" lon="99.124542">
        <ele>426.618666</ele>
        <time>2025-10-30T15:28:26.846Z</time>
      </trkpt>
      <trkpt lat="18.977841" lon="99.125220">
        <ele>440.459701</ele>
        <time>2025-10-30T15:29:54.071Z</time>
      </trkpt>
      <trkpt lat="18.977995" lon="99.125280">
        <ele>442.889879</ele>
        <time>2025-10-30T15:30:07.021Z</time>
      </trkpt>
      <trkpt lat="18.978109" lon="99.125263">
        <ele>444.594619</ele>
        <time>2025-10-30T15:30:15.924Z</time>
      </trkpt>
      <trkpt lat="18.978303" lon="99.125083">
        <ele>448.416217</ele>
        <time>2025-10-30T15:30:35.838Z</time>
      </trkpt>
      <trkpt lat="18.978466" lon="99.125049">
        <ele>450.876321</ele>
        <time>2025-10-30T15:30:48.314Z</time>
      </trkpt>
      <trkpt lat="18.978952" lon="99.125018">
        <ele>458.099483</ele>
        <time>2025-10-30T15:31:23.757Z</time>
      </trkpt>
      <trkpt lat="18.979521" lon="99.124963">
        <ele>466.877414</ele>
        <time>2025-10-30T15:32:06.214Z</time>
      </trkpt>
      <trkpt lat="18.980292" lon="99.124551">
        <ele>480.148589</ele>
        <time>2025-10-30T15:33:21.635Z</time>
      </trkpt>
      <trkpt lat="18.980852" lon="99.124431">
        <ele>488.095684</ele>
        <time>2025-10-30T15:34:12.259Z</time>
      </trkpt>
      <trkpt lat="18.981355" lon="99.124285">
        <ele>494.245835</ele>
        <time>2025-10-30T15:34:54.817Z</time>
      </trkpt>
      <trkpt lat="18.981753" lon="99.124224">
        <ele>498.987627</ele>
        <time>2025-10-30T15:35:22.344Z</time>
      </trkpt>
      <trkpt lat="18.982205" lon="99.124213">
        <ele>504.318507</ele>
        <time>2025-10-30T15:35:47.176Z</time>
      </trkpt>
      <trkpt lat="18.982719" lon="99.124139">
        <ele>508.207720</ele>
        <time>2025-10-30T15:36:09.352Z</time>
      </trkpt>
      <trkpt lat="18.982913" lon="99.124079">
        <ele>509.221043</ele>
        <time>2025-10-30T15:36:17.052Z</time>
      </trkpt>
      <trkpt lat="18.983344" lon="99.123890">
        <ele>511.560184</ele>
        <time>2025-10-30T15:36:34.267Z</time>
      </trkpt>
      <trkpt lat="18.983766" lon="99.123812">
        <ele>513.707873</ele>
        <time>2025-10-30T15:36:50.726Z</time>
      </trkpt>
      <trkpt lat="18.983976" lon="99.123800">
        <ele>514.762205</ele>
        <time>2025-10-30T15:36:59.097Z</time>
      </trkpt>
      <trkpt lat="18.984317" lon="99.123847">
        <ele>516.217699</ele>
        <time>2025-10-30T15:37:12.738Z</time>
      </trkpt>
      <trkpt lat="18.984512" lon="99.123924">
        <ele>516.952901</ele>
        <time>2025-10-30T15:37:20.902Z</time>
      </trkpt>
      <trkpt lat="18.984675" lon="99.124036">
        <ele>517.639482</ele>
        <time>2025-10-30T15:37:28.332Z</time>
      </trkpt>
      <trkpt lat="18.984731" lon="99.124036">
        <ele>517.837278</ele>
        <time>2025-10-30T15:37:30.471Z</time>
      </trkpt>
      <trkpt lat="18.984931" lon="99.123911">
        <ele>518.657840</ele>
        <time>2025-10-30T15:37:38.963Z</time>
      </trkpt>
      <trkpt lat="18.985097" lon="99.123847">
        <ele>519.281913</ele>
        <time>2025-10-30T15:37:44.994Z</time>
      </trkpt>
      <trkpt lat="18.985291" lon="99.123821">
        <ele>519.972616</ele>
        <time>2025-10-30T15:37:51.297Z</time>
      </trkpt>
      <trkpt lat="18.985543" lon="99.123838">
        <ele>520.864507</ele>
        <time>2025-10-30T15:37:58.810Z</time>
      </trkpt>
      <trkpt lat="18.985778" lon="99.123984">
        <ele>521.827182</ele>
        <time>2025-10-30T15:38:06.567Z</time>
      </trkpt>
      <trkpt lat="18.986168" lon="99.124439">
        <ele>522.980881</ele>
        <time>2025-10-30T15:38:23.319Z</time>
      </trkpt>
      <trkpt lat="18.986444" lon="99.124594">
        <ele>523.576157</ele>
        <time>2025-10-30T15:38:32.187Z</time>
      </trkpt>
      <trkpt lat="18.986736" lon="99.124671">
        <ele>524.149410</ele>
        <time>2025-10-30T15:38:40.451Z</time>
      </trkpt>
      <trkpt lat="18.986898" lon="99.124748">
        <ele>524.487734</ele>
        <time>2025-10-30T15:38:45.229Z</time>
      </trkpt>
      <trkpt lat="18.987123" lon="99.124941">
        <ele>525.039591</ele>
        <time>2025-10-30T15:38:52.896Z</time>
      </trkpt>
      <trkpt lat="18.987251" lon="99.125054">
        <ele>525.357297</ele>
        <time>2025-10-30T15:38:57.309Z</time>
      </trkpt>
      <trkpt lat="18.987334" lon="99.125154">
        <ele>525.631602</ele>
        <time>2025-10-30T15:39:00.663Z</time>
      </trkpt>
      <trkpt lat="18.987362" lon="99.125220">
        <ele>525.780729</ele>
        <time>2025-10-30T15:39:02.492Z</time>
      </trkpt>
      <trkpt lat="18.987239" lon="99.125547">
        <ele>526.506228</ele>
        <time>2025-10-30T15:39:11.417Z</time>
      </trkpt>
      <trkpt lat="18.987239" lon="99.125684">
        <ele>526.788658</ele>
        <time>2025-10-30T15:39:14.908Z</time>
      </trkpt>
      <trkpt lat="18.987256" lon="99.125752">
        <ele>526.933658</ele>
        <time>2025-10-30T15:39:16.712Z</time>
      </trkpt>
      <trkpt lat="18.987460" lon="99.126023">
        <ele>527.647746</ele>
        <time>2025-10-30T15:39:25.765Z</time>
      </trkpt>
      <trkpt lat="18.987634" lon="99.126292">
        <ele>528.319632</ele>
        <time>2025-10-30T15:39:34.859Z</time>
      </trkpt>
      <trkpt lat="18.988061" lon="99.127023">
        <ele>530.244822</ele>
        <time>2025-10-30T15:40:01.201Z</time>
      </trkpt>
      <trkpt lat="18.988132" lon="99.127151">
        <ele>530.608638</ele>
        <time>2025-10-30T15:40:05.899Z</time>
      </trkpt>
      <trkpt lat="18.988327" lon="99.127340">
        <ele>531.294430</ele>
        <time>2025-10-30T15:40:14.667Z</time>
      </trkpt>
      <trkpt lat="18.988522" lon="99.127477">
        <ele>531.901407</ele>
        <time>2025-10-30T15:40:22.252Z</time>
      </trkpt>
      <trkpt lat="18.989171" lon="99.127847">
        <ele>533.813005</ele>
        <time>2025-10-30T15:40:44.156Z</time>
      </trkpt>
      <trkpt lat="18.989387" lon="99.127927">
        <ele>533.962101</ele>
        <time>2025-10-30T15:40:50.196Z</time>
      </trkpt>
      <trkpt lat="18.989635" lon="99.127995">
        <ele>533.991898</ele>
        <time>2025-10-30T15:40:56.509Z</time>
      </trkpt>
      <trkpt lat="18.990162" lon="99.128093">
        <ele>534.054131</ele>
        <time>2025-10-30T15:41:08.267Z</time>
      </trkpt>
      <trkpt lat="18.990778" lon="99.128207">
        <ele>534.126864</ele>
        <time>2025-10-30T15:41:19.599Z</time>
      </trkpt>
      <trkpt lat="18.991246" lon="99.128241">
        <ele>533.835534</ele>
        <time>2025-10-30T15:41:27.279Z</time>
      </trkpt>
      <trkpt lat="18.991476" lon="99.128241">
        <ele>533.563779</ele>
        <time>2025-10-30T15:41:30.990Z</time>
      </trkpt>
      <trkpt lat="18.991711" lon="99.128087">
        <ele>533.237133</ele>
        <time>2025-10-30T15:41:35.410Z</time>
      </trkpt>
      <trkpt lat="18.991855" lon="99.127915">
        <ele>532.980472</ele>
        <time>2025-10-30T15:41:38.879Z</time>
      </trkpt>
      <trkpt lat="18.992369" lon="99.127074">
        <ele>532.152206</ele>
        <time>2025-10-30T15:41:55.202Z</time>
      </trkpt>
      <trkpt lat="18.992742" lon="99.126542">
        <ele>532.726526</ele>
        <time>2025-10-30T15:42:09.739Z</time>
      </trkpt>
      <trkpt lat="18.992985" lon="99.126053">
        <ele>533.205564</ele>
        <time>2025-10-30T15:42:23.531Z</time>
      </trkpt>
      <trkpt lat="18.993091" lon="99.125915">
        <ele>533.359742</ele>
        <time>2025-10-30T15:42:28.114Z</time>
      </trkpt>
      <trkpt lat="18.993229" lon="99.125795">
        <ele>533.523588</ele>
        <time>2025-10-30T15:42:32.983Z</time>
      </trkpt>
      <trkpt lat="18.993456" lon="99.125701">
        <ele>533.775216</ele>
        <time>2025-10-30T15:42:39.580Z</time>
      </trkpt>
      <trkpt lat="18.993854" lon="99.125589">
        <ele>534.299348</ele>
        <time>2025-10-30T15:42:50.461Z</time>
      </trkpt>
      <trkpt lat="18.994081" lon="99.125546">
        <ele>534.592833</ele>
        <time>2025-10-30T15:42:56.370Z</time>
      </trkpt>
      <trkpt lat="18.994178" lon="99.125557">
        <ele>534.716986</ele>
        <time>2025-10-30T15:42:58.814Z</time>
      </trkpt>
      <trkpt lat="18.995112" lon="99.125804">
        <ele>535.942222</ele>
        <time>2025-10-30T15:43:22.440Z</time>
      </trkpt>
      <trkpt lat="18.995761" lon="99.125864">
        <ele>536.528212</ele>
        <time>2025-10-30T15:43:38.132Z</time>
      </trkpt>
      <trkpt lat="18.996037" lon="99.125847">
        <ele>536.774133</ele>
        <time>2025-10-30T15:43:44.698Z</time>
      </trkpt>
      <trkpt lat="18.997051" lon="99.125718">
        <ele>537.644784</ele>
        <time>2025-10-30T15:44:08.861Z</time>
      </trkpt>
      <trkpt lat="18.997433" lon="99.125787">
        <ele>537.879847</ele>
        <time>2025-10-30T15:44:17.870Z</time>
      </trkpt>
      <trkpt lat="18.997952" lon="99.125924">
        <ele>538.204313</ele>
        <time>2025-10-30T15:44:30.139Z</time>
      </trkpt>
      <trkpt lat="18.998204" lon="99.125941">
        <ele>538.357478</ele>
        <time>2025-10-30T15:44:35.781Z</time>
      </trkpt>
      <trkpt lat="18.998593" lon="99.125933">
        <ele>538.593477</ele>
        <time>2025-10-30T15:44:44.264Z</time>
      </trkpt>
      <trkpt lat="18.999025" lon="99.125885">
        <ele>538.536918</ele>
        <time>2025-10-30T15:44:53.476Z</time>
      </trkpt>
      <trkpt lat="18.999193" lon="99.125802">
        <ele>538.471415</ele>
        <time>2025-10-30T15:44:57.256Z</time>
      </trkpt>
      <trkpt lat="18.999465" lon="99.125672">
        <ele>538.365972</ele>
        <time>2025-10-30T15:45:03.222Z</time>
      </trkpt>
      <trkpt lat="18.999689" lon="99.125641">
        <ele>538.286167</ele>
        <time>2025-10-30T15:45:07.565Z</time>
      </trkpt>
      <trkpt lat="18.999884" lon="99.125675">
        <ele>538.216352</ele>
        <time>2025-10-30T15:45:11.241Z</time>
      </trkpt>
      <trkpt lat="19.000549" lon="99.125864">
        <ele>537.929460</ele>
        <time>2025-10-30T15:45:23.410Z</time>
      </trkpt>
      <trkpt lat="19.001263" lon="99.126010">
        <ele>537.429997</ele>
        <time>2025-10-30T15:45:35.468Z</time>
      </trkpt>
      <trkpt lat="19.001961" lon="99.126018">
        <ele>536.950576</ele>
        <time>2025-10-30T15:45:47.775Z</time>
      </trkpt>
      <trkpt lat="19.002331" lon="99.125945">
        <ele>537.027831</ele>
        <time>2025-10-30T15:45:55.822Z</time>
      </trkpt>
      <trkpt lat="19.002813" lon="99.125692">
        <ele>538.008181</ele>
        <time>2025-10-30T15:46:09.526Z</time>
      </trkpt>
      <trkpt lat="19.003276" lon="99.125323">
        <ele>539.064394</ele>
        <time>2025-10-30T15:46:26.667Z</time>
      </trkpt>
      <trkpt lat="19.003406" lon="99.125254">
        <ele>539.329391</ele>
        <time>2025-10-30T15:46:31.202Z</time>
      </trkpt>
      <trkpt lat="19.004315" lon="99.125066">
        <ele>541.833936</ele>
        <time>2025-10-30T15:46:59.972Z</time>
      </trkpt>
      <trkpt lat="19.004607" lon="99.124980">
        <ele>542.858189</ele>
        <time>2025-10-30T15:47:09.584Z</time>
      </trkpt>
      <trkpt lat="19.005110" lon="99.124765">
        <ele>544.691455</ele>
        <time>2025-10-30T15:47:27.951Z</time>
      </trkpt>
      <trkpt lat="19.005418" lon="99.124568">
        <ele>545.907746</ele>
        <time>2025-10-30T15:47:41.159Z</time>
      </trkpt>
      <trkpt lat="19.005857" lon="99.124224">
        <ele>548.015275</ele>
        <time>2025-10-30T15:48:02.508Z</time>
      </trkpt>
      <trkpt lat="19.006384" lon="99.123770">
        <ele>550.683641</ele>
        <time>2025-10-30T15:48:28.916Z</time>
      </trkpt>
      <trkpt lat="19.006634" lon="99.123605">
        <ele>551.840513</ele>
        <time>2025-10-30T15:48:39.717Z</time>
      </trkpt>
      <trkpt lat="19.007788" lon="99.123203">
        <ele>554.038104</ele>
        <time>2025-10-30T15:49:15.189Z</time>
      </trkpt>
      <trkpt lat="19.008022" lon="99.123155">
        <ele>554.268078</ele>
        <time>2025-10-30T15:49:20.297Z</time>
      </trkpt>
      <trkpt lat="19.009281" lon="99.122937">
        <ele>554.262020</ele>
        <time>2025-10-30T15:49:43.451Z</time>
      </trkpt>
      <trkpt lat="19.009565" lon="99.122808">
        <ele>553.905774</ele>
        <time>2025-10-30T15:49:48.758Z</time>
      </trkpt>
      <trkpt lat="19.010815" lon="99.122147">
        <ele>551.809367</ele>
        <time>2025-10-30T15:50:11.858Z</time>
      </trkpt>
      <trkpt lat="19.011836" lon="99.121820">
        <ele>549.527106</ele>
        <time>2025-10-30T15:50:28.220Z</time>
      </trkpt>
      <trkpt lat="19.012535" lon="99.121581">
        <ele>547.929582</ele>
        <time>2025-10-30T15:50:39.249Z</time>
      </trkpt>
      <trkpt lat="19.012852" lon="99.121383">
        <ele>547.122708</ele>
        <time>2025-10-30T15:50:44.874Z</time>
      </trkpt>
      <trkpt lat="19.013152" lon="99.121143">
        <ele>546.298300</ele>
        <time>2025-10-30T15:50:50.688Z</time>
      </trkpt>
      <trkpt lat="19.014801" lon="99.120023">
        <ele>543.573840</ele>
        <time>2025-10-30T15:51:22.389Z</time>
      </trkpt>
      <trkpt lat="19.016698" lon="99.118706">
        <ele>544.380833</ele>
        <time>2025-10-30T15:52:14.936Z</time>
      </trkpt>
      <trkpt lat="19.016885" lon="99.118637">
        <ele>544.574041</ele>
        <time>2025-10-30T15:52:19.790Z</time>
      </trkpt>
      <trkpt lat="19.017031" lon="99.118637">
        <ele>544.716470</ele>
        <time>2025-10-30T15:52:23.324Z</time>
      </trkpt>
      <trkpt lat="19.017193" lon="99.118671">
        <ele>544.877589</ele>
        <time>2025-10-30T15:52:27.301Z</time>
      </trkpt>
      <trkpt lat="19.017372" lon="99.118757">
        <ele>545.069381</ele>
        <time>2025-10-30T15:52:31.977Z</time>
      </trkpt>
      <trkpt lat="19.017493" lon="99.118826">
        <ele>545.203483</ele>
        <time>2025-10-30T15:52:35.288Z</time>
      </trkpt>
      <trkpt lat="19.017639" lon="99.118980">
        <ele>545.404629</ele>
        <time>2025-10-30T15:52:40.241Z</time>
      </trkpt>
      <trkpt lat="19.017850" lon="99.119298">
        <ele>545.762943</ele>
        <time>2025-10-30T15:52:49.068Z</time>
      </trkpt>
      <trkpt lat="19.017972" lon="99.119538">
        <ele>546.014261</ele>
        <time>2025-10-30T15:52:55.094Z</time>
      </trkpt>
      <trkpt lat="19.018126" lon="99.119924">
        <ele>546.616747</ele>
        <time>2025-10-30T15:53:04.832Z</time>
      </trkpt>
      <trkpt lat="19.018402" lon="99.120731">
        <ele>547.917994</ele>
        <time>2025-10-30T15:53:26.920Z</time>
      </trkpt>
      <trkpt lat="19.018840" lon="99.121684">
        <ele>549.365695</ele>
        <time>2025-10-30T15:53:54.984Z</time>
      </trkpt>
      <trkpt lat="19.019400" lon="99.122534">
        <ele>550.502043</ele>
        <time>2025-10-30T15:54:18.928Z</time>
      </trkpt>
      <trkpt lat="19.019822" lon="99.123306">
        <ele>551.620542</ele>
        <time>2025-10-30T15:54:38.069Z</time>
      </trkpt>
      <trkpt lat="19.019960" lon="99.123469">
        <ele>551.936499</ele>
        <time>2025-10-30T15:54:43.118Z</time>
      </trkpt>
      <trkpt lat="19.020285" lon="99.123744">
        <ele>552.572191</ele>
        <time>2025-10-30T15:54:53.725Z</time>
      </trkpt>
      <trkpt lat="19.020674" lon="99.123915">
        <ele>553.215613</ele>
        <time>2025-10-30T15:55:05.340Z</time>
      </trkpt>
      <trkpt lat="19.020845" lon="99.123941">
        <ele>553.479481</ele>
        <time>2025-10-30T15:55:10.330Z</time>
      </trkpt>
      <trkpt lat="19.020957" lon="99.123930">
        <ele>553.651285</ele>
        <time>2025-10-30T15:55:13.673Z</time>
      </trkpt>
      <trkpt lat="19.021356" lon="99.123855">
        <ele>554.552080</ele>
        <time>2025-10-30T15:55:26.029Z</time>
      </trkpt>
      <trkpt lat="19.021640" lon="99.123735">
        <ele>555.289807</ele>
        <time>2025-10-30T15:55:35.573Z</time>
      </trkpt>
      <trkpt lat="19.021762" lon="99.123632">
        <ele>555.666356</ele>
        <time>2025-10-30T15:55:40.429Z</time>
      </trkpt>
      <trkpt lat="19.021883" lon="99.123478">
        <ele>556.123022</ele>
        <time>2025-10-30T15:55:46.268Z</time>
      </trkpt>
      <trkpt lat="19.021948" lon="99.123358">
        <ele>556.438426</ele>
        <time>2025-10-30T15:55:50.230Z</time>
      </trkpt>
      <trkpt lat="19.022086" lon="99.123203">
        <ele>556.923990</ele>
        <time>2025-10-30T15:55:56.269Z</time>
      </trkpt>
      <trkpt lat="19.022243" lon="99.123091">
        <ele>557.380801</ele>
        <time>2025-10-30T15:56:01.918Z</time>
      </trkpt>
      <trkpt lat="19.022532" lon="99.122946">
        <ele>558.143202</ele>
        <time>2025-10-30T15:56:11.393Z</time>
      </trkpt>
      <trkpt lat="19.024050" lon="99.122551">
        <ele>560.747381</ele>
        <time>2025-10-30T15:56:53.716Z</time>
      </trkpt>
      <trkpt lat="19.024342" lon="99.122439">
        <ele>561.180201</ele>
        <time>2025-10-30T15:57:01.394Z</time>
      </trkpt>
      <trkpt lat="19.025088" lon="99.122062">
        <ele>561.758463</ele>
        <time>2025-10-30T15:57:21.236Z</time>
      </trkpt>
      <trkpt lat="19.025362" lon="99.121882">
        <ele>561.984057</ele>
        <time>2025-10-30T15:57:28.602Z</time>
      </trkpt>
      <trkpt lat="19.025567" lon="99.121710">
        <ele>562.167068</ele>
        <time>2025-10-30T15:57:34.496Z</time>
      </trkpt>
      <trkpt lat="19.026241" lon="99.120903">
        <ele>561.779522</ele>
        <time>2025-10-30T15:57:54.952Z</time>
      </trkpt>
      <trkpt lat="19.027855" lon="99.119315">
        <ele>558.812941</ele>
        <time>2025-10-30T15:58:31.485Z</time>
      </trkpt>
      <trkpt lat="19.028001" lon="99.119221">
        <ele>558.498471</ele>
        <time>2025-10-30T15:58:34.130Z</time>
      </trkpt>
      <trkpt lat="19.028107" lon="99.119195">
        <ele>558.298267</ele>
        <time>2025-10-30T15:58:35.793Z</time>
      </trkpt>
      <trkpt lat="19.028391" lon="99.119066">
        <ele>557.729599</ele>
        <time>2025-10-30T15:58:40.501Z</time>
      </trkpt>
      <trkpt lat="19.028634" lon="99.118920">
        <ele>557.143751</ele>
        <time>2025-10-30T15:58:44.718Z</time>
      </trkpt>
      <trkpt lat="19.028764" lon="99.118783">
        <ele>556.738014</ele>
        <time>2025-10-30T15:58:47.471Z</time>
      </trkpt>
      <trkpt lat="19.029170" lon="99.118113">
        <ele>555.074553</ele>
        <time>2025-10-30T15:58:58.728Z</time>
      </trkpt>
      <trkpt lat="19.029494" lon="99.117736">
        <ele>554.009581</ele>
        <time>2025-10-30T15:59:06.245Z</time>
      </trkpt>
      <trkpt lat="19.029705" lon="99.117607">
        <ele>553.614652</ele>
        <time>2025-10-30T15:59:10.250Z</time>
      </trkpt>
      <trkpt lat="19.029827" lon="99.117564">
        <ele>553.662824</ele>
        <time>2025-10-30T15:59:12.445Z</time>
      </trkpt>
      <trkpt lat="19.029957" lon="99.117555">
        <ele>553.711627</ele>
        <time>2025-10-30T15:59:14.746Z</time>
      </trkpt>
      <trkpt lat="19.030103" lon="99.117564">
        <ele>553.766412</ele>
        <time>2025-10-30T15:59:17.460Z</time>
      </trkpt>
      <trkpt lat="19.030768" lon="99.117710">
        <ele>554.020834</ele>
        <time>2025-10-30T15:59:32.383Z</time>
      </trkpt>
      <trkpt lat="19.031067" lon="99.117750">
        <ele>554.133734</ele>
        <time>2025-10-30T15:59:40.254Z</time>
      </trkpt>
      <trkpt lat="19.032099" lon="99.117770">
        <ele>555.309370</ele>
        <time>2025-10-30T16:00:08.172Z</time>
      </trkpt>
      <trkpt lat="19.032434" lon="99.117712">
        <ele>555.833390</ele>
        <time>2025-10-30T16:00:16.941Z</time>
      </trkpt>
      <trkpt lat="19.032502" lon="99.117697">
        <ele>555.940619</ele>
        <time>2025-10-30T16:00:18.739Z</time>
      </trkpt>
      <trkpt lat="19.032960" lon="99.117586">
        <ele>556.665951</ele>
        <time>2025-10-30T16:00:30.826Z</time>
      </trkpt>
      <trkpt lat="19.033186" lon="99.117547">
        <ele>557.019439</ele>
        <time>2025-10-30T16:00:36.783Z</time>
      </trkpt>
      <trkpt lat="19.033316" lon="99.117573">
        <ele>557.330974</ele>
        <time>2025-10-30T16:00:40.258Z</time>
      </trkpt>
      <trkpt lat="19.033430" lon="99.117633">
        <ele>557.645013</ele>
        <time>2025-10-30T16:00:43.689Z</time>
      </trkpt>
      <trkpt lat="19.033811" lon="99.117976">
        <ele>558.878908</ele>
        <time>2025-10-30T16:00:58.193Z</time>
      </trkpt>
      <trkpt lat="19.033990" lon="99.118105">
        <ele>559.413094</ele>
        <time>2025-10-30T16:01:04.908Z</time>
      </trkpt>
      <trkpt lat="19.034484" lon="99.118362">
        <ele>560.770827</ele>
        <time>2025-10-30T16:01:22.735Z</time>
      </trkpt>
      <trkpt lat="19.034663" lon="99.118431">
        <ele>561.240697</ele>
        <time>2025-10-30T16:01:28.856Z</time>
      </trkpt>
      <trkpt lat="19.035377" lon="99.118611">
        <ele>562.895581</ele>
        <time>2025-10-30T16:01:51.739Z</time>
      </trkpt>
      <trkpt lat="19.036067" lon="99.118843">
        <ele>564.504594</ele>
        <time>2025-10-30T16:02:12.279Z</time>
      </trkpt>
      <trkpt lat="19.036188" lon="99.118903">
        <ele>564.801575</ele>
        <time>2025-10-30T16:02:15.914Z</time>
      </trkpt>
      <trkpt lat="19.036286" lon="99.118989">
        <ele>565.084549</ele>
        <time>2025-10-30T16:02:19.306Z</time>
      </trkpt>
      <trkpt lat="19.036472" lon="99.119221">
        <ele>565.726591</ele>
        <time>2025-10-30T16:02:26.978Z</time>
      </trkpt>
      <trkpt lat="19.036545" lon="99.119366">
        <ele>566.075882</ele>
        <time>2025-10-30T16:02:31.209Z</time>
      </trkpt>
      <trkpt lat="19.036724" lon="99.119959">
        <ele>567.399419</ele>
        <time>2025-10-30T16:02:47.838Z</time>
      </trkpt>
      <trkpt lat="19.036854" lon="99.120087">
        <ele>567.798867</ele>
        <time>2025-10-30T16:02:53.171Z</time>
      </trkpt>
      <trkpt lat="19.036959" lon="99.120156">
        <ele>568.076888</ele>
        <time>2025-10-30T16:02:56.961Z</time>
      </trkpt>
      <trkpt lat="19.037365" lon="99.120302">
        <ele>569.041373</ele>
        <time>2025-10-30T16:03:10.163Z</time>
      </trkpt>
      <trkpt lat="19.037706" lon="99.120371">
        <ele>569.868265</ele>
        <time>2025-10-30T16:03:20.641Z</time>
      </trkpt>
      <trkpt lat="19.037965" lon="99.120328">
        <ele>570.548569</ele>
        <time>2025-10-30T16:03:28.696Z</time>
      </trkpt>
      <trkpt lat="19.038127" lon="99.120216">
        <ele>571.050755</ele>
        <time>2025-10-30T16:03:34.642Z</time>
      </trkpt>
      <trkpt lat="19.038419" lon="99.119839">
        <ele>572.246293</ele>
        <time>2025-10-30T16:03:48.710Z</time>
      </trkpt>
      <trkpt lat="19.038533" lon="99.119727">
        <ele>572.650008</ele>
        <time>2025-10-30T16:03:53.374Z</time>
      </trkpt>
      <trkpt lat="19.039409" lon="99.119032">
        <ele>575.920957</ele>
        <time>2025-10-30T16:04:27.002Z</time>
      </trkpt>
      <trkpt lat="19.039539" lon="99.118912">
        <ele>576.516459</ele>
        <time>2025-10-30T16:04:32.664Z</time>
      </trkpt>
      <trkpt lat="19.039612" lon="99.118809">
        <ele>576.936483</ele>
        <time>2025-10-30T16:04:36.678Z</time>
      </trkpt>
      <trkpt lat="19.039677" lon="99.118663">
        <ele>577.463025</ele>
        <time>2025-10-30T16:04:41.725Z</time>
      </trkpt>
      <trkpt lat="19.039791" lon="99.118165">
        <ele>579.134815</ele>
        <time>2025-10-30T16:04:58.104Z</time>
      </trkpt>
      <trkpt lat="19.040026" lon="99.117315">
        <ele>583.058613</ele>
        <time>2025-10-30T16:05:30.381Z</time>
      </trkpt>
      <trkpt lat="19.040083" lon="99.117221">
        <ele>583.654755</ele>
        <time>2025-10-30T16:05:34.877Z</time>
      </trkpt>
      <trkpt lat="19.040148" lon="99.117178">
        <ele>584.087671</ele>
        <time>2025-10-30T16:05:38.165Z</time>
      </trkpt>
      <trkpt lat="19.040383" lon="99.117126">
        <ele>585.443434</ele>
        <time>2025-10-30T16:05:48.660Z</time>
      </trkpt>
      <trkpt lat="19.040732" lon="99.117135">
        <ele>587.414820</ele>
        <time>2025-10-30T16:06:04.359Z</time>
      </trkpt>
      <trkpt lat="19.041089" lon="99.117109">
        <ele>589.435568</ele>
        <time>2025-10-30T16:06:20.846Z</time>
      </trkpt>
      <trkpt lat="19.041598" lon="99.116856">
        <ele>592.307028</ele>
        <time>2025-10-30T16:06:47.010Z</time>
      </trkpt>
      <trkpt lat="19.041843" lon="99.116766">
        <ele>593.554823</ele>
        <time>2025-10-30T16:06:58.515Z</time>
      </trkpt>
      <trkpt lat="19.042241" lon="99.116766">
        <ele>595.469691</ele>
        <time>2025-10-30T16:07:14.833Z</time>
      </trkpt>
      <trkpt lat="19.042476" lon="99.116809">
        <ele>596.617118</ele>
        <time>2025-10-30T16:07:24.011Z</time>
      </trkpt>
      <trkpt lat="19.042785" lon="99.116886">
        <ele>598.144474</ele>
        <time>2025-10-30T16:07:35.599Z</time>
      </trkpt>
      <trkpt lat="19.043823" lon="99.117306">
        <ele>599.760190</ele>
        <time>2025-10-30T16:08:07.642Z</time>
      </trkpt>
      <trkpt lat="19.044042" lon="99.117341">
        <ele>599.897387</ele>
        <time>2025-10-30T16:08:12.255Z</time>
      </trkpt>
      <trkpt lat="19.044310" lon="99.117358">
        <ele>600.063695</ele>
        <time>2025-10-30T16:08:17.375Z</time>
      </trkpt>
      <trkpt lat="19.044545" lon="99.117332">
        <ele>600.210057</ele>
        <time>2025-10-30T16:08:21.438Z</time>
      </trkpt>
      <trkpt lat="19.044675" lon="99.117306">
        <ele>600.292011</ele>
        <time>2025-10-30T16:08:23.585Z</time>
      </trkpt>
      <trkpt lat="19.044771" lon="99.117258">
        <ele>600.136454</ele>
        <time>2025-10-30T16:08:25.268Z</time>
      </trkpt>
      <trkpt lat="19.044845" lon="99.117221">
        <ele>599.864831</ele>
        <time>2025-10-30T16:08:26.544Z</time>
      </trkpt>
      <trkpt lat="19.045089" lon="99.116980">
        <ele>598.757037</ele>
        <time>2025-10-30T16:08:31.526Z</time>
      </trkpt>
      <trkpt lat="19.046841" lon="99.114586">
        <ele>588.578699</ele>
        <time>2025-10-30T16:09:11.862Z</time>
      </trkpt>
      <trkpt lat="19.046987" lon="99.114448">
        <ele>587.842128</ele>
        <time>2025-10-30T16:09:14.628Z</time>
      </trkpt>
      <trkpt lat="19.047085" lon="99.114388">
        <ele>587.463156</ele>
        <time>2025-10-30T16:09:16.232Z</time>
      </trkpt>
      <trkpt lat="19.047409" lon="99.114260">
        <ele>586.519421</ele>
        <time>2025-10-30T16:09:21.307Z</time>
      </trkpt>
      <trkpt lat="19.047911" lon="99.114194">
        <ele>585.139071</ele>
        <time>2025-10-30T16:09:29.108Z</time>
      </trkpt>
      <trkpt lat="19.048082" lon="99.114174">
        <ele>584.669619</ele>
        <time>2025-10-30T16:09:31.860Z</time>
      </trkpt>
      <trkpt lat="19.048318" lon="99.114011">
        <ele>583.900554</ele>
        <time>2025-10-30T16:09:36.293Z</time>
      </trkpt>
      <trkpt lat="19.048707" lon="99.113436">
        <ele>581.678181</ele>
        <time>2025-10-30T16:09:46.444Z</time>
      </trkpt>
      <trkpt lat="19.049228" lon="99.112876">
        <ele>578.310955</ele>
        <time>2025-10-30T16:09:56.664Z</time>
      </trkpt>
      <trkpt lat="19.049851" lon="99.112294">
        <ele>574.542940</ele>
        <time>2025-10-30T16:10:07.567Z</time>
      </trkpt>
      <trkpt lat="19.051961" lon="99.110588">
        <ele>565.026273</ele>
        <time>2025-10-30T16:10:44.794Z</time>
      </trkpt>
      <trkpt lat="19.054125" lon="99.108856">
        <ele>562.288760</ele>
        <time>2025-10-30T16:11:35.877Z</time>
      </trkpt>
      <trkpt lat="19.054287" lon="99.108796">
        <ele>562.133802</ele>
        <time>2025-10-30T16:11:39.184Z</time>
      </trkpt>
      <trkpt lat="19.054392" lon="99.108805">
        <ele>562.027399</ele>
        <time>2025-10-30T16:11:41.191Z</time>
      </trkpt>
      <trkpt lat="19.054514" lon="99.108865">
        <ele>561.891509</ele>
        <time>2025-10-30T16:11:43.714Z</time>
      </trkpt>
      <trkpt lat="19.054685" lon="99.109054">
        <ele>561.641727</ele>
        <time>2025-10-30T16:11:48.278Z</time>
      </trkpt>
      <trkpt lat="19.055457" lon="99.110226">
        <ele>560.196024</ele>
        <time>2025-10-30T16:12:10.974Z</time>
      </trkpt>
      <trkpt lat="19.055601" lon="99.110427">
        <ele>559.846582</ele>
        <time>2025-10-30T16:12:14.821Z</time>
      </trkpt>
      <trkpt lat="19.055764" lon="99.110495">
        <ele>559.589747</ele>
        <time>2025-10-30T16:12:17.653Z</time>
      </trkpt>
      <trkpt lat="19.055910" lon="99.110470">
        <ele>559.372951</ele>
        <time>2025-10-30T16:12:20.057Z</time>
      </trkpt>
      <trkpt lat="19.056396" lon="99.110204">
        <ele>558.570873</ele>
        <time>2025-10-30T16:12:28.989Z</time>
      </trkpt>
      <trkpt lat="19.057143" lon="99.109783">
        <ele>557.286465</ele>
        <time>2025-10-30T16:12:43.215Z</time>
      </trkpt>
      <trkpt lat="19.058433" lon="99.109122">
        <ele>554.998807</ele>
        <time>2025-10-30T16:13:06.711Z</time>
      </trkpt>
      <trkpt lat="19.059439" lon="99.108805">
        <ele>552.647591</ele>
        <time>2025-10-30T16:13:22.814Z</time>
      </trkpt>
      <trkpt lat="19.061345" lon="99.108247">
        <ele>548.658512</ele>
        <time>2025-10-30T16:13:53.239Z</time>
      </trkpt>
      <trkpt lat="19.063122" lon="99.107792">
        <ele>546.525779</ele>
        <time>2025-10-30T16:14:24.932Z</time>
      </trkpt>
      <trkpt lat="19.064227" lon="99.107419">
        <ele>545.421759</ele>
        <time>2025-10-30T16:14:46.619Z</time>
      </trkpt>
      <trkpt lat="19.064476" lon="99.107285">
        <ele>545.122508</ele>
        <time>2025-10-30T16:14:51.517Z</time>
      </trkpt>
      <trkpt lat="19.064752" lon="99.107079">
        <ele>544.760694</ele>
        <time>2025-10-30T16:14:57.179Z</time>
      </trkpt>
      <trkpt lat="19.068204" lon="99.104247">
        <ele>538.481878</ele>
        <time>2025-10-30T16:16:08.335Z</time>
      </trkpt>
      <trkpt lat="19.068563" lon="99.103949">
        <ele>538.422787</ele>
        <time>2025-10-30T16:16:17.049Z</time>
      </trkpt>
      <trkpt lat="19.069969" lon="99.102778">
        <ele>538.137855</ele>
        <time>2025-10-30T16:16:55.454Z</time>
      </trkpt>
      <trkpt lat="19.071485" lon="99.101517">
        <ele>536.805783</ele>
        <time>2025-10-30T16:17:31.359Z</time>
      </trkpt>
      <trkpt lat="19.071648" lon="99.101398">
        <ele>536.522807</ele>
        <time>2025-10-30T16:17:34.588Z</time>
      </trkpt>
      <trkpt lat="19.071785" lon="99.101320">
        <ele>536.300504</ele>
        <time>2025-10-30T16:17:37.082Z</time>
      </trkpt>
      <trkpt lat="19.071867" lon="99.101303">
        <ele>536.181105</ele>
        <time>2025-10-30T16:17:38.383Z</time>
      </trkpt>
      <trkpt lat="19.074018" lon="99.101312">
        <ele>532.723744</ele>
        <time>2025-10-30T16:18:11.318Z</time>
      </trkpt>
      <trkpt lat="19.078862" lon="99.101281">
        <ele>537.482772</ele>
        <time>2025-10-30T16:20:10.984Z</time>
      </trkpt>
      <trkpt lat="19.081069" lon="99.101259">
        <ele>541.004758</ele>
        <time>2025-10-30T16:21:13.487Z</time>
      </trkpt>
      <trkpt lat="19.081615" lon="99.101253">
        <ele>541.573571</ele>
        <time>2025-10-30T16:21:26.839Z</time>
      </trkpt>
      <trkpt lat="19.082617" lon="99.101250">
        <ele>541.035994</ele>
        <time>2025-10-30T16:21:46.045Z</time>
      </trkpt>
      <trkpt lat="19.083019" lon="99.101264">
        <ele>540.820203</ele>
        <time>2025-10-30T16:21:52.632Z</time>
      </trkpt>
      <trkpt lat="19.084436" lon="99.099667">
        <ele>537.540158</ele>
        <time>2025-10-30T16:22:15.679Z</time>
      </trkpt>
      <trkpt lat="19.084920" lon="99.099120">
        <ele>536.720561</ele>
        <time>2025-10-30T16:22:24.023Z</time>
      </trkpt>
      <trkpt lat="19.086644" lon="99.097016">
        <ele>534.086812</ele>
        <time>2025-10-30T16:22:56.425Z</time>
      </trkpt>
      <trkpt lat="19.087101" lon="99.096365">
        <ele>533.370308</ele>
        <time>2025-10-30T16:23:06.431Z</time>
      </trkpt>
      <trkpt lat="19.087680" lon="99.095371">
        <ele>532.319526</ele>
        <time>2025-10-30T16:23:20.330Z</time>
      </trkpt>
      <trkpt lat="19.090207" lon="99.091033">
        <ele>524.751000</ele>
        <time>2025-10-30T16:24:14.143Z</time>
      </trkpt>
      <trkpt lat="19.090465" lon="99.090458">
        <ele>524.103304</ele>
        <time>2025-10-30T16:24:22.612Z</time>
      </trkpt>
      <trkpt lat="19.090657" lon="99.089885">
        <ele>523.848786</ele>
        <time>2025-10-30T16:24:31.637Z</time>
      </trkpt>
      <trkpt lat="19.090699" lon="99.089652">
        <ele>523.794364</ele>
        <time>2025-10-30T16:24:35.242Z</time>
      </trkpt>
      <trkpt lat="19.090718" lon="99.089548">
        <ele>523.770061</ele>
        <time>2025-10-30T16:24:36.839Z</time>
      </trkpt>
      <trkpt lat="19.091390" lon="99.085841">
        <ele>522.266122</ele>
        <time>2025-10-30T16:25:23.718Z</time>
      </trkpt>
      <trkpt lat="19.091488" lon="99.085444">
        <ele>522.136700</ele>
        <time>2025-10-30T16:25:28.805Z</time>
      </trkpt>
      <trkpt lat="19.091674" lon="99.085025">
        <ele>521.990686</ele>
        <time>2025-10-30T16:25:34.862Z</time>
      </trkpt>
      <trkpt lat="19.091866" lon="99.084782">
        <ele>521.935349</ele>
        <time>2025-10-30T16:25:39.272Z</time>
      </trkpt>
      <trkpt lat="19.092194" lon="99.084565">
        <ele>522.111684</ele>
        <time>2025-10-30T16:25:45.362Z</time>
      </trkpt>
      <trkpt lat="19.093305" lon="99.084007">
        <ele>522.672282</ele>
        <time>2025-10-30T16:26:07.240Z</time>
      </trkpt>
      <trkpt lat="19.093592" lon="99.083855">
        <ele>522.463200</ele>
        <time>2025-10-30T16:26:12.743Z</time>
      </trkpt>
      <trkpt lat="19.094161" lon="99.083553">
        <ele>521.595355</ele>
        <time>2025-10-30T16:26:21.748Z</time>
      </trkpt>
      <trkpt lat="19.094625" lon="99.083277">
        <ele>520.869677</ele>
        <time>2025-10-30T16:26:27.868Z</time>
      </trkpt>
      <trkpt lat="19.095189" lon="99.082807">
        <ele>518.960238</ele>
        <time>2025-10-30T16:26:35.082Z</time>
      </trkpt>
      <trkpt lat="19.096199" lon="99.082017">
        <ele>513.123660</ele>
        <time>2025-10-30T16:26:46.970Z</time>
      </trkpt>
      <trkpt lat="19.096879" lon="99.081678">
        <ele>508.811924</ele>
        <time>2025-10-30T16:26:53.936Z</time>
      </trkpt>
      <trkpt lat="19.098569" lon="99.081231">
        <ele>497.481595</ele>
        <time>2025-10-30T16:27:09.695Z</time>
      </trkpt>
      <trkpt lat="19.098853" lon="99.081108">
        <ele>495.306557</ele>
        <time>2025-10-30T16:27:12.437Z</time>
      </trkpt>
      <trkpt lat="19.099119" lon="99.080905">
        <ele>492.982038</ele>
        <time>2025-10-30T16:27:15.362Z</time>
      </trkpt>
      <trkpt lat="19.099454" lon="99.080530">
        <ele>489.525654</ele>
        <time>2025-10-30T16:27:19.707Z</time>
      </trkpt>
      <trkpt lat="19.099609" lon="99.080280">
        <ele>487.546729</ele>
        <time>2025-10-30T16:27:22.232Z</time>
      </trkpt>
      <trkpt lat="19.099764" lon="99.079766">
        <ele>484.220688</ele>
        <time>2025-10-30T16:27:26.833Z</time>
      </trkpt>
      <trkpt lat="19.099775" lon="99.079360">
        <ele>481.716832</ele>
        <time>2025-10-30T16:27:30.334Z</time>
      </trkpt>
      <trkpt lat="19.099721" lon="99.077917">
        <ele>471.670219</ele>
        <time>2025-10-30T16:27:42.809Z</time>
      </trkpt>
      <trkpt lat="19.099712" lon="99.077684">
        <ele>469.730196</ele>
        <time>2025-10-30T16:27:44.753Z</time>
      </trkpt>
      <trkpt lat="19.100358" lon="99.077683">
        <ele>464.042814</ele>
        <time>2025-10-30T16:27:50.333Z</time>
      </trkpt>
      <trkpt lat="19.101262" lon="99.077682">
        <ele>455.567060</ele>
        <time>2025-10-30T16:27:58.021Z</time>
      </trkpt>
      <trkpt lat="19.102071" lon="99.077712">
        <ele>447.556428</ele>
        <time>2025-10-30T16:28:04.990Z</time>
      </trkpt>
      <trkpt lat="19.102623" lon="99.077761">
        <ele>442.147463</ele>
        <time>2025-10-30T16:28:09.818Z</time>
      </trkpt>
      <trkpt lat="19.102997" lon="99.077846">
        <ele>439.089043</ele>
        <time>2025-10-30T16:28:13.169Z</time>
      </trkpt>
      <trkpt lat="19.104570" lon="99.078464">
        <ele>426.390256</ele>
        <time>2025-10-30T16:28:28.029Z</time>
      </trkpt>
      <trkpt lat="19.104895" lon="99.078549">
        <ele>424.513071</ele>
        <time>2025-10-30T16:28:31.081Z</time>
      </trkpt>
      <trkpt lat="19.106338" lon="99.078481">
        <ele>416.713569</ele>
        <time>2025-10-30T16:28:44.809Z</time>
      </trkpt>
      <trkpt lat="19.107441" lon="99.078386">
        <ele>411.690622</ele>
        <time>2025-10-30T16:28:55.472Z</time>
      </trkpt>
      <trkpt lat="19.107814" lon="99.078378">
        <ele>409.997268</ele>
        <time>2025-10-30T16:28:59.022Z</time>
      </trkpt>
      <trkpt lat="19.108224" lon="99.078407">
        <ele>408.580688</ele>
        <time>2025-10-30T16:29:02.916Z</time>
      </trkpt>
      <trkpt lat="19.108844" lon="99.078582">
        <ele>406.440620</ele>
        <time>2025-10-30T16:29:09.119Z</time>
      </trkpt>
      <trkpt lat="19.109288" lon="99.078767">
        <ele>404.849183</ele>
        <time>2025-10-30T16:29:14.011Z</time>
      </trkpt>
      <trkpt lat="19.109848" lon="99.079099">
        <ele>403.657600</ele>
        <time>2025-10-30T16:29:21.685Z</time>
      </trkpt>
      <trkpt lat="19.110880" lon="99.079884">
        <ele>403.023327</ele>
        <time>2025-10-30T16:29:42.098Z</time>
      </trkpt>
      <trkpt lat="19.111172" lon="99.080051">
        <ele>402.607586</ele>
        <time>2025-10-30T16:29:46.113Z</time>
      </trkpt>
      <trkpt lat="19.111291" lon="99.080079">
        <ele>402.327177</ele>
        <time>2025-10-30T16:29:47.488Z</time>
      </trkpt>
      <trkpt lat="19.111497" lon="99.080055">
        <ele>401.850468</ele>
        <time>2025-10-30T16:29:49.728Z</time>
      </trkpt>
      <trkpt lat="19.111577" lon="99.080000">
        <ele>401.631032</ele>
        <time>2025-10-30T16:29:50.750Z</time>
      </trkpt>
      <trkpt lat="19.111690" lon="99.079873">
        <ele>401.251886</ele>
        <time>2025-10-30T16:29:52.460Z</time>
      </trkpt>
      <trkpt lat="19.111764" lon="99.079691">
        <ele>400.821251</ele>
        <time>2025-10-30T16:29:54.367Z</time>
      </trkpt>
      <trkpt lat="19.111871" lon="99.079195">
        <ele>399.715486</ele>
        <time>2025-10-30T16:29:59.175Z</time>
      </trkpt>
      <trkpt lat="19.112040" lon="99.078275">
        <ele>398.376923</ele>
        <time>2025-10-30T16:30:08.671Z</time>
      </trkpt>
      <trkpt lat="19.112121" lon="99.077856">
        <ele>398.031634</ele>
        <time>2025-10-30T16:30:15.828Z</time>
      </trkpt>
      <trkpt lat="19.112183" lon="99.077537">
        <ele>397.768696</ele>
        <time>2025-10-30T16:30:21.719Z</time>
      </trkpt>
      <trkpt lat="19.112248" lon="99.077125">
        <ele>397.431462</ele>
        <time>2025-10-30T16:30:29.992Z</time>
      </trkpt>
      <trkpt lat="19.112379" lon="99.076528">
        <ele>397.242269</ele>
        <time>2025-10-30T16:30:42.569Z</time>
      </trkpt>
      <trkpt lat="19.112603" lon="99.075678">
        <ele>397.218439</ele>
        <time>2025-10-30T16:30:58.902Z</time>
      </trkpt>
      <trkpt lat="19.112752" lon="99.075183">
        <ele>397.204410</ele>
        <time>2025-10-30T16:31:08.457Z</time>
      </trkpt>
      <trkpt lat="19.113061" lon="99.074842">
        <ele>397.163439</ele>
        <time>2025-10-30T16:31:17.198Z</time>
      </trkpt>
      <trkpt lat="19.113718" lon="99.074203">
        <ele>397.064441</ele>
        <time>2025-10-30T16:31:36.948Z</time>
      </trkpt>
      <trkpt lat="19.113918" lon="99.074042">
        <ele>397.036562</ele>
        <time>2025-10-30T16:31:42.003Z</time>
      </trkpt>
      <trkpt lat="19.114351" lon="99.073536">
        <ele>396.323217</ele>
        <time>2025-10-30T16:31:53.260Z</time>
      </trkpt>
      <trkpt lat="19.114383" lon="99.073245">
        <ele>395.758186</ele>
        <time>2025-10-30T16:31:57.670Z</time>
      </trkpt>
      <trkpt lat="19.114285" lon="99.072163">
        <ele>393.661798</ele>
        <time>2025-10-30T16:32:12.930Z</time>
      </trkpt>
      <trkpt lat="19.114478" lon="99.071498">
        <ele>393.153302</ele>
        <time>2025-10-30T16:32:23.370Z</time>
      </trkpt>
      <trkpt lat="19.114667" lon="99.071099">
        <ele>393.002351</ele>
        <time>2025-10-30T16:32:31.222Z</time>
      </trkpt>
      <trkpt lat="19.115408" lon="99.069524">
        <ele>392.872052</ele>
        <time>2025-10-30T16:33:10.102Z</time>
      </trkpt>
      <trkpt lat="19.115825" lon="99.068648">
        <ele>393.092172</ele>
        <time>2025-10-30T16:33:28.689Z</time>
      </trkpt>
      <trkpt lat="19.115960" lon="99.068292">
        <ele>392.928343</ele>
        <time>2025-10-30T16:33:35.299Z</time>
      </trkpt>
      <trkpt lat="19.116023" lon="99.068001">
        <ele>392.735329</ele>
        <time>2025-10-30T16:33:40.449Z</time>
      </trkpt>
      <trkpt lat="19.116115" lon="99.067572">
        <ele>392.450916</ele>
        <time>2025-10-30T16:33:47.987Z</time>
      </trkpt>
      <trkpt lat="19.116133" lon="99.067447">
        <ele>392.369167</ele>
        <time>2025-10-30T16:33:50.129Z</time>
      </trkpt>
      <trkpt lat="19.116186" lon="99.067307">
        <ele>392.271659</ele>
        <time>2025-10-30T16:33:52.669Z</time>
      </trkpt>
      <trkpt lat="19.116278" lon="99.067181">
        <ele>392.168708</ele>
        <time>2025-10-30T16:33:55.358Z</time>
      </trkpt>
      <trkpt lat="19.116591" lon="99.067005">
        <ele>391.926185</ele>
        <time>2025-10-30T16:34:01.595Z</time>
      </trkpt>
      <trkpt lat="19.117777" lon="99.066660">
        <ele>390.819751</ele>
        <time>2025-10-30T16:34:22.958Z</time>
      </trkpt>
      <trkpt lat="19.117940" lon="99.066558">
        <ele>390.647214</ele>
        <time>2025-10-30T16:34:26.386Z</time>
      </trkpt>
      <trkpt lat="19.118067" lon="99.066433">
        <ele>390.489191</ele>
        <time>2025-10-30T16:34:29.527Z</time>
      </trkpt>
      <trkpt lat="19.118171" lon="99.066259">
        <ele>390.311937</ele>
        <time>2025-10-30T16:34:33.053Z</time>
      </trkpt>
      <trkpt lat="19.118253" lon="99.066032">
        <ele>390.057088</ele>
        <time>2025-10-30T16:34:37.097Z</time>
      </trkpt>
      <trkpt lat="19.118276" lon="99.065967">
        <ele>389.978073</ele>
        <time>2025-10-30T16:34:38.355Z</time>
      </trkpt>
      <trkpt lat="19.119287" lon="99.063176">
        <ele>386.823919</ele>
        <time>2025-10-30T16:35:25.678Z</time>
      </trkpt>
      <trkpt lat="19.119638" lon="99.062542">
        <ele>386.348270</ele>
        <time>2025-10-30T16:35:38.220Z</time>
      </trkpt>
      <trkpt lat="19.119960" lon="99.062098">
        <ele>386.643918</ele>
        <time>2025-10-30T16:35:49.683Z</time>
      </trkpt>
      <trkpt lat="19.120318" lon="99.061730">
        <ele>386.922918</ele>
        <time>2025-10-30T16:36:01.817Z</time>
      </trkpt>
      <trkpt lat="19.121048" lon="99.061045">
        <ele>386.983134</ele>
        <time>2025-10-30T16:36:25.940Z</time>
      </trkpt>
      <trkpt lat="19.121593" lon="99.060396">
        <ele>386.294674</ele>
        <time>2025-10-30T16:36:41.190Z</time>
      </trkpt>
      <trkpt lat="19.122333" lon="99.059207">
        <ele>384.566296</ele>
        <time>2025-10-30T16:37:01.660Z</time>
      </trkpt>
      <trkpt lat="19.122524" lon="99.058816">
        <ele>383.868098</ele>
        <time>2025-10-30T16:37:08.010Z</time>
      </trkpt>
      <trkpt lat="19.122555" lon="99.058710">
        <ele>383.692089</ele>
        <time>2025-10-30T16:37:09.679Z</time>
      </trkpt>
      <trkpt lat="19.122588" lon="99.058592">
        <ele>383.496889</ele>
        <time>2025-10-30T16:37:11.581Z</time>
      </trkpt>
      <trkpt lat="19.122731" lon="99.058092">
        <ele>382.833606</ele>
        <time>2025-10-30T16:37:20.506Z</time>
      </trkpt>
      <trkpt lat="19.122790" lon="99.057977">
        <ele>383.071603</ele>
        <time>2025-10-30T16:37:23.134Z</time>
      </trkpt>
      <trkpt lat="19.122871" lon="99.057912">
        <ele>383.267271</ele>
        <time>2025-10-30T16:37:25.467Z</time>
      </trkpt>
      <trkpt lat="19.122977" lon="99.057881">
        <ele>383.478960</ele>
        <time>2025-10-30T16:37:28.137Z</time>
      </trkpt>
      <trkpt lat="19.123074" lon="99.057904">
        <ele>383.670306</ele>
        <time>2025-10-30T16:37:30.681Z</time>
      </trkpt>
      <trkpt lat="19.123144" lon="99.057952">
        <ele>383.830859</ele>
        <time>2025-10-30T16:37:32.938Z</time>
      </trkpt>
      <trkpt lat="19.123263" lon="99.058088">
        <ele>384.167980</ele>
        <time>2025-10-30T16:37:37.906Z</time>
      </trkpt>
      <trkpt lat="19.124411" lon="99.059643">
        <ele>386.996120</ele>
        <time>2025-10-30T16:38:37.073Z</time>
      </trkpt>
      <trkpt lat="19.124520" lon="99.059795">
        <ele>387.172742</ele>
        <time>2025-10-30T16:38:41.428Z</time>
      </trkpt>
      <trkpt lat="19.124691" lon="99.059907">
        <ele>387.369742</ele>
        <time>2025-10-30T16:38:45.813Z</time>
      </trkpt>
      <trkpt lat="19.124879" lon="99.059929">
        <ele>387.555038</ele>
        <time>2025-10-30T16:38:49.553Z</time>
      </trkpt>
      <trkpt lat="19.125175" lon="99.059843">
        <ele>387.855739</ele>
        <time>2025-10-30T16:38:55.009Z</time>
      </trkpt>
      <trkpt lat="19.126137" lon="99.059375">
        <ele>386.355258</ele>
        <time>2025-10-30T16:39:11.461Z</time>
      </trkpt>
      <trkpt lat="19.126211" lon="99.059339">
        <ele>386.215770</ele>
        <time>2025-10-30T16:39:12.723Z</time>
      </trkpt>
      <trkpt lat="19.126537" lon="99.059181">
        <ele>385.601672</ele>
        <time>2025-10-30T16:39:16.659Z</time>
      </trkpt>
      <trkpt lat="19.126752" lon="99.059031">
        <ele>385.160637</ele>
        <time>2025-10-30T16:39:19.583Z</time>
      </trkpt>
      <trkpt lat="19.127138" lon="99.058644">
        <ele>384.980383</ele>
        <time>2025-10-30T16:39:26.000Z</time>
      </trkpt>
      <trkpt lat="19.127267" lon="99.058408">
        <ele>385.043468</ele>
        <time>2025-10-30T16:39:29.478Z</time>
      </trkpt>
      <trkpt lat="19.127497" lon="99.057852">
        <ele>385.183905</ele>
        <time>2025-10-30T16:39:39.233Z</time>
      </trkpt>
      <trkpt lat="19.127584" lon="99.057641">
        <ele>385.237172</ele>
        <time>2025-10-30T16:39:43.399Z</time>
      </trkpt>
      <trkpt lat="19.127666" lon="99.057529">
        <ele>385.269957</ele>
        <time>2025-10-30T16:39:46.047Z</time>
      </trkpt>
      <trkpt lat="19.127734" lon="99.057504">
        <ele>385.287586</ele>
        <time>2025-10-30T16:39:47.498Z</time>
      </trkpt>
      <trkpt lat="19.127840" lon="99.057533">
        <ele>385.314398</ele>
        <time>2025-10-30T16:39:49.748Z</time>
      </trkpt>
      <trkpt lat="19.128212" lon="99.057754">
        <ele>385.685649</ele>
        <time>2025-10-30T16:39:58.646Z</time>
      </trkpt>
      <trkpt lat="19.128586" lon="99.057952">
        <ele>386.093760</ele>
        <time>2025-10-30T16:40:07.484Z</time>
      </trkpt>
      <trkpt lat="19.129248" lon="99.058303">
        <ele>386.816355</ele>
        <time>2025-10-30T16:40:21.880Z</time>
      </trkpt>
      <trkpt lat="19.129334" lon="99.057424">
        <ele>386.301443</ele>
        <time>2025-10-30T16:40:38.117Z</time>
      </trkpt>
      <trkpt lat="19.129417" lon="99.056520">
        <ele>385.100540</ele>
        <time>2025-10-30T16:40:52.056Z</time>
      </trkpt>
      <trkpt lat="19.129428" lon="99.056450">
        <ele>385.006714</ele>
        <time>2025-10-30T16:40:53.080Z</time>
      </trkpt>
      <trkpt lat="19.129514" lon="99.055967">
        <ele>384.102197</ele>
        <time>2025-10-30T16:41:00.028Z</time>
      </trkpt>
      <trkpt lat="19.129675" lon="99.055099">
        <ele>381.519981</ele>
        <time>2025-10-30T16:41:12.243Z</time>
      </trkpt>
      <trkpt lat="19.129673" lon="99.054983">
        <ele>381.181300</ele>
        <time>2025-10-30T16:41:13.845Z</time>
      </trkpt>
      <trkpt lat="19.129666" lon="99.054876">
        <ele>380.868200</ele>
        <time>2025-10-30T16:41:15.307Z</time>
      </trkpt>
      <trkpt lat="19.129635" lon="99.054707">
        <ele>380.365647</ele>
        <time>2025-10-30T16:41:17.655Z</time>
      </trkpt>
      <trkpt lat="19.129573" lon="99.054544">
        <ele>379.852706</ele>
        <time>2025-10-30T16:41:20.063Z</time>
      </trkpt>
      <trkpt lat="19.129047" lon="99.053409">
        <ele>376.375544</ele>
        <time>2025-10-30T16:41:37.394Z</time>
      </trkpt>
      <trkpt lat="19.128983" lon="99.053173">
        <ele>375.712466</ele>
        <time>2025-10-30T16:41:40.824Z</time>
      </trkpt>
      <trkpt lat="19.128962" lon="99.052915">
        <ele>375.013130</ele>
        <time>2025-10-30T16:41:44.481Z</time>
      </trkpt>
      <trkpt lat="19.129209" lon="99.052117">
        <ele>373.340474</ele>
        <time>2025-10-30T16:41:56.801Z</time>
      </trkpt>
      <trkpt lat="19.129612" lon="99.050742">
        <ele>371.511869</ele>
        <time>2025-10-30T16:42:20.210Z</time>
      </trkpt>
      <trkpt lat="19.129953" lon="99.049422">
        <ele>369.897163</ele>
        <time>2025-10-30T16:42:43.592Z</time>
      </trkpt>
      <trkpt lat="19.130437" lon="99.047460">
        <ele>366.048539</ele>
        <time>2025-10-30T16:43:13.151Z</time>
      </trkpt>
      <trkpt lat="19.130439" lon="99.047448">
        <ele>366.021862</ele>
        <time>2025-10-30T16:43:13.327Z</time>
      </trkpt>
      <trkpt lat="19.130513" lon="99.047148">
        <ele>365.343063</ele>
        <time>2025-10-30T16:43:17.670Z</time>
      </trkpt>
      <trkpt lat="19.130654" lon="99.046586">
        <ele>364.773753</ele>
        <time>2025-10-30T16:43:25.977Z</time>
      </trkpt>
      <trkpt lat="19.130735" lon="99.046265">
        <ele>364.572563</ele>
        <time>2025-10-30T16:43:30.941Z</time>
      </trkpt>
      <trkpt lat="19.130927" lon="99.045500">
        <ele>364.093263</ele>
        <time>2025-10-30T16:43:45.665Z</time>
      </trkpt>
      <trkpt lat="19.131102" lon="99.044467">
        <ele>365.303941</ele>
        <time>2025-10-30T16:44:12.410Z</time>
      </trkpt>
      <trkpt lat="19.131393" lon="99.042690">
        <ele>368.289396</ele>
        <time>2025-10-30T16:45:04.198Z</time>
      </trkpt>
      <trkpt lat="19.131440" lon="99.042115">
        <ele>368.880462</ele>
        <time>2025-10-30T16:45:17.912Z</time>
      </trkpt>
      <trkpt lat="19.131450" lon="99.041725">
        <ele>369.280015</ele>
        <time>2025-10-30T16:45:26.038Z</time>
      </trkpt>
      <trkpt lat="19.131398" lon="99.040425">
        <ele>368.288265</ele>
        <time>2025-10-30T16:45:47.741Z</time>
      </trkpt>
      <trkpt lat="19.131431" lon="99.038209">
        <ele>364.366969</ele>
        <time>2025-10-30T16:46:20.121Z</time>
      </trkpt>
      <trkpt lat="19.131491" lon="99.037223">
        <ele>362.529357</ele>
        <time>2025-10-30T16:46:34.755Z</time>
      </trkpt>
      <trkpt lat="19.131585" lon="99.037012">
        <ele>362.175121</ele>
        <time>2025-10-30T16:46:38.307Z</time>
      </trkpt>
      <trkpt lat="19.131838" lon="99.036427">
        <ele>361.198155</ele>
        <time>2025-10-30T16:46:48.234Z</time>
      </trkpt>
      <trkpt lat="19.132101" lon="99.035657">
        <ele>359.994130</ele>
        <time>2025-10-30T16:47:01.275Z</time>
      </trkpt>
      <trkpt lat="19.132188" lon="99.035335">
        <ele>359.564548</ele>
        <time>2025-10-30T16:47:06.617Z</time>
      </trkpt>
      <trkpt lat="19.132596" lon="99.033500">
        <ele>356.899167</ele>
        <time>2025-10-30T16:47:36.326Z</time>
      </trkpt>
      <trkpt lat="19.131815" lon="99.033152">
        <ele>355.289172</ele>
        <time>2025-10-30T16:47:49.383Z</time>
      </trkpt>
      <trkpt lat="19.131751" lon="99.033002">
        <ele>354.993735</ele>
        <time>2025-10-30T16:47:51.804Z</time>
      </trkpt>
      <trkpt lat="19.131742" lon="99.032827">
        <ele>354.679141</ele>
        <time>2025-10-30T16:47:54.402Z</time>
      </trkpt>
      <trkpt lat="19.131730" lon="99.032573">
        <ele>354.274387</ele>
        <time>2025-10-30T16:47:58.209Z</time>
      </trkpt>
      <trkpt lat="19.131687" lon="99.032358">
        <ele>354.042167</ele>
        <time>2025-10-30T16:48:01.549Z</time>
      </trkpt>
      <trkpt lat="19.131577" lon="99.032225">
        <ele>353.855387</ele>
        <time>2025-10-30T16:48:04.258Z</time>
      </trkpt>
      <trkpt lat="19.131386" lon="99.032079">
        <ele>353.591881</ele>
        <time>2025-10-30T16:48:08.110Z</time>
      </trkpt>
      <trkpt lat="19.131367" lon="99.032040">
        <ele>353.545514</ele>
        <time>2025-10-30T16:48:08.819Z</time>
      </trkpt>
      <trkpt lat="19.131413" lon="99.031785">
        <ele>353.271194</ele>
        <time>2025-10-30T16:48:12.909Z</time>
      </trkpt>
      <trkpt lat="19.131751" lon="99.030685">
        <ele>352.271473</ele>
        <time>2025-10-30T16:48:33.205Z</time>
      </trkpt>
      <trkpt lat="19.131794" lon="99.030427">
        <ele>352.208679</ele>
        <time>2025-10-30T16:48:37.833Z</time>
      </trkpt>
      <trkpt lat="19.131730" lon="99.029655">
        <ele>352.022932</ele>
        <time>2025-10-30T16:48:52.269Z</time>
      </trkpt>
      <trkpt lat="19.131644" lon="99.029118">
        <ele>351.892386</ele>
        <time>2025-10-30T16:49:02.754Z</time>
      </trkpt>
      <trkpt lat="19.131447" lon="99.028271">
        <ele>351.216344</ele>
        <time>2025-10-30T16:49:17.967Z</time>
      </trkpt>
      <trkpt lat="19.131306" lon="99.027679">
        <ele>350.723394</ele>
        <time>2025-10-30T16:49:27.716Z</time>
      </trkpt>
      <trkpt lat="19.131284" lon="99.027408">
        <ele>350.503776</ele>
        <time>2025-10-30T16:49:32.006Z</time>
      </trkpt>
      <trkpt lat="19.131318" lon="99.026571">
        <ele>350.024596</ele>
        <time>2025-10-30T16:49:45.572Z</time>
      </trkpt>
      <trkpt lat="19.131323" lon="99.026331">
        <ele>349.904871</ele>
        <time>2025-10-30T16:49:49.800Z</time>
      </trkpt>
      <trkpt lat="19.131138" lon="99.026297">
        <ele>349.805751</ele>
        <time>2025-10-30T16:49:53.479Z</time>
      </trkpt>
      <trkpt lat="19.131169" lon="99.025143">
        <ele>348.954762</ele>
        <time>2025-10-30T16:50:15.047Z</time>
      </trkpt>
      <trkpt lat="19.131188" lon="99.024644">
        <ele>348.287277</ele>
        <time>2025-10-30T16:50:24.181Z</time>
      </trkpt>
      <trkpt lat="19.131193" lon="99.024629">
        <ele>348.266017</ele>
        <time>2025-10-30T16:50:24.428Z</time>
      </trkpt>
      <trkpt lat="19.131238" lon="99.024477">
        <ele>348.053119</ele>
        <time>2025-10-30T16:50:26.948Z</time>
      </trkpt>
      <trkpt lat="19.131353" lon="99.024273">
        <ele>347.735612</ele>
        <time>2025-10-30T16:50:30.480Z</time>
      </trkpt>
      <trkpt lat="19.131399" lon="99.024233">
        <ele>347.651392</ele>
        <time>2025-10-30T16:50:31.401Z</time>
      </trkpt>
      <trkpt lat="19.131604" lon="99.024232">
        <ele>347.361376</ele>
        <time>2025-10-30T16:50:34.449Z</time>
      </trkpt>
      <trkpt lat="19.131831" lon="99.024315">
        <ele>347.021620</ele>
        <time>2025-10-30T16:50:38.037Z</time>
      </trkpt>
      <trkpt lat="19.132073" lon="99.024404">
        <ele>346.576254</ele>
        <time>2025-10-30T16:50:41.812Z</time>
      </trkpt>
      <trkpt lat="19.132171" lon="99.024443">
        <ele>346.363520</ele>
        <time>2025-10-30T16:50:43.372Z</time>
      </trkpt>
      <trkpt lat="19.132176" lon="99.024445">
        <ele>346.352659</ele>
        <time>2025-10-30T16:50:43.448Z</time>
      </trkpt>
      <trkpt lat="19.132501" lon="99.024530">
        <ele>345.672434</ele>
        <time>2025-10-30T16:50:48.606Z</time>
      </trkpt>
      <trkpt lat="19.132894" lon="99.024581">
        <ele>344.867922</ele>
        <time>2025-10-30T16:50:54.631Z</time>
      </trkpt>
      <trkpt lat="19.133115" lon="99.024526">
        <ele>344.406630</ele>
        <time>2025-10-30T16:50:58.053Z</time>
      </trkpt>
      <trkpt lat="19.133449" lon="99.024349">
        <ele>343.647672</ele>
        <time>2025-10-30T16:51:04.080Z</time>
      </trkpt>
      <trkpt lat="19.134617" lon="99.023766">
        <ele>342.814198</ele>
        <time>2025-10-30T16:51:27.939Z</time>
      </trkpt>
      <trkpt lat="19.134982" lon="99.023605">
        <ele>342.673394</ele>
        <time>2025-10-30T16:51:35.649Z</time>
      </trkpt>
      <trkpt lat="19.136659" lon="99.022546">
        <ele>343.166779</ele>
        <time>2025-10-30T16:52:17.563Z</time>
      </trkpt>
      <trkpt lat="19.136833" lon="99.022547">
        <ele>343.232663</ele>
        <time>2025-10-30T16:52:21.753Z</time>
      </trkpt>
      <trkpt lat="19.137260" lon="99.022823">
        <ele>343.505483</ele>
        <time>2025-10-30T16:52:33.563Z</time>
      </trkpt>
      <trkpt lat="19.137593" lon="99.023052">
        <ele>343.722921</ele>
        <time>2025-10-30T16:52:42.492Z</time>
      </trkpt>
      <trkpt lat="19.137759" lon="99.023183">
        <ele>343.836296</ele>
        <time>2025-10-30T16:52:47.171Z</time>
      </trkpt>
      <trkpt lat="19.138163" lon="99.023526">
        <ele>344.119875</ele>
        <time>2025-10-30T16:52:58.516Z</time>
      </trkpt>
      <trkpt lat="19.138449" lon="99.023783">
        <ele>344.303010</ele>
        <time>2025-10-30T16:53:06.600Z</time>
      </trkpt>
      <trkpt lat="19.138898" lon="99.024116">
        <ele>344.539632</ele>
        <time>2025-10-30T16:53:19.148Z</time>
      </trkpt>
      <trkpt lat="19.139173" lon="99.024270">
        <ele>344.673908</ele>
        <time>2025-10-30T16:53:26.173Z</time>
      </trkpt>
      <trkpt lat="19.139644" lon="99.024495">
        <ele>344.896935</ele>
        <time>2025-10-30T16:53:37.613Z</time>
      </trkpt>
      <trkpt lat="19.139776" lon="99.024480">
        <ele>344.954234</ele>
        <time>2025-10-30T16:53:40.494Z</time>
      </trkpt>
      <trkpt lat="19.139923" lon="99.024275">
        <ele>344.934780</ele>
        <time>2025-10-30T16:53:45.639Z</time>
      </trkpt>
      <trkpt lat="19.140015" lon="99.024289">
        <ele>344.895462</ele>
        <time>2025-10-30T16:53:47.513Z</time>
      </trkpt>
      <trkpt lat="19.141910" lon="99.024899">
        <ele>344.353519</ele>
        <time>2025-10-30T16:54:23.550Z</time>
      </trkpt>
      <trkpt lat="19.142025" lon="99.024936">
        <ele>344.387255</ele>
        <time>2025-10-30T16:54:25.861Z</time>
      </trkpt>
      <trkpt lat="19.142755" lon="99.025307">
        <ele>344.614537</ele>
        <time>2025-10-30T16:54:43.884Z</time>
      </trkpt>
      <trkpt lat="19.143148" lon="99.025541">
        <ele>344.740173</ele>
        <time>2025-10-30T16:54:54.893Z</time>
      </trkpt>
      <trkpt lat="19.143622" lon="99.025890">
        <ele>344.710859</ele>
        <time>2025-10-30T16:55:08.413Z</time>
      </trkpt>
      <trkpt lat="19.143650" lon="99.025660">
        <ele>344.699737</ele>
        <time>2025-10-30T16:55:13.319Z</time>
      </trkpt>
      <trkpt lat="19.143863" lon="99.023857">
        <ele>344.378570</ele>
        <time>2025-10-30T16:55:44.038Z</time>
      </trkpt>
      <trkpt lat="19.144280" lon="99.020341">
        <ele>344.003680</ele>
        <time>2025-10-30T16:56:50.209Z</time>
      </trkpt>
      <trkpt lat="19.144498" lon="99.018345">
        <ele>344.701361</ele>
        <time>2025-10-30T16:57:34.040Z</time>
      </trkpt>
      <trkpt lat="19.144689" lon="99.016682">
        <ele>344.829332</ele>
        <time>2025-10-30T16:58:06.027Z</time>
      </trkpt>
      <trkpt lat="19.144838" lon="99.015474">
        <ele>344.460264</ele>
        <time>2025-10-30T16:58:26.600Z</time>
      </trkpt>
      <trkpt lat="19.144844" lon="99.015434">
        <ele>344.447995</ele>
        <time>2025-10-30T16:58:27.319Z</time>
      </trkpt>
      <trkpt lat="19.144852" lon="99.015371">
        <ele>344.428737</ele>
        <time>2025-10-30T16:58:28.417Z</time>
      </trkpt>
      <trkpt lat="19.144858" lon="99.015333">
        <ele>344.417066</ele>
        <time>2025-10-30T16:58:29.094Z</time>
      </trkpt>
      <trkpt lat="19.145167" lon="99.013083">
        <ele>345.128304</ele>
        <time>2025-10-30T16:59:16.946Z</time>
      </trkpt>
      <trkpt lat="19.145175" lon="99.013017">
        <ele>345.138082</ele>
        <time>2025-10-30T16:59:18.342Z</time>
      </trkpt>
      <trkpt lat="19.145299" lon="99.012291">
        <ele>345.246500</ele>
        <time>2025-10-30T16:59:33.885Z</time>
      </trkpt>
      <trkpt lat="19.145376" lon="99.012017">
        <ele>345.288509</ele>
        <time>2025-10-30T16:59:39.434Z</time>
      </trkpt>
      <trkpt lat="19.145775" lon="99.011183">
        <ele>345.265578</ele>
        <time>2025-10-30T16:59:56.357Z</time>
      </trkpt>
      <trkpt lat="19.145843" lon="99.010989">
        <ele>345.192067</ele>
        <time>2025-10-30T16:59:59.908Z</time>
      </trkpt>
      <trkpt lat="19.145919" lon="99.010741">
        <ele>345.099444</ele>
        <time>2025-10-30T17:00:04.435Z</time>
      </trkpt>
      <trkpt lat="19.145978" lon="99.010386">
        <ele>344.971392</ele>
        <time>2025-10-30T17:00:10.652Z</time>
      </trkpt>
      <trkpt lat="19.145994" lon="99.010130">
        <ele>344.880248</ele>
        <time>2025-10-30T17:00:15.101Z</time>
      </trkpt>
      <trkpt lat="19.146038" lon="99.009428">
        <ele>344.698759</ele>
        <time>2025-10-30T17:00:27.874Z</time>
      </trkpt>
      <trkpt lat="19.145994" lon="99.010130">
        <ele>344.685516</ele>
        <time>2025-10-30T17:00:41.720Z</time>
      </trkpt>
      <trkpt lat="19.145978" lon="99.010386">
        <ele>344.680687</ele>
        <time>2025-10-30T17:00:46.726Z</time>
      </trkpt>
      <trkpt lat="19.145919" lon="99.010741">
        <ele>344.673902</ele>
        <time>2025-10-30T17:00:53.720Z</time>
      </trkpt>
      <trkpt lat="19.145843" lon="99.010989">
        <ele>344.668994</ele>
        <time>2025-10-30T17:00:58.723Z</time>
      </trkpt>
      <trkpt lat="19.145919" lon="99.010741">
        <ele>344.592979</ele>
        <time>2025-10-30T17:01:03.688Z</time>
      </trkpt>
      <trkpt lat="19.145978" lon="99.010386">
        <ele>344.405052</ele>
        <time>2025-10-30T17:01:10.413Z</time>
      </trkpt>
      <trkpt lat="19.146038" lon="99.009428">
        <ele>343.904486</ele>
        <time>2025-10-30T17:01:26.956Z</time>
      </trkpt>
      <trkpt lat="19.146033" lon="99.008349">
        <ele>343.178486</ele>
        <time>2025-10-30T17:01:44.700Z</time>
      </trkpt>
      <trkpt lat="19.145988" lon="99.006645">
        <ele>342.226447</ele>
        <time>2025-10-30T17:02:13.239Z</time>
      </trkpt>
      <trkpt lat="19.145907" lon="99.005526">
        <ele>342.312187</ele>
        <time>2025-10-30T17:02:35.228Z</time>
      </trkpt>
      <trkpt lat="19.145844" lon="99.005043">
        <ele>342.466630</ele>
        <time>2025-10-30T17:02:46.269Z</time>
      </trkpt>
      <trkpt lat="19.145714" lon="99.004353">
        <ele>343.094127</ele>
        <time>2025-10-30T17:03:02.569Z</time>
      </trkpt>
      <trkpt lat="19.145647" lon="99.004076">
        <ele>343.349139</ele>
        <time>2025-10-30T17:03:09.360Z</time>
      </trkpt>
      <trkpt lat="19.145609" lon="99.003975">
        <ele>343.446097</ele>
        <time>2025-10-30T17:03:11.927Z</time>
      </trkpt>
      <trkpt lat="19.145387" lon="99.003390">
        <ele>344.008353</ele>
        <time>2025-10-30T17:03:26.388Z</time>
      </trkpt>
      <trkpt lat="19.145248" lon="99.003026">
        <ele>344.107356</ele>
        <time>2025-10-30T17:03:35.031Z</time>
      </trkpt>
      <trkpt lat="19.145098" lon="99.002725">
        <ele>344.174139</ele>
        <time>2025-10-30T17:03:42.020Z</time>
      </trkpt>
      <trkpt lat="19.144905" lon="99.002103">
        <ele>344.302615</ele>
        <time>2025-10-30T17:03:54.868Z</time>
      </trkpt>
      <trkpt lat="19.144881" lon="99.001678">
        <ele>344.386166</ele>
        <time>2025-10-30T17:04:02.456Z</time>
      </trkpt>
      <trkpt lat="19.144868" lon="99.001446">
        <ele>344.374730</ele>
        <time>2025-10-30T17:04:06.514Z</time>
      </trkpt>
      <trkpt lat="19.144789" lon="99.000026">
        <ele>343.918042</ele>
        <time>2025-10-30T17:04:31.977Z</time>
      </trkpt>
      <trkpt lat="19.144763" lon="98.999569">
        <ele>343.771454</ele>
        <time>2025-10-30T17:04:40.180Z</time>
      </trkpt>
      <trkpt lat="19.144700" lon="98.998435">
        <ele>343.411996</ele>
        <time>2025-10-30T17:05:01.386Z</time>
      </trkpt>
      <trkpt lat="19.144679" lon="98.998076">
        <ele>343.298177</ele>
        <time>2025-10-30T17:05:07.744Z</time>
      </trkpt>
      <trkpt lat="19.144648" lon="98.997553">
        <ele>343.070856</ele>
        <time>2025-10-30T17:05:16.759Z</time>
      </trkpt>
      <trkpt lat="19.144636" lon="98.997361">
        <ele>342.951485</ele>
        <time>2025-10-30T17:05:20.017Z</time>
      </trkpt>
      <trkpt lat="19.144575" lon="98.995978">
        <ele>342.092581</ele>
        <time>2025-10-30T17:05:43.361Z</time>
      </trkpt>
      <trkpt lat="19.144541" lon="98.994916">
        <ele>341.728516</ele>
        <time>2025-10-30T17:06:02.410Z</time>
      </trkpt>
      <trkpt lat="19.144533" lon="98.994670">
        <ele>341.653271</ele>
        <time>2025-10-30T17:06:06.873Z</time>
      </trkpt>
      <trkpt lat="19.144505" lon="98.994379">
        <ele>341.563853</ele>
        <time>2025-10-30T17:06:12.180Z</time>
      </trkpt>
      <trkpt lat="19.144495" lon="98.994157">
        <ele>341.495912</ele>
        <time>2025-10-30T17:06:16.218Z</time>
      </trkpt>
      <trkpt lat="19.144487" lon="98.993968">
        <ele>341.438078</ele>
        <time>2025-10-30T17:06:18.646Z</time>
      </trkpt>
      <trkpt lat="19.144205" lon="98.989066">
        <ele>341.062741</ele>
        <time>2025-10-30T17:07:25.955Z</time>
      </trkpt>
      <trkpt lat="19.143950" lon="98.985253">
        <ele>341.375007</ele>
        <time>2025-10-30T17:08:20.324Z</time>
      </trkpt>
      <trkpt lat="19.144767" lon="98.985157">
        <ele>341.576211</ele>
        <time>2025-10-30T17:08:34.024Z</time>
      </trkpt>
      <trkpt lat="19.145351" lon="98.984976">
        <ele>341.877386</ele>
        <time>2025-10-30T17:08:44.154Z</time>
      </trkpt>
      <trkpt lat="19.146468" lon="98.984630">
        <ele>342.444698</ele>
        <time>2025-10-30T17:09:04.088Z</time>
      </trkpt>
      <trkpt lat="19.146962" lon="98.984492">
        <ele>342.580789</ele>
        <time>2025-10-30T17:09:12.549Z</time>
      </trkpt>
      <trkpt lat="19.147442" lon="98.984437">
        <ele>342.709392</ele>
        <time>2025-10-30T17:09:20.233Z</time>
      </trkpt>
      <trkpt lat="19.148262" lon="98.984614">
        <ele>342.951189</ele>
        <time>2025-10-30T17:09:32.713Z</time>
      </trkpt>
      <trkpt lat="19.148715" lon="98.984672">
        <ele>343.195713</ele>
        <time>2025-10-30T17:09:39.560Z</time>
      </trkpt>
      <trkpt lat="19.149207" lon="98.984636">
        <ele>343.459997</ele>
        <time>2025-10-30T17:09:47.630Z</time>
      </trkpt>
      <trkpt lat="19.150011" lon="98.984577">
        <ele>343.919690</ele>
        <time>2025-10-30T17:10:02.184Z</time>
      </trkpt>
      <trkpt lat="19.150499" lon="98.984533">
        <ele>344.690051</ele>
        <time>2025-10-30T17:10:12.628Z</time>
      </trkpt>
      <trkpt lat="19.150618" lon="98.984466">
        <ele>344.902055</ele>
        <time>2025-10-30T17:10:15.517Z</time>
      </trkpt>
      <trkpt lat="19.150716" lon="98.984412">
        <ele>345.075833</ele>
        <time>2025-10-30T17:10:17.887Z</time>
      </trkpt>
      <trkpt lat="19.150844" lon="98.984267">
        <ele>345.370712</ele>
        <time>2025-10-30T17:10:22.047Z</time>
      </trkpt>
      <trkpt lat="19.150920" lon="98.984183">
        <ele>345.543537</ele>
        <time>2025-10-30T17:10:24.464Z</time>
      </trkpt>
      <trkpt lat="19.151717" lon="98.982891">
        <ele>347.448772</ele>
        <time>2025-10-30T17:10:55.633Z</time>
      </trkpt>
      <trkpt lat="19.152603" lon="98.981456">
        <ele>349.014009</ele>
        <time>2025-10-30T17:11:23.726Z</time>
      </trkpt>
      <trkpt lat="19.152599" lon="98.981453">
        <ele>349.018091</ele>
        <time>2025-10-30T17:11:23.841Z</time>
      </trkpt>
      <trkpt lat="19.152465" lon="98.981324">
        <ele>349.168911</ele>
        <time>2025-10-30T17:11:27.954Z</time>
      </trkpt>
      <trkpt lat="19.152352" lon="98.981216">
        <ele>349.295680</ele>
        <time>2025-10-30T17:11:31.481Z</time>
      </trkpt>
      <trkpt lat="19.152337" lon="98.981109">
        <ele>349.380768</ele>
        <time>2025-10-30T17:11:33.858Z</time>
      </trkpt>
      <trkpt lat="19.152306" lon="98.980878">
        <ele>349.564297</ele>
        <time>2025-10-30T17:11:39.190Z</time>
      </trkpt>
      <trkpt lat="19.152245" lon="98.980646">
        <ele>349.753725</ele>
        <time>2025-10-30T17:11:44.806Z</time>
      </trkpt>
      <trkpt lat="19.152156" lon="98.980497">
        <ele>349.892392</ele>
        <time>2025-10-30T17:11:49.014Z</time>
      </trkpt>
      <trkpt lat="19.152202" lon="98.980336">
        <ele>350.024701</ele>
        <time>2025-10-30T17:11:53.053Z</time>
      </trkpt>
      <trkpt lat="19.152982" lon="98.980036">
        <ele>350.489475</ele>
        <time>2025-10-30T17:12:12.890Z</time>
      </trkpt>
      <trkpt lat="19.153529" lon="98.979869">
        <ele>350.799229</ele>
        <time>2025-10-30T17:12:25.724Z</time>
      </trkpt>
      <trkpt lat="19.154315" lon="98.979773">
        <ele>351.130880</ele>
        <time>2025-10-30T17:12:41.075Z</time>
      </trkpt>
      <trkpt lat="19.154979" lon="98.979880">
        <ele>351.304384</ele>
        <time>2025-10-30T17:12:54.129Z</time>
      </trkpt>
      <trkpt lat="19.155367" lon="98.979885">
        <ele>351.404622</ele>
        <time>2025-10-30T17:13:02.539Z</time>
      </trkpt>
      <trkpt lat="19.156438" lon="98.979607">
        <ele>352.649982</ele>
        <time>2025-10-30T17:13:29.456Z</time>
      </trkpt>
      <trkpt lat="19.157136" lon="98.979664">
        <ele>353.778349</ele>
        <time>2025-10-30T17:13:51.722Z</time>
      </trkpt>
      <trkpt lat="19.157159" lon="98.979179">
        <ele>354.355412</ele>
        <time>2025-10-30T17:14:03.709Z</time>
      </trkpt>
      <trkpt lat="19.157169" lon="98.978962">
        <ele>354.209098</ele>
        <time>2025-10-30T17:14:08.036Z</time>
      </trkpt>
      <trkpt lat="19.156944" lon="98.978960">
        <ele>354.048681</ele>
        <time>2025-10-30T17:14:12.506Z</time>
      </trkpt>
      <trkpt lat="19.157169" lon="98.978962">
        <ele>353.888265</ele>
        <time>2025-10-30T17:14:17.106Z</time>
      </trkpt>
      <trkpt lat="19.157159" lon="98.979179">
        <ele>353.741951</ele>
        <time>2025-10-30T17:14:21.087Z</time>
      </trkpt>
      <trkpt lat="19.157136" lon="98.979664">
        <ele>353.414914</ele>
        <time>2025-10-30T17:14:28.643Z</time>
      </trkpt>
      <trkpt lat="19.156438" lon="98.979607">
        <ele>352.787917</ele>
        <time>2025-10-30T17:14:39.029Z</time>
      </trkpt>
      <trkpt lat="19.155367" lon="98.979885">
        <ele>351.516167</ele>
        <time>2025-10-30T17:14:58.073Z</time>
      </trkpt>
      <trkpt lat="19.154979" lon="98.979880">
        <ele>351.068661</ele>
        <time>2025-10-30T17:15:05.424Z</time>
      </trkpt>
      <trkpt lat="19.154315" lon="98.979773">
        <ele>350.960824</ele>
        <time>2025-10-30T17:15:19.570Z</time>
      </trkpt>
      <trkpt lat="19.153529" lon="98.979869">
        <ele>350.854753</ele>
        <time>2025-10-30T17:15:36.245Z</time>
      </trkpt>
      <trkpt lat="19.152982" lon="98.980036">
        <ele>350.669444</ele>
        <time>2025-10-30T17:15:46.624Z</time>
      </trkpt>
      <trkpt lat="19.152202" lon="98.980336">
        <ele>350.139552</ele>
        <time>2025-10-30T17:16:00.642Z</time>
      </trkpt>
      <trkpt lat="19.152156" lon="98.980497">
        <ele>350.038098</ele>
        <time>2025-10-30T17:16:03.416Z</time>
      </trkpt>
      <trkpt lat="19.151930" lon="98.980703">
        <ele>349.847671</ele>
        <time>2025-10-30T17:16:08.821Z</time>
      </trkpt>
      <trkpt lat="19.151690" lon="98.980921">
        <ele>349.674231</ele>
        <time>2025-10-30T17:16:15.044Z</time>
      </trkpt>
      <trkpt lat="19.150996" lon="98.981447">
        <ele>350.305482</ele>
        <time>2025-10-30T17:16:35.295Z</time>
      </trkpt>
      <trkpt lat="19.150264" lon="98.982234">
        <ele>351.044745</ele>
        <time>2025-10-30T17:17:01.025Z</time>
      </trkpt>
      <trkpt lat="19.150208" lon="98.982332">
        <ele>351.095327</ele>
        <time>2025-10-30T17:17:03.367Z</time>
      </trkpt>
      <trkpt lat="19.149815" lon="98.982332">
        <ele>351.279056</ele>
        <time>2025-10-30T17:17:11.596Z</time>
      </trkpt>
      <trkpt lat="19.149708" lon="98.982313">
        <ele>351.329778</ele>
        <time>2025-10-30T17:17:13.610Z</time>
      </trkpt>
      <trkpt lat="19.149156" lon="98.982214">
        <ele>351.591517</ele>
        <time>2025-10-30T17:17:23.882Z</time>
      </trkpt>
      <trkpt lat="19.149062" lon="98.982201">
        <ele>351.635835</ele>
        <time>2025-10-30T17:17:25.913Z</time>
      </trkpt>
      <trkpt lat="19.148371" lon="98.982109">
        <ele>352.832249</ele>
        <time>2025-10-30T17:17:43.162Z</time>
      </trkpt>
      <trkpt lat="19.148315" lon="98.981565">
        <ele>354.675623</ele>
        <time>2025-10-30T17:17:59.497Z</time>
      </trkpt>
      <trkpt lat="19.147948" lon="98.980516">
        <ele>358.456561</ele>
        <time>2025-10-30T17:18:41.871Z</time>
      </trkpt>
      <trkpt lat="19.147773" lon="98.980092">
        <ele>360.114252</ele>
        <time>2025-10-30T17:18:59.045Z</time>
      </trkpt>
      <trkpt lat="19.147676" lon="98.979856">
        <ele>361.036315</ele>
        <time>2025-10-30T17:19:08.173Z</time>
      </trkpt>
      <trkpt lat="19.147357" lon="98.979435">
        <ele>362.969845</ele>
        <time>2025-10-30T17:19:26.274Z</time>
      </trkpt>
      <trkpt lat="19.146698" lon="98.978764">
        <ele>365.882822</ele>
        <time>2025-10-30T17:19:54.358Z</time>
      </trkpt>
      <trkpt lat="19.145247" lon="98.976970">
        <ele>371.277035</ele>
        <time>2025-10-30T17:20:58.570Z</time>
      </trkpt>
      <trkpt lat="19.144470" lon="98.976117">
        <ele>374.464413</ele>
        <time>2025-10-30T17:21:34.293Z</time>
      </trkpt>
      <trkpt lat="19.144451" lon="98.973781">
        <ele>383.785485</ele>
        <time>2025-10-30T17:22:56.936Z</time>
      </trkpt>
      <trkpt lat="19.144434" lon="98.971649">
        <ele>393.486956</ele>
        <time>2025-10-30T17:24:16.102Z</time>
      </trkpt>
      <trkpt lat="19.144393" lon="98.970733">
        <ele>397.946957</ele>
        <time>2025-10-30T17:24:52.732Z</time>
      </trkpt>
      <trkpt lat="19.144309" lon="98.969844">
        <ele>401.836370</ele>
        <time>2025-10-30T17:25:27.997Z</time>
      </trkpt>
      <trkpt lat="19.144218" lon="98.969369">
        <ele>403.872742</ele>
        <time>2025-10-30T17:25:45.612Z</time>
      </trkpt>
      <trkpt lat="19.144006" lon="98.968690">
        <ele>406.877388</ele>
        <time>2025-10-30T17:26:09.286Z</time>
      </trkpt>
      <trkpt lat="19.143897" lon="98.968471">
        <ele>407.544779</ele>
        <time>2025-10-30T17:26:16.889Z</time>
      </trkpt>
      <trkpt lat="19.143727" lon="98.968227">
        <ele>408.331664</ele>
        <time>2025-10-30T17:26:25.920Z</time>
      </trkpt>
      <trkpt lat="19.141868" lon="98.966130">
        <ele>415.355199</ele>
        <time>2025-10-30T17:27:48.402Z</time>
      </trkpt>
      <trkpt lat="19.141706" lon="98.965928">
        <ele>415.965519</ele>
        <time>2025-10-30T17:27:55.856Z</time>
      </trkpt>
      <trkpt lat="19.141123" lon="98.965132">
        <ele>417.156994</ele>
        <time>2025-10-30T17:28:22.578Z</time>
      </trkpt>
      <trkpt lat="19.140681" lon="98.964464">
        <ele>417.983980</ele>
        <time>2025-10-30T17:28:40.823Z</time>
      </trkpt>
      <trkpt lat="19.138247" lon="98.960507">
        <ele>413.712303</ele>
        <time>2025-10-30T17:29:59.415Z</time>
      </trkpt>
      <trkpt lat="19.138113" lon="98.960290">
        <ele>413.139632</ele>
        <time>2025-10-30T17:30:03.208Z</time>
      </trkpt>
      <trkpt lat="19.137618" lon="98.959492">
        <ele>411.009002</ele>
        <time>2025-10-30T17:30:16.359Z</time>
      </trkpt>
      <trkpt lat="19.136712" lon="98.958031">
        <ele>403.668891</ele>
        <time>2025-10-30T17:30:39.095Z</time>
      </trkpt>
      <trkpt lat="19.136389" lon="98.957511">
        <ele>400.522905</ele>
        <time>2025-10-30T17:30:47.033Z</time>
      </trkpt>
      <trkpt lat="19.135654" lon="98.956328">
        <ele>392.996558</ele>
        <time>2025-10-30T17:31:04.650Z</time>
      </trkpt>
      <trkpt lat="19.135344" lon="98.955843">
        <ele>389.683472</ele>
        <time>2025-10-30T17:31:11.847Z</time>
      </trkpt>
      <trkpt lat="19.132800" lon="98.951862">
        <ele>363.031823</ele>
        <time>2025-10-30T17:32:11.504Z</time>
      </trkpt>
      <trkpt lat="19.132410" lon="98.951253">
        <ele>359.491760</ele>
        <time>2025-10-30T17:32:21.109Z</time>
      </trkpt>
      <trkpt lat="19.131758" lon="98.950234">
        <ele>354.061015</ele>
        <time>2025-10-30T17:32:36.993Z</time>
      </trkpt>
      <trkpt lat="19.131235" lon="98.949525">
        <ele>350.885040</ele>
        <time>2025-10-30T17:32:45.109Z</time>
      </trkpt>
      <trkpt lat="19.131203" lon="98.949348">
        <ele>350.316201</ele>
        <time>2025-10-30T17:32:46.774Z</time>
      </trkpt>
      <trkpt lat="19.131059" lon="98.949346">
        <ele>349.835051</ele>
        <time>2025-10-30T17:32:48.193Z</time>
      </trkpt>
      <trkpt lat="19.130913" lon="98.949339">
        <ele>349.346760</ele>
        <time>2025-10-30T17:32:49.656Z</time>
      </trkpt>
      <trkpt lat="19.130133" lon="98.949269">
        <ele>346.818624</ele>
        <time>2025-10-30T17:32:57.956Z</time>
      </trkpt>
      <trkpt lat="19.128393" lon="98.949133">
        <ele>344.680836</ele>
        <time>2025-10-30T17:33:18.869Z</time>
      </trkpt>
      <trkpt lat="19.128297" lon="98.949538">
        <ele>344.444026</ele>
        <time>2025-10-30T17:33:24.250Z</time>
      </trkpt>
      <trkpt lat="19.128213" lon="98.949654">
        <ele>344.364003</ele>
        <time>2025-10-30T17:33:26.149Z</time>
      </trkpt>
      <trkpt lat="19.128063" lon="98.949775">
        <ele>344.254707</ele>
        <time>2025-10-30T17:33:28.766Z</time>
      </trkpt>
      <trkpt lat="19.126864" lon="98.950104">
        <ele>343.520061</ele>
        <time>2025-10-30T17:33:44.989Z</time>
      </trkpt>
      <trkpt lat="19.125715" lon="98.950204">
        <ele>342.721278</ele>
        <time>2025-10-30T17:33:59.276Z</time>
      </trkpt>
      <trkpt lat="19.125448" lon="98.950254">
        <ele>342.533411</ele>
        <time>2025-10-30T17:34:02.767Z</time>
      </trkpt>
      <trkpt lat="19.124110" lon="98.950507">
        <ele>342.745465</ele>
        <time>2025-10-30T17:34:22.347Z</time>
      </trkpt>
      <trkpt lat="19.123849" lon="98.950607">
        <ele>342.835796</ele>
        <time>2025-10-30T17:34:27.101Z</time>
      </trkpt>
      <trkpt lat="19.122256" lon="98.951688">
        <ele>345.320476</ele>
        <time>2025-10-30T17:35:06.187Z</time>
      </trkpt>
      <trkpt lat="19.121568" lon="98.951917">
        <ele>346.584357</ele>
        <time>2025-10-30T17:35:22.939Z</time>
      </trkpt>
      <trkpt lat="19.121118" lon="98.951935">
        <ele>347.430845</ele>
        <time>2025-10-30T17:35:33.612Z</time>
      </trkpt>
      <trkpt lat="19.120635" lon="98.951870">
        <ele>348.346069</ele>
        <time>2025-10-30T17:35:44.966Z</time>
      </trkpt>
      <trkpt lat="19.120030" lon="98.951641">
        <ele>349.070039</ele>
        <time>2025-10-30T17:35:58.666Z</time>
      </trkpt>
      <trkpt lat="19.119546" lon="98.951372">
        <ele>348.825801</ele>
        <time>2025-10-30T17:36:07.985Z</time>
      </trkpt>
      <trkpt lat="19.119142" lon="98.951232">
        <ele>348.635878</ele>
        <time>2025-10-30T17:36:13.641Z</time>
      </trkpt>
      <trkpt lat="19.118120" lon="98.950937">
        <ele>347.332928</ele>
        <time>2025-10-30T17:36:25.145Z</time>
      </trkpt>
      <trkpt lat="19.117782" lon="98.950959">
        <ele>346.543697</ele>
        <time>2025-10-30T17:36:28.581Z</time>
      </trkpt>
      <trkpt lat="19.116577" lon="98.951294">
        <ele>344.091523</ele>
        <time>2025-10-30T17:36:41.774Z</time>
      </trkpt>
      <trkpt lat="19.116388" lon="98.951382">
        <ele>344.022243</ele>
        <time>2025-10-30T17:36:44.266Z</time>
      </trkpt>
      <trkpt lat="19.115422" lon="98.952240">
        <ele>343.599109</ele>
        <time>2025-10-30T17:37:04.203Z</time>
      </trkpt>
      <trkpt lat="19.115139" lon="98.952434">
        <ele>343.474204</ele>
        <time>2025-10-30T17:37:10.457Z</time>
      </trkpt>
      <trkpt lat="19.114953" lon="98.952502">
        <ele>343.398210</ele>
        <time>2025-10-30T17:37:13.765Z</time>
      </trkpt>
      <trkpt lat="19.114752" lon="98.952544">
        <ele>343.319089</ele>
        <time>2025-10-30T17:37:16.864Z</time>
      </trkpt>
      <trkpt lat="19.114421" lon="98.952594">
        <ele>343.189968</ele>
        <time>2025-10-30T17:37:21.344Z</time>
      </trkpt>
      <trkpt lat="19.114172" lon="98.952624">
        <ele>343.093188</ele>
        <time>2025-10-30T17:37:24.535Z</time>
      </trkpt>
      <trkpt lat="19.113461" lon="98.952712">
        <ele>342.779019</ele>
        <time>2025-10-30T17:37:33.121Z</time>
      </trkpt>
      <trkpt lat="19.113277" lon="98.952741">
        <ele>342.655668</ele>
        <time>2025-10-30T17:37:35.347Z</time>
      </trkpt>
      <trkpt lat="19.112590" lon="98.952851">
        <ele>342.194954</ele>
        <time>2025-10-30T17:37:43.924Z</time>
      </trkpt>
      <trkpt lat="19.111785" lon="98.952948">
        <ele>341.659040</ele>
        <time>2025-10-30T17:37:55.277Z</time>
      </trkpt>
      <trkpt lat="19.111366" lon="98.952996">
        <ele>341.398838</ele>
        <time>2025-10-30T17:38:01.259Z</time>
      </trkpt>
      <trkpt lat="19.109976" lon="98.953184">
        <ele>340.583435</ele>
        <time>2025-10-30T17:38:18.722Z</time>
      </trkpt>
      <trkpt lat="19.109704" lon="98.953228">
        <ele>340.673121</ele>
        <time>2025-10-30T17:38:22.360Z</time>
      </trkpt>
      <trkpt lat="19.109606" lon="98.953244">
        <ele>340.705441</ele>
        <time>2025-10-30T17:38:23.729Z</time>
      </trkpt>
      <trkpt lat="19.109504" lon="98.953260">
        <ele>340.739050</ele>
        <time>2025-10-30T17:38:25.227Z</time>
      </trkpt>
      <trkpt lat="19.107971" lon="98.953509">
        <ele>341.230107</ele>
        <time>2025-10-30T17:38:52.822Z</time>
      </trkpt>
      <trkpt lat="19.106583" lon="98.953697">
        <ele>341.614566</ele>
        <time>2025-10-30T17:39:16.412Z</time>
      </trkpt>
      <trkpt lat="19.106379" lon="98.953725">
        <ele>341.482663</ele>
        <time>2025-10-30T17:39:19.017Z</time>
      </trkpt>
      <trkpt lat="19.106087" lon="98.953329">
        <ele>340.606842</ele>
        <time>2025-10-30T17:39:24.566Z</time>
      </trkpt>
      <trkpt lat="19.104901" lon="98.951365">
        <ele>337.209685</ele>
        <time>2025-10-30T17:39:48.040Z</time>
      </trkpt>
      <trkpt lat="19.104799" lon="98.951279">
        <ele>337.058948</ele>
        <time>2025-10-30T17:39:49.602Z</time>
      </trkpt>
      <trkpt lat="19.104678" lon="98.951279">
        <ele>336.919091</ele>
        <time>2025-10-30T17:39:51.156Z</time>
      </trkpt>
      <trkpt lat="19.103777" lon="98.951474">
        <ele>336.492501</ele>
        <time>2025-10-30T17:40:07.154Z</time>
      </trkpt>
      <trkpt lat="19.103373" lon="98.951560">
        <ele>336.788159</ele>
        <time>2025-10-30T17:40:14.913Z</time>
      </trkpt>
      <trkpt lat="19.103145" lon="98.951609">
        <ele>336.955079</ele>
        <time>2025-10-30T17:40:19.242Z</time>
      </trkpt>
      <trkpt lat="19.103106" lon="98.951360">
        <ele>337.126191</ele>
        <time>2025-10-30T17:40:23.681Z</time>
      </trkpt>
      <trkpt lat="19.103015" lon="98.951156">
        <ele>337.279128</ele>
        <time>2025-10-30T17:40:27.765Z</time>
      </trkpt>
      <trkpt lat="19.102823" lon="98.950941">
        <ele>337.479680</ele>
        <time>2025-10-30T17:40:32.821Z</time>
      </trkpt>
      <trkpt lat="19.102620" lon="98.950812">
        <ele>337.528777</ele>
        <time>2025-10-30T17:40:36.577Z</time>
      </trkpt>
      <trkpt lat="19.102478" lon="98.950770">
        <ele>337.518762</ele>
        <time>2025-10-30T17:40:38.687Z</time>
      </trkpt>
      <trkpt lat="19.102174" lon="98.950780">
        <ele>337.498103</ele>
        <time>2025-10-30T17:40:42.926Z</time>
      </trkpt>
      <trkpt lat="19.101809" lon="98.950909">
        <ele>337.471964</ele>
        <time>2025-10-30T17:40:48.581Z</time>
      </trkpt>
      <trkpt lat="19.101373" lon="98.951199">
        <ele>337.436986</ele>
        <time>2025-10-30T17:40:56.211Z</time>
      </trkpt>
      <trkpt lat="19.099467" lon="98.952701">
        <ele>336.054154</ele>
        <time>2025-10-30T17:41:26.715Z</time>
      </trkpt>
      <trkpt lat="19.099082" lon="98.952948">
        <ele>335.805989</ele>
        <time>2025-10-30T17:41:32.512Z</time>
      </trkpt>
      <trkpt lat="19.098808" lon="98.953012">
        <ele>335.651325</ele>
        <time>2025-10-30T17:41:36.165Z</time>
      </trkpt>
      <trkpt lat="19.098514" lon="98.952969">
        <ele>335.487732</ele>
        <time>2025-10-30T17:41:40.068Z</time>
      </trkpt>
      <trkpt lat="19.098315" lon="98.952888">
        <ele>335.370209</ele>
        <time>2025-10-30T17:41:42.903Z</time>
      </trkpt>
      <trkpt lat="19.091701" lon="98.950169">
        <ele>332.960620</ele>
        <time>2025-10-30T17:43:19.528Z</time>
      </trkpt>
      <trkpt lat="19.091451" lon="98.950086">
        <ele>332.912497</ele>
        <time>2025-10-30T17:43:23.487Z</time>
      </trkpt>
      <trkpt lat="19.091166" lon="98.950041">
        <ele>333.031422</ele>
        <time>2025-10-30T17:43:28.080Z</time>
      </trkpt>
      <trkpt lat="19.090812" lon="98.950037">
        <ele>333.308945</ele>
        <time>2025-10-30T17:43:34.067Z</time>
      </trkpt>
      <trkpt lat="19.089308" lon="98.950108">
        <ele>334.458236</ele>
        <time>2025-10-30T17:44:02.555Z</time>
      </trkpt>
      <trkpt lat="19.088161" lon="98.950124">
        <ele>335.208856</ele>
        <time>2025-10-30T17:44:23.031Z</time>
      </trkpt>
      <trkpt lat="19.087787" lon="98.950169">
        <ele>335.455165</ele>
        <time>2025-10-30T17:44:29.086Z</time>
      </trkpt>
      <trkpt lat="19.087531" lon="98.950234">
        <ele>335.494375</ele>
        <time>2025-10-30T17:44:33.174Z</time>
      </trkpt>
      <trkpt lat="19.087239" lon="98.950341">
        <ele>335.515135</ele>
        <time>2025-10-30T17:44:37.802Z</time>
      </trkpt>
      <trkpt lat="19.086140" lon="98.950956">
        <ele>335.598657</ele>
        <time>2025-10-30T17:44:55.982Z</time>
      </trkpt>
      <trkpt lat="19.085072" lon="98.951508">
        <ele>335.560200</ele>
        <time>2025-10-30T17:45:13.848Z</time>
      </trkpt>
      <trkpt lat="19.085051" lon="98.951463">
        <ele>335.558586</ele>
        <time>2025-10-30T17:45:14.779Z</time>
      </trkpt>
      <trkpt lat="19.085004" lon="98.951363">
        <ele>335.554993</ele>
        <time>2025-10-30T17:45:16.911Z</time>
      </trkpt>
      <trkpt lat="19.084982" lon="98.951321">
        <ele>335.553448</ele>
        <time>2025-10-30T17:45:17.812Z</time>
      </trkpt>
      <trkpt lat="19.084861" lon="98.951333">
        <ele>335.549311</ele>
        <time>2025-10-30T17:45:20.246Z</time>
      </trkpt>
      <trkpt lat="19.084588" lon="98.951307">
        <ele>335.539980</ele>
        <time>2025-10-30T17:45:25.705Z</time>
      </trkpt>
      <trkpt lat="19.084193" lon="98.951205">
        <ele>335.374024</ele>
        <time>2025-10-30T17:45:33.820Z</time>
      </trkpt>
      <trkpt lat="19.083803" lon="98.951044">
        <ele>335.188003</ele>
        <time>2025-10-30T17:45:41.762Z</time>
      </trkpt>
      <trkpt lat="19.083336" lon="98.950915">
        <ele>334.973534</ele>
        <time>2025-10-30T17:45:50.259Z</time>
      </trkpt>
      <trkpt lat="19.082951" lon="98.950830">
        <ele>334.798772</ele>
        <time>2025-10-30T17:45:57.550Z</time>
      </trkpt>
      <trkpt lat="19.082620" lon="98.950793">
        <ele>334.670828</ele>
        <time>2025-10-30T17:46:03.805Z</time>
      </trkpt>
      <trkpt lat="19.081704" lon="98.950792">
        <ele>334.355430</ele>
        <time>2025-10-30T17:46:20.740Z</time>
      </trkpt>
      <trkpt lat="19.081456" lon="98.950813">
        <ele>334.269765</ele>
        <time>2025-10-30T17:46:25.723Z</time>
      </trkpt>
      <trkpt lat="19.080447" lon="98.951018">
        <ele>333.999437</ele>
        <time>2025-10-30T17:46:46.221Z</time>
      </trkpt>
      <trkpt lat="19.080364" lon="98.951040">
        <ele>333.982013</ele>
        <time>2025-10-30T17:46:47.868Z</time>
      </trkpt>
      <trkpt lat="19.079763" lon="98.951188">
        <ele>333.856358</ele>
        <time>2025-10-30T17:46:59.699Z</time>
      </trkpt>
      <trkpt lat="19.079595" lon="98.951253">
        <ele>333.819932</ele>
        <time>2025-10-30T17:47:03.159Z</time>
      </trkpt>
      <trkpt lat="19.079463" lon="98.951355">
        <ele>333.786648</ele>
        <time>2025-10-30T17:47:06.307Z</time>
      </trkpt>
      <trkpt lat="19.079225" lon="98.951623">
        <ele>333.717989</ele>
        <time>2025-10-30T17:47:13.019Z</time>
      </trkpt>
      <trkpt lat="19.079057" lon="98.951757">
        <ele>333.677529</ele>
        <time>2025-10-30T17:47:17.065Z</time>
      </trkpt>
      <trkpt lat="19.078892" lon="98.951822">
        <ele>333.643668</ele>
        <time>2025-10-30T17:47:20.472Z</time>
      </trkpt>
      <trkpt lat="19.078201" lon="98.951972">
        <ele>333.508009</ele>
        <time>2025-10-30T17:47:34.352Z</time>
      </trkpt>
      <trkpt lat="19.077937" lon="98.951999">
        <ele>333.457000</ele>
        <time>2025-10-30T17:47:39.668Z</time>
      </trkpt>
      <trkpt lat="19.077343" lon="98.951927">
        <ele>333.321466</ele>
        <time>2025-10-30T17:47:51.196Z</time>
      </trkpt>
      <trkpt lat="19.076919" lon="98.951923">
        <ele>333.214536</ele>
        <time>2025-10-30T17:47:59.501Z</time>
      </trkpt>
      <trkpt lat="19.076731" lon="98.951899">
        <ele>333.166781</ele>
        <time>2025-10-30T17:48:03.199Z</time>
      </trkpt>
      <trkpt lat="19.076560" lon="98.951881">
        <ele>333.123444</ele>
        <time>2025-10-30T17:48:06.538Z</time>
      </trkpt>
      <trkpt lat="19.076231" lon="98.951898">
        <ele>333.040377</ele>
        <time>2025-10-30T17:48:12.848Z</time>
      </trkpt>
      <trkpt lat="19.076161" lon="98.951895">
        <ele>333.022709</ele>
        <time>2025-10-30T17:48:14.194Z</time>
      </trkpt>
      <trkpt lat="19.075881" lon="98.951898">
        <ele>332.952649</ele>
        <time>2025-10-30T17:48:19.426Z</time>
      </trkpt>
      <trkpt lat="19.075448" lon="98.951902">
        <ele>332.869312</ele>
        <time>2025-10-30T17:48:27.548Z</time>
      </trkpt>
      <trkpt lat="19.074721" lon="98.951944">
        <ele>332.729187</ele>
        <time>2025-10-30T17:48:37.863Z</time>
      </trkpt>
      <trkpt lat="19.074193" lon="98.952027">
        <ele>332.626454</ele>
        <time>2025-10-30T17:48:45.582Z</time>
      </trkpt>
      <trkpt lat="19.073749" lon="98.952239">
        <ele>332.600379</ele>
        <time>2025-10-30T17:48:52.843Z</time>
      </trkpt>
      <trkpt lat="19.073610" lon="98.952413">
        <ele>332.596049</ele>
        <time>2025-10-30T17:48:56.131Z</time>
      </trkpt>
      <trkpt lat="19.072813" lon="98.952811">
        <ele>332.578325</ele>
        <time>2025-10-30T17:49:14.128Z</time>
      </trkpt>
      <trkpt lat="19.072233" lon="98.953026">
        <ele>332.503049</ele>
        <time>2025-10-30T17:49:26.112Z</time>
      </trkpt>
      <trkpt lat="19.071647" lon="98.953083">
        <ele>332.369908</ele>
        <time>2025-10-30T17:49:37.409Z</time>
      </trkpt>
      <trkpt lat="19.071377" lon="98.953008">
        <ele>332.306750</ele>
        <time>2025-10-30T17:49:42.772Z</time>
      </trkpt>
      <trkpt lat="19.070749" lon="98.952720">
        <ele>332.158319</ele>
        <time>2025-10-30T17:49:55.983Z</time>
      </trkpt>
      <trkpt lat="19.070634" lon="98.952676">
        <ele>332.144051</ele>
        <time>2025-10-30T17:49:58.368Z</time>
      </trkpt>
      <trkpt lat="19.069378" lon="98.952196">
        <ele>331.988240</ele>
        <time>2025-10-30T17:50:17.636Z</time>
      </trkpt>
      <trkpt lat="19.069109" lon="98.952083">
        <ele>331.955998</ele>
        <time>2025-10-30T17:50:21.780Z</time>
      </trkpt>
      <trkpt lat="19.068900" lon="98.951993">
        <ele>331.978012</ele>
        <time>2025-10-30T17:50:25.035Z</time>
      </trkpt>
      <trkpt lat="19.068526" lon="98.951858">
        <ele>332.016564</ele>
        <time>2025-10-30T17:50:30.936Z</time>
      </trkpt>
      <trkpt lat="19.068135" lon="98.951741">
        <ele>332.056206</ele>
        <time>2025-10-30T17:50:37.339Z</time>
      </trkpt>
      <trkpt lat="19.067820" lon="98.951703">
        <ele>332.087137</ele>
        <time>2025-10-30T17:50:42.517Z</time>
      </trkpt>
      <trkpt lat="19.067471" lon="98.951661">
        <ele>332.121405</ele>
        <time>2025-10-30T17:50:48.209Z</time>
      </trkpt>
      <trkpt lat="19.066803" lon="98.951639">
        <ele>331.891923</ele>
        <time>2025-10-30T17:50:58.060Z</time>
      </trkpt>
      <trkpt lat="19.066450" lon="98.951679">
        <ele>331.743738</ele>
        <time>2025-10-30T17:51:02.722Z</time>
      </trkpt>
      <trkpt lat="19.065130" lon="98.951851">
        <ele>331.238555</ele>
        <time>2025-10-30T17:51:19.587Z</time>
      </trkpt>
      <trkpt lat="19.064937" lon="98.951878">
        <ele>331.178499</ele>
        <time>2025-10-30T17:51:22.233Z</time>
      </trkpt>
      <trkpt lat="19.064625" lon="98.951927">
        <ele>331.081196</ele>
        <time>2025-10-30T17:51:26.633Z</time>
      </trkpt>
      <trkpt lat="19.064300" lon="98.952016">
        <ele>330.977633</ele>
        <time>2025-10-30T17:51:31.509Z</time>
      </trkpt>
      <trkpt lat="19.063441" lon="98.952457">
        <ele>330.667496</ele>
        <time>2025-10-30T17:51:45.527Z</time>
      </trkpt>
      <trkpt lat="19.061681" lon="98.953420">
        <ele>330.301769</ele>
        <time>2025-10-30T17:52:12.085Z</time>
      </trkpt>
      <trkpt lat="19.060088" lon="98.954391">
        <ele>330.845807</ele>
        <time>2025-10-30T17:52:42.581Z</time>
      </trkpt>
      <trkpt lat="19.058879" lon="98.955099">
        <ele>331.509157</ele>
        <time>2025-10-30T17:53:06.912Z</time>
      </trkpt>
      <trkpt lat="19.057838" lon="98.955726">
        <ele>331.715519</ele>
        <time>2025-10-30T17:53:25.144Z</time>
      </trkpt>
      <trkpt lat="19.057534" lon="98.955769">
        <ele>331.768356</ele>
        <time>2025-10-30T17:53:29.734Z</time>
      </trkpt>
      <trkpt lat="19.057269" lon="98.955704">
        <ele>331.675359</ele>
        <time>2025-10-30T17:53:33.753Z</time>
      </trkpt>
      <trkpt lat="19.057106" lon="98.955075">
        <ele>331.428644</ele>
        <time>2025-10-30T17:53:45.794Z</time>
      </trkpt>
      <trkpt lat="19.056863" lon="98.955081">
        <ele>331.331367</ele>
        <time>2025-10-30T17:53:50.386Z</time>
      </trkpt>
      <trkpt lat="19.056042" lon="98.955154">
        <ele>330.990457</ele>
        <time>2025-10-30T17:54:05.042Z</time>
      </trkpt>
      <trkpt lat="19.055663" lon="98.955191">
        <ele>330.805166</ele>
        <time>2025-10-30T17:54:11.579Z</time>
      </trkpt>
      <trkpt lat="19.054917" lon="98.955270">
        <ele>330.440179</ele>
        <time>2025-10-30T17:54:25.177Z</time>
      </trkpt>
      <trkpt lat="19.054202" lon="98.955451">
        <ele>330.210874</ele>
        <time>2025-10-30T17:54:40.061Z</time>
      </trkpt>
      <trkpt lat="19.053458" lon="98.955657">
        <ele>330.341160</ele>
        <time>2025-10-30T17:54:56.895Z</time>
      </trkpt>
      <trkpt lat="19.053232" lon="98.955777">
        <ele>330.383998</ele>
        <time>2025-10-30T17:55:02.370Z</time>
      </trkpt>
      <trkpt lat="19.053097" lon="98.955934">
        <ele>330.417984</ele>
        <time>2025-10-30T17:55:06.629Z</time>
      </trkpt>
      <trkpt lat="19.052736" lon="98.956517">
        <ele>330.427753</ele>
        <time>2025-10-30T17:55:19.973Z</time>
      </trkpt>
      <trkpt lat="19.052459" lon="98.956727">
        <ele>330.360941</ele>
        <time>2025-10-30T17:55:26.545Z</time>
      </trkpt>
      <trkpt lat="19.051635" lon="98.957349">
        <ele>330.162484</ele>
        <time>2025-10-30T17:55:46.233Z</time>
      </trkpt>
      <trkpt lat="19.051412" lon="98.957431">
        <ele>330.080271</ele>
        <time>2025-10-30T17:55:50.712Z</time>
      </trkpt>
      <trkpt lat="19.050906" lon="98.957617">
        <ele>329.696779</ele>
        <time>2025-10-30T17:56:00.638Z</time>
      </trkpt>
      <trkpt lat="19.050322" lon="98.957644">
        <ele>329.278291</ele>
        <time>2025-10-30T17:56:10.978Z</time>
      </trkpt>
      <trkpt lat="19.050215" lon="98.957540">
        <ele>329.174269</ele>
        <time>2025-10-30T17:56:13.474Z</time>
      </trkpt>
      <trkpt lat="19.050155" lon="98.957505">
        <ele>329.125218</ele>
        <time>2025-10-30T17:56:14.656Z</time>
      </trkpt>
      <trkpt lat="19.049665" lon="98.957437">
        <ele>328.810579</ele>
        <time>2025-10-30T17:56:23.214Z</time>
      </trkpt>
      <trkpt lat="19.049209" lon="98.957495">
        <ele>328.663976</ele>
        <time>2025-10-30T17:56:31.465Z</time>
      </trkpt>
      <trkpt lat="19.047846" lon="98.957593">
        <ele>328.213919</ele>
        <time>2025-10-30T17:56:59.149Z</time>
      </trkpt>
      <trkpt lat="19.046809" lon="98.957516">
        <ele>327.766255</ele>
        <time>2025-10-30T17:57:19.098Z</time>
      </trkpt>
      <trkpt lat="19.046655" lon="98.956990">
        <ele>327.542108</ele>
        <time>2025-10-30T17:57:27.914Z</time>
      </trkpt>
      <trkpt lat="19.046198" lon="98.955221">
        <ele>327.314760</ele>
        <time>2025-10-30T17:58:00.418Z</time>
      </trkpt>
      <trkpt lat="19.046175" lon="98.955138">
        <ele>327.305746</ele>
        <time>2025-10-30T17:58:02.615Z</time>
      </trkpt>
      <trkpt lat="19.046034" lon="98.954600">
        <ele>327.677974</ele>
        <time>2025-10-30T17:58:16.819Z</time>
      </trkpt>
      <trkpt lat="19.045459" lon="98.954756">
        <ele>328.204996</ele>
        <time>2025-10-30T17:58:33.340Z</time>
      </trkpt>
      <trkpt lat="19.045424" lon="98.954723">
        <ele>328.246621</ele>
        <time>2025-10-30T17:58:34.541Z</time>
      </trkpt>
      <trkpt lat="19.045352" lon="98.954343">
        <ele>328.571871</ele>
        <time>2025-10-30T17:58:42.941Z</time>
      </trkpt>
      <trkpt lat="19.045252" lon="98.954312">
        <ele>328.664388</ele>
        <time>2025-10-30T17:58:44.974Z</time>
      </trkpt>
      <trkpt lat="19.044764" lon="98.954322">
        <ele>328.957454</ele>
        <time>2025-10-30T17:58:53.942Z</time>
      </trkpt>
      <trkpt lat="19.044617" lon="98.954291">
        <ele>328.999796</ele>
        <time>2025-10-30T17:58:56.744Z</time>
      </trkpt>
      <trkpt lat="19.044460" lon="98.953431">
        <ele>329.233677</ele>
        <time>2025-10-30T17:59:13.694Z</time>
      </trkpt>
      <trkpt lat="19.044049" lon="98.953592">
        <ele>329.357481</ele>
        <time>2025-10-30T17:59:23.930Z</time>
      </trkpt>
      <trkpt lat="19.042847" lon="98.954243">
        <ele>330.334069</ele>
        <time>2025-10-30T17:59:57.118Z</time>
      </trkpt>
      <trkpt lat="19.042462" lon="98.954424">
        <ele>330.662101</ele>
        <time>2025-10-30T18:00:06.683Z</time>
      </trkpt>
      <trkpt lat="19.042350" lon="98.954428">
        <ele>330.749355</ele>
        <time>2025-10-30T18:00:09.076Z</time>
      </trkpt>
      <trkpt lat="19.042264" lon="98.954382">
        <ele>330.805135</ele>
        <time>2025-10-30T18:00:11.064Z</time>
      </trkpt>
      <trkpt lat="19.042207" lon="98.954289">
        <ele>330.820913</ele>
        <time>2025-10-30T18:00:13.183Z</time>
      </trkpt>
      <trkpt lat="19.042101" lon="98.953912">
        <ele>330.876906</ele>
        <time>2025-10-30T18:00:20.619Z</time>
      </trkpt>
      <trkpt lat="19.042046" lon="98.953533">
        <ele>330.931492</ele>
        <time>2025-10-30T18:00:28.213Z</time>
      </trkpt>
      <trkpt lat="19.041600" lon="98.953324">
        <ele>331.004955</ele>
        <time>2025-10-30T18:00:38.040Z</time>
      </trkpt>
      <trkpt lat="19.041764" lon="98.952961">
        <ele>331.062230</ele>
        <time>2025-10-30T18:00:45.760Z</time>
      </trkpt>
      <trkpt lat="19.041955" lon="98.952433">
        <ele>331.178040</ele>
        <time>2025-10-30T18:00:57.032Z</time>
      </trkpt>
      <trkpt lat="19.041996" lon="98.952125">
        <ele>331.244254</ele>
        <time>2025-10-30T18:01:03.843Z</time>
      </trkpt>
      <trkpt lat="19.042067" lon="98.951588">
        <ele>331.359682</ele>
        <time>2025-10-30T18:01:14.958Z</time>
      </trkpt>
      <trkpt lat="19.041561" lon="98.951721">
        <ele>331.476343</ele>
        <time>2025-10-30T18:01:25.676Z</time>
      </trkpt>
      <trkpt lat="19.041111" lon="98.951940">
        <ele>331.457900</ele>
        <time>2025-10-30T18:01:35.266Z</time>
      </trkpt>
      <trkpt lat="19.040750" lon="98.952181">
        <ele>331.442007</ele>
        <time>2025-10-30T18:01:43.641Z</time>
      </trkpt>
      <trkpt lat="19.040621" lon="98.952333">
        <ele>331.434817</ele>
        <time>2025-10-30T18:01:47.599Z</time>
      </trkpt>
      <trkpt lat="19.040514" lon="98.952525">
        <ele>331.426973</ele>
        <time>2025-10-30T18:01:51.929Z</time>
      </trkpt>
      <trkpt lat="19.040384" lon="98.952686">
        <ele>331.419520</ele>
        <time>2025-10-30T18:01:56.019Z</time>
      </trkpt>
      <trkpt lat="19.040190" lon="98.952821">
        <ele>331.410875</ele>
        <time>2025-10-30T18:02:00.777Z</time>
      </trkpt>
      <trkpt lat="19.039887" lon="98.953032">
        <ele>331.335552</ele>
        <time>2025-10-30T18:02:08.101Z</time>
      </trkpt>
      <trkpt lat="19.039791" lon="98.953064">
        <ele>331.312680</ele>
        <time>2025-10-30T18:02:10.184Z</time>
      </trkpt>
      <trkpt lat="19.039567" lon="98.953074">
        <ele>331.261735</ele>
        <time>2025-10-30T18:02:14.761Z</time>
      </trkpt>
      <trkpt lat="19.039417" lon="98.953122">
        <ele>331.226124</ele>
        <time>2025-10-30T18:02:18.068Z</time>
      </trkpt>
      <trkpt lat="19.039333" lon="98.953214">
        <ele>331.198650</ele>
        <time>2025-10-30T18:02:20.651Z</time>
      </trkpt>
      <trkpt lat="19.039280" lon="98.953357">
        <ele>331.165656</ele>
        <time>2025-10-30T18:02:23.659Z</time>
      </trkpt>
      <trkpt lat="19.039214" lon="98.953426">
        <ele>331.144571</ele>
        <time>2025-10-30T18:02:25.530Z</time>
      </trkpt>
      <trkpt lat="19.038551" lon="98.953596">
        <ele>330.971719</ele>
        <time>2025-10-30T18:02:37.684Z</time>
      </trkpt>
      <trkpt lat="19.038468" lon="98.953647">
        <ele>330.915231</ele>
        <time>2025-10-30T18:02:39.315Z</time>
      </trkpt>
      <trkpt lat="19.038343" lon="98.953811">
        <ele>330.798032</ele>
        <time>2025-10-30T18:02:42.735Z</time>
      </trkpt>
      <trkpt lat="19.038274" lon="98.953835">
        <ele>330.755287</ele>
        <time>2025-10-30T18:02:44.021Z</time>
      </trkpt>
      <trkpt lat="19.038218" lon="98.953837">
        <ele>330.722312</ele>
        <time>2025-10-30T18:02:45.044Z</time>
      </trkpt>
      <trkpt lat="19.037760" lon="98.953789">
        <ele>330.451457</ele>
        <time>2025-10-30T18:02:53.736Z</time>
      </trkpt>
      <trkpt lat="19.037623" lon="98.953822">
        <ele>330.368768</ele>
        <time>2025-10-30T18:02:56.372Z</time>
      </trkpt>
      <trkpt lat="19.037373" lon="98.953999">
        <ele>330.191730</ele>
        <time>2025-10-30T18:03:01.983Z</time>
      </trkpt>
      <trkpt lat="19.037207" lon="98.954090">
        <ele>330.081701</ele>
        <time>2025-10-30T18:03:05.430Z</time>
      </trkpt>
      <trkpt lat="19.037086" lon="98.954113">
        <ele>330.009351</ele>
        <time>2025-10-30T18:03:07.661Z</time>
      </trkpt>
      <trkpt lat="19.036314" lon="98.954175">
        <ele>329.439710</ele>
        <time>2025-10-30T18:03:21.946Z</time>
      </trkpt>
      <trkpt lat="19.035909" lon="98.954365">
        <ele>329.102474</ele>
        <time>2025-10-30T18:03:29.744Z</time>
      </trkpt>
      <trkpt lat="19.035855" lon="98.954389">
        <ele>329.057890</ele>
        <time>2025-10-30T18:03:30.736Z</time>
      </trkpt>
      <trkpt lat="19.035615" lon="98.954369">
        <ele>328.874639</ele>
        <time>2025-10-30T18:03:34.803Z</time>
      </trkpt>
      <trkpt lat="19.035438" lon="98.954308">
        <ele>328.732939</ele>
        <time>2025-10-30T18:03:37.989Z</time>
      </trkpt>
      <trkpt lat="19.034827" lon="98.953920">
        <ele>328.529252</ele>
        <time>2025-10-30T18:03:50.887Z</time>
      </trkpt>
      <trkpt lat="19.034775" lon="98.953887">
        <ele>328.523956</ele>
        <time>2025-10-30T18:03:52.097Z</time>
      </trkpt>
      <trkpt lat="19.034754" lon="98.953873">
        <ele>328.521788</ele>
        <time>2025-10-30T18:03:52.593Z</time>
      </trkpt>
      <trkpt lat="19.034702" lon="98.953841">
        <ele>328.516534</ele>
        <time>2025-10-30T18:03:53.826Z</time>
      </trkpt>
      <trkpt lat="19.034499" lon="98.953713">
        <ele>328.495894</ele>
        <time>2025-10-30T18:03:58.702Z</time>
      </trkpt>
      <trkpt lat="19.033738" lon="98.953397">
        <ele>328.424494</ele>
        <time>2025-10-30T18:04:16.167Z</time>
      </trkpt>
      <trkpt lat="19.032424" lon="98.952951">
        <ele>328.569159</ele>
        <time>2025-10-30T18:04:45.089Z</time>
      </trkpt>
      <trkpt lat="19.031824" lon="98.952677">
        <ele>328.588985</ele>
        <time>2025-10-30T18:04:58.081Z</time>
      </trkpt>
      <trkpt lat="19.031443" lon="98.952584">
        <ele>328.471447</ele>
        <time>2025-10-30T18:05:05.915Z</time>
      </trkpt>
      <trkpt lat="19.030925" lon="98.952569">
        <ele>328.315678</ele>
        <time>2025-10-30T18:05:16.310Z</time>
      </trkpt>
      <trkpt lat="19.030373" lon="98.952612">
        <ele>328.149299</ele>
        <time>2025-10-30T18:05:26.375Z</time>
      </trkpt>
      <trkpt lat="19.029926" lon="98.952749">
        <ele>327.983022</ele>
        <time>2025-10-30T18:05:34.744Z</time>
      </trkpt>
      <trkpt lat="19.029759" lon="98.952826">
        <ele>327.910318</ele>
        <time>2025-10-30T18:05:38.108Z</time>
      </trkpt>
      <trkpt lat="19.029500" lon="98.953096">
        <ele>327.765194</ele>
        <time>2025-10-30T18:05:44.950Z</time>
      </trkpt>
      <trkpt lat="19.028616" lon="98.953969">
        <ele>327.474473</ele>
        <time>2025-10-30T18:06:07.796Z</time>
      </trkpt>
      <trkpt lat="19.028185" lon="98.954144">
        <ele>327.685077</ele>
        <time>2025-10-30T18:06:17.965Z</time>
      </trkpt>
      <trkpt lat="19.027880" lon="98.954386">
        <ele>327.859007</ele>
        <time>2025-10-30T18:06:26.523Z</time>
      </trkpt>
      <trkpt lat="19.027527" lon="98.954595">
        <ele>328.043551</ele>
        <time>2025-10-30T18:06:35.856Z</time>
      </trkpt>
      <trkpt lat="19.027372" lon="98.954620">
        <ele>328.115077</ele>
        <time>2025-10-30T18:06:39.466Z</time>
      </trkpt>
      <trkpt lat="19.027178" lon="98.954600">
        <ele>328.201793</ele>
        <time>2025-10-30T18:06:43.876Z</time>
      </trkpt>
      <trkpt lat="19.026520" lon="98.954399">
        <ele>328.453675</ele>
        <time>2025-10-30T18:07:00.957Z</time>
      </trkpt>
      <trkpt lat="19.026052" lon="98.954243">
        <ele>328.634135</ele>
        <time>2025-10-30T18:07:11.775Z</time>
      </trkpt>
      <trkpt lat="19.025506" lon="98.954175">
        <ele>328.836325</ele>
        <time>2025-10-30T18:07:22.229Z</time>
      </trkpt>
      <trkpt lat="19.025312" lon="98.954073">
        <ele>328.794821</ele>
        <time>2025-10-30T18:07:26.153Z</time>
      </trkpt>
      <trkpt lat="19.025066" lon="98.953820">
        <ele>328.673923</ele>
        <time>2025-10-30T18:07:32.509Z</time>
      </trkpt>
      <trkpt lat="19.024932" lon="98.953481">
        <ele>328.551524</ele>
        <time>2025-10-30T18:07:39.105Z</time>
      </trkpt>
      <trkpt lat="19.024824" lon="98.953211">
        <ele>328.453864</ele>
        <time>2025-10-30T18:07:44.354Z</time>
      </trkpt>
      <trkpt lat="19.024657" lon="98.952922">
        <ele>328.341034</ele>
        <time>2025-10-30T18:07:50.381Z</time>
      </trkpt>
      <trkpt lat="19.024484" lon="98.952707">
        <ele>328.246985</ele>
        <time>2025-10-30T18:07:55.390Z</time>
      </trkpt>
      <trkpt lat="19.024312" lon="98.952439">
        <ele>328.211728</ele>
        <time>2025-10-30T18:08:01.379Z</time>
      </trkpt>
      <trkpt lat="19.024022" lon="98.951806">
        <ele>328.186888</ele>
        <time>2025-10-30T18:08:14.880Z</time>
      </trkpt>
      <trkpt lat="19.023952" lon="98.951735">
        <ele>328.183265</ele>
        <time>2025-10-30T18:08:16.842Z</time>
      </trkpt>
      <trkpt lat="19.023596" lon="98.951523">
        <ele>328.168005</ele>
        <time>2025-10-30T18:08:25.061Z</time>
      </trkpt>
      <trkpt lat="19.023365" lon="98.951449">
        <ele>328.158989</ele>
        <time>2025-10-30T18:08:30.024Z</time>
      </trkpt>
      <trkpt lat="19.023167" lon="98.951437">
        <ele>328.147203</ele>
        <time>2025-10-30T18:08:34.126Z</time>
      </trkpt>
      <trkpt lat="19.022846" lon="98.951228">
        <ele>328.093993</ele>
        <time>2025-10-30T18:08:41.991Z</time>
      </trkpt>
      <trkpt lat="19.022655" lon="98.951006">
        <ele>328.053935</ele>
        <time>2025-10-30T18:08:47.739Z</time>
      </trkpt>
      <trkpt lat="19.022562" lon="98.950908">
        <ele>328.035404</ele>
        <time>2025-10-30T18:08:50.333Z</time>
      </trkpt>
      <trkpt lat="19.022423" lon="98.950810">
        <ele>328.011823</ele>
        <time>2025-10-30T18:08:53.611Z</time>
      </trkpt>
      <trkpt lat="19.022163" lon="98.950628">
        <ele>327.967812</ele>
        <time>2025-10-30T18:08:59.601Z</time>
      </trkpt>
      <trkpt lat="19.021939" lon="98.950407">
        <ele>327.924571</ele>
        <time>2025-10-30T18:09:05.370Z</time>
      </trkpt>
      <trkpt lat="19.021040" lon="98.950328">
        <ele>327.524776</ele>
        <time>2025-10-30T18:09:22.275Z</time>
      </trkpt>
      <trkpt lat="19.021028" lon="98.950348">
        <ele>327.513173</ele>
        <time>2025-10-30T18:09:22.703Z</time>
      </trkpt>
      <trkpt lat="19.020988" lon="98.950417">
        <ele>327.473526</ele>
        <time>2025-10-30T18:09:24.145Z</time>
      </trkpt>
      <trkpt lat="19.020393" lon="98.950502">
        <ele>327.162440</ele>
        <time>2025-10-30T18:09:35.278Z</time>
      </trkpt>
      <trkpt lat="19.019630" lon="98.950521">
        <ele>326.745756</ele>
        <time>2025-10-30T18:09:49.021Z</time>
      </trkpt>
      <trkpt lat="19.019018" lon="98.950494">
        <ele>326.394732</ele>
        <time>2025-10-30T18:09:59.777Z</time>
      </trkpt>
      <trkpt lat="19.018645" lon="98.950569">
        <ele>326.177149</ele>
        <time>2025-10-30T18:10:06.612Z</time>
      </trkpt>
      <trkpt lat="19.018395" lon="98.950655">
        <ele>326.026495</ele>
        <time>2025-10-30T18:10:11.560Z</time>
      </trkpt>
      <trkpt lat="19.018153" lon="98.950833">
        <ele>326.016927</ele>
        <time>2025-10-30T18:10:17.422Z</time>
      </trkpt>
      <trkpt lat="19.017921" lon="98.951026">
        <ele>326.188962</ele>
        <time>2025-10-30T18:10:23.733Z</time>
      </trkpt>
      <trkpt lat="19.017709" lon="98.951318">
        <ele>326.391838</ele>
        <time>2025-10-30T18:10:31.708Z</time>
      </trkpt>
      <trkpt lat="19.017504" lon="98.951768">
        <ele>326.667095</ele>
        <time>2025-10-30T18:10:43.100Z</time>
      </trkpt>
      <trkpt lat="19.017366" lon="98.952127">
        <ele>326.880647</ele>
        <time>2025-10-30T18:10:52.148Z</time>
      </trkpt>
      <trkpt lat="19.017201" lon="98.952723">
        <ele>327.077316</ele>
        <time>2025-10-30T18:11:05.847Z</time>
      </trkpt>
      <trkpt lat="19.017145" lon="98.953157">
        <ele>327.171036</ele>
        <time>2025-10-30T18:11:14.759Z</time>
      </trkpt>
      <trkpt lat="19.016994" lon="98.953574">
        <ele>327.266579</ele>
        <time>2025-10-30T18:11:23.251Z</time>
      </trkpt>
      <trkpt lat="19.016783" lon="98.953588">
        <ele>327.314425</ele>
        <time>2025-10-30T18:11:27.403Z</time>
      </trkpt>
      <trkpt lat="19.016403" lon="98.953678">
        <ele>327.382336</ele>
        <time>2025-10-30T18:11:34.875Z</time>
      </trkpt>
      <trkpt lat="19.015590" lon="98.953678">
        <ele>327.214191</ele>
        <time>2025-10-30T18:11:50.515Z</time>
      </trkpt>
      <trkpt lat="19.015321" lon="98.953734">
        <ele>327.157489</ele>
        <time>2025-10-30T18:11:55.882Z</time>
      </trkpt>
      <trkpt lat="19.015142" lon="98.953874">
        <ele>327.111446</ele>
        <time>2025-10-30T18:12:00.254Z</time>
      </trkpt>
      <trkpt lat="19.014939" lon="98.954094">
        <ele>327.051336</ele>
        <time>2025-10-30T18:12:05.960Z</time>
      </trkpt>
      <trkpt lat="19.014901" lon="98.954346">
        <ele>327.019538</ele>
        <time>2025-10-30T18:12:10.703Z</time>
      </trkpt>
      <trkpt lat="19.014783" lon="98.954660">
        <ele>327.017915</ele>
        <time>2025-10-30T18:12:17.001Z</time>
      </trkpt>
      <trkpt lat="19.014636" lon="98.954875">
        <ele>327.016641</ele>
        <time>2025-10-30T18:12:21.975Z</time>
      </trkpt>
      <trkpt lat="19.013566" lon="98.955681">
        <ele>327.042560</ele>
        <time>2025-10-30T18:12:48.838Z</time>
      </trkpt>
      <trkpt lat="19.012787" lon="98.955973">
        <ele>327.192288</ele>
        <time>2025-10-30T18:13:06.390Z</time>
      </trkpt>
      <trkpt lat="19.011965" lon="98.956413">
        <ele>327.338447</ele>
        <time>2025-10-30T18:13:25.642Z</time>
      </trkpt>
      <trkpt lat="19.011265" lon="98.956660">
        <ele>327.348792</ele>
        <time>2025-10-30T18:13:40.554Z</time>
      </trkpt>
      <trkpt lat="19.011131" lon="98.956817">
        <ele>327.351595</ele>
        <time>2025-10-30T18:13:44.576Z</time>
      </trkpt>
      <trkpt lat="19.011087" lon="98.956906">
        <ele>327.352926</ele>
        <time>2025-10-30T18:13:46.478Z</time>
      </trkpt>
      <trkpt lat="19.010959" lon="98.957163">
        <ele>327.356776</ele>
        <time>2025-10-30T18:13:51.978Z</time>
      </trkpt>
      <trkpt lat="19.010863" lon="98.957275">
        <ele>327.358780</ele>
        <time>2025-10-30T18:13:54.837Z</time>
      </trkpt>
      <trkpt lat="19.009855" lon="98.958033">
        <ele>327.339927</ele>
        <time>2025-10-30T18:14:20.081Z</time>
      </trkpt>
      <trkpt lat="19.009360" lon="98.958696">
        <ele>327.322714</ele>
        <time>2025-10-30T18:14:36.200Z</time>
      </trkpt>
      <trkpt lat="19.009074" lon="98.958978">
        <ele>327.318366</ele>
        <time>2025-10-30T18:14:43.370Z</time>
      </trkpt>
      <trkpt lat="19.008538" lon="98.959256">
        <ele>327.311729</ele>
        <time>2025-10-30T18:14:55.532Z</time>
      </trkpt>
      <trkpt lat="19.008415" lon="98.959428">
        <ele>327.309462</ele>
        <time>2025-10-30T18:14:59.854Z</time>
      </trkpt>
      <trkpt lat="19.008196" lon="98.959560">
        <ele>327.306660</ele>
        <time>2025-10-30T18:15:05.062Z</time>
      </trkpt>
      <trkpt lat="19.007892" lon="98.959648">
        <ele>327.303156</ele>
        <time>2025-10-30T18:15:11.690Z</time>
      </trkpt>
      <trkpt lat="19.007098" lon="98.959936">
        <ele>326.971358</ele>
        <time>2025-10-30T18:15:28.732Z</time>
      </trkpt>
      <trkpt lat="19.006940" lon="98.959965">
        <ele>326.905940</ele>
        <time>2025-10-30T18:15:31.904Z</time>
      </trkpt>
      <trkpt lat="19.006487" lon="98.960052">
        <ele>326.718122</ele>
        <time>2025-10-30T18:15:39.868Z</time>
      </trkpt>
      <trkpt lat="19.006334" lon="98.960130">
        <ele>326.648835</ele>
        <time>2025-10-30T18:15:42.746Z</time>
      </trkpt>
      <trkpt lat="19.006223" lon="98.960304">
        <ele>326.568769</ele>
        <time>2025-10-30T18:15:46.115Z</time>
      </trkpt>
      <trkpt lat="19.006080" lon="98.960683">
        <ele>326.524257</ele>
        <time>2025-10-30T18:15:53.027Z</time>
      </trkpt>
      <trkpt lat="19.006023" lon="98.960734">
        <ele>326.515643</ele>
        <time>2025-10-30T18:15:54.481Z</time>
      </trkpt>
      <trkpt lat="19.005706" lon="98.960818">
        <ele>326.477940</ele>
        <time>2025-10-30T18:16:01.375Z</time>
      </trkpt>
      <trkpt lat="19.005478" lon="98.960878">
        <ele>326.450834</ele>
        <time>2025-10-30T18:16:06.316Z</time>
      </trkpt>
      <trkpt lat="19.005131" lon="98.961012">
        <ele>326.408215</ele>
        <time>2025-10-30T18:16:13.943Z</time>
      </trkpt>
      <trkpt lat="19.005075" lon="98.961033">
        <ele>326.401360</ele>
        <time>2025-10-30T18:16:15.101Z</time>
      </trkpt>
      <trkpt lat="19.004695" lon="98.961104">
        <ele>326.351860</ele>
        <time>2025-10-30T18:16:23.115Z</time>
      </trkpt>
      <trkpt lat="19.004651" lon="98.961917">
        <ele>326.170284</ele>
        <time>2025-10-30T18:16:39.742Z</time>
      </trkpt>
      <trkpt lat="19.004547" lon="98.962004">
        <ele>326.139013</ele>
        <time>2025-10-30T18:16:42.336Z</time>
      </trkpt>
      <trkpt lat="19.004259" lon="98.962087">
        <ele>326.068617</ele>
        <time>2025-10-30T18:16:47.703Z</time>
      </trkpt>
      <trkpt lat="19.004053" lon="98.962148">
        <ele>326.018167</ele>
        <time>2025-10-30T18:16:51.482Z</time>
      </trkpt>
      <trkpt lat="19.003878" lon="98.962194">
        <ele>325.975641</ele>
        <time>2025-10-30T18:16:54.707Z</time>
      </trkpt>
      <trkpt lat="19.003244" lon="98.962158">
        <ele>325.549518</ele>
        <time>2025-10-30T18:17:06.316Z</time>
      </trkpt>
      <trkpt lat="19.002856" lon="98.962174">
        <ele>325.231003</ele>
        <time>2025-10-30T18:17:13.320Z</time>
      </trkpt>
      <trkpt lat="19.002735" lon="98.962236">
        <ele>325.120713</ele>
        <time>2025-10-30T18:17:15.602Z</time>
      </trkpt>
      <trkpt lat="19.002349" lon="98.962443">
        <ele>324.765704</ele>
        <time>2025-10-30T18:17:22.859Z</time>
      </trkpt>
      <trkpt lat="19.002123" lon="98.962475">
        <ele>324.578664</ele>
        <time>2025-10-30T18:17:26.748Z</time>
      </trkpt>
      <trkpt lat="19.002075" lon="98.962488">
        <ele>324.538020</ele>
        <time>2025-10-30T18:17:27.603Z</time>
      </trkpt>
      <trkpt lat="19.001317" lon="98.962601">
        <ele>324.532847</ele>
        <time>2025-10-30T18:17:42.182Z</time>
      </trkpt>
      <trkpt lat="19.000076" lon="98.962968">
        <ele>324.742557</ele>
        <time>2025-10-30T18:18:10.660Z</time>
      </trkpt>
      <trkpt lat="18.999671" lon="98.963215">
        <ele>325.004468</ele>
        <time>2025-10-30T18:18:21.524Z</time>
      </trkpt>
      <trkpt lat="18.998646" lon="98.963408">
        <ele>325.587727</ele>
        <time>2025-10-30T18:18:45.033Z</time>
      </trkpt>
      <trkpt lat="18.997902" lon="98.963677">
        <ele>325.680068</ele>
        <time>2025-10-30T18:19:01.975Z</time>
      </trkpt>
      <trkpt lat="18.997581" lon="98.963794">
        <ele>325.690926</ele>
        <time>2025-10-30T18:19:08.962Z</time>
      </trkpt>
      <trkpt lat="18.997486" lon="98.963795">
        <ele>325.693964</ele>
        <time>2025-10-30T18:19:10.881Z</time>
      </trkpt>
      <trkpt lat="18.997288" lon="98.963797">
        <ele>325.700296</ele>
        <time>2025-10-30T18:19:14.810Z</time>
      </trkpt>
      <trkpt lat="18.996881" lon="98.963805">
        <ele>325.713313</ele>
        <time>2025-10-30T18:19:22.705Z</time>
      </trkpt>
      <trkpt lat="18.996241" lon="98.963540">
        <ele>325.556538</ele>
        <time>2025-10-30T18:19:35.533Z</time>
      </trkpt>
      <trkpt lat="18.995047" lon="98.962592">
        <ele>325.287291</ele>
        <time>2025-10-30T18:20:04.232Z</time>
      </trkpt>
      <trkpt lat="18.994683" lon="98.962318">
        <ele>325.383516</ele>
        <time>2025-10-30T18:20:13.680Z</time>
      </trkpt>
      <trkpt lat="18.994603" lon="98.962257">
        <ele>325.404757</ele>
        <time>2025-10-30T18:20:15.795Z</time>
      </trkpt>
      <trkpt lat="18.994321" lon="98.962039">
        <ele>325.479987</ele>
        <time>2025-10-30T18:20:23.385Z</time>
      </trkpt>
      <trkpt lat="18.993708" lon="98.961672">
        <ele>325.608798</ele>
        <time>2025-10-30T18:20:38.824Z</time>
      </trkpt>
      <trkpt lat="18.993259" lon="98.961488">
        <ele>325.578368</ele>
        <time>2025-10-30T18:20:48.897Z</time>
      </trkpt>
      <trkpt lat="18.993041" lon="98.961469">
        <ele>325.564545</ele>
        <time>2025-10-30T18:20:53.318Z</time>
      </trkpt>
      <trkpt lat="18.991707" lon="98.961552">
        <ele>325.245078</ele>
        <time>2025-10-30T18:21:19.380Z</time>
      </trkpt>
      <trkpt lat="18.991013" lon="98.961415">
        <ele>324.682169</ele>
        <time>2025-10-30T18:21:31.549Z</time>
      </trkpt>
      <trkpt lat="18.989972" lon="98.961181">
        <ele>324.036876</ele>
        <time>2025-10-30T18:21:49.936Z</time>
      </trkpt>
      <trkpt lat="18.989555" lon="98.960942">
        <ele>323.989190</ele>
        <time>2025-10-30T18:21:59.001Z</time>
      </trkpt>
      <trkpt lat="18.989419" lon="98.960816">
        <ele>323.971012</ele>
        <time>2025-10-30T18:22:02.777Z</time>
      </trkpt>
      <trkpt lat="18.988827" lon="98.960589">
        <ele>323.907701</ele>
        <time>2025-10-30T18:22:16.836Z</time>
      </trkpt>
      <trkpt lat="18.987821" lon="98.960350">
        <ele>323.793657</ele>
        <time>2025-10-30T18:22:38.487Z</time>
      </trkpt>
      <trkpt lat="18.987338" lon="98.960290">
        <ele>323.738523</ele>
        <time>2025-10-30T18:22:47.407Z</time>
      </trkpt>
      <trkpt lat="18.986320" lon="98.960447">
        <ele>323.614501</ele>
        <time>2025-10-30T18:23:07.047Z</time>
      </trkpt>
      <trkpt lat="18.984903" lon="98.960404">
        <ele>323.382749</ele>
        <time>2025-10-30T18:23:36.088Z</time>
      </trkpt>
      <trkpt lat="18.983564" lon="98.960055">
        <ele>322.718846</ele>
        <time>2025-10-30T18:24:00.646Z</time>
      </trkpt>
      <trkpt lat="18.982388" lon="98.960099">
        <ele>322.798941</ele>
        <time>2025-10-30T18:24:24.678Z</time>
      </trkpt>
      <trkpt lat="18.981626" lon="98.960228">
        <ele>322.980913</ele>
        <time>2025-10-30T18:24:42.357Z</time>
      </trkpt>
      <trkpt lat="18.981314" lon="98.960272">
        <ele>322.976534</ele>
        <time>2025-10-30T18:24:49.410Z</time>
      </trkpt>
      <trkpt lat="18.980844" lon="98.960337">
        <ele>322.891537</ele>
        <time>2025-10-30T18:24:59.386Z</time>
      </trkpt>
      <trkpt lat="18.980492" lon="98.960380">
        <ele>322.827997</ele>
        <time>2025-10-30T18:25:06.166Z</time>
      </trkpt>
      <trkpt lat="18.980152" lon="98.960490">
        <ele>322.764240</ele>
        <time>2025-10-30T18:25:12.681Z</time>
      </trkpt>
      <trkpt lat="18.979499" lon="98.960955">
        <ele>322.544291</ele>
        <time>2025-10-30T18:25:26.738Z</time>
      </trkpt>
      <trkpt lat="18.978896" lon="98.961286">
        <ele>322.274546</ele>
        <time>2025-10-30T18:25:39.396Z</time>
      </trkpt>
      <trkpt lat="18.978721" lon="98.961329">
        <ele>322.203214</ele>
        <time>2025-10-30T18:25:42.853Z</time>
      </trkpt>
      <trkpt lat="18.978021" lon="98.961423">
        <ele>322.019044</ele>
        <time>2025-10-30T18:25:56.719Z</time>
      </trkpt>
      <trkpt lat="18.977932" lon="98.961457">
        <ele>322.052496</ele>
        <time>2025-10-30T18:25:58.627Z</time>
      </trkpt>
      <trkpt lat="18.977443" lon="98.961853">
        <ele>322.270224</ele>
        <time>2025-10-30T18:26:11.545Z</time>
      </trkpt>
      <trkpt lat="18.977169" lon="98.962458">
        <ele>322.494466</ele>
        <time>2025-10-30T18:26:25.595Z</time>
      </trkpt>
      <trkpt lat="18.977017" lon="98.962700">
        <ele>322.591583</ele>
        <time>2025-10-30T18:26:31.962Z</time>
      </trkpt>
      <trkpt lat="18.976746" lon="98.962984">
        <ele>322.759166</ele>
        <time>2025-10-30T18:26:40.903Z</time>
      </trkpt>
      <trkpt lat="18.976403" lon="98.963247">
        <ele>322.950883</ele>
        <time>2025-10-30T18:26:50.821Z</time>
      </trkpt>
      <trkpt lat="18.976108" lon="98.963428">
        <ele>323.105215</ele>
        <time>2025-10-30T18:26:58.666Z</time>
      </trkpt>
      <trkpt lat="18.975942" lon="98.963475">
        <ele>323.182976</ele>
        <time>2025-10-30T18:27:02.501Z</time>
      </trkpt>
      <trkpt lat="18.973882" lon="98.963837">
        <ele>323.117731</ele>
        <time>2025-10-30T18:27:43.890Z</time>
      </trkpt>
      <trkpt lat="18.973846" lon="98.962719">
        <ele>322.533158</ele>
        <time>2025-10-30T18:28:03.009Z</time>
      </trkpt>
      <trkpt lat="18.973808" lon="98.962666">
        <ele>322.491755</ele>
        <time>2025-10-30T18:28:04.128Z</time>
      </trkpt>
      <trkpt lat="18.973477" lon="98.962590">
        <ele>322.268795</ele>
        <time>2025-10-30T18:28:10.156Z</time>
      </trkpt>
      <trkpt lat="18.972421" lon="98.962346">
        <ele>321.808130</ele>
        <time>2025-10-30T18:28:29.524Z</time>
      </trkpt>
      <trkpt lat="18.972070" lon="98.962376">
        <ele>321.753111</ele>
        <time>2025-10-30T18:28:36.435Z</time>
      </trkpt>
      <trkpt lat="18.971690" lon="98.962346">
        <ele>321.693574</ele>
        <time>2025-10-30T18:28:44.401Z</time>
      </trkpt>
      <trkpt lat="18.971515" lon="98.962365">
        <ele>321.666088</ele>
        <time>2025-10-30T18:28:48.261Z</time>
      </trkpt>
      <trkpt lat="18.970432" lon="98.962915">
        <ele>321.388754</ele>
        <time>2025-10-30T18:29:13.597Z</time>
      </trkpt>
      <trkpt lat="18.970185" lon="98.961596">
        <ele>321.090671</ele>
        <time>2025-10-30T18:29:36.437Z</time>
      </trkpt>
      <trkpt lat="18.970198" lon="98.961403">
        <ele>321.068245</ele>
        <time>2025-10-30T18:29:39.705Z</time>
      </trkpt>
      <trkpt lat="18.967649" lon="98.961922">
        <ele>321.162727</ele>
        <time>2025-10-30T18:30:33.747Z</time>
      </trkpt>
      <trkpt lat="18.967275" lon="98.961978">
        <ele>321.239672</ele>
        <time>2025-10-30T18:30:41.853Z</time>
      </trkpt>
      <trkpt lat="18.967122" lon="98.962001">
        <ele>321.271151</ele>
        <time>2025-10-30T18:30:45.139Z</time>
      </trkpt>
      <trkpt lat="18.966744" lon="98.962130">
        <ele>321.292195</ele>
        <time>2025-10-30T18:30:53.497Z</time>
      </trkpt>
      <trkpt lat="18.966505" lon="98.962409">
        <ele>321.310830</ele>
        <time>2025-10-30T18:31:00.832Z</time>
      </trkpt>
      <trkpt lat="18.965272" lon="98.965357">
        <ele>321.401548</ele>
        <time>2025-10-30T18:32:01.984Z</time>
      </trkpt>
      <trkpt lat="18.964943" lon="98.966033">
        <ele>321.589411</ele>
        <time>2025-10-30T18:32:17.401Z</time>
      </trkpt>
      <trkpt lat="18.964757" lon="98.966193">
        <ele>321.652061</ele>
        <time>2025-10-30T18:32:22.557Z</time>
      </trkpt>
      <trkpt lat="18.963708" lon="98.966660">
        <ele>322.014643</ele>
        <time>2025-10-30T18:32:47.162Z</time>
      </trkpt>
      <trkpt lat="18.963385" lon="98.966888">
        <ele>322.166651</ele>
        <time>2025-10-30T18:32:55.651Z</time>
      </trkpt>
      <trkpt lat="18.962548" lon="98.967757">
        <ele>322.542479</ele>
        <time>2025-10-30T18:33:21.518Z</time>
      </trkpt>
      <trkpt lat="18.962021" lon="98.968326">
        <ele>322.599374</ele>
        <time>2025-10-30T18:33:37.237Z</time>
      </trkpt>
      <trkpt lat="18.961726" lon="98.968588">
        <ele>322.628476</ele>
        <time>2025-10-30T18:33:44.845Z</time>
      </trkpt>
      <trkpt lat="18.961070" lon="98.968908">
        <ele>322.539362</ele>
        <time>2025-10-30T18:33:58.735Z</time>
      </trkpt>
      <trkpt lat="18.958190" lon="98.970380">
        <ele>321.432617</ele>
        <time>2025-10-30T18:34:59.039Z</time>
      </trkpt>
      <trkpt lat="18.958003" lon="98.970504">
        <ele>321.425160</ele>
        <time>2025-10-30T18:35:03.529Z</time>
      </trkpt>
      <trkpt lat="18.957593" lon="98.970844">
        <ele>321.482902</ele>
        <time>2025-10-30T18:35:14.516Z</time>
      </trkpt>
      <trkpt lat="18.957046" lon="98.971297">
        <ele>321.559899</ele>
        <time>2025-10-30T18:35:29.385Z</time>
      </trkpt>
      <trkpt lat="18.956826" lon="98.971480">
        <ele>321.590919</ele>
        <time>2025-10-30T18:35:35.238Z</time>
      </trkpt>
      <trkpt lat="18.956607" lon="98.971576">
        <ele>321.593474</ele>
        <time>2025-10-30T18:35:40.103Z</time>
      </trkpt>
      <trkpt lat="18.955735" lon="98.971829">
        <ele>321.433635</ele>
        <time>2025-10-30T18:35:57.798Z</time>
      </trkpt>
      <trkpt lat="18.953122" lon="98.972585">
        <ele>320.830531</ele>
        <time>2025-10-30T18:36:49.819Z</time>
      </trkpt>
      <trkpt lat="18.948905" lon="98.972161">
        <ele>319.997951</ele>
        <time>2025-10-30T18:38:13.299Z</time>
      </trkpt>
      <trkpt lat="18.948799" lon="98.972150">
        <ele>319.954489</ele>
        <time>2025-10-30T18:38:15.244Z</time>
      </trkpt>
      <trkpt lat="18.947678" lon="98.972042">
        <ele>319.598805</ele>
        <time>2025-10-30T18:38:35.445Z</time>
      </trkpt>
      <trkpt lat="18.946917" lon="98.971968">
        <ele>319.750925</ele>
        <time>2025-10-30T18:38:51.539Z</time>
      </trkpt>
      <trkpt lat="18.946765" lon="98.972199">
        <ele>319.803904</ele>
        <time>2025-10-30T18:38:57.459Z</time>
      </trkpt>
      <trkpt lat="18.946579" lon="98.972642">
        <ele>319.895156</ele>
        <time>2025-10-30T18:39:07.777Z</time>
      </trkpt>
      <trkpt lat="18.946558" lon="98.972717">
        <ele>319.909882</ele>
        <time>2025-10-30T18:39:09.446Z</time>
      </trkpt>
      <trkpt lat="18.945904" lon="98.972608">
        <ele>319.368286</ele>
        <time>2025-10-30T18:39:20.846Z</time>
      </trkpt>
      <trkpt lat="18.945764" lon="98.972845">
        <ele>319.122758</ele>
        <time>2025-10-30T18:39:24.173Z</time>
      </trkpt>
      <trkpt lat="18.945597" lon="98.973434">
        <ele>318.582454</ele>
        <time>2025-10-30T18:39:30.309Z</time>
      </trkpt>
      <trkpt lat="18.945591" lon="98.973748">
        <ele>318.306489</ele>
        <time>2025-10-30T18:39:33.534Z</time>
      </trkpt>
      <trkpt lat="18.945576" lon="98.974018">
        <ele>318.324982</ele>
        <time>2025-10-30T18:39:36.641Z</time>
      </trkpt>
      <trkpt lat="18.945535" lon="98.974085">
        <ele>318.352988</ele>
        <time>2025-10-30T18:39:37.538Z</time>
      </trkpt>
      <trkpt lat="18.945462" lon="98.974101">
        <ele>318.380651</ele>
        <time>2025-10-30T18:39:38.573Z</time>
      </trkpt>
      <trkpt lat="18.944909" lon="98.974073">
        <ele>318.586079</ele>
        <time>2025-10-30T18:39:46.305Z</time>
      </trkpt>
      <trkpt lat="18.944674" lon="98.974080">
        <ele>318.673311</ele>
        <time>2025-10-30T18:39:50.032Z</time>
      </trkpt>
      <trkpt lat="18.944093" lon="98.974240">
        <ele>318.896087</ele>
        <time>2025-10-30T18:40:03.823Z</time>
      </trkpt>
      <trkpt lat="18.943937" lon="98.974257">
        <ele>319.028765</ele>
        <time>2025-10-30T18:40:07.844Z</time>
      </trkpt>
      <trkpt lat="18.943143" lon="98.974079">
        <ele>319.970708</ele>
        <time>2025-10-30T18:40:25.474Z</time>
      </trkpt>
      <trkpt lat="18.942411" lon="98.974038">
        <ele>320.821403</ele>
        <time>2025-10-30T18:40:38.013Z</time>
      </trkpt>
      <trkpt lat="18.942166" lon="98.974062">
        <ele>321.023892</ele>
        <time>2025-10-30T18:40:42.031Z</time>
      </trkpt>
      <trkpt lat="18.941665" lon="98.974164">
        <ele>321.125745</ele>
        <time>2025-10-30T18:40:50.187Z</time>
      </trkpt>
      <trkpt lat="18.940925" lon="98.974387">
        <ele>321.279356</ele>
        <time>2025-10-30T18:41:02.169Z</time>
      </trkpt>
      <trkpt lat="18.940862" lon="98.974407">
        <ele>321.292487</ele>
        <time>2025-10-30T18:41:03.181Z</time>
      </trkpt>
      <trkpt lat="18.940304" lon="98.974582">
        <ele>321.349066</ele>
        <time>2025-10-30T18:41:11.836Z</time>
      </trkpt>
      <trkpt lat="18.939623" lon="98.974760">
        <ele>321.294856</ele>
        <time>2025-10-30T18:41:22.020Z</time>
      </trkpt>
      <trkpt lat="18.939426" lon="98.974761">
        <ele>321.279633</ele>
        <time>2025-10-30T18:41:24.850Z</time>
      </trkpt>
      <trkpt lat="18.939215" lon="98.974724">
        <ele>321.263105</ele>
        <time>2025-10-30T18:41:27.915Z</time>
      </trkpt>
      <trkpt lat="18.939006" lon="98.974653">
        <ele>321.246141</ele>
        <time>2025-10-30T18:41:31.053Z</time>
      </trkpt>
      <trkpt lat="18.938927" lon="98.974615">
        <ele>321.239434</ele>
        <time>2025-10-30T18:41:32.303Z</time>
      </trkpt>
      <trkpt lat="18.938542" lon="98.974427">
        <ele>321.146253</ele>
        <time>2025-10-30T18:41:38.436Z</time>
      </trkpt>
      <trkpt lat="18.938375" lon="98.974288">
        <ele>321.080336</ele>
        <time>2025-10-30T18:41:41.532Z</time>
      </trkpt>
      <trkpt lat="18.938086" lon="98.973947">
        <ele>320.946024</ele>
        <time>2025-10-30T18:41:47.742Z</time>
      </trkpt>
      <trkpt lat="18.937818" lon="98.973632">
        <ele>320.821739</ele>
        <time>2025-10-30T18:41:53.231Z</time>
      </trkpt>
      <trkpt lat="18.937646" lon="98.973456">
        <ele>320.747503</ele>
        <time>2025-10-30T18:41:56.263Z</time>
      </trkpt>
      <trkpt lat="18.937503" lon="98.973378">
        <ele>320.697599</ele>
        <time>2025-10-30T18:41:58.317Z</time>
      </trkpt>
      <trkpt lat="18.937086" lon="98.973098">
        <ele>320.570069</ele>
        <time>2025-10-30T18:42:04.797Z</time>
      </trkpt>
      <trkpt lat="18.936753" lon="98.972864">
        <ele>320.471636</ele>
        <time>2025-10-30T18:42:10.216Z</time>
      </trkpt>
      <trkpt lat="18.936028" lon="98.972413">
        <ele>320.264555</ele>
        <time>2025-10-30T18:42:22.140Z</time>
      </trkpt>
      <trkpt lat="18.935566" lon="98.972264">
        <ele>320.192460</ele>
        <time>2025-10-30T18:42:29.853Z</time>
      </trkpt>
      <trkpt lat="18.935454" lon="98.972234">
        <ele>320.180566</ele>
        <time>2025-10-30T18:42:31.710Z</time>
      </trkpt>
      <trkpt lat="18.935322" lon="98.972193">
        <ele>320.166402</ele>
        <time>2025-10-30T18:42:33.861Z</time>
      </trkpt>
      <trkpt lat="18.935202" lon="98.972084">
        <ele>320.150115</ele>
        <time>2025-10-30T18:42:36.261Z</time>
      </trkpt>
      <trkpt lat="18.934657" lon="98.971452">
        <ele>320.066835</ele>
        <time>2025-10-30T18:42:47.712Z</time>
      </trkpt>
      <trkpt lat="18.934556" lon="98.971335">
        <ele>320.051410</ele>
        <time>2025-10-30T18:42:49.745Z</time>
      </trkpt>
      <trkpt lat="18.934175" lon="98.970650">
        <ele>319.719856</ele>
        <time>2025-10-30T18:42:59.799Z</time>
      </trkpt>
      <trkpt lat="18.933708" lon="98.969809">
        <ele>319.264155</ele>
        <time>2025-10-30T18:43:11.845Z</time>
      </trkpt>
      <trkpt lat="18.933526" lon="98.969640">
        <ele>319.146805</ele>
        <time>2025-10-30T18:43:14.981Z</time>
      </trkpt>
      <trkpt lat="18.933357" lon="98.969548">
        <ele>319.080454</ele>
        <time>2025-10-30T18:43:17.455Z</time>
      </trkpt>
      <trkpt lat="18.932774" lon="98.969212">
        <ele>318.848686</ele>
        <time>2025-10-30T18:43:26.301Z</time>
      </trkpt>
      <trkpt lat="18.932310" lon="98.969018">
        <ele>318.674522</ele>
        <time>2025-10-30T18:43:33.134Z</time>
      </trkpt>
      <trkpt lat="18.932266" lon="98.968975">
        <ele>318.653607</ele>
        <time>2025-10-30T18:43:33.955Z</time>
      </trkpt>
      <trkpt lat="18.932240" lon="98.968923">
        <ele>318.634188</ele>
        <time>2025-10-30T18:43:34.757Z</time>
      </trkpt>
      <trkpt lat="18.932004" lon="98.968060">
        <ele>318.506726</ele>
        <time>2025-10-30T18:43:47.417Z</time>
      </trkpt>
      <trkpt lat="18.931999" lon="98.967069">
        <ele>318.475496</ele>
        <time>2025-10-30T18:44:01.469Z</time>
      </trkpt>
      <trkpt lat="18.931925" lon="98.966968">
        <ele>318.471470</ele>
        <time>2025-10-30T18:44:03.251Z</time>
      </trkpt>
      <trkpt lat="18.931811" lon="98.966886">
        <ele>318.466876</ele>
        <time>2025-10-30T18:44:05.278Z</time>
      </trkpt>
      <trkpt lat="18.930448" lon="98.966308">
        <ele>318.367949</ele>
        <time>2025-10-30T18:44:26.118Z</time>
      </trkpt>
      <trkpt lat="18.929898" lon="98.966146">
        <ele>318.396477</ele>
        <time>2025-10-30T18:44:34.632Z</time>
      </trkpt>
      <trkpt lat="18.929363" lon="98.966072">
        <ele>318.569775</ele>
        <time>2025-10-30T18:44:43.181Z</time>
      </trkpt>
      <trkpt lat="18.928859" lon="98.966050">
        <ele>318.731791</ele>
        <time>2025-10-30T18:44:51.570Z</time>
      </trkpt>
      <trkpt lat="18.927972" lon="98.965781">
        <ele>318.772521</ele>
        <time>2025-10-30T18:45:07.333Z</time>
      </trkpt>
      <trkpt lat="18.927597" lon="98.965721">
        <ele>318.610980</ele>
        <time>2025-10-30T18:45:12.287Z</time>
      </trkpt>
      <trkpt lat="18.927010" lon="98.965542">
        <ele>318.350769</ele>
        <time>2025-10-30T18:45:19.950Z</time>
      </trkpt>
      <trkpt lat="18.926800" lon="98.965708">
        <ele>318.239085</ele>
        <time>2025-10-30T18:45:24.666Z</time>
      </trkpt>
      <trkpt lat="18.926570" lon="98.965890">
        <ele>318.152984</ele>
        <time>2025-10-30T18:45:29.832Z</time>
      </trkpt>
      <trkpt lat="18.925766" lon="98.966280">
        <ele>318.161516</ele>
        <time>2025-10-30T18:45:45.614Z</time>
      </trkpt>
      <trkpt lat="18.925387" lon="98.965794">
        <ele>318.167263</ele>
        <time>2025-10-30T18:45:59.979Z</time>
      </trkpt>
      <trkpt lat="18.925167" lon="98.965564">
        <ele>318.199843</ele>
        <time>2025-10-30T18:46:07.660Z</time>
      </trkpt>
      <trkpt lat="18.924965" lon="98.965353">
        <ele>318.315493</ele>
        <time>2025-10-30T18:46:14.481Z</time>
      </trkpt>
      <trkpt lat="18.924499" lon="98.965804">
        <ele>318.572793</ele>
        <time>2025-10-30T18:46:28.494Z</time>
      </trkpt>
      <trkpt lat="18.924040" lon="98.965706">
        <ele>318.763497</ele>
        <time>2025-10-30T18:46:38.865Z</time>
      </trkpt>
      <trkpt lat="18.923966" lon="98.965626">
        <ele>318.806602</ele>
        <time>2025-10-30T18:46:41.164Z</time>
      </trkpt>
      <trkpt lat="18.923869" lon="98.965569">
        <ele>318.851799</ele>
        <time>2025-10-30T18:46:43.539Z</time>
      </trkpt>
      <trkpt lat="18.923490" lon="98.965434">
        <ele>318.619693</ele>
        <time>2025-10-30T18:46:51.177Z</time>
      </trkpt>
      <trkpt lat="18.923018" lon="98.965289">
        <ele>318.117945</ele>
        <time>2025-10-30T18:46:59.252Z</time>
      </trkpt>
      <trkpt lat="18.922755" lon="98.965268">
        <ele>317.848711</ele>
        <time>2025-10-30T18:47:03.569Z</time>
      </trkpt>
      <trkpt lat="18.922787" lon="98.966101">
        <ele>317.065809</ele>
        <time>2025-10-30T18:47:17.142Z</time>
      </trkpt>
      <trkpt lat="18.922783" lon="98.966896">
        <ele>317.059798</ele>
        <time>2025-10-30T18:47:29.899Z</time>
      </trkpt>
      <trkpt lat="18.922068" lon="98.966831">
        <ele>317.054061</ele>
        <time>2025-10-30T18:47:46.209Z</time>
      </trkpt>
      <trkpt lat="18.921695" lon="98.966751">
        <ele>317.125626</ele>
        <time>2025-10-30T18:47:55.718Z</time>
      </trkpt>
      <trkpt lat="18.921008" lon="98.966510">
        <ele>317.854664</ele>
        <time>2025-10-30T18:48:14.278Z</time>
      </trkpt>
      <trkpt lat="18.920787" lon="98.966429">
        <ele>318.090250</ele>
        <time>2025-10-30T18:48:20.299Z</time>
      </trkpt>
      <trkpt lat="18.920638" lon="98.966322">
        <ele>318.271672</ele>
        <time>2025-10-30T18:48:24.837Z</time>
      </trkpt>
      <trkpt lat="18.920102" lon="98.965722">
        <ele>318.843445</ele>
        <time>2025-10-30T18:48:42.643Z</time>
      </trkpt>
      <trkpt lat="18.920032" lon="98.965831">
        <ele>318.830735</ele>
        <time>2025-10-30T18:48:45.154Z</time>
      </trkpt>
      <trkpt lat="18.919947" lon="98.965902">
        <ele>318.819687</ele>
        <time>2025-10-30T18:48:47.270Z</time>
      </trkpt>
      <trkpt lat="18.919856" lon="98.965941">
        <ele>318.809672</ele>
        <time>2025-10-30T18:48:49.260Z</time>
      </trkpt>
      <trkpt lat="18.919410" lon="98.966027">
        <ele>318.763437</ele>
        <time>2025-10-30T18:48:58.316Z</time>
      </trkpt>
      <trkpt lat="18.918880" lon="98.965965">
        <ele>318.709056</ele>
        <time>2025-10-30T18:49:05.479Z</time>
      </trkpt>
      <trkpt lat="18.918476" lon="98.965845">
        <ele>318.625459</ele>
        <time>2025-10-30T18:49:11.152Z</time>
      </trkpt>
      <trkpt lat="18.918297" lon="98.965839">
        <ele>318.551900</ele>
        <time>2025-10-30T18:49:13.556Z</time>
      </trkpt>
      <trkpt lat="18.918087" lon="98.965841">
        <ele>318.465641</ele>
        <time>2025-10-30T18:49:16.339Z</time>
      </trkpt>
      <trkpt lat="18.917756" lon="98.965905">
        <ele>318.327431</ele>
        <time>2025-10-30T18:49:20.906Z</time>
      </trkpt>
      <trkpt lat="18.917262" lon="98.966057">
        <ele>318.116105</ele>
        <time>2025-10-30T18:49:27.758Z</time>
      </trkpt>
      <trkpt lat="18.916940" lon="98.966200">
        <ele>317.972649</ele>
        <time>2025-10-30T18:49:32.448Z</time>
      </trkpt>
      <trkpt lat="18.916957" lon="98.966342">
        <ele>317.930171</ele>
        <time>2025-10-30T18:49:35.008Z</time>
      </trkpt>
      <trkpt lat="18.917132" lon="98.967837">
        <ele>317.666223</ele>
        <time>2025-10-30T18:50:02.550Z</time>
      </trkpt>
      <trkpt lat="18.917608" lon="98.972078">
        <ele>317.981793</ele>
        <time>2025-10-30T18:51:05.564Z</time>
      </trkpt>
      <trkpt lat="18.917804" lon="98.973844">
        <ele>316.765037</ele>
        <time>2025-10-30T18:51:25.985Z</time>
      </trkpt>
      <trkpt lat="18.917918" lon="98.974867">
        <ele>316.752352</ele>
        <time>2025-10-30T18:51:39.474Z</time>
      </trkpt>
      <trkpt lat="18.917949" lon="98.975122">
        <ele>316.749186</ele>
        <time>2025-10-30T18:51:44.722Z</time>
      </trkpt>
      <trkpt lat="18.917949" lon="98.975127">
        <ele>316.749124</ele>
        <time>2025-10-30T18:51:44.802Z</time>
      </trkpt>
      <trkpt lat="18.918260" lon="98.974965">
        <ele>316.744611</ele>
        <time>2025-10-30T18:51:50.561Z</time>
      </trkpt>
      <trkpt lat="18.919197" lon="98.974619">
        <ele>317.338024</ele>
        <time>2025-10-30T18:52:08.355Z</time>
      </trkpt>
      <trkpt lat="18.919485" lon="98.974320">
        <ele>317.649066</ele>
        <time>2025-10-30T18:52:15.836Z</time>
      </trkpt>
      <trkpt lat="18.919466" lon="98.974293">
        <ele>317.673595</ele>
        <time>2025-10-30T18:52:16.384Z</time>
      </trkpt>
      <trkpt lat="18.919426" lon="98.974244">
        <ele>317.720772</ele>
        <time>2025-10-30T18:52:17.794Z</time>
      </trkpt>
      <trkpt lat="18.919381" lon="98.973939">
        <ele>317.945779</ele>
        <time>2025-10-30T18:52:24.546Z</time>
      </trkpt>
      <trkpt lat="18.919285" lon="98.973625">
        <ele>318.170490</ele>
        <time>2025-10-30T18:52:31.939Z</time>
      </trkpt>
      <trkpt lat="18.919265" lon="98.973076">
        <ele>318.462850</ele>
        <time>2025-10-30T18:52:44.043Z</time>
      </trkpt>
      <trkpt lat="18.919201" lon="98.972973">
        <ele>318.528427</ele>
        <time>2025-10-30T18:52:46.692Z</time>
      </trkpt>
      <trkpt lat="18.919013" lon="98.972837">
        <ele>318.656574</ele>
        <time>2025-10-30T18:52:51.816Z</time>
      </trkpt>
      <trkpt lat="18.919040" lon="98.972404">
        <ele>318.887490</ele>
        <time>2025-10-30T18:53:00.854Z</time>
      </trkpt>
      <trkpt lat="18.919134" lon="98.971700">
        <ele>319.089284</ele>
        <time>2025-10-30T18:53:15.570Z</time>
      </trkpt>
      <trkpt lat="18.919207" lon="98.971489">
        <ele>319.041785</ele>
        <time>2025-10-30T18:53:20.038Z</time>
      </trkpt>
      <trkpt lat="18.919375" lon="98.971172">
        <ele>318.964964</ele>
        <time>2025-10-30T18:53:26.938Z</time>
      </trkpt>
      <trkpt lat="18.918929" lon="98.970935">
        <ele>318.853401</ele>
        <time>2025-10-30T18:53:33.809Z</time>
      </trkpt>
      <trkpt lat="18.918542" lon="98.970837">
        <ele>318.764462</ele>
        <time>2025-10-30T18:53:38.964Z</time>
      </trkpt>
      <trkpt lat="18.918097" lon="98.970777">
        <ele>318.572197</ele>
        <time>2025-10-30T18:53:44.509Z</time>
      </trkpt>
      <trkpt lat="18.917550" lon="98.970818">
        <ele>318.295799</ele>
        <time>2025-10-30T18:53:51.564Z</time>
      </trkpt>
      <trkpt lat="18.917296" lon="98.970889">
        <ele>318.163375</ele>
        <time>2025-10-30T18:53:55.026Z</time>
      </trkpt>
      <trkpt lat="18.916583" lon="98.971087">
        <ele>317.839399</ele>
        <time>2025-10-30T18:54:05.161Z</time>
      </trkpt>
      <trkpt lat="18.915812" lon="98.971325">
        <ele>317.927120</ele>
        <time>2025-10-30T18:54:17.458Z</time>
      </trkpt>
      <trkpt lat="18.915232" lon="98.971524">
        <ele>317.993718</ele>
        <time>2025-10-30T18:54:26.997Z</time>
      </trkpt>
      <trkpt lat="18.915144" lon="98.971556">
        <ele>318.003882</ele>
        <time>2025-10-30T18:54:28.445Z</time>
      </trkpt>
      <trkpt lat="18.914863" lon="98.971659">
        <ele>318.044431</ele>
        <time>2025-10-30T18:54:33.081Z</time>
      </trkpt>
      <trkpt lat="18.914359" lon="98.972027">
        <ele>318.171278</ele>
        <time>2025-10-30T18:54:42.804Z</time>
      </trkpt>
      <trkpt lat="18.913560" lon="98.972550">
        <ele>318.365891</ele>
        <time>2025-10-30T18:54:57.665Z</time>
      </trkpt>
      <trkpt lat="18.913175" lon="98.972929">
        <ele>318.346567</ele>
        <time>2025-10-30T18:55:05.599Z</time>
      </trkpt>
      <trkpt lat="18.912654" lon="98.973311">
        <ele>318.253328</ele>
        <time>2025-10-30T18:55:14.837Z</time>
      </trkpt>
      <trkpt lat="18.912230" lon="98.973551">
        <ele>318.182602</ele>
        <time>2025-10-30T18:55:21.688Z</time>
      </trkpt>
      <trkpt lat="18.912059" lon="98.973647">
        <ele>318.154130</ele>
        <time>2025-10-30T18:55:24.349Z</time>
      </trkpt>
      <trkpt lat="18.911251" lon="98.974176">
        <ele>318.054829</ele>
        <time>2025-10-30T18:55:36.777Z</time>
      </trkpt>
      <trkpt lat="18.910818" lon="98.974575">
        <ele>317.998611</ele>
        <time>2025-10-30T18:55:45.611Z</time>
      </trkpt>
      <trkpt lat="18.910389" lon="98.974970">
        <ele>317.995990</ele>
        <time>2025-10-30T18:55:54.578Z</time>
      </trkpt>
      <trkpt lat="18.910205" lon="98.975140">
        <ele>318.049557</ele>
        <time>2025-10-30T18:55:58.542Z</time>
      </trkpt>
      <trkpt lat="18.909885" lon="98.975477">
        <ele>318.148570</ele>
        <time>2025-10-30T18:56:06.525Z</time>
      </trkpt>
      <trkpt lat="18.909573" lon="98.975841">
        <ele>318.250425</ele>
        <time>2025-10-30T18:56:13.921Z</time>
      </trkpt>
      <trkpt lat="18.909406" lon="98.976029">
        <ele>318.303902</ele>
        <time>2025-10-30T18:56:17.345Z</time>
      </trkpt>
      <trkpt lat="18.909042" lon="98.976433">
        <ele>318.369207</ele>
        <time>2025-10-30T18:56:24.668Z</time>
      </trkpt>
      <trkpt lat="18.908620" lon="98.976776">
        <ele>318.396849</ele>
        <time>2025-10-30T18:56:32.286Z</time>
      </trkpt>
      <trkpt lat="18.908285" lon="98.976915">
        <ele>318.415536</ele>
        <time>2025-10-30T18:56:37.749Z</time>
      </trkpt>
      <trkpt lat="18.907829" lon="98.977071">
        <ele>318.440423</ele>
        <time>2025-10-30T18:56:45.323Z</time>
      </trkpt>
      <trkpt lat="18.907145" lon="98.977244">
        <ele>318.569575</ele>
        <time>2025-10-30T18:56:56.695Z</time>
      </trkpt>
      <trkpt lat="18.906465" lon="98.977314">
        <ele>318.714660</ele>
        <time>2025-10-30T18:57:07.740Z</time>
      </trkpt>
      <trkpt lat="18.905431" lon="98.977454">
        <ele>318.631448</ele>
        <time>2025-10-30T18:57:23.333Z</time>
      </trkpt>
      <trkpt lat="18.905052" lon="98.977499">
        <ele>318.482149</ele>
        <time>2025-10-30T18:57:28.604Z</time>
      </trkpt>
      <trkpt lat="18.904439" lon="98.977434">
        <ele>318.240974</ele>
        <time>2025-10-30T18:57:36.611Z</time>
      </trkpt>
      <trkpt lat="18.904227" lon="98.977373">
        <ele>318.154963</ele>
        <time>2025-10-30T18:57:39.371Z</time>
      </trkpt>
      <trkpt lat="18.903909" lon="98.977220">
        <ele>317.977605</ele>
        <time>2025-10-30T18:57:43.757Z</time>
      </trkpt>
      <trkpt lat="18.903556" lon="98.977086">
        <ele>317.774886</ele>
        <time>2025-10-30T18:57:48.465Z</time>
      </trkpt>
      <trkpt lat="18.903151" lon="98.977023">
        <ele>317.553635</ele>
        <time>2025-10-30T18:57:53.747Z</time>
      </trkpt>
      <trkpt lat="18.902720" lon="98.976878">
        <ele>317.309175</ele>
        <time>2025-10-30T18:57:59.802Z</time>
      </trkpt>
      <trkpt lat="18.902139" lon="98.976765">
        <ele>317.217243</ele>
        <time>2025-10-30T18:58:08.289Z</time>
      </trkpt>
      <trkpt lat="18.901749" lon="98.976596">
        <ele>317.307600</ele>
        <time>2025-10-30T18:58:14.760Z</time>
      </trkpt>
      <trkpt lat="18.901580" lon="98.976552">
        <ele>317.344911</ele>
        <time>2025-10-30T18:58:17.548Z</time>
      </trkpt>
      <trkpt lat="18.901400" lon="98.976572">
        <ele>317.383710</ele>
        <time>2025-10-30T18:58:20.482Z</time>
      </trkpt>
      <trkpt lat="18.901066" lon="98.976728">
        <ele>317.461987</ele>
        <time>2025-10-30T18:58:26.459Z</time>
      </trkpt>
      <trkpt lat="18.900709" lon="98.977035">
        <ele>317.559354</ele>
        <time>2025-10-30T18:58:34.036Z</time>
      </trkpt>
      <trkpt lat="18.900529" lon="98.977257">
        <ele>317.615230</ele>
        <time>2025-10-30T18:58:38.644Z</time>
      </trkpt>
      <trkpt lat="18.900391" lon="98.977391">
        <ele>317.653084</ele>
        <time>2025-10-30T18:58:41.761Z</time>
      </trkpt>
      <trkpt lat="18.900413" lon="98.977538">
        <ele>317.681527</ele>
        <time>2025-10-30T18:58:44.078Z</time>
      </trkpt>
      <trkpt lat="18.900528" lon="98.977751">
        <ele>317.728396</ele>
        <time>2025-10-30T18:58:47.827Z</time>
      </trkpt>
      <trkpt lat="18.900586" lon="98.977823">
        <ele>317.746468</ele>
        <time>2025-10-30T18:58:49.236Z</time>
      </trkpt>
      <trkpt lat="18.900621" lon="98.977874">
        <ele>317.758510</ele>
        <time>2025-10-30T18:58:50.181Z</time>
      </trkpt>
      <trkpt lat="18.900258" lon="98.978169">
        <ele>317.851005</ele>
        <time>2025-10-30T18:58:59.587Z</time>
      </trkpt>
      <trkpt lat="18.900170" lon="98.978218">
        <ele>317.871097</ele>
        <time>2025-10-30T18:59:01.573Z</time>
      </trkpt>
      <trkpt lat="18.899944" lon="98.978344">
        <ele>317.810093</ele>
        <time>2025-10-30T18:59:06.633Z</time>
      </trkpt>
      <trkpt lat="18.899714" lon="98.978552">
        <ele>317.545340</ele>
        <time>2025-10-30T18:59:12.490Z</time>
      </trkpt>
      <trkpt lat="18.899511" lon="98.978865">
        <ele>317.231319</ele>
        <time>2025-10-30T18:59:19.158Z</time>
      </trkpt>
      <trkpt lat="18.899287" lon="98.979137">
        <ele>316.932913</ele>
        <time>2025-10-30T18:59:25.127Z</time>
      </trkpt>
      <trkpt lat="18.898845" lon="98.979480">
        <ele>316.453313</ele>
        <time>2025-10-30T18:59:34.020Z</time>
      </trkpt>
      <trkpt lat="18.898575" lon="98.979854">
        <ele>316.067916</ele>
        <time>2025-10-30T18:59:41.349Z</time>
      </trkpt>
      <trkpt lat="18.898333" lon="98.980021">
        <ele>315.818859</ele>
        <time>2025-10-30T18:59:46.258Z</time>
      </trkpt>
      <trkpt lat="18.898082" lon="98.980128">
        <ele>315.585629</ele>
        <time>2025-10-30T18:59:51.005Z</time>
      </trkpt>
      <trkpt lat="18.897797" lon="98.980147">
        <ele>315.339541</ele>
        <time>2025-10-30T18:59:56.123Z</time>
      </trkpt>
      <trkpt lat="18.897147" lon="98.980117">
        <ele>314.778867</ele>
        <time>2025-10-30T19:00:08.562Z</time>
      </trkpt>
      <trkpt lat="18.896459" lon="98.980320">
        <ele>314.216234</ele>
        <time>2025-10-30T19:00:22.048Z</time>
      </trkpt>
      <trkpt lat="18.896320" lon="98.980368">
        <ele>314.101062</ele>
        <time>2025-10-30T19:00:24.614Z</time>
      </trkpt>
      <trkpt lat="18.896127" lon="98.980494">
        <ele>313.922394</ele>
        <time>2025-10-30T19:00:28.491Z</time>
      </trkpt>
      <trkpt lat="18.895944" lon="98.980691">
        <ele>313.716667</ele>
        <time>2025-10-30T19:00:32.930Z</time>
      </trkpt>
      <trkpt lat="18.895615" lon="98.981106">
        <ele>313.339824</ele>
        <time>2025-10-30T19:00:41.668Z</time>
      </trkpt>
      <trkpt lat="18.895423" lon="98.981211">
        <ele>313.262853</ele>
        <time>2025-10-30T19:00:45.438Z</time>
      </trkpt>
      <trkpt lat="18.895196" lon="98.981254">
        <ele>313.180741</ele>
        <time>2025-10-30T19:00:49.587Z</time>
      </trkpt>
      <trkpt lat="18.894928" lon="98.981296">
        <ele>313.084275</ele>
        <time>2025-10-30T19:00:54.558Z</time>
      </trkpt>
      <trkpt lat="18.894700" lon="98.981376">
        <ele>312.998738</ele>
        <time>2025-10-30T19:00:59.130Z</time>
      </trkpt>
      <trkpt lat="18.894395" lon="98.981664">
        <ele>312.853116</ele>
        <time>2025-10-30T19:01:07.363Z</time>
      </trkpt>
      <trkpt lat="18.894231" lon="98.981748">
        <ele>312.788228</ele>
        <time>2025-10-30T19:01:11.172Z</time>
      </trkpt>
      <trkpt lat="18.894184" lon="98.981746">
        <ele>312.771480</ele>
        <time>2025-10-30T19:01:12.176Z</time>
      </trkpt>
      <trkpt lat="18.894054" lon="98.981737">
        <ele>312.725094</ele>
        <time>2025-10-30T19:01:14.899Z</time>
      </trkpt>
      <trkpt lat="18.893577" lon="98.981624">
        <ele>312.846186</ele>
        <time>2025-10-30T19:01:25.227Z</time>
      </trkpt>
      <trkpt lat="18.893296" lon="98.981622">
        <ele>312.919509</ele>
        <time>2025-10-30T19:01:31.126Z</time>
      </trkpt>
      <trkpt lat="18.892628" lon="98.981733">
        <ele>313.095952</ele>
        <time>2025-10-30T19:01:45.630Z</time>
      </trkpt>
      <trkpt lat="18.892348" lon="98.981819">
        <ele>313.172036</ele>
        <time>2025-10-30T19:01:51.853Z</time>
      </trkpt>
      <trkpt lat="18.891876" lon="98.981966">
        <ele>313.444485</ele>
        <time>2025-10-30T19:02:02.483Z</time>
      </trkpt>
      <trkpt lat="18.891122" lon="98.982008">
        <ele>313.900115</ele>
        <time>2025-10-30T19:02:19.299Z</time>
      </trkpt>
      <trkpt lat="18.890763" lon="98.982085">
        <ele>314.121167</ele>
        <time>2025-10-30T19:02:27.867Z</time>
      </trkpt>
      <trkpt lat="18.890584" lon="98.982125">
        <ele>314.231572</ele>
        <time>2025-10-30T19:02:32.244Z</time>
      </trkpt>
      <trkpt lat="18.889860" lon="98.982035">
        <ele>314.602422</ele>
        <time>2025-10-30T19:02:49.757Z</time>
      </trkpt>
      <trkpt lat="18.889294" lon="98.982086">
        <ele>314.885345</ele>
        <time>2025-10-30T19:03:02.430Z</time>
      </trkpt>
      <trkpt lat="18.889246" lon="98.982182">
        <ele>314.936512</ele>
        <time>2025-10-30T19:03:04.659Z</time>
      </trkpt>
      <trkpt lat="18.889116" lon="98.982301">
        <ele>315.022168</ele>
        <time>2025-10-30T19:03:08.369Z</time>
      </trkpt>
      <trkpt lat="18.888975" lon="98.982380">
        <ele>315.101651</ele>
        <time>2025-10-30T19:03:11.735Z</time>
      </trkpt>
      <trkpt lat="18.888638" lon="98.982517">
        <ele>315.057192</ele>
        <time>2025-10-30T19:03:19.006Z</time>
      </trkpt>
      <trkpt lat="18.888567" lon="98.982483">
        <ele>315.016555</ele>
        <time>2025-10-30T19:03:20.075Z</time>
      </trkpt>
      <trkpt lat="18.888359" lon="98.982502">
        <ele>314.907713</ele>
        <time>2025-10-30T19:03:22.829Z</time>
      </trkpt>
      <trkpt lat="18.888070" lon="98.982590">
        <ele>314.750919</ele>
        <time>2025-10-30T19:03:26.594Z</time>
      </trkpt>
      <trkpt lat="18.887723" lon="98.982666">
        <ele>314.566172</ele>
        <time>2025-10-30T19:03:30.933Z</time>
      </trkpt>
      <trkpt lat="18.887170" lon="98.982896">
        <ele>314.256354</ele>
        <time>2025-10-30T19:03:38.420Z</time>
      </trkpt>
      <trkpt lat="18.886977" lon="98.982938">
        <ele>314.269947</ele>
        <time>2025-10-30T19:03:41.120Z</time>
      </trkpt>
      <trkpt lat="18.886546" lon="98.982796">
        <ele>314.374356</ele>
        <time>2025-10-30T19:03:47.706Z</time>
      </trkpt>
      <trkpt lat="18.886297" lon="98.982840">
        <ele>314.432742</ele>
        <time>2025-10-30T19:03:51.721Z</time>
      </trkpt>
      <trkpt lat="18.886219" lon="98.982863">
        <ele>314.451470</ele>
        <time>2025-10-30T19:03:53.030Z</time>
      </trkpt>
      <trkpt lat="18.886163" lon="98.982847">
        <ele>314.464886</ele>
        <time>2025-10-30T19:03:54.045Z</time>
      </trkpt>
      <trkpt lat="18.885739" lon="98.982701">
        <ele>314.568019</ele>
        <time>2025-10-30T19:04:01.889Z</time>
      </trkpt>
      <trkpt lat="18.885520" lon="98.982651">
        <ele>314.619835</ele>
        <time>2025-10-30T19:04:06.003Z</time>
      </trkpt>
      <trkpt lat="18.885049" lon="98.982620">
        <ele>314.716442</ele>
        <time>2025-10-30T19:04:14.548Z</time>
      </trkpt>
      <trkpt lat="18.883591" lon="98.982919">
        <ele>315.004352</ele>
        <time>2025-10-30T19:04:36.377Z</time>
      </trkpt>
      <trkpt lat="18.883223" lon="98.982898">
        <ele>315.063340</ele>
        <time>2025-10-30T19:04:41.802Z</time>
      </trkpt>
      <trkpt lat="18.882888" lon="98.982828">
        <ele>315.117997</ele>
        <time>2025-10-30T19:04:46.960Z</time>
      </trkpt>
      <trkpt lat="18.882561" lon="98.982794">
        <ele>315.170589</ele>
        <time>2025-10-30T19:04:52.006Z</time>
      </trkpt>
      <trkpt lat="18.881860" lon="98.982799">
        <ele>315.282794</ele>
        <time>2025-10-30T19:05:03.300Z</time>
      </trkpt>
      <trkpt lat="18.881646" lon="98.982637">
        <ele>315.349469</ele>
        <time>2025-10-30T19:05:07.755Z</time>
      </trkpt>
      <trkpt lat="18.881463" lon="98.982392">
        <ele>315.428057</ele>
        <time>2025-10-30T19:05:12.735Z</time>
      </trkpt>
      <trkpt lat="18.881220" lon="98.982275">
        <ele>315.499111</ele>
        <time>2025-10-30T19:05:17.178Z</time>
      </trkpt>
      <trkpt lat="18.880915" lon="98.982205">
        <ele>315.582160</ele>
        <time>2025-10-30T19:05:22.299Z</time>
      </trkpt>
      <trkpt lat="18.880365" lon="98.981980">
        <ele>315.739091</ele>
        <time>2025-10-30T19:05:31.758Z</time>
      </trkpt>
      <trkpt lat="18.879747" lon="98.982101">
        <ele>315.069692</ele>
        <time>2025-10-30T19:05:40.332Z</time>
      </trkpt>
      <trkpt lat="18.879538" lon="98.982125">
        <ele>314.790986</ele>
        <time>2025-10-30T19:05:42.744Z</time>
      </trkpt>
      <trkpt lat="18.879389" lon="98.982170">
        <ele>314.585546</ele>
        <time>2025-10-30T19:05:44.459Z</time>
      </trkpt>
      <trkpt lat="18.879032" lon="98.982486">
        <ele>313.968196</ele>
        <time>2025-10-30T19:05:49.545Z</time>
      </trkpt>
      <trkpt lat="18.878931" lon="98.982602">
        <ele>313.770454</ele>
        <time>2025-10-30T19:05:51.177Z</time>
      </trkpt>
      <trkpt lat="18.878825" lon="98.982713">
        <ele>313.572628</ele>
        <time>2025-10-30T19:05:52.818Z</time>
      </trkpt>
      <trkpt lat="18.878704" lon="98.982755">
        <ele>313.403785</ele>
        <time>2025-10-30T19:05:54.210Z</time>
      </trkpt>
      <trkpt lat="18.878623" lon="98.982755">
        <ele>313.351512</ele>
        <time>2025-10-30T19:05:55.104Z</time>
      </trkpt>
      <trkpt lat="18.878483" lon="98.982754">
        <ele>313.285432</ele>
        <time>2025-10-30T19:05:56.665Z</time>
      </trkpt>
      <trkpt lat="18.878318" lon="98.982686">
        <ele>313.201841</ele>
        <time>2025-10-30T19:05:58.670Z</time>
      </trkpt>
      <trkpt lat="18.877922" lon="98.982542">
        <ele>313.004179</ele>
        <time>2025-10-30T19:06:03.663Z</time>
      </trkpt>
      <trkpt lat="18.877629" lon="98.982514">
        <ele>312.865321</ele>
        <time>2025-10-30T19:06:08.041Z</time>
      </trkpt>
      <trkpt lat="18.876479" lon="98.982697">
        <ele>312.798032</ele>
        <time>2025-10-30T19:06:28.293Z</time>
      </trkpt>
      <trkpt lat="18.875614" lon="98.983011">
        <ele>313.326112</ele>
        <time>2025-10-30T19:06:44.267Z</time>
      </trkpt>
      <trkpt lat="18.875049" lon="98.983225">
        <ele>313.637165</ele>
        <time>2025-10-30T19:06:54.001Z</time>
      </trkpt>
      <trkpt lat="18.874220" lon="98.983557">
        <ele>313.969366</ele>
        <time>2025-10-30T19:07:09.341Z</time>
      </trkpt>
      <trkpt lat="18.874074" lon="98.983632">
        <ele>314.030196</ele>
        <time>2025-10-30T19:07:12.788Z</time>
      </trkpt>
      <trkpt lat="18.873835" lon="98.983803">
        <ele>314.138349</ele>
        <time>2025-10-30T19:07:18.684Z</time>
      </trkpt>
      <trkpt lat="18.873469" lon="98.983965">
        <ele>314.238860</ele>
        <time>2025-10-30T19:07:26.799Z</time>
      </trkpt>
      <trkpt lat="18.873271" lon="98.984011">
        <ele>314.226635</ele>
        <time>2025-10-30T19:07:30.945Z</time>
      </trkpt>
      <trkpt lat="18.873082" lon="98.984020">
        <ele>314.215225</ele>
        <time>2025-10-30T19:07:34.829Z</time>
      </trkpt>
      <trkpt lat="18.872973" lon="98.984023">
        <ele>314.208650</ele>
        <time>2025-10-30T19:07:37.043Z</time>
      </trkpt>
      <trkpt lat="18.871920" lon="98.983984">
        <ele>314.145109</ele>
        <time>2025-10-30T19:07:57.766Z</time>
      </trkpt>
      <trkpt lat="18.871702" lon="98.984006">
        <ele>314.151024</ele>
        <time>2025-10-30T19:08:02.133Z</time>
      </trkpt>
      <trkpt lat="18.871648" lon="98.984016">
        <ele>314.159950</ele>
        <time>2025-10-30T19:08:03.213Z</time>
      </trkpt>
      <trkpt lat="18.871157" lon="98.984039">
        <ele>314.239965</ele>
        <time>2025-10-30T19:08:13.157Z</time>
      </trkpt>
      <trkpt lat="18.870184" lon="98.984080">
        <ele>314.398501</ele>
        <time>2025-10-30T19:08:33.803Z</time>
      </trkpt>
      <trkpt lat="18.869704" lon="98.983939">
        <ele>314.351994</ele>
        <time>2025-10-30T19:08:44.617Z</time>
      </trkpt>
      <trkpt lat="18.869420" lon="98.983836">
        <ele>314.275384</ele>
        <time>2025-10-30T19:08:50.720Z</time>
      </trkpt>
      <trkpt lat="18.869085" lon="98.983768">
        <ele>314.188347</ele>
        <time>2025-10-30T19:08:56.837Z</time>
      </trkpt>
      <trkpt lat="18.868529" lon="98.983830">
        <ele>314.045698</ele>
        <time>2025-10-30T19:09:07.498Z</time>
      </trkpt>
      <trkpt lat="18.868437" lon="98.983846">
        <ele>314.021909</ele>
        <time>2025-10-30T19:09:09.354Z</time>
      </trkpt>
      <trkpt lat="18.868106" lon="98.983829">
        <ele>313.898315</ele>
        <time>2025-10-30T19:09:15.753Z</time>
      </trkpt>
      <trkpt lat="18.867897" lon="98.983840">
        <ele>313.782935</ele>
        <time>2025-10-30T19:09:19.497Z</time>
      </trkpt>
      <trkpt lat="18.867645" lon="98.983893">
        <ele>313.641263</ele>
        <time>2025-10-30T19:09:24.042Z</time>
      </trkpt>
      <trkpt lat="18.867402" lon="98.983982">
        <ele>313.499460</ele>
        <time>2025-10-30T19:09:28.410Z</time>
      </trkpt>
      <trkpt lat="18.867212" lon="98.984008">
        <ele>313.393824</ele>
        <time>2025-10-30T19:09:31.783Z</time>
      </trkpt>
      <trkpt lat="18.867060" lon="98.984029">
        <ele>313.309302</ele>
        <time>2025-10-30T19:09:34.657Z</time>
      </trkpt>
      <trkpt lat="18.866873" lon="98.984016">
        <ele>313.205971</ele>
        <time>2025-10-30T19:09:38.429Z</time>
      </trkpt>
      <trkpt lat="18.866653" lon="98.983965">
        <ele>313.081784</ele>
        <time>2025-10-30T19:09:43.066Z</time>
      </trkpt>
      <trkpt lat="18.866387" lon="98.983881">
        <ele>312.963959</ele>
        <time>2025-10-30T19:09:48.189Z</time>
      </trkpt>
      <trkpt lat="18.866501" lon="98.983329">
        <ele>312.874758</ele>
        <time>2025-10-30T19:09:58.135Z</time>
      </trkpt>
      <trkpt lat="18.866600" lon="98.982662">
        <ele>312.768166</ele>
        <time>2025-10-30T19:10:11.123Z</time>
      </trkpt>
      <trkpt lat="18.866241" lon="98.982467">
        <ele>312.700821</ele>
        <time>2025-10-30T19:10:19.286Z</time>
      </trkpt>
      <trkpt lat="18.866118" lon="98.983173">
        <ele>312.679649</ele>
        <time>2025-10-30T19:10:32.256Z</time>
      </trkpt>
      <trkpt lat="18.865955" lon="98.983832">
        <ele>312.680219</ele>
        <time>2025-10-30T19:10:45.072Z</time>
      </trkpt>
      <trkpt lat="18.865787" lon="98.983784">
        <ele>312.680372</ele>
        <time>2025-10-30T19:10:48.699Z</time>
      </trkpt>
      <trkpt lat="18.865572" lon="98.983848">
        <ele>312.680570</ele>
        <time>2025-10-30T19:10:53.359Z</time>
      </trkpt>
      <trkpt lat="18.865305" lon="98.984027">
        <ele>312.720429</ele>
        <time>2025-10-30T19:11:00.079Z</time>
      </trkpt>
      <trkpt lat="18.864908" lon="98.984359">
        <ele>312.904728</ele>
        <time>2025-10-30T19:11:11.622Z</time>
      </trkpt>
      <trkpt lat="18.864695" lon="98.984519">
        <ele>312.999861</ele>
        <time>2025-10-30T19:11:17.507Z</time>
      </trkpt>
      <trkpt lat="18.863992" lon="98.984762">
        <ele>313.269120</ele>
        <time>2025-10-30T19:11:33.215Z</time>
      </trkpt>
      <trkpt lat="18.863743" lon="98.984847">
        <ele>313.326224</ele>
        <time>2025-10-30T19:11:38.696Z</time>
      </trkpt>
      <trkpt lat="18.863677" lon="98.984867">
        <ele>313.318170</ele>
        <time>2025-10-30T19:11:40.132Z</time>
      </trkpt>
      <trkpt lat="18.863292" lon="98.985004">
        <ele>313.270520</ele>
        <time>2025-10-30T19:11:48.732Z</time>
      </trkpt>
      <trkpt lat="18.862942" lon="98.985176">
        <ele>313.225244</ele>
        <time>2025-10-30T19:11:56.678Z</time>
      </trkpt>
      <trkpt lat="18.862535" lon="98.985434">
        <ele>313.169574</ele>
        <time>2025-10-30T19:12:05.689Z</time>
      </trkpt>
      <trkpt lat="18.862384" lon="98.985545">
        <ele>313.147998</ele>
        <time>2025-10-30T19:12:09.114Z</time>
      </trkpt>
      <trkpt lat="18.862145" lon="98.985722">
        <ele>313.060492</ele>
        <time>2025-10-30T19:12:14.671Z</time>
      </trkpt>
      <trkpt lat="18.861985" lon="98.985800">
        <ele>312.937698</ele>
        <time>2025-10-30T19:12:18.083Z</time>
      </trkpt>
      <trkpt lat="18.861820" lon="98.985856">
        <ele>312.816928</ele>
        <time>2025-10-30T19:12:21.388Z</time>
      </trkpt>
      <trkpt lat="18.861692" lon="98.985873">
        <ele>312.727025</ele>
        <time>2025-10-30T19:12:23.694Z</time>
      </trkpt>
      <trkpt lat="18.860920" lon="98.985923">
        <ele>312.188023</ele>
        <time>2025-10-30T19:12:36.797Z</time>
      </trkpt>
      <trkpt lat="18.860850" lon="98.985928">
        <ele>312.139130</ele>
        <time>2025-10-30T19:12:38.033Z</time>
      </trkpt>
      <trkpt lat="18.860434" lon="98.985980">
        <ele>311.879291</ele>
        <time>2025-10-30T19:12:45.826Z</time>
      </trkpt>
      <trkpt lat="18.860316" lon="98.985991">
        <ele>311.907563</ele>
        <time>2025-10-30T19:12:48.216Z</time>
      </trkpt>
      <trkpt lat="18.859942" lon="98.986012">
        <ele>311.996951</ele>
        <time>2025-10-30T19:12:55.811Z</time>
      </trkpt>
      <trkpt lat="18.859568" lon="98.985900">
        <ele>312.089727</ele>
        <time>2025-10-30T19:13:03.474Z</time>
      </trkpt>
      <trkpt lat="18.859187" lon="98.985979">
        <ele>312.182393</ele>
        <time>2025-10-30T19:13:12.176Z</time>
      </trkpt>
      <trkpt lat="18.857952" lon="98.986286">
        <ele>312.661660</ele>
        <time>2025-10-30T19:13:41.719Z</time>
      </trkpt>
      <trkpt lat="18.857436" lon="98.986365">
        <ele>312.904919</ele>
        <time>2025-10-30T19:13:52.956Z</time>
      </trkpt>
      <trkpt lat="18.857318" lon="98.986379">
        <ele>312.960319</ele>
        <time>2025-10-30T19:13:55.485Z</time>
      </trkpt>
      <trkpt lat="18.856781" lon="98.986446">
        <ele>313.136247</ele>
        <time>2025-10-30T19:14:06.904Z</time>
      </trkpt>
      <trkpt lat="18.856467" lon="98.986429">
        <ele>313.129597</ele>
        <time>2025-10-30T19:14:13.387Z</time>
      </trkpt>
      <trkpt lat="18.855441" lon="98.986265">
        <ele>313.107649</ele>
        <time>2025-10-30T19:14:34.055Z</time>
      </trkpt>
      <trkpt lat="18.855390" lon="98.986267">
        <ele>313.106570</ele>
        <time>2025-10-30T19:14:35.046Z</time>
      </trkpt>
      <trkpt lat="18.854339" lon="98.986427">
        <ele>313.023993</ele>
        <time>2025-10-30T19:14:55.904Z</time>
      </trkpt>
      <trkpt lat="18.854311" lon="98.986259">
        <ele>313.008784</ele>
        <time>2025-10-30T19:14:59.136Z</time>
      </trkpt>
      <trkpt lat="18.853994" lon="98.986353">
        <ele>312.977766</ele>
        <time>2025-10-30T19:15:03.965Z</time>
      </trkpt>
      <trkpt lat="18.853800" lon="98.986430">
        <ele>312.958243</ele>
        <time>2025-10-30T19:15:07.004Z</time>
      </trkpt>
      <trkpt lat="18.853509" lon="98.986567">
        <ele>312.921865</ele>
        <time>2025-10-30T19:15:11.643Z</time>
      </trkpt>
      <trkpt lat="18.853418" lon="98.986580">
        <ele>312.898860</ele>
        <time>2025-10-30T19:15:12.967Z</time>
      </trkpt>
      <trkpt lat="18.852932" lon="98.986550">
        <ele>312.776898</ele>
        <time>2025-10-30T19:15:19.981Z</time>
      </trkpt>
      <trkpt lat="18.852780" lon="98.986539">
        <ele>312.738730</ele>
        <time>2025-10-30T19:15:22.108Z</time>
      </trkpt>
      <trkpt lat="18.852630" lon="98.986529">
        <ele>312.701077</ele>
        <time>2025-10-30T19:15:24.190Z</time>
      </trkpt>
      <trkpt lat="18.852291" lon="98.986516">
        <ele>312.616094</ele>
        <time>2025-10-30T19:15:28.816Z</time>
      </trkpt>
      <trkpt lat="18.852125" lon="98.986516">
        <ele>312.574508</ele>
        <time>2025-10-30T19:15:31.061Z</time>
      </trkpt>
      <trkpt lat="18.851845" lon="98.986559">
        <ele>312.503624</ele>
        <time>2025-10-30T19:15:34.857Z</time>
      </trkpt>
      <trkpt lat="18.850998" lon="98.986845">
        <ele>312.322970</ele>
        <time>2025-10-30T19:15:47.006Z</time>
      </trkpt>
      <trkpt lat="18.850560" lon="98.987032">
        <ele>312.229464</ele>
        <time>2025-10-30T19:15:53.778Z</time>
      </trkpt>
      <trkpt lat="18.849837" lon="98.987496">
        <ele>312.158884</ele>
        <time>2025-10-30T19:16:06.341Z</time>
      </trkpt>
      <trkpt lat="18.849357" lon="98.987752">
        <ele>312.214988</ele>
        <time>2025-10-30T19:16:14.544Z</time>
      </trkpt>
      <trkpt lat="18.849189" lon="98.987762">
        <ele>312.232545</ele>
        <time>2025-10-30T19:16:17.136Z</time>
      </trkpt>
      <trkpt lat="18.849054" lon="98.987731">
        <ele>312.246961</ele>
        <time>2025-10-30T19:16:19.260Z</time>
      </trkpt>
      <trkpt lat="18.847435" lon="98.987077">
        <ele>312.254887</ele>
        <time>2025-10-30T19:16:46.219Z</time>
      </trkpt>
      <trkpt lat="18.847057" lon="98.986968">
        <ele>312.234125</ele>
        <time>2025-10-30T19:16:51.520Z</time>
      </trkpt>
      <trkpt lat="18.846970" lon="98.986955">
        <ele>312.229469</ele>
        <time>2025-10-30T19:16:52.704Z</time>
      </trkpt>
      <trkpt lat="18.846706" lon="98.986917">
        <ele>312.207944</ele>
        <time>2025-10-30T19:16:56.252Z</time>
      </trkpt>
      <trkpt lat="18.846293" lon="98.986909">
        <ele>312.120436</ele>
        <time>2025-10-30T19:17:01.783Z</time>
      </trkpt>
      <trkpt lat="18.845805" lon="98.986976">
        <ele>312.016184</ele>
        <time>2025-10-30T19:17:08.478Z</time>
      </trkpt>
      <trkpt lat="18.845377" lon="98.987095">
        <ele>311.922426</ele>
        <time>2025-10-30T19:17:14.492Z</time>
      </trkpt>
      <trkpt lat="18.845293" lon="98.986915">
        <ele>311.882188</ele>
        <time>2025-10-30T19:17:18.376Z</time>
      </trkpt>
      <trkpt lat="18.844871" lon="98.986011">
        <ele>311.863911</ele>
        <time>2025-10-30T19:17:38.865Z</time>
      </trkpt>
      <trkpt lat="18.844654" lon="98.985624">
        <ele>311.879529</ele>
        <time>2025-10-30T19:17:47.528Z</time>
      </trkpt>
      <trkpt lat="18.844602" lon="98.985610">
        <ele>311.881498</ele>
        <time>2025-10-30T19:17:48.600Z</time>
      </trkpt>
      <trkpt lat="18.844476" lon="98.985646">
        <ele>311.886286</ele>
        <time>2025-10-30T19:17:51.223Z</time>
      </trkpt>
      <trkpt lat="18.844390" lon="98.985716">
        <ele>311.890268</ele>
        <time>2025-10-30T19:17:53.395Z</time>
      </trkpt>
      <trkpt lat="18.844382" lon="98.985768">
        <ele>311.892097</ele>
        <time>2025-10-30T19:17:54.386Z</time>
      </trkpt>
      <trkpt lat="18.844446" lon="98.985967">
        <ele>311.899395</ele>
        <time>2025-10-30T19:17:58.336Z</time>
      </trkpt>
      <trkpt lat="18.844680" lon="98.986439">
        <ele>311.874676</ele>
        <time>2025-10-30T19:18:08.004Z</time>
      </trkpt>
      <trkpt lat="18.844876" lon="98.986846">
        <ele>311.845248</ele>
        <time>2025-10-30T19:18:16.195Z</time>
      </trkpt>
      <trkpt lat="18.845086" lon="98.987223">
        <ele>311.817057</ele>
        <time>2025-10-30T19:18:24.490Z</time>
      </trkpt>
      <trkpt lat="18.844802" lon="98.987326">
        <ele>311.796612</ele>
        <time>2025-10-30T19:18:29.103Z</time>
      </trkpt>
      <trkpt lat="18.844651" lon="98.987388">
        <ele>311.785581</ele>
        <time>2025-10-30T19:18:31.611Z</time>
      </trkpt>
      <trkpt lat="18.844421" lon="98.987498">
        <ele>311.827192</ele>
        <time>2025-10-30T19:18:35.537Z</time>
      </trkpt>
      <trkpt lat="18.844175" lon="98.987647">
        <ele>311.903300</ele>
        <time>2025-10-30T19:18:40.014Z</time>
      </trkpt>
      <trkpt lat="18.843904" lon="98.987822">
        <ele>311.988548</ele>
        <time>2025-10-30T19:18:45.201Z</time>
      </trkpt>
      <trkpt lat="18.843679" lon="98.987964">
        <ele>312.058893</ele>
        <time>2025-10-30T19:18:49.527Z</time>
      </trkpt>
      <trkpt lat="18.843260" lon="98.988235">
        <ele>312.190754</ele>
        <time>2025-10-30T19:18:57.399Z</time>
      </trkpt>
      <trkpt lat="18.842841" lon="98.988517">
        <ele>312.309645</ele>
        <time>2025-10-30T19:19:05.191Z</time>
      </trkpt>
      <trkpt lat="18.842582" lon="98.988722">
        <ele>312.375940</ele>
        <time>2025-10-30T19:19:10.297Z</time>
      </trkpt>
      <trkpt lat="18.842230" lon="98.989075">
        <ele>312.475359</ele>
        <time>2025-10-30T19:19:18.062Z</time>
      </trkpt>
      <trkpt lat="18.841875" lon="98.989368">
        <ele>312.567642</ele>
        <time>2025-10-30T19:19:25.164Z</time>
      </trkpt>
      <trkpt lat="18.841380" lon="98.989551">
        <ele>312.578843</ele>
        <time>2025-10-30T19:19:33.184Z</time>
      </trkpt>
      <trkpt lat="18.841276" lon="98.989565">
        <ele>312.552849</ele>
        <time>2025-10-30T19:19:34.733Z</time>
      </trkpt>
      <trkpt lat="18.840703" lon="98.989650">
        <ele>312.409387</ele>
        <time>2025-10-30T19:19:43.170Z</time>
      </trkpt>
      <trkpt lat="18.840274" lon="98.989721">
        <ele>312.301724</ele>
        <time>2025-10-30T19:19:49.060Z</time>
      </trkpt>
      <trkpt lat="18.839606" lon="98.989955">
        <ele>312.153874</ele>
        <time>2025-10-30T19:19:57.956Z</time>
      </trkpt>
      <trkpt lat="18.839461" lon="98.990018">
        <ele>312.132749</ele>
        <time>2025-10-30T19:20:00.016Z</time>
      </trkpt>
      <trkpt lat="18.839288" lon="98.990105">
        <ele>312.106931</ele>
        <time>2025-10-30T19:20:02.632Z</time>
      </trkpt>
      <trkpt lat="18.839085" lon="98.990249">
        <ele>312.073985</ele>
        <time>2025-10-30T19:20:06.088Z</time>
      </trkpt>
      <trkpt lat="18.838769" lon="98.990517">
        <ele>312.019385</ele>
        <time>2025-10-30T19:20:11.977Z</time>
      </trkpt>
      <trkpt lat="18.838718" lon="98.990542">
        <ele>312.011809</ele>
        <time>2025-10-30T19:20:12.822Z</time>
      </trkpt>
      <trkpt lat="18.838313" lon="98.990721">
        <ele>311.952654</ele>
        <time>2025-10-30T19:20:19.667Z</time>
      </trkpt>
      <trkpt lat="18.837739" lon="98.990944">
        <ele>312.089642</ele>
        <time>2025-10-30T19:20:30.375Z</time>
      </trkpt>
      <trkpt lat="18.837687" lon="98.990964">
        <ele>312.104603</ele>
        <time>2025-10-30T19:20:31.358Z</time>
      </trkpt>
      <trkpt lat="18.836358" lon="98.991510">
        <ele>312.407890</ele>
        <time>2025-10-30T19:20:53.280Z</time>
      </trkpt>
      <trkpt lat="18.835244" lon="98.991957">
        <ele>312.293006</ele>
        <time>2025-10-30T19:21:10.389Z</time>
      </trkpt>
      <trkpt lat="18.834734" lon="98.992137">
        <ele>312.239930</ele>
        <time>2025-10-30T19:21:18.064Z</time>
      </trkpt>
      <trkpt lat="18.834565" lon="98.992221">
        <ele>312.220433</ele>
        <time>2025-10-30T19:21:20.809Z</time>
      </trkpt>
      <trkpt lat="18.834266" lon="98.992405">
        <ele>312.184311</ele>
        <time>2025-10-30T19:21:26.007Z</time>
      </trkpt>
      <trkpt lat="18.833978" lon="98.992584">
        <ele>312.149430</ele>
        <time>2025-10-30T19:21:30.942Z</time>
      </trkpt>
      <trkpt lat="18.833834" lon="98.992674">
        <ele>312.131964</ele>
        <time>2025-10-30T19:21:33.400Z</time>
      </trkpt>
      <trkpt lat="18.833521" lon="98.992912">
        <ele>312.091707</ele>
        <time>2025-10-30T19:21:39.077Z</time>
      </trkpt>
      <trkpt lat="18.833332" lon="98.993085">
        <ele>312.048314</ele>
        <time>2025-10-30T19:21:42.558Z</time>
      </trkpt>
      <trkpt lat="18.833133" lon="98.993332">
        <ele>311.813362</ele>
        <time>2025-10-30T19:21:46.741Z</time>
      </trkpt>
      <trkpt lat="18.832913" lon="98.993671">
        <ele>311.515635</ele>
        <time>2025-10-30T19:21:51.867Z</time>
      </trkpt>
      <trkpt lat="18.832237" lon="98.994806">
        <ele>310.722310</ele>
        <time>2025-10-30T19:22:07.001Z</time>
      </trkpt>
      <trkpt lat="18.832025" lon="98.995142">
        <ele>310.782743</ele>
        <time>2025-10-30T19:22:12.376Z</time>
      </trkpt>
      <trkpt lat="18.831753" lon="98.995575">
        <ele>310.860516</ele>
        <time>2025-10-30T19:22:20.028Z</time>
      </trkpt>
      <trkpt lat="18.831562" lon="98.995899">
        <ele>310.917640</ele>
        <time>2025-10-30T19:22:26.340Z</time>
      </trkpt>
      <trkpt lat="18.831353" lon="98.996228">
        <ele>310.977113</ele>
        <time>2025-10-30T19:22:33.064Z</time>
      </trkpt>
      <trkpt lat="18.831133" lon="98.996513">
        <ele>311.045649</ele>
        <time>2025-10-30T19:22:40.081Z</time>
      </trkpt>
      <trkpt lat="18.830955" lon="98.996752">
        <ele>311.102324</ele>
        <time>2025-10-30T19:22:46.001Z</time>
      </trkpt>
      <trkpt lat="18.830828" lon="98.997236">
        <ele>311.195923</ele>
        <time>2025-10-30T19:22:53.272Z</time>
      </trkpt>
      <trkpt lat="18.830557" lon="98.997818">
        <ele>311.316798</ele>
        <time>2025-10-30T19:23:01.248Z</time>
      </trkpt>
      <trkpt lat="18.830417" lon="98.998469">
        <ele>311.250057</ele>
        <time>2025-10-30T19:23:09.230Z</time>
      </trkpt>
      <trkpt lat="18.830365" lon="98.998572">
        <ele>311.234294</ele>
        <time>2025-10-30T19:23:10.724Z</time>
      </trkpt>
      <trkpt lat="18.830306" lon="98.998608">
        <ele>311.224574</ele>
        <time>2025-10-30T19:23:11.660Z</time>
      </trkpt>
      <trkpt lat="18.829959" lon="98.998683">
        <ele>311.174044</ele>
        <time>2025-10-30T19:23:16.658Z</time>
      </trkpt>
      <trkpt lat="18.829709" lon="98.998779">
        <ele>311.136095</ele>
        <time>2025-10-30T19:23:20.572Z</time>
      </trkpt>
      <trkpt lat="18.829447" lon="98.998895">
        <ele>311.095568</ele>
        <time>2025-10-30T19:23:25.109Z</time>
      </trkpt>
      <trkpt lat="18.829238" lon="98.998942">
        <ele>311.100511</ele>
        <time>2025-10-30T19:23:28.780Z</time>
      </trkpt>
      <trkpt lat="18.828712" lon="98.998934">
        <ele>311.331692</ele>
        <time>2025-10-30T19:23:38.208Z</time>
      </trkpt>
      <trkpt lat="18.828261" lon="98.998867">
        <ele>311.531839</ele>
        <time>2025-10-30T19:23:46.399Z</time>
      </trkpt>
      <trkpt lat="18.827796" lon="98.998750">
        <ele>311.741904</ele>
        <time>2025-10-30T19:23:53.850Z</time>
      </trkpt>
      <trkpt lat="18.827612" lon="98.998768">
        <ele>311.823110</ele>
        <time>2025-10-30T19:23:56.758Z</time>
      </trkpt>
      <trkpt lat="18.827227" lon="98.998853">
        <ele>311.796703</ele>
        <time>2025-10-30T19:24:02.771Z</time>
      </trkpt>
      <trkpt lat="18.827203" lon="98.999030">
        <ele>311.758602</ele>
        <time>2025-10-30T19:24:05.213Z</time>
      </trkpt>
      <trkpt lat="18.827227" lon="98.998853">
        <ele>311.720501</ele>
        <time>2025-10-30T19:24:07.571Z</time>
      </trkpt>
      <trkpt lat="18.826834" lon="98.998909">
        <ele>311.631223</ele>
        <time>2025-10-30T19:24:12.841Z</time>
      </trkpt>
      <trkpt lat="18.826401" lon="98.998955">
        <ele>311.533250</ele>
        <time>2025-10-30T19:24:19.074Z</time>
      </trkpt>
      <trkpt lat="18.825920" lon="98.999003">
        <ele>311.437331</ele>
        <time>2025-10-30T19:24:25.863Z</time>
      </trkpt>
      <trkpt lat="18.825476" lon="98.999089">
        <ele>311.373244</ele>
        <time>2025-10-30T19:24:31.522Z</time>
      </trkpt>
      <trkpt lat="18.825284" lon="98.999148">
        <ele>311.344856</ele>
        <time>2025-10-30T19:24:34.142Z</time>
      </trkpt>
      <trkpt lat="18.825216" lon="98.999154">
        <ele>311.335168</ele>
        <time>2025-10-30T19:24:35.393Z</time>
      </trkpt>
      <trkpt lat="18.824788" lon="98.999196">
        <ele>311.274142</ele>
        <time>2025-10-30T19:24:44.253Z</time>
      </trkpt>
      <trkpt lat="18.824619" lon="98.999219">
        <ele>311.249950</ele>
        <time>2025-10-30T19:24:48.158Z</time>
      </trkpt>
      <trkpt lat="18.824274" lon="98.999255">
        <ele>311.202543</ele>
        <time>2025-10-30T19:24:55.663Z</time>
      </trkpt>
      <trkpt lat="18.824081" lon="98.999236">
        <ele>311.190702</ele>
        <time>2025-10-30T19:24:59.567Z</time>
      </trkpt>
      <trkpt lat="18.823733" lon="98.999153">
        <ele>311.168909</ele>
        <time>2025-10-30T19:25:06.761Z</time>
      </trkpt>
      <trkpt lat="18.823576" lon="98.999153">
        <ele>311.159318</ele>
        <time>2025-10-30T19:25:09.919Z</time>
      </trkpt>
      <trkpt lat="18.822952" lon="98.999276">
        <ele>311.120542</ele>
        <time>2025-10-30T19:25:22.964Z</time>
      </trkpt>
      <trkpt lat="18.822476" lon="98.999443">
        <ele>311.078577</ele>
        <time>2025-10-30T19:25:32.428Z</time>
      </trkpt>
      <trkpt lat="18.821936" lon="98.999416">
        <ele>310.955083</ele>
        <time>2025-10-30T19:25:42.417Z</time>
      </trkpt>
      <trkpt lat="18.821632" lon="98.999392">
        <ele>310.885445</ele>
        <time>2025-10-30T19:25:47.876Z</time>
      </trkpt>
      <trkpt lat="18.821307" lon="98.999379">
        <ele>310.811149</ele>
        <time>2025-10-30T19:25:54.314Z</time>
      </trkpt>
      <trkpt lat="18.821157" lon="98.999405">
        <ele>310.776426</ele>
        <time>2025-10-30T19:25:57.452Z</time>
      </trkpt>
      <trkpt lat="18.820641" lon="98.999605">
        <ele>310.738130</ele>
        <time>2025-10-30T19:26:08.561Z</time>
      </trkpt>
      <trkpt lat="18.820516" lon="98.999656">
        <ele>310.790238</ele>
        <time>2025-10-30T19:26:11.600Z</time>
      </trkpt>
      <trkpt lat="18.820367" lon="98.999724">
        <ele>310.853355</ele>
        <time>2025-10-30T19:26:15.254Z</time>
      </trkpt>
      <trkpt lat="18.819989" lon="98.999899">
        <ele>311.013843</ele>
        <time>2025-10-30T19:26:24.159Z</time>
      </trkpt>
      <trkpt lat="18.819459" lon="99.000206">
        <ele>311.248891</ele>
        <time>2025-10-30T19:26:37.633Z</time>
      </trkpt>
      <trkpt lat="18.819162" lon="99.000398">
        <ele>311.382621</ele>
        <time>2025-10-30T19:26:45.384Z</time>
      </trkpt>
      <trkpt lat="18.819080" lon="99.000493">
        <ele>311.383108</ele>
        <time>2025-10-30T19:26:48.104Z</time>
      </trkpt>
      <trkpt lat="18.818865" lon="99.000895">
        <ele>311.384855</ele>
        <time>2025-10-30T19:26:57.787Z</time>
      </trkpt>
      <trkpt lat="18.818804" lon="99.001004">
        <ele>311.385334</ele>
        <time>2025-10-30T19:27:00.276Z</time>
      </trkpt>
      <trkpt lat="18.818453" lon="99.001697">
        <ele>311.388308</ele>
        <time>2025-10-30T19:27:14.881Z</time>
      </trkpt>
      <trkpt lat="18.818440" lon="99.001714">
        <ele>311.388391</ele>
        <time>2025-10-30T19:27:15.273Z</time>
      </trkpt>
      <trkpt lat="18.818171" lon="99.002005">
        <ele>311.364914</ele>
        <time>2025-10-30T19:27:22.520Z</time>
      </trkpt>
      <trkpt lat="18.818108" lon="99.002068">
        <ele>311.301358</ele>
        <time>2025-10-30T19:27:24.145Z</time>
      </trkpt>
      <trkpt lat="18.817496" lon="99.002642">
        <ele>310.701764</ele>
        <time>2025-10-30T19:27:39.001Z</time>
      </trkpt>
      <trkpt lat="18.817046" lon="99.002933">
        <ele>310.315204</ele>
        <time>2025-10-30T19:27:48.080Z</time>
      </trkpt>
      <trkpt lat="18.816855" lon="99.003057">
        <ele>310.150955</ele>
        <time>2025-10-30T19:27:51.943Z</time>
      </trkpt>
      <trkpt lat="18.815943" lon="99.003855">
        <ele>309.934150</ele>
        <time>2025-10-30T19:28:13.745Z</time>
      </trkpt>
      <trkpt lat="18.815674" lon="99.004049">
        <ele>309.892441</ele>
        <time>2025-10-30T19:28:20.588Z</time>
      </trkpt>
      <trkpt lat="18.815475" lon="99.004226">
        <ele>309.859129</ele>
        <time>2025-10-30T19:28:26.375Z</time>
      </trkpt>
      <trkpt lat="18.815438" lon="99.004267">
        <ele>309.852262</ele>
        <time>2025-10-30T19:28:27.581Z</time>
      </trkpt>
      <trkpt lat="18.815227" lon="99.004642">
        <ele>310.013205</ele>
        <time>2025-10-30T19:28:37.538Z</time>
      </trkpt>
      <trkpt lat="18.815151" lon="99.004717">
        <ele>310.067239</ele>
        <time>2025-10-30T19:28:40.170Z</time>
      </trkpt>
      <trkpt lat="18.815002" lon="99.004793">
        <ele>310.153203</ele>
        <time>2025-10-30T19:28:44.391Z</time>
      </trkpt>
      <trkpt lat="18.814618" lon="99.004903">
        <ele>310.359916</ele>
        <time>2025-10-30T19:28:53.801Z</time>
      </trkpt>
      <trkpt lat="18.814013" lon="99.005163">
        <ele>310.699258</ele>
        <time>2025-10-30T19:29:07.615Z</time>
      </trkpt>
      <trkpt lat="18.813909" lon="99.005207">
        <ele>310.757464</ele>
        <time>2025-10-30T19:29:09.820Z</time>
      </trkpt>
      <trkpt lat="18.813499" lon="99.005376">
        <ele>310.610906</ele>
        <time>2025-10-30T19:29:18.662Z</time>
      </trkpt>
      <trkpt lat="18.812919" lon="99.005474">
        <ele>310.370727</ele>
        <time>2025-10-30T19:29:29.333Z</time>
      </trkpt>
      <trkpt lat="18.812763" lon="99.005531">
        <ele>310.303230</ele>
        <time>2025-10-30T19:29:32.269Z</time>
      </trkpt>
      <trkpt lat="18.812688" lon="99.005587">
        <ele>310.265676</ele>
        <time>2025-10-30T19:29:34.021Z</time>
      </trkpt>
      <trkpt lat="18.812418" lon="99.005792">
        <ele>310.129716</ele>
        <time>2025-10-30T19:29:40.291Z</time>
      </trkpt>
      <trkpt lat="18.812327" lon="99.005823">
        <ele>310.090618</ele>
        <time>2025-10-30T19:29:42.002Z</time>
      </trkpt>
      <trkpt lat="18.812216" lon="99.005823">
        <ele>310.045230</ele>
        <time>2025-10-30T19:29:43.943Z</time>
      </trkpt>
      <trkpt lat="18.811812" lon="99.005721">
        <ele>309.887102</ele>
        <time>2025-10-30T19:29:51.696Z</time>
      </trkpt>
      <trkpt lat="18.811733" lon="99.005697">
        <ele>309.855873</ele>
        <time>2025-10-30T19:29:53.308Z</time>
      </trkpt>
      <trkpt lat="18.811537" lon="99.005639">
        <ele>309.778544</ele>
        <time>2025-10-30T19:29:57.139Z</time>
      </trkpt>
      <trkpt lat="18.811225" lon="99.005514">
        <ele>309.651775</ele>
        <time>2025-10-30T19:30:03.842Z</time>
      </trkpt>
      <trkpt lat="18.811074" lon="99.005388">
        <ele>309.578672</ele>
        <time>2025-10-30T19:30:07.486Z</time>
      </trkpt>
      <trkpt lat="18.810875" lon="99.005164">
        <ele>309.468197</ele>
        <time>2025-10-30T19:30:12.873Z</time>
      </trkpt>
      <trkpt lat="18.810631" lon="99.004831">
        <ele>309.334097</ele>
        <time>2025-10-30T19:30:20.092Z</time>
      </trkpt>
      <trkpt lat="18.810469" lon="99.004724">
        <ele>309.292510</ele>
        <time>2025-10-30T19:30:23.720Z</time>
      </trkpt>
      <trkpt lat="18.810271" lon="99.004677">
        <ele>309.248337</ele>
        <time>2025-10-30T19:30:27.916Z</time>
      </trkpt>
      <trkpt lat="18.810276" lon="99.004553">
        <ele>309.222765</ele>
        <time>2025-10-30T19:30:29.639Z</time>
      </trkpt>
      <trkpt lat="18.810305" lon="99.004004">
        <ele>309.109471</ele>
        <time>2025-10-30T19:30:37.101Z</time>
      </trkpt>
      <trkpt lat="18.810296" lon="99.003950">
        <ele>309.098173</ele>
        <time>2025-10-30T19:30:37.849Z</time>
      </trkpt>
      <trkpt lat="18.810270" lon="99.003933">
        <ele>309.091517</ele>
        <time>2025-10-30T19:30:38.260Z</time>
      </trkpt>
      <trkpt lat="18.809846" lon="99.004093">
        <ele>308.993514</ele>
        <time>2025-10-30T19:30:44.490Z</time>
      </trkpt>
      <trkpt lat="18.809793" lon="99.004194">
        <ele>308.969720</ele>
        <time>2025-10-30T19:30:46.156Z</time>
      </trkpt>
      <trkpt lat="18.809766" lon="99.004617">
        <ele>308.865247</ele>
        <time>2025-10-30T19:30:51.894Z</time>
      </trkpt>
      <trkpt lat="18.809162" lon="99.004645">
        <ele>308.706664</ele>
        <time>2025-10-30T19:31:00.574Z</time>
      </trkpt>
      <trkpt lat="18.808876" lon="99.004688">
        <ele>308.630889</ele>
        <time>2025-10-30T19:31:04.674Z</time>
      </trkpt>
      <trkpt lat="18.808113" lon="99.004877">
        <ele>308.525377</ele>
        <time>2025-10-30T19:31:14.821Z</time>
      </trkpt>
      <trkpt lat="18.807870" lon="99.004938">
        <ele>308.555223</ele>
        <time>2025-10-30T19:31:18.160Z</time>
      </trkpt>
      <trkpt lat="18.807746" lon="99.004966">
        <ele>308.570375</ele>
        <time>2025-10-30T19:31:20.044Z</time>
      </trkpt>
      <trkpt lat="18.807068" lon="99.005066">
        <ele>308.652179</ele>
        <time>2025-10-30T19:31:31.501Z</time>
      </trkpt>
      <trkpt lat="18.806587" lon="99.005257">
        <ele>308.740791</ele>
        <time>2025-10-30T19:31:40.053Z</time>
      </trkpt>
      <trkpt lat="18.806176" lon="99.005415">
        <ele>309.102830</ele>
        <time>2025-10-30T19:31:47.089Z</time>
      </trkpt>
      <trkpt lat="18.806075" lon="99.005437">
        <ele>309.188194</ele>
        <time>2025-10-30T19:31:48.846Z</time>
      </trkpt>
      <trkpt lat="18.805590" lon="99.005480">
        <ele>309.591073</ele>
        <time>2025-10-30T19:31:58.211Z</time>
      </trkpt>
      <trkpt lat="18.805272" lon="99.005509">
        <ele>309.855282</ele>
        <time>2025-10-30T19:32:04.687Z</time>
      </trkpt>
      <trkpt lat="18.805063" lon="99.005527">
        <ele>310.028859</ele>
        <time>2025-10-30T19:32:08.600Z</time>
      </trkpt>
      <trkpt lat="18.804740" lon="99.005554">
        <ele>310.237976</ele>
        <time>2025-10-30T19:32:14.379Z</time>
      </trkpt>
      <trkpt lat="18.804508" lon="99.005570">
        <ele>310.315809</ele>
        <time>2025-10-30T19:32:18.658Z</time>
      </trkpt>
      <trkpt lat="18.804219" lon="99.005599">
        <ele>310.412994</ele>
        <time>2025-10-30T19:32:23.993Z</time>
      </trkpt>
      <trkpt lat="18.802577" lon="99.005569">
        <ele>310.732803</ele>
        <time>2025-10-30T19:32:48.442Z</time>
      </trkpt>
      <trkpt lat="18.802535" lon="99.005564">
        <ele>310.726963</ele>
        <time>2025-10-30T19:32:49.038Z</time>
      </trkpt>
      <trkpt lat="18.802342" lon="99.005545">
        <ele>310.700181</ele>
        <time>2025-10-30T19:32:51.799Z</time>
      </trkpt>
      <trkpt lat="18.802257" lon="99.005529">
        <ele>310.688251</ele>
        <time>2025-10-30T19:32:53.053Z</time>
      </trkpt>
      <trkpt lat="18.802039" lon="99.005484">
        <ele>310.657561</ele>
        <time>2025-10-30T19:32:56.284Z</time>
      </trkpt>
      <trkpt lat="18.801734" lon="99.005390">
        <ele>310.613662</ele>
        <time>2025-10-30T19:33:00.953Z</time>
      </trkpt>
      <trkpt lat="18.801577" lon="99.005330">
        <ele>310.590594</ele>
        <time>2025-10-30T19:33:03.332Z</time>
      </trkpt>
      <trkpt lat="18.801230" lon="99.005169">
        <ele>310.468380</ele>
        <time>2025-10-30T19:33:08.180Z</time>
      </trkpt>
      <trkpt lat="18.800722" lon="99.004853">
        <ele>309.957281</ele>
        <time>2025-10-30T19:33:16.215Z</time>
      </trkpt>
      <trkpt lat="18.800603" lon="99.004808">
        <ele>309.847702</ele>
        <time>2025-10-30T19:33:17.856Z</time>
      </trkpt>
      <trkpt lat="18.800165" lon="99.004655">
        <ele>309.447753</ele>
        <time>2025-10-30T19:33:23.356Z</time>
      </trkpt>
      <trkpt lat="18.800002" lon="99.004554">
        <ele>309.283922</ele>
        <time>2025-10-30T19:33:25.546Z</time>
      </trkpt>
      <trkpt lat="18.800138" lon="99.004107">
        <ele>308.937781</ele>
        <time>2025-10-30T19:33:30.625Z</time>
      </trkpt>
      <trkpt lat="18.800525" lon="99.002739">
        <ele>308.256997</ele>
        <time>2025-10-30T19:33:48.188Z</time>
      </trkpt>
      <trkpt lat="18.800613" lon="99.002421">
        <ele>308.099025</ele>
        <time>2025-10-30T19:33:53.263Z</time>
      </trkpt>
      <trkpt lat="18.800642" lon="99.002324">
        <ele>308.111626</ele>
        <time>2025-10-30T19:33:54.894Z</time>
      </trkpt>
      <trkpt lat="18.800760" lon="99.001945">
        <ele>308.247435</ele>
        <time>2025-10-30T19:34:01.299Z</time>
      </trkpt>
      <trkpt lat="18.800793" lon="99.001841">
        <ele>308.284772</ele>
        <time>2025-10-30T19:34:03.147Z</time>
      </trkpt>
      <trkpt lat="18.800895" lon="99.001446">
        <ele>308.424141</ele>
        <time>2025-10-30T19:34:12.180Z</time>
      </trkpt>
      <trkpt lat="18.801103" lon="99.000579">
        <ele>308.728595</ele>
        <time>2025-10-30T19:34:30.346Z</time>
      </trkpt>
      <trkpt lat="18.801134" lon="99.000307">
        <ele>308.755418</ele>
        <time>2025-10-30T19:34:35.452Z</time>
      </trkpt>
      <trkpt lat="18.801128" lon="98.999481">
        <ele>308.826514</ele>
        <time>2025-10-30T19:34:50.942Z</time>
      </trkpt>
      <trkpt lat="18.801098" lon="98.999252">
        <ele>308.846413</ele>
        <time>2025-10-30T19:34:55.310Z</time>
      </trkpt>
      <trkpt lat="18.801092" lon="98.999200">
        <ele>308.850921</ele>
        <time>2025-10-30T19:34:56.319Z</time>
      </trkpt>
      <trkpt lat="18.801085" lon="98.999165">
        <ele>308.854000</ele>
        <time>2025-10-30T19:34:56.975Z</time>
      </trkpt>
      <trkpt lat="18.801013" lon="98.998788">
        <ele>308.887103</ele>
        <time>2025-10-30T19:35:04.503Z</time>
      </trkpt>
      <trkpt lat="18.800829" lon="98.997923">
        <ele>309.033865</ele>
        <time>2025-10-30T19:35:23.902Z</time>
      </trkpt>
      <trkpt lat="18.800631" lon="98.997444">
        <ele>309.126201</ele>
        <time>2025-10-30T19:35:34.270Z</time>
      </trkpt>
      <trkpt lat="18.800226" lon="98.996636">
        <ele>309.069008</ele>
        <time>2025-10-30T19:35:51.036Z</time>
      </trkpt>
      <trkpt lat="18.800154" lon="98.996493">
        <ele>308.985040</ele>
        <time>2025-10-30T19:35:53.889Z</time>
      </trkpt>
      <trkpt lat="18.800098" lon="98.996382">
        <ele>308.919833</ele>
        <time>2025-10-30T19:35:56.038Z</time>
      </trkpt>
      <trkpt lat="18.799966" lon="98.996028">
        <ele>308.722586</ele>
        <time>2025-10-30T19:36:02.499Z</time>
      </trkpt>
      <trkpt lat="18.799898" lon="98.995781">
        <ele>308.589230</ele>
        <time>2025-10-30T19:36:05.540Z</time>
      </trkpt>
      <trkpt lat="18.799898" lon="98.995740">
        <ele>308.567975</ele>
        <time>2025-10-30T19:36:06.015Z</time>
      </trkpt>
      <trkpt lat="18.799904" lon="98.995383">
        <ele>308.382868</ele>
        <time>2025-10-30T19:36:10.225Z</time>
      </trkpt>
      <trkpt lat="18.799956" lon="98.995080">
        <ele>308.245752</ele>
        <time>2025-10-30T19:36:14.382Z</time>
      </trkpt>
      <trkpt lat="18.799978" lon="98.994952">
        <ele>308.241892</ele>
        <time>2025-10-30T19:36:16.080Z</time>
      </trkpt>
      <trkpt lat="18.799998" lon="98.994849">
        <ele>308.238773</ele>
        <time>2025-10-30T19:36:17.290Z</time>
      </trkpt>
      <trkpt lat="18.800045" lon="98.994598">
        <ele>308.231183</ele>
        <time>2025-10-30T19:36:20.298Z</time>
      </trkpt>
      <trkpt lat="18.800054" lon="98.994551">
        <ele>308.229760</ele>
        <time>2025-10-30T19:36:21.186Z</time>
      </trkpt>
      <trkpt lat="18.800133" lon="98.994103">
        <ele>308.216241</ele>
        <time>2025-10-30T19:36:30.202Z</time>
      </trkpt>
      <trkpt lat="18.800147" lon="98.993951">
        <ele>308.211711</ele>
        <time>2025-10-30T19:36:33.160Z</time>
      </trkpt>
      <trkpt lat="18.800150" lon="98.993849">
        <ele>308.208683</ele>
        <time>2025-10-30T19:36:35.085Z</time>
      </trkpt>
      <trkpt lat="18.800148" lon="98.993804">
        <ele>308.207347</ele>
        <time>2025-10-30T19:36:35.874Z</time>
      </trkpt>
      <trkpt lat="18.800141" lon="98.993689">
        <ele>308.203928</ele>
        <time>2025-10-30T19:36:37.992Z</time>
      </trkpt>
      <trkpt lat="18.800137" lon="98.993656">
        <ele>308.202941</ele>
        <time>2025-10-30T19:36:38.580Z</time>
      </trkpt>
      <trkpt lat="18.800064" lon="98.993309">
        <ele>308.192396</ele>
        <time>2025-10-30T19:36:45.878Z</time>
      </trkpt>
      <trkpt lat="18.800037" lon="98.993223">
        <ele>308.230047</ele>
        <time>2025-10-30T19:36:47.806Z</time>
      </trkpt>
      <trkpt lat="18.799979" lon="98.993054">
        <ele>308.430524</ele>
        <time>2025-10-30T19:36:51.730Z</time>
      </trkpt>
      <trkpt lat="18.799828" lon="98.992627">
        <ele>308.938869</ele>
        <time>2025-10-30T19:37:02.034Z</time>
      </trkpt>
      <trkpt lat="18.799553" lon="98.991869">
        <ele>309.844168</ele>
        <time>2025-10-30T19:37:22.177Z</time>
      </trkpt>
      <trkpt lat="18.799521" lon="98.991649">
        <ele>310.092398</ele>
        <time>2025-10-30T19:37:27.602Z</time>
      </trkpt>
      <trkpt lat="18.799493" lon="98.991452">
        <ele>310.313879</ele>
        <time>2025-10-30T19:37:32.749Z</time>
      </trkpt>
      <trkpt lat="18.799471" lon="98.990920">
        <ele>310.824464</ele>
        <time>2025-10-30T19:37:46.364Z</time>
      </trkpt>
      <trkpt lat="18.799464" lon="98.990759">
        <ele>310.978999</ele>
        <time>2025-10-30T19:37:49.809Z</time>
      </trkpt>
      <trkpt lat="18.799446" lon="98.990350">
        <ele>311.371585</ele>
        <time>2025-10-30T19:37:58.436Z</time>
      </trkpt>
      <trkpt lat="18.799411" lon="98.990134">
        <ele>311.581704</ele>
        <time>2025-10-30T19:38:02.260Z</time>
      </trkpt>
      <trkpt lat="18.799312" lon="98.990035">
        <ele>311.719782</ele>
        <time>2025-10-30T19:38:04.811Z</time>
      </trkpt>
      <trkpt lat="18.799277" lon="98.990016">
        <ele>311.759640</ele>
        <time>2025-10-30T19:38:05.556Z</time>
      </trkpt>
      <trkpt lat="18.799256" lon="98.989993">
        <ele>311.790279</ele>
        <time>2025-10-30T19:38:06.123Z</time>
      </trkpt>
      <trkpt lat="18.799234" lon="98.989927">
        <ele>311.857370</ele>
        <time>2025-10-30T19:38:07.362Z</time>
      </trkpt>
      <trkpt lat="18.799256" lon="98.989853">
        <ele>311.931741</ele>
        <time>2025-10-30T19:38:08.776Z</time>
      </trkpt>
      <trkpt lat="18.799319" lon="98.989809">
        <ele>312.008237</ele>
        <time>2025-10-30T19:38:10.195Z</time>
      </trkpt>
      <trkpt lat="18.799375" lon="98.989690">
        <ele>312.133094</ele>
        <time>2025-10-30T19:38:12.571Z</time>
      </trkpt>
      <trkpt lat="18.799398" lon="98.989633">
        <ele>312.156015</ele>
        <time>2025-10-30T19:38:13.745Z</time>
      </trkpt>
      <trkpt lat="18.799400" lon="98.989339">
        <ele>312.264774</ele>
        <time>2025-10-30T19:38:20.204Z</time>
      </trkpt>
      <trkpt lat="18.799401" lon="98.988990">
        <ele>312.393876</ele>
        <time>2025-10-30T19:38:27.338Z</time>
      </trkpt>
      <trkpt lat="18.799344" lon="98.988736">
        <ele>312.490439</ele>
        <time>2025-10-30T19:38:32.017Z</time>
      </trkpt>
      <trkpt lat="18.799203" lon="98.988541">
        <ele>312.581208</ele>
        <time>2025-10-30T19:38:37.221Z</time>
      </trkpt>
      <trkpt lat="18.799068" lon="98.988383">
        <ele>312.659942</ele>
        <time>2025-10-30T19:38:41.864Z</time>
      </trkpt>
      <trkpt lat="18.798947" lon="98.988242">
        <ele>312.730342</ele>
        <time>2025-10-30T19:38:45.899Z</time>
      </trkpt>
      <trkpt lat="18.798721" lon="98.987836">
        <ele>312.862558</ele>
        <time>2025-10-30T19:38:55.164Z</time>
      </trkpt>
      <trkpt lat="18.798591" lon="98.987588">
        <ele>312.904704</ele>
        <time>2025-10-30T19:39:00.361Z</time>
      </trkpt>
      <trkpt lat="18.798556" lon="98.987426">
        <ele>312.929407</ele>
        <time>2025-10-30T19:39:03.367Z</time>
      </trkpt>
      <trkpt lat="18.798557" lon="98.987289">
        <ele>312.949776</ele>
        <time>2025-10-30T19:39:05.911Z</time>
      </trkpt>
      <trkpt lat="18.798528" lon="98.986987">
        <ele>312.994904</ele>
        <time>2025-10-30T19:39:11.776Z</time>
      </trkpt>
      <trkpt lat="18.798520" lon="98.986860">
        <ele>313.013827</ele>
        <time>2025-10-30T19:39:14.315Z</time>
      </trkpt>
      <trkpt lat="18.798490" lon="98.986224">
        <ele>313.108499</ele>
        <time>2025-10-30T19:39:27.483Z</time>
      </trkpt>
      <trkpt lat="18.798478" lon="98.986225">
        <ele>313.110389</ele>
        <time>2025-10-30T19:39:27.672Z</time>
      </trkpt>
      <trkpt lat="18.798397" lon="98.986231">
        <ele>313.136872</ele>
        <time>2025-10-30T19:39:28.969Z</time>
      </trkpt>
      <trkpt lat="18.798371" lon="98.985702">
        <ele>313.386170</ele>
        <time>2025-10-30T19:39:39.571Z</time>
      </trkpt>
      <trkpt lat="18.798450" lon="98.984202">
        <ele>314.083556</ele>
        <time>2025-10-30T19:40:11.633Z</time>
      </trkpt>
      <trkpt lat="18.798456" lon="98.984085">
        <ele>314.132227</ele>
        <time>2025-10-30T19:40:14.187Z</time>
      </trkpt>
      <trkpt lat="18.798467" lon="98.983663">
        <ele>314.307586</ele>
        <time>2025-10-30T19:40:23.038Z</time>
      </trkpt>
      <trkpt lat="18.798504" lon="98.983244">
        <ele>314.482388</ele>
        <time>2025-10-30T19:40:31.642Z</time>
      </trkpt>
      <trkpt lat="18.799205" lon="98.981062">
        <ele>315.546047</ele>
        <time>2025-10-30T19:41:19.264Z</time>
      </trkpt>
      <trkpt lat="18.799442" lon="98.981153">
        <ele>315.675134</ele>
        <time>2025-10-30T19:41:25.477Z</time>
      </trkpt>
      <trkpt lat="18.799505" lon="98.981119">
        <ele>315.711348</ele>
        <time>2025-10-30T19:41:26.886Z</time>
      </trkpt>
      <trkpt lat="18.799561" lon="98.981024">
        <ele>315.733502</ele>
        <time>2025-10-30T19:41:28.871Z</time>
      </trkpt>
      <trkpt lat="18.799938" lon="98.980063">
        <ele>315.875276</ele>
        <time>2025-10-30T19:41:45.239Z</time>
      </trkpt>
      <trkpt lat="18.800155" lon="98.979668">
        <ele>315.937519</ele>
        <time>2025-10-30T19:41:50.969Z</time>
      </trkpt>
      <trkpt lat="18.801200" lon="98.978207">
        <ele>315.979899</ele>
        <time>2025-10-30T19:42:14.347Z</time>
      </trkpt>
      <trkpt lat="18.801411" lon="98.978215">
        <ele>315.979899</ele>
        <time>2025-10-30T19:42:18.736Z</time>
      </trkpt>
    </trkseg>
  </trk>
</gpx>