<?xml version='1.0' encoding='UTF-8'?>
<gpx version="1.1" creator="https://www.komoot.de" xmlns="http://www.topografix.com/GPX/1/1" xmlns:xsi="http://www.w3.org/2001/XMLSchema-instance" xsi:schemaLocation="http://www.topografix.com/GPX/1/1 http://www.topografix.com/GPX/1/1/gpx.xsd">
  <metadata>
    <name>CM: East Canal + Ban Thi</name>
    <author>
      <link href="https://www.komoot.de">
        <text>komoot</text>
        <type>text/html</type>
      </link>
    </author>
  </metadata>
  <trk>
    <name>CM: East Canal + Ban Thi</name>
    <trkseg>
      <trkpt lat="18.805677" lon="98.973523">
        <ele>319.534692</ele>
        <time>2025-12-28T12:08:57.529Z</time>
      </trkpt>
      <trkpt lat="18.805788" lon="98.972566">
        <ele>319.539896</ele>
        <time>2025-12-28T12:09:18.241Z</time>
      </trkpt>
      <trkpt lat="18.805818" lon="98.972303">
        <ele>319.637523</ele>
        <time>2025-12-28T12:09:23.493Z</time>
      </trkpt>
      <trkpt lat="18.805885" lon="98.971758">
        <ele>319.840063</ele>
        <time>2025-12-28T12:09:35.187Z</time>
      </trkpt>
      <trkpt lat="18.805967" lon="98.971103">
        <ele>320.083559</ele>
        <time>2025-12-28T12:09:50.658Z</time>
      </trkpt>
      <trkpt lat="18.805995" lon="98.971042">
        <ele>320.108543</ele>
        <time>2025-12-28T12:09:52.382Z</time>
      </trkpt>
      <trkpt lat="18.805779" lon="98.970848">
        <ele>320.218922</ele>
        <time>2025-12-28T12:09:59.898Z</time>
      </trkpt>
      <trkpt lat="18.805526" lon="98.970625">
        <ele>320.343803</ele>
        <time>2025-12-28T12:10:07.989Z</time>
      </trkpt>
      <trkpt lat="18.804985" lon="98.970161">
        <ele>320.606885</ele>
        <time>2025-12-28T12:10:24.845Z</time>
      </trkpt>
      <trkpt lat="18.804702" lon="98.969949">
        <ele>320.737863</ele>
        <time>2025-12-28T12:10:32.886Z</time>
      </trkpt>
      <trkpt lat="18.804647" lon="98.969910">
        <ele>320.762871</ele>
        <time>2025-12-28T12:10:34.482Z</time>
      </trkpt>
      <trkpt lat="18.804524" lon="98.969827">
        <ele>320.817972</ele>
        <time>2025-12-28T12:10:38.033Z</time>
      </trkpt>
      <trkpt lat="18.804200" lon="98.969608">
        <ele>320.937728</ele>
        <time>2025-12-28T12:10:46.780Z</time>
      </trkpt>
      <trkpt lat="18.803658" lon="98.969264">
        <ele>321.052923</ele>
        <time>2025-12-28T12:10:59.665Z</time>
      </trkpt>
      <trkpt lat="18.803475" lon="98.969151">
        <ele>321.091540</ele>
        <time>2025-12-28T12:11:04.521Z</time>
      </trkpt>
      <trkpt lat="18.803344" lon="98.969073">
        <ele>321.118936</ele>
        <time>2025-12-28T12:11:08.064Z</time>
      </trkpt>
      <trkpt lat="18.803200" lon="98.968864">
        <ele>321.163517</ele>
        <time>2025-12-28T12:11:14.067Z</time>
      </trkpt>
      <trkpt lat="18.803000" lon="98.968756">
        <ele>321.204438</ele>
        <time>2025-12-28T12:11:19.774Z</time>
      </trkpt>
      <trkpt lat="18.802702" lon="98.968603">
        <ele>321.326344</ele>
        <time>2025-12-28T12:11:27.863Z</time>
      </trkpt>
      <trkpt lat="18.801453" lon="98.968017">
        <ele>322.237664</ele>
        <time>2025-12-28T12:12:01.669Z</time>
      </trkpt>
      <trkpt lat="18.801366" lon="98.967976">
        <ele>322.301189</ele>
        <time>2025-12-28T12:12:03.931Z</time>
      </trkpt>
      <trkpt lat="18.801264" lon="98.967923">
        <ele>322.376989</ele>
        <time>2025-12-28T12:12:06.711Z</time>
      </trkpt>
      <trkpt lat="18.801228" lon="98.967902">
        <ele>322.404411</ele>
        <time>2025-12-28T12:12:07.755Z</time>
      </trkpt>
      <trkpt lat="18.801168" lon="98.967870">
        <ele>322.445657</ele>
        <time>2025-12-28T12:12:09.474Z</time>
      </trkpt>
      <trkpt lat="18.800675" lon="98.967636">
        <ele>322.648547</ele>
        <time>2025-12-28T12:12:23.608Z</time>
      </trkpt>
      <trkpt lat="18.800620" lon="98.967612">
        <ele>322.670885</ele>
        <time>2025-12-28T12:12:25.275Z</time>
      </trkpt>
      <trkpt lat="18.800595" lon="98.967599">
        <ele>322.681345</ele>
        <time>2025-12-28T12:12:26.002Z</time>
      </trkpt>
      <trkpt lat="18.800086" lon="98.967415">
        <ele>322.883296</ele>
        <time>2025-12-28T12:12:38.664Z</time>
      </trkpt>
      <trkpt lat="18.799724" lon="98.967283">
        <ele>323.027054</ele>
        <time>2025-12-28T12:12:46.789Z</time>
      </trkpt>
      <trkpt lat="18.799571" lon="98.967226">
        <ele>323.087956</ele>
        <time>2025-12-28T12:12:50.473Z</time>
      </trkpt>
      <trkpt lat="18.799280" lon="98.967120">
        <ele>323.069781</ele>
        <time>2025-12-28T12:12:57.586Z</time>
      </trkpt>
      <trkpt lat="18.799078" lon="98.967045">
        <ele>323.026987</ele>
        <time>2025-12-28T12:13:02.298Z</time>
      </trkpt>
      <trkpt lat="18.798757" lon="98.966927">
        <ele>322.959056</ele>
        <time>2025-12-28T12:13:09.729Z</time>
      </trkpt>
      <trkpt lat="18.798578" lon="98.966862">
        <ele>322.921225</ele>
        <time>2025-12-28T12:13:13.665Z</time>
      </trkpt>
      <trkpt lat="18.798331" lon="98.966771">
        <ele>322.868941</ele>
        <time>2025-12-28T12:13:18.781Z</time>
      </trkpt>
      <trkpt lat="18.797729" lon="98.966534">
        <ele>322.770986</ele>
        <time>2025-12-28T12:13:32.516Z</time>
      </trkpt>
      <trkpt lat="18.797126" lon="98.966310">
        <ele>322.883112</ele>
        <time>2025-12-28T12:13:47.386Z</time>
      </trkpt>
      <trkpt lat="18.796922" lon="98.966233">
        <ele>322.921112</ele>
        <time>2025-12-28T12:13:52.432Z</time>
      </trkpt>
      <trkpt lat="18.796696" lon="98.966147">
        <ele>322.963250</ele>
        <time>2025-12-28T12:13:58.129Z</time>
      </trkpt>
      <trkpt lat="18.796337" lon="98.966008">
        <ele>323.030322</ele>
        <time>2025-12-28T12:14:06.743Z</time>
      </trkpt>
      <trkpt lat="18.796221" lon="98.965966">
        <ele>323.051832</ele>
        <time>2025-12-28T12:14:09.446Z</time>
      </trkpt>
      <trkpt lat="18.796107" lon="98.965922">
        <ele>323.072999</ele>
        <time>2025-12-28T12:14:12.160Z</time>
      </trkpt>
      <trkpt lat="18.795818" lon="98.965811">
        <ele>323.119184</ele>
        <time>2025-12-28T12:14:19.146Z</time>
      </trkpt>
      <trkpt lat="18.795536" lon="98.965703">
        <ele>323.164234</ele>
        <time>2025-12-28T12:14:26.844Z</time>
      </trkpt>
      <trkpt lat="18.795020" lon="98.965505">
        <ele>323.246686</ele>
        <time>2025-12-28T12:14:40.067Z</time>
      </trkpt>
      <trkpt lat="18.794796" lon="98.965419">
        <ele>323.282481</ele>
        <time>2025-12-28T12:14:45.159Z</time>
      </trkpt>
      <trkpt lat="18.794575" lon="98.965331">
        <ele>323.317952</ele>
        <time>2025-12-28T12:14:50.082Z</time>
      </trkpt>
      <trkpt lat="18.793879" lon="98.965084">
        <ele>323.312061</ele>
        <time>2025-12-28T12:15:05.747Z</time>
      </trkpt>
      <trkpt lat="18.793149" lon="98.964823">
        <ele>323.271147</ele>
        <time>2025-12-28T12:15:22.071Z</time>
      </trkpt>
      <trkpt lat="18.792328" lon="98.964529">
        <ele>323.338506</ele>
        <time>2025-12-28T12:15:43.069Z</time>
      </trkpt>
      <trkpt lat="18.791645" lon="98.964284">
        <ele>323.499492</ele>
        <time>2025-12-28T12:16:00.372Z</time>
      </trkpt>
      <trkpt lat="18.791376" lon="98.964188">
        <ele>323.562863</ele>
        <time>2025-12-28T12:16:06.696Z</time>
      </trkpt>
      <trkpt lat="18.791186" lon="98.964120">
        <ele>323.607636</ele>
        <time>2025-12-28T12:16:11.217Z</time>
      </trkpt>
      <trkpt lat="18.790684" lon="98.963941">
        <ele>323.715208</ele>
        <time>2025-12-28T12:16:22.553Z</time>
      </trkpt>
      <trkpt lat="18.790368" lon="98.963828">
        <ele>323.779411</ele>
        <time>2025-12-28T12:16:29.950Z</time>
      </trkpt>
      <trkpt lat="18.790224" lon="98.963775">
        <ele>323.808758</ele>
        <time>2025-12-28T12:16:33.395Z</time>
      </trkpt>
      <trkpt lat="18.790133" lon="98.963779">
        <ele>323.826286</ele>
        <time>2025-12-28T12:16:35.424Z</time>
      </trkpt>
      <trkpt lat="18.790080" lon="98.963758">
        <ele>323.837180</ele>
        <time>2025-12-28T12:16:36.613Z</time>
      </trkpt>
      <trkpt lat="18.790005" lon="98.963729">
        <ele>323.852550</ele>
        <time>2025-12-28T12:16:38.366Z</time>
      </trkpt>
      <trkpt lat="18.790024" lon="98.963656">
        <ele>323.866343</ele>
        <time>2025-12-28T12:16:39.870Z</time>
      </trkpt>
      <trkpt lat="18.790039" lon="98.963593">
        <ele>323.878179</ele>
        <time>2025-12-28T12:16:41.374Z</time>
      </trkpt>
      <trkpt lat="18.790102" lon="98.963345">
        <ele>323.924960</ele>
        <time>2025-12-28T12:16:47.291Z</time>
      </trkpt>
      <trkpt lat="18.790107" lon="98.963325">
        <ele>323.928729</ele>
        <time>2025-12-28T12:16:47.767Z</time>
      </trkpt>
      <trkpt lat="18.790206" lon="98.962965">
        <ele>324.003548</ele>
        <time>2025-12-28T12:16:56.799Z</time>
      </trkpt>
      <trkpt lat="18.790331" lon="98.962560">
        <ele>324.280331</ele>
        <time>2025-12-28T12:17:06.917Z</time>
      </trkpt>
      <trkpt lat="18.790428" lon="98.962268">
        <ele>324.481401</ele>
        <time>2025-12-28T12:17:14.604Z</time>
      </trkpt>
      <trkpt lat="18.790552" lon="98.961895">
        <ele>324.738268</ele>
        <time>2025-12-28T12:17:24.087Z</time>
      </trkpt>
      <trkpt lat="18.790634" lon="98.961690">
        <ele>324.882869</ele>
        <time>2025-12-28T12:17:28.954Z</time>
      </trkpt>
      <trkpt lat="18.790670" lon="98.961584">
        <ele>324.956041</ele>
        <time>2025-12-28T12:17:31.498Z</time>
      </trkpt>
      <trkpt lat="18.790798" lon="98.961178">
        <ele>325.228193</ele>
        <time>2025-12-28T12:17:41.950Z</time>
      </trkpt>
      <trkpt lat="18.790928" lon="98.960800">
        <ele>325.189001</ele>
        <time>2025-12-28T12:17:51.726Z</time>
      </trkpt>
      <trkpt lat="18.790667" lon="98.960704">
        <ele>325.160552</ele>
        <time>2025-12-28T12:17:57.954Z</time>
      </trkpt>
      <trkpt lat="18.790292" lon="98.960571">
        <ele>325.119832</ele>
        <time>2025-12-28T12:18:06.056Z</time>
      </trkpt>
      <trkpt lat="18.790090" lon="98.960498">
        <ele>325.097855</ele>
        <time>2025-12-28T12:18:10.390Z</time>
      </trkpt>
      <trkpt lat="18.789797" lon="98.960394">
        <ele>325.066036</ele>
        <time>2025-12-28T12:18:16.752Z</time>
      </trkpt>
      <trkpt lat="18.789543" lon="98.960302">
        <ele>325.040205</ele>
        <time>2025-12-28T12:18:22.391Z</time>
      </trkpt>
      <trkpt lat="18.788835" lon="98.960052">
        <ele>324.989030</ele>
        <time>2025-12-28T12:18:37.735Z</time>
      </trkpt>
      <trkpt lat="18.788441" lon="98.959921">
        <ele>324.960715</ele>
        <time>2025-12-28T12:18:47.091Z</time>
      </trkpt>
      <trkpt lat="18.787693" lon="98.959674">
        <ele>324.892802</ele>
        <time>2025-12-28T12:19:05.883Z</time>
      </trkpt>
      <trkpt lat="18.787606" lon="98.959645">
        <ele>324.879986</ele>
        <time>2025-12-28T12:19:07.906Z</time>
      </trkpt>
      <trkpt lat="18.787507" lon="98.959609">
        <ele>324.865276</ele>
        <time>2025-12-28T12:19:10.308Z</time>
      </trkpt>
      <trkpt lat="18.787189" lon="98.959495">
        <ele>324.818098</ele>
        <time>2025-12-28T12:19:17.519Z</time>
      </trkpt>
      <trkpt lat="18.786804" lon="98.959355">
        <ele>324.760895</ele>
        <time>2025-12-28T12:19:25.970Z</time>
      </trkpt>
      <trkpt lat="18.785899" lon="98.959017">
        <ele>324.662719</ele>
        <time>2025-12-28T12:19:46.330Z</time>
      </trkpt>
      <trkpt lat="18.785424" lon="98.958849">
        <ele>324.654121</ele>
        <time>2025-12-28T12:19:57.263Z</time>
      </trkpt>
      <trkpt lat="18.785213" lon="98.958773">
        <ele>324.650294</ele>
        <time>2025-12-28T12:20:02.234Z</time>
      </trkpt>
      <trkpt lat="18.784753" lon="98.958607">
        <ele>324.641950</ele>
        <time>2025-12-28T12:20:13.340Z</time>
      </trkpt>
      <trkpt lat="18.784667" lon="98.958576">
        <ele>324.640390</ele>
        <time>2025-12-28T12:20:15.428Z</time>
      </trkpt>
      <trkpt lat="18.784488" lon="98.958510">
        <ele>324.637136</ele>
        <time>2025-12-28T12:20:19.788Z</time>
      </trkpt>
      <trkpt lat="18.784293" lon="98.958454">
        <ele>324.693749</ele>
        <time>2025-12-28T12:20:24.469Z</time>
      </trkpt>
      <trkpt lat="18.784070" lon="98.958423">
        <ele>324.760537</ele>
        <time>2025-12-28T12:20:29.684Z</time>
      </trkpt>
      <trkpt lat="18.783541" lon="98.958409">
        <ele>324.917665</ele>
        <time>2025-12-28T12:20:41.848Z</time>
      </trkpt>
      <trkpt lat="18.782358" lon="98.958396">
        <ele>325.246829</ele>
        <time>2025-12-28T12:21:10.143Z</time>
      </trkpt>
      <trkpt lat="18.781799" lon="98.958393">
        <ele>325.375305</ele>
        <time>2025-12-28T12:21:23.710Z</time>
      </trkpt>
      <trkpt lat="18.781465" lon="98.958399">
        <ele>325.452079</ele>
        <time>2025-12-28T12:21:31.470Z</time>
      </trkpt>
      <trkpt lat="18.780493" lon="98.958400">
        <ele>325.485921</ele>
        <time>2025-12-28T12:21:52.688Z</time>
      </trkpt>
      <trkpt lat="18.780095" lon="98.958396">
        <ele>325.386976</ele>
        <time>2025-12-28T12:22:00.654Z</time>
      </trkpt>
      <trkpt lat="18.779568" lon="98.958342">
        <ele>325.255352</ele>
        <time>2025-12-28T12:22:11.558Z</time>
      </trkpt>
      <trkpt lat="18.779347" lon="98.958264">
        <ele>325.197427</ele>
        <time>2025-12-28T12:22:16.695Z</time>
      </trkpt>
      <trkpt lat="18.778966" lon="98.958089">
        <ele>325.191182</ele>
        <time>2025-12-28T12:22:26.141Z</time>
      </trkpt>
      <trkpt lat="18.778924" lon="98.958051">
        <ele>325.208359</ele>
        <time>2025-12-28T12:22:27.447Z</time>
      </trkpt>
      <trkpt lat="18.778657" lon="98.957821">
        <ele>325.315373</ele>
        <time>2025-12-28T12:22:35.456Z</time>
      </trkpt>
      <trkpt lat="18.778438" lon="98.957547">
        <ele>325.420821</ele>
        <time>2025-12-28T12:22:43.531Z</time>
      </trkpt>
      <trkpt lat="18.778324" lon="98.957349">
        <ele>325.488967</ele>
        <time>2025-12-28T12:22:48.816Z</time>
      </trkpt>
      <trkpt lat="18.778149" lon="98.956877">
        <ele>325.638031</ele>
        <time>2025-12-28T12:23:00.652Z</time>
      </trkpt>
      <trkpt lat="18.777552" lon="98.954414">
        <ele>326.158258</ele>
        <time>2025-12-28T12:23:56.568Z</time>
      </trkpt>
      <trkpt lat="18.777438" lon="98.954131">
        <ele>326.143931</ele>
        <time>2025-12-28T12:24:02.914Z</time>
      </trkpt>
      <trkpt lat="18.777273" lon="98.953865">
        <ele>326.129118</ele>
        <time>2025-12-28T12:24:09.587Z</time>
      </trkpt>
      <trkpt lat="18.776940" lon="98.953521">
        <ele>326.106200</ele>
        <time>2025-12-28T12:24:19.657Z</time>
      </trkpt>
      <trkpt lat="18.776483" lon="98.953198">
        <ele>326.014722</ele>
        <time>2025-12-28T12:24:31.294Z</time>
      </trkpt>
      <trkpt lat="18.775600" lon="98.952627">
        <ele>325.675419</ele>
        <time>2025-12-28T12:24:53.568Z</time>
      </trkpt>
      <trkpt lat="18.775118" lon="98.952309">
        <ele>325.483195</ele>
        <time>2025-12-28T12:25:05.129Z</time>
      </trkpt>
      <trkpt lat="18.774861" lon="98.952139">
        <ele>325.333887</ele>
        <time>2025-12-28T12:25:11.298Z</time>
      </trkpt>
      <trkpt lat="18.774202" lon="98.951804">
        <ele>324.973785</ele>
        <time>2025-12-28T12:25:26.480Z</time>
      </trkpt>
      <trkpt lat="18.773936" lon="98.951693">
        <ele>324.832962</ele>
        <time>2025-12-28T12:25:32.498Z</time>
      </trkpt>
      <trkpt lat="18.773693" lon="98.951625">
        <ele>324.709187</ele>
        <time>2025-12-28T12:25:37.674Z</time>
      </trkpt>
      <trkpt lat="18.773032" lon="98.951440">
        <ele>324.355738</ele>
        <time>2025-12-28T12:25:51.347Z</time>
      </trkpt>
      <trkpt lat="18.772873" lon="98.951395">
        <ele>324.269099</ele>
        <time>2025-12-28T12:25:54.571Z</time>
      </trkpt>
      <trkpt lat="18.772219" lon="98.951212">
        <ele>323.913005</ele>
        <time>2025-12-28T12:26:07.982Z</time>
      </trkpt>
      <trkpt lat="18.771957" lon="98.951142">
        <ele>323.770763</ele>
        <time>2025-12-28T12:26:13.396Z</time>
      </trkpt>
      <trkpt lat="18.769546" lon="98.950444">
        <ele>323.679173</ele>
        <time>2025-12-28T12:27:10.936Z</time>
      </trkpt>
      <trkpt lat="18.769283" lon="98.950368">
        <ele>323.575103</ele>
        <time>2025-12-28T12:27:16.761Z</time>
      </trkpt>
      <trkpt lat="18.769150" lon="98.950329">
        <ele>323.522420</ele>
        <time>2025-12-28T12:27:19.590Z</time>
      </trkpt>
      <trkpt lat="18.768824" lon="98.950217">
        <ele>323.391577</ele>
        <time>2025-12-28T12:27:26.543Z</time>
      </trkpt>
      <trkpt lat="18.768548" lon="98.950088">
        <ele>323.276380</ele>
        <time>2025-12-28T12:27:32.571Z</time>
      </trkpt>
      <trkpt lat="18.768239" lon="98.949882">
        <ele>323.136374</ele>
        <time>2025-12-28T12:27:39.705Z</time>
      </trkpt>
      <trkpt lat="18.768044" lon="98.949727">
        <ele>323.042209</ele>
        <time>2025-12-28T12:27:44.392Z</time>
      </trkpt>
      <trkpt lat="18.766912" lon="98.948628">
        <ele>322.543803</ele>
        <time>2025-12-28T12:28:16.559Z</time>
      </trkpt>
      <trkpt lat="18.766615" lon="98.948333">
        <ele>322.729737</ele>
        <time>2025-12-28T12:28:26.406Z</time>
      </trkpt>
      <trkpt lat="18.765949" lon="98.947676">
        <ele>323.145346</ele>
        <time>2025-12-28T12:28:50.192Z</time>
      </trkpt>
      <trkpt lat="18.765674" lon="98.947398">
        <ele>323.311164</ele>
        <time>2025-12-28T12:28:59.184Z</time>
      </trkpt>
      <trkpt lat="18.765523" lon="98.947244">
        <ele>323.287912</ele>
        <time>2025-12-28T12:29:03.832Z</time>
      </trkpt>
      <trkpt lat="18.765364" lon="98.947092">
        <ele>323.264156</ele>
        <time>2025-12-28T12:29:08.514Z</time>
      </trkpt>
      <trkpt lat="18.765327" lon="98.947052">
        <ele>323.258291</ele>
        <time>2025-12-28T12:29:09.659Z</time>
      </trkpt>
      <trkpt lat="18.764788" lon="98.946502">
        <ele>323.175271</ele>
        <time>2025-12-28T12:29:25.978Z</time>
      </trkpt>
      <trkpt lat="18.763927" lon="98.945666">
        <ele>322.989544</ele>
        <time>2025-12-28T12:29:50.559Z</time>
      </trkpt>
      <trkpt lat="18.763403" lon="98.945144">
        <ele>322.843581</ele>
        <time>2025-12-28T12:30:06.620Z</time>
      </trkpt>
      <trkpt lat="18.763070" lon="98.944900">
        <ele>322.761453</ele>
        <time>2025-12-28T12:30:15.259Z</time>
      </trkpt>
      <trkpt lat="18.762705" lon="98.944809">
        <ele>322.667663</ele>
        <time>2025-12-28T12:30:22.859Z</time>
      </trkpt>
      <trkpt lat="18.762038" lon="98.944730">
        <ele>322.493557</ele>
        <time>2025-12-28T12:30:36.946Z</time>
      </trkpt>
      <trkpt lat="18.761708" lon="98.944703">
        <ele>322.407697</ele>
        <time>2025-12-28T12:30:44.157Z</time>
      </trkpt>
      <trkpt lat="18.761152" lon="98.944552">
        <ele>322.317832</ele>
        <time>2025-12-28T12:30:56.513Z</time>
      </trkpt>
      <trkpt lat="18.760990" lon="98.944466">
        <ele>322.388350</ele>
        <time>2025-12-28T12:31:00.487Z</time>
      </trkpt>
      <trkpt lat="18.760613" lon="98.944219">
        <ele>322.560897</ele>
        <time>2025-12-28T12:31:10.797Z</time>
      </trkpt>
      <trkpt lat="18.759722" lon="98.943634">
        <ele>322.968937</ele>
        <time>2025-12-28T12:31:36.888Z</time>
      </trkpt>
      <trkpt lat="18.759375" lon="98.943475">
        <ele>322.998541</ele>
        <time>2025-12-28T12:31:46.095Z</time>
      </trkpt>
      <trkpt lat="18.759221" lon="98.943424">
        <ele>323.006310</ele>
        <time>2025-12-28T12:31:49.961Z</time>
      </trkpt>
      <trkpt lat="18.758869" lon="98.943394">
        <ele>323.023309</ele>
        <time>2025-12-28T12:31:58.204Z</time>
      </trkpt>
      <trkpt lat="18.758209" lon="98.943444">
        <ele>323.055160</ele>
        <time>2025-12-28T12:32:12.478Z</time>
      </trkpt>
      <trkpt lat="18.757598" lon="98.943495">
        <ele>323.072535</ele>
        <time>2025-12-28T12:32:24.861Z</time>
      </trkpt>
      <trkpt lat="18.757294" lon="98.943467">
        <ele>323.076187</ele>
        <time>2025-12-28T12:32:31.081Z</time>
      </trkpt>
      <trkpt lat="18.757088" lon="98.943398">
        <ele>323.078773</ele>
        <time>2025-12-28T12:32:35.595Z</time>
      </trkpt>
      <trkpt lat="18.756992" lon="98.943331">
        <ele>323.080150</ele>
        <time>2025-12-28T12:32:38.061Z</time>
      </trkpt>
      <trkpt lat="18.756861" lon="98.943220">
        <ele>323.082160</ele>
        <time>2025-12-28T12:32:41.750Z</time>
      </trkpt>
      <trkpt lat="18.756743" lon="98.943071">
        <ele>323.084361</ele>
        <time>2025-12-28T12:32:45.889Z</time>
      </trkpt>
      <trkpt lat="18.756666" lon="98.942935">
        <ele>323.086156</ele>
        <time>2025-12-28T12:32:49.371Z</time>
      </trkpt>
      <trkpt lat="18.756612" lon="98.942682">
        <ele>323.089095</ele>
        <time>2025-12-28T12:32:55.412Z</time>
      </trkpt>
      <trkpt lat="18.756559" lon="98.941689">
        <ele>323.870419</ele>
        <time>2025-12-28T12:33:21.559Z</time>
      </trkpt>
      <trkpt lat="18.756539" lon="98.941501">
        <ele>324.032544</ele>
        <time>2025-12-28T12:33:26.583Z</time>
      </trkpt>
      <trkpt lat="18.756452" lon="98.941309">
        <ele>324.214952</ele>
        <time>2025-12-28T12:33:32.051Z</time>
      </trkpt>
      <trkpt lat="18.756292" lon="98.941162">
        <ele>324.406886</ele>
        <time>2025-12-28T12:33:37.639Z</time>
      </trkpt>
      <trkpt lat="18.756130" lon="98.941076">
        <ele>324.570983</ele>
        <time>2025-12-28T12:33:42.227Z</time>
      </trkpt>
      <trkpt lat="18.755830" lon="98.941038">
        <ele>324.612291</ele>
        <time>2025-12-28T12:33:49.152Z</time>
      </trkpt>
      <trkpt lat="18.755142" lon="98.941218">
        <ele>324.077042</ele>
        <time>2025-12-28T12:34:03.333Z</time>
      </trkpt>
      <trkpt lat="18.754667" lon="98.941365">
        <ele>323.703262</ele>
        <time>2025-12-28T12:34:12.696Z</time>
      </trkpt>
      <trkpt lat="18.754103" lon="98.941545">
        <ele>323.282230</ele>
        <time>2025-12-28T12:34:23.595Z</time>
      </trkpt>
      <trkpt lat="18.753549" lon="98.941714">
        <ele>322.949489</ele>
        <time>2025-12-28T12:34:34.961Z</time>
      </trkpt>
      <trkpt lat="18.753227" lon="98.941808">
        <ele>322.756719</ele>
        <time>2025-12-28T12:34:42.048Z</time>
      </trkpt>
      <trkpt lat="18.753063" lon="98.941821">
        <ele>322.661820</ele>
        <time>2025-12-28T12:34:45.520Z</time>
      </trkpt>
      <trkpt lat="18.752688" lon="98.941757">
        <ele>322.442629</ele>
        <time>2025-12-28T12:34:53.525Z</time>
      </trkpt>
      <trkpt lat="18.752432" lon="98.941640">
        <ele>322.308721</ele>
        <time>2025-12-28T12:34:59.345Z</time>
      </trkpt>
      <trkpt lat="18.751726" lon="98.941185">
        <ele>322.153346</ele>
        <time>2025-12-28T12:35:17.423Z</time>
      </trkpt>
      <trkpt lat="18.751435" lon="98.941042">
        <ele>322.093050</ele>
        <time>2025-12-28T12:35:24.251Z</time>
      </trkpt>
      <trkpt lat="18.751182" lon="98.940976">
        <ele>322.044093</ele>
        <time>2025-12-28T12:35:29.781Z</time>
      </trkpt>
      <trkpt lat="18.750914" lon="98.940972">
        <ele>321.993742</ele>
        <time>2025-12-28T12:35:35.488Z</time>
      </trkpt>
      <trkpt lat="18.750413" lon="98.941050">
        <ele>322.026202</ele>
        <time>2025-12-28T12:35:46.707Z</time>
      </trkpt>
      <trkpt lat="18.749895" lon="98.941125">
        <ele>322.074938</ele>
        <time>2025-12-28T12:35:58.594Z</time>
      </trkpt>
      <trkpt lat="18.749467" lon="98.941182">
        <ele>322.115149</ele>
        <time>2025-12-28T12:36:08.352Z</time>
      </trkpt>
      <trkpt lat="18.749420" lon="98.941190">
        <ele>322.119586</ele>
        <time>2025-12-28T12:36:09.444Z</time>
      </trkpt>
      <trkpt lat="18.749276" lon="98.941198">
        <ele>322.133027</ele>
        <time>2025-12-28T12:36:12.785Z</time>
      </trkpt>
      <trkpt lat="18.749204" lon="98.941202">
        <ele>322.139748</ele>
        <time>2025-12-28T12:36:14.449Z</time>
      </trkpt>
      <trkpt lat="18.748582" lon="98.941311">
        <ele>322.164849</ele>
        <time>2025-12-28T12:36:29.152Z</time>
      </trkpt>
      <trkpt lat="18.748029" lon="98.941386">
        <ele>322.179569</ele>
        <time>2025-12-28T12:36:42.009Z</time>
      </trkpt>
      <trkpt lat="18.747524" lon="98.941458">
        <ele>322.193023</ele>
        <time>2025-12-28T12:36:53.214Z</time>
      </trkpt>
      <trkpt lat="18.747233" lon="98.941493">
        <ele>322.164399</ele>
        <time>2025-12-28T12:36:59.409Z</time>
      </trkpt>
      <trkpt lat="18.747105" lon="98.941504">
        <ele>322.096313</ele>
        <time>2025-12-28T12:37:02.038Z</time>
      </trkpt>
      <trkpt lat="18.746681" lon="98.941564">
        <ele>321.869513</ele>
        <time>2025-12-28T12:37:10.828Z</time>
      </trkpt>
      <trkpt lat="18.746057" lon="98.941641">
        <ele>321.536438</ele>
        <time>2025-12-28T12:37:23.644Z</time>
      </trkpt>
      <trkpt lat="18.745657" lon="98.941701">
        <ele>321.322242</ele>
        <time>2025-12-28T12:37:31.693Z</time>
      </trkpt>
      <trkpt lat="18.745466" lon="98.941718">
        <ele>321.233939</ele>
        <time>2025-12-28T12:37:35.472Z</time>
      </trkpt>
      <trkpt lat="18.745363" lon="98.941732">
        <ele>321.208415</ele>
        <time>2025-12-28T12:37:37.536Z</time>
      </trkpt>
      <trkpt lat="18.744926" lon="98.941785">
        <ele>321.100302</ele>
        <time>2025-12-28T12:37:46.512Z</time>
      </trkpt>
      <trkpt lat="18.744755" lon="98.941785">
        <ele>321.058274</ele>
        <time>2025-12-28T12:37:50.188Z</time>
      </trkpt>
      <trkpt lat="18.744479" lon="98.941725">
        <ele>320.989015</ele>
        <time>2025-12-28T12:37:56.329Z</time>
      </trkpt>
      <trkpt lat="18.744268" lon="98.941605">
        <ele>320.930113</ele>
        <time>2025-12-28T12:38:01.594Z</time>
      </trkpt>
      <trkpt lat="18.744098" lon="98.941449">
        <ele>320.874759</ele>
        <time>2025-12-28T12:38:06.559Z</time>
      </trkpt>
      <trkpt lat="18.743865" lon="98.941115">
        <ele>320.808051</ele>
        <time>2025-12-28T12:38:15.326Z</time>
      </trkpt>
      <trkpt lat="18.743671" lon="98.940800">
        <ele>320.824297</ele>
        <time>2025-12-28T12:38:23.474Z</time>
      </trkpt>
      <trkpt lat="18.742793" lon="98.939385">
        <ele>320.926896</ele>
        <time>2025-12-28T12:38:59.564Z</time>
      </trkpt>
      <trkpt lat="18.742677" lon="98.939199">
        <ele>320.960277</ele>
        <time>2025-12-28T12:39:04.284Z</time>
      </trkpt>
      <trkpt lat="18.742052" lon="98.938191">
        <ele>321.140869</ele>
        <time>2025-12-28T12:39:30.202Z</time>
      </trkpt>
      <trkpt lat="18.741943" lon="98.938019">
        <ele>321.173626</ele>
        <time>2025-12-28T12:39:34.787Z</time>
      </trkpt>
      <trkpt lat="18.741178" lon="98.936799">
        <ele>321.615749</ele>
        <time>2025-12-28T12:40:07.644Z</time>
      </trkpt>
      <trkpt lat="18.741103" lon="98.936681">
        <ele>321.658690</ele>
        <time>2025-12-28T12:40:10.871Z</time>
      </trkpt>
      <trkpt lat="18.740541" lon="98.935800">
        <ele>321.770986</ele>
        <time>2025-12-28T12:40:33.988Z</time>
      </trkpt>
      <trkpt lat="18.740304" lon="98.935410">
        <ele>321.786974</ele>
        <time>2025-12-28T12:40:43.662Z</time>
      </trkpt>
      <trkpt lat="18.740264" lon="98.935345">
        <ele>321.789649</ele>
        <time>2025-12-28T12:40:45.272Z</time>
      </trkpt>
      <trkpt lat="18.739994" lon="98.934912">
        <ele>321.807536</ele>
        <time>2025-12-28T12:40:55.957Z</time>
      </trkpt>
      <trkpt lat="18.739847" lon="98.934679">
        <ele>321.759106</ele>
        <time>2025-12-28T12:41:01.688Z</time>
      </trkpt>
      <trkpt lat="18.738920" lon="98.933184">
        <ele>321.289133</ele>
        <time>2025-12-28T12:41:38.203Z</time>
      </trkpt>
      <trkpt lat="18.738876" lon="98.933112">
        <ele>321.222322</ele>
        <time>2025-12-28T12:41:39.847Z</time>
      </trkpt>
      <trkpt lat="18.738796" lon="98.933197">
        <ele>321.128886</ele>
        <time>2025-12-28T12:41:42.113Z</time>
      </trkpt>
      <trkpt lat="18.738719" lon="98.933279">
        <ele>321.038850</ele>
        <time>2025-12-28T12:41:44.257Z</time>
      </trkpt>
      <trkpt lat="18.738294" lon="98.933732">
        <ele>320.541674</ele>
        <time>2025-12-28T12:41:55.915Z</time>
      </trkpt>
      <trkpt lat="18.737844" lon="98.934212">
        <ele>320.015057</ele>
        <time>2025-12-28T12:42:08.167Z</time>
      </trkpt>
      <trkpt lat="18.737786" lon="98.934273">
        <ele>319.947660</ele>
        <time>2025-12-28T12:42:09.755Z</time>
      </trkpt>
      <trkpt lat="18.736958" lon="98.935156">
        <ele>318.913701</ele>
        <time>2025-12-28T12:42:33.076Z</time>
      </trkpt>
      <trkpt lat="18.735930" lon="98.936302">
        <ele>317.563439</ele>
        <time>2025-12-28T12:43:02.087Z</time>
      </trkpt>
      <trkpt lat="18.734714" lon="98.937627">
        <ele>316.105149</ele>
        <time>2025-12-28T12:43:36.207Z</time>
      </trkpt>
      <trkpt lat="18.734035" lon="98.938367">
        <ele>315.402499</ele>
        <time>2025-12-28T12:43:55.801Z</time>
      </trkpt>
      <trkpt lat="18.733199" lon="98.939322">
        <ele>314.880433</ele>
        <time>2025-12-28T12:44:21.524Z</time>
      </trkpt>
      <trkpt lat="18.733019" lon="98.939504">
        <ele>314.779168</ele>
        <time>2025-12-28T12:44:26.765Z</time>
      </trkpt>
      <trkpt lat="18.732931" lon="98.939587">
        <ele>314.731223</ele>
        <time>2025-12-28T12:44:29.223Z</time>
      </trkpt>
      <trkpt lat="18.732852" lon="98.939672">
        <ele>314.685394</ele>
        <time>2025-12-28T12:44:31.583Z</time>
      </trkpt>
      <trkpt lat="18.732071" lon="98.940527">
        <ele>314.157896</ele>
        <time>2025-12-28T12:44:54.811Z</time>
      </trkpt>
      <trkpt lat="18.731121" lon="98.941464">
        <ele>313.567326</ele>
        <time>2025-12-28T12:45:21.485Z</time>
      </trkpt>
      <trkpt lat="18.730580" lon="98.942030">
        <ele>313.254480</ele>
        <time>2025-12-28T12:45:37.399Z</time>
      </trkpt>
      <trkpt lat="18.730401" lon="98.942227">
        <ele>313.148271</ele>
        <time>2025-12-28T12:45:42.784Z</time>
      </trkpt>
      <trkpt lat="18.729668" lon="98.943017">
        <ele>312.828761</ele>
        <time>2025-12-28T12:46:05.099Z</time>
      </trkpt>
      <trkpt lat="18.729252" lon="98.943600">
        <ele>312.648347</ele>
        <time>2025-12-28T12:46:19.799Z</time>
      </trkpt>
      <trkpt lat="18.728661" lon="98.944785">
        <ele>312.407237</ele>
        <time>2025-12-28T12:46:47.077Z</time>
      </trkpt>
      <trkpt lat="18.728595" lon="98.944912">
        <ele>312.385133</ele>
        <time>2025-12-28T12:46:50.048Z</time>
      </trkpt>
      <trkpt lat="18.728063" lon="98.945991">
        <ele>312.186969</ele>
        <time>2025-12-28T12:47:15.175Z</time>
      </trkpt>
      <trkpt lat="18.727610" lon="98.946750">
        <ele>312.022797</ele>
        <time>2025-12-28T12:47:33.299Z</time>
      </trkpt>
      <trkpt lat="18.727292" lon="98.947296">
        <ele>311.910297</ele>
        <time>2025-12-28T12:47:46.459Z</time>
      </trkpt>
      <trkpt lat="18.727122" lon="98.947570">
        <ele>311.880773</ele>
        <time>2025-12-28T12:47:53.095Z</time>
      </trkpt>
      <trkpt lat="18.726987" lon="98.947790">
        <ele>311.857146</ele>
        <time>2025-12-28T12:47:58.305Z</time>
      </trkpt>
      <trkpt lat="18.726753" lon="98.948184">
        <ele>311.815229</ele>
        <time>2025-12-28T12:48:07.731Z</time>
      </trkpt>
      <trkpt lat="18.726683" lon="98.948300">
        <ele>311.802832</ele>
        <time>2025-12-28T12:48:10.520Z</time>
      </trkpt>
      <trkpt lat="18.726617" lon="98.948252">
        <ele>311.795205</ele>
        <time>2025-12-28T12:48:12.222Z</time>
      </trkpt>
      <trkpt lat="18.726319" lon="98.948056">
        <ele>311.761792</ele>
        <time>2025-12-28T12:48:20.433Z</time>
      </trkpt>
      <trkpt lat="18.726055" lon="98.947880">
        <ele>311.745869</ele>
        <time>2025-12-28T12:48:27.644Z</time>
      </trkpt>
      <trkpt lat="18.726045" lon="98.947996">
        <ele>311.747746</ele>
        <time>2025-12-28T12:48:30.152Z</time>
      </trkpt>
      <trkpt lat="18.726291" lon="98.948171">
        <ele>311.752796</ele>
        <time>2025-12-28T12:48:36.790Z</time>
      </trkpt>
      <trkpt lat="18.726336" lon="98.948224">
        <ele>311.753943</ele>
        <time>2025-12-28T12:48:38.284Z</time>
      </trkpt>
      <trkpt lat="18.726282" lon="98.948290">
        <ele>311.755349</ele>
        <time>2025-12-28T12:48:40.186Z</time>
      </trkpt>
      <trkpt lat="18.726577" lon="98.948755">
        <ele>311.764372</ele>
        <time>2025-12-28T12:48:52.343Z</time>
      </trkpt>
      <trkpt lat="18.726865" lon="98.949324">
        <ele>311.762735</ele>
        <time>2025-12-28T12:49:05.675Z</time>
      </trkpt>
      <trkpt lat="18.727493" lon="98.950455">
        <ele>311.113273</ele>
        <time>2025-12-28T12:49:31.110Z</time>
      </trkpt>
      <trkpt lat="18.727552" lon="98.950582">
        <ele>311.043199</ele>
        <time>2025-12-28T12:49:33.821Z</time>
      </trkpt>
      <trkpt lat="18.727592" lon="98.950743">
        <ele>310.960746</ele>
        <time>2025-12-28T12:49:37.004Z</time>
      </trkpt>
      <trkpt lat="18.727607" lon="98.951084">
        <ele>310.776973</ele>
        <time>2025-12-28T12:49:43.523Z</time>
      </trkpt>
      <trkpt lat="18.727541" lon="98.953723">
        <ele>309.264460</ele>
        <time>2025-12-28T12:50:33.216Z</time>
      </trkpt>
      <trkpt lat="18.727587" lon="98.953943">
        <ele>309.182765</ele>
        <time>2025-12-28T12:50:37.580Z</time>
      </trkpt>
      <trkpt lat="18.727790" lon="98.954254">
        <ele>309.045804</ele>
        <time>2025-12-28T12:50:45.130Z</time>
      </trkpt>
      <trkpt lat="18.727880" lon="98.954174">
        <ele>309.000760</ele>
        <time>2025-12-28T12:50:47.719Z</time>
      </trkpt>
      <trkpt lat="18.728666" lon="98.955089">
        <ele>308.769617</ele>
        <time>2025-12-28T12:51:15.388Z</time>
      </trkpt>
      <trkpt lat="18.728803" lon="98.955243">
        <ele>308.744541</ele>
        <time>2025-12-28T12:51:20.122Z</time>
      </trkpt>
      <trkpt lat="18.729354" lon="98.955850">
        <ele>308.615978</ele>
        <time>2025-12-28T12:51:36.499Z</time>
      </trkpt>
      <trkpt lat="18.730396" lon="98.957041">
        <ele>307.303027</ele>
        <time>2025-12-28T12:52:05.240Z</time>
      </trkpt>
      <trkpt lat="18.730934" lon="98.957631">
        <ele>307.292510</ele>
        <time>2025-12-28T12:52:23.381Z</time>
      </trkpt>
      <trkpt lat="18.731614" lon="98.958379">
        <ele>307.613923</ele>
        <time>2025-12-28T12:52:48.326Z</time>
      </trkpt>
      <trkpt lat="18.731625" lon="98.958390">
        <ele>307.618882</ele>
        <time>2025-12-28T12:52:48.699Z</time>
      </trkpt>
      <trkpt lat="18.731697" lon="98.958471">
        <ele>307.653318</ele>
        <time>2025-12-28T12:52:51.120Z</time>
      </trkpt>
      <trkpt lat="18.731708" lon="98.958483">
        <ele>307.658495</ele>
        <time>2025-12-28T12:52:51.486Z</time>
      </trkpt>
      <trkpt lat="18.732643" lon="98.959583">
        <ele>307.463781</ele>
        <time>2025-12-28T12:53:21.289Z</time>
      </trkpt>
      <trkpt lat="18.732889" lon="98.959862">
        <ele>307.396544</ele>
        <time>2025-12-28T12:53:28.845Z</time>
      </trkpt>
      <trkpt lat="18.733195" lon="98.960181">
        <ele>307.288792</ele>
        <time>2025-12-28T12:53:38.014Z</time>
      </trkpt>
      <trkpt lat="18.733393" lon="98.960402">
        <ele>307.204903</ele>
        <time>2025-12-28T12:53:44.256Z</time>
      </trkpt>
      <trkpt lat="18.733560" lon="98.960590">
        <ele>307.133826</ele>
        <time>2025-12-28T12:53:49.564Z</time>
      </trkpt>
      <trkpt lat="18.733660" lon="98.960768">
        <ele>307.076757</ele>
        <time>2025-12-28T12:53:53.671Z</time>
      </trkpt>
      <trkpt lat="18.733722" lon="98.960956">
        <ele>307.021863</ele>
        <time>2025-12-28T12:53:57.613Z</time>
      </trkpt>
      <trkpt lat="18.733704" lon="98.961052">
        <ele>306.994878</ele>
        <time>2025-12-28T12:53:59.525Z</time>
      </trkpt>
      <trkpt lat="18.733682" lon="98.961103">
        <ele>306.979425</ele>
        <time>2025-12-28T12:54:00.627Z</time>
      </trkpt>
      <trkpt lat="18.733682" lon="98.961221">
        <ele>306.946887</ele>
        <time>2025-12-28T12:54:02.944Z</time>
      </trkpt>
      <trkpt lat="18.734449" lon="98.963774">
        <ele>306.345399</ele>
        <time>2025-12-28T12:54:57.057Z</time>
      </trkpt>
      <trkpt lat="18.734727" lon="98.964688">
        <ele>306.216666</ele>
        <time>2025-12-28T12:55:16.798Z</time>
      </trkpt>
      <trkpt lat="18.734757" lon="98.964798">
        <ele>306.201316</ele>
        <time>2025-12-28T12:55:19.173Z</time>
      </trkpt>
      <trkpt lat="18.734849" lon="98.965112">
        <ele>306.157240</ele>
        <time>2025-12-28T12:55:25.973Z</time>
      </trkpt>
      <trkpt lat="18.735110" lon="98.966034">
        <ele>305.875577</ele>
        <time>2025-12-28T12:55:45.721Z</time>
      </trkpt>
      <trkpt lat="18.735772" lon="98.968247">
        <ele>304.901316</ele>
        <time>2025-12-28T12:56:31.192Z</time>
      </trkpt>
      <trkpt lat="18.736070" lon="98.969369">
        <ele>304.334992</ele>
        <time>2025-12-28T12:56:53.210Z</time>
      </trkpt>
      <trkpt lat="18.736076" lon="98.969404">
        <ele>304.318562</ele>
        <time>2025-12-28T12:56:53.881Z</time>
      </trkpt>
      <trkpt lat="18.736083" lon="98.969460">
        <ele>304.292468</ele>
        <time>2025-12-28T12:56:54.989Z</time>
      </trkpt>
      <trkpt lat="18.736171" lon="98.970197">
        <ele>303.949322</ele>
        <time>2025-12-28T12:57:09.620Z</time>
      </trkpt>
      <trkpt lat="18.736231" lon="98.970783">
        <ele>303.667680</ele>
        <time>2025-12-28T12:57:21.269Z</time>
      </trkpt>
      <trkpt lat="18.736289" lon="98.971320">
        <ele>303.352180</ele>
        <time>2025-12-28T12:57:31.881Z</time>
      </trkpt>
      <trkpt lat="18.736479" lon="98.972940">
        <ele>302.548599</ele>
        <time>2025-12-28T12:58:02.590Z</time>
      </trkpt>
      <trkpt lat="18.736503" lon="98.973147">
        <ele>302.515704</ele>
        <time>2025-12-28T12:58:06.703Z</time>
      </trkpt>
      <trkpt lat="18.736646" lon="98.974563">
        <ele>302.308860</ele>
        <time>2025-12-28T12:58:36.926Z</time>
      </trkpt>
      <trkpt lat="18.736650" lon="98.974606">
        <ele>302.311213</ele>
        <time>2025-12-28T12:58:37.894Z</time>
      </trkpt>
      <trkpt lat="18.736724" lon="98.975334">
        <ele>302.351091</ele>
        <time>2025-12-28T12:58:53.808Z</time>
      </trkpt>
      <trkpt lat="18.736786" lon="98.975860">
        <ele>302.379960</ele>
        <time>2025-12-28T12:59:04.856Z</time>
      </trkpt>
      <trkpt lat="18.736844" lon="98.976379">
        <ele>302.410456</ele>
        <time>2025-12-28T12:59:15.764Z</time>
      </trkpt>
      <trkpt lat="18.736850" lon="98.976444">
        <ele>302.424641</ele>
        <time>2025-12-28T12:59:17.157Z</time>
      </trkpt>
      <trkpt lat="18.736934" lon="98.977302">
        <ele>302.611991</ele>
        <time>2025-12-28T12:59:36.091Z</time>
      </trkpt>
      <trkpt lat="18.736968" lon="98.977392">
        <ele>302.633037</ele>
        <time>2025-12-28T12:59:38.237Z</time>
      </trkpt>
      <trkpt lat="18.736949" lon="98.977452">
        <ele>302.646779</ele>
        <time>2025-12-28T12:59:39.646Z</time>
      </trkpt>
      <trkpt lat="18.736905" lon="98.977580">
        <ele>302.676355</ele>
        <time>2025-12-28T12:59:42.661Z</time>
      </trkpt>
      <trkpt lat="18.736888" lon="98.977652">
        <ele>302.692472</ele>
        <time>2025-12-28T12:59:44.306Z</time>
      </trkpt>
      <trkpt lat="18.736879" lon="98.977694">
        <ele>302.701825</ele>
        <time>2025-12-28T12:59:45.253Z</time>
      </trkpt>
      <trkpt lat="18.736835" lon="98.977885">
        <ele>302.744520</ele>
        <time>2025-12-28T12:59:49.624Z</time>
      </trkpt>
      <trkpt lat="18.736726" lon="98.978336">
        <ele>302.828929</ele>
        <time>2025-12-28T12:59:59.987Z</time>
      </trkpt>
      <trkpt lat="18.736564" lon="98.978822">
        <ele>302.867163</ele>
        <time>2025-12-28T13:00:11.472Z</time>
      </trkpt>
      <trkpt lat="18.736502" lon="98.978926">
        <ele>302.876283</ele>
        <time>2025-12-28T13:00:14.178Z</time>
      </trkpt>
      <trkpt lat="18.735839" lon="98.979511">
        <ele>302.943986</ele>
        <time>2025-12-28T13:00:33.292Z</time>
      </trkpt>
      <trkpt lat="18.735816" lon="98.979616">
        <ele>302.951984</ele>
        <time>2025-12-28T13:00:35.515Z</time>
      </trkpt>
      <trkpt lat="18.735878" lon="98.979871">
        <ele>302.954932</ele>
        <time>2025-12-28T13:00:40.915Z</time>
      </trkpt>
      <trkpt lat="18.735907" lon="98.979977">
        <ele>302.949945</ele>
        <time>2025-12-28T13:00:43.180Z</time>
      </trkpt>
      <trkpt lat="18.735937" lon="98.980096">
        <ele>302.944378</ele>
        <time>2025-12-28T13:00:45.689Z</time>
      </trkpt>
      <trkpt lat="18.735945" lon="98.980146">
        <ele>302.942085</ele>
        <time>2025-12-28T13:00:46.711Z</time>
      </trkpt>
      <trkpt lat="18.735960" lon="98.980211">
        <ele>302.939061</ele>
        <time>2025-12-28T13:00:48.077Z</time>
      </trkpt>
      <trkpt lat="18.736017" lon="98.980448">
        <ele>302.928007</ele>
        <time>2025-12-28T13:00:53.086Z</time>
      </trkpt>
      <trkpt lat="18.736118" lon="98.980659">
        <ele>302.917319</ele>
        <time>2025-12-28T13:00:57.929Z</time>
      </trkpt>
      <trkpt lat="18.736130" lon="98.980797">
        <ele>302.911054</ele>
        <time>2025-12-28T13:01:00.794Z</time>
      </trkpt>
      <trkpt lat="18.736091" lon="98.981164">
        <ele>302.894360</ele>
        <time>2025-12-28T13:01:08.479Z</time>
      </trkpt>
      <trkpt lat="18.736007" lon="98.981849">
        <ele>302.916683</ele>
        <time>2025-12-28T13:01:23.256Z</time>
      </trkpt>
      <trkpt lat="18.735978" lon="98.982396">
        <ele>303.000467</ele>
        <time>2025-12-28T13:01:35.196Z</time>
      </trkpt>
      <trkpt lat="18.735988" lon="98.982559">
        <ele>303.025447</ele>
        <time>2025-12-28T13:01:38.837Z</time>
      </trkpt>
      <trkpt lat="18.736048" lon="98.982865">
        <ele>303.073236</ele>
        <time>2025-12-28T13:01:45.835Z</time>
      </trkpt>
      <trkpt lat="18.736244" lon="98.983260">
        <ele>303.141433</ele>
        <time>2025-12-28T13:01:55.822Z</time>
      </trkpt>
      <trkpt lat="18.736333" lon="98.983489">
        <ele>303.131382</ele>
        <time>2025-12-28T13:02:01.195Z</time>
      </trkpt>
      <trkpt lat="18.736145" lon="98.983638">
        <ele>303.034420</ele>
        <time>2025-12-28T13:02:06.398Z</time>
      </trkpt>
      <trkpt lat="18.735812" lon="98.983903">
        <ele>302.862419</ele>
        <time>2025-12-28T13:02:14.866Z</time>
      </trkpt>
      <trkpt lat="18.735290" lon="98.984232">
        <ele>302.611657</ele>
        <time>2025-12-28T13:02:27.442Z</time>
      </trkpt>
      <trkpt lat="18.734885" lon="98.984386">
        <ele>302.434095</ele>
        <time>2025-12-28T13:02:36.076Z</time>
      </trkpt>
      <trkpt lat="18.734779" lon="98.984412">
        <ele>302.377844</ele>
        <time>2025-12-28T13:02:38.218Z</time>
      </trkpt>
      <trkpt lat="18.734443" lon="98.984467">
        <ele>302.191628</ele>
        <time>2025-12-28T13:02:44.912Z</time>
      </trkpt>
      <trkpt lat="18.734338" lon="98.984482">
        <ele>302.133598</ele>
        <time>2025-12-28T13:02:46.966Z</time>
      </trkpt>
      <trkpt lat="18.733417" lon="98.984525">
        <ele>301.628698</ele>
        <time>2025-12-28T13:03:05.580Z</time>
      </trkpt>
      <trkpt lat="18.732610" lon="98.984570">
        <ele>301.577227</ele>
        <time>2025-12-28T13:03:23.171Z</time>
      </trkpt>
      <trkpt lat="18.731908" lon="98.984556">
        <ele>301.787866</ele>
        <time>2025-12-28T13:03:40.388Z</time>
      </trkpt>
      <trkpt lat="18.731099" lon="98.984460">
        <ele>301.831739</ele>
        <time>2025-12-28T13:04:00.969Z</time>
      </trkpt>
      <trkpt lat="18.730552" lon="98.984445">
        <ele>301.383342</ele>
        <time>2025-12-28T13:04:12.058Z</time>
      </trkpt>
      <trkpt lat="18.730071" lon="98.984476">
        <ele>300.988446</ele>
        <time>2025-12-28T13:04:20.929Z</time>
      </trkpt>
      <trkpt lat="18.729360" lon="98.984622">
        <ele>300.531766</ele>
        <time>2025-12-28T13:04:34.007Z</time>
      </trkpt>
      <trkpt lat="18.728970" lon="98.984782">
        <ele>300.617133</ele>
        <time>2025-12-28T13:04:42.299Z</time>
      </trkpt>
      <trkpt lat="18.728443" lon="98.985082">
        <ele>300.739288</ele>
        <time>2025-12-28T13:04:56.651Z</time>
      </trkpt>
      <trkpt lat="18.727978" lon="98.985263">
        <ele>300.840404</ele>
        <time>2025-12-28T13:05:10.216Z</time>
      </trkpt>
      <trkpt lat="18.727737" lon="98.985388">
        <ele>300.933672</ele>
        <time>2025-12-28T13:05:17.813Z</time>
      </trkpt>
      <trkpt lat="18.727548" lon="98.985525">
        <ele>301.056311</ele>
        <time>2025-12-28T13:05:24.156Z</time>
      </trkpt>
      <trkpt lat="18.726947" lon="98.986014">
        <ele>301.462202</ele>
        <time>2025-12-28T13:05:42.918Z</time>
      </trkpt>
      <trkpt lat="18.726569" lon="98.986253">
        <ele>301.697898</ele>
        <time>2025-12-28T13:05:52.489Z</time>
      </trkpt>
      <trkpt lat="18.726290" lon="98.986331">
        <ele>301.837821</ele>
        <time>2025-12-28T13:05:58.819Z</time>
      </trkpt>
      <trkpt lat="18.725966" lon="98.986362">
        <ele>301.876664</ele>
        <time>2025-12-28T13:06:06.201Z</time>
      </trkpt>
      <trkpt lat="18.725506" lon="98.986342">
        <ele>301.931635</ele>
        <time>2025-12-28T13:06:16.796Z</time>
      </trkpt>
      <trkpt lat="18.724882" lon="98.986178">
        <ele>302.008413</ele>
        <time>2025-12-28T13:06:32.061Z</time>
      </trkpt>
      <trkpt lat="18.724402" lon="98.986067">
        <ele>301.831426</ele>
        <time>2025-12-28T13:06:43.492Z</time>
      </trkpt>
      <trkpt lat="18.724111" lon="98.986024">
        <ele>301.423547</ele>
        <time>2025-12-28T13:06:49.947Z</time>
      </trkpt>
      <trkpt lat="18.723055" lon="98.985986">
        <ele>299.956842</ele>
        <time>2025-12-28T13:07:08.840Z</time>
      </trkpt>
      <trkpt lat="18.722385" lon="98.986053">
        <ele>299.046269</ele>
        <time>2025-12-28T13:07:20.276Z</time>
      </trkpt>
      <trkpt lat="18.722178" lon="98.986091">
        <ele>298.767643</ele>
        <time>2025-12-28T13:07:23.915Z</time>
      </trkpt>
      <trkpt lat="18.721863" lon="98.986154">
        <ele>298.342486</ele>
        <time>2025-12-28T13:07:29.508Z</time>
      </trkpt>
      <trkpt lat="18.721313" lon="98.986196">
        <ele>297.611213</ele>
        <time>2025-12-28T13:07:39.900Z</time>
      </trkpt>
      <trkpt lat="18.720549" lon="98.986220">
        <ele>297.705730</ele>
        <time>2025-12-28T13:07:57.720Z</time>
      </trkpt>
      <trkpt lat="18.720342" lon="98.986214">
        <ele>297.966055</ele>
        <time>2025-12-28T13:08:03.382Z</time>
      </trkpt>
      <trkpt lat="18.720234" lon="98.986185">
        <ele>298.106148</ele>
        <time>2025-12-28T13:08:06.596Z</time>
      </trkpt>
      <trkpt lat="18.720134" lon="98.986122">
        <ele>298.252539</ele>
        <time>2025-12-28T13:08:09.989Z</time>
      </trkpt>
      <trkpt lat="18.720108" lon="98.986106">
        <ele>298.290371</ele>
        <time>2025-12-28T13:08:10.887Z</time>
      </trkpt>
      <trkpt lat="18.720064" lon="98.986209">
        <ele>298.424904</ele>
        <time>2025-12-28T13:08:14.024Z</time>
      </trkpt>
      <trkpt lat="18.720076" lon="98.986319">
        <ele>298.556740</ele>
        <time>2025-12-28T13:08:17.109Z</time>
      </trkpt>
      <trkpt lat="18.720084" lon="98.987165">
        <ele>299.519252</ele>
        <time>2025-12-28T13:08:40.842Z</time>
      </trkpt>
      <trkpt lat="18.720102" lon="98.987460">
        <ele>299.755629</ele>
        <time>2025-12-28T13:08:49.166Z</time>
      </trkpt>
      <trkpt lat="18.720129" lon="98.987540">
        <ele>299.823539</ele>
        <time>2025-12-28T13:08:51.585Z</time>
      </trkpt>
      <trkpt lat="18.720173" lon="98.987665">
        <ele>299.930172</ele>
        <time>2025-12-28T13:08:55.248Z</time>
      </trkpt>
      <trkpt lat="18.720147" lon="98.987752">
        <ele>300.003120</ele>
        <time>2025-12-28T13:08:57.694Z</time>
      </trkpt>
      <trkpt lat="18.719875" lon="98.987736">
        <ele>300.233123</ele>
        <time>2025-12-28T13:09:04.842Z</time>
      </trkpt>
      <trkpt lat="18.719687" lon="98.987763">
        <ele>300.393310</ele>
        <time>2025-12-28T13:09:09.396Z</time>
      </trkpt>
      <trkpt lat="18.719604" lon="98.987711">
        <ele>300.474794</ele>
        <time>2025-12-28T13:09:11.605Z</time>
      </trkpt>
      <trkpt lat="18.719563" lon="98.987669">
        <ele>300.523024</ele>
        <time>2025-12-28T13:09:12.882Z</time>
      </trkpt>
      <trkpt lat="18.719488" lon="98.987651">
        <ele>300.587960</ele>
        <time>2025-12-28T13:09:14.575Z</time>
      </trkpt>
      <trkpt lat="18.719283" lon="98.987637">
        <ele>300.761401</ele>
        <time>2025-12-28T13:09:19.107Z</time>
      </trkpt>
      <trkpt lat="18.718915" lon="98.987625">
        <ele>300.940324</ele>
        <time>2025-12-28T13:09:27.182Z</time>
      </trkpt>
      <trkpt lat="18.718637" lon="98.987656">
        <ele>300.929365</ele>
        <time>2025-12-28T13:09:33.230Z</time>
      </trkpt>
      <trkpt lat="18.718080" lon="98.987728">
        <ele>300.907365</ele>
        <time>2025-12-28T13:09:45.275Z</time>
      </trkpt>
      <trkpt lat="18.717580" lon="98.987662">
        <ele>300.887610</ele>
        <time>2025-12-28T13:09:56.416Z</time>
      </trkpt>
      <trkpt lat="18.716968" lon="98.987512">
        <ele>300.907914</ele>
        <time>2025-12-28T13:10:10.872Z</time>
      </trkpt>
      <trkpt lat="18.716612" lon="98.987488">
        <ele>300.943471</ele>
        <time>2025-12-28T13:10:19.076Z</time>
      </trkpt>
      <trkpt lat="18.716250" lon="98.987481">
        <ele>300.979560</ele>
        <time>2025-12-28T13:10:27.322Z</time>
      </trkpt>
      <trkpt lat="18.715919" lon="98.987425">
        <ele>301.012974</ele>
        <time>2025-12-28T13:10:34.768Z</time>
      </trkpt>
      <trkpt lat="18.715646" lon="98.987277">
        <ele>301.043563</ele>
        <time>2025-12-28T13:10:41.473Z</time>
      </trkpt>
      <trkpt lat="18.715412" lon="98.987103">
        <ele>301.055196</ele>
        <time>2025-12-28T13:10:47.861Z</time>
      </trkpt>
      <trkpt lat="18.714797" lon="98.986792">
        <ele>301.056186</ele>
        <time>2025-12-28T13:11:03.216Z</time>
      </trkpt>
      <trkpt lat="18.714198" lon="98.986445">
        <ele>301.057177</ele>
        <time>2025-12-28T13:11:18.252Z</time>
      </trkpt>
      <trkpt lat="18.714013" lon="98.986338">
        <ele>301.057483</ele>
        <time>2025-12-28T13:11:22.952Z</time>
      </trkpt>
      <trkpt lat="18.713620" lon="98.986168">
        <ele>301.066386</ele>
        <time>2025-12-28T13:11:32.595Z</time>
      </trkpt>
      <trkpt lat="18.713135" lon="98.985900">
        <ele>301.079303</ele>
        <time>2025-12-28T13:11:44.795Z</time>
      </trkpt>
      <trkpt lat="18.712363" lon="98.985402">
        <ele>301.099412</ele>
        <time>2025-12-28T13:12:04.779Z</time>
      </trkpt>
      <trkpt lat="18.712068" lon="98.985185">
        <ele>301.091756</ele>
        <time>2025-12-28T13:12:12.926Z</time>
      </trkpt>
      <trkpt lat="18.711923" lon="98.985028">
        <ele>301.087333</ele>
        <time>2025-12-28T13:12:17.622Z</time>
      </trkpt>
      <trkpt lat="18.711778" lon="98.984801">
        <ele>301.081810</ele>
        <time>2025-12-28T13:12:23.454Z</time>
      </trkpt>
      <trkpt lat="18.711521" lon="98.984481">
        <ele>301.073348</ele>
        <time>2025-12-28T13:12:32.344Z</time>
      </trkpt>
      <trkpt lat="18.711236" lon="98.984173">
        <ele>301.064663</ele>
        <time>2025-12-28T13:12:41.266Z</time>
      </trkpt>
      <trkpt lat="18.711054" lon="98.984002">
        <ele>301.061296</ele>
        <time>2025-12-28T13:12:46.528Z</time>
      </trkpt>
      <trkpt lat="18.710880" lon="98.983874">
        <ele>301.060480</ele>
        <time>2025-12-28T13:12:51.109Z</time>
      </trkpt>
      <trkpt lat="18.710648" lon="98.983742">
        <ele>301.059466</ele>
        <time>2025-12-28T13:12:56.836Z</time>
      </trkpt>
      <trkpt lat="18.710424" lon="98.983676">
        <ele>301.058572</ele>
        <time>2025-12-28T13:13:02.076Z</time>
      </trkpt>
      <trkpt lat="18.709764" lon="98.983642">
        <ele>301.056030</ele>
        <time>2025-12-28T13:13:16.819Z</time>
      </trkpt>
      <trkpt lat="18.709345" lon="98.983639">
        <ele>301.060860</ele>
        <time>2025-12-28T13:13:26.163Z</time>
      </trkpt>
      <trkpt lat="18.709088" lon="98.983689">
        <ele>301.077826</ele>
        <time>2025-12-28T13:13:32.137Z</time>
      </trkpt>
      <trkpt lat="18.709022" lon="98.983713">
        <ele>301.082358</ele>
        <time>2025-12-28T13:13:33.741Z</time>
      </trkpt>
      <trkpt lat="18.708716" lon="98.983839">
        <ele>301.103682</ele>
        <time>2025-12-28T13:13:41.328Z</time>
      </trkpt>
      <trkpt lat="18.708228" lon="98.984053">
        <ele>301.137988</ele>
        <time>2025-12-28T13:13:53.157Z</time>
      </trkpt>
      <trkpt lat="18.707939" lon="98.984189">
        <ele>301.158530</ele>
        <time>2025-12-28T13:14:00.087Z</time>
      </trkpt>
      <trkpt lat="18.707576" lon="98.984369">
        <ele>301.144527</ele>
        <time>2025-12-28T13:14:09.073Z</time>
      </trkpt>
      <trkpt lat="18.707128" lon="98.984522">
        <ele>301.081062</ele>
        <time>2025-12-28T13:14:19.553Z</time>
      </trkpt>
      <trkpt lat="18.706989" lon="98.984617">
        <ele>301.058744</ele>
        <time>2025-12-28T13:14:23.032Z</time>
      </trkpt>
      <trkpt lat="18.706802" lon="98.984792">
        <ele>301.025063</ele>
        <time>2025-12-28T13:14:28.303Z</time>
      </trkpt>
      <trkpt lat="18.706542" lon="98.984827">
        <ele>300.989734</ele>
        <time>2025-12-28T13:14:33.943Z</time>
      </trkpt>
      <trkpt lat="18.706194" lon="98.984801">
        <ele>300.942711</ele>
        <time>2025-12-28T13:14:41.598Z</time>
      </trkpt>
      <trkpt lat="18.705952" lon="98.984745">
        <ele>300.918573</ele>
        <time>2025-12-28T13:14:47.012Z</time>
      </trkpt>
      <trkpt lat="18.705526" lon="98.984741">
        <ele>300.887991</ele>
        <time>2025-12-28T13:14:56.260Z</time>
      </trkpt>
      <trkpt lat="18.705215" lon="98.984722">
        <ele>300.865628</ele>
        <time>2025-12-28T13:15:02.965Z</time>
      </trkpt>
      <trkpt lat="18.704835" lon="98.984664">
        <ele>300.838066</ele>
        <time>2025-12-28T13:15:11.454Z</time>
      </trkpt>
      <trkpt lat="18.704559" lon="98.984658">
        <ele>300.818248</ele>
        <time>2025-12-28T13:15:17.802Z</time>
      </trkpt>
      <trkpt lat="18.703596" lon="98.984508">
        <ele>300.714404</ele>
        <time>2025-12-28T13:15:39.288Z</time>
      </trkpt>
      <trkpt lat="18.703455" lon="98.984492">
        <ele>300.697526</ele>
        <time>2025-12-28T13:15:42.360Z</time>
      </trkpt>
      <trkpt lat="18.703308" lon="98.984506">
        <ele>300.679960</ele>
        <time>2025-12-28T13:15:45.559Z</time>
      </trkpt>
      <trkpt lat="18.702911" lon="98.984646">
        <ele>300.630146</ele>
        <time>2025-12-28T13:15:54.560Z</time>
      </trkpt>
      <trkpt lat="18.702721" lon="98.984753">
        <ele>300.604517</ele>
        <time>2025-12-28T13:15:59.183Z</time>
      </trkpt>
      <trkpt lat="18.702291" lon="98.985040">
        <ele>300.525404</ele>
        <time>2025-12-28T13:16:10.069Z</time>
      </trkpt>
      <trkpt lat="18.702002" lon="98.985237">
        <ele>300.466348</ele>
        <time>2025-12-28T13:16:17.409Z</time>
      </trkpt>
      <trkpt lat="18.701458" lon="98.985626">
        <ele>300.353552</ele>
        <time>2025-12-28T13:16:31.621Z</time>
      </trkpt>
      <trkpt lat="18.701365" lon="98.985695">
        <ele>300.334039</ele>
        <time>2025-12-28T13:16:34.106Z</time>
      </trkpt>
      <trkpt lat="18.701318" lon="98.985729">
        <ele>300.324258</ele>
        <time>2025-12-28T13:16:35.358Z</time>
      </trkpt>
      <trkpt lat="18.700349" lon="98.986499">
        <ele>300.301042</ele>
        <time>2025-12-28T13:17:02.049Z</time>
      </trkpt>
      <trkpt lat="18.699969" lon="98.986868">
        <ele>300.314181</ele>
        <time>2025-12-28T13:17:13.687Z</time>
      </trkpt>
      <trkpt lat="18.699856" lon="98.986920">
        <ele>300.317318</ele>
        <time>2025-12-28T13:17:16.491Z</time>
      </trkpt>
      <trkpt lat="18.699737" lon="98.986942">
        <ele>300.320392</ele>
        <time>2025-12-28T13:17:19.227Z</time>
      </trkpt>
      <trkpt lat="18.699157" lon="98.986940">
        <ele>300.316255</ele>
        <time>2025-12-28T13:17:32.436Z</time>
      </trkpt>
      <trkpt lat="18.698528" lon="98.987102">
        <ele>300.307254</ele>
        <time>2025-12-28T13:17:47.084Z</time>
      </trkpt>
      <trkpt lat="18.697741" lon="98.987053">
        <ele>300.274403</ele>
        <time>2025-12-28T13:18:04.177Z</time>
      </trkpt>
      <trkpt lat="18.697634" lon="98.987025">
        <ele>300.252310</ele>
        <time>2025-12-28T13:18:06.499Z</time>
      </trkpt>
      <trkpt lat="18.696689" lon="98.986604">
        <ele>300.046755</ele>
        <time>2025-12-28T13:18:28.248Z</time>
      </trkpt>
      <trkpt lat="18.696409" lon="98.986478">
        <ele>299.985757</ele>
        <time>2025-12-28T13:18:34.778Z</time>
      </trkpt>
      <trkpt lat="18.696114" lon="98.986380">
        <ele>299.928849</ele>
        <time>2025-12-28T13:18:41.538Z</time>
      </trkpt>
      <trkpt lat="18.695649" lon="98.986353">
        <ele>299.870088</ele>
        <time>2025-12-28T13:18:51.903Z</time>
      </trkpt>
      <trkpt lat="18.695383" lon="98.986407">
        <ele>299.835910</ele>
        <time>2025-12-28T13:18:57.738Z</time>
      </trkpt>
      <trkpt lat="18.695116" lon="98.986519">
        <ele>299.799659</ele>
        <time>2025-12-28T13:19:03.845Z</time>
      </trkpt>
      <trkpt lat="18.694820" lon="98.986777">
        <ele>299.751225</ele>
        <time>2025-12-28T13:19:12.204Z</time>
      </trkpt>
      <trkpt lat="18.694807" lon="98.986786">
        <ele>299.749264</ele>
        <time>2025-12-28T13:19:12.538Z</time>
      </trkpt>
      <trkpt lat="18.694696" lon="98.986893">
        <ele>299.730298</ele>
        <time>2025-12-28T13:19:15.867Z</time>
      </trkpt>
      <trkpt lat="18.694566" lon="98.987050">
        <ele>299.707357</ele>
        <time>2025-12-28T13:19:20.229Z</time>
      </trkpt>
      <trkpt lat="18.694332" lon="98.987256">
        <ele>299.683725</ele>
        <time>2025-12-28T13:19:26.909Z</time>
      </trkpt>
      <trkpt lat="18.693819" lon="98.987562">
        <ele>299.638025</ele>
        <time>2025-12-28T13:19:39.655Z</time>
      </trkpt>
      <trkpt lat="18.693499" lon="98.987741">
        <ele>299.609936</ele>
        <time>2025-12-28T13:19:47.736Z</time>
      </trkpt>
      <trkpt lat="18.693425" lon="98.987780">
        <ele>299.603521</ele>
        <time>2025-12-28T13:19:49.597Z</time>
      </trkpt>
      <trkpt lat="18.693246" lon="98.987857">
        <ele>299.588530</ele>
        <time>2025-12-28T13:19:53.934Z</time>
      </trkpt>
      <trkpt lat="18.692762" lon="98.988038">
        <ele>299.550657</ele>
        <time>2025-12-28T13:20:05.119Z</time>
      </trkpt>
      <trkpt lat="18.692403" lon="98.988108">
        <ele>299.524820</ele>
        <time>2025-12-28T13:20:12.934Z</time>
      </trkpt>
      <trkpt lat="18.692077" lon="98.988107">
        <ele>299.501749</ele>
        <time>2025-12-28T13:20:19.989Z</time>
      </trkpt>
      <trkpt lat="18.691395" lon="98.988105">
        <ele>299.453482</ele>
        <time>2025-12-28T13:20:35.084Z</time>
      </trkpt>
      <trkpt lat="18.691297" lon="98.988087">
        <ele>299.446442</ele>
        <time>2025-12-28T13:20:37.312Z</time>
      </trkpt>
      <trkpt lat="18.690841" lon="98.987909">
        <ele>299.471523</ele>
        <time>2025-12-28T13:20:48.316Z</time>
      </trkpt>
      <trkpt lat="18.690467" lon="98.989160">
        <ele>299.548683</ele>
        <time>2025-12-28T13:21:16.404Z</time>
      </trkpt>
      <trkpt lat="18.690095" lon="98.990042">
        <ele>299.554515</ele>
        <time>2025-12-28T13:21:36.569Z</time>
      </trkpt>
      <trkpt lat="18.689976" lon="98.990216">
        <ele>299.554291</ele>
        <time>2025-12-28T13:21:41.037Z</time>
      </trkpt>
      <trkpt lat="18.689796" lon="98.990447">
        <ele>299.553978</ele>
        <time>2025-12-28T13:21:47.301Z</time>
      </trkpt>
      <trkpt lat="18.689490" lon="98.990702">
        <ele>299.553547</ele>
        <time>2025-12-28T13:21:56.054Z</time>
      </trkpt>
      <trkpt lat="18.689214" lon="98.990889">
        <ele>299.591559</ele>
        <time>2025-12-28T13:22:03.520Z</time>
      </trkpt>
      <trkpt lat="18.688833" lon="98.991062">
        <ele>299.666140</ele>
        <time>2025-12-28T13:22:13.018Z</time>
      </trkpt>
      <trkpt lat="18.688500" lon="98.991127">
        <ele>299.727037</ele>
        <time>2025-12-28T13:22:20.808Z</time>
      </trkpt>
      <trkpt lat="18.688166" lon="98.991199">
        <ele>299.788337</ele>
        <time>2025-12-28T13:22:28.663Z</time>
      </trkpt>
      <trkpt lat="18.687883" lon="98.991289">
        <ele>299.841486</ele>
        <time>2025-12-28T13:22:35.479Z</time>
      </trkpt>
      <trkpt lat="18.687632" lon="98.991427">
        <ele>299.880287</ele>
        <time>2025-12-28T13:22:42.020Z</time>
      </trkpt>
      <trkpt lat="18.687404" lon="98.991606">
        <ele>299.891576</ele>
        <time>2025-12-28T13:22:48.550Z</time>
      </trkpt>
      <trkpt lat="18.687212" lon="98.991845">
        <ele>299.903370</ele>
        <time>2025-12-28T13:22:55.300Z</time>
      </trkpt>
      <trkpt lat="18.687144" lon="98.992000">
        <ele>299.909799</ele>
        <time>2025-12-28T13:22:58.931Z</time>
      </trkpt>
      <trkpt lat="18.687153" lon="98.992138">
        <ele>299.915005</ele>
        <time>2025-12-28T13:23:01.883Z</time>
      </trkpt>
      <trkpt lat="18.687250" lon="98.992450">
        <ele>299.927364</ele>
        <time>2025-12-28T13:23:08.855Z</time>
      </trkpt>
      <trkpt lat="18.687315" lon="98.992686">
        <ele>299.936614</ele>
        <time>2025-12-28T13:23:14.046Z</time>
      </trkpt>
      <trkpt lat="18.687313" lon="98.993610">
        <ele>299.833871</ele>
        <time>2025-12-28T13:23:33.201Z</time>
      </trkpt>
      <trkpt lat="18.687196" lon="98.993893">
        <ele>299.776219</ele>
        <time>2025-12-28T13:23:39.344Z</time>
      </trkpt>
      <trkpt lat="18.687076" lon="98.994307">
        <ele>299.695384</ele>
        <time>2025-12-28T13:23:48.010Z</time>
      </trkpt>
      <trkpt lat="18.686978" lon="98.994860">
        <ele>299.591631</ele>
        <time>2025-12-28T13:23:59.355Z</time>
      </trkpt>
      <trkpt lat="18.686907" lon="98.995104">
        <ele>299.561696</ele>
        <time>2025-12-28T13:24:04.524Z</time>
      </trkpt>
      <trkpt lat="18.686827" lon="98.995235">
        <ele>299.543417</ele>
        <time>2025-12-28T13:24:07.694Z</time>
      </trkpt>
      <trkpt lat="18.686360" lon="98.995743">
        <ele>299.460399</ele>
        <time>2025-12-28T13:24:22.270Z</time>
      </trkpt>
      <trkpt lat="18.686598" lon="98.996098">
        <ele>299.409394</ele>
        <time>2025-12-28T13:24:31.513Z</time>
      </trkpt>
      <trkpt lat="18.687369" lon="98.997261">
        <ele>299.178054</ele>
        <time>2025-12-28T13:25:01.054Z</time>
      </trkpt>
      <trkpt lat="18.687414" lon="98.997327">
        <ele>299.163692</ele>
        <time>2025-12-28T13:25:02.686Z</time>
      </trkpt>
      <trkpt lat="18.687552" lon="98.997539">
        <ele>299.118264</ele>
        <time>2025-12-28T13:25:07.858Z</time>
      </trkpt>
      <trkpt lat="18.689287" lon="99.000128">
        <ele>298.380352</ele>
        <time>2025-12-28T13:26:10.559Z</time>
      </trkpt>
      <trkpt lat="18.690979" lon="99.002729">
        <ele>298.807733</ele>
        <time>2025-12-28T13:27:20.574Z</time>
      </trkpt>
      <trkpt lat="18.691608" lon="99.003664">
        <ele>298.740392</ele>
        <time>2025-12-28T13:27:44.441Z</time>
      </trkpt>
      <trkpt lat="18.691943" lon="99.004179">
        <ele>298.696549</ele>
        <time>2025-12-28T13:27:56.948Z</time>
      </trkpt>
      <trkpt lat="18.692112" lon="99.004438">
        <ele>298.615781</ele>
        <time>2025-12-28T13:28:03.231Z</time>
      </trkpt>
      <trkpt lat="18.692715" lon="99.005361">
        <ele>298.327833</ele>
        <time>2025-12-28T13:28:25.670Z</time>
      </trkpt>
      <trkpt lat="18.693013" lon="99.005805">
        <ele>298.191201</ele>
        <time>2025-12-28T13:28:36.693Z</time>
      </trkpt>
      <trkpt lat="18.695077" lon="99.008951">
        <ele>297.359355</ele>
        <time>2025-12-28T13:29:54.268Z</time>
      </trkpt>
      <trkpt lat="18.695152" lon="99.009064">
        <ele>297.348100</ele>
        <time>2025-12-28T13:29:57.132Z</time>
      </trkpt>
      <trkpt lat="18.695288" lon="99.009273">
        <ele>297.327417</ele>
        <time>2025-12-28T13:30:02.404Z</time>
      </trkpt>
      <trkpt lat="18.696071" lon="99.010466">
        <ele>297.210819</ele>
        <time>2025-12-28T13:30:32.721Z</time>
      </trkpt>
      <trkpt lat="18.696318" lon="99.010865">
        <ele>297.181359</ele>
        <time>2025-12-28T13:30:42.646Z</time>
      </trkpt>
      <trkpt lat="18.696959" lon="99.011856">
        <ele>297.107190</ele>
        <time>2025-12-28T13:31:07.537Z</time>
      </trkpt>
      <trkpt lat="18.697012" lon="99.011937">
        <ele>297.101105</ele>
        <time>2025-12-28T13:31:09.561Z</time>
      </trkpt>
      <trkpt lat="18.697094" lon="99.012060">
        <ele>297.089722</ele>
        <time>2025-12-28T13:31:12.686Z</time>
      </trkpt>
      <trkpt lat="18.697157" lon="99.012154">
        <ele>297.080556</ele>
        <time>2025-12-28T13:31:15.081Z</time>
      </trkpt>
      <trkpt lat="18.697641" lon="99.012854">
        <ele>297.011569</ele>
        <time>2025-12-28T13:31:33.000Z</time>
      </trkpt>
      <trkpt lat="18.697949" lon="99.013329">
        <ele>296.965747</ele>
        <time>2025-12-28T13:31:44.958Z</time>
      </trkpt>
      <trkpt lat="18.698756" lon="99.014563">
        <ele>297.046169</ele>
        <time>2025-12-28T13:32:16.692Z</time>
      </trkpt>
      <trkpt lat="18.699887" lon="99.016210">
        <ele>297.305445</ele>
        <time>2025-12-28T13:33:00.810Z</time>
      </trkpt>
      <trkpt lat="18.700903" lon="99.017755">
        <ele>297.534913</ele>
        <time>2025-12-28T13:33:41.569Z</time>
      </trkpt>
      <trkpt lat="18.701293" lon="99.018327">
        <ele>297.601052</ele>
        <time>2025-12-28T13:33:56.584Z</time>
      </trkpt>
      <trkpt lat="18.701750" lon="99.018998">
        <ele>297.639768</ele>
        <time>2025-12-28T13:34:13.951Z</time>
      </trkpt>
      <trkpt lat="18.702093" lon="99.019562">
        <ele>297.671167</ele>
        <time>2025-12-28T13:34:28.103Z</time>
      </trkpt>
      <trkpt lat="18.704276" lon="99.022713">
        <ele>298.508826</ele>
        <time>2025-12-28T13:35:53.777Z</time>
      </trkpt>
      <trkpt lat="18.704924" lon="99.023627">
        <ele>298.672695</ele>
        <time>2025-12-28T13:36:18.965Z</time>
      </trkpt>
      <trkpt lat="18.705133" lon="99.023927">
        <ele>298.722952</ele>
        <time>2025-12-28T13:36:27.117Z</time>
      </trkpt>
      <trkpt lat="18.705584" lon="99.024578">
        <ele>298.721260</ele>
        <time>2025-12-28T13:36:43.956Z</time>
      </trkpt>
      <trkpt lat="18.705644" lon="99.024664">
        <ele>298.699255</ele>
        <time>2025-12-28T13:36:46.125Z</time>
      </trkpt>
      <trkpt lat="18.705996" lon="99.025166">
        <ele>298.570579</ele>
        <time>2025-12-28T13:36:58.892Z</time>
      </trkpt>
      <trkpt lat="18.706215" lon="99.025480">
        <ele>298.490244</ele>
        <time>2025-12-28T13:37:06.694Z</time>
      </trkpt>
      <trkpt lat="18.706397" lon="99.025740">
        <ele>298.423639</ele>
        <time>2025-12-28T13:37:13.118Z</time>
      </trkpt>
      <trkpt lat="18.706956" lon="99.026542">
        <ele>297.925679</ele>
        <time>2025-12-28T13:37:32.635Z</time>
      </trkpt>
      <trkpt lat="18.707280" lon="99.027007">
        <ele>297.611476</ele>
        <time>2025-12-28T13:37:43.623Z</time>
      </trkpt>
      <trkpt lat="18.707320" lon="99.027065">
        <ele>297.572425</ele>
        <time>2025-12-28T13:37:44.958Z</time>
      </trkpt>
      <trkpt lat="18.708474" lon="99.028706">
        <ele>296.599348</ele>
        <time>2025-12-28T13:38:23.816Z</time>
      </trkpt>
      <trkpt lat="18.710469" lon="99.031570">
        <ele>297.625209</ele>
        <time>2025-12-28T13:39:42.747Z</time>
      </trkpt>
      <trkpt lat="18.710728" lon="99.031931">
        <ele>297.856554</ele>
        <time>2025-12-28T13:39:53.797Z</time>
      </trkpt>
      <trkpt lat="18.711092" lon="99.032413">
        <ele>298.558452</ele>
        <time>2025-12-28T13:40:09.902Z</time>
      </trkpt>
      <trkpt lat="18.711531" lon="99.032992">
        <ele>299.426254</ele>
        <time>2025-12-28T13:40:29.837Z</time>
      </trkpt>
      <trkpt lat="18.711587" lon="99.033065">
        <ele>299.536171</ele>
        <time>2025-12-28T13:40:32.356Z</time>
      </trkpt>
      <trkpt lat="18.711661" lon="99.033158">
        <ele>299.678290</ele>
        <time>2025-12-28T13:40:35.576Z</time>
      </trkpt>
      <trkpt lat="18.712082" lon="99.033717">
        <ele>300.189184</ele>
        <time>2025-12-28T13:40:53.353Z</time>
      </trkpt>
      <trkpt lat="18.712127" lon="99.033777">
        <ele>300.209553</ele>
        <time>2025-12-28T13:40:55.074Z</time>
      </trkpt>
      <trkpt lat="18.712191" lon="99.033866">
        <ele>300.239295</ele>
        <time>2025-12-28T13:40:57.549Z</time>
      </trkpt>
      <trkpt lat="18.712639" lon="99.034493">
        <ele>300.448332</ele>
        <time>2025-12-28T13:41:13.979Z</time>
      </trkpt>
      <trkpt lat="18.712760" lon="99.034661">
        <ele>300.504505</ele>
        <time>2025-12-28T13:41:18.429Z</time>
      </trkpt>
      <trkpt lat="18.712847" lon="99.034773">
        <ele>300.543057</ele>
        <time>2025-12-28T13:41:21.486Z</time>
      </trkpt>
      <trkpt lat="18.713298" lon="99.035351">
        <ele>300.518922</ele>
        <time>2025-12-28T13:41:37.346Z</time>
      </trkpt>
      <trkpt lat="18.713475" lon="99.035579">
        <ele>300.475105</ele>
        <time>2025-12-28T13:41:43.605Z</time>
      </trkpt>
      <trkpt lat="18.714101" lon="99.036402">
        <ele>300.318216</ele>
        <time>2025-12-28T13:42:04.818Z</time>
      </trkpt>
      <trkpt lat="18.714689" lon="99.037164">
        <ele>300.113447</ele>
        <time>2025-12-28T13:42:24.577Z</time>
      </trkpt>
      <trkpt lat="18.714742" lon="99.037231">
        <ele>300.095207</ele>
        <time>2025-12-28T13:42:26.347Z</time>
      </trkpt>
      <trkpt lat="18.714811" lon="99.037328">
        <ele>300.069859</ele>
        <time>2025-12-28T13:42:28.798Z</time>
      </trkpt>
      <trkpt lat="18.715131" lon="99.037748">
        <ele>299.957231</ele>
        <time>2025-12-28T13:42:39.855Z</time>
      </trkpt>
      <trkpt lat="18.715436" lon="99.038145">
        <ele>299.877505</ele>
        <time>2025-12-28T13:42:50.649Z</time>
      </trkpt>
      <trkpt lat="18.716031" lon="99.038921">
        <ele>299.750172</ele>
        <time>2025-12-28T13:43:11.071Z</time>
      </trkpt>
      <trkpt lat="18.716139" lon="99.039061">
        <ele>299.727144</ele>
        <time>2025-12-28T13:43:14.679Z</time>
      </trkpt>
      <trkpt lat="18.716291" lon="99.039289">
        <ele>299.691585</ele>
        <time>2025-12-28T13:43:20.317Z</time>
      </trkpt>
      <trkpt lat="18.716401" lon="99.039428">
        <ele>299.673365</ele>
        <time>2025-12-28T13:43:23.992Z</time>
      </trkpt>
      <trkpt lat="18.716421" lon="99.039453">
        <ele>299.671394</ele>
        <time>2025-12-28T13:43:24.681Z</time>
      </trkpt>
      <trkpt lat="18.716476" lon="99.039529">
        <ele>299.665631</ele>
        <time>2025-12-28T13:43:26.614Z</time>
      </trkpt>
      <trkpt lat="18.716520" lon="99.039585">
        <ele>299.661246</ele>
        <time>2025-12-28T13:43:28.119Z</time>
      </trkpt>
      <trkpt lat="18.717537" lon="99.040888">
        <ele>299.552508</ele>
        <time>2025-12-28T13:44:03.614Z</time>
      </trkpt>
      <trkpt lat="18.717905" lon="99.041360">
        <ele>299.447762</ele>
        <time>2025-12-28T13:44:16.356Z</time>
      </trkpt>
      <trkpt lat="18.718298" lon="99.041864">
        <ele>299.335910</ele>
        <time>2025-12-28T13:44:29.373Z</time>
      </trkpt>
      <trkpt lat="18.718382" lon="99.041982">
        <ele>299.310619</ele>
        <time>2025-12-28T13:44:32.258Z</time>
      </trkpt>
      <trkpt lat="18.718691" lon="99.042426">
        <ele>299.239823</ele>
        <time>2025-12-28T13:44:43.468Z</time>
      </trkpt>
      <trkpt lat="18.718836" lon="99.042633">
        <ele>299.243662</ele>
        <time>2025-12-28T13:44:48.852Z</time>
      </trkpt>
      <trkpt lat="18.718944" lon="99.042771">
        <ele>299.246330</ele>
        <time>2025-12-28T13:44:52.570Z</time>
      </trkpt>
      <trkpt lat="18.718561" lon="99.042891">
        <ele>299.252619</ele>
        <time>2025-12-28T13:45:01.453Z</time>
      </trkpt>
      <trkpt lat="18.718208" lon="99.042996">
        <ele>299.258392</ele>
        <time>2025-12-28T13:45:09.702Z</time>
      </trkpt>
      <trkpt lat="18.718014" lon="99.043053">
        <ele>299.261562</ele>
        <time>2025-12-28T13:45:14.348Z</time>
      </trkpt>
      <trkpt lat="18.716275" lon="99.043549">
        <ele>299.438157</ele>
        <time>2025-12-28T13:45:55.363Z</time>
      </trkpt>
      <trkpt lat="18.715778" lon="99.043605">
        <ele>299.455773</ele>
        <time>2025-12-28T13:46:06.514Z</time>
      </trkpt>
      <trkpt lat="18.715692" lon="99.043632">
        <ele>299.448725</ele>
        <time>2025-12-28T13:46:08.531Z</time>
      </trkpt>
      <trkpt lat="18.713951" lon="99.044164">
        <ele>299.303509</ele>
        <time>2025-12-28T13:46:48.097Z</time>
      </trkpt>
      <trkpt lat="18.713293" lon="99.044366">
        <ele>299.243360</ele>
        <time>2025-12-28T13:47:02.932Z</time>
      </trkpt>
      <trkpt lat="18.713438" lon="99.044760">
        <ele>299.208219</ele>
        <time>2025-12-28T13:47:11.633Z</time>
      </trkpt>
      <trkpt lat="18.713521" lon="99.044987">
        <ele>299.187990</ele>
        <time>2025-12-28T13:47:16.788Z</time>
      </trkpt>
      <trkpt lat="18.712061" lon="99.045941">
        <ele>299.395633</ele>
        <time>2025-12-28T13:47:56.257Z</time>
      </trkpt>
      <trkpt lat="18.711687" lon="99.046129">
        <ele>299.432829</ele>
        <time>2025-12-28T13:48:05.661Z</time>
      </trkpt>
      <trkpt lat="18.710750" lon="99.046391">
        <ele>299.434292</ele>
        <time>2025-12-28T13:48:27.356Z</time>
      </trkpt>
      <trkpt lat="18.710615" lon="99.046483">
        <ele>299.434535</ele>
        <time>2025-12-28T13:48:30.918Z</time>
      </trkpt>
      <trkpt lat="18.710453" lon="99.046784">
        <ele>299.435030</ele>
        <time>2025-12-28T13:48:38.114Z</time>
      </trkpt>
      <trkpt lat="18.710129" lon="99.047021">
        <ele>299.380122</ele>
        <time>2025-12-28T13:48:46.685Z</time>
      </trkpt>
      <trkpt lat="18.709884" lon="99.047272">
        <ele>299.291198</ele>
        <time>2025-12-28T13:48:53.990Z</time>
      </trkpt>
      <trkpt lat="18.709762" lon="99.047431">
        <ele>299.240714</ele>
        <time>2025-12-28T13:48:58.105Z</time>
      </trkpt>
      <trkpt lat="18.709442" lon="99.047662">
        <ele>299.139739</ele>
        <time>2025-12-28T13:49:06.640Z</time>
      </trkpt>
      <trkpt lat="18.709107" lon="99.048038">
        <ele>299.012383</ele>
        <time>2025-12-28T13:49:17.340Z</time>
      </trkpt>
      <trkpt lat="18.708856" lon="99.048403">
        <ele>298.901252</ele>
        <time>2025-12-28T13:49:26.717Z</time>
      </trkpt>
      <trkpt lat="18.708719" lon="99.048704">
        <ele>298.819051</ele>
        <time>2025-12-28T13:49:33.650Z</time>
      </trkpt>
      <trkpt lat="18.708447" lon="99.049003">
        <ele>298.717005</ele>
        <time>2025-12-28T13:49:42.317Z</time>
      </trkpt>
      <trkpt lat="18.708274" lon="99.049057">
        <ele>298.670123</ele>
        <time>2025-12-28T13:49:46.320Z</time>
      </trkpt>
      <trkpt lat="18.708162" lon="99.049154">
        <ele>298.632476</ele>
        <time>2025-12-28T13:49:49.552Z</time>
      </trkpt>
      <trkpt lat="18.708071" lon="99.049400">
        <ele>298.567470</ele>
        <time>2025-12-28T13:49:55.241Z</time>
      </trkpt>
      <trkpt lat="18.707860" lon="99.049454">
        <ele>298.511047</ele>
        <time>2025-12-28T13:50:00.230Z</time>
      </trkpt>
      <trkpt lat="18.707422" lon="99.049514">
        <ele>298.436401</ele>
        <time>2025-12-28T13:50:10.331Z</time>
      </trkpt>
      <trkpt lat="18.707260" lon="99.049639">
        <ele>298.404554</ele>
        <time>2025-12-28T13:50:14.668Z</time>
      </trkpt>
      <trkpt lat="18.706608" lon="99.049895">
        <ele>298.294149</ele>
        <time>2025-12-28T13:50:30.213Z</time>
      </trkpt>
      <trkpt lat="18.706380" lon="99.049988">
        <ele>298.255355</ele>
        <time>2025-12-28T13:50:35.756Z</time>
      </trkpt>
      <trkpt lat="18.706182" lon="99.050124">
        <ele>298.217865</ele>
        <time>2025-12-28T13:50:41.240Z</time>
      </trkpt>
      <trkpt lat="18.705731" lon="99.050721">
        <ele>298.228198</ele>
        <time>2025-12-28T13:50:57.849Z</time>
      </trkpt>
      <trkpt lat="18.705130" lon="99.051184">
        <ele>298.243434</ele>
        <time>2025-12-28T13:51:15.670Z</time>
      </trkpt>
      <trkpt lat="18.704659" lon="99.051595">
        <ele>298.187233</ele>
        <time>2025-12-28T13:51:29.718Z</time>
      </trkpt>
      <trkpt lat="18.704352" lon="99.052144">
        <ele>298.036682</ele>
        <time>2025-12-28T13:51:43.094Z</time>
      </trkpt>
      <trkpt lat="18.704172" lon="99.052415">
        <ele>297.958520</ele>
        <time>2025-12-28T13:51:49.975Z</time>
      </trkpt>
      <trkpt lat="18.703764" lon="99.052911">
        <ele>297.803388</ele>
        <time>2025-12-28T13:52:03.596Z</time>
      </trkpt>
      <trkpt lat="18.703335" lon="99.053295">
        <ele>297.710651</ele>
        <time>2025-12-28T13:52:16.047Z</time>
      </trkpt>
      <trkpt lat="18.702928" lon="99.053574">
        <ele>297.630956</ele>
        <time>2025-12-28T13:52:27.016Z</time>
      </trkpt>
      <trkpt lat="18.702303" lon="99.054229">
        <ele>297.502374</ele>
        <time>2025-12-28T13:52:47.053Z</time>
      </trkpt>
      <trkpt lat="18.701861" lon="99.054700">
        <ele>297.479612</ele>
        <time>2025-12-28T13:53:01.433Z</time>
      </trkpt>
      <trkpt lat="18.701255" lon="99.055452">
        <ele>297.445716</ele>
        <time>2025-12-28T13:53:22.994Z</time>
      </trkpt>
      <trkpt lat="18.700899" lon="99.055973">
        <ele>297.495025</ele>
        <time>2025-12-28T13:53:37.399Z</time>
      </trkpt>
      <trkpt lat="18.700733" lon="99.056138">
        <ele>297.519404</ele>
        <time>2025-12-28T13:53:42.854Z</time>
      </trkpt>
      <trkpt lat="18.700192" lon="99.056534">
        <ele>297.589797</ele>
        <time>2025-12-28T13:53:58.698Z</time>
      </trkpt>
      <trkpt lat="18.699417" lon="99.056964">
        <ele>297.684664</ele>
        <time>2025-12-28T13:54:18.632Z</time>
      </trkpt>
      <trkpt lat="18.699151" lon="99.057091">
        <ele>297.716672</ele>
        <time>2025-12-28T13:54:25.554Z</time>
      </trkpt>
      <trkpt lat="18.698934" lon="99.057153">
        <ele>297.741319</ele>
        <time>2025-12-28T13:54:30.938Z</time>
      </trkpt>
      <trkpt lat="18.698729" lon="99.057246">
        <ele>297.765782</ele>
        <time>2025-12-28T13:54:36.230Z</time>
      </trkpt>
      <trkpt lat="18.698448" lon="99.057295">
        <ele>297.797008</ele>
        <time>2025-12-28T13:54:43.004Z</time>
      </trkpt>
      <trkpt lat="18.698345" lon="99.057350">
        <ele>297.809663</ele>
        <time>2025-12-28T13:54:45.776Z</time>
      </trkpt>
      <trkpt lat="18.698307" lon="99.057439">
        <ele>297.819802</ele>
        <time>2025-12-28T13:54:47.969Z</time>
      </trkpt>
      <trkpt lat="18.698294" lon="99.057524">
        <ele>297.828743</ele>
        <time>2025-12-28T13:54:49.883Z</time>
      </trkpt>
      <trkpt lat="18.698243" lon="99.057618">
        <ele>297.840849</ele>
        <time>2025-12-28T13:54:52.354Z</time>
      </trkpt>
      <trkpt lat="18.697969" lon="99.057774">
        <ele>297.878319</ele>
        <time>2025-12-28T13:54:59.834Z</time>
      </trkpt>
      <trkpt lat="18.697539" lon="99.057946">
        <ele>297.933668</ele>
        <time>2025-12-28T13:55:11.256Z</time>
      </trkpt>
      <trkpt lat="18.697054" lon="99.058169">
        <ele>297.997342</ele>
        <time>2025-12-28T13:55:23.680Z</time>
      </trkpt>
      <trkpt lat="18.696162" lon="99.058523">
        <ele>297.941311</ele>
        <time>2025-12-28T13:55:45.194Z</time>
      </trkpt>
      <trkpt lat="18.695517" lon="99.058748">
        <ele>297.805949</ele>
        <time>2025-12-28T13:56:00.574Z</time>
      </trkpt>
      <trkpt lat="18.695239" lon="99.058745">
        <ele>297.750550</ele>
        <time>2025-12-28T13:56:06.511Z</time>
      </trkpt>
      <trkpt lat="18.695120" lon="99.058688">
        <ele>297.724510</ele>
        <time>2025-12-28T13:56:09.277Z</time>
      </trkpt>
      <trkpt lat="18.695104" lon="99.058783">
        <ele>297.706298</ele>
        <time>2025-12-28T13:56:11.283Z</time>
      </trkpt>
      <trkpt lat="18.695075" lon="99.059008">
        <ele>297.672189</ele>
        <time>2025-12-28T13:56:16.019Z</time>
      </trkpt>
      <trkpt lat="18.695068" lon="99.059061">
        <ele>297.665502</ele>
        <time>2025-12-28T13:56:17.254Z</time>
      </trkpt>
      <trkpt lat="18.694849" lon="99.059062">
        <ele>297.636607</ele>
        <time>2025-12-28T13:56:22.154Z</time>
      </trkpt>
      <trkpt lat="18.694626" lon="99.059092">
        <ele>297.606947</ele>
        <time>2025-12-28T13:56:27.266Z</time>
      </trkpt>
      <trkpt lat="18.694295" lon="99.059255">
        <ele>297.558759</ele>
        <time>2025-12-28T13:56:35.639Z</time>
      </trkpt>
      <trkpt lat="18.694416" lon="99.059737">
        <ele>297.496441</ele>
        <time>2025-12-28T13:56:46.272Z</time>
      </trkpt>
      <trkpt lat="18.694441" lon="99.059885">
        <ele>297.477653</ele>
        <time>2025-12-28T13:56:49.436Z</time>
      </trkpt>
      <trkpt lat="18.694366" lon="99.061276">
        <ele>297.157951</ele>
        <time>2025-12-28T13:57:18.382Z</time>
      </trkpt>
      <trkpt lat="18.694362" lon="99.061312">
        <ele>297.148980</ele>
        <time>2025-12-28T13:57:19.134Z</time>
      </trkpt>
      <trkpt lat="18.694325" lon="99.061644">
        <ele>297.066247</ele>
        <time>2025-12-28T13:57:26.061Z</time>
      </trkpt>
      <trkpt lat="18.694260" lon="99.061995">
        <ele>296.986589</ele>
        <time>2025-12-28T13:57:33.657Z</time>
      </trkpt>
      <trkpt lat="18.694227" lon="99.062077">
        <ele>297.009316</ele>
        <time>2025-12-28T13:57:35.592Z</time>
      </trkpt>
      <trkpt lat="18.694177" lon="99.062144">
        <ele>297.031075</ele>
        <time>2025-12-28T13:57:37.467Z</time>
      </trkpt>
      <trkpt lat="18.693985" lon="99.062309">
        <ele>297.097749</ele>
        <time>2025-12-28T13:57:43.343Z</time>
      </trkpt>
      <trkpt lat="18.693932" lon="99.062408">
        <ele>297.126758</ele>
        <time>2025-12-28T13:57:45.990Z</time>
      </trkpt>
      <trkpt lat="18.693899" lon="99.062531">
        <ele>297.159370</ele>
        <time>2025-12-28T13:57:48.987Z</time>
      </trkpt>
      <trkpt lat="18.693855" lon="99.062951">
        <ele>297.267166</ele>
        <time>2025-12-28T13:57:58.970Z</time>
      </trkpt>
      <trkpt lat="18.693766" lon="99.063432">
        <ele>297.392188</ele>
        <time>2025-12-28T13:58:10.434Z</time>
      </trkpt>
      <trkpt lat="18.693739" lon="99.063762">
        <ele>297.474856</ele>
        <time>2025-12-28T13:58:18.110Z</time>
      </trkpt>
      <trkpt lat="18.693776" lon="99.064132">
        <ele>297.552747</ele>
        <time>2025-12-28T13:58:26.768Z</time>
      </trkpt>
      <trkpt lat="18.693832" lon="99.064265">
        <ele>297.583217</ele>
        <time>2025-12-28T13:58:30.153Z</time>
      </trkpt>
      <trkpt lat="18.693858" lon="99.064414">
        <ele>297.614936</ele>
        <time>2025-12-28T13:58:33.658Z</time>
      </trkpt>
      <trkpt lat="18.693838" lon="99.064515">
        <ele>297.636537</ele>
        <time>2025-12-28T13:58:36.037Z</time>
      </trkpt>
      <trkpt lat="18.693860" lon="99.064743">
        <ele>297.684516</ele>
        <time>2025-12-28T13:58:41.293Z</time>
      </trkpt>
      <trkpt lat="18.693888" lon="99.064831">
        <ele>297.703951</ele>
        <time>2025-12-28T13:58:43.413Z</time>
      </trkpt>
      <trkpt lat="18.694020" lon="99.065019">
        <ele>297.752942</ele>
        <time>2025-12-28T13:58:48.646Z</time>
      </trkpt>
      <trkpt lat="18.694396" lon="99.065310">
        <ele>297.855981</ele>
        <time>2025-12-28T13:58:59.630Z</time>
      </trkpt>
      <trkpt lat="18.694654" lon="99.065443">
        <ele>297.903072</ele>
        <time>2025-12-28T13:59:06.370Z</time>
      </trkpt>
      <trkpt lat="18.695209" lon="99.065673">
        <ele>297.995943</ele>
        <time>2025-12-28T13:59:20.433Z</time>
      </trkpt>
      <trkpt lat="18.695296" lon="99.065703">
        <ele>298.010199</ele>
        <time>2025-12-28T13:59:22.619Z</time>
      </trkpt>
      <trkpt lat="18.695693" lon="99.065659">
        <ele>298.072377</ele>
        <time>2025-12-28T13:59:32.153Z</time>
      </trkpt>
      <trkpt lat="18.695845" lon="99.065620">
        <ele>298.096742</ele>
        <time>2025-12-28T13:59:35.927Z</time>
      </trkpt>
      <trkpt lat="18.696071" lon="99.065632">
        <ele>298.131989</ele>
        <time>2025-12-28T13:59:41.420Z</time>
      </trkpt>
      <trkpt lat="18.696221" lon="99.065689">
        <ele>298.157181</ele>
        <time>2025-12-28T13:59:45.302Z</time>
      </trkpt>
      <trkpt lat="18.696280" lon="99.065747">
        <ele>298.170095</ele>
        <time>2025-12-28T13:59:47.246Z</time>
      </trkpt>
      <trkpt lat="18.696631" lon="99.066093">
        <ele>298.247024</ele>
        <time>2025-12-28T13:59:58.891Z</time>
      </trkpt>
      <trkpt lat="18.696792" lon="99.066227">
        <ele>298.279866</ele>
        <time>2025-12-28T14:00:03.838Z</time>
      </trkpt>
      <trkpt lat="18.697052" lon="99.066461">
        <ele>298.334597</ele>
        <time>2025-12-28T14:00:12.065Z</time>
      </trkpt>
      <trkpt lat="18.696949" lon="99.066885">
        <ele>298.401016</ele>
        <time>2025-12-28T14:00:21.838Z</time>
      </trkpt>
      <trkpt lat="18.697067" lon="99.067174">
        <ele>298.414222</ele>
        <time>2025-12-28T14:00:28.688Z</time>
      </trkpt>
      <trkpt lat="18.697105" lon="99.067326">
        <ele>298.388047</ele>
        <time>2025-12-28T14:00:32.059Z</time>
      </trkpt>
      <trkpt lat="18.697097" lon="99.067446">
        <ele>298.368018</ele>
        <time>2025-12-28T14:00:34.621Z</time>
      </trkpt>
      <trkpt lat="18.697056" lon="99.067530">
        <ele>298.352284</ele>
        <time>2025-12-28T14:00:36.628Z</time>
      </trkpt>
      <trkpt lat="18.696838" lon="99.067690">
        <ele>298.305614</ele>
        <time>2025-12-28T14:00:42.556Z</time>
      </trkpt>
      <trkpt lat="18.696741" lon="99.067734">
        <ele>298.287056</ele>
        <time>2025-12-28T14:00:44.920Z</time>
      </trkpt>
      <trkpt lat="18.696323" lon="99.068168">
        <ele>298.184001</ele>
        <time>2025-12-28T14:00:57.983Z</time>
      </trkpt>
      <trkpt lat="18.696124" lon="99.068474">
        <ele>298.122199</ele>
        <time>2025-12-28T14:01:05.773Z</time>
      </trkpt>
      <trkpt lat="18.695664" lon="99.068914">
        <ele>298.091684</ele>
        <time>2025-12-28T14:01:19.731Z</time>
      </trkpt>
      <trkpt lat="18.695515" lon="99.069005">
        <ele>298.084504</ele>
        <time>2025-12-28T14:01:23.659Z</time>
      </trkpt>
      <trkpt lat="18.695160" lon="99.068881">
        <ele>298.068907</ele>
        <time>2025-12-28T14:01:32.264Z</time>
      </trkpt>
      <trkpt lat="18.695027" lon="99.068876">
        <ele>298.063356</ele>
        <time>2025-12-28T14:01:35.346Z</time>
      </trkpt>
      <trkpt lat="18.694920" lon="99.068989">
        <ele>298.057044</ele>
        <time>2025-12-28T14:01:38.860Z</time>
      </trkpt>
      <trkpt lat="18.694897" lon="99.069134">
        <ele>298.051235</ele>
        <time>2025-12-28T14:01:42.122Z</time>
      </trkpt>
      <trkpt lat="18.694831" lon="99.069279">
        <ele>298.044879</ele>
        <time>2025-12-28T14:01:45.704Z</time>
      </trkpt>
      <trkpt lat="18.694676" lon="99.069440">
        <ele>298.056745</ele>
        <time>2025-12-28T14:01:50.840Z</time>
      </trkpt>
      <trkpt lat="18.694503" lon="99.069799">
        <ele>298.103637</ele>
        <time>2025-12-28T14:02:00.002Z</time>
      </trkpt>
      <trkpt lat="18.694452" lon="99.069851">
        <ele>298.112351</ele>
        <time>2025-12-28T14:02:01.723Z</time>
      </trkpt>
      <trkpt lat="18.694351" lon="99.069869">
        <ele>298.124940</ele>
        <time>2025-12-28T14:02:04.203Z</time>
      </trkpt>
      <trkpt lat="18.694268" lon="99.069958">
        <ele>298.139480</ele>
        <time>2025-12-28T14:02:07.070Z</time>
      </trkpt>
      <trkpt lat="18.694254" lon="99.069989">
        <ele>298.143478</ele>
        <time>2025-12-28T14:02:07.852Z</time>
      </trkpt>
      <trkpt lat="18.694118" lon="99.070280">
        <ele>298.181255</ele>
        <time>2025-12-28T14:02:15.260Z</time>
      </trkpt>
      <trkpt lat="18.693843" lon="99.070309">
        <ele>298.215221</ele>
        <time>2025-12-28T14:02:21.870Z</time>
      </trkpt>
      <trkpt lat="18.693745" lon="99.070385">
        <ele>298.230166</ele>
        <time>2025-12-28T14:02:24.748Z</time>
      </trkpt>
      <trkpt lat="18.693697" lon="99.070523">
        <ele>298.247281</ele>
        <time>2025-12-28T14:02:28.025Z</time>
      </trkpt>
      <trkpt lat="18.693700" lon="99.070581">
        <ele>298.254043</ele>
        <time>2025-12-28T14:02:29.295Z</time>
      </trkpt>
      <trkpt lat="18.693852" lon="99.070955">
        <ele>298.213244</ele>
        <time>2025-12-28T14:02:38.206Z</time>
      </trkpt>
      <trkpt lat="18.693902" lon="99.071090">
        <ele>298.192208</ele>
        <time>2025-12-28T14:02:41.197Z</time>
      </trkpt>
      <trkpt lat="18.694091" lon="99.071747">
        <ele>298.092562</ele>
        <time>2025-12-28T14:02:55.037Z</time>
      </trkpt>
      <trkpt lat="18.694071" lon="99.072873">
        <ele>297.992343</ele>
        <time>2025-12-28T14:03:17.801Z</time>
      </trkpt>
      <trkpt lat="18.694209" lon="99.073018">
        <ele>297.995319</ele>
        <time>2025-12-28T14:03:22.070Z</time>
      </trkpt>
      <trkpt lat="18.694234" lon="99.073216">
        <ele>297.998210</ele>
        <time>2025-12-28T14:03:26.286Z</time>
      </trkpt>
      <trkpt lat="18.693858" lon="99.074279">
        <ele>298.017886</ele>
        <time>2025-12-28T14:03:50.716Z</time>
      </trkpt>
      <trkpt lat="18.693771" lon="99.074700">
        <ele>298.061677</ele>
        <time>2025-12-28T14:04:00.047Z</time>
      </trkpt>
      <trkpt lat="18.693634" lon="99.075362">
        <ele>298.130541</ele>
        <time>2025-12-28T14:04:14.637Z</time>
      </trkpt>
      <trkpt lat="18.694213" lon="99.075684">
        <ele>298.200752</ele>
        <time>2025-12-28T14:04:29.440Z</time>
      </trkpt>
      <trkpt lat="18.694824" lon="99.075869">
        <ele>298.262855</ele>
        <time>2025-12-28T14:04:43.837Z</time>
      </trkpt>
      <trkpt lat="18.695433" lon="99.075855">
        <ele>298.321775</ele>
        <time>2025-12-28T14:04:57.693Z</time>
      </trkpt>
      <trkpt lat="18.695531" lon="99.075905">
        <ele>298.332302</ele>
        <time>2025-12-28T14:05:00.168Z</time>
      </trkpt>
      <trkpt lat="18.696114" lon="99.076263">
        <ele>298.382838</ele>
        <time>2025-12-28T14:05:15.494Z</time>
      </trkpt>
      <trkpt lat="18.696300" lon="99.076411">
        <ele>298.385294</ele>
        <time>2025-12-28T14:05:20.721Z</time>
      </trkpt>
      <trkpt lat="18.696696" lon="99.076580">
        <ele>298.389796</ele>
        <time>2025-12-28T14:05:30.227Z</time>
      </trkpt>
      <trkpt lat="18.696850" lon="99.076779">
        <ele>298.392362</ele>
        <time>2025-12-28T14:05:35.636Z</time>
      </trkpt>
      <trkpt lat="18.697016" lon="99.076928">
        <ele>298.394659</ele>
        <time>2025-12-28T14:05:40.504Z</time>
      </trkpt>
      <trkpt lat="18.697171" lon="99.077089">
        <ele>298.396951</ele>
        <time>2025-12-28T14:05:45.308Z</time>
      </trkpt>
      <trkpt lat="18.697475" lon="99.077647">
        <ele>298.409262</ele>
        <time>2025-12-28T14:05:58.845Z</time>
      </trkpt>
      <trkpt lat="18.697652" lon="99.078243">
        <ele>298.426361</ele>
        <time>2025-12-28T14:06:12.017Z</time>
      </trkpt>
      <trkpt lat="18.697421" lon="99.078371">
        <ele>298.433901</ele>
        <time>2025-12-28T14:06:17.906Z</time>
      </trkpt>
      <trkpt lat="18.697045" lon="99.078525">
        <ele>298.445557</ele>
        <time>2025-12-28T14:06:26.892Z</time>
      </trkpt>
      <trkpt lat="18.696877" lon="99.078531">
        <ele>298.450415</ele>
        <time>2025-12-28T14:06:30.618Z</time>
      </trkpt>
      <trkpt lat="18.696438" lon="99.078365">
        <ele>298.418125</ele>
        <time>2025-12-28T14:06:40.871Z</time>
      </trkpt>
      <trkpt lat="18.696250" lon="99.078342">
        <ele>298.402574</ele>
        <time>2025-12-28T14:06:44.995Z</time>
      </trkpt>
      <trkpt lat="18.695997" lon="99.078353">
        <ele>298.381767</ele>
        <time>2025-12-28T14:06:50.545Z</time>
      </trkpt>
      <trkpt lat="18.695786" lon="99.078294">
        <ele>298.363831</ele>
        <time>2025-12-28T14:06:55.314Z</time>
      </trkpt>
      <trkpt lat="18.695507" lon="99.078130">
        <ele>298.337591</ele>
        <time>2025-12-28T14:07:02.303Z</time>
      </trkpt>
      <trkpt lat="18.695307" lon="99.078562">
        <ele>298.298082</ele>
        <time>2025-12-28T14:07:12.682Z</time>
      </trkpt>
      <trkpt lat="18.695175" lon="99.078873">
        <ele>298.257820</ele>
        <time>2025-12-28T14:07:20.068Z</time>
      </trkpt>
      <trkpt lat="18.695143" lon="99.078946">
        <ele>298.248317</ele>
        <time>2025-12-28T14:07:21.829Z</time>
      </trkpt>
      <trkpt lat="18.694987" lon="99.079320">
        <ele>298.200038</ele>
        <time>2025-12-28T14:07:30.692Z</time>
      </trkpt>
      <trkpt lat="18.694936" lon="99.079443">
        <ele>298.184176</ele>
        <time>2025-12-28T14:07:33.605Z</time>
      </trkpt>
      <trkpt lat="18.695105" lon="99.079993">
        <ele>298.115864</ele>
        <time>2025-12-28T14:07:46.066Z</time>
      </trkpt>
      <trkpt lat="18.695194" lon="99.080263">
        <ele>298.082090</ele>
        <time>2025-12-28T14:07:52.212Z</time>
      </trkpt>
      <trkpt lat="18.695312" lon="99.080667">
        <ele>297.940942</ele>
        <time>2025-12-28T14:08:01.064Z</time>
      </trkpt>
      <trkpt lat="18.695369" lon="99.080752">
        <ele>297.905120</ele>
        <time>2025-12-28T14:08:03.193Z</time>
      </trkpt>
      <trkpt lat="18.695727" lon="99.081350">
        <ele>297.661795</ele>
        <time>2025-12-28T14:08:17.703Z</time>
      </trkpt>
      <trkpt lat="18.695948" lon="99.081673">
        <ele>297.524744</ele>
        <time>2025-12-28T14:08:25.944Z</time>
      </trkpt>
      <trkpt lat="18.696257" lon="99.082233">
        <ele>297.416886</ele>
        <time>2025-12-28T14:08:39.322Z</time>
      </trkpt>
      <trkpt lat="18.696336" lon="99.082476">
        <ele>297.409921</ele>
        <time>2025-12-28T14:08:44.609Z</time>
      </trkpt>
      <trkpt lat="18.696372" lon="99.082738">
        <ele>297.402743</ele>
        <time>2025-12-28T14:08:50.182Z</time>
      </trkpt>
      <trkpt lat="18.696369" lon="99.083864">
        <ele>297.435767</ele>
        <time>2025-12-28T14:09:15.621Z</time>
      </trkpt>
      <trkpt lat="18.696408" lon="99.083984">
        <ele>297.504347</ele>
        <time>2025-12-28T14:09:18.677Z</time>
      </trkpt>
      <trkpt lat="18.696507" lon="99.084062">
        <ele>297.574845</ele>
        <time>2025-12-28T14:09:21.831Z</time>
      </trkpt>
      <trkpt lat="18.696680" lon="99.084144">
        <ele>297.683067</ele>
        <time>2025-12-28T14:09:26.699Z</time>
      </trkpt>
      <trkpt lat="18.697054" lon="99.084250">
        <ele>297.904061</ele>
        <time>2025-12-28T14:09:36.723Z</time>
      </trkpt>
      <trkpt lat="18.697246" lon="99.084299">
        <ele>298.016789</ele>
        <time>2025-12-28T14:09:41.876Z</time>
      </trkpt>
      <trkpt lat="18.697360" lon="99.084380">
        <ele>298.095210</ele>
        <time>2025-12-28T14:09:45.476Z</time>
      </trkpt>
      <trkpt lat="18.697412" lon="99.084483">
        <ele>298.158303</ele>
        <time>2025-12-28T14:09:48.415Z</time>
      </trkpt>
      <trkpt lat="18.697488" lon="99.084768">
        <ele>298.318353</ele>
        <time>2025-12-28T14:09:55.843Z</time>
      </trkpt>
      <trkpt lat="18.697536" lon="99.084801">
        <ele>298.351042</ele>
        <time>2025-12-28T14:09:57.339Z</time>
      </trkpt>
      <trkpt lat="18.698405" lon="99.085032">
        <ele>298.535325</ele>
        <time>2025-12-28T14:10:19.164Z</time>
      </trkpt>
      <trkpt lat="18.698582" lon="99.085078">
        <ele>298.565493</ele>
        <time>2025-12-28T14:10:23.384Z</time>
      </trkpt>
      <trkpt lat="18.698656" lon="99.085172">
        <ele>298.584654</ele>
        <time>2025-12-28T14:10:26.023Z</time>
      </trkpt>
      <trkpt lat="18.698509" lon="99.085722">
        <ele>298.674242</ele>
        <time>2025-12-28T14:10:38.475Z</time>
      </trkpt>
      <trkpt lat="18.698492" lon="99.085801">
        <ele>298.686942</ele>
        <time>2025-12-28T14:10:40.258Z</time>
      </trkpt>
      <trkpt lat="18.698536" lon="99.086282">
        <ele>298.664973</ele>
        <time>2025-12-28T14:10:50.941Z</time>
      </trkpt>
      <trkpt lat="18.698614" lon="99.086681">
        <ele>298.630257</ele>
        <time>2025-12-28T14:10:59.914Z</time>
      </trkpt>
      <trkpt lat="18.698883" lon="99.087450">
        <ele>298.560404</ele>
        <time>2025-12-28T14:11:17.563Z</time>
      </trkpt>
      <trkpt lat="18.699000" lon="99.088408">
        <ele>298.617882</ele>
        <time>2025-12-28T14:11:37.882Z</time>
      </trkpt>
      <trkpt lat="18.699133" lon="99.088616">
        <ele>298.646751</ele>
        <time>2025-12-28T14:11:43.249Z</time>
      </trkpt>
      <trkpt lat="18.699305" lon="99.088977">
        <ele>298.693234</ele>
        <time>2025-12-28T14:11:52.217Z</time>
      </trkpt>
      <trkpt lat="18.699630" lon="99.090425">
        <ele>299.087772</ele>
        <time>2025-12-28T14:12:28.589Z</time>
      </trkpt>
      <trkpt lat="18.699600" lon="99.090713">
        <ele>299.189775</ele>
        <time>2025-12-28T14:12:35.399Z</time>
      </trkpt>
      <trkpt lat="18.699570" lon="99.091011">
        <ele>299.295277</ele>
        <time>2025-12-28T14:12:42.241Z</time>
      </trkpt>
      <trkpt lat="18.699555" lon="99.091148">
        <ele>299.343830</ele>
        <time>2025-12-28T14:12:45.315Z</time>
      </trkpt>
      <trkpt lat="18.699527" lon="99.091401">
        <ele>299.421377</ele>
        <time>2025-12-28T14:12:50.904Z</time>
      </trkpt>
      <trkpt lat="18.699478" lon="99.091852">
        <ele>299.365536</ele>
        <time>2025-12-28T14:13:00.553Z</time>
      </trkpt>
      <trkpt lat="18.699604" lon="99.093843">
        <ele>299.121562</ele>
        <time>2025-12-28T14:13:43.048Z</time>
      </trkpt>
      <trkpt lat="18.699625" lon="99.094131">
        <ele>299.086776</ele>
        <time>2025-12-28T14:13:49.261Z</time>
      </trkpt>
      <trkpt lat="18.699586" lon="99.094284">
        <ele>299.067694</ele>
        <time>2025-12-28T14:13:52.642Z</time>
      </trkpt>
      <trkpt lat="18.699406" lon="99.094493">
        <ele>299.033675</ele>
        <time>2025-12-28T14:13:58.687Z</time>
      </trkpt>
      <trkpt lat="18.698604" lon="99.095200">
        <ele>299.044806</ele>
        <time>2025-12-28T14:14:22.666Z</time>
      </trkpt>
      <trkpt lat="18.700718" lon="99.098679">
        <ele>300.155462</ele>
        <time>2025-12-28T14:15:57.531Z</time>
      </trkpt>
      <trkpt lat="18.700946" lon="99.098929">
        <ele>300.311600</ele>
        <time>2025-12-28T14:16:05.599Z</time>
      </trkpt>
      <trkpt lat="18.701302" lon="99.099422">
        <ele>300.590509</ele>
        <time>2025-12-28T14:16:20.716Z</time>
      </trkpt>
      <trkpt lat="18.701596" lon="99.099770">
        <ele>300.976917</ele>
        <time>2025-12-28T14:16:32.704Z</time>
      </trkpt>
      <trkpt lat="18.701736" lon="99.099797">
        <ele>301.114355</ele>
        <time>2025-12-28T14:16:36.585Z</time>
      </trkpt>
      <trkpt lat="18.702320" lon="99.100364">
        <ele>301.880558</ele>
        <time>2025-12-28T14:16:58.714Z</time>
      </trkpt>
      <trkpt lat="18.702119" lon="99.100669">
        <ele>302.220432</ele>
        <time>2025-12-28T14:17:08.369Z</time>
      </trkpt>
      <trkpt lat="18.702071" lon="99.100801">
        <ele>302.349768</ele>
        <time>2025-12-28T14:17:11.922Z</time>
      </trkpt>
      <trkpt lat="18.702076" lon="99.101211">
        <ele>302.453209</ele>
        <time>2025-12-28T14:17:21.873Z</time>
      </trkpt>
      <trkpt lat="18.702028" lon="99.101809">
        <ele>302.586237</ele>
        <time>2025-12-28T14:17:35.457Z</time>
      </trkpt>
      <trkpt lat="18.701756" lon="99.101748">
        <ele>302.651309</ele>
        <time>2025-12-28T14:17:41.899Z</time>
      </trkpt>
      <trkpt lat="18.701272" lon="99.101715">
        <ele>302.764809</ele>
        <time>2025-12-28T14:17:53.026Z</time>
      </trkpt>
      <trkpt lat="18.700971" lon="99.102131">
        <ele>302.784353</ele>
        <time>2025-12-28T14:18:04.332Z</time>
      </trkpt>
      <trkpt lat="18.700858" lon="99.102696">
        <ele>302.780395</ele>
        <time>2025-12-28T14:18:16.923Z</time>
      </trkpt>
      <trkpt lat="18.700764" lon="99.102880">
        <ele>302.778962</ele>
        <time>2025-12-28T14:18:21.527Z</time>
      </trkpt>
      <trkpt lat="18.700419" lon="99.103168">
        <ele>302.775780</ele>
        <time>2025-12-28T14:18:31.877Z</time>
      </trkpt>
      <trkpt lat="18.700209" lon="99.103164">
        <ele>302.774260</ele>
        <time>2025-12-28T14:18:36.862Z</time>
      </trkpt>
      <trkpt lat="18.699772" lon="99.103053">
        <ele>302.794979</ele>
        <time>2025-12-28T14:18:47.456Z</time>
      </trkpt>
      <trkpt lat="18.699492" lon="99.103757">
        <ele>302.828651</ele>
        <time>2025-12-28T14:19:04.116Z</time>
      </trkpt>
      <trkpt lat="18.699314" lon="99.103645">
        <ele>302.838298</ele>
        <time>2025-12-28T14:19:08.705Z</time>
      </trkpt>
      <trkpt lat="18.699109" lon="99.103603">
        <ele>302.848020</ele>
        <time>2025-12-28T14:19:13.398Z</time>
      </trkpt>
      <trkpt lat="18.699047" lon="99.103590">
        <ele>302.850963</ele>
        <time>2025-12-28T14:19:14.821Z</time>
      </trkpt>
      <trkpt lat="18.698472" lon="99.103521">
        <ele>302.905675</ele>
        <time>2025-12-28T14:19:28.015Z</time>
      </trkpt>
      <trkpt lat="18.698518" lon="99.104350">
        <ele>302.993311</ele>
        <time>2025-12-28T14:19:46.196Z</time>
      </trkpt>
      <trkpt lat="18.698572" lon="99.104939">
        <ele>303.055759</ele>
        <time>2025-12-28T14:19:59.146Z</time>
      </trkpt>
      <trkpt lat="18.698583" lon="99.105703">
        <ele>302.803540</ele>
        <time>2025-12-28T14:20:14.163Z</time>
      </trkpt>
      <trkpt lat="18.698575" lon="99.105995">
        <ele>302.702870</ele>
        <time>2025-12-28T14:20:19.799Z</time>
      </trkpt>
      <trkpt lat="18.698526" lon="99.106242">
        <ele>302.615904</ele>
        <time>2025-12-28T14:20:24.701Z</time>
      </trkpt>
      <trkpt lat="18.698403" lon="99.106620">
        <ele>302.478168</ele>
        <time>2025-12-28T14:20:32.486Z</time>
      </trkpt>
      <trkpt lat="18.698244" lon="99.107275">
        <ele>302.453645</ele>
        <time>2025-12-28T14:20:45.972Z</time>
      </trkpt>
      <trkpt lat="18.698141" lon="99.107519">
        <ele>302.482428</ele>
        <time>2025-12-28T14:20:51.722Z</time>
      </trkpt>
      <trkpt lat="18.697923" lon="99.107758">
        <ele>302.518179</ele>
        <time>2025-12-28T14:20:59.126Z</time>
      </trkpt>
      <trkpt lat="18.697830" lon="99.107897">
        <ele>302.536515</ele>
        <time>2025-12-28T14:21:02.945Z</time>
      </trkpt>
      <trkpt lat="18.696988" lon="99.110375">
        <ele>303.273947</ele>
        <time>2025-12-28T14:22:01.683Z</time>
      </trkpt>
      <trkpt lat="18.696698" lon="99.111204">
        <ele>303.814695</ele>
        <time>2025-12-28T14:22:22.062Z</time>
      </trkpt>
      <trkpt lat="18.696222" lon="99.112206">
        <ele>304.498682</ele>
        <time>2025-12-28T14:22:48.982Z</time>
      </trkpt>
      <trkpt lat="18.696075" lon="99.112536">
        <ele>304.717724</ele>
        <time>2025-12-28T14:22:57.825Z</time>
      </trkpt>
      <trkpt lat="18.696001" lon="99.112543">
        <ele>304.764837</ele>
        <time>2025-12-28T14:22:59.731Z</time>
      </trkpt>
      <trkpt lat="18.695232" lon="99.112396">
        <ele>305.260406</ele>
        <time>2025-12-28T14:23:19.074Z</time>
      </trkpt>
      <trkpt lat="18.695164" lon="99.112404">
        <ele>305.303793</ele>
        <time>2025-12-28T14:23:20.736Z</time>
      </trkpt>
      <trkpt lat="18.695104" lon="99.112481">
        <ele>305.363683</ele>
        <time>2025-12-28T14:23:23.036Z</time>
      </trkpt>
      <trkpt lat="18.695028" lon="99.112662">
        <ele>305.482606</ele>
        <time>2025-12-28T14:23:27.557Z</time>
      </trkpt>
      <trkpt lat="18.694790" lon="99.113343">
        <ele>305.726456</ele>
        <time>2025-12-28T14:23:44.073Z</time>
      </trkpt>
      <trkpt lat="18.694647" lon="99.113966">
        <ele>305.917774</ele>
        <time>2025-12-28T14:23:58.455Z</time>
      </trkpt>
      <trkpt lat="18.694587" lon="99.114232">
        <ele>305.999383</ele>
        <time>2025-12-28T14:24:04.506Z</time>
      </trkpt>
      <trkpt lat="18.694381" lon="99.115113">
        <ele>305.991774</ele>
        <time>2025-12-28T14:24:23.927Z</time>
      </trkpt>
      <trkpt lat="18.694248" lon="99.115608">
        <ele>305.889013</ele>
        <time>2025-12-28T14:24:34.430Z</time>
      </trkpt>
      <trkpt lat="18.694217" lon="99.115725">
        <ele>305.864748</ele>
        <time>2025-12-28T14:24:36.874Z</time>
      </trkpt>
      <trkpt lat="18.694143" lon="99.115823">
        <ele>305.839718</ele>
        <time>2025-12-28T14:24:39.368Z</time>
      </trkpt>
      <trkpt lat="18.694046" lon="99.115862">
        <ele>305.817833</ele>
        <time>2025-12-28T14:24:41.543Z</time>
      </trkpt>
      <trkpt lat="18.693683" lon="99.115787">
        <ele>305.739845</ele>
        <time>2025-12-28T14:24:49.202Z</time>
      </trkpt>
      <trkpt lat="18.693588" lon="99.115799">
        <ele>305.710484</ele>
        <time>2025-12-28T14:24:51.166Z</time>
      </trkpt>
      <trkpt lat="18.693507" lon="99.115859">
        <ele>305.647001</ele>
        <time>2025-12-28T14:24:53.171Z</time>
      </trkpt>
      <trkpt lat="18.693210" lon="99.116709">
        <ele>305.096420</ele>
        <time>2025-12-28T14:25:10.333Z</time>
      </trkpt>
      <trkpt lat="18.692787" lon="99.117713">
        <ele>304.503912</ele>
        <time>2025-12-28T14:25:31.078Z</time>
      </trkpt>
      <trkpt lat="18.692596" lon="99.117953">
        <ele>304.414687</ele>
        <time>2025-12-28T14:25:37.122Z</time>
      </trkpt>
      <trkpt lat="18.691609" lon="99.120096">
        <ele>304.092363</ele>
        <time>2025-12-28T14:26:26.090Z</time>
      </trkpt>
      <trkpt lat="18.691276" lon="99.121149">
        <ele>304.221413</ele>
        <time>2025-12-28T14:26:50.613Z</time>
      </trkpt>
      <trkpt lat="18.690720" lon="99.122476">
        <ele>304.679085</ele>
        <time>2025-12-28T14:27:23.521Z</time>
      </trkpt>
      <trkpt lat="18.690413" lon="99.123933">
        <ele>305.064685</ele>
        <time>2025-12-28T14:27:56.525Z</time>
      </trkpt>
      <trkpt lat="18.690303" lon="99.124482">
        <ele>305.204527</ele>
        <time>2025-12-28T14:28:08.658Z</time>
      </trkpt>
      <trkpt lat="18.690089" lon="99.125366">
        <ele>305.423387</ele>
        <time>2025-12-28T14:28:28.619Z</time>
      </trkpt>
      <trkpt lat="18.689700" lon="99.126577">
        <ele>305.764226</ele>
        <time>2025-12-28T14:28:56.856Z</time>
      </trkpt>
      <trkpt lat="18.689607" lon="99.126755">
        <ele>305.842185</ele>
        <time>2025-12-28T14:29:01.464Z</time>
      </trkpt>
      <trkpt lat="18.689487" lon="99.126985">
        <ele>305.942886</ele>
        <time>2025-12-28T14:29:07.416Z</time>
      </trkpt>
      <trkpt lat="18.689209" lon="99.127515">
        <ele>306.175225</ele>
        <time>2025-12-28T14:29:21.260Z</time>
      </trkpt>
      <trkpt lat="18.689163" lon="99.127809">
        <ele>306.289504</ele>
        <time>2025-12-28T14:29:28.035Z</time>
      </trkpt>
      <trkpt lat="18.689041" lon="99.128346">
        <ele>306.471676</ele>
        <time>2025-12-28T14:29:40.486Z</time>
      </trkpt>
      <trkpt lat="18.688737" lon="99.128818">
        <ele>306.626687</ele>
        <time>2025-12-28T14:29:53.265Z</time>
      </trkpt>
      <trkpt lat="18.688561" lon="99.129209">
        <ele>306.744257</ele>
        <time>2025-12-28T14:30:02.764Z</time>
      </trkpt>
      <trkpt lat="18.688396" lon="99.129738">
        <ele>306.895513</ele>
        <time>2025-12-28T14:30:14.894Z</time>
      </trkpt>
      <trkpt lat="18.688344" lon="99.129902">
        <ele>306.948740</ele>
        <time>2025-12-28T14:30:18.661Z</time>
      </trkpt>
      <trkpt lat="18.688245" lon="99.130280">
        <ele>307.079949</ele>
        <time>2025-12-28T14:30:27.249Z</time>
      </trkpt>
      <trkpt lat="18.688217" lon="99.131165">
        <ele>307.376200</ele>
        <time>2025-12-28T14:30:47.192Z</time>
      </trkpt>
      <trkpt lat="18.687830" lon="99.131233">
        <ele>307.514762</ele>
        <time>2025-12-28T14:30:56.712Z</time>
      </trkpt>
      <trkpt lat="18.687782" lon="99.131897">
        <ele>307.739208</ele>
        <time>2025-12-28T14:31:12.070Z</time>
      </trkpt>
      <trkpt lat="18.687830" lon="99.132306">
        <ele>307.878308</ele>
        <time>2025-12-28T14:31:21.469Z</time>
      </trkpt>
      <trkpt lat="18.687798" lon="99.132388">
        <ele>307.908241</ele>
        <time>2025-12-28T14:31:23.493Z</time>
      </trkpt>
      <trkpt lat="18.687601" lon="99.132503">
        <ele>307.988450</ele>
        <time>2025-12-28T14:31:28.852Z</time>
      </trkpt>
      <trkpt lat="18.687557" lon="99.132591">
        <ele>308.022035</ele>
        <time>2025-12-28T14:31:31.081Z</time>
      </trkpt>
      <trkpt lat="18.687599" lon="99.132842">
        <ele>308.108064</ele>
        <time>2025-12-28T14:31:36.672Z</time>
      </trkpt>
      <trkpt lat="18.687553" lon="99.132978">
        <ele>308.156805</ele>
        <time>2025-12-28T14:31:39.775Z</time>
      </trkpt>
      <trkpt lat="18.687026" lon="99.133202">
        <ele>308.115294</ele>
        <time>2025-12-28T14:31:52.329Z</time>
      </trkpt>
      <trkpt lat="18.685505" lon="99.133860">
        <ele>307.891357</ele>
        <time>2025-12-28T14:32:27.321Z</time>
      </trkpt>
      <trkpt lat="18.685586" lon="99.134290">
        <ele>307.880189</ele>
        <time>2025-12-28T14:32:36.416Z</time>
      </trkpt>
      <trkpt lat="18.684976" lon="99.134590">
        <ele>307.862093</ele>
        <time>2025-12-28T14:32:51.622Z</time>
      </trkpt>
      <trkpt lat="18.684244" lon="99.134676">
        <ele>307.855755</ele>
        <time>2025-12-28T14:33:08.264Z</time>
      </trkpt>
      <trkpt lat="18.684122" lon="99.135062">
        <ele>307.860582</ele>
        <time>2025-12-28T14:33:16.921Z</time>
      </trkpt>
      <trkpt lat="18.683656" lon="99.135181">
        <ele>307.866585</ele>
        <time>2025-12-28T14:33:27.521Z</time>
      </trkpt>
      <trkpt lat="18.683386" lon="99.135253">
        <ele>307.870073</ele>
        <time>2025-12-28T14:33:33.545Z</time>
      </trkpt>
      <trkpt lat="18.682821" lon="99.135405">
        <ele>307.896210</ele>
        <time>2025-12-28T14:33:46.241Z</time>
      </trkpt>
      <trkpt lat="18.682619" lon="99.136303">
        <ele>307.968265</ele>
        <time>2025-12-28T14:34:06.455Z</time>
      </trkpt>
      <trkpt lat="18.682578" lon="99.136478">
        <ele>307.982338</ele>
        <time>2025-12-28T14:34:10.314Z</time>
      </trkpt>
      <trkpt lat="18.682539" lon="99.137158">
        <ele>308.044993</ele>
        <time>2025-12-28T14:34:24.598Z</time>
      </trkpt>
      <trkpt lat="18.682395" lon="99.137707">
        <ele>308.121143</ele>
        <time>2025-12-28T14:34:36.880Z</time>
      </trkpt>
      <trkpt lat="18.682192" lon="99.137752">
        <ele>308.150413</ele>
        <time>2025-12-28T14:34:41.769Z</time>
      </trkpt>
      <trkpt lat="18.681032" lon="99.138323">
        <ele>308.355844</ele>
        <time>2025-12-28T14:35:12.483Z</time>
      </trkpt>
      <trkpt lat="18.680859" lon="99.138449">
        <ele>308.398890</ele>
        <time>2025-12-28T14:35:17.797Z</time>
      </trkpt>
      <trkpt lat="18.680021" lon="99.139822">
        <ele>308.708606</ele>
        <time>2025-12-28T14:35:54.811Z</time>
      </trkpt>
      <trkpt lat="18.679854" lon="99.139997">
        <ele>308.751960</ele>
        <time>2025-12-28T14:36:00.209Z</time>
      </trkpt>
      <trkpt lat="18.679634" lon="99.140120">
        <ele>308.797827</ele>
        <time>2025-12-28T14:36:05.859Z</time>
      </trkpt>
      <trkpt lat="18.676879" lon="99.140659">
        <ele>309.778529</ele>
        <time>2025-12-28T14:37:14.103Z</time>
      </trkpt>
      <trkpt lat="18.676553" lon="99.140688">
        <ele>310.157832</ele>
        <time>2025-12-28T14:37:23.572Z</time>
      </trkpt>
      <trkpt lat="18.675622" lon="99.140614">
        <ele>311.240288</ele>
        <time>2025-12-28T14:37:50.219Z</time>
      </trkpt>
      <trkpt lat="18.674904" lon="99.141483">
        <ele>312.237877</ele>
        <time>2025-12-28T14:38:20.422Z</time>
      </trkpt>
      <trkpt lat="18.674877" lon="99.141531">
        <ele>312.275165</ele>
        <time>2025-12-28T14:38:21.760Z</time>
      </trkpt>
      <trkpt lat="18.674729" lon="99.141789">
        <ele>312.476632</ele>
        <time>2025-12-28T14:38:28.985Z</time>
      </trkpt>
      <trkpt lat="18.674587" lon="99.142161">
        <ele>312.744527</ele>
        <time>2025-12-28T14:38:38.639Z</time>
      </trkpt>
      <trkpt lat="18.674523" lon="99.142546">
        <ele>313.005623</ele>
        <time>2025-12-28T14:38:48.054Z</time>
      </trkpt>
      <trkpt lat="18.674461" lon="99.142901">
        <ele>313.043033</ele>
        <time>2025-12-28T14:38:56.637Z</time>
      </trkpt>
      <trkpt lat="18.674406" lon="99.143075">
        <ele>313.007575</ele>
        <time>2025-12-28T14:39:00.783Z</time>
      </trkpt>
      <trkpt lat="18.674309" lon="99.143222">
        <ele>312.972945</ele>
        <time>2025-12-28T14:39:04.690Z</time>
      </trkpt>
      <trkpt lat="18.673817" lon="99.143660">
        <ele>312.841617</ele>
        <time>2025-12-28T14:39:18.712Z</time>
      </trkpt>
      <trkpt lat="18.673063" lon="99.142647">
        <ele>312.706189</ele>
        <time>2025-12-28T14:39:44.850Z</time>
      </trkpt>
      <trkpt lat="18.669900" lon="99.146845">
        <ele>313.071771</ele>
        <time>2025-12-28T14:41:39.332Z</time>
      </trkpt>
      <trkpt lat="18.669859" lon="99.146904">
        <ele>313.129014</ele>
        <time>2025-12-28T14:41:41.003Z</time>
      </trkpt>
      <trkpt lat="18.669542" lon="99.147352">
        <ele>313.566463</ele>
        <time>2025-12-28T14:41:53.947Z</time>
      </trkpt>
      <trkpt lat="18.669457" lon="99.147505">
        <ele>313.705221</ele>
        <time>2025-12-28T14:41:58.185Z</time>
      </trkpt>
      <trkpt lat="18.669343" lon="99.147833">
        <ele>313.978548</ele>
        <time>2025-12-28T14:42:07.038Z</time>
      </trkpt>
      <trkpt lat="18.669318" lon="99.148004">
        <ele>314.113909</ele>
        <time>2025-12-28T14:42:11.708Z</time>
      </trkpt>
      <trkpt lat="18.669312" lon="99.148506">
        <ele>314.752090</ele>
        <time>2025-12-28T14:42:25.569Z</time>
      </trkpt>
      <trkpt lat="18.669249" lon="99.148613">
        <ele>314.964389</ele>
        <time>2025-12-28T14:42:29.206Z</time>
      </trkpt>
      <trkpt lat="18.669116" lon="99.148819">
        <ele>315.384480</ele>
        <time>2025-12-28T14:42:36.473Z</time>
      </trkpt>
      <trkpt lat="18.669022" lon="99.148981">
        <ele>315.704612</ele>
        <time>2025-12-28T14:42:41.894Z</time>
      </trkpt>
      <trkpt lat="18.668944" lon="99.149179">
        <ele>316.065972</ele>
        <time>2025-12-28T14:42:48.071Z</time>
      </trkpt>
      <trkpt lat="18.668767" lon="99.150455">
        <ele>317.856002</ele>
        <time>2025-12-28T14:43:24.025Z</time>
      </trkpt>
      <trkpt lat="18.668674" lon="99.150856">
        <ele>318.194278</ele>
        <time>2025-12-28T14:43:34.321Z</time>
      </trkpt>
      <trkpt lat="18.668566" lon="99.151362">
        <ele>318.619281</ele>
        <time>2025-12-28T14:43:46.080Z</time>
      </trkpt>
      <trkpt lat="18.668404" lon="99.151796">
        <ele>319.001502</ele>
        <time>2025-12-28T14:43:56.175Z</time>
      </trkpt>
      <trkpt lat="18.668257" lon="99.152052">
        <ele>319.216052</ele>
        <time>2025-12-28T14:44:02.868Z</time>
      </trkpt>
      <trkpt lat="18.667997" lon="99.152223">
        <ele>319.439832</ele>
        <time>2025-12-28T14:44:10.335Z</time>
      </trkpt>
      <trkpt lat="18.667874" lon="99.152302">
        <ele>319.545009</ele>
        <time>2025-12-28T14:44:13.911Z</time>
      </trkpt>
      <trkpt lat="18.667798" lon="99.152392">
        <ele>319.628445</ele>
        <time>2025-12-28T14:44:16.802Z</time>
      </trkpt>
      <trkpt lat="18.667645" lon="99.152573">
        <ele>319.796321</ele>
        <time>2025-12-28T14:44:22.632Z</time>
      </trkpt>
      <trkpt lat="18.667306" lon="99.152820">
        <ele>320.097227</ele>
        <time>2025-12-28T14:44:33.197Z</time>
      </trkpt>
      <trkpt lat="18.667199" lon="99.152970">
        <ele>320.227172</ele>
        <time>2025-12-28T14:44:37.970Z</time>
      </trkpt>
      <trkpt lat="18.667052" lon="99.153285">
        <ele>320.446790</ele>
        <time>2025-12-28T14:44:47.179Z</time>
      </trkpt>
      <trkpt lat="18.666984" lon="99.153563">
        <ele>320.602169</ele>
        <time>2025-12-28T14:44:54.296Z</time>
      </trkpt>
      <trkpt lat="18.666936" lon="99.153791">
        <ele>320.728565</ele>
        <time>2025-12-28T14:44:59.848Z</time>
      </trkpt>
      <trkpt lat="18.666827" lon="99.153803">
        <ele>320.791165</ele>
        <time>2025-12-28T14:45:02.525Z</time>
      </trkpt>
      <trkpt lat="18.666137" lon="99.153669">
        <ele>321.191921</ele>
        <time>2025-12-28T14:45:18.759Z</time>
      </trkpt>
      <trkpt lat="18.665418" lon="99.153404">
        <ele>321.697299</ele>
        <time>2025-12-28T14:45:36.996Z</time>
      </trkpt>
      <trkpt lat="18.664680" lon="99.153107">
        <ele>322.282594</ele>
        <time>2025-12-28T14:45:57.238Z</time>
      </trkpt>
      <trkpt lat="18.664477" lon="99.153048">
        <ele>322.438625</ele>
        <time>2025-12-28T14:46:02.825Z</time>
      </trkpt>
      <trkpt lat="18.664395" lon="99.153062">
        <ele>322.500180</ele>
        <time>2025-12-28T14:46:05.031Z</time>
      </trkpt>
      <trkpt lat="18.664284" lon="99.153118">
        <ele>322.591349</ele>
        <time>2025-12-28T14:46:08.323Z</time>
      </trkpt>
      <trkpt lat="18.663958" lon="99.153380">
        <ele>322.647538</ele>
        <time>2025-12-28T14:46:18.830Z</time>
      </trkpt>
      <trkpt lat="18.663837" lon="99.153476">
        <ele>322.598148</ele>
        <time>2025-12-28T14:46:22.498Z</time>
      </trkpt>
      <trkpt lat="18.663645" lon="99.153631">
        <ele>322.519278</ele>
        <time>2025-12-28T14:46:28.112Z</time>
      </trkpt>
      <trkpt lat="18.663587" lon="99.153678">
        <ele>322.495420</ele>
        <time>2025-12-28T14:46:29.754Z</time>
      </trkpt>
      <trkpt lat="18.663382" lon="99.153842">
        <ele>322.411490</ele>
        <time>2025-12-28T14:46:35.245Z</time>
      </trkpt>
      <trkpt lat="18.663080" lon="99.153973">
        <ele>322.304955</ele>
        <time>2025-12-28T14:46:41.750Z</time>
      </trkpt>
      <trkpt lat="18.662768" lon="99.154064">
        <ele>322.199339</ele>
        <time>2025-12-28T14:46:47.891Z</time>
      </trkpt>
      <trkpt lat="18.662562" lon="99.154104">
        <ele>322.112985</ele>
        <time>2025-12-28T14:46:51.766Z</time>
      </trkpt>
      <trkpt lat="18.662164" lon="99.154080">
        <ele>321.542321</ele>
        <time>2025-12-28T14:46:59.013Z</time>
      </trkpt>
      <trkpt lat="18.661773" lon="99.154087">
        <ele>320.982527</ele>
        <time>2025-12-28T14:47:06.096Z</time>
      </trkpt>
      <trkpt lat="18.661696" lon="99.154177">
        <ele>320.818063</ele>
        <time>2025-12-28T14:47:08.167Z</time>
      </trkpt>
      <trkpt lat="18.661617" lon="99.154389">
        <ele>320.509101</ele>
        <time>2025-12-28T14:47:12.091Z</time>
      </trkpt>
      <trkpt lat="18.661578" lon="99.154417">
        <ele>320.441581</ele>
        <time>2025-12-28T14:47:12.959Z</time>
      </trkpt>
      <trkpt lat="18.661405" lon="99.154415">
        <ele>320.193918</ele>
        <time>2025-12-28T14:47:16.161Z</time>
      </trkpt>
      <trkpt lat="18.661011" lon="99.154281">
        <ele>319.601353</ele>
        <time>2025-12-28T14:47:23.937Z</time>
      </trkpt>
      <trkpt lat="18.660446" lon="99.153844">
        <ele>319.019835</ele>
        <time>2025-12-28T14:47:37.379Z</time>
      </trkpt>
      <trkpt lat="18.660099" lon="99.153571">
        <ele>318.671286</ele>
        <time>2025-12-28T14:47:45.867Z</time>
      </trkpt>
      <trkpt lat="18.659567" lon="99.152919">
        <ele>318.101057</ele>
        <time>2025-12-28T14:48:02.525Z</time>
      </trkpt>
      <trkpt lat="18.659334" lon="99.152691">
        <ele>318.069894</ele>
        <time>2025-12-28T14:48:09.355Z</time>
      </trkpt>
      <trkpt lat="18.659282" lon="99.152653">
        <ele>318.063691</ele>
        <time>2025-12-28T14:48:10.745Z</time>
      </trkpt>
      <trkpt lat="18.658902" lon="99.152368">
        <ele>318.017970</ele>
        <time>2025-12-28T14:48:21.101Z</time>
      </trkpt>
      <trkpt lat="18.658100" lon="99.151921">
        <ele>317.932002</ele>
        <time>2025-12-28T14:48:41.433Z</time>
      </trkpt>
      <trkpt lat="18.657985" lon="99.151918">
        <ele>317.925152</ele>
        <time>2025-12-28T14:48:43.960Z</time>
      </trkpt>
      <trkpt lat="18.657853" lon="99.152132">
        <ele>317.910746</ele>
        <time>2025-12-28T14:48:49.182Z</time>
      </trkpt>
      <trkpt lat="18.657784" lon="99.152203">
        <ele>317.905007</ele>
        <time>2025-12-28T14:48:51.257Z</time>
      </trkpt>
      <trkpt lat="18.657709" lon="99.152220">
        <ele>317.900439</ele>
        <time>2025-12-28T14:48:52.909Z</time>
      </trkpt>
      <trkpt lat="18.656402" lon="99.151756">
        <ele>317.825851</ele>
        <time>2025-12-28T14:49:23.148Z</time>
      </trkpt>
      <trkpt lat="18.656024" lon="99.151462">
        <ele>317.816696</ele>
        <time>2025-12-28T14:49:33.858Z</time>
      </trkpt>
      <trkpt lat="18.655825" lon="99.151245">
        <ele>317.811117</ele>
        <time>2025-12-28T14:49:40.304Z</time>
      </trkpt>
      <trkpt lat="18.655490" lon="99.150667">
        <ele>317.798600</ele>
        <time>2025-12-28T14:49:54.461Z</time>
      </trkpt>
      <trkpt lat="18.655451" lon="99.150592">
        <ele>317.797020</ele>
        <time>2025-12-28T14:49:56.241Z</time>
      </trkpt>
      <trkpt lat="18.655351" lon="99.150459">
        <ele>317.793238</ele>
        <time>2025-12-28T14:49:59.759Z</time>
      </trkpt>
      <trkpt lat="18.655052" lon="99.150349">
        <ele>317.779969</ele>
        <time>2025-12-28T14:50:06.637Z</time>
      </trkpt>
      <trkpt lat="18.654898" lon="99.150242">
        <ele>317.772243</ele>
        <time>2025-12-28T14:50:10.629Z</time>
      </trkpt>
      <trkpt lat="18.653599" lon="99.149000">
        <ele>317.887542</ele>
        <time>2025-12-28T14:50:49.569Z</time>
      </trkpt>
      <trkpt lat="18.652992" lon="99.148527">
        <ele>318.150216</ele>
        <time>2025-12-28T14:51:07.581Z</time>
      </trkpt>
      <trkpt lat="18.651811" lon="99.147903">
        <ele>318.663805</ele>
        <time>2025-12-28T14:51:40.087Z</time>
      </trkpt>
      <trkpt lat="18.651604" lon="99.147845">
        <ele>318.753516</ele>
        <time>2025-12-28T14:51:45.219Z</time>
      </trkpt>
      <trkpt lat="18.651249" lon="99.147906">
        <ele>318.904174</ele>
        <time>2025-12-28T14:51:53.688Z</time>
      </trkpt>
      <trkpt lat="18.651070" lon="99.147895">
        <ele>318.979280</ele>
        <time>2025-12-28T14:51:57.850Z</time>
      </trkpt>
      <trkpt lat="18.649386" lon="99.147155">
        <ele>319.225597</ele>
        <time>2025-12-28T14:52:39.456Z</time>
      </trkpt>
      <trkpt lat="18.648446" lon="99.146720">
        <ele>319.213819</ele>
        <time>2025-12-28T14:53:01.673Z</time>
      </trkpt>
      <trkpt lat="18.648348" lon="99.146711">
        <ele>319.209563</ele>
        <time>2025-12-28T14:53:03.750Z</time>
      </trkpt>
      <trkpt lat="18.648158" lon="99.146755">
        <ele>319.201147</ele>
        <time>2025-12-28T14:53:07.846Z</time>
      </trkpt>
      <trkpt lat="18.648034" lon="99.146721">
        <ele>319.195604</ele>
        <time>2025-12-28T14:53:10.552Z</time>
      </trkpt>
      <trkpt lat="18.647088" lon="99.146092">
        <ele>319.704118</ele>
        <time>2025-12-28T14:53:36.234Z</time>
      </trkpt>
      <trkpt lat="18.647025" lon="99.146071">
        <ele>319.773779</ele>
        <time>2025-12-28T14:53:37.966Z</time>
      </trkpt>
      <trkpt lat="18.646924" lon="99.146136">
        <ele>319.898511</ele>
        <time>2025-12-28T14:53:41.090Z</time>
      </trkpt>
      <trkpt lat="18.646763" lon="99.146298">
        <ele>320.133057</ele>
        <time>2025-12-28T14:53:47.130Z</time>
      </trkpt>
      <trkpt lat="18.646678" lon="99.146277">
        <ele>320.225103</ele>
        <time>2025-12-28T14:53:49.500Z</time>
      </trkpt>
      <trkpt lat="18.646127" lon="99.145850">
        <ele>320.945875</ele>
        <time>2025-12-28T14:54:09.235Z</time>
      </trkpt>
      <trkpt lat="18.645191" lon="99.145117">
        <ele>322.072177</ele>
        <time>2025-12-28T14:54:42.102Z</time>
      </trkpt>
      <trkpt lat="18.645082" lon="99.145028">
        <ele>322.204041</ele>
        <time>2025-12-28T14:54:45.526Z</time>
      </trkpt>
      <trkpt lat="18.644819" lon="99.144903">
        <ele>322.480028</ele>
        <time>2025-12-28T14:54:52.463Z</time>
      </trkpt>
      <trkpt lat="18.644605" lon="99.144809">
        <ele>322.701817</ele>
        <time>2025-12-28T14:54:57.678Z</time>
      </trkpt>
      <trkpt lat="18.644504" lon="99.144753">
        <ele>322.779462</ele>
        <time>2025-12-28T14:55:00.153Z</time>
      </trkpt>
      <trkpt lat="18.644474" lon="99.144711">
        <ele>322.765343</ele>
        <time>2025-12-28T14:55:01.225Z</time>
      </trkpt>
      <trkpt lat="18.644500" lon="99.144158">
        <ele>322.616716</ele>
        <time>2025-12-28T14:55:12.263Z</time>
      </trkpt>
      <trkpt lat="18.644471" lon="99.144043">
        <ele>322.584772</ele>
        <time>2025-12-28T14:55:14.632Z</time>
      </trkpt>
      <trkpt lat="18.644348" lon="99.143850">
        <ele>322.522336</ele>
        <time>2025-12-28T14:55:19.256Z</time>
      </trkpt>
      <trkpt lat="18.644269" lon="99.143670">
        <ele>322.469086</ele>
        <time>2025-12-28T14:55:23.155Z</time>
      </trkpt>
      <trkpt lat="18.644363" lon="99.143280">
        <ele>322.361063</ele>
        <time>2025-12-28T14:55:31.081Z</time>
      </trkpt>
      <trkpt lat="18.644185" lon="99.143043">
        <ele>322.279882</ele>
        <time>2025-12-28T14:55:37.056Z</time>
      </trkpt>
      <trkpt lat="18.643809" lon="99.142566">
        <ele>322.205026</ele>
        <time>2025-12-28T14:55:49.656Z</time>
      </trkpt>
      <trkpt lat="18.642696" lon="99.141411">
        <ele>322.073036</ele>
        <time>2025-12-28T14:56:24.097Z</time>
      </trkpt>
      <trkpt lat="18.642612" lon="99.141218">
        <ele>322.084969</ele>
        <time>2025-12-28T14:56:28.716Z</time>
      </trkpt>
      <trkpt lat="18.642615" lon="99.141125">
        <ele>322.090198</ele>
        <time>2025-12-28T14:56:30.711Z</time>
      </trkpt>
      <trkpt lat="18.642915" lon="99.140854">
        <ele>322.113614</ele>
        <time>2025-12-28T14:56:39.693Z</time>
      </trkpt>
      <trkpt lat="18.642911" lon="99.140741">
        <ele>322.119967</ele>
        <time>2025-12-28T14:56:42.139Z</time>
      </trkpt>
      <trkpt lat="18.642727" lon="99.140495">
        <ele>322.137577</ele>
        <time>2025-12-28T14:56:48.834Z</time>
      </trkpt>
      <trkpt lat="18.642115" lon="99.140614">
        <ele>322.181561</ele>
        <time>2025-12-28T14:57:03.256Z</time>
      </trkpt>
      <trkpt lat="18.641525" lon="99.140598">
        <ele>322.233118</ele>
        <time>2025-12-28T14:57:16.824Z</time>
      </trkpt>
      <trkpt lat="18.641195" lon="99.140443">
        <ele>322.264671</ele>
        <time>2025-12-28T14:57:25.265Z</time>
      </trkpt>
      <trkpt lat="18.641039" lon="99.140307">
        <ele>322.282347</ele>
        <time>2025-12-28T14:57:30.069Z</time>
      </trkpt>
      <trkpt lat="18.640857" lon="99.140235">
        <ele>322.299326</ele>
        <time>2025-12-28T14:57:34.732Z</time>
      </trkpt>
      <trkpt lat="18.640700" lon="99.140197">
        <ele>322.313397</ele>
        <time>2025-12-28T14:57:38.625Z</time>
      </trkpt>
      <trkpt lat="18.640585" lon="99.140228">
        <ele>322.353293</ele>
        <time>2025-12-28T14:57:41.529Z</time>
      </trkpt>
      <trkpt lat="18.640524" lon="99.140400">
        <ele>322.431388</ele>
        <time>2025-12-28T14:57:45.792Z</time>
      </trkpt>
      <trkpt lat="18.640403" lon="99.140562">
        <ele>322.519106</ele>
        <time>2025-12-28T14:57:50.603Z</time>
      </trkpt>
      <trkpt lat="18.640291" lon="99.140583">
        <ele>322.570156</ele>
        <time>2025-12-28T14:57:53.407Z</time>
      </trkpt>
      <trkpt lat="18.640149" lon="99.140518">
        <ele>322.639618</ele>
        <time>2025-12-28T14:57:57.246Z</time>
      </trkpt>
      <trkpt lat="18.639362" lon="99.140009">
        <ele>323.053854</ele>
        <time>2025-12-28T14:58:20.377Z</time>
      </trkpt>
      <trkpt lat="18.638700" lon="99.140650">
        <ele>323.603022</ele>
        <time>2025-12-28T14:58:43.577Z</time>
      </trkpt>
      <trkpt lat="18.638333" lon="99.140865">
        <ele>323.873921</ele>
        <time>2025-12-28T14:58:54.537Z</time>
      </trkpt>
      <trkpt lat="18.637918" lon="99.140895">
        <ele>324.142381</ele>
        <time>2025-12-28T14:59:05.370Z</time>
      </trkpt>
      <trkpt lat="18.636736" lon="99.140910">
        <ele>324.665887</ele>
        <time>2025-12-28T14:59:35.128Z</time>
      </trkpt>
      <trkpt lat="18.635933" lon="99.141114">
        <ele>324.993335</ele>
        <time>2025-12-28T14:59:54.972Z</time>
      </trkpt>
      <trkpt lat="18.635506" lon="99.141317">
        <ele>325.147913</ele>
        <time>2025-12-28T15:00:06.206Z</time>
      </trkpt>
      <trkpt lat="18.635221" lon="99.141618">
        <ele>325.280352</ele>
        <time>2025-12-28T15:00:15.959Z</time>
      </trkpt>
      <trkpt lat="18.634835" lon="99.142422">
        <ele>325.560879</ele>
        <time>2025-12-28T15:00:37.152Z</time>
      </trkpt>
      <trkpt lat="18.634637" lon="99.142889">
        <ele>325.770678</ele>
        <time>2025-12-28T15:00:49.340Z</time>
      </trkpt>
      <trkpt lat="18.633879" lon="99.144676">
        <ele>326.601717</ele>
        <time>2025-12-28T15:01:35.742Z</time>
      </trkpt>
      <trkpt lat="18.633696" lon="99.145056">
        <ele>326.774377</ele>
        <time>2025-12-28T15:01:45.770Z</time>
      </trkpt>
      <trkpt lat="18.633462" lon="99.145544">
        <ele>326.995915</ele>
        <time>2025-12-28T15:01:58.593Z</time>
      </trkpt>
      <trkpt lat="18.633106" lon="99.146456">
        <ele>327.455140</ele>
        <time>2025-12-28T15:02:21.782Z</time>
      </trkpt>
      <trkpt lat="18.632822" lon="99.146736">
        <ele>327.666282</ele>
        <time>2025-12-28T15:02:31.395Z</time>
      </trkpt>
      <trkpt lat="18.632496" lon="99.146854">
        <ele>327.853515</ele>
        <time>2025-12-28T15:02:40.001Z</time>
      </trkpt>
      <trkpt lat="18.631988" lon="99.146886">
        <ele>328.129985</ele>
        <time>2025-12-28T15:02:53.094Z</time>
      </trkpt>
      <trkpt lat="18.631581" lon="99.147090">
        <ele>328.823489</ele>
        <time>2025-12-28T15:03:05.102Z</time>
      </trkpt>
      <trkpt lat="18.630913" lon="99.147594">
        <ele>330.169161</ele>
        <time>2025-12-28T15:03:29.932Z</time>
      </trkpt>
      <trkpt lat="18.630551" lon="99.147883">
        <ele>330.913010</ele>
        <time>2025-12-28T15:03:44.785Z</time>
      </trkpt>
      <trkpt lat="18.630298" lon="99.148128">
        <ele>331.320738</ele>
        <time>2025-12-28T15:03:55.765Z</time>
      </trkpt>
      <trkpt lat="18.629995" lon="99.148512">
        <ele>331.776859</ele>
        <time>2025-12-28T15:04:10.464Z</time>
      </trkpt>
      <trkpt lat="18.627964" lon="99.151259">
        <ele>333.058884</ele>
        <time>2025-12-28T15:05:29.590Z</time>
      </trkpt>
      <trkpt lat="18.627853" lon="99.151415">
        <ele>333.011699</ele>
        <time>2025-12-28T15:05:33.611Z</time>
      </trkpt>
      <trkpt lat="18.627624" lon="99.151717">
        <ele>332.918146</ele>
        <time>2025-12-28T15:05:41.492Z</time>
      </trkpt>
      <trkpt lat="18.627295" lon="99.152084">
        <ele>332.795952</ele>
        <time>2025-12-28T15:05:51.768Z</time>
      </trkpt>
      <trkpt lat="18.626705" lon="99.152631">
        <ele>332.884354</ele>
        <time>2025-12-28T15:06:08.929Z</time>
      </trkpt>
      <trkpt lat="18.626411" lon="99.152963">
        <ele>333.067691</ele>
        <time>2025-12-28T15:06:19.380Z</time>
      </trkpt>
      <trkpt lat="18.626203" lon="99.153276">
        <ele>333.221935</ele>
        <time>2025-12-28T15:06:28.653Z</time>
      </trkpt>
      <trkpt lat="18.626126" lon="99.153392">
        <ele>333.279077</ele>
        <time>2025-12-28T15:06:32.227Z</time>
      </trkpt>
      <trkpt lat="18.626014" lon="99.153661">
        <ele>333.397625</ele>
        <time>2025-12-28T15:06:39.744Z</time>
      </trkpt>
      <trkpt lat="18.625985" lon="99.154018">
        <ele>333.708429</ele>
        <time>2025-12-28T15:06:49.210Z</time>
      </trkpt>
      <trkpt lat="18.625943" lon="99.154551">
        <ele>334.418178</ele>
        <time>2025-12-28T15:07:03.805Z</time>
      </trkpt>
      <trkpt lat="18.625821" lon="99.154884">
        <ele>334.891956</ele>
        <time>2025-12-28T15:07:13.690Z</time>
      </trkpt>
      <trkpt lat="18.624540" lon="99.157394">
        <ele>338.506188</ele>
        <time>2025-12-28T15:08:32.488Z</time>
      </trkpt>
      <trkpt lat="18.623584" lon="99.158650">
        <ele>338.931984</ele>
        <time>2025-12-28T15:09:08.199Z</time>
      </trkpt>
      <trkpt lat="18.623106" lon="99.159111">
        <ele>339.237285</ele>
        <time>2025-12-28T15:09:22.762Z</time>
      </trkpt>
      <trkpt lat="18.622055" lon="99.159861">
        <ele>339.910409</ele>
        <time>2025-12-28T15:09:55.096Z</time>
      </trkpt>
      <trkpt lat="18.621845" lon="99.160035">
        <ele>340.431560</ele>
        <time>2025-12-28T15:10:02.927Z</time>
      </trkpt>
      <trkpt lat="18.621661" lon="99.160239">
        <ele>341.008511</ele>
        <time>2025-12-28T15:10:11.062Z</time>
      </trkpt>
      <trkpt lat="18.621109" lon="99.161052">
        <ele>343.057396</ele>
        <time>2025-12-28T15:10:43.045Z</time>
      </trkpt>
      <trkpt lat="18.621089" lon="99.161103">
        <ele>343.170468</ele>
        <time>2025-12-28T15:10:44.849Z</time>
      </trkpt>
      <trkpt lat="18.621045" lon="99.161195">
        <ele>343.381582</ele>
        <time>2025-12-28T15:10:48.230Z</time>
      </trkpt>
      <trkpt lat="18.621030" lon="99.161228">
        <ele>343.456561</ele>
        <time>2025-12-28T15:10:49.434Z</time>
      </trkpt>
      <trkpt lat="18.620845" lon="99.161732">
        <ele>344.081651</ele>
        <time>2025-12-28T15:11:06.240Z</time>
      </trkpt>
      <trkpt lat="18.620742" lon="99.161952">
        <ele>344.259835</ele>
        <time>2025-12-28T15:11:13.333Z</time>
      </trkpt>
      <trkpt lat="18.620543" lon="99.162235">
        <ele>344.515728</ele>
        <time>2025-12-28T15:11:22.860Z</time>
      </trkpt>
      <trkpt lat="18.619924" lon="99.162946">
        <ele>345.182488</ele>
        <time>2025-12-28T15:11:43.092Z</time>
      </trkpt>
      <trkpt lat="18.619807" lon="99.163074">
        <ele>345.107263</ele>
        <time>2025-12-28T15:11:46.401Z</time>
      </trkpt>
      <trkpt lat="18.619743" lon="99.163194">
        <ele>345.049018</ele>
        <time>2025-12-28T15:11:48.947Z</time>
      </trkpt>
      <trkpt lat="18.619629" lon="99.163327">
        <ele>344.973161</ele>
        <time>2025-12-28T15:11:52.305Z</time>
      </trkpt>
      <trkpt lat="18.619538" lon="99.163510">
        <ele>344.885744</ele>
        <time>2025-12-28T15:11:56.217Z</time>
      </trkpt>
      <trkpt lat="18.619446" lon="99.163962">
        <ele>344.690191</ele>
        <time>2025-12-28T15:12:05.204Z</time>
      </trkpt>
      <trkpt lat="18.619202" lon="99.165141">
        <ele>344.681339</ele>
        <time>2025-12-28T15:12:32.650Z</time>
      </trkpt>
      <trkpt lat="18.619050" lon="99.165387">
        <ele>344.850258</ele>
        <time>2025-12-28T15:12:40.432Z</time>
      </trkpt>
      <trkpt lat="18.618442" lon="99.166170">
        <ele>345.432524</ele>
        <time>2025-12-28T15:13:06.072Z</time>
      </trkpt>
      <trkpt lat="18.617535" lon="99.167329">
        <ele>345.938828</ele>
        <time>2025-12-28T15:13:39.866Z</time>
      </trkpt>
      <trkpt lat="18.617075" lon="99.168026">
        <ele>346.476869</ele>
        <time>2025-12-28T15:14:00.086Z</time>
      </trkpt>
      <trkpt lat="18.616983" lon="99.168174">
        <ele>346.662211</ele>
        <time>2025-12-28T15:14:04.588Z</time>
      </trkpt>
      <trkpt lat="18.616946" lon="99.168242">
        <ele>346.744319</ele>
        <time>2025-12-28T15:14:06.625Z</time>
      </trkpt>
      <trkpt lat="18.615832" lon="99.170282">
        <ele>349.168241</ele>
        <time>2025-12-28T15:15:10.565Z</time>
      </trkpt>
      <trkpt lat="18.615151" lon="99.171058">
        <ele>350.203296</ele>
        <time>2025-12-28T15:15:36.360Z</time>
      </trkpt>
      <trkpt lat="18.614426" lon="99.171845">
        <ele>351.163442</ele>
        <time>2025-12-28T15:16:03.992Z</time>
      </trkpt>
      <trkpt lat="18.613752" lon="99.172608">
        <ele>352.093486</ele>
        <time>2025-12-28T15:16:31.639Z</time>
      </trkpt>
      <trkpt lat="18.613407" lon="99.173037">
        <ele>352.606313</ele>
        <time>2025-12-28T15:16:46.334Z</time>
      </trkpt>
      <trkpt lat="18.612234" lon="99.175013">
        <ele>355.400133</ele>
        <time>2025-12-28T15:17:43.967Z</time>
      </trkpt>
      <trkpt lat="18.611791" lon="99.175761">
        <ele>357.980002</ele>
        <time>2025-12-28T15:18:14.193Z</time>
      </trkpt>
      <trkpt lat="18.611408" lon="99.176488">
        <ele>361.604854</ele>
        <time>2025-12-28T15:18:48.583Z</time>
      </trkpt>
      <trkpt lat="18.610986" lon="99.177292">
        <ele>365.934242</ele>
        <time>2025-12-28T15:19:27.793Z</time>
      </trkpt>
      <trkpt lat="18.610393" lon="99.178291">
        <ele>372.293016</ele>
        <time>2025-12-28T15:20:17.018Z</time>
      </trkpt>
      <trkpt lat="18.610218" lon="99.178690">
        <ele>374.790043</ele>
        <time>2025-12-28T15:20:36.839Z</time>
      </trkpt>
      <trkpt lat="18.610159" lon="99.178847">
        <ele>376.337383</ele>
        <time>2025-12-28T15:20:45.058Z</time>
      </trkpt>
      <trkpt lat="18.610062" lon="99.178959">
        <ele>377.727421</ele>
        <time>2025-12-28T15:20:52.733Z</time>
      </trkpt>
      <trkpt lat="18.609843" lon="99.179115">
        <ele>380.281795</ele>
        <time>2025-12-28T15:21:07.615Z</time>
      </trkpt>
      <trkpt lat="18.609767" lon="99.179195">
        <ele>381.319573</ele>
        <time>2025-12-28T15:21:14.021Z</time>
      </trkpt>
      <trkpt lat="18.609640" lon="99.179469">
        <ele>384.114025</ele>
        <time>2025-12-28T15:21:31.978Z</time>
      </trkpt>
      <trkpt lat="18.609486" lon="99.179671">
        <ele>386.489171</ele>
        <time>2025-12-28T15:21:48.060Z</time>
      </trkpt>
      <trkpt lat="18.609278" lon="99.179859">
        <ele>389.136786</ele>
        <time>2025-12-28T15:22:06.833Z</time>
      </trkpt>
      <trkpt lat="18.608775" lon="99.180235">
        <ele>395.684431</ele>
        <time>2025-12-28T15:22:52.164Z</time>
      </trkpt>
      <trkpt lat="18.608582" lon="99.180434">
        <ele>398.769416</ele>
        <time>2025-12-28T15:23:12.980Z</time>
      </trkpt>
      <trkpt lat="18.608368" lon="99.180616">
        <ele>401.911691</ele>
        <time>2025-12-28T15:23:34.882Z</time>
      </trkpt>
      <trkpt lat="18.608170" lon="99.180723">
        <ele>404.454897</ele>
        <time>2025-12-28T15:23:51.692Z</time>
      </trkpt>
      <trkpt lat="18.607982" lon="99.180788">
        <ele>406.716617</ele>
        <time>2025-12-28T15:24:05.663Z</time>
      </trkpt>
      <trkpt lat="18.607626" lon="99.180987">
        <ele>411.322373</ele>
        <time>2025-12-28T15:24:31.310Z</time>
      </trkpt>
      <trkpt lat="18.607540" lon="99.181083">
        <ele>412.458242</ele>
        <time>2025-12-28T15:24:38.608Z</time>
      </trkpt>
      <trkpt lat="18.607525" lon="99.181223">
        <ele>412.566623</ele>
        <time>2025-12-28T15:24:45.884Z</time>
      </trkpt>
      <trkpt lat="18.607637" lon="99.181346">
        <ele>412.697835</ele>
        <time>2025-12-28T15:24:54.079Z</time>
      </trkpt>
      <trkpt lat="18.608015" lon="99.181654">
        <ele>413.085480</ele>
        <time>2025-12-28T15:25:13.782Z</time>
      </trkpt>
      <trkpt lat="18.608276" lon="99.181866">
        <ele>413.352827</ele>
        <time>2025-12-28T15:25:22.237Z</time>
      </trkpt>
      <trkpt lat="18.608444" lon="99.182150">
        <ele>413.610357</ele>
        <time>2025-12-28T15:25:27.651Z</time>
      </trkpt>
      <trkpt lat="18.608562" lon="99.182290">
        <ele>413.754479</ele>
        <time>2025-12-28T15:25:30.451Z</time>
      </trkpt>
      <trkpt lat="18.608740" lon="99.182424">
        <ele>413.380915</ele>
        <time>2025-12-28T15:25:33.764Z</time>
      </trkpt>
      <trkpt lat="18.609024" lon="99.182547">
        <ele>409.855567</ele>
        <time>2025-12-28T15:25:38.223Z</time>
      </trkpt>
      <trkpt lat="18.609268" lon="99.182611">
        <ele>406.968319</ele>
        <time>2025-12-28T15:25:41.760Z</time>
      </trkpt>
      <trkpt lat="18.609781" lon="99.182676">
        <ele>401.034964</ele>
        <time>2025-12-28T15:25:48.863Z</time>
      </trkpt>
      <trkpt lat="18.610071" lon="99.182686">
        <ele>397.702971</ele>
        <time>2025-12-28T15:25:52.800Z</time>
      </trkpt>
      <trkpt lat="18.610254" lon="99.182724">
        <ele>395.561185</ele>
        <time>2025-12-28T15:25:55.341Z</time>
      </trkpt>
      <trkpt lat="18.610457" lon="99.182826">
        <ele>393.101027</ele>
        <time>2025-12-28T15:25:58.437Z</time>
      </trkpt>
      <trkpt lat="18.610736" lon="99.182667">
        <ele>391.154869</ele>
        <time>2025-12-28T15:26:05.949Z</time>
      </trkpt>
      <trkpt lat="18.610862" lon="99.182633">
        <ele>390.356654</ele>
        <time>2025-12-28T15:26:09.059Z</time>
      </trkpt>
      <trkpt lat="18.610965" lon="99.182642">
        <ele>389.722325</ele>
        <time>2025-12-28T15:26:11.592Z</time>
      </trkpt>
      <trkpt lat="18.611432" lon="99.182377">
        <ele>386.467924</ele>
        <time>2025-12-28T15:26:25.890Z</time>
      </trkpt>
      <trkpt lat="18.611624" lon="99.182339">
        <ele>385.268970</ele>
        <time>2025-12-28T15:26:31.678Z</time>
      </trkpt>
      <trkpt lat="18.611648" lon="99.182320">
        <ele>385.084821</ele>
        <time>2025-12-28T15:26:32.570Z</time>
      </trkpt>
      <trkpt lat="18.611811" lon="99.182192">
        <ele>383.837768</ele>
        <time>2025-12-28T15:26:38.935Z</time>
      </trkpt>
      <trkpt lat="18.612143" lon="99.181939">
        <ele>382.140305</ele>
        <time>2025-12-28T15:26:48.541Z</time>
      </trkpt>
      <trkpt lat="18.612496" lon="99.181626">
        <ele>381.942445</ele>
        <time>2025-12-28T15:27:00.255Z</time>
      </trkpt>
      <trkpt lat="18.612584" lon="99.181513">
        <ele>381.882965</ele>
        <time>2025-12-28T15:27:03.847Z</time>
      </trkpt>
      <trkpt lat="18.612665" lon="99.181341">
        <ele>381.804857</ele>
        <time>2025-12-28T15:27:08.796Z</time>
      </trkpt>
      <trkpt lat="18.612696" lon="99.181191">
        <ele>381.742422</ele>
        <time>2025-12-28T15:27:12.225Z</time>
      </trkpt>
      <trkpt lat="18.612598" lon="99.180761">
        <ele>381.562566</ele>
        <time>2025-12-28T15:27:19.900Z</time>
      </trkpt>
      <trkpt lat="18.612522" lon="99.180573">
        <ele>381.479446</ele>
        <time>2025-12-28T15:27:23.452Z</time>
      </trkpt>
      <trkpt lat="18.612395" lon="99.180364">
        <ele>381.160834</ele>
        <time>2025-12-28T15:27:28.055Z</time>
      </trkpt>
      <trkpt lat="18.612237" lon="99.180219">
        <ele>380.690020</ele>
        <time>2025-12-28T15:27:31.976Z</time>
      </trkpt>
      <trkpt lat="18.612026" lon="99.180129">
        <ele>380.178308</ele>
        <time>2025-12-28T15:27:36.119Z</time>
      </trkpt>
      <trkpt lat="18.611495" lon="99.180026">
        <ele>378.964391</ele>
        <time>2025-12-28T15:27:45.716Z</time>
      </trkpt>
      <trkpt lat="18.611139" lon="99.179774">
        <ele>378.000524</ele>
        <time>2025-12-28T15:27:53.563Z</time>
      </trkpt>
      <trkpt lat="18.610988" lon="99.179601">
        <ele>377.499364</ele>
        <time>2025-12-28T15:27:57.603Z</time>
      </trkpt>
      <trkpt lat="18.610582" lon="99.179191">
        <ele>375.443889</ele>
        <time>2025-12-28T15:28:07.315Z</time>
      </trkpt>
      <trkpt lat="18.610341" lon="99.178932">
        <ele>374.137795</ele>
        <time>2025-12-28T15:28:13.055Z</time>
      </trkpt>
      <trkpt lat="18.610159" lon="99.178847">
        <ele>373.382100</ele>
        <time>2025-12-28T15:28:16.342Z</time>
      </trkpt>
      <trkpt lat="18.610218" lon="99.178690">
        <ele>372.774365</ele>
        <time>2025-12-28T15:28:18.973Z</time>
      </trkpt>
      <trkpt lat="18.610393" lon="99.178291">
        <ele>371.192327</ele>
        <time>2025-12-28T15:28:25.713Z</time>
      </trkpt>
      <trkpt lat="18.610986" lon="99.177292">
        <ele>365.678905</ele>
        <time>2025-12-28T15:28:43.389Z</time>
      </trkpt>
      <trkpt lat="18.611408" lon="99.176488">
        <ele>361.237191</ele>
        <time>2025-12-28T15:28:57.005Z</time>
      </trkpt>
      <trkpt lat="18.611791" lon="99.175761">
        <ele>358.326996</ele>
        <time>2025-12-28T15:29:09.449Z</time>
      </trkpt>
      <trkpt lat="18.612234" lon="99.175013">
        <ele>355.240921</ele>
        <time>2025-12-28T15:29:23.719Z</time>
      </trkpt>
      <trkpt lat="18.613407" lon="99.173037">
        <ele>352.670616</ele>
        <time>2025-12-28T15:30:09.739Z</time>
      </trkpt>
      <trkpt lat="18.613752" lon="99.172608">
        <ele>352.112751</ele>
        <time>2025-12-28T15:30:20.411Z</time>
      </trkpt>
      <trkpt lat="18.614426" lon="99.171845">
        <ele>351.078550</ele>
        <time>2025-12-28T15:30:39.935Z</time>
      </trkpt>
      <trkpt lat="18.615151" lon="99.171058">
        <ele>350.194098</ele>
        <time>2025-12-28T15:31:01.311Z</time>
      </trkpt>
      <trkpt lat="18.615832" lon="99.170282">
        <ele>349.259392</ele>
        <time>2025-12-28T15:31:22.408Z</time>
      </trkpt>
      <trkpt lat="18.616946" lon="99.168242">
        <ele>346.787391</ele>
        <time>2025-12-28T15:32:05.802Z</time>
      </trkpt>
      <trkpt lat="18.616983" lon="99.168174">
        <ele>346.726396</ele>
        <time>2025-12-28T15:32:07.285Z</time>
      </trkpt>
      <trkpt lat="18.617075" lon="99.168026">
        <ele>346.588714</ele>
        <time>2025-12-28T15:32:10.690Z</time>
      </trkpt>
      <trkpt lat="18.617535" lon="99.167329">
        <ele>345.928014</ele>
        <time>2025-12-28T15:32:27.994Z</time>
      </trkpt>
      <trkpt lat="18.618442" lon="99.166170">
        <ele>345.333838</ele>
        <time>2025-12-28T15:33:00.262Z</time>
      </trkpt>
      <trkpt lat="18.619050" lon="99.165387">
        <ele>344.949441</ele>
        <time>2025-12-28T15:33:19.846Z</time>
      </trkpt>
      <trkpt lat="18.619202" lon="99.165141">
        <ele>344.834757</ele>
        <time>2025-12-28T15:33:25.378Z</time>
      </trkpt>
      <trkpt lat="18.619446" lon="99.163962">
        <ele>344.471638</ele>
        <time>2025-12-28T15:33:50.976Z</time>
      </trkpt>
      <trkpt lat="18.619538" lon="99.163510">
        <ele>344.703816</ele>
        <time>2025-12-28T15:34:02.624Z</time>
      </trkpt>
      <trkpt lat="18.619629" lon="99.163327">
        <ele>344.807605</ele>
        <time>2025-12-28T15:34:08.006Z</time>
      </trkpt>
      <trkpt lat="18.619743" lon="99.163194">
        <ele>344.897668</ele>
        <time>2025-12-28T15:34:12.778Z</time>
      </trkpt>
      <trkpt lat="18.619807" lon="99.163074">
        <ele>344.966822</ele>
        <time>2025-12-28T15:34:16.479Z</time>
      </trkpt>
      <trkpt lat="18.619924" lon="99.162946">
        <ele>345.056136</ele>
        <time>2025-12-28T15:34:21.260Z</time>
      </trkpt>
      <trkpt lat="18.620543" lon="99.162235">
        <ele>344.999786</ele>
        <time>2025-12-28T15:34:43.509Z</time>
      </trkpt>
      <trkpt lat="18.620742" lon="99.161952">
        <ele>344.635682</ele>
        <time>2025-12-28T15:34:50.029Z</time>
      </trkpt>
      <trkpt lat="18.620845" lon="99.161732">
        <ele>344.382148</ele>
        <time>2025-12-28T15:34:54.463Z</time>
      </trkpt>
      <trkpt lat="18.621030" lon="99.161228">
        <ele>343.823711</ele>
        <time>2025-12-28T15:35:04.001Z</time>
      </trkpt>
      <trkpt lat="18.621045" lon="99.161195">
        <ele>343.785896</ele>
        <time>2025-12-28T15:35:04.620Z</time>
      </trkpt>
      <trkpt lat="18.621089" lon="99.161103">
        <ele>343.679421</ele>
        <time>2025-12-28T15:35:06.408Z</time>
      </trkpt>
      <trkpt lat="18.621109" lon="99.161052">
        <ele>343.622394</ele>
        <time>2025-12-28T15:35:07.343Z</time>
      </trkpt>
      <trkpt lat="18.624913" lon="99.163402">
        <ele>339.128117</ele>
        <time>2025-12-28T15:36:31.891Z</time>
      </trkpt>
      <trkpt lat="18.625244" lon="99.163518">
        <ele>338.937437</ele>
        <time>2025-12-28T15:36:38.933Z</time>
      </trkpt>
      <trkpt lat="18.625430" lon="99.163542">
        <ele>338.834992</ele>
        <time>2025-12-28T15:36:42.793Z</time>
      </trkpt>
      <trkpt lat="18.625813" lon="99.163520">
        <ele>338.625292</ele>
        <time>2025-12-28T15:36:50.896Z</time>
      </trkpt>
      <trkpt lat="18.626045" lon="99.163434">
        <ele>338.490858</ele>
        <time>2025-12-28T15:36:56.229Z</time>
      </trkpt>
      <trkpt lat="18.627102" lon="99.162948">
        <ele>338.987954</ele>
        <time>2025-12-28T15:37:23.590Z</time>
      </trkpt>
      <trkpt lat="18.627330" lon="99.162785">
        <ele>339.112328</ele>
        <time>2025-12-28T15:37:30.510Z</time>
      </trkpt>
      <trkpt lat="18.627490" lon="99.162555">
        <ele>339.234435</ele>
        <time>2025-12-28T15:37:37.313Z</time>
      </trkpt>
      <trkpt lat="18.627705" lon="99.161712">
        <ele>339.793188</ele>
        <time>2025-12-28T15:37:58.155Z</time>
      </trkpt>
      <trkpt lat="18.627793" lon="99.161530">
        <ele>339.931570</ele>
        <time>2025-12-28T15:38:03.023Z</time>
      </trkpt>
      <trkpt lat="18.627900" lon="99.161385">
        <ele>340.056038</ele>
        <time>2025-12-28T15:38:07.354Z</time>
      </trkpt>
      <trkpt lat="18.629395" lon="99.159749">
        <ele>342.006028</ele>
        <time>2025-12-28T15:39:01.897Z</time>
      </trkpt>
      <trkpt lat="18.629557" lon="99.159620">
        <ele>342.209505</ele>
        <time>2025-12-28T15:39:07.578Z</time>
      </trkpt>
      <trkpt lat="18.629867" lon="99.159497">
        <ele>342.599317</ele>
        <time>2025-12-28T15:39:17.200Z</time>
      </trkpt>
      <trkpt lat="18.631477" lon="99.159418">
        <ele>344.789782</ele>
        <time>2025-12-28T15:40:03.758Z</time>
      </trkpt>
      <trkpt lat="18.632277" lon="99.159379">
        <ele>344.473831</ele>
        <time>2025-12-28T15:40:21.024Z</time>
      </trkpt>
      <trkpt lat="18.632738" lon="99.159526">
        <ele>344.256769</ele>
        <time>2025-12-28T15:40:30.231Z</time>
      </trkpt>
      <trkpt lat="18.632986" lon="99.159659">
        <ele>344.131384</ele>
        <time>2025-12-28T15:40:35.540Z</time>
      </trkpt>
      <trkpt lat="18.633189" lon="99.159819">
        <ele>344.017185</ele>
        <time>2025-12-28T15:40:40.449Z</time>
      </trkpt>
      <trkpt lat="18.633375" lon="99.160012">
        <ele>343.680767</ele>
        <time>2025-12-28T15:40:45.544Z</time>
      </trkpt>
      <trkpt lat="18.633409" lon="99.160058">
        <ele>343.607713</ele>
        <time>2025-12-28T15:40:46.612Z</time>
      </trkpt>
      <trkpt lat="18.633511" lon="99.160198">
        <ele>343.386574</ele>
        <time>2025-12-28T15:40:49.806Z</time>
      </trkpt>
      <trkpt lat="18.633686" lon="99.160527">
        <ele>342.914123</ele>
        <time>2025-12-28T15:40:56.488Z</time>
      </trkpt>
      <trkpt lat="18.633825" lon="99.161006">
        <ele>342.286815</ele>
        <time>2025-12-28T15:41:05.199Z</time>
      </trkpt>
      <trkpt lat="18.633929" lon="99.161161">
        <ele>342.048990</ele>
        <time>2025-12-28T15:41:08.484Z</time>
      </trkpt>
      <trkpt lat="18.634057" lon="99.161286">
        <ele>341.818528</ele>
        <time>2025-12-28T15:41:11.667Z</time>
      </trkpt>
      <trkpt lat="18.634233" lon="99.161413">
        <ele>341.580417</ele>
        <time>2025-12-28T15:41:15.560Z</time>
      </trkpt>
      <trkpt lat="18.634439" lon="99.161474">
        <ele>341.422033</ele>
        <time>2025-12-28T15:41:19.477Z</time>
      </trkpt>
      <trkpt lat="18.634620" lon="99.161476">
        <ele>341.288037</ele>
        <time>2025-12-28T15:41:22.823Z</time>
      </trkpt>
      <trkpt lat="18.634844" lon="99.161455">
        <ele>341.121564</ele>
        <time>2025-12-28T15:41:26.992Z</time>
      </trkpt>
      <trkpt lat="18.635012" lon="99.161385">
        <ele>340.987857</ele>
        <time>2025-12-28T15:41:30.417Z</time>
      </trkpt>
      <trkpt lat="18.636323" lon="99.160462">
        <ele>340.968268</ele>
        <time>2025-12-28T15:42:04.663Z</time>
      </trkpt>
      <trkpt lat="18.636557" lon="99.160344">
        <ele>341.231925</ele>
        <time>2025-12-28T15:42:11.627Z</time>
      </trkpt>
      <trkpt lat="18.636750" lon="99.160291">
        <ele>341.434671</ele>
        <time>2025-12-28T15:42:17.307Z</time>
      </trkpt>
      <trkpt lat="18.637014" lon="99.160285">
        <ele>341.703126</ele>
        <time>2025-12-28T15:42:25.138Z</time>
      </trkpt>
      <trkpt lat="18.637333" lon="99.160342">
        <ele>342.032050</ele>
        <time>2025-12-28T15:42:34.955Z</time>
      </trkpt>
      <trkpt lat="18.637716" lon="99.160414">
        <ele>342.486007</ele>
        <time>2025-12-28T15:42:46.886Z</time>
      </trkpt>
      <trkpt lat="18.637856" lon="99.160465">
        <ele>342.666469</ele>
        <time>2025-12-28T15:42:51.388Z</time>
      </trkpt>
      <trkpt lat="18.637978" lon="99.160551">
        <ele>342.845233</ele>
        <time>2025-12-28T15:42:55.809Z</time>
      </trkpt>
      <trkpt lat="18.638069" lon="99.160649">
        <ele>343.003652</ele>
        <time>2025-12-28T15:42:59.672Z</time>
      </trkpt>
      <trkpt lat="18.638921" lon="99.161921">
        <ele>344.166393</ele>
        <time>2025-12-28T15:43:36.929Z</time>
      </trkpt>
      <trkpt lat="18.639104" lon="99.162104">
        <ele>344.064550</ele>
        <time>2025-12-28T15:43:42.227Z</time>
      </trkpt>
      <trkpt lat="18.639287" lon="99.162222">
        <ele>343.977918</ele>
        <time>2025-12-28T15:43:46.584Z</time>
      </trkpt>
      <trkpt lat="18.639553" lon="99.162309">
        <ele>343.865421</ele>
        <time>2025-12-28T15:43:52.070Z</time>
      </trkpt>
      <trkpt lat="18.639828" lon="99.162303">
        <ele>343.754306</ele>
        <time>2025-12-28T15:43:57.289Z</time>
      </trkpt>
      <trkpt lat="18.640623" lon="99.162001">
        <ele>343.867435</ele>
        <time>2025-12-28T15:44:13.669Z</time>
      </trkpt>
      <trkpt lat="18.640882" lon="99.161993">
        <ele>344.019738</ele>
        <time>2025-12-28T15:44:19.283Z</time>
      </trkpt>
      <trkpt lat="18.641208" lon="99.162088">
        <ele>344.218529</ele>
        <time>2025-12-28T15:44:27.493Z</time>
      </trkpt>
      <trkpt lat="18.641409" lon="99.162201">
        <ele>344.352393</ele>
        <time>2025-12-28T15:44:33.582Z</time>
      </trkpt>
      <trkpt lat="18.641628" lon="99.162387">
        <ele>344.517627</ele>
        <time>2025-12-28T15:44:41.692Z</time>
      </trkpt>
      <trkpt lat="18.641756" lon="99.162548">
        <ele>344.634679</ele>
        <time>2025-12-28T15:44:47.830Z</time>
      </trkpt>
      <trkpt lat="18.641881" lon="99.162722">
        <ele>344.950490</ele>
        <time>2025-12-28T15:44:54.513Z</time>
      </trkpt>
      <trkpt lat="18.641974" lon="99.162910">
        <ele>345.295777</ele>
        <time>2025-12-28T15:45:01.178Z</time>
      </trkpt>
      <trkpt lat="18.642117" lon="99.163950">
        <ele>347.006746</ele>
        <time>2025-12-28T15:45:32.717Z</time>
      </trkpt>
      <trkpt lat="18.642132" lon="99.164185">
        <ele>347.390218</ele>
        <time>2025-12-28T15:45:38.950Z</time>
      </trkpt>
      <trkpt lat="18.642106" lon="99.164370">
        <ele>347.694713</ele>
        <time>2025-12-28T15:45:43.527Z</time>
      </trkpt>
      <trkpt lat="18.641993" lon="99.164808">
        <ele>346.906624</ele>
        <time>2025-12-28T15:45:52.395Z</time>
      </trkpt>
      <trkpt lat="18.641965" lon="99.165036">
        <ele>346.449987</ele>
        <time>2025-12-28T15:45:56.242Z</time>
      </trkpt>
      <trkpt lat="18.641987" lon="99.165256">
        <ele>346.010599</ele>
        <time>2025-12-28T15:45:59.770Z</time>
      </trkpt>
      <trkpt lat="18.642061" lon="99.165458">
        <ele>345.580448</ele>
        <time>2025-12-28T15:46:03.143Z</time>
      </trkpt>
      <trkpt lat="18.642179" lon="99.165638">
        <ele>345.145712</ele>
        <time>2025-12-28T15:46:06.471Z</time>
      </trkpt>
      <trkpt lat="18.642332" lon="99.165767">
        <ele>344.735219</ele>
        <time>2025-12-28T15:46:09.610Z</time>
      </trkpt>
      <trkpt lat="18.642482" lon="99.165853">
        <ele>344.377394</ele>
        <time>2025-12-28T15:46:12.346Z</time>
      </trkpt>
      <trkpt lat="18.642728" lon="99.165922">
        <ele>343.909162</ele>
        <time>2025-12-28T15:46:16.450Z</time>
      </trkpt>
      <trkpt lat="18.642968" lon="99.165928">
        <ele>343.655409</ele>
        <time>2025-12-28T15:46:20.348Z</time>
      </trkpt>
      <trkpt lat="18.643119" lon="99.165886">
        <ele>343.490351</ele>
        <time>2025-12-28T15:46:22.926Z</time>
      </trkpt>
      <trkpt lat="18.643252" lon="99.165816">
        <ele>343.333257</ele>
        <time>2025-12-28T15:46:25.434Z</time>
      </trkpt>
      <trkpt lat="18.644312" lon="99.165109">
        <ele>342.138172</ele>
        <time>2025-12-28T15:46:52.687Z</time>
      </trkpt>
      <trkpt lat="18.644762" lon="99.164838">
        <ele>342.662349</ele>
        <time>2025-12-28T15:47:06.714Z</time>
      </trkpt>
      <trkpt lat="18.644896" lon="99.164781">
        <ele>342.808516</ele>
        <time>2025-12-28T15:47:10.724Z</time>
      </trkpt>
      <trkpt lat="18.645076" lon="99.164727">
        <ele>342.997840</ele>
        <time>2025-12-28T15:47:15.955Z</time>
      </trkpt>
      <trkpt lat="18.645310" lon="99.164700">
        <ele>343.235992</ele>
        <time>2025-12-28T15:47:22.551Z</time>
      </trkpt>
      <trkpt lat="18.645646" lon="99.164706">
        <ele>343.575977</ele>
        <time>2025-12-28T15:47:31.972Z</time>
      </trkpt>
      <trkpt lat="18.645835" lon="99.164748">
        <ele>343.771384</ele>
        <time>2025-12-28T15:47:37.327Z</time>
      </trkpt>
      <trkpt lat="18.646040" lon="99.164833">
        <ele>343.869723</ele>
        <time>2025-12-28T15:47:43.186Z</time>
      </trkpt>
      <trkpt lat="18.646708" lon="99.165303">
        <ele>343.671508</ele>
        <time>2025-12-28T15:48:01.946Z</time>
      </trkpt>
      <trkpt lat="18.646879" lon="99.165388">
        <ele>343.624841</ele>
        <time>2025-12-28T15:48:05.795Z</time>
      </trkpt>
      <trkpt lat="18.647352" lon="99.165495">
        <ele>343.505407</ele>
        <time>2025-12-28T15:48:15.125Z</time>
      </trkpt>
      <trkpt lat="18.647681" lon="99.165480">
        <ele>343.311627</ele>
        <time>2025-12-28T15:48:21.213Z</time>
      </trkpt>
      <trkpt lat="18.648019" lon="99.165406">
        <ele>342.857232</ele>
        <time>2025-12-28T15:48:27.424Z</time>
      </trkpt>
      <trkpt lat="18.649351" lon="99.165076">
        <ele>341.071046</ele>
        <time>2025-12-28T15:48:52.826Z</time>
      </trkpt>
      <trkpt lat="18.649742" lon="99.165081">
        <ele>340.847480</ele>
        <time>2025-12-28T15:49:00.587Z</time>
      </trkpt>
      <trkpt lat="18.649952" lon="99.165107">
        <ele>340.726591</ele>
        <time>2025-12-28T15:49:04.850Z</time>
      </trkpt>
      <trkpt lat="18.650685" lon="99.165314">
        <ele>340.292763</ele>
        <time>2025-12-28T15:49:20.636Z</time>
      </trkpt>
      <trkpt lat="18.653930" lon="99.166289">
        <ele>339.247818</ele>
        <time>2025-12-28T15:50:31.386Z</time>
      </trkpt>
      <trkpt lat="18.654442" lon="99.166592">
        <ele>339.164681</ele>
        <time>2025-12-28T15:50:44.434Z</time>
      </trkpt>
      <trkpt lat="18.654693" lon="99.166809">
        <ele>339.388034</ele>
        <time>2025-12-28T15:50:52.340Z</time>
      </trkpt>
      <trkpt lat="18.654894" lon="99.167079">
        <ele>339.665691</ele>
        <time>2025-12-28T15:51:00.614Z</time>
      </trkpt>
      <trkpt lat="18.655318" lon="99.167796">
        <ele>340.349127</ele>
        <time>2025-12-28T15:51:22.018Z</time>
      </trkpt>
      <trkpt lat="18.655820" lon="99.168812">
        <ele>341.152654</ele>
        <time>2025-12-28T15:51:50.667Z</time>
      </trkpt>
      <trkpt lat="18.656492" lon="99.170083">
        <ele>341.998262</ele>
        <time>2025-12-28T15:52:23.867Z</time>
      </trkpt>
      <trkpt lat="18.656688" lon="99.170287">
        <ele>342.096951</ele>
        <time>2025-12-28T15:52:30.416Z</time>
      </trkpt>
      <trkpt lat="18.657885" lon="99.171250">
        <ele>342.433795</ele>
        <time>2025-12-28T15:53:05.900Z</time>
      </trkpt>
      <trkpt lat="18.658261" lon="99.171483">
        <ele>342.230552</ele>
        <time>2025-12-28T15:53:15.424Z</time>
      </trkpt>
      <trkpt lat="18.658463" lon="99.171541">
        <ele>342.132970</ele>
        <time>2025-12-28T15:53:19.797Z</time>
      </trkpt>
      <trkpt lat="18.658689" lon="99.171563">
        <ele>342.027175</ele>
        <time>2025-12-28T15:53:24.406Z</time>
      </trkpt>
      <trkpt lat="18.658897" lon="99.171524">
        <ele>341.928700</ele>
        <time>2025-12-28T15:53:28.590Z</time>
      </trkpt>
      <trkpt lat="18.659203" lon="99.171427">
        <ele>341.779768</ele>
        <time>2025-12-28T15:53:34.726Z</time>
      </trkpt>
      <trkpt lat="18.660453" lon="99.171064">
        <ele>340.915428</ele>
        <time>2025-12-28T15:53:59.476Z</time>
      </trkpt>
      <trkpt lat="18.660761" lon="99.170981">
        <ele>340.695175</ele>
        <time>2025-12-28T15:54:05.987Z</time>
      </trkpt>
      <trkpt lat="18.661417" lon="99.170805">
        <ele>340.645431</ele>
        <time>2025-12-28T15:54:21.277Z</time>
      </trkpt>
      <trkpt lat="18.661768" lon="99.170800">
        <ele>340.831466</ele>
        <time>2025-12-28T15:54:30.061Z</time>
      </trkpt>
      <trkpt lat="18.661915" lon="99.170821">
        <ele>340.910082</ele>
        <time>2025-12-28T15:54:33.871Z</time>
      </trkpt>
      <trkpt lat="18.662948" lon="99.171125">
        <ele>341.441656</ele>
        <time>2025-12-28T15:55:01.142Z</time>
      </trkpt>
      <trkpt lat="18.663471" lon="99.171236">
        <ele>341.555264</ele>
        <time>2025-12-28T15:55:13.930Z</time>
      </trkpt>
      <trkpt lat="18.665641" lon="99.171847">
        <ele>342.089097</ele>
        <time>2025-12-28T15:56:03.580Z</time>
      </trkpt>
      <trkpt lat="18.667541" lon="99.172330">
        <ele>342.963432</ele>
        <time>2025-12-28T15:56:52.360Z</time>
      </trkpt>
      <trkpt lat="18.668777" lon="99.172646">
        <ele>343.838465</ele>
        <time>2025-12-28T15:57:22.491Z</time>
      </trkpt>
      <trkpt lat="18.669570" lon="99.172911">
        <ele>344.497019</ele>
        <time>2025-12-28T15:57:43.741Z</time>
      </trkpt>
      <trkpt lat="18.669996" lon="99.173225">
        <ele>345.093782</ele>
        <time>2025-12-28T15:57:58.505Z</time>
      </trkpt>
      <trkpt lat="18.670937" lon="99.174091">
        <ele>346.914194</ele>
        <time>2025-12-28T15:58:35.345Z</time>
      </trkpt>
      <trkpt lat="18.671192" lon="99.174255">
        <ele>347.289489</ele>
        <time>2025-12-28T15:58:43.282Z</time>
      </trkpt>
      <trkpt lat="18.671319" lon="99.174295">
        <ele>347.183000</ele>
        <time>2025-12-28T15:58:46.605Z</time>
      </trkpt>
      <trkpt lat="18.671574" lon="99.174303">
        <ele>346.978019</ele>
        <time>2025-12-28T15:58:52.607Z</time>
      </trkpt>
      <trkpt lat="18.671767" lon="99.174255">
        <ele>346.818699</ele>
        <time>2025-12-28T15:58:57.001Z</time>
      </trkpt>
      <trkpt lat="18.673263" lon="99.173635">
        <ele>345.201831</ele>
        <time>2025-12-28T15:59:26.242Z</time>
      </trkpt>
      <trkpt lat="18.673463" lon="99.173574">
        <ele>344.873611</ele>
        <time>2025-12-28T15:59:29.906Z</time>
      </trkpt>
      <trkpt lat="18.673693" lon="99.173580">
        <ele>344.510881</ele>
        <time>2025-12-28T15:59:34.009Z</time>
      </trkpt>
      <trkpt lat="18.673812" lon="99.173646">
        <ele>344.298944</ele>
        <time>2025-12-28T15:59:36.444Z</time>
      </trkpt>
      <trkpt lat="18.673967" lon="99.173773">
        <ele>343.989590</ele>
        <time>2025-12-28T15:59:39.993Z</time>
      </trkpt>
      <trkpt lat="18.674164" lon="99.174116">
        <ele>343.390486</ele>
        <time>2025-12-28T15:59:46.869Z</time>
      </trkpt>
      <trkpt lat="18.674256" lon="99.174229">
        <ele>343.167945</ele>
        <time>2025-12-28T15:59:49.434Z</time>
      </trkpt>
      <trkpt lat="18.674331" lon="99.174275">
        <ele>343.031188</ele>
        <time>2025-12-28T15:59:51.026Z</time>
      </trkpt>
      <trkpt lat="18.674418" lon="99.174315">
        <ele>342.934250</ele>
        <time>2025-12-28T15:59:52.819Z</time>
      </trkpt>
      <trkpt lat="18.674637" lon="99.174357">
        <ele>342.707943</ele>
        <time>2025-12-28T15:59:57.118Z</time>
      </trkpt>
      <trkpt lat="18.675000" lon="99.174366">
        <ele>342.338771</ele>
        <time>2025-12-28T16:00:04.351Z</time>
      </trkpt>
      <trkpt lat="18.676145" lon="99.174482">
        <ele>341.202969</ele>
        <time>2025-12-28T16:00:26.319Z</time>
      </trkpt>
      <trkpt lat="18.676604" lon="99.174506">
        <ele>341.229152</ele>
        <time>2025-12-28T16:00:35.750Z</time>
      </trkpt>
      <trkpt lat="18.676783" lon="99.174495">
        <ele>341.239368</ele>
        <time>2025-12-28T16:00:39.628Z</time>
      </trkpt>
      <trkpt lat="18.677154" lon="99.174401">
        <ele>341.261105</ele>
        <time>2025-12-28T16:00:48.324Z</time>
      </trkpt>
      <trkpt lat="18.677358" lon="99.174295">
        <ele>341.274059</ele>
        <time>2025-12-28T16:00:53.764Z</time>
      </trkpt>
      <trkpt lat="18.677506" lon="99.174194">
        <ele>341.284100</ele>
        <time>2025-12-28T16:00:58.117Z</time>
      </trkpt>
      <trkpt lat="18.677573" lon="99.174148">
        <ele>341.288654</ele>
        <time>2025-12-28T16:01:00.125Z</time>
      </trkpt>
      <trkpt lat="18.679434" lon="99.172488">
        <ele>343.216085</ele>
        <time>2025-12-28T16:02:01.787Z</time>
      </trkpt>
      <trkpt lat="18.679660" lon="99.172322">
        <ele>343.649254</ele>
        <time>2025-12-28T16:02:08.649Z</time>
      </trkpt>
      <trkpt lat="18.679947" lon="99.172217">
        <ele>344.127137</ele>
        <time>2025-12-28T16:02:16.541Z</time>
      </trkpt>
      <trkpt lat="18.680222" lon="99.172201">
        <ele>344.560448</ele>
        <time>2025-12-28T16:02:24.201Z</time>
      </trkpt>
      <trkpt lat="18.680471" lon="99.172255">
        <ele>344.960378</ele>
        <time>2025-12-28T16:02:32.052Z</time>
      </trkpt>
      <trkpt lat="18.680692" lon="99.172341">
        <ele>345.330947</ele>
        <time>2025-12-28T16:02:40.022Z</time>
      </trkpt>
      <trkpt lat="18.680870" lon="99.172491">
        <ele>345.616919</ele>
        <time>2025-12-28T16:02:48.493Z</time>
      </trkpt>
      <trkpt lat="18.680999" lon="99.172673">
        <ele>345.850294</ele>
        <time>2025-12-28T16:02:56.538Z</time>
      </trkpt>
      <trkpt lat="18.681013" lon="99.172731">
        <ele>345.911746</ele>
        <time>2025-12-28T16:02:58.660Z</time>
      </trkpt>
      <trkpt lat="18.681084" lon="99.173541">
        <ele>346.746931</ele>
        <time>2025-12-28T16:03:21.681Z</time>
      </trkpt>
      <trkpt lat="18.681125" lon="99.173670">
        <ele>346.886632</ele>
        <time>2025-12-28T16:03:24.433Z</time>
      </trkpt>
      <trkpt lat="18.681260" lon="99.173821">
        <ele>347.099805</ele>
        <time>2025-12-28T16:03:28.322Z</time>
      </trkpt>
      <trkpt lat="18.681345" lon="99.173861">
        <ele>347.200668</ele>
        <time>2025-12-28T16:03:30.071Z</time>
      </trkpt>
      <trkpt lat="18.681543" lon="99.173859">
        <ele>347.402712</ele>
        <time>2025-12-28T16:03:33.629Z</time>
      </trkpt>
      <trkpt lat="18.681929" lon="99.173733">
        <ele>347.242748</ele>
        <time>2025-12-28T16:03:40.557Z</time>
      </trkpt>
      <trkpt lat="18.682145" lon="99.173734">
        <ele>347.157229</ele>
        <time>2025-12-28T16:03:44.203Z</time>
      </trkpt>
      <trkpt lat="18.682317" lon="99.173797">
        <ele>347.085149</ele>
        <time>2025-12-28T16:03:47.381Z</time>
      </trkpt>
      <trkpt lat="18.682463" lon="99.173914">
        <ele>347.012576</ele>
        <time>2025-12-28T16:03:50.864Z</time>
      </trkpt>
      <trkpt lat="18.682534" lon="99.174008">
        <ele>346.967486</ele>
        <time>2025-12-28T16:03:53.259Z</time>
      </trkpt>
      <trkpt lat="18.682618" lon="99.174202">
        <ele>346.887485</ele>
        <time>2025-12-28T16:03:58.101Z</time>
      </trkpt>
      <trkpt lat="18.682626" lon="99.174475">
        <ele>346.785046</ele>
        <time>2025-12-28T16:04:05.206Z</time>
      </trkpt>
      <trkpt lat="18.682529" lon="99.174834">
        <ele>346.733771</ele>
        <time>2025-12-28T16:04:16.180Z</time>
      </trkpt>
      <trkpt lat="18.682515" lon="99.175031">
        <ele>346.794060</ele>
        <time>2025-12-28T16:04:22.239Z</time>
      </trkpt>
      <trkpt lat="18.682568" lon="99.175158">
        <ele>346.836411</ele>
        <time>2025-12-28T16:04:26.422Z</time>
      </trkpt>
      <trkpt lat="18.682667" lon="99.175274">
        <ele>346.884059</ele>
        <time>2025-12-28T16:04:30.914Z</time>
      </trkpt>
      <trkpt lat="18.682857" lon="99.175411">
        <ele>346.958184</ele>
        <time>2025-12-28T16:04:37.398Z</time>
      </trkpt>
      <trkpt lat="18.683027" lon="99.175536">
        <ele>347.024926</ele>
        <time>2025-12-28T16:04:42.677Z</time>
      </trkpt>
      <trkpt lat="18.683322" lon="99.175787">
        <ele>347.146987</ele>
        <time>2025-12-28T16:04:50.498Z</time>
      </trkpt>
      <trkpt lat="18.683641" lon="99.176017">
        <ele>347.271435</ele>
        <time>2025-12-28T16:04:57.286Z</time>
      </trkpt>
      <trkpt lat="18.684572" lon="99.176670">
        <ele>345.959266</ele>
        <time>2025-12-28T16:05:16.855Z</time>
      </trkpt>
      <trkpt lat="18.684736" lon="99.176806">
        <ele>345.712738</ele>
        <time>2025-12-28T16:05:20.958Z</time>
      </trkpt>
      <trkpt lat="18.684922" lon="99.177080">
        <ele>345.335269</ele>
        <time>2025-12-28T16:05:27.752Z</time>
      </trkpt>
      <trkpt lat="18.684978" lon="99.177243">
        <ele>345.149318</ele>
        <time>2025-12-28T16:05:31.552Z</time>
      </trkpt>
      <trkpt lat="18.685008" lon="99.177411">
        <ele>345.214711</ele>
        <time>2025-12-28T16:05:35.541Z</time>
      </trkpt>
      <trkpt lat="18.684994" lon="99.178158">
        <ele>345.500500</ele>
        <time>2025-12-28T16:05:53.787Z</time>
      </trkpt>
      <trkpt lat="18.685048" lon="99.178543">
        <ele>345.649371</ele>
        <time>2025-12-28T16:06:03.119Z</time>
      </trkpt>
      <trkpt lat="18.685121" lon="99.178707">
        <ele>345.718682</ele>
        <time>2025-12-28T16:06:07.288Z</time>
      </trkpt>
      <trkpt lat="18.685243" lon="99.178896">
        <ele>345.806165</ele>
        <time>2025-12-28T16:06:12.352Z</time>
      </trkpt>
      <trkpt lat="18.685360" lon="99.178985">
        <ele>345.864396</ele>
        <time>2025-12-28T16:06:15.594Z</time>
      </trkpt>
      <trkpt lat="18.685776" lon="99.179151">
        <ele>345.512172</ele>
        <time>2025-12-28T16:06:24.924Z</time>
      </trkpt>
      <trkpt lat="18.686356" lon="99.179313">
        <ele>344.998686</ele>
        <time>2025-12-28T16:06:36.488Z</time>
      </trkpt>
      <trkpt lat="18.686518" lon="99.179340">
        <ele>344.858318</ele>
        <time>2025-12-28T16:06:39.566Z</time>
      </trkpt>
      <trkpt lat="18.686621" lon="99.179333">
        <ele>344.769981</ele>
        <time>2025-12-28T16:06:41.498Z</time>
      </trkpt>
      <trkpt lat="18.686815" lon="99.179236">
        <ele>344.586260</ele>
        <time>2025-12-28T16:06:45.507Z</time>
      </trkpt>
      <trkpt lat="18.686947" lon="99.179058">
        <ele>344.402985</ele>
        <time>2025-12-28T16:06:49.490Z</time>
      </trkpt>
      <trkpt lat="18.686974" lon="99.178932">
        <ele>344.322205</ele>
        <time>2025-12-28T16:06:51.766Z</time>
      </trkpt>
      <trkpt lat="18.686968" lon="99.178801">
        <ele>344.286927</ele>
        <time>2025-12-28T16:06:54.098Z</time>
      </trkpt>
      <trkpt lat="18.686890" lon="99.178480">
        <ele>344.197788</ele>
        <time>2025-12-28T16:07:00.018Z</time>
      </trkpt>
      <trkpt lat="18.686863" lon="99.178225">
        <ele>344.128770</ele>
        <time>2025-12-28T16:07:04.724Z</time>
      </trkpt>
      <trkpt lat="18.686890" lon="99.178071">
        <ele>344.086644</ele>
        <time>2025-12-28T16:07:07.703Z</time>
      </trkpt>
      <trkpt lat="18.687037" lon="99.177768">
        <ele>343.995075</ele>
        <time>2025-12-28T16:07:14.530Z</time>
      </trkpt>
      <trkpt lat="18.687250" lon="99.177553">
        <ele>343.911394</ele>
        <time>2025-12-28T16:07:21.350Z</time>
      </trkpt>
      <trkpt lat="18.687462" lon="99.177401">
        <ele>343.838625</ele>
        <time>2025-12-28T16:07:27.768Z</time>
      </trkpt>
      <trkpt lat="18.688665" lon="99.176637">
        <ele>345.809706</ele>
        <time>2025-12-28T16:08:07.762Z</time>
      </trkpt>
      <trkpt lat="18.688965" lon="99.176465">
        <ele>346.311939</ele>
        <time>2025-12-28T16:08:17.784Z</time>
      </trkpt>
      <trkpt lat="18.689218" lon="99.176431">
        <ele>346.603431</ele>
        <time>2025-12-28T16:08:25.213Z</time>
      </trkpt>
      <trkpt lat="18.689436" lon="99.176432">
        <ele>346.800825</ele>
        <time>2025-12-28T16:08:31.534Z</time>
      </trkpt>
      <trkpt lat="18.689659" lon="99.176490">
        <ele>347.008782</ele>
        <time>2025-12-28T16:08:38.156Z</time>
      </trkpt>
      <trkpt lat="18.690708" lon="99.176867">
        <ele>348.012149</ele>
        <time>2025-12-28T16:09:06.423Z</time>
      </trkpt>
      <trkpt lat="18.690943" lon="99.176951">
        <ele>347.903697</ele>
        <time>2025-12-28T16:09:11.960Z</time>
      </trkpt>
      <trkpt lat="18.691103" lon="99.177075">
        <ele>347.651961</ele>
        <time>2025-12-28T16:09:16.021Z</time>
      </trkpt>
      <trkpt lat="18.691199" lon="99.177230">
        <ele>347.429473</ele>
        <time>2025-12-28T16:09:19.380Z</time>
      </trkpt>
      <trkpt lat="18.691341" lon="99.177802">
        <ele>346.719071</ele>
        <time>2025-12-28T16:09:29.401Z</time>
      </trkpt>
      <trkpt lat="18.691452" lon="99.177948">
        <ele>346.494160</ele>
        <time>2025-12-28T16:09:32.469Z</time>
      </trkpt>
      <trkpt lat="18.691582" lon="99.178004">
        <ele>346.316085</ele>
        <time>2025-12-28T16:09:34.941Z</time>
      </trkpt>
      <trkpt lat="18.691762" lon="99.178027">
        <ele>346.086128</ele>
        <time>2025-12-28T16:09:38.135Z</time>
      </trkpt>
      <trkpt lat="18.692376" lon="99.177980">
        <ele>345.563425</ele>
        <time>2025-12-28T16:09:49.287Z</time>
      </trkpt>
      <trkpt lat="18.692543" lon="99.178032">
        <ele>345.454013</ele>
        <time>2025-12-28T16:09:52.538Z</time>
      </trkpt>
      <trkpt lat="18.692793" lon="99.178206">
        <ele>345.265842</ele>
        <time>2025-12-28T16:09:58.444Z</time>
      </trkpt>
      <trkpt lat="18.693101" lon="99.178530">
        <ele>344.992608</ele>
        <time>2025-12-28T16:10:07.689Z</time>
      </trkpt>
      <trkpt lat="18.693325" lon="99.178636">
        <ele>344.838352</ele>
        <time>2025-12-28T16:10:13.202Z</time>
      </trkpt>
      <trkpt lat="18.693543" lon="99.178629">
        <ele>344.701297</ele>
        <time>2025-12-28T16:10:18.402Z</time>
      </trkpt>
      <trkpt lat="18.693962" lon="99.178475">
        <ele>344.957805</ele>
        <time>2025-12-28T16:10:29.211Z</time>
      </trkpt>
      <trkpt lat="18.694138" lon="99.178467">
        <ele>345.071490</ele>
        <time>2025-12-28T16:10:33.493Z</time>
      </trkpt>
      <trkpt lat="18.694404" lon="99.178533">
        <ele>345.247826</ele>
        <time>2025-12-28T16:10:40.163Z</time>
      </trkpt>
      <trkpt lat="18.696014" lon="99.179218">
        <ele>345.935570</ele>
        <time>2025-12-28T16:11:24.484Z</time>
      </trkpt>
      <trkpt lat="18.696302" lon="99.179315">
        <ele>345.968634</ele>
        <time>2025-12-28T16:11:31.400Z</time>
      </trkpt>
      <trkpt lat="18.696508" lon="99.179344">
        <ele>345.991364</ele>
        <time>2025-12-28T16:11:35.905Z</time>
      </trkpt>
      <trkpt lat="18.696894" lon="99.179260">
        <ele>346.034469</ele>
        <time>2025-12-28T16:11:43.943Z</time>
      </trkpt>
      <trkpt lat="18.699214" lon="99.178530">
        <ele>344.137674</ele>
        <time>2025-12-28T16:12:29.662Z</time>
      </trkpt>
      <trkpt lat="18.699752" lon="99.178460">
        <ele>344.205127</ele>
        <time>2025-12-28T16:12:41.221Z</time>
      </trkpt>
      <trkpt lat="18.701689" lon="99.178331">
        <ele>347.504618</ele>
        <time>2025-12-28T16:13:35.630Z</time>
      </trkpt>
      <trkpt lat="18.701818" lon="99.178289">
        <ele>347.860078</ele>
        <time>2025-12-28T16:13:40.687Z</time>
      </trkpt>
      <trkpt lat="18.702256" lon="99.178067">
        <ele>349.243398</ele>
        <time>2025-12-28T16:14:00.644Z</time>
      </trkpt>
      <trkpt lat="18.702378" lon="99.178035">
        <ele>349.891950</ele>
        <time>2025-12-28T16:14:06.241Z</time>
      </trkpt>
      <trkpt lat="18.703597" lon="99.177817">
        <ele>356.270550</ele>
        <time>2025-12-28T16:15:03.268Z</time>
      </trkpt>
      <trkpt lat="18.703712" lon="99.177851">
        <ele>356.886678</ele>
        <time>2025-12-28T16:15:08.311Z</time>
      </trkpt>
      <trkpt lat="18.703788" lon="99.177906">
        <ele>357.362047</ele>
        <time>2025-12-28T16:15:12.103Z</time>
      </trkpt>
      <trkpt lat="18.704963" lon="99.178912">
        <ele>363.467982</ele>
        <time>2025-12-28T16:16:07.268Z</time>
      </trkpt>
      <trkpt lat="18.705441" lon="99.179282">
        <ele>365.778258</ele>
        <time>2025-12-28T16:16:29.851Z</time>
      </trkpt>
      <trkpt lat="18.705766" lon="99.179502">
        <ele>367.308138</ele>
        <time>2025-12-28T16:16:45.290Z</time>
      </trkpt>
      <trkpt lat="18.706135" lon="99.179800">
        <ele>369.149133</ele>
        <time>2025-12-28T16:17:04.194Z</time>
      </trkpt>
      <trkpt lat="18.706407" lon="99.180078">
        <ele>370.649326</ele>
        <time>2025-12-28T16:17:19.007Z</time>
      </trkpt>
      <trkpt lat="18.706732" lon="99.180376">
        <ele>372.355122</ele>
        <time>2025-12-28T16:17:34.992Z</time>
      </trkpt>
      <trkpt lat="18.707550" lon="99.180999">
        <ele>373.771738</ele>
        <time>2025-12-28T16:18:06.950Z</time>
      </trkpt>
      <trkpt lat="18.707890" lon="99.181315">
        <ele>374.389336</ele>
        <time>2025-12-28T16:18:18.164Z</time>
      </trkpt>
      <trkpt lat="18.708246" lon="99.181529">
        <ele>374.659148</ele>
        <time>2025-12-28T16:18:26.841Z</time>
      </trkpt>
      <trkpt lat="18.708547" lon="99.181637">
        <ele>373.473132</ele>
        <time>2025-12-28T16:18:32.647Z</time>
      </trkpt>
      <trkpt lat="18.708763" lon="99.181682">
        <ele>372.651764</ele>
        <time>2025-12-28T16:18:36.380Z</time>
      </trkpt>
      <trkpt lat="18.708979" lon="99.181706">
        <ele>371.841483</ele>
        <time>2025-12-28T16:18:39.931Z</time>
      </trkpt>
      <trkpt lat="18.709151" lon="99.181699">
        <ele>371.199327</ele>
        <time>2025-12-28T16:18:42.645Z</time>
      </trkpt>
      <trkpt lat="18.709277" lon="99.181668">
        <ele>370.716665</ele>
        <time>2025-12-28T16:18:44.641Z</time>
      </trkpt>
      <trkpt lat="18.709920" lon="99.181522">
        <ele>368.262979</ele>
        <time>2025-12-28T16:18:54.427Z</time>
      </trkpt>
      <trkpt lat="18.710124" lon="99.181451">
        <ele>366.852838</ele>
        <time>2025-12-28T16:18:57.533Z</time>
      </trkpt>
      <trkpt lat="18.710235" lon="99.181388">
        <ele>365.973080</ele>
        <time>2025-12-28T16:18:59.327Z</time>
      </trkpt>
      <trkpt lat="18.711136" lon="99.180799">
        <ele>358.575148</ele>
        <time>2025-12-28T16:19:14.332Z</time>
      </trkpt>
      <trkpt lat="18.711645" lon="99.180192">
        <ele>353.885668</ele>
        <time>2025-12-28T16:19:25.350Z</time>
      </trkpt>
      <trkpt lat="18.711766" lon="99.180065">
        <ele>353.029051</ele>
        <time>2025-12-28T16:19:27.965Z</time>
      </trkpt>
      <trkpt lat="18.711796" lon="99.180040">
        <ele>352.837166</ele>
        <time>2025-12-28T16:19:28.527Z</time>
      </trkpt>
      <trkpt lat="18.711833" lon="99.179981">
        <ele>352.500675</ele>
        <time>2025-12-28T16:19:29.523Z</time>
      </trkpt>
      <trkpt lat="18.711874" lon="99.179883">
        <ele>351.991214</ele>
        <time>2025-12-28T16:19:31.027Z</time>
      </trkpt>
      <trkpt lat="18.711903" lon="99.179692">
        <ele>351.071348</ele>
        <time>2025-12-28T16:19:33.771Z</time>
      </trkpt>
      <trkpt lat="18.711923" lon="99.179115">
        <ele>348.325684</ele>
        <time>2025-12-28T16:19:42.153Z</time>
      </trkpt>
      <trkpt lat="18.711982" lon="99.178484">
        <ele>346.262413</ele>
        <time>2025-12-28T16:19:51.942Z</time>
      </trkpt>
      <trkpt lat="18.712091" lon="99.177959">
        <ele>345.632667</ele>
        <time>2025-12-28T16:20:00.841Z</time>
      </trkpt>
      <trkpt lat="18.712222" lon="99.177648">
        <ele>345.233859</ele>
        <time>2025-12-28T16:20:06.932Z</time>
      </trkpt>
      <trkpt lat="18.712322" lon="99.177563">
        <ele>345.075042</ele>
        <time>2025-12-28T16:20:09.501Z</time>
      </trkpt>
      <trkpt lat="18.712455" lon="99.177531">
        <ele>344.906292</ele>
        <time>2025-12-28T16:20:12.363Z</time>
      </trkpt>
      <trkpt lat="18.712954" lon="99.177625">
        <ele>344.379153</ele>
        <time>2025-12-28T16:20:24.504Z</time>
      </trkpt>
      <trkpt lat="18.713108" lon="99.177599">
        <ele>344.464214</ele>
        <time>2025-12-28T16:20:28.630Z</time>
      </trkpt>
      <trkpt lat="18.713455" lon="99.177444">
        <ele>344.669716</ele>
        <time>2025-12-28T16:20:39.046Z</time>
      </trkpt>
      <trkpt lat="18.713833" lon="99.177239">
        <ele>344.901493</ele>
        <time>2025-12-28T16:20:50.693Z</time>
      </trkpt>
      <trkpt lat="18.713969" lon="99.177135">
        <ele>344.993082</ele>
        <time>2025-12-28T16:20:55.044Z</time>
      </trkpt>
      <trkpt lat="18.714260" lon="99.176755">
        <ele>345.245521</ele>
        <time>2025-12-28T16:21:06.109Z</time>
      </trkpt>
      <trkpt lat="18.714392" lon="99.176658">
        <ele>345.316317</ele>
        <time>2025-12-28T16:21:09.563Z</time>
      </trkpt>
      <trkpt lat="18.715132" lon="99.176492">
        <ele>343.811870</ele>
        <time>2025-12-28T16:21:23.732Z</time>
      </trkpt>
      <trkpt lat="18.715260" lon="99.176435">
        <ele>343.535609</ele>
        <time>2025-12-28T16:21:26.159Z</time>
      </trkpt>
      <trkpt lat="18.715359" lon="99.176362">
        <ele>343.295473</ele>
        <time>2025-12-28T16:21:28.217Z</time>
      </trkpt>
      <trkpt lat="18.715443" lon="99.176256">
        <ele>343.035156</ele>
        <time>2025-12-28T16:21:30.405Z</time>
      </trkpt>
      <trkpt lat="18.715948" lon="99.175425">
        <ele>341.064201</ele>
        <time>2025-12-28T16:21:45.661Z</time>
      </trkpt>
      <trkpt lat="18.716167" lon="99.175099">
        <ele>340.166274</ele>
        <time>2025-12-28T16:21:51.881Z</time>
      </trkpt>
      <trkpt lat="18.716363" lon="99.174855">
        <ele>339.447488</ele>
        <time>2025-12-28T16:21:56.896Z</time>
      </trkpt>
      <trkpt lat="18.716609" lon="99.174445">
        <ele>338.357095</ele>
        <time>2025-12-28T16:22:05.206Z</time>
      </trkpt>
      <trkpt lat="18.716653" lon="99.174748">
        <ele>337.668414</ele>
        <time>2025-12-28T16:22:10.584Z</time>
      </trkpt>
      <trkpt lat="18.716794" lon="99.175189">
        <ele>337.212025</ele>
        <time>2025-12-28T16:22:19.508Z</time>
      </trkpt>
      <trkpt lat="18.716907" lon="99.175388">
        <ele>337.046495</ele>
        <time>2025-12-28T16:22:23.995Z</time>
      </trkpt>
      <trkpt lat="18.717074" lon="99.175572">
        <ele>336.864684</ele>
        <time>2025-12-28T16:22:28.752Z</time>
      </trkpt>
      <trkpt lat="18.717884" lon="99.176074">
        <ele>336.157209</ele>
        <time>2025-12-28T16:22:48.158Z</time>
      </trkpt>
      <trkpt lat="18.718197" lon="99.176269">
        <ele>335.961994</ele>
        <time>2025-12-28T16:22:55.103Z</time>
      </trkpt>
      <trkpt lat="18.718371" lon="99.176398">
        <ele>335.852571</ele>
        <time>2025-12-28T16:22:59.158Z</time>
      </trkpt>
      <trkpt lat="18.718561" lon="99.176601">
        <ele>335.713454</ele>
        <time>2025-12-28T16:23:04.424Z</time>
      </trkpt>
      <trkpt lat="18.718654" lon="99.176740">
        <ele>335.630499</ele>
        <time>2025-12-28T16:23:07.601Z</time>
      </trkpt>
      <trkpt lat="18.718811" lon="99.177068">
        <ele>335.451359</ele>
        <time>2025-12-28T16:23:14.610Z</time>
      </trkpt>
      <trkpt lat="18.718964" lon="99.177478">
        <ele>335.236555</ele>
        <time>2025-12-28T16:23:23.412Z</time>
      </trkpt>
      <trkpt lat="18.719397" lon="99.178975">
        <ele>336.692071</ele>
        <time>2025-12-28T16:24:00.959Z</time>
      </trkpt>
      <trkpt lat="18.719500" lon="99.179239">
        <ele>336.974626</ele>
        <time>2025-12-28T16:24:09.155Z</time>
      </trkpt>
      <trkpt lat="18.719701" lon="99.179522">
        <ele>337.719457</ele>
        <time>2025-12-28T16:24:19.756Z</time>
      </trkpt>
      <trkpt lat="18.720295" lon="99.180037">
        <ele>339.845676</ele>
        <time>2025-12-28T16:24:45.460Z</time>
      </trkpt>
      <trkpt lat="18.720159" lon="99.180255">
        <ele>340.529615</ele>
        <time>2025-12-28T16:24:54.111Z</time>
      </trkpt>
      <trkpt lat="18.720033" lon="99.180257">
        <ele>340.878216</ele>
        <time>2025-12-28T16:24:58.553Z</time>
      </trkpt>
      <trkpt lat="18.720026" lon="99.180356">
        <ele>341.138320</ele>
        <time>2025-12-28T16:25:01.947Z</time>
      </trkpt>
      <trkpt lat="18.719864" lon="99.180691">
        <ele>342.114889</ele>
        <time>2025-12-28T16:25:14.414Z</time>
      </trkpt>
      <trkpt lat="18.719861" lon="99.180815">
        <ele>342.393848</ele>
        <time>2025-12-28T16:25:18.457Z</time>
      </trkpt>
      <trkpt lat="18.719908" lon="99.181175">
        <ele>343.211119</ele>
        <time>2025-12-28T16:25:29.942Z</time>
      </trkpt>
      <trkpt lat="18.719977" lon="99.181258">
        <ele>343.459488</ele>
        <time>2025-12-28T16:25:33.372Z</time>
      </trkpt>
      <trkpt lat="18.720213" lon="99.181352">
        <ele>344.058429</ele>
        <time>2025-12-28T16:25:41.531Z</time>
      </trkpt>
      <trkpt lat="18.720603" lon="99.181780">
        <ele>345.394129</ele>
        <time>2025-12-28T16:25:59.527Z</time>
      </trkpt>
      <trkpt lat="18.720708" lon="99.182009">
        <ele>345.966311</ele>
        <time>2025-12-28T16:26:07.091Z</time>
      </trkpt>
      <trkpt lat="18.720777" lon="99.182045">
        <ele>346.149066</ele>
        <time>2025-12-28T16:26:09.410Z</time>
      </trkpt>
      <trkpt lat="18.721157" lon="99.183720">
        <ele>347.020129</ele>
        <time>2025-12-28T16:26:53.715Z</time>
      </trkpt>
      <trkpt lat="18.721680" lon="99.185047">
        <ele>344.906328</ele>
        <time>2025-12-28T16:27:18.121Z</time>
      </trkpt>
      <trkpt lat="18.722042" lon="99.186266">
        <ele>343.240861</ele>
        <time>2025-12-28T16:27:40.279Z</time>
      </trkpt>
      <trkpt lat="18.722166" lon="99.186752">
        <ele>342.961692</ele>
        <time>2025-12-28T16:27:50.447Z</time>
      </trkpt>
      <trkpt lat="18.722442" lon="99.187788">
        <ele>342.703811</ele>
        <time>2025-12-28T16:28:15.522Z</time>
      </trkpt>
      <trkpt lat="18.723221" lon="99.190072">
        <ele>344.916815</ele>
        <time>2025-12-28T16:29:18.496Z</time>
      </trkpt>
      <trkpt lat="18.723281" lon="99.190253">
        <ele>345.109338</ele>
        <time>2025-12-28T16:29:23.846Z</time>
      </trkpt>
      <trkpt lat="18.723632" lon="99.191231">
        <ele>346.111889</ele>
        <time>2025-12-28T16:29:50.031Z</time>
      </trkpt>
      <trkpt lat="18.723688" lon="99.191398">
        <ele>346.209768</ele>
        <time>2025-12-28T16:29:54.355Z</time>
      </trkpt>
      <trkpt lat="18.723816" lon="99.191779">
        <ele>346.433121</ele>
        <time>2025-12-28T16:30:03.865Z</time>
      </trkpt>
      <trkpt lat="18.724145" lon="99.192761">
        <ele>347.008618</ele>
        <time>2025-12-28T16:30:26.999Z</time>
      </trkpt>
      <trkpt lat="18.724334" lon="99.193324">
        <ele>347.217818</ele>
        <time>2025-12-28T16:30:41.344Z</time>
      </trkpt>
      <trkpt lat="18.724473" lon="99.193737">
        <ele>347.335761</ele>
        <time>2025-12-28T16:30:51.576Z</time>
      </trkpt>
      <trkpt lat="18.724564" lon="99.194016">
        <ele>347.415165</ele>
        <time>2025-12-28T16:30:58.085Z</time>
      </trkpt>
      <trkpt lat="18.724602" lon="99.194164">
        <ele>347.456428</ele>
        <time>2025-12-28T16:31:01.329Z</time>
      </trkpt>
      <trkpt lat="18.724612" lon="99.194263">
        <ele>347.483219</ele>
        <time>2025-12-28T16:31:03.379Z</time>
      </trkpt>
      <trkpt lat="18.724748" lon="99.195019">
        <ele>347.576017</ele>
        <time>2025-12-28T16:31:19.204Z</time>
      </trkpt>
      <trkpt lat="18.724798" lon="99.195253">
        <ele>347.543691</ele>
        <time>2025-12-28T16:31:24.424Z</time>
      </trkpt>
      <trkpt lat="18.724818" lon="99.195330">
        <ele>347.532932</ele>
        <time>2025-12-28T16:31:26.015Z</time>
      </trkpt>
      <trkpt lat="18.724963" lon="99.196343">
        <ele>347.394872</ele>
        <time>2025-12-28T16:31:46.770Z</time>
      </trkpt>
      <trkpt lat="18.725112" lon="99.197460">
        <ele>347.378045</ele>
        <time>2025-12-28T16:32:11.021Z</time>
      </trkpt>
      <trkpt lat="18.725101" lon="99.197658">
        <ele>347.382638</ele>
        <time>2025-12-28T16:32:15.194Z</time>
      </trkpt>
      <trkpt lat="18.725123" lon="99.198013">
        <ele>347.390877</ele>
        <time>2025-12-28T16:32:22.908Z</time>
      </trkpt>
      <trkpt lat="18.725158" lon="99.198404">
        <ele>347.399972</ele>
        <time>2025-12-28T16:32:31.665Z</time>
      </trkpt>
      <trkpt lat="18.725179" lon="99.198687">
        <ele>347.321929</ele>
        <time>2025-12-28T16:32:37.444Z</time>
      </trkpt>
      <trkpt lat="18.725200" lon="99.199094">
        <ele>347.147511</ele>
        <time>2025-12-28T16:32:44.957Z</time>
      </trkpt>
      <trkpt lat="18.725198" lon="99.199524">
        <ele>346.963507</ele>
        <time>2025-12-28T16:32:52.878Z</time>
      </trkpt>
      <trkpt lat="18.725157" lon="99.200292">
        <ele>346.634350</ele>
        <time>2025-12-28T16:33:08.123Z</time>
      </trkpt>
      <trkpt lat="18.724872" lon="99.201171">
        <ele>346.727158</ele>
        <time>2025-12-28T16:33:26.946Z</time>
      </trkpt>
      <trkpt lat="18.724791" lon="99.201388">
        <ele>346.766100</ele>
        <time>2025-12-28T16:33:32.407Z</time>
      </trkpt>
      <trkpt lat="18.724752" lon="99.201502">
        <ele>346.786338</ele>
        <time>2025-12-28T16:33:35.484Z</time>
      </trkpt>
      <trkpt lat="18.724384" lon="99.202313">
        <ele>347.012921</ele>
        <time>2025-12-28T16:33:56.143Z</time>
      </trkpt>
      <trkpt lat="18.724093" lon="99.203035">
        <ele>347.479178</ele>
        <time>2025-12-28T16:34:13.687Z</time>
      </trkpt>
      <trkpt lat="18.723428" lon="99.204542">
        <ele>348.574473</ele>
        <time>2025-12-28T16:34:53.887Z</time>
      </trkpt>
      <trkpt lat="18.723360" lon="99.204716">
        <ele>348.714127</ele>
        <time>2025-12-28T16:34:58.464Z</time>
      </trkpt>
      <trkpt lat="18.723184" lon="99.205132">
        <ele>349.052165</ele>
        <time>2025-12-28T16:35:09.449Z</time>
      </trkpt>
      <trkpt lat="18.722852" lon="99.205938">
        <ele>349.700737</ele>
        <time>2025-12-28T16:35:30.289Z</time>
      </trkpt>
      <trkpt lat="18.722718" lon="99.206165">
        <ele>349.896496</ele>
        <time>2025-12-28T16:35:36.584Z</time>
      </trkpt>
      <trkpt lat="18.721760" lon="99.207345">
        <ele>351.229702</ele>
        <time>2025-12-28T16:36:14.061Z</time>
      </trkpt>
      <trkpt lat="18.721540" lon="99.207643">
        <ele>351.776983</ele>
        <time>2025-12-28T16:36:23.612Z</time>
      </trkpt>
      <trkpt lat="18.721083" lon="99.208279">
        <ele>352.933323</ele>
        <time>2025-12-28T16:36:45.135Z</time>
      </trkpt>
      <trkpt lat="18.720952" lon="99.208494">
        <ele>353.303620</ele>
        <time>2025-12-28T16:36:52.284Z</time>
      </trkpt>
      <trkpt lat="18.720907" lon="99.208556">
        <ele>353.416762</ele>
        <time>2025-12-28T16:36:54.608Z</time>
      </trkpt>
      <trkpt lat="18.720741" lon="99.208964">
        <ele>354.275713</ele>
        <time>2025-12-28T16:37:07.997Z</time>
      </trkpt>
      <trkpt lat="18.720509" lon="99.209509">
        <ele>355.534211</ele>
        <time>2025-12-28T16:37:26.610Z</time>
      </trkpt>
      <trkpt lat="18.720477" lon="99.209577">
        <ele>355.694138</ele>
        <time>2025-12-28T16:37:29.090Z</time>
      </trkpt>
      <trkpt lat="18.720177" lon="99.210211">
        <ele>357.186858</ele>
        <time>2025-12-28T16:37:50.219Z</time>
      </trkpt>
      <trkpt lat="18.720133" lon="99.210307">
        <ele>357.411486</ele>
        <time>2025-12-28T16:37:53.240Z</time>
      </trkpt>
      <trkpt lat="18.720102" lon="99.210403">
        <ele>357.595840</ele>
        <time>2025-12-28T16:37:56.043Z</time>
      </trkpt>
      <trkpt lat="18.720055" lon="99.210548">
        <ele>357.684573</ele>
        <time>2025-12-28T16:38:00.211Z</time>
      </trkpt>
      <trkpt lat="18.719855" lon="99.211305">
        <ele>358.139602</ele>
        <time>2025-12-28T16:38:19.130Z</time>
      </trkpt>
      <trkpt lat="18.719839" lon="99.211360">
        <ele>358.172914</ele>
        <time>2025-12-28T16:38:20.339Z</time>
      </trkpt>
      <trkpt lat="18.719774" lon="99.211630">
        <ele>358.334213</ele>
        <time>2025-12-28T16:38:26.087Z</time>
      </trkpt>
      <trkpt lat="18.719761" lon="99.211686">
        <ele>358.367596</ele>
        <time>2025-12-28T16:38:27.255Z</time>
      </trkpt>
      <trkpt lat="18.719620" lon="99.212274">
        <ele>358.733796</ele>
        <time>2025-12-28T16:38:39.705Z</time>
      </trkpt>
      <trkpt lat="18.719462" lon="99.212734">
        <ele>359.140457</ele>
        <time>2025-12-28T16:38:50.439Z</time>
      </trkpt>
      <trkpt lat="18.719303" lon="99.213112">
        <ele>359.484195</ele>
        <time>2025-12-28T16:39:00.356Z</time>
      </trkpt>
      <trkpt lat="18.719244" lon="99.213264">
        <ele>359.620717</ele>
        <time>2025-12-28T16:39:04.502Z</time>
      </trkpt>
      <trkpt lat="18.719113" lon="99.213488">
        <ele>359.839510</ele>
        <time>2025-12-28T16:39:11.382Z</time>
      </trkpt>
      <trkpt lat="18.718544" lon="99.214532">
        <ele>361.052365</ele>
        <time>2025-12-28T16:39:44.111Z</time>
      </trkpt>
      <trkpt lat="18.718443" lon="99.215006">
        <ele>361.604115</ele>
        <time>2025-12-28T16:39:56.688Z</time>
      </trkpt>
      <trkpt lat="18.718424" lon="99.215153">
        <ele>361.772602</ele>
        <time>2025-12-28T16:40:00.367Z</time>
      </trkpt>
      <trkpt lat="18.718239" lon="99.216218">
        <ele>362.935280</ele>
        <time>2025-12-28T16:40:26.184Z</time>
      </trkpt>
      <trkpt lat="18.718223" lon="99.216476">
        <ele>363.195177</ele>
        <time>2025-12-28T16:40:32.339Z</time>
      </trkpt>
      <trkpt lat="18.718285" lon="99.217714">
        <ele>364.597537</ele>
        <time>2025-12-28T16:41:03.931Z</time>
      </trkpt>
      <trkpt lat="18.718316" lon="99.218306">
        <ele>366.016649</ele>
        <time>2025-12-28T16:41:20.523Z</time>
      </trkpt>
      <trkpt lat="18.718306" lon="99.218487">
        <ele>366.450607</ele>
        <time>2025-12-28T16:41:25.793Z</time>
      </trkpt>
      <trkpt lat="18.718292" lon="99.218576">
        <ele>366.666546</ele>
        <time>2025-12-28T16:41:28.438Z</time>
      </trkpt>
      <trkpt lat="18.718313" lon="99.219059">
        <ele>367.823821</ele>
        <time>2025-12-28T16:41:43.442Z</time>
      </trkpt>
      <trkpt lat="18.718221" lon="99.219340">
        <ele>368.535444</ele>
        <time>2025-12-28T16:41:53.580Z</time>
      </trkpt>
      <trkpt lat="18.718124" lon="99.219553">
        <ele>369.264467</ele>
        <time>2025-12-28T16:42:02.144Z</time>
      </trkpt>
      <trkpt lat="18.717931" lon="99.219843">
        <ele>370.722151</ele>
        <time>2025-12-28T16:42:15.568Z</time>
      </trkpt>
      <trkpt lat="18.717569" lon="99.220471">
        <ele>373.745665</ele>
        <time>2025-12-28T16:42:44.531Z</time>
      </trkpt>
      <trkpt lat="18.717456" lon="99.220753">
        <ele>375.004973</ele>
        <time>2025-12-28T16:42:56.736Z</time>
      </trkpt>
      <trkpt lat="18.717434" lon="99.220995">
        <ele>376.004819</ele>
        <time>2025-12-28T16:43:06.468Z</time>
      </trkpt>
      <trkpt lat="18.717530" lon="99.222123">
        <ele>378.589191</ele>
        <time>2025-12-28T16:43:44.895Z</time>
      </trkpt>
      <trkpt lat="18.717689" lon="99.222621">
        <ele>379.624158</ele>
        <time>2025-12-28T16:43:58.313Z</time>
      </trkpt>
      <trkpt lat="18.717793" lon="99.223041">
        <ele>380.414155</ele>
        <time>2025-12-28T16:44:07.785Z</time>
      </trkpt>
      <trkpt lat="18.718217" lon="99.225123">
        <ele>380.529527</ele>
        <time>2025-12-28T16:44:48.182Z</time>
      </trkpt>
      <trkpt lat="18.718366" lon="99.225691">
        <ele>382.299526</ele>
        <time>2025-12-28T16:45:04.269Z</time>
      </trkpt>
      <trkpt lat="18.718690" lon="99.226644">
        <ele>385.340315</ele>
        <time>2025-12-28T16:45:44.483Z</time>
      </trkpt>
      <trkpt lat="18.718760" lon="99.227066">
        <ele>386.498466</ele>
        <time>2025-12-28T16:46:04.474Z</time>
      </trkpt>
      <trkpt lat="18.718713" lon="99.227654">
        <ele>388.076074</ele>
        <time>2025-12-28T16:46:28.368Z</time>
      </trkpt>
      <trkpt lat="18.718722" lon="99.227999">
        <ele>388.998783</ele>
        <time>2025-12-28T16:46:40.084Z</time>
      </trkpt>
      <trkpt lat="18.719061" lon="99.230031">
        <ele>389.279709</ele>
        <time>2025-12-28T16:47:15.120Z</time>
      </trkpt>
      <trkpt lat="18.719048" lon="99.230242">
        <ele>389.101637</ele>
        <time>2025-12-28T16:47:19.037Z</time>
      </trkpt>
      <trkpt lat="18.718964" lon="99.230348">
        <ele>388.985240</ele>
        <time>2025-12-28T16:47:21.908Z</time>
      </trkpt>
      <trkpt lat="18.717379" lon="99.231314">
        <ele>393.074079</ele>
        <time>2025-12-28T16:48:23.812Z</time>
      </trkpt>
      <trkpt lat="18.716952" lon="99.232580">
        <ele>394.255382</ele>
        <time>2025-12-28T16:49:01.782Z</time>
      </trkpt>
      <trkpt lat="18.716234" lon="99.233915">
        <ele>394.745441</ele>
        <time>2025-12-28T16:49:28.395Z</time>
      </trkpt>
      <trkpt lat="18.716244" lon="99.234054">
        <ele>394.744589</ele>
        <time>2025-12-28T16:49:30.995Z</time>
      </trkpt>
      <trkpt lat="18.716277" lon="99.234491">
        <ele>394.741908</ele>
        <time>2025-12-28T16:49:41.383Z</time>
      </trkpt>
      <trkpt lat="18.716346" lon="99.235413">
        <ele>395.306636</ele>
        <time>2025-12-28T16:50:11.008Z</time>
      </trkpt>
      <trkpt lat="18.716504" lon="99.235917">
        <ele>395.847500</ele>
        <time>2025-12-28T16:50:29.754Z</time>
      </trkpt>
      <trkpt lat="18.717501" lon="99.235262">
        <ele>395.117058</ele>
        <time>2025-12-28T16:50:53.712Z</time>
      </trkpt>
      <trkpt lat="18.718497" lon="99.234103">
        <ele>389.576129</ele>
        <time>2025-12-28T16:51:17.056Z</time>
      </trkpt>
      <trkpt lat="18.718724" lon="99.233912">
        <ele>388.954476</ele>
        <time>2025-12-28T16:51:21.860Z</time>
      </trkpt>
      <trkpt lat="18.719208" lon="99.233503">
        <ele>387.626790</ele>
        <time>2025-12-28T16:51:32.971Z</time>
      </trkpt>
      <trkpt lat="18.719655" lon="99.233202">
        <ele>386.491337</ele>
        <time>2025-12-28T16:51:44.107Z</time>
      </trkpt>
      <trkpt lat="18.720507" lon="99.233027">
        <ele>385.355706</ele>
        <time>2025-12-28T16:52:03.341Z</time>
      </trkpt>
      <trkpt lat="18.722053" lon="99.232709">
        <ele>383.693115</ele>
        <time>2025-12-28T16:52:34.452Z</time>
      </trkpt>
      <trkpt lat="18.722521" lon="99.232387">
        <ele>382.885834</ele>
        <time>2025-12-28T16:52:45.106Z</time>
      </trkpt>
      <trkpt lat="18.722886" lon="99.232322">
        <ele>382.350884</ele>
        <time>2025-12-28T16:52:52.247Z</time>
      </trkpt>
      <trkpt lat="18.723476" lon="99.232408">
        <ele>381.471373</ele>
        <time>2025-12-28T16:53:03.616Z</time>
      </trkpt>
      <trkpt lat="18.723720" lon="99.232365">
        <ele>381.067886</ele>
        <time>2025-12-28T16:53:08.376Z</time>
      </trkpt>
      <trkpt lat="18.724737" lon="99.231357">
        <ele>378.792761</ele>
        <time>2025-12-28T16:53:34.802Z</time>
      </trkpt>
      <trkpt lat="18.725935" lon="99.229949">
        <ele>375.480957</ele>
        <time>2025-12-28T16:54:08.682Z</time>
      </trkpt>
      <trkpt lat="18.726725" lon="99.229020">
        <ele>372.141610</ele>
        <time>2025-12-28T16:54:29.161Z</time>
      </trkpt>
      <trkpt lat="18.726989" lon="99.228772">
        <ele>371.124879</ele>
        <time>2025-12-28T16:54:35.159Z</time>
      </trkpt>
      <trkpt lat="18.727103" lon="99.228709">
        <ele>370.754650</ele>
        <time>2025-12-28T16:54:37.371Z</time>
      </trkpt>
      <trkpt lat="18.727316" lon="99.228678">
        <ele>370.151490</ele>
        <time>2025-12-28T16:54:41.066Z</time>
      </trkpt>
      <trkpt lat="18.727867" lon="99.228651">
        <ele>369.008260</ele>
        <time>2025-12-28T16:54:50.746Z</time>
      </trkpt>
      <trkpt lat="18.728206" lon="99.228559">
        <ele>368.282814</ele>
        <time>2025-12-28T16:54:57.083Z</time>
      </trkpt>
      <trkpt lat="18.728738" lon="99.228330">
        <ele>367.092092</ele>
        <time>2025-12-28T16:55:07.936Z</time>
      </trkpt>
      <trkpt lat="18.729012" lon="99.228150">
        <ele>366.448965</ele>
        <time>2025-12-28T16:55:14.219Z</time>
      </trkpt>
      <trkpt lat="18.729537" lon="99.227612">
        <ele>365.899403</ele>
        <time>2025-12-28T16:55:29.142Z</time>
      </trkpt>
      <trkpt lat="18.729738" lon="99.227305">
        <ele>365.633890</ele>
        <time>2025-12-28T16:55:36.717Z</time>
      </trkpt>
      <trkpt lat="18.729796" lon="99.227215">
        <ele>365.556445</ele>
        <time>2025-12-28T16:55:38.953Z</time>
      </trkpt>
      <trkpt lat="18.730243" lon="99.226228">
        <ele>364.633811</ele>
        <time>2025-12-28T16:56:01.294Z</time>
      </trkpt>
      <trkpt lat="18.730277" lon="99.226159">
        <ele>364.554591</ele>
        <time>2025-12-28T16:56:02.853Z</time>
      </trkpt>
      <trkpt lat="18.730409" lon="99.225962">
        <ele>364.308805</ele>
        <time>2025-12-28T16:56:07.572Z</time>
      </trkpt>
      <trkpt lat="18.730520" lon="99.225730">
        <ele>364.044071</ele>
        <time>2025-12-28T16:56:12.530Z</time>
      </trkpt>
      <trkpt lat="18.730805" lon="99.225096">
        <ele>363.329292</ele>
        <time>2025-12-28T16:56:25.012Z</time>
      </trkpt>
      <trkpt lat="18.730938" lon="99.224761">
        <ele>363.005260</ele>
        <time>2025-12-28T16:56:31.564Z</time>
      </trkpt>
      <trkpt lat="18.731105" lon="99.224450">
        <ele>362.717584</ele>
        <time>2025-12-28T16:56:38.311Z</time>
      </trkpt>
      <trkpt lat="18.731369" lon="99.224219">
        <ele>362.426269</ele>
        <time>2025-12-28T16:56:45.366Z</time>
      </trkpt>
      <trkpt lat="18.732060" lon="99.223876">
        <ele>361.777520</ele>
        <time>2025-12-28T16:57:01.607Z</time>
      </trkpt>
      <trkpt lat="18.732114" lon="99.223856">
        <ele>361.728898</ele>
        <time>2025-12-28T16:57:02.917Z</time>
      </trkpt>
      <trkpt lat="18.732167" lon="99.223845">
        <ele>361.683004</ele>
        <time>2025-12-28T16:57:04.150Z</time>
      </trkpt>
      <trkpt lat="18.732393" lon="99.223755">
        <ele>361.476602</ele>
        <time>2025-12-28T16:57:09.705Z</time>
      </trkpt>
      <trkpt lat="18.732716" lon="99.223520">
        <ele>361.141044</ele>
        <time>2025-12-28T16:57:18.390Z</time>
      </trkpt>
      <trkpt lat="18.732955" lon="99.223301">
        <ele>360.870337</ele>
        <time>2025-12-28T16:57:24.892Z</time>
      </trkpt>
      <trkpt lat="18.733242" lon="99.223082">
        <ele>360.567418</ele>
        <time>2025-12-28T16:57:31.897Z</time>
      </trkpt>
      <trkpt lat="18.733506" lon="99.222897">
        <ele>360.296366</ele>
        <time>2025-12-28T16:57:38.120Z</time>
      </trkpt>
      <trkpt lat="18.733899" lon="99.222588">
        <ele>359.711750</ele>
        <time>2025-12-28T16:57:47.683Z</time>
      </trkpt>
      <trkpt lat="18.734433" lon="99.222121">
        <ele>358.699173</ele>
        <time>2025-12-28T16:58:01.099Z</time>
      </trkpt>
      <trkpt lat="18.734672" lon="99.221853">
        <ele>358.190051</ele>
        <time>2025-12-28T16:58:07.813Z</time>
      </trkpt>
      <trkpt lat="18.735170" lon="99.221392">
        <ele>357.199185</ele>
        <time>2025-12-28T16:58:20.465Z</time>
      </trkpt>
      <trkpt lat="18.735603" lon="99.221058">
        <ele>356.345157</ele>
        <time>2025-12-28T16:58:30.559Z</time>
      </trkpt>
      <trkpt lat="18.735683" lon="99.220960">
        <ele>356.150010</ele>
        <time>2025-12-28T16:58:32.860Z</time>
      </trkpt>
      <trkpt lat="18.736276" lon="99.220100">
        <ele>354.580816</ele>
        <time>2025-12-28T16:58:51.944Z</time>
      </trkpt>
      <trkpt lat="18.736611" lon="99.219474">
        <ele>354.011852</ele>
        <time>2025-12-28T16:59:05.724Z</time>
      </trkpt>
      <trkpt lat="18.736685" lon="99.219417">
        <ele>353.935318</ele>
        <time>2025-12-28T16:59:07.689Z</time>
      </trkpt>
      <trkpt lat="18.736963" lon="99.219386">
        <ele>353.701739</ele>
        <time>2025-12-28T16:59:13.827Z</time>
      </trkpt>
      <trkpt lat="18.737064" lon="99.218678">
        <ele>353.135189</ele>
        <time>2025-12-28T16:59:28.446Z</time>
      </trkpt>
      <trkpt lat="18.737113" lon="99.218553">
        <ele>352.940460</ele>
        <time>2025-12-28T16:59:31.060Z</time>
      </trkpt>
      <trkpt lat="18.737228" lon="99.218362">
        <ele>352.584492</ele>
        <time>2025-12-28T16:59:35.377Z</time>
      </trkpt>
      <trkpt lat="18.737377" lon="99.218115">
        <ele>352.123905</ele>
        <time>2025-12-28T16:59:40.805Z</time>
      </trkpt>
      <trkpt lat="18.737419" lon="99.217913">
        <ele>351.798643</ele>
        <time>2025-12-28T16:59:44.531Z</time>
      </trkpt>
      <trkpt lat="18.737425" lon="99.217474">
        <ele>351.108137</ele>
        <time>2025-12-28T16:59:52.078Z</time>
      </trkpt>
      <trkpt lat="18.737208" lon="99.217434">
        <ele>350.742302</ele>
        <time>2025-12-28T16:59:55.991Z</time>
      </trkpt>
      <trkpt lat="18.737064" lon="99.217303">
        <ele>350.426642</ele>
        <time>2025-12-28T16:59:59.351Z</time>
      </trkpt>
      <trkpt lat="18.737014" lon="99.217194">
        <ele>350.236160</ele>
        <time>2025-12-28T17:00:01.402Z</time>
      </trkpt>
      <trkpt lat="18.736887" lon="99.216612">
        <ele>349.856278</ele>
        <time>2025-12-28T17:00:12.156Z</time>
      </trkpt>
      <trkpt lat="18.736820" lon="99.215976">
        <ele>349.525792</ele>
        <time>2025-12-28T17:00:25.436Z</time>
      </trkpt>
      <trkpt lat="18.736862" lon="99.215408">
        <ele>349.231557</ele>
        <time>2025-12-28T17:00:38.301Z</time>
      </trkpt>
      <trkpt lat="18.736869" lon="99.215093">
        <ele>349.184158</ele>
        <time>2025-12-28T17:00:45.808Z</time>
      </trkpt>
      <trkpt lat="18.736848" lon="99.214748">
        <ele>349.262734</ele>
        <time>2025-12-28T17:00:54.344Z</time>
      </trkpt>
      <trkpt lat="18.736739" lon="99.214305">
        <ele>349.366766</ele>
        <time>2025-12-28T17:01:05.335Z</time>
      </trkpt>
      <trkpt lat="18.736624" lon="99.213998">
        <ele>349.441804</ele>
        <time>2025-12-28T17:01:12.634Z</time>
      </trkpt>
      <trkpt lat="18.736546" lon="99.213823">
        <ele>349.485765</ele>
        <time>2025-12-28T17:01:16.876Z</time>
      </trkpt>
      <trkpt lat="18.736311" lon="99.213496">
        <ele>349.579066</ele>
        <time>2025-12-28T17:01:25.846Z</time>
      </trkpt>
      <trkpt lat="18.736258" lon="99.213273">
        <ele>349.561306</ele>
        <time>2025-12-28T17:01:30.808Z</time>
      </trkpt>
      <trkpt lat="18.736270" lon="99.213141">
        <ele>349.549841</ele>
        <time>2025-12-28T17:01:33.674Z</time>
      </trkpt>
      <trkpt lat="18.736306" lon="99.212993">
        <ele>349.536629</ele>
        <time>2025-12-28T17:01:36.947Z</time>
      </trkpt>
      <trkpt lat="18.736419" lon="99.212812">
        <ele>349.517885</ele>
        <time>2025-12-28T17:01:41.572Z</time>
      </trkpt>
      <trkpt lat="18.736932" lon="99.212358">
        <ele>349.456773</ele>
        <time>2025-12-28T17:01:56.466Z</time>
      </trkpt>
      <trkpt lat="18.737076" lon="99.212000">
        <ele>349.423143</ele>
        <time>2025-12-28T17:02:04.783Z</time>
      </trkpt>
      <trkpt lat="18.737177" lon="99.211403">
        <ele>349.589877</ele>
        <time>2025-12-28T17:02:18.597Z</time>
      </trkpt>
      <trkpt lat="18.737174" lon="99.211294">
        <ele>349.625689</ele>
        <time>2025-12-28T17:02:21.181Z</time>
      </trkpt>
      <trkpt lat="18.737125" lon="99.211131">
        <ele>349.681853</ele>
        <time>2025-12-28T17:02:25.283Z</time>
      </trkpt>
      <trkpt lat="18.736712" lon="99.210471">
        <ele>349.941655</ele>
        <time>2025-12-28T17:02:44.217Z</time>
      </trkpt>
      <trkpt lat="18.736680" lon="99.210350">
        <ele>349.982914</ele>
        <time>2025-12-28T17:02:47.201Z</time>
      </trkpt>
      <trkpt lat="18.736653" lon="99.209933">
        <ele>350.023096</ele>
        <time>2025-12-28T17:02:56.958Z</time>
      </trkpt>
      <trkpt lat="18.736450" lon="99.208657">
        <ele>349.932572</ele>
        <time>2025-12-28T17:03:25.554Z</time>
      </trkpt>
      <trkpt lat="18.736373" lon="99.207677">
        <ele>349.462916</ele>
        <time>2025-12-28T17:03:45.072Z</time>
      </trkpt>
      <trkpt lat="18.736390" lon="99.206923">
        <ele>348.923819</ele>
        <time>2025-12-28T17:03:59.246Z</time>
      </trkpt>
      <trkpt lat="18.736426" lon="99.205947">
        <ele>348.422080</ele>
        <time>2025-12-28T17:04:19.021Z</time>
      </trkpt>
      <trkpt lat="18.736376" lon="99.205805">
        <ele>348.379434</ele>
        <time>2025-12-28T17:04:22.391Z</time>
      </trkpt>
      <trkpt lat="18.736292" lon="99.205769">
        <ele>348.352487</ele>
        <time>2025-12-28T17:04:24.551Z</time>
      </trkpt>
      <trkpt lat="18.735544" lon="99.205660">
        <ele>348.128037</ele>
        <time>2025-12-28T17:04:42.239Z</time>
      </trkpt>
      <trkpt lat="18.735566" lon="99.205506">
        <ele>348.084196</ele>
        <time>2025-12-28T17:04:45.597Z</time>
      </trkpt>
      <trkpt lat="18.735612" lon="99.205217">
        <ele>347.942096</ele>
        <time>2025-12-28T17:04:51.713Z</time>
      </trkpt>
      <trkpt lat="18.735646" lon="99.205095">
        <ele>347.746350</ele>
        <time>2025-12-28T17:04:54.223Z</time>
      </trkpt>
      <trkpt lat="18.735727" lon="99.204928">
        <ele>347.457550</ele>
        <time>2025-12-28T17:04:57.811Z</time>
      </trkpt>
      <trkpt lat="18.735782" lon="99.204620">
        <ele>346.975121</ele>
        <time>2025-12-28T17:05:03.491Z</time>
      </trkpt>
      <trkpt lat="18.735867" lon="99.203872">
        <ele>345.815538</ele>
        <time>2025-12-28T17:05:16.300Z</time>
      </trkpt>
      <trkpt lat="18.736188" lon="99.202843">
        <ele>344.642257</ele>
        <time>2025-12-28T17:05:35.616Z</time>
      </trkpt>
      <trkpt lat="18.736392" lon="99.202946">
        <ele>344.467237</ele>
        <time>2025-12-28T17:05:40.176Z</time>
      </trkpt>
      <trkpt lat="18.736604" lon="99.203016">
        <ele>344.295311</ele>
        <time>2025-12-28T17:05:44.775Z</time>
      </trkpt>
      <trkpt lat="18.736944" lon="99.203080">
        <ele>344.027998</ele>
        <time>2025-12-28T17:05:52.333Z</time>
      </trkpt>
      <trkpt lat="18.737174" lon="99.203087">
        <ele>343.849900</ele>
        <time>2025-12-28T17:05:57.579Z</time>
      </trkpt>
      <trkpt lat="18.737386" lon="99.203069">
        <ele>343.695379</ele>
        <time>2025-12-28T17:06:02.348Z</time>
      </trkpt>
      <trkpt lat="18.737762" lon="99.202945">
        <ele>343.607380</ele>
        <time>2025-12-28T17:06:10.390Z</time>
      </trkpt>
      <trkpt lat="18.738240" lon="99.202803">
        <ele>343.496450</ele>
        <time>2025-12-28T17:06:20.800Z</time>
      </trkpt>
      <trkpt lat="18.738622" lon="99.202676">
        <ele>343.406982</ele>
        <time>2025-12-28T17:06:29.226Z</time>
      </trkpt>
      <trkpt lat="18.738814" lon="99.202608">
        <ele>343.361741</ele>
        <time>2025-12-28T17:06:33.516Z</time>
      </trkpt>
      <trkpt lat="18.739031" lon="99.202535">
        <ele>343.310863</ele>
        <time>2025-12-28T17:06:38.470Z</time>
      </trkpt>
      <trkpt lat="18.739195" lon="99.202287">
        <ele>343.367618</ele>
        <time>2025-12-28T17:06:44.856Z</time>
      </trkpt>
      <trkpt lat="18.739446" lon="99.202171">
        <ele>343.451922</ele>
        <time>2025-12-28T17:06:51.214Z</time>
      </trkpt>
      <trkpt lat="18.740045" lon="99.201955">
        <ele>343.646682</ele>
        <time>2025-12-28T17:07:07.102Z</time>
      </trkpt>
      <trkpt lat="18.740150" lon="99.201897">
        <ele>343.683144</ele>
        <time>2025-12-28T17:07:09.902Z</time>
      </trkpt>
      <trkpt lat="18.740210" lon="99.201835">
        <ele>343.708974</ele>
        <time>2025-12-28T17:07:11.859Z</time>
      </trkpt>
      <trkpt lat="18.740261" lon="99.201721">
        <ele>343.745712</ele>
        <time>2025-12-28T17:07:14.589Z</time>
      </trkpt>
      <trkpt lat="18.740319" lon="99.201650">
        <ele>343.773034</ele>
        <time>2025-12-28T17:07:16.612Z</time>
      </trkpt>
      <trkpt lat="18.740424" lon="99.201623">
        <ele>343.806287</ele>
        <time>2025-12-28T17:07:19.084Z</time>
      </trkpt>
      <trkpt lat="18.740520" lon="99.201641">
        <ele>343.836287</ele>
        <time>2025-12-28T17:07:21.318Z</time>
      </trkpt>
      <trkpt lat="18.740627" lon="99.201707">
        <ele>343.870873</ele>
        <time>2025-12-28T17:07:24.122Z</time>
      </trkpt>
      <trkpt lat="18.740779" lon="99.201707">
        <ele>343.910535</ele>
        <time>2025-12-28T17:07:27.589Z</time>
      </trkpt>
      <trkpt lat="18.743272" lon="99.200872">
        <ele>344.826942</ele>
        <time>2025-12-28T17:08:28.615Z</time>
      </trkpt>
      <trkpt lat="18.745347" lon="99.200186">
        <ele>347.050737</ele>
        <time>2025-12-28T17:09:25.862Z</time>
      </trkpt>
      <trkpt lat="18.745538" lon="99.200121">
        <ele>347.313287</ele>
        <time>2025-12-28T17:09:32.605Z</time>
      </trkpt>
      <trkpt lat="18.745883" lon="99.199987">
        <ele>347.937650</ele>
        <time>2025-12-28T17:09:45.490Z</time>
      </trkpt>
      <trkpt lat="18.746029" lon="99.199895">
        <ele>348.288544</ele>
        <time>2025-12-28T17:09:51.552Z</time>
      </trkpt>
      <trkpt lat="18.746183" lon="99.199774">
        <ele>348.684704</ele>
        <time>2025-12-28T17:09:58.379Z</time>
      </trkpt>
      <trkpt lat="18.746290" lon="99.199618">
        <ele>349.061164</ele>
        <time>2025-12-28T17:10:04.878Z</time>
      </trkpt>
      <trkpt lat="18.746362" lon="99.199399">
        <ele>349.514236</ele>
        <time>2025-12-28T17:10:12.667Z</time>
      </trkpt>
      <trkpt lat="18.746391" lon="99.199162">
        <ele>349.981276</ele>
        <time>2025-12-28T17:10:20.445Z</time>
      </trkpt>
      <trkpt lat="18.746326" lon="99.197843">
        <ele>350.675476</ele>
        <time>2025-12-28T17:10:52.913Z</time>
      </trkpt>
      <trkpt lat="18.746244" lon="99.197578">
        <ele>350.432165</ele>
        <time>2025-12-28T17:10:58.072Z</time>
      </trkpt>
      <trkpt lat="18.746150" lon="99.197412">
        <ele>350.263363</ele>
        <time>2025-12-28T17:11:01.529Z</time>
      </trkpt>
      <trkpt lat="18.745641" lon="99.196731">
        <ele>349.430198</ele>
        <time>2025-12-28T17:11:16.537Z</time>
      </trkpt>
      <trkpt lat="18.745455" lon="99.196483">
        <ele>348.931231</ele>
        <time>2025-12-28T17:11:21.981Z</time>
      </trkpt>
      <trkpt lat="18.745124" lon="99.195993">
        <ele>347.981915</ele>
        <time>2025-12-28T17:11:32.618Z</time>
      </trkpt>
      <trkpt lat="18.744876" lon="99.195567">
        <ele>347.193210</ele>
        <time>2025-12-28T17:11:41.695Z</time>
      </trkpt>
      <trkpt lat="18.744626" lon="99.195056">
        <ele>346.478995</ele>
        <time>2025-12-28T17:11:52.446Z</time>
      </trkpt>
      <trkpt lat="18.744459" lon="99.194564">
        <ele>346.153951</ele>
        <time>2025-12-28T17:12:02.461Z</time>
      </trkpt>
      <trkpt lat="18.744356" lon="99.194116">
        <ele>345.867239</ele>
        <time>2025-12-28T17:12:11.542Z</time>
      </trkpt>
      <trkpt lat="18.744342" lon="99.193888">
        <ele>345.725144</ele>
        <time>2025-12-28T17:12:16.177Z</time>
      </trkpt>
      <trkpt lat="18.744359" lon="99.193635">
        <ele>345.567404</ele>
        <time>2025-12-28T17:12:21.459Z</time>
      </trkpt>
      <trkpt lat="18.744505" lon="99.193064">
        <ele>345.449822</ele>
        <time>2025-12-28T17:12:34.663Z</time>
      </trkpt>
      <trkpt lat="18.744975" lon="99.191586">
        <ele>345.555825</ele>
        <time>2025-12-28T17:13:10.392Z</time>
      </trkpt>
      <trkpt lat="18.745000" lon="99.191449">
        <ele>345.504030</ele>
        <time>2025-12-28T17:13:13.318Z</time>
      </trkpt>
      <trkpt lat="18.744944" lon="99.189608">
        <ele>344.843050</ele>
        <time>2025-12-28T17:13:50.343Z</time>
      </trkpt>
      <trkpt lat="18.744977" lon="99.189420">
        <ele>344.814998</ele>
        <time>2025-12-28T17:13:54.677Z</time>
      </trkpt>
      <trkpt lat="18.745077" lon="99.189126">
        <ele>344.769166</ele>
        <time>2025-12-28T17:14:01.435Z</time>
      </trkpt>
      <trkpt lat="18.745225" lon="99.188811">
        <ele>344.717575</ele>
        <time>2025-12-28T17:14:09.073Z</time>
      </trkpt>
      <trkpt lat="18.745363" lon="99.188408">
        <ele>344.654701</ele>
        <time>2025-12-28T17:14:18.624Z</time>
      </trkpt>
      <trkpt lat="18.745427" lon="99.188151">
        <ele>344.615714</ele>
        <time>2025-12-28T17:14:24.561Z</time>
      </trkpt>
      <trkpt lat="18.745634" lon="99.185029">
        <ele>343.735012</ele>
        <time>2025-12-28T17:15:29.440Z</time>
      </trkpt>
      <trkpt lat="18.745708" lon="99.184552">
        <ele>343.597801</ele>
        <time>2025-12-28T17:15:39.751Z</time>
      </trkpt>
      <trkpt lat="18.745831" lon="99.184122">
        <ele>343.465658</ele>
        <time>2025-12-28T17:15:49.303Z</time>
      </trkpt>
      <trkpt lat="18.745973" lon="99.183697">
        <ele>343.199897</ele>
        <time>2025-12-28T17:15:58.808Z</time>
      </trkpt>
      <trkpt lat="18.746581" lon="99.181879">
        <ele>341.537711</ele>
        <time>2025-12-28T17:16:36.774Z</time>
      </trkpt>
      <trkpt lat="18.746756" lon="99.181670">
        <ele>341.076847</ele>
        <time>2025-12-28T17:16:41.636Z</time>
      </trkpt>
      <trkpt lat="18.747019" lon="99.181536">
        <ele>340.567444</ele>
        <time>2025-12-28T17:16:46.926Z</time>
      </trkpt>
      <trkpt lat="18.746951" lon="99.181198">
        <ele>339.996634</ele>
        <time>2025-12-28T17:16:52.794Z</time>
      </trkpt>
      <trkpt lat="18.746952" lon="99.181097">
        <ele>339.829781</ele>
        <time>2025-12-28T17:16:54.515Z</time>
      </trkpt>
      <trkpt lat="18.746983" lon="99.180985">
        <ele>339.637025</ele>
        <time>2025-12-28T17:16:56.503Z</time>
      </trkpt>
      <trkpt lat="18.747059" lon="99.180791">
        <ele>339.290212</ele>
        <time>2025-12-28T17:17:00.149Z</time>
      </trkpt>
      <trkpt lat="18.747359" lon="99.180299">
        <ele>338.783091</ele>
        <time>2025-12-28T17:17:10.433Z</time>
      </trkpt>
      <trkpt lat="18.747427" lon="99.180145">
        <ele>338.646794</ele>
        <time>2025-12-28T17:17:13.584Z</time>
      </trkpt>
      <trkpt lat="18.747533" lon="99.179539">
        <ele>338.152484</ele>
        <time>2025-12-28T17:17:26.400Z</time>
      </trkpt>
      <trkpt lat="18.747561" lon="99.179218">
        <ele>337.893912</ele>
        <time>2025-12-28T17:17:33.521Z</time>
      </trkpt>
      <trkpt lat="18.747663" lon="99.178746">
        <ele>337.592931</ele>
        <time>2025-12-28T17:17:44.229Z</time>
      </trkpt>
      <trkpt lat="18.747683" lon="99.178510">
        <ele>337.491320</ele>
        <time>2025-12-28T17:17:49.201Z</time>
      </trkpt>
      <trkpt lat="18.747665" lon="99.178194">
        <ele>337.355562</ele>
        <time>2025-12-28T17:17:55.570Z</time>
      </trkpt>
      <trkpt lat="18.748354" lon="99.176674">
        <ele>337.575666</ele>
        <time>2025-12-28T17:18:29.117Z</time>
      </trkpt>
      <trkpt lat="18.748600" lon="99.176301">
        <ele>338.128254</ele>
        <time>2025-12-28T17:18:39.916Z</time>
      </trkpt>
      <trkpt lat="18.748773" lon="99.176119">
        <ele>338.441750</ele>
        <time>2025-12-28T17:18:46.917Z</time>
      </trkpt>
      <trkpt lat="18.748797" lon="99.176100">
        <ele>338.480257</ele>
        <time>2025-12-28T17:18:47.825Z</time>
      </trkpt>
      <trkpt lat="18.748924" lon="99.175997">
        <ele>338.685833</ele>
        <time>2025-12-28T17:18:52.931Z</time>
      </trkpt>
      <trkpt lat="18.749287" lon="99.175768">
        <ele>339.381178</ele>
        <time>2025-12-28T17:19:08.313Z</time>
      </trkpt>
      <trkpt lat="18.749409" lon="99.175717">
        <ele>340.178631</ele>
        <time>2025-12-28T17:19:13.600Z</time>
      </trkpt>
      <trkpt lat="18.749617" lon="99.175729">
        <ele>341.444667</ele>
        <time>2025-12-28T17:19:22.465Z</time>
      </trkpt>
      <trkpt lat="18.749885" lon="99.175860">
        <ele>343.239499</ele>
        <time>2025-12-28T17:19:36.044Z</time>
      </trkpt>
      <trkpt lat="18.750077" lon="99.176017">
        <ele>344.715332</ele>
        <time>2025-12-28T17:19:47.930Z</time>
      </trkpt>
      <trkpt lat="18.750317" lon="99.176380">
        <ele>347.263266</ele>
        <time>2025-12-28T17:20:10.006Z</time>
      </trkpt>
      <trkpt lat="18.750381" lon="99.176583">
        <ele>348.494602</ele>
        <time>2025-12-28T17:20:21.049Z</time>
      </trkpt>
      <trkpt lat="18.750389" lon="99.176739">
        <ele>349.393712</ele>
        <time>2025-12-28T17:20:29.064Z</time>
      </trkpt>
      <trkpt lat="18.750334" lon="99.177277">
        <ele>351.601333</ele>
        <time>2025-12-28T17:20:55.864Z</time>
      </trkpt>
      <trkpt lat="18.750344" lon="99.177465">
        <ele>352.273681</ele>
        <time>2025-12-28T17:21:04.668Z</time>
      </trkpt>
      <trkpt lat="18.750376" lon="99.177606">
        <ele>352.791407</ele>
        <time>2025-12-28T17:21:11.130Z</time>
      </trkpt>
      <trkpt lat="18.750716" lon="99.178294">
        <ele>355.562467</ele>
        <time>2025-12-28T17:21:39.692Z</time>
      </trkpt>
      <trkpt lat="18.751000" lon="99.178793">
        <ele>356.438451</ele>
        <time>2025-12-28T17:21:50.795Z</time>
      </trkpt>
      <trkpt lat="18.751133" lon="99.179039">
        <ele>355.804893</ele>
        <time>2025-12-28T17:21:55.396Z</time>
      </trkpt>
      <trkpt lat="18.751308" lon="99.179293">
        <ele>355.102348</ele>
        <time>2025-12-28T17:22:00.386Z</time>
      </trkpt>
      <trkpt lat="18.751395" lon="99.179368">
        <ele>354.837089</ele>
        <time>2025-12-28T17:22:02.248Z</time>
      </trkpt>
      <trkpt lat="18.751688" lon="99.179479">
        <ele>354.101864</ele>
        <time>2025-12-28T17:22:07.401Z</time>
      </trkpt>
      <trkpt lat="18.751864" lon="99.179579">
        <ele>353.629818</ele>
        <time>2025-12-28T17:22:10.720Z</time>
      </trkpt>
      <trkpt lat="18.751942" lon="99.179654">
        <ele>353.380664</ele>
        <time>2025-12-28T17:22:12.505Z</time>
      </trkpt>
      <trkpt lat="18.752031" lon="99.179808">
        <ele>352.977155</ele>
        <time>2025-12-28T17:22:15.430Z</time>
      </trkpt>
      <trkpt lat="18.752116" lon="99.180000">
        <ele>352.657909</ele>
        <time>2025-12-28T17:22:18.985Z</time>
      </trkpt>
      <trkpt lat="18.752590" lon="99.181548">
        <ele>352.765790</ele>
        <time>2025-12-28T17:22:59.137Z</time>
      </trkpt>
      <trkpt lat="18.752664" lon="99.181847">
        <ele>352.724088</ele>
        <time>2025-12-28T17:23:06.715Z</time>
      </trkpt>
      <trkpt lat="18.752724" lon="99.182175">
        <ele>352.545895</ele>
        <time>2025-12-28T17:23:14.339Z</time>
      </trkpt>
      <trkpt lat="18.752983" lon="99.184456">
        <ele>351.320845</ele>
        <time>2025-12-28T17:23:58.319Z</time>
      </trkpt>
      <trkpt lat="18.753294" lon="99.186191">
        <ele>350.135867</ele>
        <time>2025-12-28T17:24:35.760Z</time>
      </trkpt>
      <trkpt lat="18.753337" lon="99.186375">
        <ele>349.969020</ele>
        <time>2025-12-28T17:24:39.549Z</time>
      </trkpt>
      <trkpt lat="18.753440" lon="99.186581">
        <ele>349.763936</ele>
        <time>2025-12-28T17:24:43.998Z</time>
      </trkpt>
      <trkpt lat="18.753555" lon="99.186729">
        <ele>349.595391</ele>
        <time>2025-12-28T17:24:47.531Z</time>
      </trkpt>
      <trkpt lat="18.753664" lon="99.186825">
        <ele>349.463435</ele>
        <time>2025-12-28T17:24:50.266Z</time>
      </trkpt>
      <trkpt lat="18.753778" lon="99.186900">
        <ele>349.338563</ele>
        <time>2025-12-28T17:24:52.841Z</time>
      </trkpt>
      <trkpt lat="18.754031" lon="99.186992">
        <ele>349.089791</ele>
        <time>2025-12-28T17:24:57.895Z</time>
      </trkpt>
      <trkpt lat="18.754332" lon="99.187061">
        <ele>348.639926</ele>
        <time>2025-12-28T17:25:03.659Z</time>
      </trkpt>
      <trkpt lat="18.754464" lon="99.187062">
        <ele>348.445070</ele>
        <time>2025-12-28T17:25:06.088Z</time>
      </trkpt>
      <trkpt lat="18.754728" lon="99.187004">
        <ele>348.047025</ele>
        <time>2025-12-28T17:25:11.060Z</time>
      </trkpt>
      <trkpt lat="18.754889" lon="99.186887">
        <ele>347.758534</ele>
        <time>2025-12-28T17:25:14.688Z</time>
      </trkpt>
      <trkpt lat="18.754976" lon="99.186785">
        <ele>347.566650</ele>
        <time>2025-12-28T17:25:17.123Z</time>
      </trkpt>
      <trkpt lat="18.755033" lon="99.186666">
        <ele>347.380245</ele>
        <time>2025-12-28T17:25:19.534Z</time>
      </trkpt>
      <trkpt lat="18.755277" lon="99.185709">
        <ele>346.316512</ele>
        <time>2025-12-28T17:25:38.560Z</time>
      </trkpt>
      <trkpt lat="18.755399" lon="99.185446">
        <ele>346.212138</ele>
        <time>2025-12-28T17:25:44.421Z</time>
      </trkpt>
      <trkpt lat="18.755556" lon="99.185216">
        <ele>346.111089</ele>
        <time>2025-12-28T17:25:50.117Z</time>
      </trkpt>
      <trkpt lat="18.756785" lon="99.183865">
        <ele>346.816314</ele>
        <time>2025-12-28T17:26:30.920Z</time>
      </trkpt>
      <trkpt lat="18.757012" lon="99.183687">
        <ele>347.187050</ele>
        <time>2025-12-28T17:26:39.352Z</time>
      </trkpt>
      <trkpt lat="18.757256" lon="99.183604">
        <ele>347.523186</ele>
        <time>2025-12-28T17:26:47.570Z</time>
      </trkpt>
      <trkpt lat="18.757370" lon="99.183590">
        <ele>347.673677</ele>
        <time>2025-12-28T17:26:51.445Z</time>
      </trkpt>
      <trkpt lat="18.757383" lon="99.183592">
        <ele>347.690904</ele>
        <time>2025-12-28T17:26:51.905Z</time>
      </trkpt>
      <trkpt lat="18.757537" lon="99.183610">
        <ele>347.894072</ele>
        <time>2025-12-28T17:26:57.331Z</time>
      </trkpt>
      <trkpt lat="18.758618" lon="99.184119">
        <ele>349.778525</ele>
        <time>2025-12-28T17:27:39.406Z</time>
      </trkpt>
      <trkpt lat="18.758802" lon="99.184255">
        <ele>350.146196</ele>
        <time>2025-12-28T17:27:46.333Z</time>
      </trkpt>
      <trkpt lat="18.760529" lon="99.186739">
        <ele>348.649522</ele>
        <time>2025-12-28T17:28:46.268Z</time>
      </trkpt>
      <trkpt lat="18.760793" lon="99.187029">
        <ele>348.003095</ele>
        <time>2025-12-28T17:28:53.065Z</time>
      </trkpt>
      <trkpt lat="18.761063" lon="99.187163">
        <ele>347.496825</ele>
        <time>2025-12-28T17:28:58.425Z</time>
      </trkpt>
      <trkpt lat="18.761337" lon="99.187243">
        <ele>347.014396</ele>
        <time>2025-12-28T17:29:03.614Z</time>
      </trkpt>
      <trkpt lat="18.761586" lon="99.187243">
        <ele>346.591835</ele>
        <time>2025-12-28T17:29:08.208Z</time>
      </trkpt>
      <trkpt lat="18.761777" lon="99.187189">
        <ele>346.465376</ele>
        <time>2025-12-28T17:29:11.946Z</time>
      </trkpt>
      <trkpt lat="18.761850" lon="99.187168">
        <ele>346.426233</ele>
        <time>2025-12-28T17:29:13.406Z</time>
      </trkpt>
      <trkpt lat="18.762028" lon="99.187034">
        <ele>346.313140</ele>
        <time>2025-12-28T17:29:17.704Z</time>
      </trkpt>
      <trkpt lat="18.762368" lon="99.186605">
        <ele>346.039082</ele>
        <time>2025-12-28T17:29:28.935Z</time>
      </trkpt>
      <trkpt lat="18.762901" lon="99.185543">
        <ele>345.806781</ele>
        <time>2025-12-28T17:29:56.604Z</time>
      </trkpt>
      <trkpt lat="18.763628" lon="99.184261">
        <ele>346.555495</ele>
        <time>2025-12-28T17:30:31.792Z</time>
      </trkpt>
      <trkpt lat="18.763760" lon="99.184105">
        <ele>346.740538</ele>
        <time>2025-12-28T17:30:37.383Z</time>
      </trkpt>
      <trkpt lat="18.763958" lon="99.183966">
        <ele>346.989365</ele>
        <time>2025-12-28T17:30:44.417Z</time>
      </trkpt>
      <trkpt lat="18.764176" lon="99.183875">
        <ele>347.234694</ele>
        <time>2025-12-28T17:30:51.409Z</time>
      </trkpt>
      <trkpt lat="18.764374" lon="99.183875">
        <ele>347.441918</ele>
        <time>2025-12-28T17:30:57.281Z</time>
      </trkpt>
      <trkpt lat="18.764442" lon="99.183898">
        <ele>347.516646</ele>
        <time>2025-12-28T17:30:59.398Z</time>
      </trkpt>
      <trkpt lat="18.764887" lon="99.184078">
        <ele>348.015364</ele>
        <time>2025-12-28T17:31:13.026Z</time>
      </trkpt>
      <trkpt lat="18.765116" lon="99.184127">
        <ele>348.259901</ele>
        <time>2025-12-28T17:31:19.292Z</time>
      </trkpt>
      <trkpt lat="18.765339" lon="99.184105">
        <ele>348.424558</ele>
        <time>2025-12-28T17:31:25.109Z</time>
      </trkpt>
      <trkpt lat="18.765568" lon="99.183998">
        <ele>348.142557</ele>
        <time>2025-12-28T17:31:30.994Z</time>
      </trkpt>
      <trkpt lat="18.765771" lon="99.183821">
        <ele>347.846107</ele>
        <time>2025-12-28T17:31:36.509Z</time>
      </trkpt>
      <trkpt lat="18.765898" lon="99.183628">
        <ele>347.595494</ele>
        <time>2025-12-28T17:31:40.809Z</time>
      </trkpt>
      <trkpt lat="18.765974" lon="99.183322">
        <ele>347.258171</ele>
        <time>2025-12-28T17:31:46.378Z</time>
      </trkpt>
      <trkpt lat="18.765959" lon="99.183005">
        <ele>346.919735</ele>
        <time>2025-12-28T17:31:51.876Z</time>
      </trkpt>
      <trkpt lat="18.765812" lon="99.182458">
        <ele>346.416168</ele>
        <time>2025-12-28T17:32:01.922Z</time>
      </trkpt>
      <trkpt lat="18.765832" lon="99.182249">
        <ele>346.381228</ele>
        <time>2025-12-28T17:32:05.796Z</time>
      </trkpt>
      <trkpt lat="18.765913" lon="99.182045">
        <ele>346.344434</ele>
        <time>2025-12-28T17:32:10.006Z</time>
      </trkpt>
      <trkpt lat="18.766101" lon="99.181847">
        <ele>346.297793</ele>
        <time>2025-12-28T17:32:15.590Z</time>
      </trkpt>
      <trkpt lat="18.766421" lon="99.181632">
        <ele>346.231168</ele>
        <time>2025-12-28T17:32:24.173Z</time>
      </trkpt>
      <trkpt lat="18.766650" lon="99.181434">
        <ele>346.179179</ele>
        <time>2025-12-28T17:32:31.536Z</time>
      </trkpt>
      <trkpt lat="18.767148" lon="99.180758">
        <ele>346.578643</ele>
        <time>2025-12-28T17:32:54.865Z</time>
      </trkpt>
      <trkpt lat="18.767386" lon="99.180570">
        <ele>346.869498</ele>
        <time>2025-12-28T17:33:03.836Z</time>
      </trkpt>
      <trkpt lat="18.767595" lon="99.180479">
        <ele>347.090733</ele>
        <time>2025-12-28T17:33:10.375Z</time>
      </trkpt>
      <trkpt lat="18.767848" lon="99.180409">
        <ele>347.346684</ele>
        <time>2025-12-28T17:33:17.660Z</time>
      </trkpt>
      <trkpt lat="18.768143" lon="99.180270">
        <ele>347.662810</ele>
        <time>2025-12-28T17:33:26.070Z</time>
      </trkpt>
      <trkpt lat="18.768221" lon="99.180213">
        <ele>347.755635</ele>
        <time>2025-12-28T17:33:28.418Z</time>
      </trkpt>
      <trkpt lat="18.768671" lon="99.179862">
        <ele>347.595928</ele>
        <time>2025-12-28T17:33:41.251Z</time>
      </trkpt>
      <trkpt lat="18.768829" lon="99.179674">
        <ele>347.440080</ele>
        <time>2025-12-28T17:33:46.192Z</time>
      </trkpt>
      <trkpt lat="18.768925" lon="99.179486">
        <ele>347.307654</ele>
        <time>2025-12-28T17:33:50.232Z</time>
      </trkpt>
      <trkpt lat="18.768986" lon="99.179288">
        <ele>347.178564</ele>
        <time>2025-12-28T17:33:54.080Z</time>
      </trkpt>
      <trkpt lat="18.769199" lon="99.178194">
        <ele>346.537222</ele>
        <time>2025-12-28T17:34:15.354Z</time>
      </trkpt>
      <trkpt lat="18.769616" lon="99.177180">
        <ele>346.014320</ele>
        <time>2025-12-28T17:34:38.318Z</time>
      </trkpt>
      <trkpt lat="18.769713" lon="99.176885">
        <ele>345.866612</ele>
        <time>2025-12-28T17:34:44.765Z</time>
      </trkpt>
      <trkpt lat="18.769829" lon="99.176252">
        <ele>346.088070</ele>
        <time>2025-12-28T17:34:58.049Z</time>
      </trkpt>
      <trkpt lat="18.769906" lon="99.175635">
        <ele>346.435378</ele>
        <time>2025-12-28T17:35:13.136Z</time>
      </trkpt>
      <trkpt lat="18.770012" lon="99.175324">
        <ele>346.619841</ele>
        <time>2025-12-28T17:35:21.778Z</time>
      </trkpt>
      <trkpt lat="18.770170" lon="99.175168">
        <ele>346.747325</ele>
        <time>2025-12-28T17:35:27.862Z</time>
      </trkpt>
      <trkpt lat="18.770332" lon="99.175082">
        <ele>346.854194</ele>
        <time>2025-12-28T17:35:33.011Z</time>
      </trkpt>
      <trkpt lat="18.770606" lon="99.175061">
        <ele>347.230946</ele>
        <time>2025-12-28T17:35:41.182Z</time>
      </trkpt>
      <trkpt lat="18.772521" lon="99.175131">
        <ele>349.966566</ele>
        <time>2025-12-28T17:36:36.769Z</time>
      </trkpt>
      <trkpt lat="18.773008" lon="99.175272">
        <ele>350.707504</ele>
        <time>2025-12-28T17:36:50.428Z</time>
      </trkpt>
      <trkpt lat="18.773121" lon="99.175334">
        <ele>350.894346</ele>
        <time>2025-12-28T17:36:53.949Z</time>
      </trkpt>
      <trkpt lat="18.773339" lon="99.175522">
        <ele>351.307301</ele>
        <time>2025-12-28T17:37:01.991Z</time>
      </trkpt>
      <trkpt lat="18.773542" lon="99.175774">
        <ele>351.766957</ele>
        <time>2025-12-28T17:37:11.337Z</time>
      </trkpt>
      <trkpt lat="18.773659" lon="99.175989">
        <ele>352.147348</ele>
        <time>2025-12-28T17:37:18.539Z</time>
      </trkpt>
      <trkpt lat="18.773715" lon="99.176236">
        <ele>352.716241</ele>
        <time>2025-12-28T17:37:26.070Z</time>
      </trkpt>
      <trkpt lat="18.773715" lon="99.176590">
        <ele>353.509160</ele>
        <time>2025-12-28T17:37:37.165Z</time>
      </trkpt>
      <trkpt lat="18.773273" lon="99.178242">
        <ele>356.128769</ele>
        <time>2025-12-28T17:38:32.100Z</time>
      </trkpt>
      <trkpt lat="18.773242" lon="99.178478">
        <ele>356.037356</ele>
        <time>2025-12-28T17:38:37.856Z</time>
      </trkpt>
      <trkpt lat="18.773334" lon="99.178698">
        <ele>355.945081</ele>
        <time>2025-12-28T17:38:42.936Z</time>
      </trkpt>
      <trkpt lat="18.773562" lon="99.178896">
        <ele>355.825468</ele>
        <time>2025-12-28T17:38:48.798Z</time>
      </trkpt>
      <trkpt lat="18.773776" lon="99.178955">
        <ele>355.735843</ele>
        <time>2025-12-28T17:38:52.843Z</time>
      </trkpt>
      <trkpt lat="18.774446" lon="99.178955">
        <ele>354.900035</ele>
        <time>2025-12-28T17:39:04.358Z</time>
      </trkpt>
      <trkpt lat="18.774929" lon="99.178929">
        <ele>353.740691</ele>
        <time>2025-12-28T17:39:12.545Z</time>
      </trkpt>
      <trkpt lat="18.775218" lon="99.178972">
        <ele>353.041063</ele>
        <time>2025-12-28T17:39:17.636Z</time>
      </trkpt>
      <trkpt lat="18.775594" lon="99.179148">
        <ele>352.055171</ele>
        <time>2025-12-28T17:39:25.132Z</time>
      </trkpt>
      <trkpt lat="18.776168" lon="99.179503">
        <ele>351.106946</ele>
        <time>2025-12-28T17:39:38.341Z</time>
      </trkpt>
      <trkpt lat="18.776335" lon="99.179680">
        <ele>350.994120</ele>
        <time>2025-12-28T17:39:43.420Z</time>
      </trkpt>
      <trkpt lat="18.776447" lon="99.179921">
        <ele>350.872903</ele>
        <time>2025-12-28T17:39:48.975Z</time>
      </trkpt>
      <trkpt lat="18.776513" lon="99.180168">
        <ele>350.757022</ele>
        <time>2025-12-28T17:39:54.347Z</time>
      </trkpt>
      <trkpt lat="18.776534" lon="99.180452">
        <ele>350.628402</ele>
        <time>2025-12-28T17:40:00.411Z</time>
      </trkpt>
      <trkpt lat="18.776488" lon="99.180779">
        <ele>350.479136</ele>
        <time>2025-12-28T17:40:07.591Z</time>
      </trkpt>
      <trkpt lat="18.776254" lon="99.181289">
        <ele>350.427930</ele>
        <time>2025-12-28T17:40:20.207Z</time>
      </trkpt>
      <trkpt lat="18.775696" lon="99.182330">
        <ele>350.480775</ele>
        <time>2025-12-28T17:40:46.855Z</time>
      </trkpt>
      <trkpt lat="18.775599" lon="99.182582">
        <ele>350.492793</ele>
        <time>2025-12-28T17:40:52.962Z</time>
      </trkpt>
      <trkpt lat="18.775528" lon="99.182877">
        <ele>350.390780</ele>
        <time>2025-12-28T17:40:59.562Z</time>
      </trkpt>
      <trkpt lat="18.775558" lon="99.183086">
        <ele>350.314735</ele>
        <time>2025-12-28T17:41:04.046Z</time>
      </trkpt>
      <trkpt lat="18.775726" lon="99.183499">
        <ele>350.153032</ele>
        <time>2025-12-28T17:41:13.580Z</time>
      </trkpt>
      <trkpt lat="18.775868" lon="99.183751">
        <ele>350.047537</ele>
        <time>2025-12-28T17:41:19.641Z</time>
      </trkpt>
      <trkpt lat="18.775895" lon="99.183839">
        <ele>350.014260</ele>
        <time>2025-12-28T17:41:21.502Z</time>
      </trkpt>
      <trkpt lat="18.775939" lon="99.183987">
        <ele>349.958456</ele>
        <time>2025-12-28T17:41:24.674Z</time>
      </trkpt>
      <trkpt lat="18.775970" lon="99.184239">
        <ele>349.867040</ele>
        <time>2025-12-28T17:41:29.860Z</time>
      </trkpt>
      <trkpt lat="18.775914" lon="99.184551">
        <ele>349.637122</ele>
        <time>2025-12-28T17:41:36.102Z</time>
      </trkpt>
      <trkpt lat="18.775630" lon="99.185457">
        <ele>348.601921</ele>
        <time>2025-12-28T17:41:53.598Z</time>
      </trkpt>
      <trkpt lat="18.775513" lon="99.185715">
        <ele>348.291623</ele>
        <time>2025-12-28T17:41:58.747Z</time>
      </trkpt>
      <trkpt lat="18.775330" lon="99.185988">
        <ele>347.928793</ele>
        <time>2025-12-28T17:42:04.957Z</time>
      </trkpt>
      <trkpt lat="18.775061" lon="99.186240">
        <ele>347.702981</ele>
        <time>2025-12-28T17:42:12.337Z</time>
      </trkpt>
      <trkpt lat="18.774827" lon="99.186337">
        <ele>347.645335</ele>
        <time>2025-12-28T17:42:17.844Z</time>
      </trkpt>
      <trkpt lat="18.774121" lon="99.186476">
        <ele>347.480644</ele>
        <time>2025-12-28T17:42:34.631Z</time>
      </trkpt>
      <trkpt lat="18.773786" lon="99.186567">
        <ele>347.401321</ele>
        <time>2025-12-28T17:42:42.904Z</time>
      </trkpt>
      <trkpt lat="18.773674" lon="99.186643">
        <ele>347.370793</ele>
        <time>2025-12-28T17:42:46.044Z</time>
      </trkpt>
      <trkpt lat="18.773552" lon="99.186863">
        <ele>347.298112</ele>
        <time>2025-12-28T17:42:51.581Z</time>
      </trkpt>
      <trkpt lat="18.773562" lon="99.187061">
        <ele>347.220622</ele>
        <time>2025-12-28T17:42:55.737Z</time>
      </trkpt>
      <trkpt lat="18.773612" lon="99.187154">
        <ele>347.178826</ele>
        <time>2025-12-28T17:42:57.922Z</time>
      </trkpt>
      <trkpt lat="18.773649" lon="99.187222">
        <ele>347.148176</ele>
        <time>2025-12-28T17:42:59.508Z</time>
      </trkpt>
      <trkpt lat="18.775518" lon="99.189497">
        <ele>346.305684</ele>
        <time>2025-12-28T17:44:00.639Z</time>
      </trkpt>
      <trkpt lat="18.775792" lon="99.189722">
        <ele>346.281835</ele>
        <time>2025-12-28T17:44:10.354Z</time>
      </trkpt>
      <trkpt lat="18.776026" lon="99.189797">
        <ele>346.410627</ele>
        <time>2025-12-28T17:44:16.766Z</time>
      </trkpt>
      <trkpt lat="18.776300" lon="99.189786">
        <ele>346.555041</ele>
        <time>2025-12-28T17:44:23.793Z</time>
      </trkpt>
      <trkpt lat="18.776430" lon="99.189740">
        <ele>346.627249</ele>
        <time>2025-12-28T17:44:27.317Z</time>
      </trkpt>
      <trkpt lat="18.776621" lon="99.189664">
        <ele>346.734746</ele>
        <time>2025-12-28T17:44:32.817Z</time>
      </trkpt>
      <trkpt lat="18.776822" lon="99.189548">
        <ele>346.855380</ele>
        <time>2025-12-28T17:44:38.994Z</time>
      </trkpt>
      <trkpt lat="18.777035" lon="99.189436">
        <ele>346.980696</ele>
        <time>2025-12-28T17:44:45.161Z</time>
      </trkpt>
      <trkpt lat="18.777386" lon="99.189353">
        <ele>347.170136</ele>
        <time>2025-12-28T17:44:53.793Z</time>
      </trkpt>
      <trkpt lat="18.777651" lon="99.189378">
        <ele>347.339904</ele>
        <time>2025-12-28T17:44:59.653Z</time>
      </trkpt>
      <trkpt lat="18.777951" lon="99.189495">
        <ele>347.552783</ele>
        <time>2025-12-28T17:45:06.582Z</time>
      </trkpt>
      <trkpt lat="18.778193" lon="99.189705">
        <ele>347.761271</ele>
        <time>2025-12-28T17:45:14.160Z</time>
      </trkpt>
      <trkpt lat="18.778624" lon="99.190194">
        <ele>348.182331</ele>
        <time>2025-12-28T17:45:31.302Z</time>
      </trkpt>
      <trkpt lat="18.778921" lon="99.190376">
        <ele>348.430062</ele>
        <time>2025-12-28T17:45:41.028Z</time>
      </trkpt>
      <trkpt lat="18.779865" lon="99.191052">
        <ele>350.118096</ele>
        <time>2025-12-28T17:46:16.130Z</time>
      </trkpt>
      <trkpt lat="18.780089" lon="99.191310">
        <ele>350.608627</ele>
        <time>2025-12-28T17:46:26.205Z</time>
      </trkpt>
      <trkpt lat="18.780719" lon="99.192780">
        <ele>351.148488</ele>
        <time>2025-12-28T17:47:05.030Z</time>
      </trkpt>
      <trkpt lat="18.781079" lon="99.193509">
        <ele>350.912798</ele>
        <time>2025-12-28T17:47:20.734Z</time>
      </trkpt>
      <trkpt lat="18.781673" lon="99.194711">
        <ele>349.163331</ele>
        <time>2025-12-28T17:47:45.237Z</time>
      </trkpt>
      <trkpt lat="18.781714" lon="99.194979">
        <ele>348.813054</ele>
        <time>2025-12-28T17:47:50.260Z</time>
      </trkpt>
      <trkpt lat="18.781754" lon="99.195238">
        <ele>348.558588</ele>
        <time>2025-12-28T17:47:55.156Z</time>
      </trkpt>
      <trkpt lat="18.781672" lon="99.196455">
        <ele>347.483189</ele>
        <time>2025-12-28T17:48:18.581Z</time>
      </trkpt>
      <trkpt lat="18.781766" lon="99.196692">
        <ele>347.256702</ele>
        <time>2025-12-28T17:48:23.620Z</time>
      </trkpt>
      <trkpt lat="18.781938" lon="99.196899">
        <ele>347.060453</ele>
        <time>2025-12-28T17:48:29.067Z</time>
      </trkpt>
      <trkpt lat="18.782191" lon="99.197017">
        <ele>347.035528</ele>
        <time>2025-12-28T17:48:34.945Z</time>
      </trkpt>
      <trkpt lat="18.783116" lon="99.197092">
        <ele>346.951920</ele>
        <time>2025-12-28T17:48:55.717Z</time>
      </trkpt>
      <trkpt lat="18.783360" lon="99.197189">
        <ele>346.928424</ele>
        <time>2025-12-28T17:49:02.024Z</time>
      </trkpt>
      <trkpt lat="18.783492" lon="99.197350">
        <ele>346.910252</ele>
        <time>2025-12-28T17:49:07.047Z</time>
      </trkpt>
      <trkpt lat="18.783574" lon="99.197512">
        <ele>346.906368</ele>
        <time>2025-12-28T17:49:11.481Z</time>
      </trkpt>
      <trkpt lat="18.783593" lon="99.197800">
        <ele>346.914881</ele>
        <time>2025-12-28T17:49:18.822Z</time>
      </trkpt>
      <trkpt lat="18.783471" lon="99.198830">
        <ele>346.945490</ele>
        <time>2025-12-28T17:49:43.681Z</time>
      </trkpt>
      <trkpt lat="18.783503" lon="99.199063">
        <ele>346.952432</ele>
        <time>2025-12-28T17:49:48.202Z</time>
      </trkpt>
      <trkpt lat="18.783529" lon="99.199244">
        <ele>346.957831</ele>
        <time>2025-12-28T17:49:51.653Z</time>
      </trkpt>
      <trkpt lat="18.783725" lon="99.199603">
        <ele>346.628040</ele>
        <time>2025-12-28T17:49:59.178Z</time>
      </trkpt>
      <trkpt lat="18.783939" lon="99.199807">
        <ele>346.349760</ele>
        <time>2025-12-28T17:50:04.650Z</time>
      </trkpt>
      <trkpt lat="18.786143" lon="99.201073">
        <ele>344.632030</ele>
        <time>2025-12-28T17:50:56.279Z</time>
      </trkpt>
      <trkpt lat="18.786447" lon="99.201212">
        <ele>344.486111</ele>
        <time>2025-12-28T17:51:04.563Z</time>
      </trkpt>
      <trkpt lat="18.786712" lon="99.201246">
        <ele>344.544276</ele>
        <time>2025-12-28T17:51:11.336Z</time>
      </trkpt>
      <trkpt lat="18.787012" lon="99.201205">
        <ele>344.787512</ele>
        <time>2025-12-28T17:51:19.254Z</time>
      </trkpt>
      <trkpt lat="18.787283" lon="99.200992">
        <ele>345.059126</ele>
        <time>2025-12-28T17:51:28.372Z</time>
      </trkpt>
      <trkpt lat="18.787482" lon="99.200703">
        <ele>345.331162</ele>
        <time>2025-12-28T17:51:37.644Z</time>
      </trkpt>
      <trkpt lat="18.788327" lon="99.199225">
        <ele>346.232703</ele>
        <time>2025-12-28T17:52:21.223Z</time>
      </trkpt>
      <trkpt lat="18.788480" lon="99.198954">
        <ele>346.343878</ele>
        <time>2025-12-28T17:52:28.308Z</time>
      </trkpt>
      <trkpt lat="18.788583" lon="99.198688">
        <ele>346.445137</ele>
        <time>2025-12-28T17:52:34.474Z</time>
      </trkpt>
      <trkpt lat="18.788639" lon="99.198438">
        <ele>346.535654</ele>
        <time>2025-12-28T17:52:39.824Z</time>
      </trkpt>
      <trkpt lat="18.789034" lon="99.194713">
        <ele>345.533034</ele>
        <time>2025-12-28T17:53:56.957Z</time>
      </trkpt>
      <trkpt lat="18.789187" lon="99.193573">
        <ele>346.414486</ele>
        <time>2025-12-28T17:54:26.076Z</time>
      </trkpt>
      <trkpt lat="18.789273" lon="99.193172">
        <ele>346.759365</ele>
        <time>2025-12-28T17:54:36.929Z</time>
      </trkpt>
      <trkpt lat="18.789423" lon="99.192805">
        <ele>347.094666</ele>
        <time>2025-12-28T17:54:47.632Z</time>
      </trkpt>
      <trkpt lat="18.789474" lon="99.192699">
        <ele>347.177298</ele>
        <time>2025-12-28T17:54:50.771Z</time>
      </trkpt>
      <trkpt lat="18.789578" lon="99.192473">
        <ele>347.344821</ele>
        <time>2025-12-28T17:54:57.138Z</time>
      </trkpt>
      <trkpt lat="18.789690" lon="99.192302">
        <ele>347.483445</ele>
        <time>2025-12-28T17:55:02.468Z</time>
      </trkpt>
      <trkpt lat="18.789858" lon="99.192106">
        <ele>347.659712</ele>
        <time>2025-12-28T17:55:09.467Z</time>
      </trkpt>
      <trkpt lat="18.790029" lon="99.191991">
        <ele>347.802464</ele>
        <time>2025-12-28T17:55:15.242Z</time>
      </trkpt>
      <trkpt lat="18.790955" lon="99.191560">
        <ele>348.187347</ele>
        <time>2025-12-28T17:55:38.813Z</time>
      </trkpt>
      <trkpt lat="18.791064" lon="99.191482">
        <ele>348.058933</ele>
        <time>2025-12-28T17:55:41.256Z</time>
      </trkpt>
      <trkpt lat="18.791196" lon="99.191337">
        <ele>347.873185</ele>
        <time>2025-12-28T17:55:44.736Z</time>
      </trkpt>
      <trkpt lat="18.791276" lon="99.191187">
        <ele>347.714212</ele>
        <time>2025-12-28T17:55:47.711Z</time>
      </trkpt>
      <trkpt lat="18.791481" lon="99.190612">
        <ele>347.146870</ele>
        <time>2025-12-28T17:55:58.234Z</time>
      </trkpt>
      <trkpt lat="18.791614" lon="99.190415">
        <ele>346.923448</ele>
        <time>2025-12-28T17:56:02.383Z</time>
      </trkpt>
      <trkpt lat="18.791797" lon="99.190257">
        <ele>346.692918</ele>
        <time>2025-12-28T17:56:06.788Z</time>
      </trkpt>
      <trkpt lat="18.792012" lon="99.190152">
        <ele>346.801017</ele>
        <time>2025-12-28T17:56:11.497Z</time>
      </trkpt>
      <trkpt lat="18.792234" lon="99.190087">
        <ele>347.048343</ele>
        <time>2025-12-28T17:56:16.512Z</time>
      </trkpt>
      <trkpt lat="18.793248" lon="99.189908">
        <ele>348.152070</ele>
        <time>2025-12-28T17:56:47.442Z</time>
      </trkpt>
      <trkpt lat="18.793440" lon="99.189912">
        <ele>348.358241</ele>
        <time>2025-12-28T17:56:53.015Z</time>
      </trkpt>
      <trkpt lat="18.793622" lon="99.189924">
        <ele>348.554017</ele>
        <time>2025-12-28T17:56:58.200Z</time>
      </trkpt>
      <trkpt lat="18.793917" lon="99.189995">
        <ele>348.644247</ele>
        <time>2025-12-28T17:57:06.402Z</time>
      </trkpt>
      <trkpt lat="18.794033" lon="99.190044">
        <ele>348.681406</ele>
        <time>2025-12-28T17:57:09.615Z</time>
      </trkpt>
      <trkpt lat="18.794402" lon="99.190224">
        <ele>348.802298</ele>
        <time>2025-12-28T17:57:19.922Z</time>
      </trkpt>
      <trkpt lat="18.794622" lon="99.190384">
        <ele>348.881744</ele>
        <time>2025-12-28T17:57:26.308Z</time>
      </trkpt>
      <trkpt lat="18.795298" lon="99.191264">
        <ele>348.957876</ele>
        <time>2025-12-28T17:57:47.470Z</time>
      </trkpt>
      <trkpt lat="18.795401" lon="99.191455">
        <ele>348.884918</ele>
        <time>2025-12-28T17:57:51.911Z</time>
      </trkpt>
      <trkpt lat="18.795460" lon="99.191698">
        <ele>348.801654</ele>
        <time>2025-12-28T17:57:56.911Z</time>
      </trkpt>
      <trkpt lat="18.795519" lon="99.192374">
        <ele>348.576333</ele>
        <time>2025-12-28T17:58:10.658Z</time>
      </trkpt>
      <trkpt lat="18.795592" lon="99.192556">
        <ele>348.510727</ele>
        <time>2025-12-28T17:58:14.813Z</time>
      </trkpt>
      <trkpt lat="18.795713" lon="99.192730">
        <ele>348.434109</ele>
        <time>2025-12-28T17:58:19.300Z</time>
      </trkpt>
      <trkpt lat="18.795895" lon="99.192853">
        <ele>348.339240</ele>
        <time>2025-12-28T17:58:24.030Z</time>
      </trkpt>
      <trkpt lat="18.796190" lon="99.192960">
        <ele>348.202286</ele>
        <time>2025-12-28T17:58:30.762Z</time>
      </trkpt>
      <trkpt lat="18.797154" lon="99.193122">
        <ele>347.773684</ele>
        <time>2025-12-28T17:58:50.902Z</time>
      </trkpt>
      <trkpt lat="18.797418" lon="99.193121">
        <ele>347.654780</ele>
        <time>2025-12-28T17:58:56.156Z</time>
      </trkpt>
      <trkpt lat="18.799042" lon="99.192892">
        <ele>346.743550</ele>
        <time>2025-12-28T17:59:28.358Z</time>
      </trkpt>
      <trkpt lat="18.799461" lon="99.192832">
        <ele>346.875758</ele>
        <time>2025-12-28T17:59:38.565Z</time>
      </trkpt>
      <trkpt lat="18.799806" lon="99.192854">
        <ele>347.124281</ele>
        <time>2025-12-28T17:59:47.493Z</time>
      </trkpt>
      <trkpt lat="18.800079" lon="99.192993">
        <ele>347.342193</ele>
        <time>2025-12-28T17:59:55.638Z</time>
      </trkpt>
      <trkpt lat="18.800259" lon="99.193128">
        <ele>347.500925</ele>
        <time>2025-12-28T18:00:01.705Z</time>
      </trkpt>
      <trkpt lat="18.800389" lon="99.193330">
        <ele>347.667189</ele>
        <time>2025-12-28T18:00:07.890Z</time>
      </trkpt>
      <trkpt lat="18.800668" lon="99.194151">
        <ele>348.092815</ele>
        <time>2025-12-28T18:00:28.370Z</time>
      </trkpt>
      <trkpt lat="18.800777" lon="99.194351">
        <ele>348.161578</ele>
        <time>2025-12-28T18:00:33.359Z</time>
      </trkpt>
      <trkpt lat="18.800932" lon="99.194516">
        <ele>348.230840</ele>
        <time>2025-12-28T18:00:38.301Z</time>
      </trkpt>
      <trkpt lat="18.801278" lon="99.194715">
        <ele>348.354840</ele>
        <time>2025-12-28T18:00:47.187Z</time>
      </trkpt>
      <trkpt lat="18.801618" lon="99.194811">
        <ele>348.465613</ele>
        <time>2025-12-28T18:00:55.198Z</time>
      </trkpt>
      <trkpt lat="18.803318" lon="99.195057">
        <ele>349.056677</ele>
        <time>2025-12-28T18:01:36.150Z</time>
      </trkpt>
      <trkpt lat="18.803551" lon="99.195163">
        <ele>349.145050</ele>
        <time>2025-12-28T18:01:42.212Z</time>
      </trkpt>
      <trkpt lat="18.803814" lon="99.195376">
        <ele>349.028330</ele>
        <time>2025-12-28T18:01:49.911Z</time>
      </trkpt>
      <trkpt lat="18.804091" lon="99.195755">
        <ele>348.840017</ele>
        <time>2025-12-28T18:01:59.840Z</time>
      </trkpt>
      <trkpt lat="18.804371" lon="99.196029">
        <ele>348.681445</ele>
        <time>2025-12-28T18:02:07.731Z</time>
      </trkpt>
      <trkpt lat="18.804521" lon="99.196134">
        <ele>348.606686</ele>
        <time>2025-12-28T18:02:11.325Z</time>
      </trkpt>
      <trkpt lat="18.804731" lon="99.196190">
        <ele>348.516702</ele>
        <time>2025-12-28T18:02:15.544Z</time>
      </trkpt>
      <trkpt lat="18.804949" lon="99.196190">
        <ele>348.426131</ele>
        <time>2025-12-28T18:02:19.706Z</time>
      </trkpt>
      <trkpt lat="18.805304" lon="99.196055">
        <ele>348.069727</ele>
        <time>2025-12-28T18:02:26.745Z</time>
      </trkpt>
      <trkpt lat="18.807039" lon="99.195396">
        <ele>346.529527</ele>
        <time>2025-12-28T18:03:02.247Z</time>
      </trkpt>
      <trkpt lat="18.807636" lon="99.195165">
        <ele>346.446629</ele>
        <time>2025-12-28T18:03:16.688Z</time>
      </trkpt>
      <trkpt lat="18.807855" lon="99.194995">
        <ele>346.411194</ele>
        <time>2025-12-28T18:03:23.212Z</time>
      </trkpt>
      <trkpt lat="18.807940" lon="99.194858">
        <ele>346.390976</ele>
        <time>2025-12-28T18:03:26.952Z</time>
      </trkpt>
      <trkpt lat="18.808005" lon="99.194738">
        <ele>346.373912</ele>
        <time>2025-12-28T18:03:30.074Z</time>
      </trkpt>
      <trkpt lat="18.808081" lon="99.194480">
        <ele>346.339638</ele>
        <time>2025-12-28T18:03:35.764Z</time>
      </trkpt>
      <trkpt lat="18.808091" lon="99.194366">
        <ele>346.321903</ele>
        <time>2025-12-28T18:03:38.041Z</time>
      </trkpt>
      <trkpt lat="18.808058" lon="99.194105">
        <ele>346.281115</ele>
        <time>2025-12-28T18:03:43.311Z</time>
      </trkpt>
      <trkpt lat="18.808063" lon="99.193713">
        <ele>346.220387</ele>
        <time>2025-12-28T18:03:51.118Z</time>
      </trkpt>
      <trkpt lat="18.808098" lon="99.193567">
        <ele>346.197058</ele>
        <time>2025-12-28T18:03:54.077Z</time>
      </trkpt>
      <trkpt lat="18.808221" lon="99.193280">
        <ele>346.148256</ele>
        <time>2025-12-28T18:04:00.308Z</time>
      </trkpt>
      <trkpt lat="18.809177" lon="99.191570">
        <ele>345.846417</ele>
        <time>2025-12-28T18:04:42.283Z</time>
      </trkpt>
      <trkpt lat="18.809293" lon="99.191269">
        <ele>345.797469</ele>
        <time>2025-12-28T18:04:48.705Z</time>
      </trkpt>
      <trkpt lat="18.809393" lon="99.190704">
        <ele>345.558254</ele>
        <time>2025-12-28T18:04:59.671Z</time>
      </trkpt>
      <trkpt lat="18.809447" lon="99.190093">
        <ele>345.198494</ele>
        <time>2025-12-28T18:05:11.082Z</time>
      </trkpt>
      <trkpt lat="18.809416" lon="99.189635">
        <ele>344.929304</ele>
        <time>2025-12-28T18:05:19.712Z</time>
      </trkpt>
      <trkpt lat="18.809377" lon="99.189489">
        <ele>344.840368</ele>
        <time>2025-12-28T18:05:22.614Z</time>
      </trkpt>
      <trkpt lat="18.809318" lon="99.189376">
        <ele>344.764712</ele>
        <time>2025-12-28T18:05:25.116Z</time>
      </trkpt>
      <trkpt lat="18.809126" lon="99.189244">
        <ele>344.651023</ele>
        <time>2025-12-28T18:05:29.868Z</time>
      </trkpt>
      <trkpt lat="18.808482" lon="99.189059">
        <ele>344.671092</ele>
        <time>2025-12-28T18:05:44.349Z</time>
      </trkpt>
      <trkpt lat="18.808222" lon="99.188910">
        <ele>344.679987</ele>
        <time>2025-12-28T18:05:50.938Z</time>
      </trkpt>
      <trkpt lat="18.808095" lon="99.188746">
        <ele>344.686018</ele>
        <time>2025-12-28T18:05:55.502Z</time>
      </trkpt>
      <trkpt lat="18.808025" lon="99.188566">
        <ele>344.691558</ele>
        <time>2025-12-28T18:05:59.753Z</time>
      </trkpt>
      <trkpt lat="18.807990" lon="99.188331">
        <ele>344.698329</ele>
        <time>2025-12-28T18:06:05.024Z</time>
      </trkpt>
      <trkpt lat="18.808035" lon="99.188114">
        <ele>344.713815</ele>
        <time>2025-12-28T18:06:10.041Z</time>
      </trkpt>
      <trkpt lat="18.808153" lon="99.187854">
        <ele>344.810726</ele>
        <time>2025-12-28T18:06:16.621Z</time>
      </trkpt>
      <trkpt lat="18.808411" lon="99.187438">
        <ele>344.977882</ele>
        <time>2025-12-28T18:06:27.843Z</time>
      </trkpt>
      <trkpt lat="18.808504" lon="99.187215">
        <ele>345.059785</ele>
        <time>2025-12-28T18:06:33.230Z</time>
      </trkpt>
      <trkpt lat="18.808585" lon="99.186925">
        <ele>345.161409</ele>
        <time>2025-12-28T18:06:39.819Z</time>
      </trkpt>
      <trkpt lat="18.808785" lon="99.185900">
        <ele>345.771199</ele>
        <time>2025-12-28T18:07:03.282Z</time>
      </trkpt>
      <trkpt lat="18.808844" lon="99.185760">
        <ele>345.900558</ele>
        <time>2025-12-28T18:07:07.068Z</time>
      </trkpt>
      <trkpt lat="18.808972" lon="99.185594">
        <ele>346.081288</ele>
        <time>2025-12-28T18:07:12.547Z</time>
      </trkpt>
      <trkpt lat="18.809194" lon="99.185446">
        <ele>346.315377</ele>
        <time>2025-12-28T18:07:19.884Z</time>
      </trkpt>
      <trkpt lat="18.809289" lon="99.185419">
        <ele>346.403104</ele>
        <time>2025-12-28T18:07:22.639Z</time>
      </trkpt>
      <trkpt lat="18.809756" lon="99.185369">
        <ele>346.821678</ele>
        <time>2025-12-28T18:07:35.454Z</time>
      </trkpt>
      <trkpt lat="18.809866" lon="99.185333">
        <ele>346.924369</ele>
        <time>2025-12-28T18:07:38.503Z</time>
      </trkpt>
      <trkpt lat="18.810026" lon="99.185219">
        <ele>346.938479</ele>
        <time>2025-12-28T18:07:43.429Z</time>
      </trkpt>
      <trkpt lat="18.810098" lon="99.185130">
        <ele>346.933295</ele>
        <time>2025-12-28T18:07:46.171Z</time>
      </trkpt>
      <trkpt lat="18.810138" lon="99.185035">
        <ele>346.928692</ele>
        <time>2025-12-28T18:07:48.525Z</time>
      </trkpt>
      <trkpt lat="18.810166" lon="99.184811">
        <ele>346.918687</ele>
        <time>2025-12-28T18:07:53.497Z</time>
      </trkpt>
      <trkpt lat="18.810143" lon="99.184355">
        <ele>346.898468</ele>
        <time>2025-12-28T18:08:02.734Z</time>
      </trkpt>
      <trkpt lat="18.810132" lon="99.184004">
        <ele>346.882918</ele>
        <time>2025-12-28T18:08:09.472Z</time>
      </trkpt>
      <trkpt lat="18.810170" lon="99.183821">
        <ele>346.874622</ele>
        <time>2025-12-28T18:08:12.972Z</time>
      </trkpt>
      <trkpt lat="18.810232" lon="99.183639">
        <ele>346.866057</ele>
        <time>2025-12-28T18:08:16.611Z</time>
      </trkpt>
      <trkpt lat="18.810343" lon="99.183438">
        <ele>346.842300</ele>
        <time>2025-12-28T18:08:21.050Z</time>
      </trkpt>
      <trkpt lat="18.810550" lon="99.183262">
        <ele>346.804008</ele>
        <time>2025-12-28T18:08:26.631Z</time>
      </trkpt>
      <trkpt lat="18.810779" lon="99.183106">
        <ele>346.764741</ele>
        <time>2025-12-28T18:08:32.603Z</time>
      </trkpt>
      <trkpt lat="18.811769" lon="99.182591">
        <ele>346.605714</ele>
        <time>2025-12-28T18:08:57.731Z</time>
      </trkpt>
      <trkpt lat="18.811998" lon="99.182425">
        <ele>346.545721</ele>
        <time>2025-12-28T18:09:03.643Z</time>
      </trkpt>
      <trkpt lat="18.812150" lon="99.182232">
        <ele>346.493151</ele>
        <time>2025-12-28T18:09:08.616Z</time>
      </trkpt>
      <trkpt lat="18.812227" lon="99.181979">
        <ele>346.437505</ele>
        <time>2025-12-28T18:09:13.789Z</time>
      </trkpt>
      <trkpt lat="18.812299" lon="99.181180">
        <ele>346.269448</ele>
        <time>2025-12-28T18:09:29.319Z</time>
      </trkpt>
      <trkpt lat="18.812434" lon="99.180896">
        <ele>346.219258</ele>
        <time>2025-12-28T18:09:35.859Z</time>
      </trkpt>
      <trkpt lat="18.812551" lon="99.180719">
        <ele>346.503239</ele>
        <time>2025-12-28T18:09:40.657Z</time>
      </trkpt>
      <trkpt lat="18.812764" lon="99.180515">
        <ele>346.902768</ele>
        <time>2025-12-28T18:09:48.029Z</time>
      </trkpt>
      <trkpt lat="18.812973" lon="99.180391">
        <ele>347.235874</ele>
        <time>2025-12-28T18:09:54.758Z</time>
      </trkpt>
      <trkpt lat="18.813257" lon="99.180343">
        <ele>347.635555</ele>
        <time>2025-12-28T18:10:03.436Z</time>
      </trkpt>
      <trkpt lat="18.813577" lon="99.180408">
        <ele>348.088391</ele>
        <time>2025-12-28T18:10:13.525Z</time>
      </trkpt>
      <trkpt lat="18.813979" lon="99.180552">
        <ele>348.678273</ele>
        <time>2025-12-28T18:10:26.572Z</time>
      </trkpt>
      <trkpt lat="18.814097" lon="99.180594">
        <ele>348.758918</ele>
        <time>2025-12-28T18:10:30.354Z</time>
      </trkpt>
      <trkpt lat="18.814463" lon="99.180756">
        <ele>348.962977</ele>
        <time>2025-12-28T18:10:41.658Z</time>
      </trkpt>
      <trkpt lat="18.815052" lon="99.180943">
        <ele>349.279238</ele>
        <time>2025-12-28T18:10:56.586Z</time>
      </trkpt>
      <trkpt lat="18.815786" lon="99.180948">
        <ele>349.624651</ele>
        <time>2025-12-28T18:11:11.559Z</time>
      </trkpt>
      <trkpt lat="18.816159" lon="99.181008">
        <ele>349.589548</ele>
        <time>2025-12-28T18:11:19.250Z</time>
      </trkpt>
      <trkpt lat="18.816332" lon="99.181077">
        <ele>349.572344</ele>
        <time>2025-12-28T18:11:23.147Z</time>
      </trkpt>
      <trkpt lat="18.816624" lon="99.181270">
        <ele>349.540298</ele>
        <time>2025-12-28T18:11:30.792Z</time>
      </trkpt>
      <trkpt lat="18.816792" lon="99.181461">
        <ele>349.517336</ele>
        <time>2025-12-28T18:11:36.579Z</time>
      </trkpt>
      <trkpt lat="18.816918" lon="99.181668">
        <ele>349.495662</ele>
        <time>2025-12-28T18:11:41.958Z</time>
      </trkpt>
      <trkpt lat="18.817050" lon="99.182044">
        <ele>349.460340</ele>
        <time>2025-12-28T18:11:50.597Z</time>
      </trkpt>
      <trkpt lat="18.817173" lon="99.182496">
        <ele>349.418800</ele>
        <time>2025-12-28T18:12:00.639Z</time>
      </trkpt>
      <trkpt lat="18.817238" lon="99.182914">
        <ele>349.381385</ele>
        <time>2025-12-28T18:12:09.696Z</time>
      </trkpt>
      <trkpt lat="18.817235" lon="99.183172">
        <ele>349.358596</ele>
        <time>2025-12-28T18:12:15.156Z</time>
      </trkpt>
      <trkpt lat="18.817172" lon="99.183402">
        <ele>349.337448</ele>
        <time>2025-12-28T18:12:20.054Z</time>
      </trkpt>
      <trkpt lat="18.816775" lon="99.184105">
        <ele>349.069467</ele>
        <time>2025-12-28T18:12:36.022Z</time>
      </trkpt>
      <trkpt lat="18.816753" lon="99.184297">
        <ele>348.938060</ele>
        <time>2025-12-28T18:12:39.739Z</time>
      </trkpt>
      <trkpt lat="18.816778" lon="99.184586">
        <ele>348.740881</ele>
        <time>2025-12-28T18:12:45.236Z</time>
      </trkpt>
      <trkpt lat="18.816884" lon="99.184782">
        <ele>348.587505</ele>
        <time>2025-12-28T18:12:49.408Z</time>
      </trkpt>
      <trkpt lat="18.817499" lon="99.185560">
        <ele>347.953370</ele>
        <time>2025-12-28T18:13:08.124Z</time>
      </trkpt>
      <trkpt lat="18.817674" lon="99.185826">
        <ele>347.848216</ele>
        <time>2025-12-28T18:13:14.361Z</time>
      </trkpt>
      <trkpt lat="18.817715" lon="99.186212">
        <ele>347.722130</ele>
        <time>2025-12-28T18:13:22.156Z</time>
      </trkpt>
      <trkpt lat="18.817639" lon="99.186668">
        <ele>347.571831</ele>
        <time>2025-12-28T18:13:31.646Z</time>
      </trkpt>
      <trkpt lat="18.817588" lon="99.187183">
        <ele>347.403745</ele>
        <time>2025-12-28T18:13:42.242Z</time>
      </trkpt>
      <trkpt lat="18.817613" lon="99.187302">
        <ele>347.372255</ele>
        <time>2025-12-28T18:13:44.730Z</time>
      </trkpt>
      <trkpt lat="18.817664" lon="99.187553">
        <ele>347.319129</ele>
        <time>2025-12-28T18:13:49.965Z</time>
      </trkpt>
      <trkpt lat="18.817731" lon="99.187653">
        <ele>347.293775</ele>
        <time>2025-12-28T18:13:52.451Z</time>
      </trkpt>
      <trkpt lat="18.817822" lon="99.187789">
        <ele>347.259309</ele>
        <time>2025-12-28T18:13:55.812Z</time>
      </trkpt>
      <trkpt lat="18.818127" lon="99.188020">
        <ele>347.177262</ele>
        <time>2025-12-28T18:14:03.795Z</time>
      </trkpt>
      <trkpt lat="18.818751" lon="99.188100">
        <ele>347.039837</ele>
        <time>2025-12-28T18:14:17.167Z</time>
      </trkpt>
      <trkpt lat="18.818974" lon="99.188073">
        <ele>346.989953</ele>
        <time>2025-12-28T18:14:22.037Z</time>
      </trkpt>
      <trkpt lat="18.819249" lon="99.187918">
        <ele>346.899406</ele>
        <time>2025-12-28T18:14:28.830Z</time>
      </trkpt>
      <trkpt lat="18.819472" lon="99.187698">
        <ele>346.810770</ele>
        <time>2025-12-28T18:14:35.456Z</time>
      </trkpt>
      <trkpt lat="18.820400" lon="99.186683">
        <ele>346.465388</ele>
        <time>2025-12-28T18:15:03.442Z</time>
      </trkpt>
      <trkpt lat="18.820830" lon="99.186212">
        <ele>346.445412</ele>
        <time>2025-12-28T18:15:16.592Z</time>
      </trkpt>
      <trkpt lat="18.821316" lon="99.185766">
        <ele>346.424650</ele>
        <time>2025-12-28T18:15:30.701Z</time>
      </trkpt>
      <trkpt lat="18.822072" lon="99.185241">
        <ele>346.675374</ele>
        <time>2025-12-28T18:15:52.764Z</time>
      </trkpt>
      <trkpt lat="18.822303" lon="99.185208">
        <ele>346.789956</ele>
        <time>2025-12-28T18:15:58.488Z</time>
      </trkpt>
      <trkpt lat="18.822447" lon="99.185187">
        <ele>346.861411</ele>
        <time>2025-12-28T18:16:02.044Z</time>
      </trkpt>
      <trkpt lat="18.824663" lon="99.185470">
        <ele>348.347126</ele>
        <time>2025-12-28T18:16:55.770Z</time>
      </trkpt>
      <trkpt lat="18.825017" lon="99.185563">
        <ele>348.631699</ele>
        <time>2025-12-28T18:17:05.799Z</time>
      </trkpt>
      <trkpt lat="18.825321" lon="99.185686">
        <ele>349.085242</ele>
        <time>2025-12-28T18:17:15.370Z</time>
      </trkpt>
      <trkpt lat="18.825473" lon="99.185755">
        <ele>349.353049</ele>
        <time>2025-12-28T18:17:20.355Z</time>
      </trkpt>
      <trkpt lat="18.825770" lon="99.186010">
        <ele>349.972566</ele>
        <time>2025-12-28T18:17:32.037Z</time>
      </trkpt>
      <trkpt lat="18.825953" lon="99.186545">
        <ele>350.844172</ele>
        <time>2025-12-28T18:17:48.285Z</time>
      </trkpt>
      <trkpt lat="18.826169" lon="99.187296">
        <ele>351.623497</ele>
        <time>2025-12-28T18:18:08.874Z</time>
      </trkpt>
      <trkpt lat="18.826352" lon="99.188782">
        <ele>351.686199</ele>
        <time>2025-12-28T18:18:40.313Z</time>
      </trkpt>
      <trkpt lat="18.826461" lon="99.188963">
        <ele>351.502372</ele>
        <time>2025-12-28T18:18:44.190Z</time>
      </trkpt>
      <trkpt lat="18.826669" lon="99.189186">
        <ele>350.891730</ele>
        <time>2025-12-28T18:18:49.604Z</time>
      </trkpt>
      <trkpt lat="18.826898" lon="99.189284">
        <ele>350.382601</ele>
        <time>2025-12-28T18:18:53.967Z</time>
      </trkpt>
      <trkpt lat="18.827086" lon="99.189322">
        <ele>349.988173</ele>
        <time>2025-12-28T18:18:57.292Z</time>
      </trkpt>
      <trkpt lat="18.827252" lon="99.189280">
        <ele>349.636433</ele>
        <time>2025-12-28T18:19:00.206Z</time>
      </trkpt>
      <trkpt lat="18.827545" lon="99.189167">
        <ele>348.993695</ele>
        <time>2025-12-28T18:19:05.469Z</time>
      </trkpt>
      <trkpt lat="18.827795" lon="99.189024">
        <ele>348.407879</ele>
        <time>2025-12-28T18:19:10.197Z</time>
      </trkpt>
      <trkpt lat="18.827802" lon="99.189020">
        <ele>348.391480</ele>
        <time>2025-12-28T18:19:10.333Z</time>
      </trkpt>
      <trkpt lat="18.828058" lon="99.188964">
        <ele>347.882385</ele>
        <time>2025-12-28T18:19:14.674Z</time>
      </trkpt>
      <trkpt lat="18.828871" lon="99.189064">
        <ele>346.574260</ele>
        <time>2025-12-28T18:19:28.678Z</time>
      </trkpt>
      <trkpt lat="18.829562" lon="99.189138">
        <ele>345.464233</ele>
        <time>2025-12-28T18:19:41.723Z</time>
      </trkpt>
      <trkpt lat="18.831115" lon="99.189334">
        <ele>345.413485</ele>
        <time>2025-12-28T18:20:17.047Z</time>
      </trkpt>
      <trkpt lat="18.831511" lon="99.189259">
        <ele>345.504393</ele>
        <time>2025-12-28T18:20:27.386Z</time>
      </trkpt>
      <trkpt lat="18.831876" lon="99.189076">
        <ele>345.744836</ele>
        <time>2025-12-28T18:20:38.001Z</time>
      </trkpt>
      <trkpt lat="18.832841" lon="99.188359">
        <ele>346.513916</ele>
        <time>2025-12-28T18:21:07.848Z</time>
      </trkpt>
      <trkpt lat="18.832928" lon="99.188182">
        <ele>346.636977</ele>
        <time>2025-12-28T18:21:12.157Z</time>
      </trkpt>
      <trkpt lat="18.833271" lon="99.187090">
        <ele>347.069878</ele>
        <time>2025-12-28T18:21:37.423Z</time>
      </trkpt>
      <trkpt lat="18.833392" lon="99.186991">
        <ele>347.127629</ele>
        <time>2025-12-28T18:21:41.004Z</time>
      </trkpt>
      <trkpt lat="18.833653" lon="99.186866">
        <ele>347.235768</ele>
        <time>2025-12-28T18:21:47.841Z</time>
      </trkpt>
      <trkpt lat="18.833882" lon="99.186815">
        <ele>347.324084</ele>
        <time>2025-12-28T18:21:53.573Z</time>
      </trkpt>
      <trkpt lat="18.833957" lon="99.186798">
        <ele>347.353030</ele>
        <time>2025-12-28T18:21:55.473Z</time>
      </trkpt>
      <trkpt lat="18.836532" lon="99.187143">
        <ele>348.594542</ele>
        <time>2025-12-28T18:22:59.255Z</time>
      </trkpt>
      <trkpt lat="18.836953" lon="99.187289">
        <ele>348.691046</ele>
        <time>2025-12-28T18:23:09.260Z</time>
      </trkpt>
      <trkpt lat="18.837277" lon="99.187332">
        <ele>348.762166</ele>
        <time>2025-12-28T18:23:16.419Z</time>
      </trkpt>
      <trkpt lat="18.837696" lon="99.187239">
        <ele>348.821483</ele>
        <time>2025-12-28T18:23:25.597Z</time>
      </trkpt>
      <trkpt lat="18.838840" lon="99.186857">
        <ele>348.823149</ele>
        <time>2025-12-28T18:23:51.568Z</time>
      </trkpt>
      <trkpt lat="18.838962" lon="99.186820">
        <ele>348.823326</ele>
        <time>2025-12-28T18:23:54.461Z</time>
      </trkpt>
      <trkpt lat="18.842251" lon="99.185728">
        <ele>350.415505</ele>
        <time>2025-12-28T18:25:18.344Z</time>
      </trkpt>
      <trkpt lat="18.845436" lon="99.184540">
        <ele>351.836555</ele>
        <time>2025-12-28T18:26:41.021Z</time>
      </trkpt>
      <trkpt lat="18.846892" lon="99.183926">
        <ele>351.206179</ele>
        <time>2025-12-28T18:27:13.223Z</time>
      </trkpt>
      <trkpt lat="18.847413" lon="99.183678">
        <ele>350.733383</ele>
        <time>2025-12-28T18:27:24.081Z</time>
      </trkpt>
      <trkpt lat="18.847953" lon="99.183383">
        <ele>350.203898</ele>
        <time>2025-12-28T18:27:35.492Z</time>
      </trkpt>
      <trkpt lat="18.848402" lon="99.183063">
        <ele>349.701368</ele>
        <time>2025-12-28T18:27:45.733Z</time>
      </trkpt>
      <trkpt lat="18.849878" lon="99.181748">
        <ele>348.308524</ele>
        <time>2025-12-28T18:28:24.258Z</time>
      </trkpt>
      <trkpt lat="18.850415" lon="99.181235">
        <ele>347.944610</ele>
        <time>2025-12-28T18:28:39.652Z</time>
      </trkpt>
      <trkpt lat="18.851143" lon="99.180704">
        <ele>347.590941</ele>
        <time>2025-12-28T18:28:58.571Z</time>
      </trkpt>
      <trkpt lat="18.853046" lon="99.179861">
        <ele>346.965739</ele>
        <time>2025-12-28T18:29:41.215Z</time>
      </trkpt>
      <trkpt lat="18.853176" lon="99.179819">
        <ele>346.935553</ele>
        <time>2025-12-28T18:29:44.154Z</time>
      </trkpt>
      <trkpt lat="18.853685" lon="99.179728">
        <ele>346.820924</ele>
        <time>2025-12-28T18:29:55.703Z</time>
      </trkpt>
      <trkpt lat="18.854370" lon="99.179702">
        <ele>346.823868</ele>
        <time>2025-12-28T18:30:11.845Z</time>
      </trkpt>
      <trkpt lat="18.854600" lon="99.179610">
        <ele>346.838503</ele>
        <time>2025-12-28T18:30:17.519Z</time>
      </trkpt>
      <trkpt lat="18.854795" lon="99.179464">
        <ele>346.852725</ele>
        <time>2025-12-28T18:30:22.923Z</time>
      </trkpt>
      <trkpt lat="18.854953" lon="99.179223">
        <ele>346.869236</ele>
        <time>2025-12-28T18:30:29.040Z</time>
      </trkpt>
      <trkpt lat="18.855395" lon="99.178138">
        <ele>346.884006</ele>
        <time>2025-12-28T18:30:53.052Z</time>
      </trkpt>
      <trkpt lat="18.855484" lon="99.178020">
        <ele>346.880822</ele>
        <time>2025-12-28T18:30:56.121Z</time>
      </trkpt>
      <trkpt lat="18.855909" lon="99.177653">
        <ele>346.868583</ele>
        <time>2025-12-28T18:31:08.384Z</time>
      </trkpt>
      <trkpt lat="18.856548" lon="99.177063">
        <ele>346.950899</ele>
        <time>2025-12-28T18:31:27.817Z</time>
      </trkpt>
      <trkpt lat="18.856752" lon="99.176542">
        <ele>347.083360</ele>
        <time>2025-12-28T18:31:40.094Z</time>
      </trkpt>
      <trkpt lat="18.856885" lon="99.176321">
        <ele>347.144888</ele>
        <time>2025-12-28T18:31:45.821Z</time>
      </trkpt>
      <trkpt lat="18.857080" lon="99.176086">
        <ele>347.218314</ele>
        <time>2025-12-28T18:31:52.683Z</time>
      </trkpt>
      <trkpt lat="18.857312" lon="99.175915">
        <ele>347.288535</ele>
        <time>2025-12-28T18:31:59.308Z</time>
      </trkpt>
      <trkpt lat="18.857965" lon="99.175741">
        <ele>347.585605</ele>
        <time>2025-12-28T18:32:15.816Z</time>
      </trkpt>
      <trkpt lat="18.858188" lon="99.175729">
        <ele>347.688656</ele>
        <time>2025-12-28T18:32:21.390Z</time>
      </trkpt>
      <trkpt lat="18.858420" lon="99.175749">
        <ele>347.796083</ele>
        <time>2025-12-28T18:32:27.197Z</time>
      </trkpt>
      <trkpt lat="18.859193" lon="99.176025">
        <ele>348.134585</ele>
        <time>2025-12-28T18:32:46.733Z</time>
      </trkpt>
      <trkpt lat="18.859500" lon="99.176031">
        <ele>348.134452</ele>
        <time>2025-12-28T18:32:53.762Z</time>
      </trkpt>
      <trkpt lat="18.859810" lon="99.175859">
        <ele>348.134300</ele>
        <time>2025-12-28T18:33:01.573Z</time>
      </trkpt>
      <trkpt lat="18.860024" lon="99.175607">
        <ele>348.134161</ele>
        <time>2025-12-28T18:33:08.601Z</time>
      </trkpt>
      <trkpt lat="18.860153" lon="99.175269">
        <ele>348.134012</ele>
        <time>2025-12-28T18:33:16.019Z</time>
      </trkpt>
      <trkpt lat="18.860175" lon="99.175046">
        <ele>348.133920</ele>
        <time>2025-12-28T18:33:20.568Z</time>
      </trkpt>
      <trkpt lat="18.860136" lon="99.174799">
        <ele>348.123415</ele>
        <time>2025-12-28T18:33:25.683Z</time>
      </trkpt>
      <trkpt lat="18.859812" lon="99.174213">
        <ele>348.002495</ele>
        <time>2025-12-28T18:33:39.556Z</time>
      </trkpt>
      <trkpt lat="18.858727" lon="99.172251">
        <ele>347.882902</ele>
        <time>2025-12-28T18:34:25.800Z</time>
      </trkpt>
      <trkpt lat="18.858673" lon="99.172001">
        <ele>347.903180</ele>
        <time>2025-12-28T18:34:31.345Z</time>
      </trkpt>
      <trkpt lat="18.858669" lon="99.171740">
        <ele>347.923823</ele>
        <time>2025-12-28T18:34:37.224Z</time>
      </trkpt>
      <trkpt lat="18.858728" lon="99.171488">
        <ele>347.944352</ele>
        <time>2025-12-28T18:34:43.291Z</time>
      </trkpt>
      <trkpt lat="18.858871" lon="99.171240">
        <ele>348.058526</ele>
        <time>2025-12-28T18:34:50.269Z</time>
      </trkpt>
      <trkpt lat="18.859483" lon="99.170473">
        <ele>348.469681</ele>
        <time>2025-12-28T18:35:13.944Z</time>
      </trkpt>
      <trkpt lat="18.860253" lon="99.169502">
        <ele>348.749703</ele>
        <time>2025-12-28T18:35:40.752Z</time>
      </trkpt>
      <trkpt lat="18.860465" lon="99.169290">
        <ele>348.761779</ele>
        <time>2025-12-28T18:35:47.005Z</time>
      </trkpt>
      <trkpt lat="18.860782" lon="99.169173">
        <ele>348.775671</ele>
        <time>2025-12-28T18:35:54.389Z</time>
      </trkpt>
      <trkpt lat="18.861099" lon="99.169165">
        <ele>348.788790</ele>
        <time>2025-12-28T18:36:01.553Z</time>
      </trkpt>
      <trkpt lat="18.861382" lon="99.169239">
        <ele>348.802254</ele>
        <time>2025-12-28T18:36:08.292Z</time>
      </trkpt>
      <trkpt lat="18.861659" lon="99.169426">
        <ele>348.825417</ele>
        <time>2025-12-28T18:36:16.000Z</time>
      </trkpt>
      <trkpt lat="18.862600" lon="99.170585">
        <ele>348.922884</ele>
        <time>2025-12-28T18:36:48.823Z</time>
      </trkpt>
      <trkpt lat="18.863337" lon="99.171452">
        <ele>348.794632</ele>
        <time>2025-12-28T18:37:12.188Z</time>
      </trkpt>
      <trkpt lat="18.863653" lon="99.171839">
        <ele>348.738382</ele>
        <time>2025-12-28T18:37:22.579Z</time>
      </trkpt>
      <trkpt lat="18.864091" lon="99.172212">
        <ele>348.870018</ele>
        <time>2025-12-28T18:37:35.401Z</time>
      </trkpt>
      <trkpt lat="18.866074" lon="99.172664">
        <ele>349.233465</ele>
        <time>2025-12-28T18:38:24.930Z</time>
      </trkpt>
      <trkpt lat="18.866128" lon="99.172668">
        <ele>349.213567</ele>
        <time>2025-12-28T18:38:26.120Z</time>
      </trkpt>
      <trkpt lat="18.866526" lon="99.172724">
        <ele>349.065977</ele>
        <time>2025-12-28T18:38:34.564Z</time>
      </trkpt>
      <trkpt lat="18.866843" lon="99.172696">
        <ele>348.949046</ele>
        <time>2025-12-28T18:38:40.856Z</time>
      </trkpt>
      <trkpt lat="18.867206" lon="99.172534">
        <ele>348.804202</ele>
        <time>2025-12-28T18:38:48.309Z</time>
      </trkpt>
      <trkpt lat="18.867450" lon="99.172326">
        <ele>348.395574</ele>
        <time>2025-12-28T18:38:54.042Z</time>
      </trkpt>
      <trkpt lat="18.867611" lon="99.172066">
        <ele>347.986300</ele>
        <time>2025-12-28T18:38:59.343Z</time>
      </trkpt>
      <trkpt lat="18.867904" lon="99.171452">
        <ele>347.080542</ele>
        <time>2025-12-28T18:39:11.113Z</time>
      </trkpt>
      <trkpt lat="18.868064" lon="99.171293">
        <ele>346.774826</ele>
        <time>2025-12-28T18:39:15.182Z</time>
      </trkpt>
      <trkpt lat="18.868715" lon="99.170827">
        <ele>346.140061</ele>
        <time>2025-12-28T18:39:30.217Z</time>
      </trkpt>
      <trkpt lat="18.870047" lon="99.169919">
        <ele>345.882183</ele>
        <time>2025-12-28T18:40:04.599Z</time>
      </trkpt>
      <trkpt lat="18.870186" lon="99.169817">
        <ele>346.039638</ele>
        <time>2025-12-28T18:40:08.952Z</time>
      </trkpt>
      <trkpt lat="18.870317" lon="99.169673">
        <ele>346.215510</ele>
        <time>2025-12-28T18:40:13.954Z</time>
      </trkpt>
      <trkpt lat="18.870425" lon="99.169486">
        <ele>346.408396</ele>
        <time>2025-12-28T18:40:19.566Z</time>
      </trkpt>
      <trkpt lat="18.870594" lon="99.169006">
        <ele>346.859313</ele>
        <time>2025-12-28T18:40:33.081Z</time>
      </trkpt>
      <trkpt lat="18.870753" lon="99.168426">
        <ele>347.378184</ele>
        <time>2025-12-28T18:40:48.776Z</time>
      </trkpt>
      <trkpt lat="18.870900" lon="99.168134">
        <ele>347.585642</ele>
        <time>2025-12-28T18:40:56.686Z</time>
      </trkpt>
      <trkpt lat="18.871157" lon="99.167899">
        <ele>347.810913</ele>
        <time>2025-12-28T18:41:05.044Z</time>
      </trkpt>
      <trkpt lat="18.871423" lon="99.167755">
        <ele>348.009021</ele>
        <time>2025-12-28T18:41:12.225Z</time>
      </trkpt>
      <trkpt lat="18.871759" lon="99.167719">
        <ele>348.232883</ele>
        <time>2025-12-28T18:41:20.133Z</time>
      </trkpt>
      <trkpt lat="18.874079" lon="99.167828">
        <ele>349.815789</ele>
        <time>2025-12-28T18:42:18.070Z</time>
      </trkpt>
      <trkpt lat="18.874165" lon="99.167862">
        <ele>349.852754</ele>
        <time>2025-12-28T18:42:20.515Z</time>
      </trkpt>
      <trkpt lat="18.874236" lon="99.167923">
        <ele>349.889591</ele>
        <time>2025-12-28T18:42:22.937Z</time>
      </trkpt>
      <trkpt lat="18.874457" lon="99.168268">
        <ele>350.048297</ele>
        <time>2025-12-28T18:42:32.944Z</time>
      </trkpt>
      <trkpt lat="18.874607" lon="99.168431">
        <ele>350.134912</ele>
        <time>2025-12-28T18:42:38.271Z</time>
      </trkpt>
      <trkpt lat="18.874753" lon="99.168538">
        <ele>350.206439</ele>
        <time>2025-12-28T18:42:42.554Z</time>
      </trkpt>
      <trkpt lat="18.875066" lon="99.168620">
        <ele>350.336261</ele>
        <time>2025-12-28T18:42:50.307Z</time>
      </trkpt>
      <trkpt lat="18.875371" lon="99.168606">
        <ele>350.459164</ele>
        <time>2025-12-28T18:42:57.405Z</time>
      </trkpt>
      <trkpt lat="18.875782" lon="99.168554">
        <ele>350.295796</ele>
        <time>2025-12-28T18:43:06.113Z</time>
      </trkpt>
      <trkpt lat="18.876056" lon="99.168509">
        <ele>350.075397</ele>
        <time>2025-12-28T18:43:11.607Z</time>
      </trkpt>
      <trkpt lat="18.876257" lon="99.168452">
        <ele>349.909983</ele>
        <time>2025-12-28T18:43:15.737Z</time>
      </trkpt>
      <trkpt lat="18.876452" lon="99.168374">
        <ele>349.744260</ele>
        <time>2025-12-28T18:43:19.851Z</time>
      </trkpt>
      <trkpt lat="18.876642" lon="99.168252">
        <ele>349.567553</ele>
        <time>2025-12-28T18:43:24.166Z</time>
      </trkpt>
      <trkpt lat="18.876804" lon="99.168088">
        <ele>349.389246</ele>
        <time>2025-12-28T18:43:28.505Z</time>
      </trkpt>
      <trkpt lat="18.877077" lon="99.167616">
        <ele>348.907610</ele>
        <time>2025-12-28T18:43:38.403Z</time>
      </trkpt>
      <trkpt lat="18.877203" lon="99.167243">
        <ele>348.435371</ele>
        <time>2025-12-28T18:43:45.229Z</time>
      </trkpt>
      <trkpt lat="18.877823" lon="99.165115">
        <ele>346.572854</ele>
        <time>2025-12-28T18:44:24.954Z</time>
      </trkpt>
      <trkpt lat="18.878022" lon="99.164438">
        <ele>346.372690</ele>
        <time>2025-12-28T18:44:39.779Z</time>
      </trkpt>
      <trkpt lat="18.878094" lon="99.164141">
        <ele>346.286123</ele>
        <time>2025-12-28T18:44:47.229Z</time>
      </trkpt>
      <trkpt lat="18.878121" lon="99.163897">
        <ele>346.499037</ele>
        <time>2025-12-28T18:44:53.629Z</time>
      </trkpt>
      <trkpt lat="18.878116" lon="99.163645">
        <ele>346.735858</ele>
        <time>2025-12-28T18:45:00.352Z</time>
      </trkpt>
      <trkpt lat="18.878085" lon="99.163415">
        <ele>346.954138</ele>
        <time>2025-12-28T18:45:06.527Z</time>
      </trkpt>
      <trkpt lat="18.878017" lon="99.163178">
        <ele>347.186827</ele>
        <time>2025-12-28T18:45:13.135Z</time>
      </trkpt>
      <trkpt lat="18.877868" lon="99.162814">
        <ele>347.559458</ele>
        <time>2025-12-28T18:45:23.619Z</time>
      </trkpt>
      <trkpt lat="18.877801" lon="99.162703">
        <ele>347.683163</ele>
        <time>2025-12-28T18:45:27.062Z</time>
      </trkpt>
      <trkpt lat="18.876891" lon="99.160966">
        <ele>348.290872</ele>
        <time>2025-12-28T18:46:10.237Z</time>
      </trkpt>
      <trkpt lat="18.876820" lon="99.160755">
        <ele>348.322545</ele>
        <time>2025-12-28T18:46:14.759Z</time>
      </trkpt>
      <trkpt lat="18.876783" lon="99.160518">
        <ele>348.384891</ele>
        <time>2025-12-28T18:46:19.662Z</time>
      </trkpt>
      <trkpt lat="18.876787" lon="99.160297">
        <ele>348.461223</ele>
        <time>2025-12-28T18:46:24.156Z</time>
      </trkpt>
      <trkpt lat="18.876861" lon="99.160073">
        <ele>348.543156</ele>
        <time>2025-12-28T18:46:29.041Z</time>
      </trkpt>
      <trkpt lat="18.877009" lon="99.159844">
        <ele>348.638923</ele>
        <time>2025-12-28T18:46:34.709Z</time>
      </trkpt>
      <trkpt lat="18.877201" lon="99.159641">
        <ele>348.738042</ele>
        <time>2025-12-28T18:46:40.832Z</time>
      </trkpt>
      <trkpt lat="18.877806" lon="99.159127">
        <ele>349.058804</ele>
        <time>2025-12-28T18:47:01.025Z</time>
      </trkpt>
      <trkpt lat="18.877867" lon="99.159080">
        <ele>349.123121</ele>
        <time>2025-12-28T18:47:03.039Z</time>
      </trkpt>
      <trkpt lat="18.878446" lon="99.158951">
        <ele>349.627268</ele>
        <time>2025-12-28T18:47:18.901Z</time>
      </trkpt>
      <trkpt lat="18.879195" lon="99.158840">
        <ele>350.271656</ele>
        <time>2025-12-28T18:47:39.016Z</time>
      </trkpt>
      <trkpt lat="18.880141" lon="99.158389">
        <ele>350.115414</ele>
        <time>2025-12-28T18:48:02.640Z</time>
      </trkpt>
      <trkpt lat="18.880362" lon="99.158275">
        <ele>349.978993</ele>
        <time>2025-12-28T18:48:07.489Z</time>
      </trkpt>
      <trkpt lat="18.880567" lon="99.158100">
        <ele>349.832808</ele>
        <time>2025-12-28T18:48:12.549Z</time>
      </trkpt>
      <trkpt lat="18.880876" lon="99.157628">
        <ele>349.531541</ele>
        <time>2025-12-28T18:48:22.752Z</time>
      </trkpt>
      <trkpt lat="18.881073" lon="99.157318">
        <ele>349.115769</ele>
        <time>2025-12-28T18:48:29.326Z</time>
      </trkpt>
      <trkpt lat="18.881349" lon="99.157074">
        <ele>348.688153</ele>
        <time>2025-12-28T18:48:36.067Z</time>
      </trkpt>
      <trkpt lat="18.882517" lon="99.156462">
        <ele>347.119727</ele>
        <time>2025-12-28T18:49:00.883Z</time>
      </trkpt>
      <trkpt lat="18.884390" lon="99.155537">
        <ele>344.881455</ele>
        <time>2025-12-28T18:49:39.431Z</time>
      </trkpt>
      <trkpt lat="18.884317" lon="99.155357">
        <ele>344.800997</ele>
        <time>2025-12-28T18:49:43.275Z</time>
      </trkpt>
      <trkpt lat="18.884453" lon="99.155283">
        <ele>344.734577</ele>
        <time>2025-12-28T18:49:46.352Z</time>
      </trkpt>
      <trkpt lat="18.886049" lon="99.154393">
        <ele>344.566216</ele>
        <time>2025-12-28T18:50:29.170Z</time>
      </trkpt>
      <trkpt lat="18.886270" lon="99.154276">
        <ele>344.643299</ele>
        <time>2025-12-28T18:50:35.329Z</time>
      </trkpt>
      <trkpt lat="18.886593" lon="99.154105">
        <ele>344.755958</ele>
        <time>2025-12-28T18:50:44.269Z</time>
      </trkpt>
      <trkpt lat="18.887120" lon="99.153826">
        <ele>345.030453</ele>
        <time>2025-12-28T18:50:59.273Z</time>
      </trkpt>
      <trkpt lat="18.887597" lon="99.153576">
        <ele>345.412242</ele>
        <time>2025-12-28T18:51:12.546Z</time>
      </trkpt>
      <trkpt lat="18.890532" lon="99.152080">
        <ele>347.908272</ele>
        <time>2025-12-28T18:52:39.988Z</time>
      </trkpt>
      <trkpt lat="18.892573" lon="99.151043">
        <ele>348.465435</ele>
        <time>2025-12-28T18:53:33.546Z</time>
      </trkpt>
      <trkpt lat="18.897037" lon="99.148753">
        <ele>348.717221</ele>
        <time>2025-12-28T18:55:29.943Z</time>
      </trkpt>
      <trkpt lat="18.897476" lon="99.148592">
        <ele>348.607945</ele>
        <time>2025-12-28T18:55:39.923Z</time>
      </trkpt>
      <trkpt lat="18.898113" lon="99.148493">
        <ele>348.456535</ele>
        <time>2025-12-28T18:55:53.495Z</time>
      </trkpt>
      <trkpt lat="18.899269" lon="99.148495">
        <ele>348.613261</ele>
        <time>2025-12-28T18:56:21.759Z</time>
      </trkpt>
      <trkpt lat="18.899309" lon="99.148324">
        <ele>348.652103</ele>
        <time>2025-12-28T18:56:26.143Z</time>
      </trkpt>
      <trkpt lat="18.899334" lon="99.147954">
        <ele>348.733899</ele>
        <time>2025-12-28T18:56:35.086Z</time>
      </trkpt>
      <trkpt lat="18.899313" lon="99.147738">
        <ele>348.781780</ele>
        <time>2025-12-28T18:56:40.085Z</time>
      </trkpt>
      <trkpt lat="18.899293" lon="99.147620">
        <ele>348.808214</ele>
        <time>2025-12-28T18:56:42.791Z</time>
      </trkpt>
      <trkpt lat="18.899253" lon="99.147560">
        <ele>348.792978</ele>
        <time>2025-12-28T18:56:44.391Z</time>
      </trkpt>
      <trkpt lat="18.899179" lon="99.147508">
        <ele>348.689829</ele>
        <time>2025-12-28T18:56:46.457Z</time>
      </trkpt>
      <trkpt lat="18.899066" lon="99.147491">
        <ele>348.557338</ele>
        <time>2025-12-28T18:56:49.055Z</time>
      </trkpt>
      <trkpt lat="18.898976" lon="99.147448">
        <ele>348.442690</ele>
        <time>2025-12-28T18:56:51.243Z</time>
      </trkpt>
      <trkpt lat="18.898928" lon="99.147388">
        <ele>348.356397</ele>
        <time>2025-12-28T18:56:52.932Z</time>
      </trkpt>
      <trkpt lat="18.898895" lon="99.147285">
        <ele>348.236971</ele>
        <time>2025-12-28T18:56:55.143Z</time>
      </trkpt>
      <trkpt lat="18.898835" lon="99.146173">
        <ele>347.013774</ele>
        <time>2025-12-28T18:57:14.989Z</time>
      </trkpt>
      <trkpt lat="18.898684" lon="99.144238">
        <ele>344.317223</ele>
        <time>2025-12-28T18:57:50.123Z</time>
      </trkpt>
      <trkpt lat="18.898666" lon="99.144075">
        <ele>344.082020</ele>
        <time>2025-12-28T18:57:53.166Z</time>
      </trkpt>
      <trkpt lat="18.898627" lon="99.143732">
        <ele>343.691249</ele>
        <time>2025-12-28T18:57:59.586Z</time>
      </trkpt>
      <trkpt lat="18.897874" lon="99.141105">
        <ele>341.106098</ele>
        <time>2025-12-28T18:58:51.443Z</time>
      </trkpt>
      <trkpt lat="18.897034" lon="99.141565">
        <ele>340.504642</ele>
        <time>2025-12-28T18:59:11.949Z</time>
      </trkpt>
      <trkpt lat="18.896730" lon="99.141111">
        <ele>340.439702</ele>
        <time>2025-12-28T18:59:24.063Z</time>
      </trkpt>
      <trkpt lat="18.896463" lon="99.140767">
        <ele>340.387751</ele>
        <time>2025-12-28T18:59:34.110Z</time>
      </trkpt>
      <trkpt lat="18.896396" lon="99.140737">
        <ele>340.378771</ele>
        <time>2025-12-28T18:59:35.869Z</time>
      </trkpt>
      <trkpt lat="18.895853" lon="99.140747">
        <ele>340.311751</ele>
        <time>2025-12-28T18:59:48.561Z</time>
      </trkpt>
      <trkpt lat="18.895197" lon="99.140759">
        <ele>339.338900</ele>
        <time>2025-12-28T19:00:02.661Z</time>
      </trkpt>
      <trkpt lat="18.895176" lon="99.140391">
        <ele>338.812218</ele>
        <time>2025-12-28T19:00:09.471Z</time>
      </trkpt>
      <trkpt lat="18.895099" lon="99.140187">
        <ele>338.498445</ele>
        <time>2025-12-28T19:00:13.361Z</time>
      </trkpt>
      <trkpt lat="18.895077" lon="99.139976">
        <ele>338.195184</ele>
        <time>2025-12-28T19:00:17.014Z</time>
      </trkpt>
      <trkpt lat="18.895025" lon="99.139735">
        <ele>337.842050</ele>
        <time>2025-12-28T19:00:20.926Z</time>
      </trkpt>
      <trkpt lat="18.894999" lon="99.139448">
        <ele>337.350886</ele>
        <time>2025-12-28T19:00:25.379Z</time>
      </trkpt>
      <trkpt lat="18.894999" lon="99.138468">
        <ele>335.274448</ele>
        <time>2025-12-28T19:00:40.685Z</time>
      </trkpt>
      <trkpt lat="18.894913" lon="99.137844">
        <ele>333.938354</ele>
        <time>2025-12-28T19:00:51.139Z</time>
      </trkpt>
      <trkpt lat="18.894801" lon="99.136409">
        <ele>333.503637</ele>
        <time>2025-12-28T19:01:19.442Z</time>
      </trkpt>
      <trkpt lat="18.894797" lon="99.135908">
        <ele>333.478839</ele>
        <time>2025-12-28T19:01:32.169Z</time>
      </trkpt>
      <trkpt lat="18.894823" lon="99.135253">
        <ele>333.438120</ele>
        <time>2025-12-28T19:01:48.377Z</time>
      </trkpt>
      <trkpt lat="18.894815" lon="99.134835">
        <ele>333.410774</ele>
        <time>2025-12-28T19:01:57.329Z</time>
      </trkpt>
      <trkpt lat="18.894784" lon="99.134579">
        <ele>333.393892</ele>
        <time>2025-12-28T19:02:02.563Z</time>
      </trkpt>
      <trkpt lat="18.894673" lon="99.133805">
        <ele>333.326388</ele>
        <time>2025-12-28T19:02:17.195Z</time>
      </trkpt>
      <trkpt lat="18.894581" lon="99.133253">
        <ele>333.172122</ele>
        <time>2025-12-28T19:02:27.117Z</time>
      </trkpt>
      <trkpt lat="18.894568" lon="99.132246">
        <ele>332.894939</ele>
        <time>2025-12-28T19:02:47.394Z</time>
      </trkpt>
      <trkpt lat="18.894587" lon="99.132167">
        <ele>332.872504</ele>
        <time>2025-12-28T19:02:49.297Z</time>
      </trkpt>
      <trkpt lat="18.894624" lon="99.132005">
        <ele>332.826636</ele>
        <time>2025-12-28T19:02:53.260Z</time>
      </trkpt>
      <trkpt lat="18.894642" lon="99.131609">
        <ele>333.241114</ele>
        <time>2025-12-28T19:03:03.170Z</time>
      </trkpt>
      <trkpt lat="18.894696" lon="99.131313">
        <ele>333.564097</ele>
        <time>2025-12-28T19:03:11.040Z</time>
      </trkpt>
      <trkpt lat="18.894810" lon="99.130588">
        <ele>334.351532</ele>
        <time>2025-12-28T19:03:30.692Z</time>
      </trkpt>
      <trkpt lat="18.894941" lon="99.130103">
        <ele>334.865378</ele>
        <time>2025-12-28T19:03:43.904Z</time>
      </trkpt>
      <trkpt lat="18.895193" lon="99.129735">
        <ele>334.928898</ele>
        <time>2025-12-28T19:03:54.754Z</time>
      </trkpt>
      <trkpt lat="18.895356" lon="99.129586">
        <ele>334.960748</ele>
        <time>2025-12-28T19:03:59.778Z</time>
      </trkpt>
      <trkpt lat="18.895550" lon="99.129517">
        <ele>334.990999</ele>
        <time>2025-12-28T19:04:04.333Z</time>
      </trkpt>
      <trkpt lat="18.895640" lon="99.129439">
        <ele>335.008200</ele>
        <time>2025-12-28T19:04:06.882Z</time>
      </trkpt>
      <trkpt lat="18.895695" lon="99.129267">
        <ele>335.033587</ele>
        <time>2025-12-28T19:04:10.553Z</time>
      </trkpt>
      <trkpt lat="18.895711" lon="99.129050">
        <ele>335.064022</ele>
        <time>2025-12-28T19:04:14.868Z</time>
      </trkpt>
      <trkpt lat="18.895711" lon="99.128441">
        <ele>335.027936</ele>
        <time>2025-12-28T19:04:26.882Z</time>
      </trkpt>
      <trkpt lat="18.895770" lon="99.127803">
        <ele>334.622690</ele>
        <time>2025-12-28T19:04:39.351Z</time>
      </trkpt>
      <trkpt lat="18.895962" lon="99.127470">
        <ele>334.376168</ele>
        <time>2025-12-28T19:04:46.819Z</time>
      </trkpt>
      <trkpt lat="18.895261" lon="99.126864">
        <ele>333.696935</ele>
        <time>2025-12-28T19:05:04.518Z</time>
      </trkpt>
      <trkpt lat="18.894918" lon="99.126596">
        <ele>333.275044</ele>
        <time>2025-12-28T19:05:12.703Z</time>
      </trkpt>
      <trkpt lat="18.894701" lon="99.126479">
        <ele>333.034099</ele>
        <time>2025-12-28T19:05:17.395Z</time>
      </trkpt>
      <trkpt lat="18.894473" lon="99.126368">
        <ele>332.785814</ele>
        <time>2025-12-28T19:05:22.227Z</time>
      </trkpt>
      <trkpt lat="18.894135" lon="99.126257">
        <ele>332.435736</ele>
        <time>2025-12-28T19:05:29.034Z</time>
      </trkpt>
      <trkpt lat="18.893536" lon="99.126142">
        <ele>332.015108</ele>
        <time>2025-12-28T19:05:40.827Z</time>
      </trkpt>
      <trkpt lat="18.892772" lon="99.125767">
        <ele>331.665441</ele>
        <time>2025-12-28T19:05:57.673Z</time>
      </trkpt>
      <trkpt lat="18.892315" lon="99.125636">
        <ele>331.468887</ele>
        <time>2025-12-28T19:06:08.001Z</time>
      </trkpt>
      <trkpt lat="18.891598" lon="99.125439">
        <ele>331.839950</ele>
        <time>2025-12-28T19:06:26.204Z</time>
      </trkpt>
      <trkpt lat="18.891599" lon="99.125421">
        <ele>331.853025</ele>
        <time>2025-12-28T19:06:26.670Z</time>
      </trkpt>
      <trkpt lat="18.891622" lon="99.125162">
        <ele>332.041664</ele>
        <time>2025-12-28T19:06:33.378Z</time>
      </trkpt>
      <trkpt lat="18.891622" lon="99.125157">
        <ele>332.045290</ele>
        <time>2025-12-28T19:06:33.512Z</time>
      </trkpt>
      <trkpt lat="18.891716" lon="99.124071">
        <ele>332.794543</ele>
        <time>2025-12-28T19:07:01.833Z</time>
      </trkpt>
      <trkpt lat="18.891665" lon="99.123470">
        <ele>332.917441</ele>
        <time>2025-12-28T19:07:15.897Z</time>
      </trkpt>
      <trkpt lat="18.891641" lon="99.123353">
        <ele>332.941824</ele>
        <time>2025-12-28T19:07:18.615Z</time>
      </trkpt>
      <trkpt lat="18.891495" lon="99.122249">
        <ele>333.157502</ele>
        <time>2025-12-28T19:07:42.991Z</time>
      </trkpt>
      <trkpt lat="18.891395" lon="99.121493">
        <ele>332.787101</ele>
        <time>2025-12-28T19:07:59.130Z</time>
      </trkpt>
      <trkpt lat="18.891433" lon="99.120649">
        <ele>332.377104</ele>
        <time>2025-12-28T19:08:15.785Z</time>
      </trkpt>
      <trkpt lat="18.891526" lon="99.119763">
        <ele>332.138968</ele>
        <time>2025-12-28T19:08:32.994Z</time>
      </trkpt>
      <trkpt lat="18.891484" lon="99.119316">
        <ele>332.062960</ele>
        <time>2025-12-28T19:08:42.211Z</time>
      </trkpt>
      <trkpt lat="18.891195" lon="99.119253">
        <ele>332.010187</ele>
        <time>2025-12-28T19:08:49.259Z</time>
      </trkpt>
      <trkpt lat="18.890911" lon="99.119087">
        <ele>331.952147</ele>
        <time>2025-12-28T19:08:57.427Z</time>
      </trkpt>
      <trkpt lat="18.890565" lon="99.118712">
        <ele>331.961549</ele>
        <time>2025-12-28T19:09:10.296Z</time>
      </trkpt>
      <trkpt lat="18.890398" lon="99.118594">
        <ele>331.986476</ele>
        <time>2025-12-28T19:09:15.580Z</time>
      </trkpt>
      <trkpt lat="18.890299" lon="99.118586">
        <ele>331.998797</ele>
        <time>2025-12-28T19:09:18.154Z</time>
      </trkpt>
      <trkpt lat="18.890514" lon="99.117960">
        <ele>332.076986</ele>
        <time>2025-12-28T19:09:33.593Z</time>
      </trkpt>
      <trkpt lat="18.890022" lon="99.117463">
        <ele>332.003062</ele>
        <time>2025-12-28T19:09:48.193Z</time>
      </trkpt>
      <trkpt lat="18.890421" lon="99.117124">
        <ele>331.469595</ele>
        <time>2025-12-28T19:09:58.142Z</time>
      </trkpt>
      <trkpt lat="18.890937" lon="99.116917">
        <ele>330.894462</ele>
        <time>2025-12-28T19:10:08.589Z</time>
      </trkpt>
      <trkpt lat="18.890948" lon="99.115907">
        <ele>330.079201</ele>
        <time>2025-12-28T19:10:26.177Z</time>
      </trkpt>
      <trkpt lat="18.891130" lon="99.115390">
        <ele>329.799594</ele>
        <time>2025-12-28T19:10:36.561Z</time>
      </trkpt>
      <trkpt lat="18.891318" lon="99.115029">
        <ele>329.590724</ele>
        <time>2025-12-28T19:10:44.874Z</time>
      </trkpt>
      <trkpt lat="18.891352" lon="99.115010">
        <ele>329.570119</ele>
        <time>2025-12-28T19:10:45.722Z</time>
      </trkpt>
      <trkpt lat="18.891428" lon="99.114948">
        <ele>329.518686</ele>
        <time>2025-12-28T19:10:47.864Z</time>
      </trkpt>
      <trkpt lat="18.891485" lon="99.114858">
        <ele>329.463790</ele>
        <time>2025-12-28T19:10:50.189Z</time>
      </trkpt>
      <trkpt lat="18.891505" lon="99.113955">
        <ele>329.309129</ele>
        <time>2025-12-28T19:11:10.211Z</time>
      </trkpt>
      <trkpt lat="18.891682" lon="99.113422">
        <ele>329.311449</ele>
        <time>2025-12-28T19:11:22.631Z</time>
      </trkpt>
      <trkpt lat="18.891423" lon="99.112283">
        <ele>329.139362</ele>
        <time>2025-12-28T19:11:45.857Z</time>
      </trkpt>
      <trkpt lat="18.891468" lon="99.111693">
        <ele>328.897476</ele>
        <time>2025-12-28T19:11:57.169Z</time>
      </trkpt>
      <trkpt lat="18.891352" lon="99.111526">
        <ele>328.812815</ele>
        <time>2025-12-28T19:12:01.158Z</time>
      </trkpt>
      <trkpt lat="18.891199" lon="99.110828">
        <ele>328.538099</ele>
        <time>2025-12-28T19:12:15.367Z</time>
      </trkpt>
      <trkpt lat="18.891234" lon="99.110603">
        <ele>328.540535</ele>
        <time>2025-12-28T19:12:20.044Z</time>
      </trkpt>
      <trkpt lat="18.891256" lon="99.110114">
        <ele>328.545763</ele>
        <time>2025-12-28T19:12:30.323Z</time>
      </trkpt>
      <trkpt lat="18.891045" lon="99.109398">
        <ele>328.553773</ele>
        <time>2025-12-28T19:12:46.682Z</time>
      </trkpt>
      <trkpt lat="18.890719" lon="99.108614">
        <ele>328.406241</ele>
        <time>2025-12-28T19:13:04.726Z</time>
      </trkpt>
      <trkpt lat="18.890438" lon="99.108514">
        <ele>328.304209</ele>
        <time>2025-12-28T19:13:11.001Z</time>
      </trkpt>
      <trkpt lat="18.890244" lon="99.108331">
        <ele>328.214729</ele>
        <time>2025-12-28T19:13:16.369Z</time>
      </trkpt>
      <trkpt lat="18.889875" lon="99.108114">
        <ele>328.069417</ele>
        <time>2025-12-28T19:13:24.990Z</time>
      </trkpt>
      <trkpt lat="18.889198" lon="99.107269">
        <ele>327.802534</ele>
        <time>2025-12-28T19:13:46.528Z</time>
      </trkpt>
      <trkpt lat="18.888891" lon="99.107026">
        <ele>327.724253</ele>
        <time>2025-12-28T19:13:54.649Z</time>
      </trkpt>
      <trkpt lat="18.888558" lon="99.106377">
        <ele>327.581686</ele>
        <time>2025-12-28T19:14:09.965Z</time>
      </trkpt>
      <trkpt lat="18.888285" lon="99.105656">
        <ele>327.728453</ele>
        <time>2025-12-28T19:14:27.296Z</time>
      </trkpt>
      <trkpt lat="18.888245" lon="99.105195">
        <ele>327.828287</ele>
        <time>2025-12-28T19:14:37.739Z</time>
      </trkpt>
      <trkpt lat="18.888372" lon="99.104768">
        <ele>327.924814</ele>
        <time>2025-12-28T19:14:47.790Z</time>
      </trkpt>
      <trkpt lat="18.888214" lon="99.104548">
        <ele>327.977217</ele>
        <time>2025-12-28T19:14:53.931Z</time>
      </trkpt>
      <trkpt lat="18.887995" lon="99.104206">
        <ele>327.812507</ele>
        <time>2025-12-28T19:15:02.485Z</time>
      </trkpt>
      <trkpt lat="18.887989" lon="99.104022">
        <ele>327.739076</ele>
        <time>2025-12-28T19:15:06.080Z</time>
      </trkpt>
      <trkpt lat="18.888017" lon="99.103743">
        <ele>327.627173</ele>
        <time>2025-12-28T19:15:11.455Z</time>
      </trkpt>
      <trkpt lat="18.887961" lon="99.103646">
        <ele>327.581852</ele>
        <time>2025-12-28T19:15:13.598Z</time>
      </trkpt>
      <trkpt lat="18.887783" lon="99.103538">
        <ele>327.495332</ele>
        <time>2025-12-28T19:15:17.669Z</time>
      </trkpt>
      <trkpt lat="18.887480" lon="99.103418">
        <ele>327.358930</ele>
        <time>2025-12-28T19:15:24.116Z</time>
      </trkpt>
      <trkpt lat="18.887319" lon="99.103275">
        <ele>327.270278</ele>
        <time>2025-12-28T19:15:28.295Z</time>
      </trkpt>
      <trkpt lat="18.886663" lon="99.102180">
        <ele>326.905474</ele>
        <time>2025-12-28T19:15:53.849Z</time>
      </trkpt>
      <trkpt lat="18.886456" lon="99.102116">
        <ele>326.843964</ele>
        <time>2025-12-28T19:15:58.542Z</time>
      </trkpt>
      <trkpt lat="18.886496" lon="99.101987">
        <ele>326.807333</ele>
        <time>2025-12-28T19:16:01.299Z</time>
      </trkpt>
      <trkpt lat="18.886537" lon="99.101644">
        <ele>326.714042</ele>
        <time>2025-12-28T19:16:08.523Z</time>
      </trkpt>
      <trkpt lat="18.886513" lon="99.100889">
        <ele>326.909046</ele>
        <time>2025-12-28T19:16:25.079Z</time>
      </trkpt>
      <trkpt lat="18.886610" lon="99.100262">
        <ele>327.078654</ele>
        <time>2025-12-28T19:16:39.331Z</time>
      </trkpt>
      <trkpt lat="18.886670" lon="99.100065">
        <ele>327.133903</ele>
        <time>2025-12-28T19:16:44.021Z</time>
      </trkpt>
      <trkpt lat="18.886772" lon="99.099847">
        <ele>327.198828</ele>
        <time>2025-12-28T19:16:49.581Z</time>
      </trkpt>
      <trkpt lat="18.887041" lon="99.099539">
        <ele>327.247646</ele>
        <time>2025-12-28T19:16:59.048Z</time>
      </trkpt>
      <trkpt lat="18.887470" lon="99.099118">
        <ele>327.300230</ele>
        <time>2025-12-28T19:17:12.570Z</time>
      </trkpt>
      <trkpt lat="18.887712" lon="99.098818">
        <ele>327.333735</ele>
        <time>2025-12-28T19:17:20.725Z</time>
      </trkpt>
      <trkpt lat="18.887889" lon="99.098639">
        <ele>327.355739</ele>
        <time>2025-12-28T19:17:26.011Z</time>
      </trkpt>
      <trkpt lat="18.888348" lon="99.098254">
        <ele>327.341097</ele>
        <time>2025-12-28T19:17:38.620Z</time>
      </trkpt>
      <trkpt lat="18.888559" lon="99.097919">
        <ele>327.294924</ele>
        <time>2025-12-28T19:17:46.969Z</time>
      </trkpt>
      <trkpt lat="18.888641" lon="99.097739">
        <ele>327.272003</ele>
        <time>2025-12-28T19:17:51.080Z</time>
      </trkpt>
      <trkpt lat="18.888770" lon="99.097245">
        <ele>327.213207</ele>
        <time>2025-12-28T19:18:01.524Z</time>
      </trkpt>
      <trkpt lat="18.888917" lon="99.096408">
        <ele>327.182138</ele>
        <time>2025-12-28T19:18:19.129Z</time>
      </trkpt>
      <trkpt lat="18.889006" lon="99.096159">
        <ele>327.195716</ele>
        <time>2025-12-28T19:18:24.764Z</time>
      </trkpt>
      <trkpt lat="18.889111" lon="99.095910">
        <ele>327.209623</ele>
        <time>2025-12-28T19:18:30.599Z</time>
      </trkpt>
      <trkpt lat="18.889315" lon="99.095619">
        <ele>327.228098</ele>
        <time>2025-12-28T19:18:38.380Z</time>
      </trkpt>
      <trkpt lat="18.889574" lon="99.095146">
        <ele>327.255977</ele>
        <time>2025-12-28T19:18:50.165Z</time>
      </trkpt>
      <trkpt lat="18.889550" lon="99.094939">
        <ele>327.269442</ele>
        <time>2025-12-28T19:18:54.674Z</time>
      </trkpt>
      <trkpt lat="18.889266" lon="99.094184">
        <ele>327.325535</ele>
        <time>2025-12-28T19:19:12.183Z</time>
      </trkpt>
      <trkpt lat="18.889266" lon="99.094046">
        <ele>327.335062</ele>
        <time>2025-12-28T19:19:15.111Z</time>
      </trkpt>
      <trkpt lat="18.889355" lon="99.093935">
        <ele>327.345107</ele>
        <time>2025-12-28T19:19:18.209Z</time>
      </trkpt>
      <trkpt lat="18.889652" lon="99.093700">
        <ele>327.372179</ele>
        <time>2025-12-28T19:19:26.464Z</time>
      </trkpt>
      <trkpt lat="18.889753" lon="99.093626">
        <ele>327.381146</ele>
        <time>2025-12-28T19:19:29.294Z</time>
      </trkpt>
      <trkpt lat="18.889997" lon="99.093549">
        <ele>327.402886</ele>
        <time>2025-12-28T19:19:35.148Z</time>
      </trkpt>
      <trkpt lat="18.890313" lon="99.093549">
        <ele>327.433326</ele>
        <time>2025-12-28T19:19:42.416Z</time>
      </trkpt>
      <trkpt lat="18.890490" lon="99.093578">
        <ele>327.450580</ele>
        <time>2025-12-28T19:19:46.533Z</time>
      </trkpt>
      <trkpt lat="18.890573" lon="99.093592">
        <ele>327.458677</ele>
        <time>2025-12-28T19:19:48.472Z</time>
      </trkpt>
      <trkpt lat="18.891317" lon="99.093775">
        <ele>327.532260</ele>
        <time>2025-12-28T19:20:06.627Z</time>
      </trkpt>
      <trkpt lat="18.891671" lon="99.093821">
        <ele>327.563383</ele>
        <time>2025-12-28T19:20:15.307Z</time>
      </trkpt>
      <trkpt lat="18.892410" lon="99.093876">
        <ele>327.568737</ele>
        <time>2025-12-28T19:20:33.095Z</time>
      </trkpt>
      <trkpt lat="18.892375" lon="99.093683">
        <ele>327.570081</ele>
        <time>2025-12-28T19:20:37.512Z</time>
      </trkpt>
      <trkpt lat="18.892306" lon="99.092816">
        <ele>327.576031</ele>
        <time>2025-12-28T19:20:56.424Z</time>
      </trkpt>
      <trkpt lat="18.892243" lon="99.091993">
        <ele>327.061870</ele>
        <time>2025-12-28T19:21:12.805Z</time>
      </trkpt>
      <trkpt lat="18.892205" lon="99.091790">
        <ele>326.930910</ele>
        <time>2025-12-28T19:21:16.867Z</time>
      </trkpt>
      <trkpt lat="18.892148" lon="99.091654">
        <ele>326.836775</ele>
        <time>2025-12-28T19:21:19.794Z</time>
      </trkpt>
      <trkpt lat="18.891771" lon="99.091100">
        <ele>326.404905</ele>
        <time>2025-12-28T19:21:33.239Z</time>
      </trkpt>
      <trkpt lat="18.891725" lon="99.091040">
        <ele>326.362469</ele>
        <time>2025-12-28T19:21:34.756Z</time>
      </trkpt>
      <trkpt lat="18.891282" lon="99.090442">
        <ele>326.063851</ele>
        <time>2025-12-28T19:21:49.270Z</time>
      </trkpt>
      <trkpt lat="18.890843" lon="99.089701">
        <ele>325.720100</ele>
        <time>2025-12-28T19:22:07.424Z</time>
      </trkpt>
      <trkpt lat="18.890555" lon="99.089295">
        <ele>325.747174</ele>
        <time>2025-12-28T19:22:19.428Z</time>
      </trkpt>
      <trkpt lat="18.890229" lon="99.088956">
        <ele>325.967284</ele>
        <time>2025-12-28T19:22:31.182Z</time>
      </trkpt>
      <trkpt lat="18.890091" lon="99.088853">
        <ele>326.048594</ele>
        <time>2025-12-28T19:22:35.671Z</time>
      </trkpt>
      <trkpt lat="18.889870" lon="99.088690">
        <ele>326.178297</ele>
        <time>2025-12-28T19:22:42.849Z</time>
      </trkpt>
      <trkpt lat="18.888931" lon="99.088050">
        <ele>326.441452</ele>
        <time>2025-12-28T19:23:10.526Z</time>
      </trkpt>
      <trkpt lat="18.888673" lon="99.087845">
        <ele>326.407040</ele>
        <time>2025-12-28T19:23:17.600Z</time>
      </trkpt>
      <trkpt lat="18.888500" lon="99.087633">
        <ele>326.378800</ele>
        <time>2025-12-28T19:23:23.439Z</time>
      </trkpt>
      <trkpt lat="18.888304" lon="99.087266">
        <ele>326.336290</ele>
        <time>2025-12-28T19:23:32.234Z</time>
      </trkpt>
      <trkpt lat="18.888155" lon="99.087048">
        <ele>326.309162</ele>
        <time>2025-12-28T19:23:37.885Z</time>
      </trkpt>
      <trkpt lat="18.887519" lon="99.086365">
        <ele>325.910155</ele>
        <time>2025-12-28T19:23:57.882Z</time>
      </trkpt>
      <trkpt lat="18.887395" lon="99.086202">
        <ele>325.815734</ele>
        <time>2025-12-28T19:24:02.218Z</time>
      </trkpt>
      <trkpt lat="18.887277" lon="99.086001">
        <ele>325.708945</ele>
        <time>2025-12-28T19:24:07.049Z</time>
      </trkpt>
      <trkpt lat="18.887031" lon="99.085415">
        <ele>325.395150</ele>
        <time>2025-12-28T19:24:19.795Z</time>
      </trkpt>
      <trkpt lat="18.886948" lon="99.085227">
        <ele>325.196586</ele>
        <time>2025-12-28T19:24:23.823Z</time>
      </trkpt>
      <trkpt lat="18.886159" lon="99.083384">
        <ele>323.532028</ele>
        <time>2025-12-28T19:25:01.953Z</time>
      </trkpt>
      <trkpt lat="18.885859" lon="99.082901">
        <ele>323.394642</ele>
        <time>2025-12-28T19:25:13.299Z</time>
      </trkpt>
      <trkpt lat="18.885409" lon="99.082350">
        <ele>323.221564</ele>
        <time>2025-12-28T19:25:29.413Z</time>
      </trkpt>
      <trkpt lat="18.885297" lon="99.082256">
        <ele>323.185621</ele>
        <time>2025-12-28T19:25:33.254Z</time>
      </trkpt>
      <trkpt lat="18.884842" lon="99.082025">
        <ele>323.547814</ele>
        <time>2025-12-28T19:25:47.316Z</time>
      </trkpt>
      <trkpt lat="18.884736" lon="99.081884">
        <ele>323.693639</ele>
        <time>2025-12-28T19:25:52.084Z</time>
      </trkpt>
      <trkpt lat="18.884726" lon="99.081600">
        <ele>323.923765</ele>
        <time>2025-12-28T19:25:59.626Z</time>
      </trkpt>
      <trkpt lat="18.884692" lon="99.081349">
        <ele>324.129082</ele>
        <time>2025-12-28T19:26:06.138Z</time>
      </trkpt>
      <trkpt lat="18.884708" lon="99.081278">
        <ele>324.188182</ele>
        <time>2025-12-28T19:26:07.967Z</time>
      </trkpt>
      <trkpt lat="18.884797" lon="99.081140">
        <ele>324.323415</ele>
        <time>2025-12-28T19:26:12.152Z</time>
      </trkpt>
      <trkpt lat="18.884837" lon="99.081018">
        <ele>324.427967</ele>
        <time>2025-12-28T19:26:15.380Z</time>
      </trkpt>
      <trkpt lat="18.884794" lon="99.080749">
        <ele>324.648873</ele>
        <time>2025-12-28T19:26:22.001Z</time>
      </trkpt>
      <trkpt lat="18.884720" lon="99.080533">
        <ele>324.570913</ele>
        <time>2025-12-28T19:26:27.075Z</time>
      </trkpt>
      <trkpt lat="18.884688" lon="99.080444">
        <ele>324.486258</ele>
        <time>2025-12-28T19:26:29.104Z</time>
      </trkpt>
      <trkpt lat="18.884580" lon="99.080172">
        <ele>324.223980</ele>
        <time>2025-12-28T19:26:35.015Z</time>
      </trkpt>
      <trkpt lat="18.884361" lon="99.079765">
        <ele>323.807673</ele>
        <time>2025-12-28T19:26:43.584Z</time>
      </trkpt>
      <trkpt lat="18.884179" lon="99.079529">
        <ele>323.536964</ele>
        <time>2025-12-28T19:26:48.770Z</time>
      </trkpt>
      <trkpt lat="18.883986" lon="99.079162">
        <ele>323.163633</ele>
        <time>2025-12-28T19:26:55.882Z</time>
      </trkpt>
      <trkpt lat="18.883780" lon="99.078495">
        <ele>322.642148</ele>
        <time>2025-12-28T19:27:07.724Z</time>
      </trkpt>
      <trkpt lat="18.883648" lon="99.078235">
        <ele>322.435854</ele>
        <time>2025-12-28T19:27:12.722Z</time>
      </trkpt>
      <trkpt lat="18.882912" lon="99.077471">
        <ele>321.708820</ele>
        <time>2025-12-28T19:27:34.805Z</time>
      </trkpt>
      <trkpt lat="18.882595" lon="99.077122">
        <ele>322.105591</ele>
        <time>2025-12-28T19:27:47.118Z</time>
      </trkpt>
      <trkpt lat="18.882207" lon="99.076518">
        <ele>322.704337</ele>
        <time>2025-12-28T19:28:06.357Z</time>
      </trkpt>
      <trkpt lat="18.881978" lon="99.076036">
        <ele>323.146684</ele>
        <time>2025-12-28T19:28:20.007Z</time>
      </trkpt>
      <trkpt lat="18.881843" lon="99.075637">
        <ele>323.135341</ele>
        <time>2025-12-28T19:28:29.686Z</time>
      </trkpt>
      <trkpt lat="18.881649" lon="99.074821">
        <ele>322.816172</ele>
        <time>2025-12-28T19:28:46.329Z</time>
      </trkpt>
      <trkpt lat="18.881423" lon="99.073446">
        <ele>321.866582</ele>
        <time>2025-12-28T19:29:11.620Z</time>
      </trkpt>
      <trkpt lat="18.881362" lon="99.072653">
        <ele>321.038483</ele>
        <time>2025-12-28T19:29:25.927Z</time>
      </trkpt>
      <trkpt lat="18.881334" lon="99.072077">
        <ele>320.513452</ele>
        <time>2025-12-28T19:29:36.242Z</time>
      </trkpt>
      <trkpt lat="18.881335" lon="99.071737">
        <ele>320.399539</ele>
        <time>2025-12-28T19:29:42.443Z</time>
      </trkpt>
      <trkpt lat="18.881371" lon="99.071261">
        <ele>320.239552</ele>
        <time>2025-12-28T19:29:51.384Z</time>
      </trkpt>
      <trkpt lat="18.881530" lon="99.070343">
        <ele>319.926878</ele>
        <time>2025-12-28T19:30:10.915Z</time>
      </trkpt>
      <trkpt lat="18.881545" lon="99.070162">
        <ele>319.990449</ele>
        <time>2025-12-28T19:30:15.248Z</time>
      </trkpt>
      <trkpt lat="18.881520" lon="99.069884">
        <ele>320.148368</ele>
        <time>2025-12-28T19:30:22.132Z</time>
      </trkpt>
      <trkpt lat="18.881243" lon="99.069318">
        <ele>320.508723</ele>
        <time>2025-12-28T19:30:37.844Z</time>
      </trkpt>
      <trkpt lat="18.881166" lon="99.069003">
        <ele>320.692706</ele>
        <time>2025-12-28T19:30:45.773Z</time>
      </trkpt>
      <trkpt lat="18.881144" lon="99.068734">
        <ele>320.845394</ele>
        <time>2025-12-28T19:30:52.133Z</time>
      </trkpt>
      <trkpt lat="18.881107" lon="99.067817">
        <ele>320.752358</ele>
        <time>2025-12-28T19:31:11.503Z</time>
      </trkpt>
      <trkpt lat="18.881093" lon="99.067345">
        <ele>320.586009</ele>
        <time>2025-12-28T19:31:20.835Z</time>
      </trkpt>
      <trkpt lat="18.881063" lon="99.067114">
        <ele>320.503873</ele>
        <time>2025-12-28T19:31:25.387Z</time>
      </trkpt>
      <trkpt lat="18.881037" lon="99.066970">
        <ele>320.452232</ele>
        <time>2025-12-28T19:31:28.200Z</time>
      </trkpt>
      <trkpt lat="18.880948" lon="99.066588">
        <ele>320.309534</ele>
        <time>2025-12-28T19:31:35.471Z</time>
      </trkpt>
      <trkpt lat="18.880918" lon="99.066503">
        <ele>320.244827</ele>
        <time>2025-12-28T19:31:37.086Z</time>
      </trkpt>
      <trkpt lat="18.880802" lon="99.066112">
        <ele>319.952556</ele>
        <time>2025-12-28T19:31:44.394Z</time>
      </trkpt>
      <trkpt lat="18.880677" lon="99.065670">
        <ele>319.623516</ele>
        <time>2025-12-28T19:31:53.097Z</time>
      </trkpt>
      <trkpt lat="18.880652" lon="99.065464">
        <ele>319.475381</ele>
        <time>2025-12-28T19:31:57.011Z</time>
      </trkpt>
      <trkpt lat="18.880655" lon="99.065284">
        <ele>319.346975</ele>
        <time>2025-12-28T19:32:00.321Z</time>
      </trkpt>
      <trkpt lat="18.880742" lon="99.064556">
        <ele>318.929893</ele>
        <time>2025-12-28T19:32:14.309Z</time>
      </trkpt>
      <trkpt lat="18.880732" lon="99.064396">
        <ele>318.903479</ele>
        <time>2025-12-28T19:32:17.522Z</time>
      </trkpt>
      <trkpt lat="18.880647" lon="99.064214">
        <ele>318.870046</ele>
        <time>2025-12-28T19:32:21.792Z</time>
      </trkpt>
      <trkpt lat="18.880140" lon="99.063110">
        <ele>318.667898</ele>
        <time>2025-12-28T19:32:46.931Z</time>
      </trkpt>
      <trkpt lat="18.880077" lon="99.062899">
        <ele>318.675557</ele>
        <time>2025-12-28T19:32:51.948Z</time>
      </trkpt>
      <trkpt lat="18.880073" lon="99.062651">
        <ele>318.739297</ele>
        <time>2025-12-28T19:32:57.528Z</time>
      </trkpt>
      <trkpt lat="18.880076" lon="99.062293">
        <ele>318.831298</ele>
        <time>2025-12-28T19:33:05.502Z</time>
      </trkpt>
      <trkpt lat="18.880056" lon="99.062140">
        <ele>318.870989</ele>
        <time>2025-12-28T19:33:08.873Z</time>
      </trkpt>
      <trkpt lat="18.880009" lon="99.061990">
        <ele>318.911594</ele>
        <time>2025-12-28T19:33:12.327Z</time>
      </trkpt>
      <trkpt lat="18.879922" lon="99.061833">
        <ele>318.958349</ele>
        <time>2025-12-28T19:33:16.262Z</time>
      </trkpt>
      <trkpt lat="18.879829" lon="99.061721">
        <ele>318.996642</ele>
        <time>2025-12-28T19:33:19.575Z</time>
      </trkpt>
      <trkpt lat="18.879489" lon="99.061472">
        <ele>319.108985</ele>
        <time>2025-12-28T19:33:29.608Z</time>
      </trkpt>
      <trkpt lat="18.879359" lon="99.061346">
        <ele>319.142894</ele>
        <time>2025-12-28T19:33:33.830Z</time>
      </trkpt>
      <trkpt lat="18.879245" lon="99.061239">
        <ele>319.154913</ele>
        <time>2025-12-28T19:33:37.381Z</time>
      </trkpt>
      <trkpt lat="18.878749" lon="99.060953">
        <ele>319.199453</ele>
        <time>2025-12-28T19:33:49.683Z</time>
      </trkpt>
      <trkpt lat="18.878617" lon="99.060853">
        <ele>319.212256</ele>
        <time>2025-12-28T19:33:53.251Z</time>
      </trkpt>
      <trkpt lat="18.878462" lon="99.060688">
        <ele>319.229598</ele>
        <time>2025-12-28T19:33:58.138Z</time>
      </trkpt>
      <trkpt lat="18.878352" lon="99.060523">
        <ele>319.244654</ele>
        <time>2025-12-28T19:34:02.436Z</time>
      </trkpt>
      <trkpt lat="18.878036" lon="99.059929">
        <ele>319.274211</ele>
        <time>2025-12-28T19:34:17.284Z</time>
      </trkpt>
      <trkpt lat="18.877791" lon="99.059393">
        <ele>319.261461</ele>
        <time>2025-12-28T19:34:30.205Z</time>
      </trkpt>
      <trkpt lat="18.877723" lon="99.059154">
        <ele>319.256116</ele>
        <time>2025-12-28T19:34:35.484Z</time>
      </trkpt>
      <trkpt lat="18.877616" lon="99.058724">
        <ele>319.246592</ele>
        <time>2025-12-28T19:34:44.701Z</time>
      </trkpt>
      <trkpt lat="18.877494" lon="99.058364">
        <ele>319.238402</ele>
        <time>2025-12-28T19:34:52.408Z</time>
      </trkpt>
      <trkpt lat="18.877322" lon="99.058062">
        <ele>319.112697</ele>
        <time>2025-12-28T19:34:59.350Z</time>
      </trkpt>
      <trkpt lat="18.877152" lon="99.057815">
        <ele>319.001551</ele>
        <time>2025-12-28T19:35:05.180Z</time>
      </trkpt>
      <trkpt lat="18.876883" lon="99.057567">
        <ele>318.864267</ele>
        <time>2025-12-28T19:35:12.461Z</time>
      </trkpt>
      <trkpt lat="18.876542" lon="99.057347">
        <ele>318.710619</ele>
        <time>2025-12-28T19:35:20.749Z</time>
      </trkpt>
      <trkpt lat="18.876432" lon="99.057242">
        <ele>318.653613</ele>
        <time>2025-12-28T19:35:23.868Z</time>
      </trkpt>
      <trkpt lat="18.876334" lon="99.056973">
        <ele>318.548719</ele>
        <time>2025-12-28T19:35:29.655Z</time>
      </trkpt>
      <trkpt lat="18.876333" lon="99.056698">
        <ele>318.523211</ele>
        <time>2025-12-28T19:35:35.267Z</time>
      </trkpt>
      <trkpt lat="18.876381" lon="99.056356">
        <ele>318.493253</ele>
        <time>2025-12-28T19:35:42.407Z</time>
      </trkpt>
      <trkpt lat="18.876394" lon="99.056071">
        <ele>318.468530</ele>
        <time>2025-12-28T19:35:48.384Z</time>
      </trkpt>
      <trkpt lat="18.876369" lon="99.055619">
        <ele>318.429299</ele>
        <time>2025-12-28T19:35:57.985Z</time>
      </trkpt>
      <trkpt lat="18.876351" lon="99.055482">
        <ele>318.417314</ele>
        <time>2025-12-28T19:36:00.825Z</time>
      </trkpt>
      <trkpt lat="18.876232" lon="99.055072">
        <ele>318.379834</ele>
        <time>2025-12-28T19:36:09.709Z</time>
      </trkpt>
      <trkpt lat="18.876105" lon="99.054777">
        <ele>318.346302</ele>
        <time>2025-12-28T19:36:16.471Z</time>
      </trkpt>
      <trkpt lat="18.875853" lon="99.054327">
        <ele>318.292202</ele>
        <time>2025-12-28T19:36:27.250Z</time>
      </trkpt>
      <trkpt lat="18.875686" lon="99.054081">
        <ele>318.260877</ele>
        <time>2025-12-28T19:36:33.463Z</time>
      </trkpt>
      <trkpt lat="18.875292" lon="99.053517">
        <ele>318.188345</ele>
        <time>2025-12-28T19:36:47.826Z</time>
      </trkpt>
      <trkpt lat="18.874810" lon="99.053135">
        <ele>318.055807</ele>
        <time>2025-12-28T19:37:00.960Z</time>
      </trkpt>
      <trkpt lat="18.874742" lon="99.053059">
        <ele>318.033474</ele>
        <time>2025-12-28T19:37:03.059Z</time>
      </trkpt>
      <trkpt lat="18.874675" lon="99.052938">
        <ele>318.003541</ele>
        <time>2025-12-28T19:37:05.878Z</time>
      </trkpt>
      <trkpt lat="18.874618" lon="99.052673">
        <ele>317.945517</ele>
        <time>2025-12-28T19:37:11.307Z</time>
      </trkpt>
      <trkpt lat="18.874615" lon="99.052495">
        <ele>317.907506</ele>
        <time>2025-12-28T19:37:14.896Z</time>
      </trkpt>
      <trkpt lat="18.874680" lon="99.052049">
        <ele>317.811156</ele>
        <time>2025-12-28T19:37:24.077Z</time>
      </trkpt>
      <trkpt lat="18.874714" lon="99.051643">
        <ele>317.699957</ele>
        <time>2025-12-28T19:37:32.418Z</time>
      </trkpt>
      <trkpt lat="18.874286" lon="99.051658">
        <ele>317.560973</ele>
        <time>2025-12-28T19:37:41.487Z</time>
      </trkpt>
      <trkpt lat="18.873991" lon="99.051668">
        <ele>317.465181</ele>
        <time>2025-12-28T19:37:47.608Z</time>
      </trkpt>
      <trkpt lat="18.873773" lon="99.051664">
        <ele>317.394419</ele>
        <time>2025-12-28T19:37:52.098Z</time>
      </trkpt>
      <trkpt lat="18.873604" lon="99.051634">
        <ele>317.338801</ele>
        <time>2025-12-28T19:37:55.576Z</time>
      </trkpt>
      <trkpt lat="18.872559" lon="99.051258">
        <ele>317.150146</ele>
        <time>2025-12-28T19:38:18.977Z</time>
      </trkpt>
      <trkpt lat="18.872478" lon="99.051230">
        <ele>317.144307</ele>
        <time>2025-12-28T19:38:20.836Z</time>
      </trkpt>
      <trkpt lat="18.872321" lon="99.051181">
        <ele>317.133091</ele>
        <time>2025-12-28T19:38:24.408Z</time>
      </trkpt>
      <trkpt lat="18.872073" lon="99.051100">
        <ele>317.115307</ele>
        <time>2025-12-28T19:38:30.191Z</time>
      </trkpt>
      <trkpt lat="18.871712" lon="99.051022">
        <ele>317.090061</ele>
        <time>2025-12-28T19:38:38.664Z</time>
      </trkpt>
      <trkpt lat="18.871685" lon="99.051018">
        <ele>317.088193</ele>
        <time>2025-12-28T19:38:39.308Z</time>
      </trkpt>
      <trkpt lat="18.870869" lon="99.050926">
        <ele>317.053251</ele>
        <time>2025-12-28T19:38:58.359Z</time>
      </trkpt>
      <trkpt lat="18.870070" lon="99.050869">
        <ele>317.027334</ele>
        <time>2025-12-28T19:39:16.082Z</time>
      </trkpt>
      <trkpt lat="18.869796" lon="99.050899">
        <ele>317.018419</ele>
        <time>2025-12-28T19:39:21.940Z</time>
      </trkpt>
      <trkpt lat="18.869295" lon="99.051114">
        <ele>316.878850</ele>
        <time>2025-12-28T19:39:33.113Z</time>
      </trkpt>
      <trkpt lat="18.868960" lon="99.051257">
        <ele>316.758813</ele>
        <time>2025-12-28T19:39:40.536Z</time>
      </trkpt>
      <trkpt lat="18.868309" lon="99.051518">
        <ele>316.527485</ele>
        <time>2025-12-28T19:39:55.409Z</time>
      </trkpt>
      <trkpt lat="18.868146" lon="99.051586">
        <ele>316.469263</ele>
        <time>2025-12-28T19:39:58.991Z</time>
      </trkpt>
      <trkpt lat="18.867924" lon="99.051679">
        <ele>316.409733</ele>
        <time>2025-12-28T19:40:03.959Z</time>
      </trkpt>
      <trkpt lat="18.867883" lon="99.051692">
        <ele>316.406106</ele>
        <time>2025-12-28T19:40:04.821Z</time>
      </trkpt>
      <trkpt lat="18.866595" lon="99.052104">
        <ele>316.292067</ele>
        <time>2025-12-28T19:40:34.210Z</time>
      </trkpt>
      <trkpt lat="18.866197" lon="99.052225">
        <ele>316.257111</ele>
        <time>2025-12-28T19:40:43.519Z</time>
      </trkpt>
      <trkpt lat="18.865941" lon="99.052278">
        <ele>316.235440</ele>
        <time>2025-12-28T19:40:49.582Z</time>
      </trkpt>
      <trkpt lat="18.865855" lon="99.052295">
        <ele>316.228171</ele>
        <time>2025-12-28T19:40:51.588Z</time>
      </trkpt>
      <trkpt lat="18.865558" lon="99.052346">
        <ele>316.203174</ele>
        <time>2025-12-28T19:40:58.702Z</time>
      </trkpt>
      <trkpt lat="18.865116" lon="99.052363">
        <ele>316.166430</ele>
        <time>2025-12-28T19:41:09.162Z</time>
      </trkpt>
      <trkpt lat="18.864266" lon="99.052330">
        <ele>316.103322</ele>
        <time>2025-12-28T19:41:26.283Z</time>
      </trkpt>
      <trkpt lat="18.863829" lon="99.052307">
        <ele>316.081499</ele>
        <time>2025-12-28T19:41:35.185Z</time>
      </trkpt>
      <trkpt lat="18.863711" lon="99.052308">
        <ele>316.075614</ele>
        <time>2025-12-28T19:41:37.720Z</time>
      </trkpt>
      <trkpt lat="18.863252" lon="99.052289">
        <ele>316.052704</ele>
        <time>2025-12-28T19:41:47.955Z</time>
      </trkpt>
      <trkpt lat="18.862692" lon="99.052256">
        <ele>316.027969</ele>
        <time>2025-12-28T19:42:00.972Z</time>
      </trkpt>
      <trkpt lat="18.862345" lon="99.052270">
        <ele>316.252040</ele>
        <time>2025-12-28T19:42:09.890Z</time>
      </trkpt>
      <trkpt lat="18.862219" lon="99.052289">
        <ele>316.334167</ele>
        <time>2025-12-28T19:42:13.364Z</time>
      </trkpt>
      <trkpt lat="18.861500" lon="99.052414">
        <ele>316.804350</ele>
        <time>2025-12-28T19:42:32.317Z</time>
      </trkpt>
      <trkpt lat="18.861032" lon="99.052465">
        <ele>317.107936</ele>
        <time>2025-12-28T19:42:43.041Z</time>
      </trkpt>
      <trkpt lat="18.860263" lon="99.052485">
        <ele>317.375757</ele>
        <time>2025-12-28T19:43:01.757Z</time>
      </trkpt>
      <trkpt lat="18.860182" lon="99.052476">
        <ele>317.399628</ele>
        <time>2025-12-28T19:43:03.574Z</time>
      </trkpt>
      <trkpt lat="18.859670" lon="99.052522">
        <ele>317.550229</ele>
        <time>2025-12-28T19:43:15.149Z</time>
      </trkpt>
      <trkpt lat="18.859269" lon="99.052709">
        <ele>317.678692</ele>
        <time>2025-12-28T19:43:25.436Z</time>
      </trkpt>
      <trkpt lat="18.859221" lon="99.052737">
        <ele>317.694761</ele>
        <time>2025-12-28T19:43:26.811Z</time>
      </trkpt>
      <trkpt lat="18.859183" lon="99.052755">
        <ele>317.706966</ele>
        <time>2025-12-28T19:43:27.805Z</time>
      </trkpt>
      <trkpt lat="18.859102" lon="99.052727">
        <ele>317.727260</ele>
        <time>2025-12-28T19:43:29.878Z</time>
      </trkpt>
      <trkpt lat="18.858961" lon="99.052675">
        <ele>317.760362</ele>
        <time>2025-12-28T19:43:33.517Z</time>
      </trkpt>
      <trkpt lat="18.858610" lon="99.052456">
        <ele>317.850714</ele>
        <time>2025-12-28T19:43:42.736Z</time>
      </trkpt>
      <trkpt lat="18.858530" lon="99.052389">
        <ele>317.873341</ele>
        <time>2025-12-28T19:43:44.991Z</time>
      </trkpt>
      <trkpt lat="18.858238" lon="99.052109">
        <ele>317.960741</ele>
        <time>2025-12-28T19:43:53.945Z</time>
      </trkpt>
      <trkpt lat="18.858146" lon="99.051977">
        <ele>317.995129</ele>
        <time>2025-12-28T19:43:57.541Z</time>
      </trkpt>
      <trkpt lat="18.857968" lon="99.051569">
        <ele>318.089368</ele>
        <time>2025-12-28T19:44:07.607Z</time>
      </trkpt>
      <trkpt lat="18.857865" lon="99.051355">
        <ele>318.116600</ele>
        <time>2025-12-28T19:44:12.919Z</time>
      </trkpt>
      <trkpt lat="18.857771" lon="99.051123">
        <ele>318.126302</ele>
        <time>2025-12-28T19:44:18.509Z</time>
      </trkpt>
      <trkpt lat="18.857749" lon="99.051046">
        <ele>318.129395</ele>
        <time>2025-12-28T19:44:20.267Z</time>
      </trkpt>
      <trkpt lat="18.857718" lon="99.050951">
        <ele>318.133258</ele>
        <time>2025-12-28T19:44:22.482Z</time>
      </trkpt>
      <trkpt lat="18.857661" lon="99.050477">
        <ele>318.151628</ele>
        <time>2025-12-28T19:44:32.819Z</time>
      </trkpt>
      <trkpt lat="18.857590" lon="99.050200">
        <ele>318.162661</ele>
        <time>2025-12-28T19:44:38.887Z</time>
      </trkpt>
      <trkpt lat="18.857511" lon="99.050060">
        <ele>318.168928</ele>
        <time>2025-12-28T19:44:42.276Z</time>
      </trkpt>
      <trkpt lat="18.857375" lon="99.049929">
        <ele>318.176404</ele>
        <time>2025-12-28T19:44:46.238Z</time>
      </trkpt>
      <trkpt lat="18.857247" lon="99.049858">
        <ele>318.182277</ele>
        <time>2025-12-28T19:44:49.323Z</time>
      </trkpt>
      <trkpt lat="18.856829" lon="99.049705">
        <ele>318.019874</ele>
        <time>2025-12-28T19:44:58.425Z</time>
      </trkpt>
      <trkpt lat="18.856220" lon="99.049523">
        <ele>317.751447</ele>
        <time>2025-12-28T19:45:11.280Z</time>
      </trkpt>
      <trkpt lat="18.856030" lon="99.049418">
        <ele>317.660507</ele>
        <time>2025-12-28T19:45:15.751Z</time>
      </trkpt>
      <trkpt lat="18.855760" lon="99.049154">
        <ele>317.504488</ele>
        <time>2025-12-28T19:45:23.443Z</time>
      </trkpt>
      <trkpt lat="18.855625" lon="99.048982">
        <ele>317.419013</ele>
        <time>2025-12-28T19:45:27.922Z</time>
      </trkpt>
      <trkpt lat="18.855413" lon="99.048648">
        <ele>317.357353</ele>
        <time>2025-12-28T19:45:36.029Z</time>
      </trkpt>
      <trkpt lat="18.855174" lon="99.048206">
        <ele>317.279304</ele>
        <time>2025-12-28T19:45:46.142Z</time>
      </trkpt>
      <trkpt lat="18.854983" lon="99.047761">
        <ele>317.204388</ele>
        <time>2025-12-28T19:45:56.464Z</time>
      </trkpt>
      <trkpt lat="18.854673" lon="99.047192">
        <ele>317.126707</ele>
        <time>2025-12-28T19:46:10.419Z</time>
      </trkpt>
      <trkpt lat="18.854417" lon="99.046781">
        <ele>317.116714</ele>
        <time>2025-12-28T19:46:20.617Z</time>
      </trkpt>
      <trkpt lat="18.854346" lon="99.046687">
        <ele>317.114271</ele>
        <time>2025-12-28T19:46:23.092Z</time>
      </trkpt>
      <trkpt lat="18.854259" lon="99.046595">
        <ele>317.111630</ele>
        <time>2025-12-28T19:46:25.784Z</time>
      </trkpt>
      <trkpt lat="18.854114" lon="99.046520">
        <ele>317.108165</ele>
        <time>2025-12-28T19:46:29.406Z</time>
      </trkpt>
      <trkpt lat="18.853814" lon="99.046438">
        <ele>317.101515</ele>
        <time>2025-12-28T19:46:36.576Z</time>
      </trkpt>
      <trkpt lat="18.853607" lon="99.046384">
        <ele>317.096939</ele>
        <time>2025-12-28T19:46:41.474Z</time>
      </trkpt>
      <trkpt lat="18.853426" lon="99.046283">
        <ele>317.092546</ele>
        <time>2025-12-28T19:46:45.940Z</time>
      </trkpt>
      <trkpt lat="18.853129" lon="99.046013">
        <ele>316.930693</ele>
        <time>2025-12-28T19:46:54.269Z</time>
      </trkpt>
      <trkpt lat="18.852428" lon="99.045274">
        <ele>316.473336</ele>
        <time>2025-12-28T19:47:14.358Z</time>
      </trkpt>
      <trkpt lat="18.852125" lon="99.044977">
        <ele>316.282445</ele>
        <time>2025-12-28T19:47:22.671Z</time>
      </trkpt>
      <trkpt lat="18.851982" lon="99.044775">
        <ele>316.201887</ele>
        <time>2025-12-28T19:47:27.529Z</time>
      </trkpt>
      <trkpt lat="18.851808" lon="99.044552">
        <ele>316.117878</ele>
        <time>2025-12-28T19:47:33.173Z</time>
      </trkpt>
      <trkpt lat="18.851674" lon="99.044471">
        <ele>316.070462</ele>
        <time>2025-12-28T19:47:36.435Z</time>
      </trkpt>
      <trkpt lat="18.851540" lon="99.044457">
        <ele>316.029105</ele>
        <time>2025-12-28T19:47:39.324Z</time>
      </trkpt>
      <trkpt lat="18.851239" lon="99.044483">
        <ele>315.936347</ele>
        <time>2025-12-28T19:47:46.005Z</time>
      </trkpt>
      <trkpt lat="18.850882" lon="99.044586">
        <ele>315.822684</ele>
        <time>2025-12-28T19:47:54.396Z</time>
      </trkpt>
      <trkpt lat="18.850814" lon="99.044598">
        <ele>315.801509</ele>
        <time>2025-12-28T19:47:55.882Z</time>
      </trkpt>
      <trkpt lat="18.850528" lon="99.044646">
        <ele>315.712566</ele>
        <time>2025-12-28T19:48:01.936Z</time>
      </trkpt>
      <trkpt lat="18.850102" lon="99.044646">
        <ele>315.641452</ele>
        <time>2025-12-28T19:48:10.445Z</time>
      </trkpt>
      <trkpt lat="18.849977" lon="99.044643">
        <ele>315.621155</ele>
        <time>2025-12-28T19:48:12.954Z</time>
      </trkpt>
      <trkpt lat="18.849509" lon="99.044517">
        <ele>315.542753</ele>
        <time>2025-12-28T19:48:23.805Z</time>
      </trkpt>
      <trkpt lat="18.849067" lon="99.044322">
        <ele>315.464996</ele>
        <time>2025-12-28T19:48:34.166Z</time>
      </trkpt>
      <trkpt lat="18.849030" lon="99.044305">
        <ele>315.458446</ele>
        <time>2025-12-28T19:48:35.002Z</time>
      </trkpt>
      <trkpt lat="18.848751" lon="99.044167">
        <ele>315.420594</ele>
        <time>2025-12-28T19:48:41.641Z</time>
      </trkpt>
      <trkpt lat="18.848520" lon="99.044055">
        <ele>315.442132</ele>
        <time>2025-12-28T19:48:47.390Z</time>
      </trkpt>
      <trkpt lat="18.848209" lon="99.043951">
        <ele>315.469776</ele>
        <time>2025-12-28T19:48:55.198Z</time>
      </trkpt>
      <trkpt lat="18.847394" lon="99.043829">
        <ele>315.539531</ele>
        <time>2025-12-28T19:49:14.416Z</time>
      </trkpt>
      <trkpt lat="18.846491" lon="99.043741">
        <ele>315.333767</ele>
        <time>2025-12-28T19:49:33.745Z</time>
      </trkpt>
      <trkpt lat="18.845501" lon="99.043646">
        <ele>314.917134</ele>
        <time>2025-12-28T19:49:53.590Z</time>
      </trkpt>
      <trkpt lat="18.845465" lon="99.043643">
        <ele>314.901999</ele>
        <time>2025-12-28T19:49:54.309Z</time>
      </trkpt>
      <trkpt lat="18.845031" lon="99.043582">
        <ele>314.839781</ele>
        <time>2025-12-28T19:50:03.621Z</time>
      </trkpt>
      <trkpt lat="18.844465" lon="99.043522">
        <ele>314.900990</ele>
        <time>2025-12-28T19:50:16.841Z</time>
      </trkpt>
      <trkpt lat="18.844187" lon="99.043481">
        <ele>314.931194</ele>
        <time>2025-12-28T19:50:23.386Z</time>
      </trkpt>
      <trkpt lat="18.844165" lon="99.043480">
        <ele>314.933564</ele>
        <time>2025-12-28T19:50:23.926Z</time>
      </trkpt>
      <trkpt lat="18.843927" lon="99.043452">
        <ele>314.959332</ele>
        <time>2025-12-28T19:50:29.785Z</time>
      </trkpt>
      <trkpt lat="18.843878" lon="99.043446">
        <ele>314.964639</ele>
        <time>2025-12-28T19:50:30.978Z</time>
      </trkpt>
      <trkpt lat="18.843445" lon="99.043393">
        <ele>314.985465</ele>
        <time>2025-12-28T19:50:41.885Z</time>
      </trkpt>
      <trkpt lat="18.843349" lon="99.043381">
        <ele>314.905395</ele>
        <time>2025-12-28T19:50:44.340Z</time>
      </trkpt>
      <trkpt lat="18.841357" lon="99.043139">
        <ele>313.144830</ele>
        <time>2025-12-28T19:51:22.732Z</time>
      </trkpt>
      <trkpt lat="18.840421" lon="99.043025">
        <ele>312.080483</ele>
        <time>2025-12-28T19:51:39.809Z</time>
      </trkpt>
      <trkpt lat="18.840175" lon="99.042995">
        <ele>311.800746</ele>
        <time>2025-12-28T19:51:44.557Z</time>
      </trkpt>
      <trkpt lat="18.840069" lon="99.042983">
        <ele>311.680319</ele>
        <time>2025-12-28T19:51:46.636Z</time>
      </trkpt>
      <trkpt lat="18.839937" lon="99.042963">
        <ele>311.529681</ele>
        <time>2025-12-28T19:51:49.318Z</time>
      </trkpt>
      <trkpt lat="18.839117" lon="99.042845">
        <ele>311.678578</ele>
        <time>2025-12-28T19:52:08.500Z</time>
      </trkpt>
      <trkpt lat="18.838347" lon="99.042733">
        <ele>311.867197</ele>
        <time>2025-12-28T19:52:27.745Z</time>
      </trkpt>
      <trkpt lat="18.837907" lon="99.042657">
        <ele>311.906111</ele>
        <time>2025-12-28T19:52:38.587Z</time>
      </trkpt>
      <trkpt lat="18.837410" lon="99.042590">
        <ele>311.865639</ele>
        <time>2025-12-28T19:52:49.238Z</time>
      </trkpt>
      <trkpt lat="18.837075" lon="99.042537">
        <ele>311.838277</ele>
        <time>2025-12-28T19:52:56.545Z</time>
      </trkpt>
      <trkpt lat="18.836570" lon="99.042473">
        <ele>311.797192</ele>
        <time>2025-12-28T19:53:07.937Z</time>
      </trkpt>
      <trkpt lat="18.835970" lon="99.042375">
        <ele>311.724954</ele>
        <time>2025-12-28T19:53:20.090Z</time>
      </trkpt>
      <trkpt lat="18.835351" lon="99.042246">
        <ele>311.634550</ele>
        <time>2025-12-28T19:53:33.265Z</time>
      </trkpt>
      <trkpt lat="18.834786" lon="99.042073">
        <ele>311.550261</ele>
        <time>2025-12-28T19:53:47.773Z</time>
      </trkpt>
      <trkpt lat="18.834593" lon="99.042013">
        <ele>311.521434</ele>
        <time>2025-12-28T19:53:52.106Z</time>
      </trkpt>
      <trkpt lat="18.834229" lon="99.041894">
        <ele>311.378970</ele>
        <time>2025-12-28T19:54:00.256Z</time>
      </trkpt>
      <trkpt lat="18.833862" lon="99.041755">
        <ele>311.231460</ele>
        <time>2025-12-28T19:54:08.498Z</time>
      </trkpt>
      <trkpt lat="18.833694" lon="99.041681">
        <ele>311.162593</ele>
        <time>2025-12-28T19:54:12.540Z</time>
      </trkpt>
      <trkpt lat="18.833588" lon="99.041632">
        <ele>311.118816</ele>
        <time>2025-12-28T19:54:15.098Z</time>
      </trkpt>
      <trkpt lat="18.833390" lon="99.041537">
        <ele>311.036539</ele>
        <time>2025-12-28T19:54:19.748Z</time>
      </trkpt>
      <trkpt lat="18.833265" lon="99.041470">
        <ele>310.983506</ele>
        <time>2025-12-28T19:54:22.471Z</time>
      </trkpt>
      <trkpt lat="18.833126" lon="99.041440">
        <ele>310.929828</ele>
        <time>2025-12-28T19:54:25.084Z</time>
      </trkpt>
      <trkpt lat="18.832741" lon="99.041236">
        <ele>310.848138</ele>
        <time>2025-12-28T19:54:33.156Z</time>
      </trkpt>
      <trkpt lat="18.832107" lon="99.040901">
        <ele>310.878537</ele>
        <time>2025-12-28T19:54:48.599Z</time>
      </trkpt>
      <trkpt lat="18.832070" lon="99.040882">
        <ele>310.880301</ele>
        <time>2025-12-28T19:54:49.559Z</time>
      </trkpt>
      <trkpt lat="18.831826" lon="99.040762">
        <ele>310.891843</ele>
        <time>2025-12-28T19:54:55.707Z</time>
      </trkpt>
      <trkpt lat="18.831709" lon="99.040701">
        <ele>310.897438</ele>
        <time>2025-12-28T19:54:58.650Z</time>
      </trkpt>
      <trkpt lat="18.831212" lon="99.040443">
        <ele>310.955780</ele>
        <time>2025-12-28T19:55:12.685Z</time>
      </trkpt>
      <trkpt lat="18.831083" lon="99.040325">
        <ele>311.023551</ele>
        <time>2025-12-28T19:55:17.259Z</time>
      </trkpt>
      <trkpt lat="18.830753" lon="99.040126">
        <ele>311.174468</ele>
        <time>2025-12-28T19:55:27.268Z</time>
      </trkpt>
      <trkpt lat="18.830437" lon="99.039909">
        <ele>311.324160</ele>
        <time>2025-12-28T19:55:36.602Z</time>
      </trkpt>
      <trkpt lat="18.829294" lon="99.039100">
        <ele>311.413329</ele>
        <time>2025-12-28T19:56:06.923Z</time>
      </trkpt>
      <trkpt lat="18.828763" lon="99.038724">
        <ele>311.181879</ele>
        <time>2025-12-28T19:56:20.077Z</time>
      </trkpt>
      <trkpt lat="18.828635" lon="99.038629">
        <ele>311.125241</ele>
        <time>2025-12-28T19:56:23.228Z</time>
      </trkpt>
      <trkpt lat="18.828092" lon="99.038227">
        <ele>310.886280</ele>
        <time>2025-12-28T19:56:36.537Z</time>
      </trkpt>
      <trkpt lat="18.827660" lon="99.037908">
        <ele>310.697677</ele>
        <time>2025-12-28T19:56:47.469Z</time>
      </trkpt>
      <trkpt lat="18.827136" lon="99.037522">
        <ele>310.469090</ele>
        <time>2025-12-28T19:57:00.906Z</time>
      </trkpt>
      <trkpt lat="18.826212" lon="99.036846">
        <ele>310.357493</ele>
        <time>2025-12-28T19:57:25.747Z</time>
      </trkpt>
      <trkpt lat="18.826085" lon="99.036752">
        <ele>310.361812</ele>
        <time>2025-12-28T19:57:29.281Z</time>
      </trkpt>
      <trkpt lat="18.825704" lon="99.036473">
        <ele>310.374723</ele>
        <time>2025-12-28T19:57:39.856Z</time>
      </trkpt>
      <trkpt lat="18.824935" lon="99.035878">
        <ele>310.306380</ele>
        <time>2025-12-28T19:58:01.211Z</time>
      </trkpt>
      <trkpt lat="18.824637" lon="99.035640">
        <ele>310.249465</ele>
        <time>2025-12-28T19:58:09.255Z</time>
      </trkpt>
      <trkpt lat="18.824151" lon="99.035280">
        <ele>310.159035</ele>
        <time>2025-12-28T19:58:21.847Z</time>
      </trkpt>
      <trkpt lat="18.823724" lon="99.034951">
        <ele>310.103440</ele>
        <time>2025-12-28T19:58:32.958Z</time>
      </trkpt>
      <trkpt lat="18.823083" lon="99.034456">
        <ele>310.071007</ele>
        <time>2025-12-28T19:58:50.204Z</time>
      </trkpt>
      <trkpt lat="18.822383" lon="99.033914">
        <ele>310.040142</ele>
        <time>2025-12-28T19:59:10.361Z</time>
      </trkpt>
      <trkpt lat="18.821624" lon="99.033325">
        <ele>310.051483</ele>
        <time>2025-12-28T19:59:31.359Z</time>
      </trkpt>
      <trkpt lat="18.821397" lon="99.033142">
        <ele>310.054922</ele>
        <time>2025-12-28T19:59:37.719Z</time>
      </trkpt>
      <trkpt lat="18.821193" lon="99.032974">
        <ele>310.058037</ele>
        <time>2025-12-28T19:59:43.446Z</time>
      </trkpt>
      <trkpt lat="18.819754" lon="99.031842">
        <ele>309.758669</ele>
        <time>2025-12-28T20:00:22.337Z</time>
      </trkpt>
      <trkpt lat="18.819606" lon="99.031734">
        <ele>309.724018</ele>
        <time>2025-12-28T20:00:25.996Z</time>
      </trkpt>
      <trkpt lat="18.819542" lon="99.031922">
        <ele>309.681125</ele>
        <time>2025-12-28T20:00:29.811Z</time>
      </trkpt>
      <trkpt lat="18.819606" lon="99.031734">
        <ele>309.635868</ele>
        <time>2025-12-28T20:00:33.632Z</time>
      </trkpt>
      <trkpt lat="18.818847" lon="99.031140">
        <ele>309.409817</ele>
        <time>2025-12-28T20:00:54.186Z</time>
      </trkpt>
      <trkpt lat="18.818195" lon="99.030654">
        <ele>309.154038</ele>
        <time>2025-12-28T20:01:11.202Z</time>
      </trkpt>
      <trkpt lat="18.817960" lon="99.030479">
        <ele>309.016575</ele>
        <time>2025-12-28T20:01:17.522Z</time>
      </trkpt>
      <trkpt lat="18.817852" lon="99.030398">
        <ele>308.953250</ele>
        <time>2025-12-28T20:01:20.579Z</time>
      </trkpt>
      <trkpt lat="18.817366" lon="99.030042">
        <ele>308.670498</ele>
        <time>2025-12-28T20:01:32.806Z</time>
      </trkpt>
      <trkpt lat="18.817259" lon="99.029967">
        <ele>308.609105</ele>
        <time>2025-12-28T20:01:35.182Z</time>
      </trkpt>
      <trkpt lat="18.817047" lon="99.029813">
        <ele>308.486097</ele>
        <time>2025-12-28T20:01:39.956Z</time>
      </trkpt>
      <trkpt lat="18.816869" lon="99.029694">
        <ele>308.410693</ele>
        <time>2025-12-28T20:01:44.080Z</time>
      </trkpt>
      <trkpt lat="18.816386" lon="99.029451">
        <ele>308.323164</ele>
        <time>2025-12-28T20:01:55.266Z</time>
      </trkpt>
      <trkpt lat="18.816178" lon="99.029358">
        <ele>308.286210</ele>
        <time>2025-12-28T20:02:00.297Z</time>
      </trkpt>
      <trkpt lat="18.815520" lon="99.029143">
        <ele>308.173521</ele>
        <time>2025-12-28T20:02:15.064Z</time>
      </trkpt>
      <trkpt lat="18.814474" lon="99.028951">
        <ele>308.291845</ele>
        <time>2025-12-28T20:02:41.191Z</time>
      </trkpt>
      <trkpt lat="18.814164" lon="99.028907">
        <ele>308.355842</ele>
        <time>2025-12-28T20:02:48.517Z</time>
      </trkpt>
      <trkpt lat="18.813611" lon="99.028820">
        <ele>308.470235</ele>
        <time>2025-12-28T20:03:01.079Z</time>
      </trkpt>
      <trkpt lat="18.812421" lon="99.028633">
        <ele>308.304953</ele>
        <time>2025-12-28T20:03:26.292Z</time>
      </trkpt>
      <trkpt lat="18.812275" lon="99.028610">
        <ele>308.278364</ele>
        <time>2025-12-28T20:03:29.340Z</time>
      </trkpt>
      <trkpt lat="18.811560" lon="99.028515">
        <ele>308.157580</ele>
        <time>2025-12-28T20:03:45.445Z</time>
      </trkpt>
      <trkpt lat="18.811487" lon="99.028526">
        <ele>308.149083</ele>
        <time>2025-12-28T20:03:47.144Z</time>
      </trkpt>
      <trkpt lat="18.811446" lon="99.028562">
        <ele>308.142940</ele>
        <time>2025-12-28T20:03:48.446Z</time>
      </trkpt>
      <trkpt lat="18.811383" lon="99.028710">
        <ele>308.125240</ele>
        <time>2025-12-28T20:03:52.037Z</time>
      </trkpt>
      <trkpt lat="18.811315" lon="99.028789">
        <ele>308.113593</ele>
        <time>2025-12-28T20:03:54.320Z</time>
      </trkpt>
      <trkpt lat="18.811214" lon="99.028892">
        <ele>308.097416</ele>
        <time>2025-12-28T20:03:57.558Z</time>
      </trkpt>
      <trkpt lat="18.811099" lon="99.028728">
        <ele>308.075154</ele>
        <time>2025-12-28T20:04:02.074Z</time>
      </trkpt>
      <trkpt lat="18.810952" lon="99.028518">
        <ele>308.046665</ele>
        <time>2025-12-28T20:04:07.664Z</time>
      </trkpt>
      <trkpt lat="18.810850" lon="99.028376">
        <ele>308.027222</ele>
        <time>2025-12-28T20:04:11.452Z</time>
      </trkpt>
      <trkpt lat="18.810102" lon="99.027327">
        <ele>307.566562</ele>
        <time>2025-12-28T20:04:36.294Z</time>
      </trkpt>
      <trkpt lat="18.810030" lon="99.027220">
        <ele>307.497064</ele>
        <time>2025-12-28T20:04:38.537Z</time>
      </trkpt>
      <trkpt lat="18.809730" lon="99.026776">
        <ele>307.208280</ele>
        <time>2025-12-28T20:04:48.721Z</time>
      </trkpt>
      <trkpt lat="18.809608" lon="99.026595">
        <ele>307.090651</ele>
        <time>2025-12-28T20:04:53.225Z</time>
      </trkpt>
      <trkpt lat="18.809545" lon="99.026502">
        <ele>307.030110</ele>
        <time>2025-12-28T20:04:55.514Z</time>
      </trkpt>
      <trkpt lat="18.809386" lon="99.026276">
        <ele>307.053079</ele>
        <time>2025-12-28T20:05:01.495Z</time>
      </trkpt>
      <trkpt lat="18.809313" lon="99.026171">
        <ele>307.133546</ele>
        <time>2025-12-28T20:05:04.512Z</time>
      </trkpt>
      <trkpt lat="18.809228" lon="99.026046">
        <ele>307.228610</ele>
        <time>2025-12-28T20:05:07.986Z</time>
      </trkpt>
      <trkpt lat="18.808892" lon="99.025547">
        <ele>307.606845</ele>
        <time>2025-12-28T20:05:22.455Z</time>
      </trkpt>
      <trkpt lat="18.807798" lon="99.023981">
        <ele>308.671848</ele>
        <time>2025-12-28T20:06:11.039Z</time>
      </trkpt>
      <trkpt lat="18.807612" lon="99.023717">
        <ele>308.833816</ele>
        <time>2025-12-28T20:06:18.125Z</time>
      </trkpt>
      <trkpt lat="18.807402" lon="99.023421">
        <ele>309.015868</ele>
        <time>2025-12-28T20:06:25.738Z</time>
      </trkpt>
      <trkpt lat="18.807073" lon="99.022976">
        <ele>308.947746</ele>
        <time>2025-12-28T20:06:36.755Z</time>
      </trkpt>
      <trkpt lat="18.806914" lon="99.022752">
        <ele>308.873210</ele>
        <time>2025-12-28T20:06:42.239Z</time>
      </trkpt>
      <trkpt lat="18.806670" lon="99.022408">
        <ele>308.758774</ele>
        <time>2025-12-28T20:06:50.735Z</time>
      </trkpt>
      <trkpt lat="18.806150" lon="99.021677">
        <ele>308.536187</ele>
        <time>2025-12-28T20:07:09.349Z</time>
      </trkpt>
      <trkpt lat="18.805295" lon="99.020472">
        <ele>308.309254</ele>
        <time>2025-12-28T20:07:40.730Z</time>
      </trkpt>
      <trkpt lat="18.804678" lon="99.019605">
        <ele>307.866199</ele>
        <time>2025-12-28T20:08:02.011Z</time>
      </trkpt>
      <trkpt lat="18.804329" lon="99.019112">
        <ele>307.575799</ele>
        <time>2025-12-28T20:08:13.308Z</time>
      </trkpt>
      <trkpt lat="18.804284" lon="99.019050">
        <ele>307.538944</ele>
        <time>2025-12-28T20:08:14.660Z</time>
      </trkpt>
      <trkpt lat="18.804161" lon="99.018877">
        <ele>307.436880</ele>
        <time>2025-12-28T20:08:18.656Z</time>
      </trkpt>
      <trkpt lat="18.803888" lon="99.018488">
        <ele>307.537076</ele>
        <time>2025-12-28T20:08:29.266Z</time>
      </trkpt>
      <trkpt lat="18.803651" lon="99.018110">
        <ele>307.731172</ele>
        <time>2025-12-28T20:08:39.825Z</time>
      </trkpt>
      <trkpt lat="18.803620" lon="99.018062">
        <ele>307.756048</ele>
        <time>2025-12-28T20:08:41.197Z</time>
      </trkpt>
      <trkpt lat="18.803298" lon="99.017554">
        <ele>308.017772</ele>
        <time>2025-12-28T20:08:54.731Z</time>
      </trkpt>
      <trkpt lat="18.803199" lon="99.017395">
        <ele>308.099244</ele>
        <time>2025-12-28T20:08:59.802Z</time>
      </trkpt>
      <trkpt lat="18.803124" lon="99.017197">
        <ele>308.190542</ele>
        <time>2025-12-28T20:09:05.503Z</time>
      </trkpt>
      <trkpt lat="18.803042" lon="99.017079">
        <ele>308.283228</ele>
        <time>2025-12-28T20:09:09.546Z</time>
      </trkpt>
      <trkpt lat="18.802931" lon="99.016926">
        <ele>308.407690</ele>
        <time>2025-12-28T20:09:14.548Z</time>
      </trkpt>
      <trkpt lat="18.802663" lon="99.016538">
        <ele>308.717807</ele>
        <time>2025-12-28T20:09:24.795Z</time>
      </trkpt>
      <trkpt lat="18.802539" lon="99.016377">
        <ele>308.851819</ele>
        <time>2025-12-28T20:09:29.178Z</time>
      </trkpt>
      <trkpt lat="18.802269" lon="99.015998">
        <ele>309.158079</ele>
        <time>2025-12-28T20:09:40.983Z</time>
      </trkpt>
      <trkpt lat="18.802174" lon="99.015866">
        <ele>309.265142</ele>
        <time>2025-12-28T20:09:45.280Z</time>
      </trkpt>
      <trkpt lat="18.801760" lon="99.015285">
        <ele>309.453268</ele>
        <time>2025-12-28T20:10:01.930Z</time>
      </trkpt>
      <trkpt lat="18.801722" lon="99.015232">
        <ele>309.457693</ele>
        <time>2025-12-28T20:10:03.330Z</time>
      </trkpt>
      <trkpt lat="18.801385" lon="99.014759">
        <ele>309.497094</ele>
        <time>2025-12-28T20:10:16.858Z</time>
      </trkpt>
      <trkpt lat="18.801094" lon="99.014351">
        <ele>309.531094</ele>
        <time>2025-12-28T20:10:26.979Z</time>
      </trkpt>
      <trkpt lat="18.800588" lon="99.013625">
        <ele>309.108823</ele>
        <time>2025-12-28T20:10:43.775Z</time>
      </trkpt>
      <trkpt lat="18.800980" lon="99.013273">
        <ele>308.745908</ele>
        <time>2025-12-28T20:10:53.652Z</time>
      </trkpt>
      <trkpt lat="18.801129" lon="99.013140">
        <ele>308.608306</ele>
        <time>2025-12-28T20:10:57.460Z</time>
      </trkpt>
      <trkpt lat="18.801888" lon="99.012461">
        <ele>308.436530</ele>
        <time>2025-12-28T20:11:18.195Z</time>
      </trkpt>
      <trkpt lat="18.802182" lon="99.012187">
        <ele>308.553936</ele>
        <time>2025-12-28T20:11:27.860Z</time>
      </trkpt>
      <trkpt lat="18.802236" lon="99.012135">
        <ele>308.575817</ele>
        <time>2025-12-28T20:11:29.625Z</time>
      </trkpt>
      <trkpt lat="18.802176" lon="99.012001">
        <ele>308.617838</ele>
        <time>2025-12-28T20:11:33.094Z</time>
      </trkpt>
      <trkpt lat="18.802115" lon="99.011864">
        <ele>308.660756</ele>
        <time>2025-12-28T20:11:36.675Z</time>
      </trkpt>
      <trkpt lat="18.801803" lon="99.011266">
        <ele>308.909549</ele>
        <time>2025-12-28T20:11:52.524Z</time>
      </trkpt>
      <trkpt lat="18.801782" lon="99.011226">
        <ele>308.941838</ele>
        <time>2025-12-28T20:11:53.586Z</time>
      </trkpt>
      <trkpt lat="18.801433" lon="99.010540">
        <ele>309.491621</ele>
        <time>2025-12-28T20:12:12.424Z</time>
      </trkpt>
      <trkpt lat="18.801356" lon="99.010395">
        <ele>309.608989</ele>
        <time>2025-12-28T20:12:16.507Z</time>
      </trkpt>
      <trkpt lat="18.801300" lon="99.010290">
        <ele>309.694068</ele>
        <time>2025-12-28T20:12:19.381Z</time>
      </trkpt>
      <trkpt lat="18.801121" lon="99.009967">
        <ele>309.958288</ele>
        <time>2025-12-28T20:12:27.986Z</time>
      </trkpt>
      <trkpt lat="18.801015" lon="99.009776">
        <ele>310.114587</ele>
        <time>2025-12-28T20:12:33.347Z</time>
      </trkpt>
      <trkpt lat="18.800776" lon="99.009332">
        <ele>310.086868</ele>
        <time>2025-12-28T20:12:46.076Z</time>
      </trkpt>
      <trkpt lat="18.800427" lon="99.008642">
        <ele>309.961779</ele>
        <time>2025-12-28T20:13:03.277Z</time>
      </trkpt>
      <trkpt lat="18.800309" lon="99.008167">
        <ele>309.883257</ele>
        <time>2025-12-28T20:13:11.784Z</time>
      </trkpt>
      <trkpt lat="18.800218" lon="99.007516">
        <ele>309.843260</ele>
        <time>2025-12-28T20:13:23.436Z</time>
      </trkpt>
      <trkpt lat="18.800166" lon="99.006994">
        <ele>309.830671</ele>
        <time>2025-12-28T20:13:34.389Z</time>
      </trkpt>
      <trkpt lat="18.800131" lon="99.006629">
        <ele>309.821873</ele>
        <time>2025-12-28T20:13:42.566Z</time>
      </trkpt>
      <trkpt lat="18.800118" lon="99.006488">
        <ele>309.818475</ele>
        <time>2025-12-28T20:13:46.091Z</time>
      </trkpt>
      <trkpt lat="18.800108" lon="99.006386">
        <ele>309.816016</ele>
        <time>2025-12-28T20:13:48.736Z</time>
      </trkpt>
      <trkpt lat="18.800066" lon="99.005943">
        <ele>309.750278</ele>
        <time>2025-12-28T20:13:59.701Z</time>
      </trkpt>
      <trkpt lat="18.800039" lon="99.005543">
        <ele>309.603571</ele>
        <time>2025-12-28T20:14:09.490Z</time>
      </trkpt>
      <trkpt lat="18.800021" lon="99.005359">
        <ele>309.535898</ele>
        <time>2025-12-28T20:14:13.833Z</time>
      </trkpt>
      <trkpt lat="18.800010" lon="99.004881">
        <ele>309.360975</ele>
        <time>2025-12-28T20:14:22.572Z</time>
      </trkpt>
      <trkpt lat="18.800002" lon="99.004554">
        <ele>309.241305</ele>
        <time>2025-12-28T20:14:28.286Z</time>
      </trkpt>
      <trkpt lat="18.800138" lon="99.004107">
        <ele>309.048520</ele>
        <time>2025-12-28T20:14:36.326Z</time>
      </trkpt>
      <trkpt lat="18.800525" lon="99.002739">
        <ele>308.279855</ele>
        <time>2025-12-28T20:15:03.391Z</time>
      </trkpt>
      <trkpt lat="18.800613" lon="99.002421">
        <ele>308.101491</ele>
        <time>2025-12-28T20:15:10.786Z</time>
      </trkpt>
      <trkpt lat="18.800642" lon="99.002324">
        <ele>308.119077</ele>
        <time>2025-12-28T20:15:13.136Z</time>
      </trkpt>
      <trkpt lat="18.800760" lon="99.001945">
        <ele>308.253702</ele>
        <time>2025-12-28T20:15:22.336Z</time>
      </trkpt>
      <trkpt lat="18.800793" lon="99.001841">
        <ele>308.290713</ele>
        <time>2025-12-28T20:15:24.955Z</time>
      </trkpt>
      <trkpt lat="18.800895" lon="99.001446">
        <ele>308.428867</ele>
        <time>2025-12-28T20:15:34.772Z</time>
      </trkpt>
      <trkpt lat="18.801103" lon="99.000579">
        <ele>308.730666</ele>
        <time>2025-12-28T20:15:54.650Z</time>
      </trkpt>
      <trkpt lat="18.801134" lon="99.000307">
        <ele>308.755209</ele>
        <time>2025-12-28T20:16:00.279Z</time>
      </trkpt>
      <trkpt lat="18.801128" lon="98.999481">
        <ele>308.825474</ele>
        <time>2025-12-28T20:16:17.349Z</time>
      </trkpt>
      <trkpt lat="18.801098" lon="98.999252">
        <ele>308.845139</ele>
        <time>2025-12-28T20:16:22.159Z</time>
      </trkpt>
      <trkpt lat="18.801092" lon="98.999200">
        <ele>308.849595</ele>
        <time>2025-12-28T20:16:23.270Z</time>
      </trkpt>
      <trkpt lat="18.801085" lon="98.999165">
        <ele>308.852638</ele>
        <time>2025-12-28T20:16:23.993Z</time>
      </trkpt>
      <trkpt lat="18.801013" lon="98.998788">
        <ele>308.885353</ele>
        <time>2025-12-28T20:16:32.257Z</time>
      </trkpt>
      <trkpt lat="18.800829" lon="98.997923">
        <ele>309.034632</ele>
        <time>2025-12-28T20:16:53.353Z</time>
      </trkpt>
      <trkpt lat="18.800631" lon="98.997444">
        <ele>309.128238</ele>
        <time>2025-12-28T20:17:04.722Z</time>
      </trkpt>
      <trkpt lat="18.800226" lon="98.996636">
        <ele>309.067330</ele>
        <time>2025-12-28T20:17:23.232Z</time>
      </trkpt>
      <trkpt lat="18.800154" lon="98.996493">
        <ele>308.983512</ele>
        <time>2025-12-28T20:17:26.392Z</time>
      </trkpt>
      <trkpt lat="18.800098" lon="98.996382">
        <ele>308.918421</ele>
        <time>2025-12-28T20:17:28.775Z</time>
      </trkpt>
      <trkpt lat="18.799966" lon="98.996028">
        <ele>308.721526</ele>
        <time>2025-12-28T20:17:35.946Z</time>
      </trkpt>
      <trkpt lat="18.799898" lon="98.995781">
        <ele>308.588408</ele>
        <time>2025-12-28T20:17:40.729Z</time>
      </trkpt>
      <trkpt lat="18.799898" lon="98.995740">
        <ele>308.567191</ele>
        <time>2025-12-28T20:17:41.477Z</time>
      </trkpt>
      <trkpt lat="18.799904" lon="98.995383">
        <ele>308.382414</ele>
        <time>2025-12-28T20:17:48.096Z</time>
      </trkpt>
      <trkpt lat="18.799956" lon="98.995080">
        <ele>308.249130</ele>
        <time>2025-12-28T20:17:54.413Z</time>
      </trkpt>
      <trkpt lat="18.799978" lon="98.994952">
        <ele>308.244706</ele>
        <time>2025-12-28T20:17:57.017Z</time>
      </trkpt>
      <trkpt lat="18.799998" lon="98.994849">
        <ele>308.241129</ele>
        <time>2025-12-28T20:17:58.930Z</time>
      </trkpt>
      <trkpt lat="18.800045" lon="98.994598">
        <ele>308.232426</ele>
        <time>2025-12-28T20:18:03.663Z</time>
      </trkpt>
      <trkpt lat="18.800054" lon="98.994551">
        <ele>308.230795</ele>
        <time>2025-12-28T20:18:04.643Z</time>
      </trkpt>
      <trkpt lat="18.800133" lon="98.994103">
        <ele>308.215295</ele>
        <time>2025-12-28T20:18:14.530Z</time>
      </trkpt>
      <trkpt lat="18.800147" lon="98.993951">
        <ele>308.210100</ele>
        <time>2025-12-28T20:18:17.780Z</time>
      </trkpt>
      <trkpt lat="18.800150" lon="98.993849">
        <ele>308.206629</ele>
        <time>2025-12-28T20:18:19.901Z</time>
      </trkpt>
      <trkpt lat="18.800148" lon="98.993804">
        <ele>308.205097</ele>
        <time>2025-12-28T20:18:20.775Z</time>
      </trkpt>
      <trkpt lat="18.800141" lon="98.993689">
        <ele>308.201177</ele>
        <time>2025-12-28T20:18:23.112Z</time>
      </trkpt>
      <trkpt lat="18.800137" lon="98.993656">
        <ele>308.200045</ele>
        <time>2025-12-28T20:18:23.765Z</time>
      </trkpt>
      <trkpt lat="18.800064" lon="98.993309">
        <ele>308.187955</ele>
        <time>2025-12-28T20:18:31.741Z</time>
      </trkpt>
      <trkpt lat="18.800037" lon="98.993223">
        <ele>308.234247</ele>
        <time>2025-12-28T20:18:33.844Z</time>
      </trkpt>
      <trkpt lat="18.799979" lon="98.993054">
        <ele>308.434187</ele>
        <time>2025-12-28T20:18:38.110Z</time>
      </trkpt>
      <trkpt lat="18.799828" lon="98.992627">
        <ele>308.941170</ele>
        <time>2025-12-28T20:18:49.287Z</time>
      </trkpt>
      <trkpt lat="18.799553" lon="98.991869">
        <ele>309.844045</ele>
        <time>2025-12-28T20:19:10.984Z</time>
      </trkpt>
      <trkpt lat="18.799521" lon="98.991649">
        <ele>310.091610</ele>
        <time>2025-12-28T20:19:16.837Z</time>
      </trkpt>
      <trkpt lat="18.799493" lon="98.991452">
        <ele>310.311343</ele>
        <time>2025-12-28T20:19:22.364Z</time>
      </trkpt>
      <trkpt lat="18.799471" lon="98.990920">
        <ele>310.823501</ele>
        <time>2025-12-28T20:19:36.998Z</time>
      </trkpt>
      <trkpt lat="18.799464" lon="98.990759">
        <ele>310.978511</ele>
        <time>2025-12-28T20:19:40.752Z</time>
      </trkpt>
      <trkpt lat="18.799446" lon="98.990350">
        <ele>311.372307</ele>
        <time>2025-12-28T20:19:50.163Z</time>
      </trkpt>
      <trkpt lat="18.799411" lon="98.990134">
        <ele>311.583074</ele>
        <time>2025-12-28T20:19:55.525Z</time>
      </trkpt>
      <trkpt lat="18.799312" lon="98.990035">
        <ele>311.721577</ele>
        <time>2025-12-28T20:19:59.082Z</time>
      </trkpt>
      <trkpt lat="18.799277" lon="98.990016">
        <ele>311.761557</ele>
        <time>2025-12-28T20:20:00.120Z</time>
      </trkpt>
      <trkpt lat="18.799256" lon="98.989993">
        <ele>311.792291</ele>
        <time>2025-12-28T20:20:00.912Z</time>
      </trkpt>
      <trkpt lat="18.799234" lon="98.989927">
        <ele>311.859589</ele>
        <time>2025-12-28T20:20:02.642Z</time>
      </trkpt>
      <trkpt lat="18.799256" lon="98.989853">
        <ele>311.934188</ele>
        <time>2025-12-28T20:20:04.600Z</time>
      </trkpt>
      <trkpt lat="18.799319" lon="98.989809">
        <ele>312.010920</ele>
        <time>2025-12-28T20:20:06.579Z</time>
      </trkpt>
      <trkpt lat="18.799375" lon="98.989690">
        <ele>312.131538</ele>
        <time>2025-12-28T20:20:09.891Z</time>
      </trkpt>
      <trkpt lat="18.799398" lon="98.989633">
        <ele>312.154566</ele>
        <time>2025-12-28T20:20:11.499Z</time>
      </trkpt>
      <trkpt lat="18.799400" lon="98.989339">
        <ele>312.263834</ele>
        <time>2025-12-28T20:20:18.520Z</time>
      </trkpt>
      <trkpt lat="18.799401" lon="98.988990">
        <ele>312.393540</ele>
        <time>2025-12-28T20:20:26.323Z</time>
      </trkpt>
      <trkpt lat="18.799344" lon="98.988736">
        <ele>312.490555</ele>
        <time>2025-12-28T20:20:31.497Z</time>
      </trkpt>
      <trkpt lat="18.799203" lon="98.988541">
        <ele>312.581750</ele>
        <time>2025-12-28T20:20:37.170Z</time>
      </trkpt>
      <trkpt lat="18.799068" lon="98.988383">
        <ele>312.660852</ele>
        <time>2025-12-28T20:20:42.220Z</time>
      </trkpt>
      <trkpt lat="18.798947" lon="98.988242">
        <ele>312.731581</ele>
        <time>2025-12-28T20:20:46.619Z</time>
      </trkpt>
      <trkpt lat="18.798721" lon="98.987836">
        <ele>312.915087</ele>
        <time>2025-12-28T20:20:56.787Z</time>
      </trkpt>
      <trkpt lat="18.798591" lon="98.987588">
        <ele>313.032577</ele>
        <time>2025-12-28T20:21:02.523Z</time>
      </trkpt>
      <trkpt lat="18.798556" lon="98.987426">
        <ele>313.101444</ele>
        <time>2025-12-28T20:21:05.847Z</time>
      </trkpt>
      <trkpt lat="18.798557" lon="98.987289">
        <ele>313.158226</ele>
        <time>2025-12-28T20:21:08.637Z</time>
      </trkpt>
      <trkpt lat="18.798533" lon="98.987039">
        <ele>313.262370</ele>
        <time>2025-12-28T20:21:13.946Z</time>
      </trkpt>
      <trkpt lat="18.798528" lon="98.986987">
        <ele>313.284032</ele>
        <time>2025-12-28T20:21:15.117Z</time>
      </trkpt>
      <trkpt lat="18.798520" lon="98.986860">
        <ele>313.336784</ele>
        <time>2025-12-28T20:21:18.066Z</time>
      </trkpt>
      <trkpt lat="18.798490" lon="98.986224">
        <ele>313.600702</ele>
        <time>2025-12-28T20:21:34.522Z</time>
      </trkpt>
      <trkpt lat="18.798595" lon="98.986212">
        <ele>313.666023</ele>
        <time>2025-12-28T20:21:37.459Z</time>
      </trkpt>
      <trkpt lat="18.798742" lon="98.986195">
        <ele>313.777663</ele>
        <time>2025-12-28T20:21:41.420Z</time>
      </trkpt>
      <trkpt lat="18.799369" lon="98.986098">
        <ele>314.256064</ele>
        <time>2025-12-28T20:21:56.507Z</time>
      </trkpt>
      <trkpt lat="18.799516" lon="98.986075">
        <ele>314.368252</ele>
        <time>2025-12-28T20:22:00.036Z</time>
      </trkpt>
      <trkpt lat="18.799719" lon="98.986053">
        <ele>314.522311</ele>
        <time>2025-12-28T20:22:05.083Z</time>
      </trkpt>
      <trkpt lat="18.800314" lon="98.986004">
        <ele>314.972867</ele>
        <time>2025-12-28T20:22:20.853Z</time>
      </trkpt>
      <trkpt lat="18.800326" lon="98.985397">
        <ele>315.297373</ele>
        <time>2025-12-28T20:22:34.857Z</time>
      </trkpt>
      <trkpt lat="18.800448" lon="98.984886">
        <ele>315.577805</ele>
        <time>2025-12-28T20:22:47.128Z</time>
      </trkpt>
      <trkpt lat="18.800617" lon="98.984587">
        <ele>315.763114</ele>
        <time>2025-12-28T20:22:56.170Z</time>
      </trkpt>
      <trkpt lat="18.800736" lon="98.984256">
        <ele>315.951523</ele>
        <time>2025-12-28T20:23:04.064Z</time>
      </trkpt>
      <trkpt lat="18.800764" lon="98.983925">
        <ele>315.920192</ele>
        <time>2025-12-28T20:23:10.909Z</time>
      </trkpt>
      <trkpt lat="18.800754" lon="98.983638">
        <ele>315.843866</ele>
        <time>2025-12-28T20:23:16.625Z</time>
      </trkpt>
      <trkpt lat="18.800826" lon="98.983405">
        <ele>315.778728</ele>
        <time>2025-12-28T20:23:21.124Z</time>
      </trkpt>
      <trkpt lat="18.800971" lon="98.983120">
        <ele>315.692739</ele>
        <time>2025-12-28T20:23:27.062Z</time>
      </trkpt>
      <trkpt lat="18.801041" lon="98.982864">
        <ele>315.621922</ele>
        <time>2025-12-28T20:23:32.062Z</time>
      </trkpt>
      <trkpt lat="18.801108" lon="98.982660">
        <ele>315.564536</ele>
        <time>2025-12-28T20:23:36.219Z</time>
      </trkpt>
      <trkpt lat="18.801124" lon="98.982590">
        <ele>315.545398</ele>
        <time>2025-12-28T20:23:37.720Z</time>
      </trkpt>
      <trkpt lat="18.801202" lon="98.982345">
        <ele>315.498902</ele>
        <time>2025-12-28T20:23:43.446Z</time>
      </trkpt>
      <trkpt lat="18.801391" lon="98.981730">
        <ele>315.811772</ele>
        <time>2025-12-28T20:23:58.923Z</time>
      </trkpt>
      <trkpt lat="18.801411" lon="98.981664">
        <ele>315.845304</ele>
        <time>2025-12-28T20:24:00.458Z</time>
      </trkpt>
      <trkpt lat="18.801533" lon="98.981274">
        <ele>316.044051</ele>
        <time>2025-12-28T20:24:10.001Z</time>
      </trkpt>
      <trkpt lat="18.801598" lon="98.981071">
        <ele>316.147745</ele>
        <time>2025-12-28T20:24:15.221Z</time>
      </trkpt>
      <trkpt lat="18.801663" lon="98.980868">
        <ele>316.251438</ele>
        <time>2025-12-28T20:24:20.485Z</time>
      </trkpt>
      <trkpt lat="18.802131" lon="98.979676">
        <ele>316.833275</ele>
        <time>2025-12-28T20:24:48.996Z</time>
      </trkpt>
      <trkpt lat="18.802145" lon="98.979640">
        <ele>316.850408</ele>
        <time>2025-12-28T20:24:49.849Z</time>
      </trkpt>
      <trkpt lat="18.802222" lon="98.979441">
        <ele>316.945046</ele>
        <time>2025-12-28T20:24:54.672Z</time>
      </trkpt>
      <trkpt lat="18.802233" lon="98.979424">
        <ele>316.954111</ele>
        <time>2025-12-28T20:24:55.155Z</time>
      </trkpt>
      <trkpt lat="18.802344" lon="98.979253">
        <ele>317.045385</ele>
        <time>2025-12-28T20:24:59.963Z</time>
      </trkpt>
      <trkpt lat="18.802373" lon="98.979207">
        <ele>317.069715</ele>
        <time>2025-12-28T20:25:01.245Z</time>
      </trkpt>
      <trkpt lat="18.802577" lon="98.978938">
        <ele>317.221445</ele>
        <time>2025-12-28T20:25:09.482Z</time>
      </trkpt>
      <trkpt lat="18.802596" lon="98.978912">
        <ele>317.235905</ele>
        <time>2025-12-28T20:25:10.325Z</time>
      </trkpt>
      <trkpt lat="18.802858" lon="98.978357">
        <ele>317.481443</ele>
        <time>2025-12-28T20:25:25.107Z</time>
      </trkpt>
      <trkpt lat="18.803016" lon="98.978376">
        <ele>317.547827</ele>
        <time>2025-12-28T20:25:29.164Z</time>
      </trkpt>
      <trkpt lat="18.804043" lon="98.978504">
        <ele>317.979526</ele>
        <time>2025-12-28T20:25:53.606Z</time>
      </trkpt>
      <trkpt lat="18.804574" lon="98.978571">
        <ele>317.991218</ele>
        <time>2025-12-28T20:26:04.950Z</time>
      </trkpt>
      <trkpt lat="18.804966" lon="98.978615">
        <ele>317.991218</ele>
        <time>2025-12-28T20:26:13.295Z</time>
      </trkpt>
      <trkpt lat="18.805096" lon="98.978495">
        <ele>317.991218</ele>
        <time>2025-12-28T20:26:16.920Z</time>
      </trkpt>
      <trkpt lat="18.805122" lon="98.978400">
        <ele>317.991218</ele>
        <time>2025-12-28T20:26:18.906Z</time>
      </trkpt>
      <trkpt lat="18.805183" lon="98.977870">
        <ele>317.991218</ele>
        <time>2025-12-28T20:26:29.929Z</time>
      </trkpt>
    </trkseg>
  </trk>
</gpx>